scenario,cov_pert,covariate,perturbation,celltype,treatment,n_train_covs,avg_delta_sign_match,clipped_delta_sign_match,mean_pair_sign_match,mean_pair_corr,TranScouter_DMR,DeltaAverage_DMR,delta_advantage,delta_better
Jiang24 Seen Perturbation,a549+IFNB_BATF2,a549+IFNB,BATF2,A549,IFNB,10,1.0,1.0,0.7,,0.0,0.0,0.0,False
Jiang24 Seen Perturbation,a549+IFNB_CEBPB,a549+IFNB,CEBPB,A549,IFNB,15,1.0,1.0,0.7066666666666667,0.07408131015740659,0.0,0.0,0.0,False
Jiang24 Seen Perturbation,a549+IFNB_DRAP1,a549+IFNB,DRAP1,A549,IFNB,4,0.75,0.75,0.5625,0.07849919856527507,0.25,0.25,0.0,False
Jiang24 Seen Perturbation,a549+IFNB_ETS2,a549+IFNB,ETS2,A549,IFNB,4,0.8571428571428571,0.8571428571428571,0.5357142857142857,0.16934265356526226,0.42857142857142855,0.14285714285714285,0.2857142857142857,True
Jiang24 Seen Perturbation,a549+IFNB_HERC5,a549+IFNB,HERC5,A549,IFNB,4,1.0,1.0,0.8125,0.7891850917688648,0.25,0.0,0.25,True
Jiang24 Seen Perturbation,a549+IFNB_HERC6,a549+IFNB,HERC6,A549,IFNB,4,0.6666666666666666,0.6666666666666666,0.6666666666666666,0.9815288360049493,0.0,0.3333333333333333,-0.3333333333333333,False
Jiang24 Seen Perturbation,a549+IFNB_HES4,a549+IFNB,HES4,A549,IFNB,4,1.0,1.0,0.75,,0.0,0.0,0.0,False
Jiang24 Seen Perturbation,a549+IFNB_ID1,a549+IFNB,ID1,A549,IFNB,4,0.92,0.92,0.78,0.20870032135371874,0.08,0.08,0.0,False
Jiang24 Seen Perturbation,a549+IFNB_IFI16,a549+IFNB,IFI16,A549,IFNB,10,1.0,1.0,0.908,0.5211926072342902,0.0,0.0,0.0,False
Jiang24 Seen Perturbation,a549+IFNB_IFNAR1,a549+IFNB,IFNAR1,A549,IFNB,4,0.85,0.85,0.6375,0.10049844391356046,0.05,0.15,-0.09999999999999999,False
Jiang24 Seen Perturbation,a549+IFNB_IFNAR2,a549+IFNB,IFNAR2,A549,IFNB,4,0.68,0.68,0.77,0.39388587721776547,0.0,0.32,-0.32,False
Jiang24 Seen Perturbation,a549+IFNB_IRF1,a549+IFNB,IRF1,A549,IFNB,15,1.0,1.0,0.6666666666666666,,1.0,0.0,1.0,True
Jiang24 Seen Perturbation,a549+IFNB_IRF3,a549+IFNB,IRF3,A549,IFNB,4,0.88,0.88,0.72,0.006139794790362141,0.2,0.12,0.08000000000000002,True
Jiang24 Seen Perturbation,a549+IFNB_IRF9,a549+IFNB,IRF9,A549,IFNB,10,1.0,1.0,0.788,0.12336802815473243,0.0,0.0,0.0,False
Jiang24 Seen Perturbation,a549+IFNB_JAK1,a549+IFNB,JAK1,A549,IFNB,10,0.8888888888888888,0.8888888888888888,0.6555555555555556,0.17087548412719072,0.1111111111111111,0.1111111111111111,0.0,False
Jiang24 Seen Perturbation,a549+IFNB_JUN,a549+IFNB,JUN,A549,IFNB,21,1.0,1.0,0.4603174603174603,0.33017950797287554,0.0,0.0,0.0,False
Jiang24 Seen Perturbation,a549+IFNB_MAP3K14,a549+IFNB,MAP3K14,A549,IFNB,9,0.6923076923076923,0.6923076923076923,0.6153846153846154,0.07271315895167393,0.07692307692307693,0.3076923076923077,-0.23076923076923078,False
Jiang24 Seen Perturbation,a549+IFNB_MAPK14,a549+IFNB,MAPK14,A549,IFNB,15,1.0,1.0,0.6666666666666666,-0.07440944155823957,0.0,0.0,0.0,False
Jiang24 Seen Perturbation,a549+IFNB_MEF2A,a549+IFNB,MEF2A,A549,IFNB,4,1.0,1.0,1.0,,0.0,0.0,0.0,False
Jiang24 Seen Perturbation,a549+IFNB_MYC,a549+IFNB,MYC,A549,IFNB,21,1.0,1.0,0.8095238095238095,,0.0,0.0,0.0,False
Jiang24 Seen Perturbation,a549+IFNB_NFE2L3,a549+IFNB,NFE2L3,A549,IFNB,4,0.6666666666666666,0.6666666666666666,0.6666666666666666,-0.6496542249514745,0.0,0.3333333333333333,-0.3333333333333333,False
Jiang24 Seen Perturbation,a549+IFNB_NFKB1,a549+IFNB,NFKB1,A549,IFNB,21,1.0,1.0,0.76,0.17927619839162856,0.12,0.0,0.12,True
Jiang24 Seen Perturbation,a549+IFNB_PARP12,a549+IFNB,PARP12,A549,IFNB,10,1.0,1.0,1.0,,0.0,0.0,0.0,False
Jiang24 Seen Perturbation,a549+IFNB_POU2F1,a549+IFNB,POU2F1,A549,IFNB,4,0.88,0.88,0.8200000000000001,0.07590984219988078,0.0,0.12,-0.12,False
Jiang24 Seen Perturbation,a549+IFNB_RAPGEF1,a549+IFNB,RAPGEF1,A549,IFNB,4,0.92,0.92,0.75,0.0656051689154666,0.16,0.08,0.08,True
Jiang24 Seen Perturbation,a549+IFNB_SMARCA5,a549+IFNB,SMARCA5,A549,IFNB,4,0.8125,0.8125,0.71875,0.19690106486516218,0.125,0.1875,-0.0625,False
Jiang24 Seen Perturbation,a549+IFNB_SP100,a549+IFNB,SP100,A549,IFNB,10,1.0,1.0,1.0,,0.0,0.0,0.0,False
Jiang24 Seen Perturbation,a549+IFNB_SP110,a549+IFNB,SP110,A549,IFNB,10,1.0,1.0,0.772,0.1891480100951369,0.12,0.0,0.12,True
Jiang24 Seen Perturbation,a549+IFNB_STAT2,a549+IFNB,STAT2,A549,IFNB,10,0.96,0.96,0.8640000000000001,0.2784260568766192,0.0,0.04,-0.04,False
Jiang24 Seen Perturbation,a549+IFNB_STAT3,a549+IFNB,STAT3,A549,IFNB,10,0.9090909090909091,0.9090909090909091,0.5454545454545454,0.11132115454258788,0.18181818181818182,0.09090909090909091,0.09090909090909091,True
Jiang24 Seen Perturbation,a549+IFNB_STAT6,a549+IFNB,STAT6,A549,IFNB,4,0.6153846153846154,0.6153846153846154,0.5384615384615384,-0.11513204041962259,0.15384615384615385,0.38461538461538464,-0.23076923076923078,False
Jiang24 Seen Perturbation,a549+IFNB_TRIM21,a549+IFNB,TRIM21,A549,IFNB,4,0.92,0.92,0.84,-0.0666411965211473,0.12,0.08,0.039999999999999994,True
Jiang24 Seen Perturbation,a549+IFNB_TRIM22,a549+IFNB,TRIM22,A549,IFNB,4,0.8888888888888888,0.8888888888888888,0.6944444444444444,0.9763442099526898,0.0,0.1111111111111111,-0.1111111111111111,False
Jiang24 Seen Perturbation,a549+IFNB_TYK2,a549+IFNB,TYK2,A549,IFNB,4,0.76,0.76,0.73,0.34384069851960675,0.0,0.24,-0.24,False
Jiang24 Seen Perturbation,a549+IFNB_USP18,a549+IFNB,USP18,A549,IFNB,4,0.84,0.84,0.7100000000000001,0.4606105513286125,0.4,0.16,0.24000000000000002,True
Jiang24 Seen Perturbation,a549+IFNB_ZBP1,a549+IFNB,ZBP1,A549,IFNB,4,1.0,1.0,0.6875,0.06662542000755137,0.25,0.0,0.25,True
Jiang24 Seen Perturbation,a549+IFNB_ZNFX1,a549+IFNB,ZNFX1,A549,IFNB,10,1.0,1.0,0.875,0.9880855235038671,0.0,0.0,0.0,False
Jiang24 Seen Perturbation,a549+IFNG_CEBPB,a549+IFNG,CEBPB,A549,IFNG,16,1.0,1.0,0.775,0.1296929561593018,0.16,0.0,0.16,True
Jiang24 Seen Perturbation,a549+IFNG_CLK1,a549+IFNG,CLK1,A549,IFNG,4,1.0,1.0,0.9099999999999999,0.06731106146205079,0.16,0.0,0.16,True
Jiang24 Seen Perturbation,a549+IFNG_CUL1,a549+IFNG,CUL1,A549,IFNG,9,0.5714285714285714,0.5714285714285714,0.5,0.07093603754111168,0.35714285714285715,0.42857142857142855,-0.0714285714285714,False
Jiang24 Seen Perturbation,a549+IFNG_ETV7,a549+IFNG,ETV7,A549,IFNG,4,1.0,1.0,1.0,,0.0,0.0,0.0,False
Jiang24 Seen Perturbation,a549+IFNG_HLA-DQB1,a549+IFNG,HLA-DQB1,A549,IFNG,4,1.0,1.0,0.7999999999999999,0.0046113784631970495,0.0,0.0,0.0,False
Jiang24 Seen Perturbation,a549+IFNG_HLX,a549+IFNG,HLX,A549,IFNG,4,1.0,1.0,0.8400000000000001,0.04386270546061015,0.12,0.0,0.12,True
Jiang24 Seen Perturbation,a549+IFNG_IFI16,a549+IFNG,IFI16,A549,IFNG,10,1.0,1.0,0.9119999999999999,0.17701549015289678,0.12,0.0,0.12,True
Jiang24 Seen Perturbation,a549+IFNG_IFNGR1,a549+IFNG,IFNGR1,A549,IFNG,4,0.88,0.88,0.8300000000000001,0.6314068108548444,0.0,0.12,-0.12,False
Jiang24 Seen Perturbation,a549+IFNG_IFNGR2,a549+IFNG,IFNGR2,A549,IFNG,4,0.92,0.92,0.8,0.7753856033193538,0.04,0.08,-0.04,False
Jiang24 Seen Perturbation,a549+IFNG_IRF2,a549+IFNG,IRF2,A549,IFNG,4,0.96,0.96,0.8200000000000001,0.153641051689003,0.16,0.04,0.12,True
Jiang24 Seen Perturbation,a549+IFNG_IRF7,a549+IFNG,IRF7,A549,IFNG,15,1.0,1.0,0.8,,0.0,0.0,0.0,False
Jiang24 Seen Perturbation,a549+IFNG_IRF9,a549+IFNG,IRF9,A549,IFNG,10,1.0,1.0,0.772,0.17848214438787913,0.16,0.0,0.16,True
Jiang24 Seen Perturbation,a549+IFNG_JAK1,a549+IFNG,JAK1,A549,IFNG,10,0.6666666666666666,0.6666666666666666,0.5166666666666666,0.07613911229526488,0.0,0.3333333333333333,-0.3333333333333333,False
Jiang24 Seen Perturbation,a549+IFNG_JAK2,a549+IFNG,JAK2,A549,IFNG,4,0.8333333333333334,0.8333333333333334,0.6979166666666667,0.5983054311269435,0.08333333333333333,0.16666666666666666,-0.08333333333333333,False
Jiang24 Seen Perturbation,a549+IFNG_JUN,a549+IFNG,JUN,A549,IFNG,21,1.0,1.0,0.8095238095238095,,1.0,0.0,1.0,True
Jiang24 Seen Perturbation,a549+IFNG_KIN,a549+IFNG,KIN,A549,IFNG,4,0.96,0.96,0.8,0.02556656388727,0.2,0.04,0.16,True
Jiang24 Seen Perturbation,a549+IFNG_MCRS1,a549+IFNG,MCRS1,A549,IFNG,4,0.96,0.96,0.8699999999999999,0.2958166519802592,0.16,0.04,0.12,True
Jiang24 Seen Perturbation,a549+IFNG_NFKB1,a549+IFNG,NFKB1,A549,IFNG,21,1.0,1.0,0.5238095238095238,,0.0,0.0,0.0,False
Jiang24 Seen Perturbation,a549+IFNG_PPARG,a549+IFNG,PPARG,A549,IFNG,4,1.0,1.0,0.8399999999999999,0.15685925069005652,0.08,0.0,0.08,True
Jiang24 Seen Perturbation,a549+IFNG_PRDM1,a549+IFNG,PRDM1,A549,IFNG,4,1.0,1.0,1.0,,0.0,0.0,0.0,False
Jiang24 Seen Perturbation,a549+IFNG_PTGES3,a549+IFNG,PTGES3,A549,IFNG,4,1.0,1.0,0.8599999999999999,-0.07849085108656234,0.16,0.0,0.16,True
Jiang24 Seen Perturbation,a549+IFNG_RARRES3,a549+IFNG,RARRES3,A549,IFNG,4,0.92,0.92,0.77,0.08379042116288343,0.24,0.08,0.15999999999999998,True
Jiang24 Seen Perturbation,a549+IFNG_RFX5,a549+IFNG,RFX5,A549,IFNG,4,0.8823529411764706,0.8823529411764706,0.7352941176470588,0.42275744354998845,0.4117647058823529,0.11764705882352941,0.2941176470588235,True
Jiang24 Seen Perturbation,a549+IFNG_SOX2,a549+IFNG,SOX2,A549,IFNG,4,1.0,1.0,0.9299999999999999,0.26587253035392483,0.12,0.0,0.12,True
Jiang24 Seen Perturbation,a549+IFNG_SP100,a549+IFNG,SP100,A549,IFNG,10,1.0,1.0,1.0,,0.0,0.0,0.0,False
Jiang24 Seen Perturbation,a549+IFNG_SP110,a549+IFNG,SP110,A549,IFNG,10,1.0,1.0,0.764,0.041276473447463866,0.2,0.0,0.2,True
Jiang24 Seen Perturbation,a549+IFNG_STAT1,a549+IFNG,STAT1,A549,IFNG,10,0.7692307692307693,0.7692307692307693,0.6153846153846153,0.07780396243156731,0.0,0.23076923076923078,-0.23076923076923078,False
Jiang24 Seen Perturbation,a549+IFNG_STAT2,a549+IFNG,STAT2,A549,IFNG,10,1.0,1.0,0.8320000000000001,0.6989769912211781,0.12,0.0,0.12,True
Jiang24 Seen Perturbation,a549+IFNG_TAPBPL,a549+IFNG,TAPBPL,A549,IFNG,4,0.96,0.96,0.8799999999999999,0.017820561133638713,0.2,0.04,0.16,True
Jiang24 Seen Perturbation,a549+IFNG_ZC3H3,a549+IFNG,ZC3H3,A549,IFNG,4,1.0,1.0,1.0,,0.0,0.0,0.0,False
Jiang24 Seen Perturbation,a549+IFNG_ZFP36,a549+IFNG,ZFP36,A549,IFNG,4,1.0,1.0,0.9166666666666666,-0.17223473527949204,0.3333333333333333,0.0,0.3333333333333333,True
Jiang24 Seen Perturbation,a549+IFNG_ZNF267,a549+IFNG,ZNF267,A549,IFNG,10,1.0,1.0,0.75,0.25611885386212946,0.0,0.0,0.0,False
Jiang24 Seen Perturbation,a549+IFNG_ZNFX1,a549+IFNG,ZNFX1,A549,IFNG,10,1.0,1.0,0.95,1.0,0.5,0.0,0.5,True
Jiang24 Seen Perturbation,a549+INS_CHUK,a549+INS,CHUK,A549,INS,15,1.0,1.0,0.7222222222222222,0.09454552754206773,0.16666666666666666,0.0,0.16666666666666666,True
Jiang24 Seen Perturbation,a549+INS_COPS4,a549+INS,COPS4,A549,INS,4,0.84,0.84,0.6900000000000001,0.21600819415960293,0.28,0.16,0.12000000000000002,True
Jiang24 Seen Perturbation,a549+INS_DR1,a549+INS,DR1,A549,INS,4,0.92,0.92,0.6799999999999999,-0.013535725494932413,0.16,0.08,0.08,True
Jiang24 Seen Perturbation,a549+INS_FOXM1,a549+INS,FOXM1,A549,INS,4,1.0,1.0,0.875,0.5,0.5,0.0,0.5,True
Jiang24 Seen Perturbation,a549+INS_FOXO4,a549+INS,FOXO4,A549,INS,4,0.96,0.96,0.7400000000000001,-0.012527011029202707,0.2,0.04,0.16,True
Jiang24 Seen Perturbation,a549+INS_GRB2,a549+INS,GRB2,A549,INS,4,1.0,1.0,1.0,,0.0,0.0,0.0,False
Jiang24 Seen Perturbation,a549+INS_IKBKB,a549+INS,IKBKB,A549,INS,15,0.96,0.96,0.776,0.0062339838604025775,0.2,0.04,0.16,True
Jiang24 Seen Perturbation,a549+INS_MAPK1,a549+INS,MAPK1,A549,INS,9,1.0,1.0,0.7901234567901234,-0.08036621069026884,0.1111111111111111,0.0,0.1111111111111111,True
Jiang24 Seen Perturbation,a549+INS_MTOR,a549+INS,MTOR,A549,INS,10,1.0,1.0,0.85,-0.6,0.0,0.0,0.0,False
Jiang24 Seen Perturbation,a549+INS_PIK3CA,a549+INS,PIK3CA,A549,INS,21,1.0,1.0,0.6825396825396824,0.019430930491781337,0.0,0.0,0.0,False
Jiang24 Seen Perturbation,a549+INS_POLR2L,a549+INS,POLR2L,A549,INS,4,1.0,1.0,0.8200000000000001,-0.005836268338152199,0.0,0.0,0.0,False
Jiang24 Seen Perturbation,a549+INS_RAD51,a549+INS,RAD51,A549,INS,4,1.0,1.0,0.87,0.24912420723344053,0.16,0.0,0.16,True
Jiang24 Seen Perturbation,a549+INS_SHC1,a549+INS,SHC1,A549,INS,4,0.88,0.88,0.7100000000000001,0.1883119329799831,0.4,0.12,0.28,True
Jiang24 Seen Perturbation,a549+INS_SMARCE1,a549+INS,SMARCE1,A549,INS,4,1.0,1.0,0.89,-0.07626794211902839,0.2,0.0,0.2,True
Jiang24 Seen Perturbation,a549+INS_SP1,a549+INS,SP1,A549,INS,9,1.0,1.0,0.8888888888888888,,0.0,0.0,0.0,False
Jiang24 Seen Perturbation,a549+INS_SRF,a549+INS,SRF,A549,INS,4,0.72,0.76,0.55,0.12280808367375956,0.2,0.24,-0.03999999999999998,False
Jiang24 Seen Perturbation,a549+INS_TAF3,a549+INS,TAF3,A549,INS,4,1.0,1.0,0.625,-0.5,0.0,0.0,0.0,False
Jiang24 Seen Perturbation,a549+INS_TAF8,a549+INS,TAF8,A549,INS,4,0.84,0.84,0.7700000000000001,-0.059820668003243316,0.32,0.16,0.16,True
Jiang24 Seen Perturbation,a549+INS_TSC1,a549+INS,TSC1,A549,INS,4,0.64,0.64,0.6,0.05691117764680165,0.28,0.36,-0.07999999999999996,False
Jiang24 Seen Perturbation,a549+INS_TTF1,a549+INS,TTF1,A549,INS,4,1.0,1.0,0.8928571428571429,0.0657974087979058,0.2857142857142857,0.0,0.2857142857142857,True
Jiang24 Seen Perturbation,a549+INS_TTF2,a549+INS,TTF2,A549,INS,4,1.0,1.0,0.8,-0.13260386195493612,0.12,0.0,0.12,True
Jiang24 Seen Perturbation,a549+INS_XBP1,a549+INS,XBP1,A549,INS,4,0.88,0.88,0.8300000000000001,-0.14422360769690115,0.16,0.12,0.04000000000000001,True
Jiang24 Seen Perturbation,a549+TGFB_ATF2,a549+TGFB,ATF2,A549,TGFB,5,1.0,1.0,0.76,0.11171506125488295,0.0,0.0,0.0,False
Jiang24 Seen Perturbation,a549+TGFB_CUL1,a549+TGFB,CUL1,A549,TGFB,11,1.0,1.0,0.8181818181818182,0.00763471037796916,0.16,0.0,0.16,True
Jiang24 Seen Perturbation,a549+TGFB_EP300,a549+TGFB,EP300,A549,TGFB,5,0.84,0.84,0.72,-0.009212129463878924,0.24,0.16,0.07999999999999999,True
Jiang24 Seen Perturbation,a549+TGFB_FOS,a549+TGFB,FOS,A549,TGFB,21,1.0,1.0,0.9523809523809523,,0.0,0.0,0.0,False
Jiang24 Seen Perturbation,a549+TGFB_FOXP2,a549+TGFB,FOXP2,A549,TGFB,5,1.0,1.0,1.0,,0.0,0.0,0.0,False
Jiang24 Seen Perturbation,a549+TGFB_IKBKB,a549+TGFB,IKBKB,A549,TGFB,15,0.96,0.96,0.7760000000000001,0.01709194428674328,0.16,0.04,0.12,True
Jiang24 Seen Perturbation,a549+TGFB_JUN,a549+TGFB,JUN,A549,TGFB,22,1.0,1.0,0.6704545454545454,0.10580231945702918,0.75,0.0,0.75,True
Jiang24 Seen Perturbation,a549+TGFB_KRAS,a549+TGFB,KRAS,A549,TGFB,5,0.6,0.6,0.58,0.16034437863445408,0.2,0.4,-0.2,False
Jiang24 Seen Perturbation,a549+TGFB_MAPK1,a549+TGFB,MAPK1,A549,TGFB,10,0.96,0.96,0.704,0.6148939701060386,0.32,0.04,0.28,True
Jiang24 Seen Perturbation,a549+TGFB_MAPK14,a549+TGFB,MAPK14,A549,TGFB,16,1.0,1.0,0.9375,,0.0,0.0,0.0,False
Jiang24 Seen Perturbation,a549+TGFB_MED15,a549+TGFB,MED15,A549,TGFB,5,0.3076923076923077,0.3076923076923077,0.3692307692307692,0.5614874954826471,0.6153846153846154,0.6923076923076923,-0.07692307692307687,False
Jiang24 Seen Perturbation,a549+TGFB_MYC,a549+TGFB,MYC,A549,TGFB,22,1.0,1.0,0.7272727272727273,,1.0,0.0,1.0,True
Jiang24 Seen Perturbation,a549+TGFB_NFKB1,a549+TGFB,NFKB1,A549,TGFB,22,1.0,1.0,0.7363636363636364,0.19836584037371363,0.6,0.0,0.6,True
Jiang24 Seen Perturbation,a549+TGFB_NRAS,a549+TGFB,NRAS,A549,TGFB,5,0.92,0.92,0.808,0.0818156859405846,0.12,0.08,0.039999999999999994,True
Jiang24 Seen Perturbation,a549+TGFB_PIK3CA,a549+TGFB,PIK3CA,A549,TGFB,21,1.0,1.0,0.6666666666666666,,1.0,0.0,1.0,True
Jiang24 Seen Perturbation,a549+TGFB_RAF1,a549+TGFB,RAF1,A549,TGFB,5,0.9333333333333333,0.9333333333333333,0.72,-0.2655526084242501,0.3333333333333333,0.06666666666666667,0.26666666666666666,True
Jiang24 Seen Perturbation,a549+TGFB_RBL1,a549+TGFB,RBL1,A549,TGFB,5,0.96,0.96,0.744,0.6083882320258758,0.32,0.04,0.28,True
Jiang24 Seen Perturbation,a549+TGFB_RELA,a549+TGFB,RELA,A549,TGFB,5,1.0,1.0,0.6666666666666667,-0.012853574108271171,0.3333333333333333,0.0,0.3333333333333333,True
Jiang24 Seen Perturbation,a549+TGFB_RHOA,a549+TGFB,RHOA,A549,TGFB,5,0.88,0.88,0.7360000000000001,0.680677557437773,0.12,0.12,0.0,False
Jiang24 Seen Perturbation,a549+TGFB_SMAD4,a549+TGFB,SMAD4,A549,TGFB,5,0.48,0.48,0.4959999999999999,0.12555954705901518,0.08,0.52,-0.44,False
Jiang24 Seen Perturbation,a549+TGFB_SMAD5,a549+TGFB,SMAD5,A549,TGFB,5,0.88,0.88,0.752,-0.04805423183978236,0.12,0.12,0.0,False
Jiang24 Seen Perturbation,a549+TGFB_SMURF1,a549+TGFB,SMURF1,A549,TGFB,5,1.0,1.0,1.0,,0.0,0.0,0.0,False
Jiang24 Seen Perturbation,a549+TGFB_SMURF2,a549+TGFB,SMURF2,A549,TGFB,5,1.0,1.0,1.0,,0.0,0.0,0.0,False
Jiang24 Seen Perturbation,a549+TGFB_TGFBR1,a549+TGFB,TGFBR1,A549,TGFB,5,0.68,0.68,0.624,0.29363534594083857,0.08,0.32,-0.24,False
Jiang24 Seen Perturbation,a549+TGFB_TGFBR2,a549+TGFB,TGFBR2,A549,TGFB,5,0.64,0.64,0.496,0.1274463634261197,0.08,0.36,-0.27999999999999997,False
Jiang24 Seen Perturbation,a549+TGFB_TGFBR3,a549+TGFB,TGFBR3,A549,TGFB,5,1.0,1.0,0.8,1.0,1.0,0.0,1.0,True
Jiang24 Seen Perturbation,a549+TGFB_TGIF1,a549+TGFB,TGIF1,A549,TGFB,5,0.8461538461538461,0.8461538461538461,0.5538461538461539,0.1324414292464538,0.07692307692307693,0.15384615384615385,-0.07692307692307693,False
Jiang24 Seen Perturbation,a549+TNFA_ARID5B,a549+TNFA,ARID5B,A549,TNFA,5,0.9285714285714286,0.9285714285714286,0.7,-0.003594900259142375,0.07142857142857142,0.07142857142857142,0.0,False
Jiang24 Seen Perturbation,a549+TNFA_BIRC2,a549+TNFA,BIRC2,A549,TNFA,5,0.625,0.625,0.6,0.1029303740393677,0.375,0.375,0.0,False
Jiang24 Seen Perturbation,a549+TNFA_CASP10,a549+TNFA,CASP10,A549,TNFA,5,1.0,1.0,0.8880000000000001,0.2583481436962506,0.0,0.0,0.0,False
Jiang24 Seen Perturbation,a549+TNFA_CASP3,a549+TNFA,CASP3,A549,TNFA,5,0.96,0.96,0.7600000000000001,0.2637275925820696,0.08,0.04,0.04,True
Jiang24 Seen Perturbation,a549+TNFA_CEBPB,a549+TNFA,CEBPB,A549,TNFA,15,0.96,0.96,0.7173333333333333,0.10987660141829518,0.2,0.04,0.16,True
Jiang24 Seen Perturbation,a549+TNFA_CHUK,a549+TNFA,CHUK,A549,TNFA,17,1.0,1.0,0.7082352941176471,0.11000906545707978,0.08,0.0,0.08,True
Jiang24 Seen Perturbation,a549+TNFA_CREB1,a549+TNFA,CREB1,A549,TNFA,5,1.0,1.0,0.5999999999999999,-0.3967412407817712,0.0,0.0,0.0,False
Jiang24 Seen Perturbation,a549+TNFA_CSF2,a549+TNFA,CSF2,A549,TNFA,5,1.0,1.0,0.8,,0.0,0.0,0.0,False
Jiang24 Seen Perturbation,a549+TNFA_DNM1L,a549+TNFA,DNM1L,A549,TNFA,5,0.92,0.92,0.8400000000000001,-0.06135554477960896,0.2,0.08,0.12000000000000001,True
Jiang24 Seen Perturbation,a549+TNFA_FOS,a549+TNFA,FOS,A549,TNFA,22,1.0,1.0,0.9545454545454546,,0.0,0.0,0.0,False
Jiang24 Seen Perturbation,a549+TNFA_IKBKB,a549+TNFA,IKBKB,A549,TNFA,17,1.0,1.0,0.8047058823529412,0.10991434175207505,0.12,0.0,0.12,True
Jiang24 Seen Perturbation,a549+TNFA_IKBKG,a549+TNFA,IKBKG,A549,TNFA,5,0.5,0.5,0.7,1.0,0.5,0.5,0.0,False
Jiang24 Seen Perturbation,a549+TNFA_ITCH,a549+TNFA,ITCH,A549,TNFA,5,1.0,1.0,0.768,0.12643788357354135,0.24,0.0,0.24,True
Jiang24 Seen Perturbation,a549+TNFA_JUN,a549+TNFA,JUN,A549,TNFA,21,0.96,0.96,0.6133333333333333,0.17220260953930291,0.28,0.04,0.24000000000000002,True
Jiang24 Seen Perturbation,a549+TNFA_JUNB,a549+TNFA,JUNB,A549,TNFA,5,0.8421052631578947,0.8421052631578947,0.6736842105263159,0.16629317230164525,0.3157894736842105,0.15789473684210525,0.15789473684210525,True
Jiang24 Seen Perturbation,a549+TNFA_KLF6,a549+TNFA,KLF6,A549,TNFA,5,0.0,0.0,0.2,,0.0,1.0,-1.0,False
Jiang24 Seen Perturbation,a549+TNFA_MAP3K14,a549+TNFA,MAP3K14,A549,TNFA,10,0.8333333333333334,0.8333333333333334,0.55,-0.21701175619140547,0.16666666666666666,0.16666666666666666,0.0,False
Jiang24 Seen Perturbation,a549+TNFA_MAP3K7,a549+TNFA,MAP3K7,A549,TNFA,11,0.8,0.8,0.5381818181818183,0.0771661682935738,0.24,0.2,0.03999999999999998,True
Jiang24 Seen Perturbation,a549+TNFA_MAPK14,a549+TNFA,MAPK14,A549,TNFA,16,1.0,1.0,0.53125,-0.5,0.0,0.0,0.0,False
Jiang24 Seen Perturbation,a549+TNFA_MTF1,a549+TNFA,MTF1,A549,TNFA,5,1.0,1.0,1.0,,1.0,0.0,1.0,True
Jiang24 Seen Perturbation,a549+TNFA_NFAT5,a549+TNFA,NFAT5,A549,TNFA,5,1.0,1.0,0.8240000000000001,0.1888690937133311,0.04,0.0,0.04,True
Jiang24 Seen Perturbation,a549+TNFA_NFKB1,a549+TNFA,NFKB1,A549,TNFA,21,1.0,1.0,0.7333333333333334,0.008669363247984351,0.16,0.0,0.16,True
Jiang24 Seen Perturbation,a549+TNFA_NKX3-1,a549+TNFA,NKX3-1,A549,TNFA,5,1.0,1.0,1.0,,0.0,0.0,0.0,False
Jiang24 Seen Perturbation,a549+TNFA_PDCD5,a549+TNFA,PDCD5,A549,TNFA,5,0.8,0.8,0.688,0.07547255393500994,0.12,0.2,-0.08000000000000002,False
Jiang24 Seen Perturbation,a549+TNFA_PIK3CA,a549+TNFA,PIK3CA,A549,TNFA,22,0.96,0.96,0.6400000000000001,0.17120859406280559,0.12,0.04,0.07999999999999999,True
Jiang24 Seen Perturbation,a549+TNFA_PTGS2,a549+TNFA,PTGS2,A549,TNFA,5,1.0,1.0,0.7,0.6,0.0,0.0,0.0,False
Jiang24 Seen Perturbation,a549+TNFA_RELB,a549+TNFA,RELB,A549,TNFA,5,0.5,0.5,0.4,0.2,0.0,0.5,-0.5,False
Jiang24 Seen Perturbation,a549+TNFA_SOX4,a549+TNFA,SOX4,A549,TNFA,5,0.88,0.88,0.6960000000000001,0.012427042063400017,0.2,0.12,0.08000000000000002,True
Jiang24 Seen Perturbation,a549+TNFA_SOX9,a549+TNFA,SOX9,A549,TNFA,5,0.96,0.96,0.792,0.1241001331180609,0.16,0.04,0.12,True
Jiang24 Seen Perturbation,a549+TNFA_TRAF1,a549+TNFA,TRAF1,A549,TNFA,5,0.7727272727272727,0.7727272727272727,0.6545454545454545,0.0568014532393188,0.22727272727272727,0.22727272727272727,0.0,False
Jiang24 Seen Perturbation,a549+TNFA_TRAF2,a549+TNFA,TRAF2,A549,TNFA,5,0.9047619047619048,0.9047619047619048,0.6476190476190476,0.16580549588384025,0.2857142857142857,0.09523809523809523,0.19047619047619047,True
Jiang24 Seen Perturbation,a549+TNFA_TRAF3,a549+TNFA,TRAF3,A549,TNFA,5,0.6666666666666666,0.6666666666666666,0.6133333333333333,0.06507580467460657,0.4666666666666667,0.3333333333333333,0.13333333333333336,True
Jiang24 Seen Perturbation,a549+TNFA_ZFP36L1,a549+TNFA,ZFP36L1,A549,TNFA,5,0.92,0.92,0.6639999999999999,0.10720849279930003,0.24,0.08,0.15999999999999998,True
Jiang24 Seen Perturbation,a549+TNFA_ZNF267,a549+TNFA,ZNF267,A549,TNFA,10,1.0,1.0,0.74,0.21672809031598414,0.16,0.0,0.16,True
Jiang24 Seen Perturbation,bxpc3+IFNB_AKT1,bxpc3+IFNB,AKT1,BXPC3,IFNB,10,1.0,1.0,0.64,-0.2207532475198657,0.2,0.0,0.2,True
Jiang24 Seen Perturbation,bxpc3+IFNB_BATF2,bxpc3+IFNB,BATF2,BXPC3,IFNB,10,0.8,0.8,0.5319999999999999,0.041076738091812115,0.28,0.2,0.08000000000000002,True
Jiang24 Seen Perturbation,bxpc3+IFNB_CEBPB,bxpc3+IFNB,CEBPB,BXPC3,IFNB,15,0.84,0.84,0.6506666666666666,-0.016701478481727525,0.16,0.16,0.0,False
Jiang24 Seen Perturbation,bxpc3+IFNB_CEBPG,bxpc3+IFNB,CEBPG,BXPC3,IFNB,4,0.5555555555555556,0.5555555555555556,0.5277777777777777,-0.036097552008664734,0.0,0.4444444444444444,-0.4444444444444444,False
Jiang24 Seen Perturbation,bxpc3+IFNB_DRAP1,bxpc3+IFNB,DRAP1,BXPC3,IFNB,4,0.84,0.84,0.6500000000000001,0.010742614890796871,0.12,0.16,-0.04000000000000001,False
Jiang24 Seen Perturbation,bxpc3+IFNB_DTX3L,bxpc3+IFNB,DTX3L,BXPC3,IFNB,4,0.8333333333333334,0.8333333333333334,0.5,0.5706555171102894,0.16666666666666666,0.16666666666666666,0.0,False
Jiang24 Seen Perturbation,bxpc3+IFNB_ELK1,bxpc3+IFNB,ELK1,BXPC3,IFNB,10,1.0,1.0,0.6666666666666667,-0.4059996257109031,0.0,0.0,0.0,False
Jiang24 Seen Perturbation,bxpc3+IFNB_ETS1,bxpc3+IFNB,ETS1,BXPC3,IFNB,4,0.76,0.76,0.66,0.008132845930771529,0.16,0.24,-0.07999999999999999,False
Jiang24 Seen Perturbation,bxpc3+IFNB_ETS2,bxpc3+IFNB,ETS2,BXPC3,IFNB,4,0.6666666666666666,0.6666666666666666,0.5833333333333333,0.04106246674750337,0.0,0.3333333333333333,-0.3333333333333333,False
Jiang24 Seen Perturbation,bxpc3+IFNB_FOS,bxpc3+IFNB,FOS,BXPC3,IFNB,21,0.96,0.96,0.6438095238095238,-0.08054797484673742,0.08,0.04,0.04,True
Jiang24 Seen Perturbation,bxpc3+IFNB_H1F0,bxpc3+IFNB,H1F0,BXPC3,IFNB,4,0.7058823529411765,0.7058823529411765,0.573529411764706,0.1251285248929377,0.17647058823529413,0.29411764705882354,-0.11764705882352941,False
Jiang24 Seen Perturbation,bxpc3+IFNB_HERC5,bxpc3+IFNB,HERC5,BXPC3,IFNB,4,0.88,0.88,0.6399999999999999,0.4264562591637595,0.04,0.12,-0.07999999999999999,False
Jiang24 Seen Perturbation,bxpc3+IFNB_HERC6,bxpc3+IFNB,HERC6,BXPC3,IFNB,4,0.7222222222222222,0.7222222222222222,0.5416666666666667,0.6662942928636203,0.3333333333333333,0.2777777777777778,0.055555555555555525,True
Jiang24 Seen Perturbation,bxpc3+IFNB_HES4,bxpc3+IFNB,HES4,BXPC3,IFNB,4,0.5555555555555556,0.5555555555555556,0.3888888888888889,-0.1812946603469179,0.1111111111111111,0.4444444444444444,-0.3333333333333333,False
Jiang24 Seen Perturbation,bxpc3+IFNB_ID1,bxpc3+IFNB,ID1,BXPC3,IFNB,4,0.96,0.96,0.8600000000000001,0.06980091668394525,0.04,0.04,0.0,False
Jiang24 Seen Perturbation,bxpc3+IFNB_ID2,bxpc3+IFNB,ID2,BXPC3,IFNB,9,0.3333333333333333,0.3333333333333333,0.38888888888888884,-0.33526558209222324,0.3333333333333333,0.6666666666666666,-0.3333333333333333,False
Jiang24 Seen Perturbation,bxpc3+IFNB_ID3,bxpc3+IFNB,ID3,BXPC3,IFNB,4,0.92,0.92,0.77,-0.126514910515221,0.04,0.08,-0.04,False
Jiang24 Seen Perturbation,bxpc3+IFNB_IFI16,bxpc3+IFNB,IFI16,BXPC3,IFNB,10,1.0,1.0,0.908,0.36860108372559874,0.12,0.0,0.12,True
Jiang24 Seen Perturbation,bxpc3+IFNB_IFNAR1,bxpc3+IFNB,IFNAR1,BXPC3,IFNB,4,0.92,0.92,0.7200000000000001,-0.008918247189299892,0.16,0.08,0.08,True
Jiang24 Seen Perturbation,bxpc3+IFNB_IFNAR2,bxpc3+IFNB,IFNAR2,BXPC3,IFNB,4,0.8,0.8,0.71,0.27524955036834314,0.08,0.2,-0.12000000000000001,False
Jiang24 Seen Perturbation,bxpc3+IFNB_IRF1,bxpc3+IFNB,IRF1,BXPC3,IFNB,15,0.5384615384615384,0.5384615384615384,0.5384615384615384,0.002784034414285321,0.07692307692307693,0.46153846153846156,-0.38461538461538464,False
Jiang24 Seen Perturbation,bxpc3+IFNB_IRF3,bxpc3+IFNB,IRF3,BXPC3,IFNB,4,1.0,1.0,0.7799999999999999,-0.1598215668791684,0.08,0.0,0.08,True
Jiang24 Seen Perturbation,bxpc3+IFNB_IRF7,bxpc3+IFNB,IRF7,BXPC3,IFNB,16,0.42857142857142855,0.42857142857142855,0.39285714285714285,-0.3421869135054976,0.2857142857142857,0.5714285714285714,-0.2857142857142857,False
Jiang24 Seen Perturbation,bxpc3+IFNB_IRF9,bxpc3+IFNB,IRF9,BXPC3,IFNB,10,1.0,1.0,0.8360000000000001,0.21412337619308314,0.08,0.0,0.08,True
Jiang24 Seen Perturbation,bxpc3+IFNB_JAK1,bxpc3+IFNB,JAK1,BXPC3,IFNB,10,0.44,0.44,0.45600000000000007,-0.09055877391693315,0.12,0.56,-0.44000000000000006,False
Jiang24 Seen Perturbation,bxpc3+IFNB_JUN,bxpc3+IFNB,JUN,BXPC3,IFNB,21,0.7272727272727273,0.7272727272727273,0.45021645021645035,0.04047148803138103,0.45454545454545453,0.2727272727272727,0.18181818181818182,True
Jiang24 Seen Perturbation,bxpc3+IFNB_MAP3K14,bxpc3+IFNB,MAP3K14,BXPC3,IFNB,9,0.875,0.875,0.5277777777777778,-0.20462489039940326,0.0,0.125,-0.125,False
Jiang24 Seen Perturbation,bxpc3+IFNB_MAPK14,bxpc3+IFNB,MAPK14,BXPC3,IFNB,15,0.92,0.92,0.5813333333333334,0.21710020902832106,0.08,0.08,0.0,False
Jiang24 Seen Perturbation,bxpc3+IFNB_MAPK8,bxpc3+IFNB,MAPK8,BXPC3,IFNB,9,0.8571428571428571,0.8571428571428571,0.6031746031746033,-0.06612171914934718,0.0,0.14285714285714285,-0.14285714285714285,False
Jiang24 Seen Perturbation,bxpc3+IFNB_MEF2A,bxpc3+IFNB,MEF2A,BXPC3,IFNB,4,0.84,0.84,0.7500000000000001,0.4694378384000464,0.12,0.16,-0.04000000000000001,False
Jiang24 Seen Perturbation,bxpc3+IFNB_MYC,bxpc3+IFNB,MYC,BXPC3,IFNB,21,1.0,1.0,0.5476190476190477,-0.05852999060118441,0.0,0.0,0.0,False
Jiang24 Seen Perturbation,bxpc3+IFNB_NFE2L3,bxpc3+IFNB,NFE2L3,BXPC3,IFNB,4,0.7894736842105263,0.7894736842105263,0.6710526315789473,-0.08555074656183959,0.15789473684210525,0.21052631578947367,-0.05263157894736842,False
Jiang24 Seen Perturbation,bxpc3+IFNB_NFKB1,bxpc3+IFNB,NFKB1,BXPC3,IFNB,21,1.0,1.0,0.6895238095238095,0.04328432551158486,0.16,0.0,0.16,True
Jiang24 Seen Perturbation,bxpc3+IFNB_PARP12,bxpc3+IFNB,PARP12,BXPC3,IFNB,10,0.7619047619047619,0.7619047619047619,0.5857142857142857,0.6218975485862787,0.3333333333333333,0.23809523809523808,0.09523809523809523,True
Jiang24 Seen Perturbation,bxpc3+IFNB_POU2F1,bxpc3+IFNB,POU2F1,BXPC3,IFNB,4,0.92,0.92,0.79,0.0024687822348667815,0.08,0.08,0.0,False
Jiang24 Seen Perturbation,bxpc3+IFNB_RAP1GAP,bxpc3+IFNB,RAP1GAP,BXPC3,IFNB,4,0.5,0.5,0.375,-1.0,0.5,0.5,0.0,False
Jiang24 Seen Perturbation,bxpc3+IFNB_RAPGEF1,bxpc3+IFNB,RAPGEF1,BXPC3,IFNB,4,0.88,0.88,0.68,0.02532377283883039,0.08,0.12,-0.039999999999999994,False
Jiang24 Seen Perturbation,bxpc3+IFNB_SMARCA5,bxpc3+IFNB,SMARCA5,BXPC3,IFNB,4,0.88,0.88,0.6000000000000001,-0.13862540740127774,0.08,0.12,-0.039999999999999994,False
Jiang24 Seen Perturbation,bxpc3+IFNB_SOCS1,bxpc3+IFNB,SOCS1,BXPC3,IFNB,4,0.7,0.7,0.5999999999999999,-0.05017011848724556,0.2,0.3,-0.09999999999999998,False
Jiang24 Seen Perturbation,bxpc3+IFNB_SP100,bxpc3+IFNB,SP100,BXPC3,IFNB,10,0.6,0.6,0.5199999999999999,-0.0418021829823708,0.0,0.4,-0.4,False
Jiang24 Seen Perturbation,bxpc3+IFNB_SP110,bxpc3+IFNB,SP110,BXPC3,IFNB,10,0.92,0.92,0.6479999999999999,0.08126006069695806,0.08,0.08,0.0,False
Jiang24 Seen Perturbation,bxpc3+IFNB_STAT1,bxpc3+IFNB,STAT1,BXPC3,IFNB,10,0.7391304347826086,0.7391304347826086,0.5869565217391305,0.47206852834833624,0.13043478260869565,0.2608695652173913,-0.13043478260869565,False
Jiang24 Seen Perturbation,bxpc3+IFNB_STAT2,bxpc3+IFNB,STAT2,BXPC3,IFNB,10,1.0,1.0,0.9399999999999998,-0.03912604928682907,0.0,0.0,0.0,False
Jiang24 Seen Perturbation,bxpc3+IFNB_STAT3,bxpc3+IFNB,STAT3,BXPC3,IFNB,10,0.6666666666666666,0.6666666666666666,0.611111111111111,-0.20090009781224918,0.2222222222222222,0.3333333333333333,-0.1111111111111111,False
Jiang24 Seen Perturbation,bxpc3+IFNB_STAT4,bxpc3+IFNB,STAT4,BXPC3,IFNB,4,0.8571428571428571,0.8571428571428571,0.5714285714285714,-0.0942524148531823,0.0,0.14285714285714285,-0.14285714285714285,False
Jiang24 Seen Perturbation,bxpc3+IFNB_STAT6,bxpc3+IFNB,STAT6,BXPC3,IFNB,4,0.92,0.92,0.74,0.21282498881835837,0.08,0.08,0.0,False
Jiang24 Seen Perturbation,bxpc3+IFNB_TRAFD1,bxpc3+IFNB,TRAFD1,BXPC3,IFNB,10,1.0,1.0,0.575,-0.2527713516334997,0.0,0.0,0.0,False
Jiang24 Seen Perturbation,bxpc3+IFNB_TRIM21,bxpc3+IFNB,TRIM21,BXPC3,IFNB,4,0.88,0.88,0.7200000000000001,-0.17135127289807495,0.12,0.12,0.0,False
Jiang24 Seen Perturbation,bxpc3+IFNB_TRIM22,bxpc3+IFNB,TRIM22,BXPC3,IFNB,4,0.9,0.9,0.6499999999999999,0.8070041439372295,0.1,0.1,0.0,False
Jiang24 Seen Perturbation,bxpc3+IFNB_TYK2,bxpc3+IFNB,TYK2,BXPC3,IFNB,4,0.8,0.8,0.81,0.6377689876444296,0.0,0.2,-0.2,False
Jiang24 Seen Perturbation,bxpc3+IFNB_UBA7,bxpc3+IFNB,UBA7,BXPC3,IFNB,4,0.8,0.8,0.64,0.38141715706906654,0.2,0.2,0.0,False
Jiang24 Seen Perturbation,bxpc3+IFNB_UBE2L6,bxpc3+IFNB,UBE2L6,BXPC3,IFNB,4,0.8,0.8,0.45000000000000007,-0.3165042744977092,0.0,0.2,-0.2,False
Jiang24 Seen Perturbation,bxpc3+IFNB_USP18,bxpc3+IFNB,USP18,BXPC3,IFNB,4,0.92,0.92,0.7000000000000001,0.506182432640857,0.48,0.08,0.39999999999999997,True
Jiang24 Seen Perturbation,bxpc3+IFNB_VAV1,bxpc3+IFNB,VAV1,BXPC3,IFNB,4,0.5,0.5,0.375,0.0,0.0,0.5,-0.5,False
Jiang24 Seen Perturbation,bxpc3+IFNB_ZBP1,bxpc3+IFNB,ZBP1,BXPC3,IFNB,4,0.4,0.4,0.39999999999999997,0.14511950579952493,0.0,0.6,-0.6,False
Jiang24 Seen Perturbation,bxpc3+IFNB_ZNFX1,bxpc3+IFNB,ZNFX1,BXPC3,IFNB,10,0.96,0.96,0.6199999999999999,0.8274754789481438,0.0,0.04,-0.04,False
Jiang24 Seen Perturbation,bxpc3+IFNG_ATF3,bxpc3+IFNG,ATF3,BXPC3,IFNG,5,0.8,0.8,0.6000000000000001,0.43956786424999184,0.4,0.2,0.2,True
Jiang24 Seen Perturbation,bxpc3+IFNG_ATF5,bxpc3+IFNG,ATF5,BXPC3,IFNG,5,0.75,0.75,0.55,0.10123141703741168,0.5,0.25,0.25,True
Jiang24 Seen Perturbation,bxpc3+IFNG_BATF2,bxpc3+IFNG,BATF2,BXPC3,IFNG,10,0.6,0.6,0.5359999999999999,0.11438836198256903,0.16,0.4,-0.24000000000000002,False
Jiang24 Seen Perturbation,bxpc3+IFNG_CEBPB,bxpc3+IFNG,CEBPB,BXPC3,IFNG,15,0.96,0.96,0.6693333333333332,0.08329992074735475,0.32,0.04,0.28,True
Jiang24 Seen Perturbation,bxpc3+IFNG_CEBPE,bxpc3+IFNG,CEBPE,BXPC3,IFNG,5,0.8,0.8,0.608,0.11261699503920189,0.2,0.2,0.0,False
Jiang24 Seen Perturbation,bxpc3+IFNG_CLK1,bxpc3+IFNG,CLK1,BXPC3,IFNG,5,1.0,1.0,0.8320000000000001,-0.14434696515281478,0.04,0.0,0.04,True
Jiang24 Seen Perturbation,bxpc3+IFNG_CUL1,bxpc3+IFNG,CUL1,BXPC3,IFNG,11,0.96,0.96,0.7490909090909091,0.07767502958485104,0.12,0.04,0.07999999999999999,True
Jiang24 Seen Perturbation,bxpc3+IFNG_EHF,bxpc3+IFNG,EHF,BXPC3,IFNG,5,0.75,0.75,0.625,0.14330903432161388,0.0,0.25,-0.25,False
Jiang24 Seen Perturbation,bxpc3+IFNG_ETV7,bxpc3+IFNG,ETV7,BXPC3,IFNG,5,0.72,0.72,0.5840000000000001,0.27826259002844983,0.2,0.28,-0.08000000000000002,False
Jiang24 Seen Perturbation,bxpc3+IFNG_FBXO6,bxpc3+IFNG,FBXO6,BXPC3,IFNG,5,0.88,0.88,0.5920000000000001,-0.08080538643869305,0.24,0.12,0.12,True
Jiang24 Seen Perturbation,bxpc3+IFNG_FMNL2,bxpc3+IFNG,FMNL2,BXPC3,IFNG,5,0.88,0.88,0.696,-0.036150890660933695,0.16,0.12,0.04000000000000001,True
Jiang24 Seen Perturbation,bxpc3+IFNG_FOXN3,bxpc3+IFNG,FOXN3,BXPC3,IFNG,5,0.7894736842105263,0.7894736842105263,0.4,-0.057670214541314754,0.3684210526315789,0.21052631578947367,0.15789473684210525,True
Jiang24 Seen Perturbation,bxpc3+IFNG_GUK1,bxpc3+IFNG,GUK1,BXPC3,IFNG,5,0.84,0.84,0.6,0.26957574889647873,0.32,0.16,0.16,True
Jiang24 Seen Perturbation,bxpc3+IFNG_HLA-DQB1,bxpc3+IFNG,HLA-DQB1,BXPC3,IFNG,5,0.84,0.84,0.632,-0.006446634412251223,0.32,0.16,0.16,True
Jiang24 Seen Perturbation,bxpc3+IFNG_HLX,bxpc3+IFNG,HLX,BXPC3,IFNG,5,1.0,1.0,0.8160000000000001,0.07516373313538731,0.12,0.0,0.12,True
Jiang24 Seen Perturbation,bxpc3+IFNG_IFNGR1,bxpc3+IFNG,IFNGR1,BXPC3,IFNG,5,0.92,0.92,0.8400000000000001,0.489377970684696,0.0,0.08,-0.08,False
Jiang24 Seen Perturbation,bxpc3+IFNG_IFNGR2,bxpc3+IFNG,IFNGR2,BXPC3,IFNG,5,0.76,0.76,0.488,0.17161366085802537,0.16,0.24,-0.07999999999999999,False
Jiang24 Seen Perturbation,bxpc3+IFNG_IRF1,bxpc3+IFNG,IRF1,BXPC3,IFNG,15,1.0,1.0,0.6333333333333333,0.009348267568522613,0.0,0.0,0.0,False
Jiang24 Seen Perturbation,bxpc3+IFNG_IRF2,bxpc3+IFNG,IRF2,BXPC3,IFNG,5,0.8,0.8,0.7040000000000001,0.33566956119262215,0.32,0.2,0.12,True
Jiang24 Seen Perturbation,bxpc3+IFNG_IRF5,bxpc3+IFNG,IRF5,BXPC3,IFNG,5,0.76,0.76,0.544,-0.16971884493897943,0.4,0.24,0.16000000000000003,True
Jiang24 Seen Perturbation,bxpc3+IFNG_IRF7,bxpc3+IFNG,IRF7,BXPC3,IFNG,16,0.92,0.92,0.555,-0.1029440268022983,0.04,0.08,-0.04,False
Jiang24 Seen Perturbation,bxpc3+IFNG_IRF9,bxpc3+IFNG,IRF9,BXPC3,IFNG,10,0.76,0.76,0.5799999999999998,0.1444257089673639,0.16,0.24,-0.07999999999999999,False
Jiang24 Seen Perturbation,bxpc3+IFNG_JAK1,bxpc3+IFNG,JAK1,BXPC3,IFNG,10,0.92,0.92,0.6479999999999999,0.34539484028137246,0.04,0.08,-0.04,False
Jiang24 Seen Perturbation,bxpc3+IFNG_JAK2,bxpc3+IFNG,JAK2,BXPC3,IFNG,5,0.68,0.68,0.528,0.34080033689009,0.2,0.32,-0.12,False
Jiang24 Seen Perturbation,bxpc3+IFNG_JUN,bxpc3+IFNG,JUN,BXPC3,IFNG,21,0.8260869565217391,0.8260869565217391,0.5652173913043478,0.12134296971097248,0.34782608695652173,0.17391304347826086,0.17391304347826086,True
Jiang24 Seen Perturbation,bxpc3+IFNG_KIN,bxpc3+IFNG,KIN,BXPC3,IFNG,5,1.0,1.0,0.8399999999999999,0.09446530424816194,0.12,0.0,0.12,True
Jiang24 Seen Perturbation,bxpc3+IFNG_KLF4,bxpc3+IFNG,KLF4,BXPC3,IFNG,5,0.96,0.96,0.672,0.19963051722807393,0.12,0.04,0.07999999999999999,True
Jiang24 Seen Perturbation,bxpc3+IFNG_MAFB,bxpc3+IFNG,MAFB,BXPC3,IFNG,5,0.68,0.68,0.5680000000000001,-0.01168029757647468,0.28,0.32,-0.03999999999999998,False
Jiang24 Seen Perturbation,bxpc3+IFNG_MCRS1,bxpc3+IFNG,MCRS1,BXPC3,IFNG,5,0.92,0.92,0.8400000000000001,0.10642471309471051,0.08,0.08,0.0,False
Jiang24 Seen Perturbation,bxpc3+IFNG_MYC,bxpc3+IFNG,MYC,BXPC3,IFNG,21,0.76,0.76,0.5085714285714286,0.06714595443793707,0.2,0.24,-0.03999999999999998,False
Jiang24 Seen Perturbation,bxpc3+IFNG_NFKB1,bxpc3+IFNG,NFKB1,BXPC3,IFNG,21,1.0,1.0,0.7200000000000001,-0.03681418018273526,0.12,0.0,0.12,True
Jiang24 Seen Perturbation,bxpc3+IFNG_PARP12,bxpc3+IFNG,PARP12,BXPC3,IFNG,10,0.6666666666666666,0.6666666666666666,0.5666666666666668,0.7786726055043954,0.1111111111111111,0.3333333333333333,-0.2222222222222222,False
Jiang24 Seen Perturbation,bxpc3+IFNG_PIK3CA,bxpc3+IFNG,PIK3CA,BXPC3,IFNG,22,0.96,0.96,0.6654545454545456,-0.04279894163353787,0.32,0.04,0.28,True
Jiang24 Seen Perturbation,bxpc3+IFNG_PLEK,bxpc3+IFNG,PLEK,BXPC3,IFNG,5,0.68,0.68,0.6,0.12948406799710735,0.32,0.32,0.0,False
Jiang24 Seen Perturbation,bxpc3+IFNG_PPARG,bxpc3+IFNG,PPARG,BXPC3,IFNG,5,1.0,1.0,0.8720000000000001,-0.1971487429375184,0.16,0.0,0.16,True
Jiang24 Seen Perturbation,bxpc3+IFNG_PRDM1,bxpc3+IFNG,PRDM1,BXPC3,IFNG,5,0.6,0.6,0.44799999999999995,0.14389995999312327,0.32,0.4,-0.08000000000000002,False
Jiang24 Seen Perturbation,bxpc3+IFNG_PTGES3,bxpc3+IFNG,PTGES3,BXPC3,IFNG,5,0.88,0.88,0.768,-0.027654517979419712,0.2,0.12,0.08000000000000002,True
Jiang24 Seen Perturbation,bxpc3+IFNG_PTPN11,bxpc3+IFNG,PTPN11,BXPC3,IFNG,5,0.16666666666666666,0.16666666666666666,0.3333333333333333,-0.0536948267635174,0.3333333333333333,0.8333333333333334,-0.5,False
Jiang24 Seen Perturbation,bxpc3+IFNG_RARRES3,bxpc3+IFNG,RARRES3,BXPC3,IFNG,5,1.0,1.0,0.784,0.0598958215349915,0.08,0.0,0.08,True
Jiang24 Seen Perturbation,bxpc3+IFNG_RFX5,bxpc3+IFNG,RFX5,BXPC3,IFNG,5,0.88,0.88,0.664,0.30182906344794036,0.12,0.12,0.0,False
Jiang24 Seen Perturbation,bxpc3+IFNG_RNF14,bxpc3+IFNG,RNF14,BXPC3,IFNG,5,0.92,0.92,0.672,0.11670156203159436,0.16,0.08,0.08,True
Jiang24 Seen Perturbation,bxpc3+IFNG_RUNX1,bxpc3+IFNG,RUNX1,BXPC3,IFNG,11,0.2,0.2,0.4,-0.07173836335163383,0.4,0.8,-0.4,False
Jiang24 Seen Perturbation,bxpc3+IFNG_SOX2,bxpc3+IFNG,SOX2,BXPC3,IFNG,5,1.0,1.0,0.8720000000000001,-0.07136275707340214,0.04,0.0,0.04,True
Jiang24 Seen Perturbation,bxpc3+IFNG_SP110,bxpc3+IFNG,SP110,BXPC3,IFNG,10,0.96,0.96,0.744,0.12832958219449775,0.16,0.04,0.12,True
Jiang24 Seen Perturbation,bxpc3+IFNG_SRC,bxpc3+IFNG,SRC,BXPC3,IFNG,5,0.88,0.88,0.5680000000000001,0.03779880358217641,0.08,0.12,-0.039999999999999994,False
Jiang24 Seen Perturbation,bxpc3+IFNG_STAT1,bxpc3+IFNG,STAT1,BXPC3,IFNG,10,0.92,0.92,0.8560000000000001,0.28328050093836493,0.0,0.08,-0.08,False
Jiang24 Seen Perturbation,bxpc3+IFNG_STAT2,bxpc3+IFNG,STAT2,BXPC3,IFNG,10,1.0,1.0,0.732,0.04400760780189111,0.08,0.0,0.08,True
Jiang24 Seen Perturbation,bxpc3+IFNG_STAT3,bxpc3+IFNG,STAT3,BXPC3,IFNG,10,0.72,0.72,0.532,0.02394963493835379,0.28,0.28,0.0,False
Jiang24 Seen Perturbation,bxpc3+IFNG_TAPBPL,bxpc3+IFNG,TAPBPL,BXPC3,IFNG,5,1.0,1.0,0.8640000000000001,0.0002516262358840143,0.2,0.0,0.2,True
Jiang24 Seen Perturbation,bxpc3+IFNG_TBX21,bxpc3+IFNG,TBX21,BXPC3,IFNG,5,0.6,0.6,0.5599999999999999,0.15985439738402288,0.2,0.4,-0.2,False
Jiang24 Seen Perturbation,bxpc3+IFNG_TRAFD1,bxpc3+IFNG,TRAFD1,BXPC3,IFNG,10,0.8,0.8,0.624,0.017480931360383502,0.24,0.2,0.03999999999999998,True
Jiang24 Seen Perturbation,bxpc3+IFNG_ZC3H3,bxpc3+IFNG,ZC3H3,BXPC3,IFNG,5,0.88,0.88,0.64,0.0831685047759801,0.16,0.12,0.04000000000000001,True
Jiang24 Seen Perturbation,bxpc3+IFNG_ZFP36,bxpc3+IFNG,ZFP36,BXPC3,IFNG,5,0.96,0.96,0.76,-0.03022365969200323,0.28,0.04,0.24000000000000002,True
Jiang24 Seen Perturbation,bxpc3+IFNG_ZNF267,bxpc3+IFNG,ZNF267,BXPC3,IFNG,10,1.0,1.0,0.8360000000000001,0.004257236020687045,0.12,0.0,0.12,True
Jiang24 Seen Perturbation,bxpc3+IFNG_ZNFX1,bxpc3+IFNG,ZNFX1,BXPC3,IFNG,10,1.0,1.0,0.6559999999999999,0.7637263828076148,0.24,0.0,0.24,True
Jiang24 Seen Perturbation,bxpc3+INS_CHUK,bxpc3+INS,CHUK,BXPC3,INS,15,0.88,0.88,0.6506666666666666,0.15668094634119942,0.32,0.12,0.2,True
Jiang24 Seen Perturbation,bxpc3+INS_COPS4,bxpc3+INS,COPS4,BXPC3,INS,4,0.72,0.72,0.7200000000000001,0.22928515643615238,0.12,0.28,-0.16000000000000003,False
Jiang24 Seen Perturbation,bxpc3+INS_DR1,bxpc3+INS,DR1,BXPC3,INS,4,0.88,0.88,0.75,0.1947062845359861,0.04,0.12,-0.07999999999999999,False
Jiang24 Seen Perturbation,bxpc3+INS_EIF2B1,bxpc3+INS,EIF2B1,BXPC3,INS,4,0.38461538461538464,0.38461538461538464,0.5,-0.15301908419624732,0.38461538461538464,0.6153846153846154,-0.23076923076923078,False
Jiang24 Seen Perturbation,bxpc3+INS_ELK1,bxpc3+INS,ELK1,BXPC3,INS,10,0.5,0.5,0.5,0.07417060184975417,0.0,0.5,-0.5,False
Jiang24 Seen Perturbation,bxpc3+INS_FOS,bxpc3+INS,FOS,BXPC3,INS,21,0.96,0.96,0.6190476190476192,-0.10073810240286989,0.28,0.04,0.24000000000000002,True
Jiang24 Seen Perturbation,bxpc3+INS_FOXM1,bxpc3+INS,FOXM1,BXPC3,INS,4,0.64,0.64,0.64,-0.07796025787529076,0.32,0.36,-0.03999999999999998,False
Jiang24 Seen Perturbation,bxpc3+INS_FOXO3,bxpc3+INS,FOXO3,BXPC3,INS,4,0.68,0.68,0.5700000000000001,0.0901485441358657,0.36,0.32,0.03999999999999998,True
Jiang24 Seen Perturbation,bxpc3+INS_FOXO4,bxpc3+INS,FOXO4,BXPC3,INS,4,0.84,0.84,0.75,0.22766907291453464,0.08,0.16,-0.08,False
Jiang24 Seen Perturbation,bxpc3+INS_GRB10,bxpc3+INS,GRB10,BXPC3,INS,4,0.5,0.5,0.5,0.5954550366462592,0.5,0.5,0.0,False
Jiang24 Seen Perturbation,bxpc3+INS_GRB2,bxpc3+INS,GRB2,BXPC3,INS,4,0.44,0.44,0.52,0.3419107599621334,0.28,0.56,-0.28,False
Jiang24 Seen Perturbation,bxpc3+INS_HSF1,bxpc3+INS,HSF1,BXPC3,INS,4,0.6666666666666666,0.6666666666666666,0.611111111111111,0.10333785046092443,0.1111111111111111,0.3333333333333333,-0.2222222222222222,False
Jiang24 Seen Perturbation,bxpc3+INS_IGF2,bxpc3+INS,IGF2,BXPC3,INS,4,0.75,0.75,0.5416666666666666,0.2804751355306147,0.08333333333333333,0.25,-0.16666666666666669,False
Jiang24 Seen Perturbation,bxpc3+INS_IKBKB,bxpc3+INS,IKBKB,BXPC3,INS,15,0.88,0.88,0.6773333333333333,0.31588758031384906,0.12,0.12,0.0,False
Jiang24 Seen Perturbation,bxpc3+INS_INSR,bxpc3+INS,INSR,BXPC3,INS,4,0.6923076923076923,0.6923076923076923,0.5961538461538461,-0.1654268337918262,0.23076923076923078,0.3076923076923077,-0.07692307692307693,False
Jiang24 Seen Perturbation,bxpc3+INS_IRS1,bxpc3+INS,IRS1,BXPC3,INS,4,0.5555555555555556,0.5555555555555556,0.5277777777777777,0.09706330927587675,0.2777777777777778,0.4444444444444444,-0.16666666666666663,False
Jiang24 Seen Perturbation,bxpc3+INS_IRS2,bxpc3+INS,IRS2,BXPC3,INS,4,0.52,0.52,0.54,0.0667733782691464,0.2,0.48,-0.27999999999999997,False
Jiang24 Seen Perturbation,bxpc3+INS_IRS4,bxpc3+INS,IRS4,BXPC3,INS,4,0.6,0.6,0.5900000000000001,-0.08705530258123897,0.36,0.4,-0.040000000000000036,False
Jiang24 Seen Perturbation,bxpc3+INS_MAPK1,bxpc3+INS,MAPK1,BXPC3,INS,9,0.76,0.76,0.6222222222222223,0.3891492904760091,0.28,0.24,0.040000000000000036,True
Jiang24 Seen Perturbation,bxpc3+INS_MAPK3,bxpc3+INS,MAPK3,BXPC3,INS,9,0.42857142857142855,0.42857142857142855,0.38095238095238093,-0.4326099189248464,0.2857142857142857,0.5714285714285714,-0.2857142857142857,False
Jiang24 Seen Perturbation,bxpc3+INS_MTOR,bxpc3+INS,MTOR,BXPC3,INS,10,0.92,0.92,0.772,0.09929103589383492,0.04,0.08,-0.04,False
Jiang24 Seen Perturbation,bxpc3+INS_PIK3CA,bxpc3+INS,PIK3CA,BXPC3,INS,21,0.96,0.96,0.6438095238095237,-0.07457931440342215,0.04,0.04,0.0,False
Jiang24 Seen Perturbation,bxpc3+INS_POLR2L,bxpc3+INS,POLR2L,BXPC3,INS,4,0.88,0.88,0.72,0.08215428335501576,0.08,0.12,-0.039999999999999994,False
Jiang24 Seen Perturbation,bxpc3+INS_PTEN,bxpc3+INS,PTEN,BXPC3,INS,4,0.68,0.68,0.6,0.6170049288829083,0.24,0.32,-0.08000000000000002,False
Jiang24 Seen Perturbation,bxpc3+INS_RAD51,bxpc3+INS,RAD51,BXPC3,INS,4,0.92,0.92,0.8,0.20020300389571644,0.16,0.08,0.08,True
Jiang24 Seen Perturbation,bxpc3+INS_RPS6KB1,bxpc3+INS,RPS6KB1,BXPC3,INS,9,0.8,0.8,0.5555555555555557,0.10829159453464668,0.4,0.2,0.2,True
Jiang24 Seen Perturbation,bxpc3+INS_SGK1,bxpc3+INS,SGK1,BXPC3,INS,4,0.6666666666666666,0.6666666666666666,0.5555555555555556,-0.01483160917475844,0.4444444444444444,0.3333333333333333,0.1111111111111111,True
Jiang24 Seen Perturbation,bxpc3+INS_SHC1,bxpc3+INS,SHC1,BXPC3,INS,4,0.68,0.68,0.53,-0.2973965216587353,0.28,0.32,-0.03999999999999998,False
Jiang24 Seen Perturbation,bxpc3+INS_SMARCE1,bxpc3+INS,SMARCE1,BXPC3,INS,4,0.72,0.72,0.64,0.2764021742065693,0.28,0.28,0.0,False
Jiang24 Seen Perturbation,bxpc3+INS_SP1,bxpc3+INS,SP1,BXPC3,INS,9,0.88,0.88,0.5866666666666668,0.01827668393638557,0.24,0.12,0.12,True
Jiang24 Seen Perturbation,bxpc3+INS_SREBF1,bxpc3+INS,SREBF1,BXPC3,INS,4,0.625,0.625,0.5833333333333334,0.07670395738214054,0.25,0.375,-0.125,False
Jiang24 Seen Perturbation,bxpc3+INS_SREBF2,bxpc3+INS,SREBF2,BXPC3,INS,4,0.3333333333333333,0.3333333333333333,0.5277777777777778,-0.08619839878160909,0.1111111111111111,0.6666666666666666,-0.5555555555555556,False
Jiang24 Seen Perturbation,bxpc3+INS_SRF,bxpc3+INS,SRF,BXPC3,INS,4,0.64,0.64,0.56,0.004292113843822637,0.24,0.36,-0.12,False
Jiang24 Seen Perturbation,bxpc3+INS_TAF3,bxpc3+INS,TAF3,BXPC3,INS,4,0.9230769230769231,0.9230769230769231,0.5192307692307692,-0.31899241118256805,0.23076923076923078,0.07692307692307693,0.15384615384615385,True
Jiang24 Seen Perturbation,bxpc3+INS_TAF7,bxpc3+INS,TAF7,BXPC3,INS,4,0.4375,0.4375,0.59375,-0.022622091794308102,0.3125,0.5625,-0.25,False
Jiang24 Seen Perturbation,bxpc3+INS_TAF8,bxpc3+INS,TAF8,BXPC3,INS,4,0.72,0.72,0.64,-0.16877301244044476,0.12,0.28,-0.16000000000000003,False
Jiang24 Seen Perturbation,bxpc3+INS_TSC1,bxpc3+INS,TSC1,BXPC3,INS,4,0.72,0.72,0.56,0.09111106729587327,0.36,0.28,0.07999999999999996,True
Jiang24 Seen Perturbation,bxpc3+INS_TSC2,bxpc3+INS,TSC2,BXPC3,INS,4,0.44,0.44,0.43999999999999995,0.10977670504809173,0.28,0.56,-0.28,False
Jiang24 Seen Perturbation,bxpc3+INS_TTF1,bxpc3+INS,TTF1,BXPC3,INS,4,0.8,0.8,0.6399999999999999,0.094794451196656,0.08,0.2,-0.12000000000000001,False
Jiang24 Seen Perturbation,bxpc3+INS_TTF2,bxpc3+INS,TTF2,BXPC3,INS,4,0.88,0.88,0.75,0.6852478252534059,0.0,0.12,-0.12,False
Jiang24 Seen Perturbation,bxpc3+INS_XBP1,bxpc3+INS,XBP1,BXPC3,INS,4,0.88,0.88,0.74,0.12339228592317782,0.16,0.12,0.04000000000000001,True
Jiang24 Seen Perturbation,bxpc3+INS_ZNF593,bxpc3+INS,ZNF593,BXPC3,INS,4,0.6111111111111112,0.6111111111111112,0.625,-0.1346439202305283,0.2222222222222222,0.3888888888888889,-0.16666666666666669,False
Jiang24 Seen Perturbation,bxpc3+TGFB_CHUK,bxpc3+TGFB,CHUK,BXPC3,TGFB,17,1.0,1.0,0.6729411764705882,0.33228723887014594,0.28,0.0,0.28,True
Jiang24 Seen Perturbation,bxpc3+TGFB_CREBBP,bxpc3+TGFB,CREBBP,BXPC3,TGFB,5,0.8333333333333334,0.8333333333333334,0.5333333333333333,-0.03748428909540282,0.3333333333333333,0.16666666666666666,0.16666666666666666,True
Jiang24 Seen Perturbation,bxpc3+TGFB_CUL1,bxpc3+TGFB,CUL1,BXPC3,TGFB,9,1.0,1.0,0.6666666666666666,0.3954005295039027,0.0,0.0,0.0,False
Jiang24 Seen Perturbation,bxpc3+TGFB_EP300,bxpc3+TGFB,EP300,BXPC3,TGFB,5,1.0,1.0,0.55,0.06663120224127425,0.0,0.0,0.0,False
Jiang24 Seen Perturbation,bxpc3+TGFB_FOS,bxpc3+TGFB,FOS,BXPC3,TGFB,23,1.0,1.0,0.6347826086956523,0.06624186799573602,0.2,0.0,0.2,True
Jiang24 Seen Perturbation,bxpc3+TGFB_FOXP2,bxpc3+TGFB,FOXP2,BXPC3,TGFB,5,1.0,1.0,0.8,,0.0,0.0,0.0,False
Jiang24 Seen Perturbation,bxpc3+TGFB_HDAC4,bxpc3+TGFB,HDAC4,BXPC3,TGFB,5,1.0,1.0,0.8959999999999999,0.07511753045820135,0.2,0.0,0.2,True
Jiang24 Seen Perturbation,bxpc3+TGFB_IKBKB,bxpc3+TGFB,IKBKB,BXPC3,TGFB,17,0.96,0.96,0.8188235294117647,0.0609515455588894,0.12,0.04,0.07999999999999999,True
Jiang24 Seen Perturbation,bxpc3+TGFB_JUN,bxpc3+TGFB,JUN,BXPC3,TGFB,21,1.0,1.0,0.6394557823129252,0.2802115527776576,0.0,0.0,0.0,False
Jiang24 Seen Perturbation,bxpc3+TGFB_MAPK1,bxpc3+TGFB,MAPK1,BXPC3,TGFB,11,0.875,0.875,0.6136363636363636,0.37401904638588446,0.125,0.125,0.0,False
Jiang24 Seen Perturbation,bxpc3+TGFB_MAPK14,bxpc3+TGFB,MAPK14,BXPC3,TGFB,17,0.75,0.75,0.5735294117647058,0.010012804110735353,0.75,0.25,0.5,True
Jiang24 Seen Perturbation,bxpc3+TGFB_MED15,bxpc3+TGFB,MED15,BXPC3,TGFB,5,0.72,0.72,0.616,-0.0444012284208872,0.28,0.28,0.0,False
Jiang24 Seen Perturbation,bxpc3+TGFB_NFKB1,bxpc3+TGFB,NFKB1,BXPC3,TGFB,21,1.0,1.0,0.7301587301587301,0.19836288819582557,0.3333333333333333,0.0,0.3333333333333333,True
Jiang24 Seen Perturbation,bxpc3+TGFB_NRAS,bxpc3+TGFB,NRAS,BXPC3,TGFB,5,1.0,1.0,0.76,0.04028842579492357,0.08,0.0,0.08,True
Jiang24 Seen Perturbation,bxpc3+TGFB_PIK3CA,bxpc3+TGFB,PIK3CA,BXPC3,TGFB,21,0.0,0.0,0.19047619047619047,,1.0,1.0,0.0,False
Jiang24 Seen Perturbation,bxpc3+TGFB_PPP2CA,bxpc3+TGFB,PPP2CA,BXPC3,TGFB,5,0.0,0.0,0.2,,0.0,1.0,-1.0,False
Jiang24 Seen Perturbation,bxpc3+TGFB_RAF1,bxpc3+TGFB,RAF1,BXPC3,TGFB,5,0.9375,0.9375,0.8125,-0.038127158780858594,0.125,0.0625,0.0625,True
Jiang24 Seen Perturbation,bxpc3+TGFB_RBL1,bxpc3+TGFB,RBL1,BXPC3,TGFB,5,0.92,0.92,0.72,0.4200820599863957,0.08,0.08,0.0,False
Jiang24 Seen Perturbation,bxpc3+TGFB_RELA,bxpc3+TGFB,RELA,BXPC3,TGFB,5,1.0,1.0,0.6,,0.0,0.0,0.0,False
Jiang24 Seen Perturbation,bxpc3+TGFB_RHOA,bxpc3+TGFB,RHOA,BXPC3,TGFB,5,0.96,0.96,0.776,0.46990604292783605,0.12,0.04,0.07999999999999999,True
Jiang24 Seen Perturbation,bxpc3+TGFB_RUNX3,bxpc3+TGFB,RUNX3,BXPC3,TGFB,5,1.0,1.0,0.7,-0.2,0.5,0.0,0.5,True
Jiang24 Seen Perturbation,bxpc3+TGFB_SMAD3,bxpc3+TGFB,SMAD3,BXPC3,TGFB,5,1.0,1.0,0.8,,0.0,0.0,0.0,False
Jiang24 Seen Perturbation,bxpc3+TGFB_SMAD5,bxpc3+TGFB,SMAD5,BXPC3,TGFB,5,1.0,1.0,0.8240000000000001,0.02070552228799861,0.28,0.0,0.28,True
Jiang24 Seen Perturbation,bxpc3+TGFB_SMAD7,bxpc3+TGFB,SMAD7,BXPC3,TGFB,5,0.7857142857142857,0.7857142857142857,0.6571428571428571,0.09384843731462691,0.21428571428571427,0.21428571428571427,0.0,False
Jiang24 Seen Perturbation,bxpc3+TGFB_SMURF1,bxpc3+TGFB,SMURF1,BXPC3,TGFB,5,0.6,0.6,0.6,0.6286854123964585,0.4,0.4,0.0,False
Jiang24 Seen Perturbation,bxpc3+TGFB_SMURF2,bxpc3+TGFB,SMURF2,BXPC3,TGFB,5,1.0,1.0,1.0,,0.0,0.0,0.0,False
Jiang24 Seen Perturbation,bxpc3+TGFB_TGFBR1,bxpc3+TGFB,TGFBR1,BXPC3,TGFB,5,0.72,0.72,0.56,0.4907954905620821,0.04,0.28,-0.24000000000000002,False
Jiang24 Seen Perturbation,bxpc3+TGFB_TGFBR2,bxpc3+TGFB,TGFBR2,BXPC3,TGFB,5,0.64,0.64,0.528,0.18728093225334663,0.04,0.36,-0.32,False
Jiang24 Seen Perturbation,bxpc3+TGFB_TGFBR3,bxpc3+TGFB,TGFBR3,BXPC3,TGFB,5,0.5,0.5,0.6,1.0,0.5,0.5,0.0,False
Jiang24 Seen Perturbation,bxpc3+TGFB_TGIF1,bxpc3+TGFB,TGIF1,BXPC3,TGFB,5,0.84,0.84,0.6479999999999999,-0.07584418521691874,0.16,0.16,0.0,False
Jiang24 Seen Perturbation,bxpc3+TNFA_ARID5B,bxpc3+TNFA,ARID5B,BXPC3,TNFA,5,0.88,0.88,0.656,0.29187560798503986,0.24,0.12,0.12,True
Jiang24 Seen Perturbation,bxpc3+TNFA_BATF,bxpc3+TNFA,BATF,BXPC3,TNFA,5,0.7777777777777778,0.7777777777777778,0.6333333333333334,0.12266975475890929,0.4444444444444444,0.2222222222222222,0.2222222222222222,True
Jiang24 Seen Perturbation,bxpc3+TNFA_BIRC2,bxpc3+TNFA,BIRC2,BXPC3,TNFA,5,0.76,0.76,0.6080000000000001,0.04221036977287528,0.4,0.24,0.16000000000000003,True
Jiang24 Seen Perturbation,bxpc3+TNFA_BIRC3,bxpc3+TNFA,BIRC3,BXPC3,TNFA,5,0.7,0.7,0.6,0.7155132737774025,0.35,0.3,0.04999999999999999,True
Jiang24 Seen Perturbation,bxpc3+TNFA_CASP10,bxpc3+TNFA,CASP10,BXPC3,TNFA,5,0.96,0.96,0.8960000000000001,0.105006236013057,0.12,0.04,0.07999999999999999,True
Jiang24 Seen Perturbation,bxpc3+TNFA_CASP7,bxpc3+TNFA,CASP7,BXPC3,TNFA,5,0.6666666666666666,0.6666666666666666,0.5466666666666666,0.029851731741224314,0.26666666666666666,0.3333333333333333,-0.06666666666666665,False
Jiang24 Seen Perturbation,bxpc3+TNFA_CASP8,bxpc3+TNFA,CASP8,BXPC3,TNFA,5,1.0,1.0,0.8320000000000001,-0.08497777887968133,0.36,0.0,0.36,True
Jiang24 Seen Perturbation,bxpc3+TNFA_CEBPB,bxpc3+TNFA,CEBPB,BXPC3,TNFA,17,0.96,0.96,0.6752941176470588,0.0557021198354617,0.4,0.04,0.36000000000000004,True
Jiang24 Seen Perturbation,bxpc3+TNFA_CREB1,bxpc3+TNFA,CREB1,BXPC3,TNFA,5,1.0,1.0,0.65,-0.14418163344768448,0.25,0.0,0.25,True
Jiang24 Seen Perturbation,bxpc3+TNFA_CSF1,bxpc3+TNFA,CSF1,BXPC3,TNFA,5,0.88,0.88,0.512,-0.0338534397688065,0.28,0.12,0.16000000000000003,True
Jiang24 Seen Perturbation,bxpc3+TNFA_CSF2,bxpc3+TNFA,CSF2,BXPC3,TNFA,5,1.0,1.0,0.8,0.19999999999999996,0.0,0.0,0.0,False
Jiang24 Seen Perturbation,bxpc3+TNFA_DNM1L,bxpc3+TNFA,DNM1L,BXPC3,TNFA,5,0.96,0.96,0.8320000000000001,-0.028497117941831983,0.28,0.04,0.24000000000000002,True
Jiang24 Seen Perturbation,bxpc3+TNFA_FADD,bxpc3+TNFA,FADD,BXPC3,TNFA,5,0.84,0.84,0.624,0.18265357869707685,0.48,0.16,0.31999999999999995,True
Jiang24 Seen Perturbation,bxpc3+TNFA_FOS,bxpc3+TNFA,FOS,BXPC3,TNFA,21,1.0,1.0,0.6761904761904762,3.709251053202718e-05,0.24,0.0,0.24,True
Jiang24 Seen Perturbation,bxpc3+TNFA_ID2,bxpc3+TNFA,ID2,BXPC3,TNFA,11,0.0,0.0,0.2727272727272727,,0.0,1.0,-1.0,False
Jiang24 Seen Perturbation,bxpc3+TNFA_IKBKB,bxpc3+TNFA,IKBKB,BXPC3,TNFA,15,1.0,1.0,0.8320000000000001,0.06763967080231428,0.08,0.0,0.08,True
Jiang24 Seen Perturbation,bxpc3+TNFA_IKBKE,bxpc3+TNFA,IKBKE,BXPC3,TNFA,5,0.8,0.8,0.5920000000000001,0.04872058906540011,0.24,0.2,0.03999999999999998,True
Jiang24 Seen Perturbation,bxpc3+TNFA_IKBKG,bxpc3+TNFA,IKBKG,BXPC3,TNFA,5,0.92,0.92,0.632,0.00788048022978069,0.28,0.08,0.2,True
Jiang24 Seen Perturbation,bxpc3+TNFA_ITCH,bxpc3+TNFA,ITCH,BXPC3,TNFA,5,0.92,0.92,0.8160000000000001,0.726907605022032,0.44,0.08,0.36,True
Jiang24 Seen Perturbation,bxpc3+TNFA_JUN,bxpc3+TNFA,JUN,BXPC3,TNFA,22,0.92,0.92,0.6036363636363636,0.18363086688457866,0.48,0.08,0.39999999999999997,True
Jiang24 Seen Perturbation,bxpc3+TNFA_KLF6,bxpc3+TNFA,KLF6,BXPC3,TNFA,5,0.5,0.5,0.7,0.2,0.0,0.5,-0.5,False
Jiang24 Seen Perturbation,bxpc3+TNFA_MAP2K3,bxpc3+TNFA,MAP2K3,BXPC3,TNFA,5,0.6666666666666666,0.6666666666666666,0.5714285714285714,0.2220522662902753,0.2857142857142857,0.3333333333333333,-0.047619047619047616,False
Jiang24 Seen Perturbation,bxpc3+TNFA_MAP3K7,bxpc3+TNFA,MAP3K7,BXPC3,TNFA,10,0.92,0.92,0.6479999999999999,0.09360745593132007,0.36,0.08,0.27999999999999997,True
Jiang24 Seen Perturbation,bxpc3+TNFA_MAPK14,bxpc3+TNFA,MAPK14,BXPC3,TNFA,16,0.84,0.84,0.585,0.12449998075500886,0.24,0.16,0.07999999999999999,True
Jiang24 Seen Perturbation,bxpc3+TNFA_MAPK9,bxpc3+TNFA,MAPK9,BXPC3,TNFA,5,0.5,0.5,0.5,-0.36756917976214715,0.5,0.5,0.0,False
Jiang24 Seen Perturbation,bxpc3+TNFA_MMP9,bxpc3+TNFA,MMP9,BXPC3,TNFA,5,0.0,0.0,0.2,,0.0,1.0,-1.0,False
Jiang24 Seen Perturbation,bxpc3+TNFA_MTF1,bxpc3+TNFA,MTF1,BXPC3,TNFA,5,0.5,0.5,0.5571428571428572,0.13739775959440523,0.5,0.5,0.0,False
Jiang24 Seen Perturbation,bxpc3+TNFA_NFAT5,bxpc3+TNFA,NFAT5,BXPC3,TNFA,5,0.96,0.96,0.8480000000000001,0.31944644211479395,0.32,0.04,0.28,True
Jiang24 Seen Perturbation,bxpc3+TNFA_NFKB1,bxpc3+TNFA,NFKB1,BXPC3,TNFA,22,1.0,1.0,0.6800000000000002,0.24357118368278538,0.08,0.0,0.08,True
Jiang24 Seen Perturbation,bxpc3+TNFA_NFKBIA,bxpc3+TNFA,NFKBIA,BXPC3,TNFA,5,0.3333333333333333,0.3333333333333333,0.4,0.37524940829618414,0.0,0.6666666666666666,-0.6666666666666666,False
Jiang24 Seen Perturbation,bxpc3+TNFA_NFKBIE,bxpc3+TNFA,NFKBIE,BXPC3,TNFA,5,0.5,0.5,0.6,0.6,0.0,0.5,-0.5,False
Jiang24 Seen Perturbation,bxpc3+TNFA_NKX3-1,bxpc3+TNFA,NKX3-1,BXPC3,TNFA,5,1.0,1.0,0.6,,1.0,0.0,1.0,True
Jiang24 Seen Perturbation,bxpc3+TNFA_PDCD5,bxpc3+TNFA,PDCD5,BXPC3,TNFA,5,0.84,0.84,0.6960000000000001,0.01612744022973805,0.24,0.16,0.07999999999999999,True
Jiang24 Seen Perturbation,bxpc3+TNFA_PIK3CA,bxpc3+TNFA,PIK3CA,BXPC3,TNFA,21,1.0,1.0,0.6857142857142856,0.1071216900295671,0.36,0.0,0.36,True
Jiang24 Seen Perturbation,bxpc3+TNFA_PTGS2,bxpc3+TNFA,PTGS2,BXPC3,TNFA,5,0.8333333333333334,0.8333333333333334,0.575,0.1144097965606548,0.2916666666666667,0.16666666666666666,0.12500000000000003,True
Jiang24 Seen Perturbation,bxpc3+TNFA_RELB,bxpc3+TNFA,RELB,BXPC3,TNFA,5,1.0,1.0,0.7,0.2,0.0,0.0,0.0,False
Jiang24 Seen Perturbation,bxpc3+TNFA_SOX4,bxpc3+TNFA,SOX4,BXPC3,TNFA,5,0.8,0.8,0.632,-0.1533803783055183,0.36,0.2,0.15999999999999998,True
Jiang24 Seen Perturbation,bxpc3+TNFA_SOX9,bxpc3+TNFA,SOX9,BXPC3,TNFA,5,0.88,0.88,0.7520000000000001,-0.11059808186117932,0.2,0.12,0.08000000000000002,True
Jiang24 Seen Perturbation,bxpc3+TNFA_TNFRSF1A,bxpc3+TNFA,TNFRSF1A,BXPC3,TNFA,5,0.92,0.92,0.752,0.13728176586161261,0.16,0.08,0.08,True
Jiang24 Seen Perturbation,bxpc3+TNFA_TNFRSF1B,bxpc3+TNFA,TNFRSF1B,BXPC3,TNFA,5,0.5,0.5,0.3,-0.5,0.5,0.5,0.0,False
Jiang24 Seen Perturbation,bxpc3+TNFA_TRAF1,bxpc3+TNFA,TRAF1,BXPC3,TNFA,5,0.84,0.84,0.6960000000000001,0.0956015887221804,0.16,0.16,0.0,False
Jiang24 Seen Perturbation,bxpc3+TNFA_TRAF2,bxpc3+TNFA,TRAF2,BXPC3,TNFA,5,0.84,0.84,0.608,-0.09035426708897458,0.32,0.16,0.16,True
Jiang24 Seen Perturbation,bxpc3+TNFA_TRAF3,bxpc3+TNFA,TRAF3,BXPC3,TNFA,5,0.8,0.8,0.6,-0.003859902495980949,0.2,0.2,0.0,False
Jiang24 Seen Perturbation,bxpc3+TNFA_ZNF22,bxpc3+TNFA,ZNF22,BXPC3,TNFA,5,0.6666666666666666,0.6666666666666666,0.5333333333333333,-0.45438207663325764,0.16666666666666666,0.3333333333333333,-0.16666666666666666,False
Jiang24 Seen Perturbation,bxpc3+TNFA_ZNF267,bxpc3+TNFA,ZNF267,BXPC3,TNFA,11,0.92,0.92,0.6799999999999998,0.01567749690406889,0.2,0.08,0.12000000000000001,True
Jiang24 Seen Perturbation,hap1+IFNB_ADAR,hap1+IFNB,ADAR,HAP1,IFNB,5,0.76,0.76,0.752,0.2546467807521645,0.24,0.24,0.0,False
Jiang24 Seen Perturbation,hap1+IFNB_AKT1,hap1+IFNB,AKT1,HAP1,IFNB,11,0.8,0.8,0.49090909090909096,-0.008612407196639022,0.2,0.2,0.0,False
Jiang24 Seen Perturbation,hap1+IFNB_BATF2,hap1+IFNB,BATF2,HAP1,IFNB,10,0.75,0.75,0.525,0.015115078799129355,0.75,0.25,0.5,True
Jiang24 Seen Perturbation,hap1+IFNB_CEBPB,hap1+IFNB,CEBPB,HAP1,IFNB,15,1.0,1.0,0.6826666666666665,-0.04470859573740748,0.28,0.0,0.28,True
Jiang24 Seen Perturbation,hap1+IFNB_CEBPG,hap1+IFNB,CEBPG,HAP1,IFNB,5,0.5,0.5,0.2,1.0,0.5,0.5,0.0,False
Jiang24 Seen Perturbation,hap1+IFNB_CRKL,hap1+IFNB,CRKL,HAP1,IFNB,5,0.88,0.88,0.7360000000000001,-0.015879864141210055,0.24,0.12,0.12,True
Jiang24 Seen Perturbation,hap1+IFNB_DRAP1,hap1+IFNB,DRAP1,HAP1,IFNB,5,0.56,0.56,0.52,0.018588760334850733,0.48,0.44,0.03999999999999998,True
Jiang24 Seen Perturbation,hap1+IFNB_DTX3L,hap1+IFNB,DTX3L,HAP1,IFNB,5,1.0,1.0,0.6,1.0,0.0,0.0,0.0,False
Jiang24 Seen Perturbation,hap1+IFNB_ELK1,hap1+IFNB,ELK1,HAP1,IFNB,11,0.64,0.64,0.5418181818181819,0.34374619168290355,0.24,0.36,-0.12,False
Jiang24 Seen Perturbation,hap1+IFNB_ETS1,hap1+IFNB,ETS1,HAP1,IFNB,5,0.7777777777777778,0.7777777777777778,0.6222222222222221,-0.12689753172945986,0.1111111111111111,0.2222222222222222,-0.1111111111111111,False
Jiang24 Seen Perturbation,hap1+IFNB_ETS2,hap1+IFNB,ETS2,HAP1,IFNB,5,1.0,1.0,1.0,,1.0,0.0,1.0,True
Jiang24 Seen Perturbation,hap1+IFNB_FOS,hap1+IFNB,FOS,HAP1,IFNB,22,1.0,1.0,0.790909090909091,0.7668572377841705,0.0,0.0,0.0,False
Jiang24 Seen Perturbation,hap1+IFNB_HERC5,hap1+IFNB,HERC5,HAP1,IFNB,5,0.6666666666666666,0.6666666666666666,0.5333333333333334,0.722732300959925,0.5,0.3333333333333333,0.16666666666666669,True
Jiang24 Seen Perturbation,hap1+IFNB_HERC6,hap1+IFNB,HERC6,HAP1,IFNB,5,1.0,1.0,0.75,0.9409240136316553,0.25,0.0,0.25,True
Jiang24 Seen Perturbation,hap1+IFNB_HES4,hap1+IFNB,HES4,HAP1,IFNB,5,1.0,1.0,0.825,0.15285801442024907,0.5,0.0,0.5,True
Jiang24 Seen Perturbation,hap1+IFNB_ID1,hap1+IFNB,ID1,HAP1,IFNB,5,0.96,0.96,0.7440000000000001,0.01008081473337268,0.0,0.04,-0.04,False
Jiang24 Seen Perturbation,hap1+IFNB_ID3,hap1+IFNB,ID3,HAP1,IFNB,5,0.84,0.84,0.6159999999999999,0.04042267235088565,0.24,0.16,0.07999999999999999,True
Jiang24 Seen Perturbation,hap1+IFNB_IFNAR1,hap1+IFNB,IFNAR1,HAP1,IFNB,5,1.0,1.0,0.992,0.31589156230585147,0.0,0.0,0.0,False
Jiang24 Seen Perturbation,hap1+IFNB_IFNAR2,hap1+IFNB,IFNAR2,HAP1,IFNB,5,1.0,1.0,0.984,0.09827286702759012,0.0,0.0,0.0,False
Jiang24 Seen Perturbation,hap1+IFNB_IRF1,hap1+IFNB,IRF1,HAP1,IFNB,15,1.0,1.0,1.0,,1.0,0.0,1.0,True
Jiang24 Seen Perturbation,hap1+IFNB_IRF7,hap1+IFNB,IRF7,HAP1,IFNB,16,1.0,1.0,0.875,,0.0,0.0,0.0,False
Jiang24 Seen Perturbation,hap1+IFNB_IRF9,hap1+IFNB,IRF9,HAP1,IFNB,10,0.92,0.92,0.72,0.3378702425143697,0.24,0.08,0.15999999999999998,True
Jiang24 Seen Perturbation,hap1+IFNB_JAK1,hap1+IFNB,JAK1,HAP1,IFNB,10,1.0,1.0,0.6857142857142857,0.7048295865363028,0.2857142857142857,0.0,0.2857142857142857,True
Jiang24 Seen Perturbation,hap1+IFNB_MAP3K14,hap1+IFNB,MAP3K14,HAP1,IFNB,10,1.0,1.0,0.5,,0.0,0.0,0.0,False
Jiang24 Seen Perturbation,hap1+IFNB_MAPK14,hap1+IFNB,MAPK14,HAP1,IFNB,16,0.6666666666666666,0.6666666666666666,0.6041666666666666,-0.25436400024132405,0.6666666666666666,0.3333333333333333,0.3333333333333333,True
Jiang24 Seen Perturbation,hap1+IFNB_MEF2A,hap1+IFNB,MEF2A,HAP1,IFNB,5,0.7777777777777778,0.7777777777777778,0.6666666666666666,0.9573739580314828,0.1111111111111111,0.2222222222222222,-0.1111111111111111,False
Jiang24 Seen Perturbation,hap1+IFNB_NFKB1,hap1+IFNB,NFKB1,HAP1,IFNB,21,0.96,0.96,0.7752380952380953,0.7329198951714566,0.04,0.04,0.0,False
Jiang24 Seen Perturbation,hap1+IFNB_PARP12,hap1+IFNB,PARP12,HAP1,IFNB,10,1.0,1.0,1.0,,0.0,0.0,0.0,False
Jiang24 Seen Perturbation,hap1+IFNB_POU2F1,hap1+IFNB,POU2F1,HAP1,IFNB,5,1.0,1.0,0.808,-0.002122157727012289,0.16,0.0,0.16,True
Jiang24 Seen Perturbation,hap1+IFNB_RAPGEF1,hap1+IFNB,RAPGEF1,HAP1,IFNB,5,0.88,0.88,0.744,0.13153670056355785,0.16,0.12,0.04000000000000001,True
Jiang24 Seen Perturbation,hap1+IFNB_SMARCA5,hap1+IFNB,SMARCA5,HAP1,IFNB,5,0.88,0.88,0.6880000000000001,0.17252679405537377,0.32,0.12,0.2,True
Jiang24 Seen Perturbation,hap1+IFNB_SP110,hap1+IFNB,SP110,HAP1,IFNB,10,0.96,0.96,0.72,0.046498316707349566,0.32,0.04,0.28,True
Jiang24 Seen Perturbation,hap1+IFNB_STAT1,hap1+IFNB,STAT1,HAP1,IFNB,10,1.0,1.0,0.852,0.39451277208285684,0.0,0.0,0.0,False
Jiang24 Seen Perturbation,hap1+IFNB_STAT2,hap1+IFNB,STAT2,HAP1,IFNB,10,1.0,1.0,0.96,0.3367117261766331,0.0,0.0,0.0,False
Jiang24 Seen Perturbation,hap1+IFNB_STAT3,hap1+IFNB,STAT3,HAP1,IFNB,10,0.0,0.0,0.3,,0.0,1.0,-1.0,False
Jiang24 Seen Perturbation,hap1+IFNB_STAT6,hap1+IFNB,STAT6,HAP1,IFNB,5,1.0,1.0,0.6799999999999999,0.019940716853790397,0.2,0.0,0.2,True
Jiang24 Seen Perturbation,hap1+IFNB_TRAFD1,hap1+IFNB,TRAFD1,HAP1,IFNB,10,0.75,0.75,0.6125,0.18522997781555103,0.0,0.25,-0.25,False
Jiang24 Seen Perturbation,hap1+IFNB_TRIM21,hap1+IFNB,TRIM21,HAP1,IFNB,5,0.96,0.96,0.792,0.20682463360714154,0.04,0.04,0.0,False
Jiang24 Seen Perturbation,hap1+IFNB_TRIM22,hap1+IFNB,TRIM22,HAP1,IFNB,5,0.76,0.76,0.5920000000000001,0.9116017351341075,0.28,0.24,0.040000000000000036,True
Jiang24 Seen Perturbation,hap1+IFNB_TYK2,hap1+IFNB,TYK2,HAP1,IFNB,5,1.0,1.0,0.968,0.3388122028183229,0.04,0.0,0.04,True
Jiang24 Seen Perturbation,hap1+IFNB_UBA7,hap1+IFNB,UBA7,HAP1,IFNB,5,0.8,0.8,0.6399999999999999,-0.1001989597808464,0.1,0.2,-0.1,False
Jiang24 Seen Perturbation,hap1+IFNB_USP18,hap1+IFNB,USP18,HAP1,IFNB,5,0.96,0.96,0.808,0.8070698102692345,0.24,0.04,0.19999999999999998,True
Jiang24 Seen Perturbation,hap1+IFNB_ZNFX1,hap1+IFNB,ZNFX1,HAP1,IFNB,10,1.0,1.0,0.9,0.9109783286077716,0.6666666666666666,0.0,0.6666666666666666,True
Jiang24 Seen Perturbation,hap1+IFNG_ATF3,hap1+IFNG,ATF3,HAP1,IFNG,4,1.0,1.0,1.0,,0.0,0.0,0.0,False
Jiang24 Seen Perturbation,hap1+IFNG_ATF5,hap1+IFNG,ATF5,HAP1,IFNG,4,0.92,0.92,0.71,0.04915608545707631,0.4,0.08,0.32,True
Jiang24 Seen Perturbation,hap1+IFNG_BATF2,hap1+IFNG,BATF2,HAP1,IFNG,10,1.0,1.0,0.6,0.4,0.5,0.0,0.5,True
Jiang24 Seen Perturbation,hap1+IFNG_CEBPB,hap1+IFNG,CEBPB,HAP1,IFNG,16,0.8333333333333334,0.8333333333333334,0.6770833333333334,-0.0026943370033233396,0.3333333333333333,0.16666666666666666,0.16666666666666666,True
Jiang24 Seen Perturbation,hap1+IFNG_CLK1,hap1+IFNG,CLK1,HAP1,IFNG,4,1.0,1.0,0.98,-0.001895496298401661,0.08,0.0,0.08,True
Jiang24 Seen Perturbation,hap1+IFNG_CUL1,hap1+IFNG,CUL1,HAP1,IFNG,9,1.0,1.0,0.9022222222222221,-0.0616769222731699,0.08,0.0,0.08,True
Jiang24 Seen Perturbation,hap1+IFNG_EHF,hap1+IFNG,EHF,HAP1,IFNG,4,0.84,0.84,0.68,-0.061472466691060705,0.2,0.16,0.04000000000000001,True
Jiang24 Seen Perturbation,hap1+IFNG_FBXO6,hap1+IFNG,FBXO6,HAP1,IFNG,4,1.0,1.0,0.875,-0.15684565377843532,0.25,0.0,0.25,True
Jiang24 Seen Perturbation,hap1+IFNG_FMNL2,hap1+IFNG,FMNL2,HAP1,IFNG,4,1.0,1.0,0.875,1.0,0.0,0.0,0.0,False
Jiang24 Seen Perturbation,hap1+IFNG_GUK1,hap1+IFNG,GUK1,HAP1,IFNG,4,0.8,0.8,0.66,-0.0342998287471243,0.44,0.2,0.24,True
Jiang24 Seen Perturbation,hap1+IFNG_HLX,hap1+IFNG,HLX,HAP1,IFNG,4,1.0,1.0,0.9199999999999999,-0.012513769667180666,0.16,0.0,0.16,True
Jiang24 Seen Perturbation,hap1+IFNG_IFI16,hap1+IFNG,IFI16,HAP1,IFNG,10,1.0,1.0,0.908,0.2177212309931471,0.12,0.0,0.12,True
Jiang24 Seen Perturbation,hap1+IFNG_IFNGR1,hap1+IFNG,IFNGR1,HAP1,IFNG,4,0.92,0.92,0.8300000000000001,0.16769588444879285,0.0,0.08,-0.08,False
Jiang24 Seen Perturbation,hap1+IFNG_IFNGR2,hap1+IFNG,IFNGR2,HAP1,IFNG,4,0.68,0.68,0.7100000000000001,0.7029660549892437,0.0,0.32,-0.32,False
Jiang24 Seen Perturbation,hap1+IFNG_IRF1,hap1+IFNG,IRF1,HAP1,IFNG,16,0.8,0.8,0.66,0.3289705917850747,0.32,0.2,0.12,True
Jiang24 Seen Perturbation,hap1+IFNG_IRF2,hap1+IFNG,IRF2,HAP1,IFNG,4,0.92,0.92,0.73,-0.12625204077831967,0.2,0.08,0.12000000000000001,True
Jiang24 Seen Perturbation,hap1+IFNG_IRF9,hap1+IFNG,IRF9,HAP1,IFNG,10,1.0,1.0,0.8160000000000001,0.2533751814279199,0.08,0.0,0.08,True
Jiang24 Seen Perturbation,hap1+IFNG_JAK1,hap1+IFNG,JAK1,HAP1,IFNG,10,0.84,0.84,0.72,0.1348397306586016,0.0,0.16,-0.16,False
Jiang24 Seen Perturbation,hap1+IFNG_JAK2,hap1+IFNG,JAK2,HAP1,IFNG,4,0.76,0.76,0.78,0.3202593802005924,0.0,0.24,-0.24,False
Jiang24 Seen Perturbation,hap1+IFNG_KIN,hap1+IFNG,KIN,HAP1,IFNG,4,0.96,0.96,0.9099999999999999,-0.05849460475184734,0.0,0.04,-0.04,False
Jiang24 Seen Perturbation,hap1+IFNG_MCRS1,hap1+IFNG,MCRS1,HAP1,IFNG,4,1.0,1.0,0.99,-0.0943364005499887,0.12,0.0,0.12,True
Jiang24 Seen Perturbation,hap1+IFNG_NFKB1,hap1+IFNG,NFKB1,HAP1,IFNG,21,1.0,1.0,0.7942857142857145,0.5568484319130518,0.16,0.0,0.16,True
Jiang24 Seen Perturbation,hap1+IFNG_PIK3CA,hap1+IFNG,PIK3CA,HAP1,IFNG,21,1.0,1.0,0.7238095238095239,0.0008200198198289057,0.12,0.0,0.12,True
Jiang24 Seen Perturbation,hap1+IFNG_PLEK,hap1+IFNG,PLEK,HAP1,IFNG,4,0.5,0.5,0.375,-1.0,0.5,0.5,0.0,False
Jiang24 Seen Perturbation,hap1+IFNG_PPARG,hap1+IFNG,PPARG,HAP1,IFNG,4,1.0,1.0,0.95,0.19656342190586545,0.04,0.0,0.04,True
Jiang24 Seen Perturbation,hap1+IFNG_PRDM1,hap1+IFNG,PRDM1,HAP1,IFNG,4,1.0,1.0,0.75,,0.0,0.0,0.0,False
Jiang24 Seen Perturbation,hap1+IFNG_PTGES3,hap1+IFNG,PTGES3,HAP1,IFNG,4,0.92,0.92,0.8200000000000001,0.12765793201100722,0.2,0.08,0.12000000000000001,True
Jiang24 Seen Perturbation,hap1+IFNG_PTPN11,hap1+IFNG,PTPN11,HAP1,IFNG,4,1.0,1.0,0.75,0.0,0.0,0.0,0.0,False
Jiang24 Seen Perturbation,hap1+IFNG_RARRES3,hap1+IFNG,RARRES3,HAP1,IFNG,4,0.88,0.88,0.7899999999999999,-0.07152544618430104,0.16,0.12,0.04000000000000001,True
Jiang24 Seen Perturbation,hap1+IFNG_RFX5,hap1+IFNG,RFX5,HAP1,IFNG,4,0.88,0.88,0.72,0.5671286481483547,0.16,0.12,0.04000000000000001,True
Jiang24 Seen Perturbation,hap1+IFNG_SOX2,hap1+IFNG,SOX2,HAP1,IFNG,4,0.96,0.96,0.8999999999999999,-0.05458016724995321,0.04,0.04,0.0,False
Jiang24 Seen Perturbation,hap1+IFNG_SP100,hap1+IFNG,SP100,HAP1,IFNG,10,1.0,1.0,1.0,,0.0,0.0,0.0,False
Jiang24 Seen Perturbation,hap1+IFNG_SP110,hap1+IFNG,SP110,HAP1,IFNG,10,1.0,1.0,0.776,0.04122216903313696,0.16,0.0,0.16,True
Jiang24 Seen Perturbation,hap1+IFNG_SRC,hap1+IFNG,SRC,HAP1,IFNG,4,0.76,0.76,0.7100000000000001,0.010724820091684288,0.4,0.24,0.16000000000000003,True
Jiang24 Seen Perturbation,hap1+IFNG_STAT1,hap1+IFNG,STAT1,HAP1,IFNG,10,0.72,0.72,0.652,0.5298029786846203,0.0,0.28,-0.28,False
Jiang24 Seen Perturbation,hap1+IFNG_STAT2,hap1+IFNG,STAT2,HAP1,IFNG,10,1.0,1.0,0.8240000000000001,0.5724507539728575,0.12,0.0,0.12,True
Jiang24 Seen Perturbation,hap1+IFNG_STAT3,hap1+IFNG,STAT3,HAP1,IFNG,10,1.0,1.0,0.9,,1.0,0.0,1.0,True
Jiang24 Seen Perturbation,hap1+IFNG_TAPBPL,hap1+IFNG,TAPBPL,HAP1,IFNG,4,1.0,1.0,0.9099999999999999,-0.007025297349829686,0.16,0.0,0.16,True
Jiang24 Seen Perturbation,hap1+IFNG_TRAFD1,hap1+IFNG,TRAFD1,HAP1,IFNG,10,1.0,1.0,0.7,,0.0,0.0,0.0,False
Jiang24 Seen Perturbation,hap1+IFNG_TSC22D1,hap1+IFNG,TSC22D1,HAP1,IFNG,4,1.0,1.0,1.0,,0.0,0.0,0.0,False
Jiang24 Seen Perturbation,hap1+IFNG_ZC3H3,hap1+IFNG,ZC3H3,HAP1,IFNG,4,0.92,0.92,0.8200000000000001,-0.17268772195226617,0.2,0.08,0.12000000000000001,True
Jiang24 Seen Perturbation,hap1+IFNG_ZNF267,hap1+IFNG,ZNF267,HAP1,IFNG,10,1.0,1.0,0.8400000000000001,0.11855575888866435,0.32,0.0,0.32,True
Jiang24 Seen Perturbation,hap1+IFNG_ZNFX1,hap1+IFNG,ZNFX1,HAP1,IFNG,10,1.0,1.0,0.85,0.7410272974652025,0.25,0.0,0.25,True
Jiang24 Seen Perturbation,hap1+INS_COPS4,hap1+INS,COPS4,HAP1,INS,5,0.92,0.92,0.712,-0.09811270719835039,0.04,0.08,-0.04,False
Jiang24 Seen Perturbation,hap1+INS_DR1,hap1+INS,DR1,HAP1,INS,5,0.8,0.8,0.6880000000000001,0.2391834809197002,0.08,0.2,-0.12000000000000001,False
Jiang24 Seen Perturbation,hap1+INS_EIF2B1,hap1+INS,EIF2B1,HAP1,INS,5,0.4,0.4,0.4,-0.2583071599189763,0.12,0.6,-0.48,False
Jiang24 Seen Perturbation,hap1+INS_FOS,hap1+INS,FOS,HAP1,INS,21,1.0,1.0,0.6984126984126984,0.8696568262488388,0.3333333333333333,0.0,0.3333333333333333,True
Jiang24 Seen Perturbation,hap1+INS_FOXM1,hap1+INS,FOXM1,HAP1,INS,5,0.76,0.76,0.64,-0.06492949734173827,0.08,0.24,-0.15999999999999998,False
Jiang24 Seen Perturbation,hap1+INS_FOXO1,hap1+INS,FOXO1,HAP1,INS,5,1.0,1.0,1.0,,0.0,0.0,0.0,False
Jiang24 Seen Perturbation,hap1+INS_FOXO3,hap1+INS,FOXO3,HAP1,INS,5,1.0,1.0,0.8,1.0,0.0,0.0,0.0,False
Jiang24 Seen Perturbation,hap1+INS_FOXO4,hap1+INS,FOXO4,HAP1,INS,5,0.92,0.92,0.752,-0.06302911669765078,0.04,0.08,-0.04,False
Jiang24 Seen Perturbation,hap1+INS_IGF2,hap1+INS,IGF2,HAP1,INS,5,0.0,0.0,0.4,,0.0,1.0,-1.0,False
Jiang24 Seen Perturbation,hap1+INS_IKBKB,hap1+INS,IKBKB,HAP1,INS,15,1.0,1.0,0.7520000000000001,0.03782837818273395,0.04,0.0,0.04,True
Jiang24 Seen Perturbation,hap1+INS_IRS1,hap1+INS,IRS1,HAP1,INS,5,0.7142857142857143,0.7142857142857143,0.5571428571428572,-0.020536610504833262,0.2857142857142857,0.2857142857142857,0.0,False
Jiang24 Seen Perturbation,hap1+INS_IRS4,hap1+INS,IRS4,HAP1,INS,5,1.0,1.0,0.7,0.6,0.0,0.0,0.0,False
Jiang24 Seen Perturbation,hap1+INS_MAPK1,hap1+INS,MAPK1,HAP1,INS,10,1.0,1.0,0.76,0.9566163464932261,0.2,0.0,0.2,True
Jiang24 Seen Perturbation,hap1+INS_PIK3CA,hap1+INS,PIK3CA,HAP1,INS,21,1.0,1.0,0.7257142857142858,0.003092206529028336,0.12,0.0,0.12,True
Jiang24 Seen Perturbation,hap1+INS_POLR2G,hap1+INS,POLR2G,HAP1,INS,5,0.8,0.8,0.792,0.1590600262876415,0.04,0.2,-0.16,False
Jiang24 Seen Perturbation,hap1+INS_POLR2L,hap1+INS,POLR2L,HAP1,INS,5,0.92,0.92,0.72,0.11609233126898173,0.04,0.08,-0.04,False
Jiang24 Seen Perturbation,hap1+INS_PTEN,hap1+INS,PTEN,HAP1,INS,5,1.0,1.0,1.0,,0.0,0.0,0.0,False
Jiang24 Seen Perturbation,hap1+INS_RAD51,hap1+INS,RAD51,HAP1,INS,5,0.96,0.96,0.8560000000000001,0.33689065469989316,0.0,0.04,-0.04,False
Jiang24 Seen Perturbation,hap1+INS_RPS6KB1,hap1+INS,RPS6KB1,HAP1,INS,10,0.8,0.8,0.5599999999999999,-0.0068986010116588465,0.12,0.2,-0.08000000000000002,False
Jiang24 Seen Perturbation,hap1+INS_SHC1,hap1+INS,SHC1,HAP1,INS,5,0.72,0.72,0.512,-8.960692126188108e-05,0.04,0.28,-0.24000000000000002,False
Jiang24 Seen Perturbation,hap1+INS_SMARCE1,hap1+INS,SMARCE1,HAP1,INS,5,0.96,0.96,0.784,0.08542634077659084,0.04,0.04,0.0,False
Jiang24 Seen Perturbation,hap1+INS_SP1,hap1+INS,SP1,HAP1,INS,10,0.92,0.92,0.5120000000000001,-0.08839085449390016,0.24,0.08,0.15999999999999998,True
Jiang24 Seen Perturbation,hap1+INS_SREBF1,hap1+INS,SREBF1,HAP1,INS,5,1.0,1.0,0.8,,1.0,0.0,1.0,True
Jiang24 Seen Perturbation,hap1+INS_SREBF2,hap1+INS,SREBF2,HAP1,INS,5,0.0,0.0,0.4,,0.0,1.0,-1.0,False
Jiang24 Seen Perturbation,hap1+INS_SRF,hap1+INS,SRF,HAP1,INS,5,0.72,0.72,0.552,0.1132985923939454,0.08,0.28,-0.2,False
Jiang24 Seen Perturbation,hap1+INS_TAF3,hap1+INS,TAF3,HAP1,INS,5,0.68,0.68,0.6080000000000001,-0.006813824201092211,0.24,0.32,-0.08000000000000002,False
Jiang24 Seen Perturbation,hap1+INS_TAF7,hap1+INS,TAF7,HAP1,INS,5,0.3333333333333333,0.3333333333333333,0.3333333333333333,-0.08069118044151766,0.3333333333333333,0.6666666666666666,-0.3333333333333333,False
Jiang24 Seen Perturbation,hap1+INS_TAF8,hap1+INS,TAF8,HAP1,INS,5,0.88,0.88,0.752,0.23050360040293097,0.16,0.12,0.04000000000000001,True
Jiang24 Seen Perturbation,hap1+INS_TSC1,hap1+INS,TSC1,HAP1,INS,5,0.76,0.76,0.632,0.012491510259609007,0.28,0.24,0.040000000000000036,True
Jiang24 Seen Perturbation,hap1+INS_TSC2,hap1+INS,TSC2,HAP1,INS,5,0.4444444444444444,0.4444444444444444,0.3333333333333333,-0.19089151732311477,0.5555555555555556,0.5555555555555556,0.0,False
Jiang24 Seen Perturbation,hap1+INS_TTF1,hap1+INS,TTF1,HAP1,INS,5,0.92,0.92,0.688,0.09245756373198635,0.12,0.08,0.039999999999999994,True
Jiang24 Seen Perturbation,hap1+INS_TTF2,hap1+INS,TTF2,HAP1,INS,5,0.88,0.88,0.736,0.15797706074007664,0.04,0.12,-0.07999999999999999,False
Jiang24 Seen Perturbation,hap1+INS_XBP1,hap1+INS,XBP1,HAP1,INS,5,0.96,0.96,0.784,0.3354192999991411,0.08,0.04,0.04,True
Jiang24 Seen Perturbation,hap1+INS_ZNF593,hap1+INS,ZNF593,HAP1,INS,5,0.7142857142857143,0.7142857142857143,0.5142857142857142,-0.14551128872283686,0.0,0.2857142857142857,-0.2857142857142857,False
Jiang24 Seen Perturbation,hap1+TGFB_ATF2,hap1+TGFB,ATF2,HAP1,TGFB,5,1.0,1.0,0.8,,0.0,0.0,0.0,False
Jiang24 Seen Perturbation,hap1+TGFB_CHUK,hap1+TGFB,CHUK,HAP1,TGFB,15,1.0,1.0,0.9,0.3333333333333333,0.0,0.0,0.0,False
Jiang24 Seen Perturbation,hap1+TGFB_CREBBP,hap1+TGFB,CREBBP,HAP1,TGFB,5,0.64,0.64,0.592,0.04799956239650098,0.36,0.36,0.0,False
Jiang24 Seen Perturbation,hap1+TGFB_EP300,hap1+TGFB,EP300,HAP1,TGFB,5,0.88,0.88,0.72,0.15836108531413653,0.12,0.12,0.0,False
Jiang24 Seen Perturbation,hap1+TGFB_FOS,hap1+TGFB,FOS,HAP1,TGFB,21,1.0,1.0,0.7857142857142857,0.9047619047619048,0.0,0.0,0.0,False
Jiang24 Seen Perturbation,hap1+TGFB_FOXP2,hap1+TGFB,FOXP2,HAP1,TGFB,5,0.8,0.8,0.656,0.059593459538584435,0.08,0.2,-0.12000000000000001,False
Jiang24 Seen Perturbation,hap1+TGFB_HDAC4,hap1+TGFB,HDAC4,HAP1,TGFB,5,1.0,1.0,0.8320000000000001,0.7861130226091724,0.0,0.0,0.0,False
Jiang24 Seen Perturbation,hap1+TGFB_IKBKB,hap1+TGFB,IKBKB,HAP1,TGFB,15,1.0,1.0,0.84,0.08083833241877504,0.08,0.0,0.08,True
Jiang24 Seen Perturbation,hap1+TGFB_KRAS,hap1+TGFB,KRAS,HAP1,TGFB,5,0.5,0.5,0.6,-1.0,0.0,0.5,-0.5,False
Jiang24 Seen Perturbation,hap1+TGFB_MAPK1,hap1+TGFB,MAPK1,HAP1,TGFB,9,1.0,1.0,1.0,,0.0,0.0,0.0,False
Jiang24 Seen Perturbation,hap1+TGFB_NFKB1,hap1+TGFB,NFKB1,HAP1,TGFB,23,1.0,1.0,0.7373913043478261,0.7572029222066057,0.0,0.0,0.0,False
Jiang24 Seen Perturbation,hap1+TGFB_NRAS,hap1+TGFB,NRAS,HAP1,TGFB,5,1.0,1.0,0.776,0.2843465255903996,0.04,0.0,0.04,True
Jiang24 Seen Perturbation,hap1+TGFB_PIK3CA,hap1+TGFB,PIK3CA,HAP1,TGFB,21,1.0,1.0,0.6704761904761906,0.18347841149555558,0.12,0.0,0.12,True
Jiang24 Seen Perturbation,hap1+TGFB_PPP2CA,hap1+TGFB,PPP2CA,HAP1,TGFB,5,0.84,0.84,0.6239999999999999,0.022957638660605517,0.16,0.16,0.0,False
Jiang24 Seen Perturbation,hap1+TGFB_RAF1,hap1+TGFB,RAF1,HAP1,TGFB,5,0.96,1.0,0.72,0.08661803562455374,0.0,0.0,0.0,False
Jiang24 Seen Perturbation,hap1+TGFB_RBL1,hap1+TGFB,RBL1,HAP1,TGFB,5,0.88,0.92,0.736,0.6923561289972235,0.12,0.08,0.039999999999999994,True
Jiang24 Seen Perturbation,hap1+TGFB_RBX1,hap1+TGFB,RBX1,HAP1,TGFB,5,0.88,0.88,0.712,-0.10372954977879564,0.12,0.12,0.0,False
Jiang24 Seen Perturbation,hap1+TGFB_RHOA,hap1+TGFB,RHOA,HAP1,TGFB,5,0.96,0.96,0.728,0.1586624976433341,0.04,0.04,0.0,False
Jiang24 Seen Perturbation,hap1+TGFB_RPS6KB1,hap1+TGFB,RPS6KB1,HAP1,TGFB,9,0.8260869565217391,0.8260869565217391,0.5362318840579711,-0.02951468487493901,0.043478260869565216,0.17391304347826086,-0.13043478260869565,False
Jiang24 Seen Perturbation,hap1+TGFB_RUNX3,hap1+TGFB,RUNX3,HAP1,TGFB,5,1.0,1.0,1.0,,0.0,0.0,0.0,False
Jiang24 Seen Perturbation,hap1+TGFB_SKP1,hap1+TGFB,SKP1,HAP1,TGFB,5,0.92,0.92,0.768,-0.027097652263087673,0.08,0.08,0.0,False
Jiang24 Seen Perturbation,hap1+TGFB_SMAD1,hap1+TGFB,SMAD1,HAP1,TGFB,5,0.5,0.5,0.8,-0.6,0.5,0.5,0.0,False
Jiang24 Seen Perturbation,hap1+TGFB_SMAD2,hap1+TGFB,SMAD2,HAP1,TGFB,5,1.0,1.0,0.5,0.2,0.0,0.0,0.0,False
Jiang24 Seen Perturbation,hap1+TGFB_SMAD3,hap1+TGFB,SMAD3,HAP1,TGFB,5,0.5,0.5,0.7,1.0,0.0,0.5,-0.5,False
Jiang24 Seen Perturbation,hap1+TGFB_SMAD4,hap1+TGFB,SMAD4,HAP1,TGFB,5,0.64,0.64,0.568,0.08278664614907191,0.44,0.36,0.08000000000000002,True
Jiang24 Seen Perturbation,hap1+TGFB_SMAD5,hap1+TGFB,SMAD5,HAP1,TGFB,5,1.0,1.0,0.784,-0.03717414034470832,0.04,0.0,0.04,True
Jiang24 Seen Perturbation,hap1+TGFB_SMAD6,hap1+TGFB,SMAD6,HAP1,TGFB,5,1.0,1.0,1.0,,0.0,0.0,0.0,False
Jiang24 Seen Perturbation,hap1+TGFB_SMURF1,hap1+TGFB,SMURF1,HAP1,TGFB,5,1.0,1.0,1.0,,1.0,0.0,1.0,True
Jiang24 Seen Perturbation,hap1+TGFB_SMURF2,hap1+TGFB,SMURF2,HAP1,TGFB,5,0.5,0.5,0.8,1.0,0.5,0.5,0.0,False
Jiang24 Seen Perturbation,hap1+TGFB_SP1,hap1+TGFB,SP1,HAP1,TGFB,9,0.88,0.88,0.5777777777777777,-0.001587581141851751,0.04,0.12,-0.07999999999999999,False
Jiang24 Seen Perturbation,hap1+TGFB_TGFBR1,hap1+TGFB,TGFBR1,HAP1,TGFB,5,0.52,0.56,0.44800000000000006,0.3441246237553055,0.24,0.44,-0.2,False
Jiang24 Seen Perturbation,hap1+TGFB_TGFBR3,hap1+TGFB,TGFBR3,HAP1,TGFB,5,1.0,1.0,1.0,,0.0,0.0,0.0,False
Jiang24 Seen Perturbation,hap1+TGFB_TGIF1,hap1+TGFB,TGIF1,HAP1,TGFB,5,1.0,1.0,0.725,0.08054835858809636,0.125,0.0,0.125,True
Jiang24 Seen Perturbation,hap1+TNFA_ARID5B,hap1+TNFA,ARID5B,HAP1,TNFA,5,1.0,1.0,0.7040000000000001,0.09306309402318289,0.24,0.0,0.24,True
Jiang24 Seen Perturbation,hap1+TNFA_BIRC3,hap1+TNFA,BIRC3,HAP1,TNFA,5,0.7,0.7,0.62,0.2137249025012818,0.3,0.3,0.0,False
Jiang24 Seen Perturbation,hap1+TNFA_CASP10,hap1+TNFA,CASP10,HAP1,TNFA,5,1.0,1.0,0.8960000000000001,0.08195155759489733,0.12,0.0,0.12,True
Jiang24 Seen Perturbation,hap1+TNFA_CASP3,hap1+TNFA,CASP3,HAP1,TNFA,5,0.92,0.92,0.7040000000000001,-0.0075700894446948715,0.08,0.08,0.0,False
Jiang24 Seen Perturbation,hap1+TNFA_CASP7,hap1+TNFA,CASP7,HAP1,TNFA,5,0.5,0.5,0.7,1.0,0.0,0.5,-0.5,False
Jiang24 Seen Perturbation,hap1+TNFA_CASP8,hap1+TNFA,CASP8,HAP1,TNFA,5,0.96,0.96,0.9039999999999999,0.05274994359964569,0.16,0.04,0.12,True
Jiang24 Seen Perturbation,hap1+TNFA_CEBPB,hap1+TNFA,CEBPB,HAP1,TNFA,15,0.92,0.92,0.7013333333333333,0.0298336061579146,0.12,0.08,0.039999999999999994,True
Jiang24 Seen Perturbation,hap1+TNFA_CHUK,hap1+TNFA,CHUK,HAP1,TNFA,17,0.96,0.96,0.6588235294117648,0.004125271323193696,0.2,0.04,0.16,True
Jiang24 Seen Perturbation,hap1+TNFA_CREB1,hap1+TNFA,CREB1,HAP1,TNFA,5,0.7391304347826086,0.7391304347826086,0.6260869565217392,0.04877467745962392,0.17391304347826086,0.2608695652173913,-0.08695652173913043,False
Jiang24 Seen Perturbation,hap1+TNFA_CSF1,hap1+TNFA,CSF1,HAP1,TNFA,5,0.84,0.84,0.6079999999999999,0.14649828143436316,0.16,0.16,0.0,False
Jiang24 Seen Perturbation,hap1+TNFA_DNM1L,hap1+TNFA,DNM1L,HAP1,TNFA,5,1.0,1.0,0.8320000000000001,-0.22420261519138657,0.2,0.0,0.2,True
Jiang24 Seen Perturbation,hap1+TNFA_IKBKB,hap1+TNFA,IKBKB,HAP1,TNFA,17,1.0,1.0,0.7788235294117647,0.13147038825049545,0.16,0.0,0.16,True
Jiang24 Seen Perturbation,hap1+TNFA_IKBKE,hap1+TNFA,IKBKE,HAP1,TNFA,5,0.5,0.5,0.7,-0.2,0.5,0.5,0.0,False
Jiang24 Seen Perturbation,hap1+TNFA_IKBKG,hap1+TNFA,IKBKG,HAP1,TNFA,5,0.92,0.92,0.7040000000000001,0.10980405906344223,0.16,0.08,0.08,True
Jiang24 Seen Perturbation,hap1+TNFA_ITCH,hap1+TNFA,ITCH,HAP1,TNFA,5,1.0,1.0,0.8320000000000001,0.7357474999761705,0.12,0.0,0.12,True
Jiang24 Seen Perturbation,hap1+TNFA_JUN,hap1+TNFA,JUN,HAP1,TNFA,21,1.0,1.0,0.42857142857142855,,0.0,0.0,0.0,False
Jiang24 Seen Perturbation,hap1+TNFA_JUNB,hap1+TNFA,JUNB,HAP1,TNFA,5,1.0,1.0,0.7,0.029435118647351932,0.0,0.0,0.0,False
Jiang24 Seen Perturbation,hap1+TNFA_KLF6,hap1+TNFA,KLF6,HAP1,TNFA,5,1.0,1.0,1.0,,0.0,0.0,0.0,False
Jiang24 Seen Perturbation,hap1+TNFA_MAP3K14,hap1+TNFA,MAP3K14,HAP1,TNFA,9,0.6,0.6,0.5555555555555556,0.14084456963109088,0.0,0.4,-0.4,False
Jiang24 Seen Perturbation,hap1+TNFA_MAP3K7,hap1+TNFA,MAP3K7,HAP1,TNFA,11,1.0,1.0,0.4090909090909091,0.0,0.0,0.0,0.0,False
Jiang24 Seen Perturbation,hap1+TNFA_MAPK14,hap1+TNFA,MAPK14,HAP1,TNFA,15,1.0,1.0,0.5866666666666667,0.034436452559446405,0.0,0.0,0.0,False
Jiang24 Seen Perturbation,hap1+TNFA_MTF1,hap1+TNFA,MTF1,HAP1,TNFA,5,0.5714285714285714,0.5714285714285714,0.45714285714285713,-0.06730874671953294,0.0,0.42857142857142855,-0.42857142857142855,False
Jiang24 Seen Perturbation,hap1+TNFA_NFAT5,hap1+TNFA,NFAT5,HAP1,TNFA,5,1.0,1.0,0.8400000000000001,0.5232927867662482,0.24,0.0,0.24,True
Jiang24 Seen Perturbation,hap1+TNFA_NFKB1,hap1+TNFA,NFKB1,HAP1,TNFA,21,1.0,1.0,0.7542857142857142,0.6846228540782822,0.24,0.0,0.24,True
Jiang24 Seen Perturbation,hap1+TNFA_NFKBIA,hap1+TNFA,NFKBIA,HAP1,TNFA,5,1.0,1.0,1.0,,0.0,0.0,0.0,False
Jiang24 Seen Perturbation,hap1+TNFA_NFKBIE,hap1+TNFA,NFKBIE,HAP1,TNFA,5,0.4,0.4,0.44799999999999995,-0.09506998386935717,0.44,0.6,-0.15999999999999998,False
Jiang24 Seen Perturbation,hap1+TNFA_NKX3-1,hap1+TNFA,NKX3-1,HAP1,TNFA,5,1.0,1.0,0.5333333333333333,-0.1265102234087278,0.6666666666666666,0.0,0.6666666666666666,True
Jiang24 Seen Perturbation,hap1+TNFA_PDCD5,hap1+TNFA,PDCD5,HAP1,TNFA,5,0.88,0.88,0.744,0.002850242431013074,0.24,0.12,0.12,True
Jiang24 Seen Perturbation,hap1+TNFA_PIK3CA,hap1+TNFA,PIK3CA,HAP1,TNFA,23,1.0,1.0,0.7182608695652174,0.026539387760527458,0.36,0.0,0.36,True
Jiang24 Seen Perturbation,hap1+TNFA_PTGS2,hap1+TNFA,PTGS2,HAP1,TNFA,5,0.7647058823529411,0.7647058823529411,0.5176470588235295,0.15693290004465282,0.17647058823529413,0.23529411764705882,-0.05882352941176469,False
Jiang24 Seen Perturbation,hap1+TNFA_SOX4,hap1+TNFA,SOX4,HAP1,TNFA,5,0.88,0.88,0.7280000000000001,0.03334562508569394,0.32,0.12,0.2,True
Jiang24 Seen Perturbation,hap1+TNFA_SOX9,hap1+TNFA,SOX9,HAP1,TNFA,5,1.0,1.0,0.9040000000000001,0.058531262282797446,0.12,0.0,0.12,True
Jiang24 Seen Perturbation,hap1+TNFA_TRAF1,hap1+TNFA,TRAF1,HAP1,TNFA,5,0.92,0.92,0.688,0.11626347795228079,0.16,0.08,0.08,True
Jiang24 Seen Perturbation,hap1+TNFA_TRAF2,hap1+TNFA,TRAF2,HAP1,TNFA,5,0.8,0.8,0.9199999999999999,-0.4050081740756856,0.0,0.2,-0.2,False
Jiang24 Seen Perturbation,hap1+TNFA_TRAF3,hap1+TNFA,TRAF3,HAP1,TNFA,5,1.0,1.0,0.6285714285714284,0.8078733605903441,0.2857142857142857,0.0,0.2857142857142857,True
Jiang24 Seen Perturbation,hap1+TNFA_ZFP36L1,hap1+TNFA,ZFP36L1,HAP1,TNFA,5,1.0,1.0,0.8,,0.0,0.0,0.0,False
Jiang24 Seen Perturbation,hap1+TNFA_ZNF267,hap1+TNFA,ZNF267,HAP1,TNFA,11,1.0,1.0,0.7309090909090908,0.016867495271812638,0.04,0.0,0.04,True
Jiang24 Seen Perturbation,ht29+IFNB_ADAR,ht29+IFNB,ADAR,HT29,IFNB,4,0.96,0.96,0.7200000000000001,0.14836244368470605,0.32,0.04,0.28,True
Jiang24 Seen Perturbation,ht29+IFNB_BATF2,ht29+IFNB,BATF2,HT29,IFNB,10,1.0,1.0,0.7,,0.0,0.0,0.0,False
Jiang24 Seen Perturbation,ht29+IFNB_CEBPB,ht29+IFNB,CEBPB,HT29,IFNB,15,0.96,0.96,0.7253333333333334,0.10369532953394428,0.48,0.04,0.44,True
Jiang24 Seen Perturbation,ht29+IFNB_CRKL,ht29+IFNB,CRKL,HT29,IFNB,4,0.88,0.88,0.84,-0.047181791748654625,0.16,0.12,0.04000000000000001,True
Jiang24 Seen Perturbation,ht29+IFNB_DRAP1,ht29+IFNB,DRAP1,HT29,IFNB,4,0.8333333333333334,0.8333333333333334,0.5833333333333333,-0.16409429057586933,0.3333333333333333,0.16666666666666666,0.16666666666666666,True
Jiang24 Seen Perturbation,ht29+IFNB_DTX3L,ht29+IFNB,DTX3L,HT29,IFNB,4,1.0,1.0,1.0,,1.0,0.0,1.0,True
Jiang24 Seen Perturbation,ht29+IFNB_ELK1,ht29+IFNB,ELK1,HT29,IFNB,10,0.0,0.0,0.4,,1.0,1.0,0.0,False
Jiang24 Seen Perturbation,ht29+IFNB_ETS2,ht29+IFNB,ETS2,HT29,IFNB,4,1.0,1.0,0.6944444444444444,0.009790935616511969,0.3333333333333333,0.0,0.3333333333333333,True
Jiang24 Seen Perturbation,ht29+IFNB_FOS,ht29+IFNB,FOS,HT29,IFNB,21,1.0,1.0,0.6095238095238095,0.06570889667939037,0.6,0.0,0.6,True
Jiang24 Seen Perturbation,ht29+IFNB_HERC5,ht29+IFNB,HERC5,HT29,IFNB,4,1.0,1.0,1.0,,0.0,0.0,0.0,False
Jiang24 Seen Perturbation,ht29+IFNB_HERC6,ht29+IFNB,HERC6,HT29,IFNB,4,1.0,1.0,0.9166666666666666,0.9846963391553848,0.3333333333333333,0.0,0.3333333333333333,True
Jiang24 Seen Perturbation,ht29+IFNB_ID1,ht29+IFNB,ID1,HT29,IFNB,4,0.96,0.96,0.85,0.1604572611205785,0.16,0.04,0.12,True
Jiang24 Seen Perturbation,ht29+IFNB_ID2,ht29+IFNB,ID2,HT29,IFNB,9,0.7777777777777778,0.7777777777777778,0.6543209876543209,-0.032169185204332144,0.4444444444444444,0.2222222222222222,0.2222222222222222,True
Jiang24 Seen Perturbation,ht29+IFNB_ID3,ht29+IFNB,ID3,HT29,IFNB,4,1.0,1.0,0.7000000000000001,0.11289844338982268,0.2,0.0,0.2,True
Jiang24 Seen Perturbation,ht29+IFNB_IFI16,ht29+IFNB,IFI16,HT29,IFNB,10,1.0,1.0,0.9199999999999999,0.5198569725707045,0.08,0.0,0.08,True
Jiang24 Seen Perturbation,ht29+IFNB_IFNAR1,ht29+IFNB,IFNAR1,HT29,IFNB,4,1.0,1.0,1.0,0.032813893875441334,0.0,0.0,0.0,False
Jiang24 Seen Perturbation,ht29+IFNB_IFNAR2,ht29+IFNB,IFNAR2,HT29,IFNB,4,1.0,1.0,0.97,0.26202253087490684,0.0,0.0,0.0,False
Jiang24 Seen Perturbation,ht29+IFNB_IRF1,ht29+IFNB,IRF1,HT29,IFNB,15,0.75,0.75,0.5833333333333334,-0.2943152936930368,0.75,0.25,0.5,True
Jiang24 Seen Perturbation,ht29+IFNB_IRF9,ht29+IFNB,IRF9,HT29,IFNB,10,0.96,0.96,0.776,-0.0019136806130664985,0.16,0.04,0.12,True
Jiang24 Seen Perturbation,ht29+IFNB_JAK1,ht29+IFNB,JAK1,HT29,IFNB,10,1.0,1.0,0.96,0.006135080636038936,0.0,0.0,0.0,False
Jiang24 Seen Perturbation,ht29+IFNB_JUN,ht29+IFNB,JUN,HT29,IFNB,21,0.9230769230769231,0.9230769230769231,0.6446886446886445,-0.18114539362330534,0.3076923076923077,0.07692307692307693,0.23076923076923078,True
Jiang24 Seen Perturbation,ht29+IFNB_MAPK14,ht29+IFNB,MAPK14,HT29,IFNB,15,0.92,0.92,0.6186666666666665,0.562785631774855,0.24,0.08,0.15999999999999998,True
Jiang24 Seen Perturbation,ht29+IFNB_MEF2A,ht29+IFNB,MEF2A,HT29,IFNB,4,1.0,1.0,1.0,0.9995685238575234,0.0,0.0,0.0,False
Jiang24 Seen Perturbation,ht29+IFNB_NFKB1,ht29+IFNB,NFKB1,HT29,IFNB,21,1.0,1.0,0.819047619047619,0.5887231253310501,0.28,0.0,0.28,True
Jiang24 Seen Perturbation,ht29+IFNB_PARP12,ht29+IFNB,PARP12,HT29,IFNB,10,1.0,1.0,1.0,,0.0,0.0,0.0,False
Jiang24 Seen Perturbation,ht29+IFNB_POU2F1,ht29+IFNB,POU2F1,HT29,IFNB,4,0.92,0.92,0.85,0.02812157854224359,0.16,0.08,0.08,True
Jiang24 Seen Perturbation,ht29+IFNB_RAPGEF1,ht29+IFNB,RAPGEF1,HT29,IFNB,4,0.84,0.84,0.72,0.12347504650805301,0.28,0.16,0.12000000000000002,True
Jiang24 Seen Perturbation,ht29+IFNB_SMARCA5,ht29+IFNB,SMARCA5,HT29,IFNB,4,0.84,0.84,0.68,-0.16015593152349958,0.36,0.16,0.19999999999999998,True
Jiang24 Seen Perturbation,ht29+IFNB_SP100,ht29+IFNB,SP100,HT29,IFNB,10,1.0,1.0,1.0,,0.0,0.0,0.0,False
Jiang24 Seen Perturbation,ht29+IFNB_SP110,ht29+IFNB,SP110,HT29,IFNB,10,1.0,1.0,0.74,0.0901072988421045,0.24,0.0,0.24,True
Jiang24 Seen Perturbation,ht29+IFNB_STAT1,ht29+IFNB,STAT1,HT29,IFNB,10,0.75,0.75,0.6125,0.9242671985018939,0.5,0.25,0.25,True
Jiang24 Seen Perturbation,ht29+IFNB_STAT2,ht29+IFNB,STAT2,HT29,IFNB,10,1.0,1.0,0.9560000000000001,0.26178976449169805,0.0,0.0,0.0,False
Jiang24 Seen Perturbation,ht29+IFNB_STAT6,ht29+IFNB,STAT6,HT29,IFNB,4,0.8,0.8,0.6599999999999999,0.1929152235258119,0.32,0.2,0.12,True
Jiang24 Seen Perturbation,ht29+IFNB_TRIM22,ht29+IFNB,TRIM22,HT29,IFNB,4,0.6666666666666666,0.6666666666666666,0.5833333333333333,0.9998030975506113,0.0,0.3333333333333333,-0.3333333333333333,False
Jiang24 Seen Perturbation,ht29+IFNB_TYK2,ht29+IFNB,TYK2,HT29,IFNB,4,1.0,1.0,1.0,0.31488573559542415,0.0,0.0,0.0,False
Jiang24 Seen Perturbation,ht29+IFNB_UBA7,ht29+IFNB,UBA7,HT29,IFNB,4,0.8333333333333334,0.8333333333333334,0.7222222222222223,0.700786652350712,0.2777777777777778,0.16666666666666666,0.11111111111111113,True
Jiang24 Seen Perturbation,ht29+IFNB_USP18,ht29+IFNB,USP18,HT29,IFNB,4,0.92,0.92,0.8300000000000001,0.6702659313940504,0.24,0.08,0.15999999999999998,True
Jiang24 Seen Perturbation,ht29+IFNB_ZNFX1,ht29+IFNB,ZNFX1,HT29,IFNB,10,1.0,1.0,0.7833333333333332,0.9718334374021633,0.3333333333333333,0.0,0.3333333333333333,True
Jiang24 Seen Perturbation,ht29+IFNG_ATF3,ht29+IFNG,ATF3,HT29,IFNG,5,1.0,1.0,0.9,1.0,0.0,0.0,0.0,False
Jiang24 Seen Perturbation,ht29+IFNG_ATF5,ht29+IFNG,ATF5,HT29,IFNG,5,0.8695652173913043,0.8695652173913043,0.6608695652173914,0.11859114269788788,0.391304347826087,0.13043478260869565,0.26086956521739135,True
Jiang24 Seen Perturbation,ht29+IFNG_CEBPB,ht29+IFNG,CEBPB,HT29,IFNG,17,1.0,1.0,0.76,0.11347202799574872,0.36,0.0,0.36,True
Jiang24 Seen Perturbation,ht29+IFNG_CLK1,ht29+IFNG,CLK1,HT29,IFNG,5,0.96,0.96,0.8399999999999999,-0.06683607806292732,0.12,0.04,0.07999999999999999,True
Jiang24 Seen Perturbation,ht29+IFNG_EHF,ht29+IFNG,EHF,HT29,IFNG,5,0.92,0.92,0.68,0.13951298467578144,0.28,0.08,0.2,True
Jiang24 Seen Perturbation,ht29+IFNG_ETV7,ht29+IFNG,ETV7,HT29,IFNG,5,0.0,0.0,0.4,,0.0,1.0,-1.0,False
Jiang24 Seen Perturbation,ht29+IFNG_FMNL2,ht29+IFNG,FMNL2,HT29,IFNG,5,1.0,1.0,0.6666666666666666,-0.1489151523064624,0.3333333333333333,0.0,0.3333333333333333,True
Jiang24 Seen Perturbation,ht29+IFNG_GUK1,ht29+IFNG,GUK1,HT29,IFNG,5,0.8,0.8,0.56,0.03726920615887092,0.0,0.2,-0.2,False
Jiang24 Seen Perturbation,ht29+IFNG_HLA-DQB1,ht29+IFNG,HLA-DQB1,HT29,IFNG,5,1.0,1.0,0.8,0.04067461762980671,0.5,0.0,0.5,True
Jiang24 Seen Perturbation,ht29+IFNG_HLX,ht29+IFNG,HLX,HT29,IFNG,5,0.96,0.96,0.8160000000000001,-0.24169651838158934,0.36,0.04,0.32,True
Jiang24 Seen Perturbation,ht29+IFNG_IFI16,ht29+IFNG,IFI16,HT29,IFNG,11,1.0,1.0,0.9236363636363637,0.05710649191523134,0.24,0.0,0.24,True
Jiang24 Seen Perturbation,ht29+IFNG_IFNGR1,ht29+IFNG,IFNGR1,HT29,IFNG,5,0.68,0.68,0.624,0.7468751919016416,0.04,0.32,-0.28,False
Jiang24 Seen Perturbation,ht29+IFNG_IRF2,ht29+IFNG,IRF2,HT29,IFNG,5,0.92,0.92,0.7040000000000001,0.39908896658101145,0.24,0.08,0.15999999999999998,True
Jiang24 Seen Perturbation,ht29+IFNG_IRF7,ht29+IFNG,IRF7,HT29,IFNG,17,1.0,1.0,0.5294117647058824,,0.0,0.0,0.0,False
Jiang24 Seen Perturbation,ht29+IFNG_IRF9,ht29+IFNG,IRF9,HT29,IFNG,11,1.0,1.0,0.7963636363636364,0.2854560966155208,0.36,0.0,0.36,True
Jiang24 Seen Perturbation,ht29+IFNG_JAK1,ht29+IFNG,JAK1,HT29,IFNG,11,0.52,0.52,0.5418181818181818,0.3131345287293291,0.0,0.48,-0.48,False
Jiang24 Seen Perturbation,ht29+IFNG_JAK2,ht29+IFNG,JAK2,HT29,IFNG,5,0.76,0.76,0.712,0.7745585160364632,0.0,0.24,-0.24,False
Jiang24 Seen Perturbation,ht29+IFNG_JUN,ht29+IFNG,JUN,HT29,IFNG,23,0.9583333333333334,0.9583333333333334,0.6594202898550724,0.22876871658597203,0.25,0.041666666666666664,0.20833333333333334,True
Jiang24 Seen Perturbation,ht29+IFNG_KIN,ht29+IFNG,KIN,HT29,IFNG,5,1.0,1.0,0.8160000000000001,0.10472641460541414,0.2,0.0,0.2,True
Jiang24 Seen Perturbation,ht29+IFNG_KLF4,ht29+IFNG,KLF4,HT29,IFNG,5,1.0,1.0,0.782608695652174,0.05653055255161961,0.2608695652173913,0.0,0.2608695652173913,True
Jiang24 Seen Perturbation,ht29+IFNG_MCRS1,ht29+IFNG,MCRS1,HT29,IFNG,5,1.0,1.0,0.8719999999999999,-0.030484158669017235,0.12,0.0,0.12,True
Jiang24 Seen Perturbation,ht29+IFNG_NFKB1,ht29+IFNG,NFKB1,HT29,IFNG,23,1.0,1.0,0.7878260869565218,0.6503180903553295,0.16,0.0,0.16,True
Jiang24 Seen Perturbation,ht29+IFNG_PARP12,ht29+IFNG,PARP12,HT29,IFNG,11,1.0,1.0,1.0,,1.0,0.0,1.0,True
Jiang24 Seen Perturbation,ht29+IFNG_PIK3CA,ht29+IFNG,PIK3CA,HT29,IFNG,21,0.92,0.92,0.6533333333333333,0.12365992787171168,0.24,0.08,0.15999999999999998,True
Jiang24 Seen Perturbation,ht29+IFNG_PTGES3,ht29+IFNG,PTGES3,HT29,IFNG,5,1.0,1.0,0.8719999999999999,-0.007807568147629755,0.4,0.0,0.4,True
Jiang24 Seen Perturbation,ht29+IFNG_RARRES3,ht29+IFNG,RARRES3,HT29,IFNG,5,1.0,1.0,0.768,0.15745414327766688,0.12,0.0,0.12,True
Jiang24 Seen Perturbation,ht29+IFNG_RFX5,ht29+IFNG,RFX5,HT29,IFNG,5,0.92,0.92,0.6719999999999999,0.5213185129329215,0.24,0.08,0.15999999999999998,True
Jiang24 Seen Perturbation,ht29+IFNG_SP100,ht29+IFNG,SP100,HT29,IFNG,11,1.0,1.0,0.7878787878787878,0.9920690482557725,0.6666666666666666,0.0,0.6666666666666666,True
Jiang24 Seen Perturbation,ht29+IFNG_SRC,ht29+IFNG,SRC,HT29,IFNG,5,1.0,1.0,0.5,0.2,0.0,0.0,0.0,False
Jiang24 Seen Perturbation,ht29+IFNG_STAT1,ht29+IFNG,STAT1,HT29,IFNG,11,0.6,0.6,0.5745454545454546,0.4086769185686407,0.08,0.4,-0.32,False
Jiang24 Seen Perturbation,ht29+IFNG_STAT2,ht29+IFNG,STAT2,HT29,IFNG,11,0.96,0.96,0.7272727272727273,0.7666499062040679,0.28,0.04,0.24000000000000002,True
Jiang24 Seen Perturbation,ht29+IFNG_TAPBPL,ht29+IFNG,TAPBPL,HT29,IFNG,5,0.96,0.96,0.8559999999999999,-0.01363458384209928,0.16,0.04,0.12,True
Jiang24 Seen Perturbation,ht29+IFNG_TSC22D1,ht29+IFNG,TSC22D1,HT29,IFNG,5,0.8888888888888888,0.8888888888888888,0.611111111111111,-0.1584414675504978,0.5,0.1111111111111111,0.3888888888888889,True
Jiang24 Seen Perturbation,ht29+IFNG_ZC3H3,ht29+IFNG,ZC3H3,HT29,IFNG,5,1.0,1.0,0.8,-0.17606776566971855,0.5,0.0,0.5,True
Jiang24 Seen Perturbation,ht29+IFNG_ZFP36,ht29+IFNG,ZFP36,HT29,IFNG,5,1.0,1.0,1.0,,1.0,0.0,1.0,True
Jiang24 Seen Perturbation,ht29+IFNG_ZNF267,ht29+IFNG,ZNF267,HT29,IFNG,11,1.0,1.0,0.770909090909091,0.005464449751418654,0.16,0.0,0.16,True
Jiang24 Seen Perturbation,ht29+IFNG_ZNFX1,ht29+IFNG,ZNFX1,HT29,IFNG,11,1.0,1.0,0.8181818181818183,0.8267251035254741,0.0,0.0,0.0,False
Jiang24 Seen Perturbation,ht29+INS_COPS4,ht29+INS,COPS4,HT29,INS,5,0.72,0.72,0.704,0.08524084442012139,0.28,0.28,0.0,False
Jiang24 Seen Perturbation,ht29+INS_DR1,ht29+INS,DR1,HT29,INS,5,0.8,0.8,0.736,-0.05112387625393735,0.24,0.2,0.03999999999999998,True
Jiang24 Seen Perturbation,ht29+INS_EIF2B1,ht29+INS,EIF2B1,HT29,INS,5,0.64,0.64,0.5840000000000001,-0.04876286042686099,0.44,0.36,0.08000000000000002,True
Jiang24 Seen Perturbation,ht29+INS_ELK1,ht29+INS,ELK1,HT29,INS,10,1.0,1.0,0.6333333333333334,0.27936669839620165,0.3333333333333333,0.0,0.3333333333333333,True
Jiang24 Seen Perturbation,ht29+INS_FOXM1,ht29+INS,FOXM1,HT29,INS,5,0.8,0.8,0.64,0.030314672211240668,0.28,0.2,0.08000000000000002,True
Jiang24 Seen Perturbation,ht29+INS_FOXO1,ht29+INS,FOXO1,HT29,INS,5,1.0,1.0,0.45,0.012715389545707122,0.75,0.0,0.75,True
Jiang24 Seen Perturbation,ht29+INS_FOXO3,ht29+INS,FOXO3,HT29,INS,5,1.0,1.0,0.55,-0.08257054441785691,0.25,0.0,0.25,True
Jiang24 Seen Perturbation,ht29+INS_FOXO4,ht29+INS,FOXO4,HT29,INS,5,1.0,1.0,0.8,-0.08507556906117435,0.2,0.0,0.2,True
Jiang24 Seen Perturbation,ht29+INS_GRB2,ht29+INS,GRB2,HT29,INS,5,0.5,0.5,0.6,-0.6,0.5,0.5,0.0,False
Jiang24 Seen Perturbation,ht29+INS_HSF1,ht29+INS,HSF1,HT29,INS,5,1.0,1.0,0.6,,0.0,0.0,0.0,False
Jiang24 Seen Perturbation,ht29+INS_IKBKB,ht29+INS,IKBKB,HT29,INS,16,1.0,1.0,0.7275,0.23498786097655594,0.08,0.0,0.08,True
Jiang24 Seen Perturbation,ht29+INS_IRS1,ht29+INS,IRS1,HT29,INS,5,0.7,0.7,0.54,-0.10173430535886685,0.15,0.3,-0.15,False
Jiang24 Seen Perturbation,ht29+INS_IRS4,ht29+INS,IRS4,HT29,INS,5,0.8,0.8,0.5800000000000001,-0.10689293242705274,0.2,0.2,0.0,False
Jiang24 Seen Perturbation,ht29+INS_MAPK1,ht29+INS,MAPK1,HT29,INS,10,0.88,0.88,0.56,0.14623940401472216,0.44,0.12,0.32,True
Jiang24 Seen Perturbation,ht29+INS_MAPK3,ht29+INS,MAPK3,HT29,INS,10,0.375,0.375,0.4,-0.30780221936656565,0.0,0.625,-0.625,False
Jiang24 Seen Perturbation,ht29+INS_PIK3CA,ht29+INS,PIK3CA,HT29,INS,22,1.0,1.0,0.6545454545454545,0.050990770036893666,0.24,0.0,0.24,True
Jiang24 Seen Perturbation,ht29+INS_POLR2G,ht29+INS,POLR2G,HT29,INS,5,0.88,0.88,0.808,0.10785074921201301,0.04,0.12,-0.07999999999999999,False
Jiang24 Seen Perturbation,ht29+INS_POLR2L,ht29+INS,POLR2L,HT29,INS,5,0.88,0.88,0.744,0.19136070840535674,0.24,0.12,0.12,True
Jiang24 Seen Perturbation,ht29+INS_PTEN,ht29+INS,PTEN,HT29,INS,5,0.25,0.25,0.4,0.9898653771183069,0.5,0.75,-0.25,False
Jiang24 Seen Perturbation,ht29+INS_RAD51,ht29+INS,RAD51,HT29,INS,5,0.96,0.96,0.8400000000000001,0.06677982668102321,0.16,0.04,0.12,True
Jiang24 Seen Perturbation,ht29+INS_RPS6KB1,ht29+INS,RPS6KB1,HT29,INS,10,0.6923076923076923,0.6923076923076923,0.5615384615384615,0.0956070978147668,0.15384615384615385,0.3076923076923077,-0.15384615384615385,False
Jiang24 Seen Perturbation,ht29+INS_SGK1,ht29+INS,SGK1,HT29,INS,5,0.6,0.6,0.52,0.2446035281787083,0.6,0.4,0.19999999999999996,True
Jiang24 Seen Perturbation,ht29+INS_SMARCE1,ht29+INS,SMARCE1,HT29,INS,5,1.0,1.0,0.8480000000000001,0.12983621948936955,0.04,0.0,0.04,True
Jiang24 Seen Perturbation,ht29+INS_SP1,ht29+INS,SP1,HT29,INS,10,0.6666666666666666,0.6666666666666666,0.5166666666666666,0.16467021955543606,0.16666666666666666,0.3333333333333333,-0.16666666666666666,False
Jiang24 Seen Perturbation,ht29+INS_SREBF2,ht29+INS,SREBF2,HT29,INS,5,0.0,0.0,0.4,,1.0,1.0,0.0,False
Jiang24 Seen Perturbation,ht29+INS_SRF,ht29+INS,SRF,HT29,INS,5,0.68,0.68,0.672,-0.129797469086455,0.32,0.32,0.0,False
Jiang24 Seen Perturbation,ht29+INS_TAF3,ht29+INS,TAF3,HT29,INS,5,1.0,1.0,0.7333333333333332,0.05477170366763847,0.1111111111111111,0.0,0.1111111111111111,True
Jiang24 Seen Perturbation,ht29+INS_TSC1,ht29+INS,TSC1,HT29,INS,5,0.72,0.72,0.584,0.07430770451553104,0.28,0.28,0.0,False
Jiang24 Seen Perturbation,ht29+INS_TSC2,ht29+INS,TSC2,HT29,INS,5,0.7142857142857143,0.7142857142857143,0.5714285714285714,0.23348236052675236,0.2857142857142857,0.2857142857142857,0.0,False
Jiang24 Seen Perturbation,ht29+INS_TTF1,ht29+INS,TTF1,HT29,INS,5,0.8,0.8,0.6639999999999999,0.27761234060504975,0.36,0.2,0.15999999999999998,True
Jiang24 Seen Perturbation,ht29+INS_TTF2,ht29+INS,TTF2,HT29,INS,5,0.72,0.72,0.5680000000000001,0.04552095987983732,0.04,0.28,-0.24000000000000002,False
Jiang24 Seen Perturbation,ht29+INS_XBP1,ht29+INS,XBP1,HT29,INS,5,0.96,0.96,0.8320000000000001,0.2901455972883009,0.16,0.04,0.12,True
Jiang24 Seen Perturbation,ht29+TGFB_ATF2,ht29+TGFB,ATF2,HT29,TGFB,4,0.8888888888888888,0.8888888888888888,0.6944444444444444,0.3802152413468707,0.1111111111111111,0.1111111111111111,0.0,False
Jiang24 Seen Perturbation,ht29+TGFB_CREBBP,ht29+TGFB,CREBBP,HT29,TGFB,4,0.5384615384615384,0.5384615384615384,0.40384615384615385,-0.20775702046215463,0.23076923076923078,0.46153846153846156,-0.23076923076923078,False
Jiang24 Seen Perturbation,ht29+TGFB_CUL1,ht29+TGFB,CUL1,HT29,TGFB,9,0.96,0.96,0.8355555555555555,-0.08899602824937719,0.12,0.04,0.07999999999999999,True
Jiang24 Seen Perturbation,ht29+TGFB_EP300,ht29+TGFB,EP300,HT29,TGFB,4,0.96,0.96,0.84,-0.11392265226118418,0.2,0.04,0.16,True
Jiang24 Seen Perturbation,ht29+TGFB_FOXP2,ht29+TGFB,FOXP2,HT29,TGFB,4,1.0,1.0,0.8333333333333333,0.20795483552723817,0.0,0.0,0.0,False
Jiang24 Seen Perturbation,ht29+TGFB_HDAC4,ht29+TGFB,HDAC4,HT29,TGFB,4,0.96,0.96,0.8,0.7945416374985192,0.2,0.04,0.16,True
Jiang24 Seen Perturbation,ht29+TGFB_IKBKB,ht29+TGFB,IKBKB,HT29,TGFB,16,1.0,1.0,0.785,0.09311786476100128,0.12,0.0,0.12,True
Jiang24 Seen Perturbation,ht29+TGFB_JUN,ht29+TGFB,JUN,HT29,TGFB,21,1.0,1.0,0.7380952380952381,0.14285714285714285,0.5,0.0,0.5,True
Jiang24 Seen Perturbation,ht29+TGFB_MED15,ht29+TGFB,MED15,HT29,TGFB,4,0.72,0.72,0.55,0.07215653712665412,0.2,0.28,-0.08000000000000002,False
Jiang24 Seen Perturbation,ht29+TGFB_NFKB1,ht29+TGFB,NFKB1,HT29,TGFB,21,1.0,1.0,0.7371428571428572,0.19712398343479265,0.24,0.0,0.24,True
Jiang24 Seen Perturbation,ht29+TGFB_NRAS,ht29+TGFB,NRAS,HT29,TGFB,4,1.0,1.0,0.8999999999999999,-0.06998406053338052,0.12,0.0,0.12,True
Jiang24 Seen Perturbation,ht29+TGFB_PPP2CA,ht29+TGFB,PPP2CA,HT29,TGFB,4,0.84,0.84,0.64,0.07849299435369937,0.12,0.16,-0.04000000000000001,False
Jiang24 Seen Perturbation,ht29+TGFB_RAF1,ht29+TGFB,RAF1,HT29,TGFB,4,0.96,0.96,0.7100000000000001,0.0634313204618461,0.2,0.04,0.16,True
Jiang24 Seen Perturbation,ht29+TGFB_RBL1,ht29+TGFB,RBL1,HT29,TGFB,4,0.88,0.88,0.78,0.772554719417058,0.2,0.12,0.08000000000000002,True
Jiang24 Seen Perturbation,ht29+TGFB_RBX1,ht29+TGFB,RBX1,HT29,TGFB,4,0.8,0.8,0.67,0.22088026916696357,0.28,0.2,0.08000000000000002,True
Jiang24 Seen Perturbation,ht29+TGFB_RELA,ht29+TGFB,RELA,HT29,TGFB,4,1.0,1.0,0.875,0.5,0.5,0.0,0.5,True
Jiang24 Seen Perturbation,ht29+TGFB_RHOA,ht29+TGFB,RHOA,HT29,TGFB,4,0.92,0.92,0.79,0.27784037217998525,0.08,0.08,0.0,False
Jiang24 Seen Perturbation,ht29+TGFB_SKP1,ht29+TGFB,SKP1,HT29,TGFB,4,0.96,0.96,0.94,-0.10901718897262373,0.12,0.04,0.07999999999999999,True
Jiang24 Seen Perturbation,ht29+TGFB_SMAD1,ht29+TGFB,SMAD1,HT29,TGFB,4,0.5,0.5,0.5,0.0,0.0,0.5,-0.5,False
Jiang24 Seen Perturbation,ht29+TGFB_SMAD5,ht29+TGFB,SMAD5,HT29,TGFB,4,0.92,0.92,0.85,-0.01790709597479906,0.08,0.08,0.0,False
Jiang24 Seen Perturbation,ht29+TGFB_SMAD7,ht29+TGFB,SMAD7,HT29,TGFB,4,1.0,1.0,0.6875,0.1434326297658324,0.0,0.0,0.0,False
Jiang24 Seen Perturbation,ht29+TGFB_SMURF1,ht29+TGFB,SMURF1,HT29,TGFB,4,1.0,1.0,1.0,,0.0,0.0,0.0,False
Jiang24 Seen Perturbation,ht29+TGFB_SMURF2,ht29+TGFB,SMURF2,HT29,TGFB,4,1.0,1.0,1.0,,0.0,0.0,0.0,False
Jiang24 Seen Perturbation,ht29+TGFB_SP1,ht29+TGFB,SP1,HT29,TGFB,10,0.5714285714285714,0.5714285714285714,0.5714285714285714,0.23810697955354437,0.14285714285714285,0.42857142857142855,-0.2857142857142857,False
Jiang24 Seen Perturbation,ht29+TGFB_TGFBR1,ht29+TGFB,TGFBR1,HT29,TGFB,4,0.75,0.75,0.59375,0.6838362104139528,0.0,0.25,-0.25,False
Jiang24 Seen Perturbation,ht29+TGFB_TGFBR3,ht29+TGFB,TGFBR3,HT29,TGFB,4,0.7,0.7,0.525,0.9059554809717001,0.1,0.3,-0.19999999999999998,False
Jiang24 Seen Perturbation,ht29+TGFB_TGIF1,ht29+TGFB,TGIF1,HT29,TGFB,4,0.84,0.84,0.59,0.2395828536162659,0.2,0.16,0.04000000000000001,True
Jiang24 Seen Perturbation,ht29+TNFA_BIRC3,ht29+TNFA,BIRC3,HT29,TNFA,4,0.5,0.5,0.625,1.0,0.0,0.5,-0.5,False
Jiang24 Seen Perturbation,ht29+TNFA_CASP10,ht29+TNFA,CASP10,HT29,TNFA,4,1.0,1.0,0.8999999999999999,-0.31024178596480706,0.04,0.0,0.04,True
Jiang24 Seen Perturbation,ht29+TNFA_CASP8,ht29+TNFA,CASP8,HT29,TNFA,4,1.0,1.0,0.79,-0.09453958204302806,0.28,0.0,0.28,True
Jiang24 Seen Perturbation,ht29+TNFA_CEBPB,ht29+TNFA,CEBPB,HT29,TNFA,15,0.92,0.92,0.6613333333333334,0.2263106687056543,0.36,0.08,0.27999999999999997,True
Jiang24 Seen Perturbation,ht29+TNFA_CHUK,ht29+TNFA,CHUK,HT29,TNFA,16,0.92,0.92,0.73,0.3090733838635247,0.16,0.08,0.08,True
Jiang24 Seen Perturbation,ht29+TNFA_CREB1,ht29+TNFA,CREB1,HT29,TNFA,4,0.42857142857142855,0.42857142857142855,0.6785714285714285,0.2718682281377866,0.2857142857142857,0.5714285714285714,-0.2857142857142857,False
Jiang24 Seen Perturbation,ht29+TNFA_CSF1,ht29+TNFA,CSF1,HT29,TNFA,4,0.8,0.8,0.7100000000000001,-0.0900715993450851,0.2,0.2,0.0,False
Jiang24 Seen Perturbation,ht29+TNFA_DNM1L,ht29+TNFA,DNM1L,HT29,TNFA,4,0.96,0.96,0.8,0.04260763864263518,0.16,0.04,0.12,True
Jiang24 Seen Perturbation,ht29+TNFA_FADD,ht29+TNFA,FADD,HT29,TNFA,4,0.52,0.52,0.55,0.05144343165866052,0.16,0.48,-0.31999999999999995,False
Jiang24 Seen Perturbation,ht29+TNFA_FOS,ht29+TNFA,FOS,HT29,TNFA,22,1.0,1.0,0.6404958677685951,0.07021541487511641,0.18181818181818182,0.0,0.18181818181818182,True
Jiang24 Seen Perturbation,ht29+TNFA_ID2,ht29+TNFA,ID2,HT29,TNFA,10,0.8571428571428571,0.8571428571428571,0.5285714285714287,0.010942391188848617,0.2857142857142857,0.14285714285714285,0.14285714285714285,True
Jiang24 Seen Perturbation,ht29+TNFA_IKBKB,ht29+TNFA,IKBKB,HT29,TNFA,16,1.0,1.0,0.8125,0.13637271902989884,0.2,0.0,0.2,True
Jiang24 Seen Perturbation,ht29+TNFA_IKBKG,ht29+TNFA,IKBKG,HT29,TNFA,4,0.96,0.96,0.75,-0.024442679454821228,0.32,0.04,0.28,True
Jiang24 Seen Perturbation,ht29+TNFA_ITCH,ht29+TNFA,ITCH,HT29,TNFA,4,0.96,0.96,0.79,0.044261634259364094,0.16,0.04,0.12,True
Jiang24 Seen Perturbation,ht29+TNFA_JUN,ht29+TNFA,JUN,HT29,TNFA,21,0.8823529411764706,0.8823529411764706,0.5714285714285715,0.017221383194683144,0.35294117647058826,0.11764705882352941,0.23529411764705885,True
Jiang24 Seen Perturbation,ht29+TNFA_JUNB,ht29+TNFA,JUNB,HT29,TNFA,4,0.6666666666666666,0.6666666666666666,0.5595238095238095,0.014008095469570391,0.23809523809523808,0.3333333333333333,-0.09523809523809523,False
Jiang24 Seen Perturbation,ht29+TNFA_KLF6,ht29+TNFA,KLF6,HT29,TNFA,4,1.0,1.0,0.75,,0.0,0.0,0.0,False
Jiang24 Seen Perturbation,ht29+TNFA_MAP2K3,ht29+TNFA,MAP2K3,HT29,TNFA,4,0.6666666666666666,0.6666666666666666,0.33333333333333337,0.15635534744497165,0.2222222222222222,0.3333333333333333,-0.1111111111111111,False
Jiang24 Seen Perturbation,ht29+TNFA_MAP3K7,ht29+TNFA,MAP3K7,HT29,TNFA,10,0.64,0.64,0.5120000000000001,0.15763993135446594,0.44,0.36,0.08000000000000002,True
Jiang24 Seen Perturbation,ht29+TNFA_MAPK14,ht29+TNFA,MAPK14,HT29,TNFA,16,0.9583333333333334,0.9583333333333334,0.5703125,0.5923850595494198,0.4166666666666667,0.041666666666666664,0.375,True
Jiang24 Seen Perturbation,ht29+TNFA_MMP9,ht29+TNFA,MMP9,HT29,TNFA,4,0.0,0.0,0.0,,1.0,1.0,0.0,False
Jiang24 Seen Perturbation,ht29+TNFA_MTF1,ht29+TNFA,MTF1,HT29,TNFA,4,0.7142857142857143,0.7142857142857143,0.6428571428571428,0.34102685741821037,0.5714285714285714,0.2857142857142857,0.2857142857142857,True
Jiang24 Seen Perturbation,ht29+TNFA_MTOR,ht29+TNFA,MTOR,HT29,TNFA,10,0.96,0.96,0.776,-0.09007841287675813,0.32,0.04,0.28,True
Jiang24 Seen Perturbation,ht29+TNFA_NFAT5,ht29+TNFA,NFAT5,HT29,TNFA,4,0.96,0.96,0.77,0.1418079538072295,0.08,0.04,0.04,True
Jiang24 Seen Perturbation,ht29+TNFA_NFKB1,ht29+TNFA,NFKB1,HT29,TNFA,21,0.92,0.92,0.681904761904762,0.014389980383189838,0.2,0.08,0.12000000000000001,True
Jiang24 Seen Perturbation,ht29+TNFA_NFKBIA,ht29+TNFA,NFKBIA,HT29,TNFA,4,1.0,1.0,1.0,,0.0,0.0,0.0,False
Jiang24 Seen Perturbation,ht29+TNFA_NFKBIE,ht29+TNFA,NFKBIE,HT29,TNFA,4,1.0,1.0,0.5,0.07661362438440114,0.0,0.0,0.0,False
Jiang24 Seen Perturbation,ht29+TNFA_NKX3-1,ht29+TNFA,NKX3-1,HT29,TNFA,4,1.0,1.0,1.0,,1.0,0.0,1.0,True
Jiang24 Seen Perturbation,ht29+TNFA_PDCD5,ht29+TNFA,PDCD5,HT29,TNFA,4,0.9333333333333333,0.9333333333333333,0.65,0.1664042024966694,0.2,0.06666666666666667,0.13333333333333336,True
Jiang24 Seen Perturbation,ht29+TNFA_PIK3CA,ht29+TNFA,PIK3CA,HT29,TNFA,21,1.0,1.0,0.6761904761904761,0.18883375844648848,0.44,0.0,0.44,True
Jiang24 Seen Perturbation,ht29+TNFA_RELB,ht29+TNFA,RELB,HT29,TNFA,4,0.25,0.25,0.5,-0.2771913300028574,0.25,0.75,-0.5,False
Jiang24 Seen Perturbation,ht29+TNFA_SOX4,ht29+TNFA,SOX4,HT29,TNFA,4,0.88,0.88,0.7000000000000001,0.07881858241667242,0.32,0.12,0.2,True
Jiang24 Seen Perturbation,ht29+TNFA_SOX9,ht29+TNFA,SOX9,HT29,TNFA,4,1.0,1.0,0.8200000000000001,0.03817209438015526,0.28,0.0,0.28,True
Jiang24 Seen Perturbation,ht29+TNFA_TNFRSF1A,ht29+TNFA,TNFRSF1A,HT29,TNFA,4,0.8,0.8,0.73,0.5876720131869086,0.04,0.2,-0.16,False
Jiang24 Seen Perturbation,ht29+TNFA_TNFRSF1B,ht29+TNFA,TNFRSF1B,HT29,TNFA,4,1.0,1.0,0.75,,0.0,0.0,0.0,False
Jiang24 Seen Perturbation,ht29+TNFA_TRAF1,ht29+TNFA,TRAF1,HT29,TNFA,4,0.8,0.8,0.67,0.22804494702418227,0.24,0.2,0.03999999999999998,True
Jiang24 Seen Perturbation,ht29+TNFA_TRAF2,ht29+TNFA,TRAF2,HT29,TNFA,4,0.8,0.8,0.6900000000000001,0.03728557813650031,0.48,0.2,0.27999999999999997,True
Jiang24 Seen Perturbation,ht29+TNFA_TRAF3,ht29+TNFA,TRAF3,HT29,TNFA,4,0.9166666666666666,0.9166666666666666,0.625,0.9076745519410035,0.3333333333333333,0.08333333333333333,0.25,True
Jiang24 Seen Perturbation,ht29+TNFA_ZFP36L1,ht29+TNFA,ZFP36L1,HT29,TNFA,4,0.8,0.8,0.6900000000000001,-0.16238192466212298,0.28,0.2,0.08000000000000002,True
Jiang24 Seen Perturbation,ht29+TNFA_ZNF267,ht29+TNFA,ZNF267,HT29,TNFA,9,0.92,0.92,0.7555555555555555,0.16936039608590717,0.28,0.08,0.2,True
Jiang24 Seen Perturbation,k562+IFNB_ADAR,k562+IFNB,ADAR,K562,IFNB,4,0.7857142857142857,0.7857142857142857,0.6785714285714285,-0.06939110474679135,0.0,0.21428571428571427,-0.21428571428571427,False
Jiang24 Seen Perturbation,k562+IFNB_AKT1,k562+IFNB,AKT1,K562,IFNB,10,1.0,1.0,0.6,-0.05373962946650783,0.3333333333333333,0.0,0.3333333333333333,True
Jiang24 Seen Perturbation,k562+IFNB_CEBPB,k562+IFNB,CEBPB,K562,IFNB,15,0.96,0.96,0.6906666666666668,0.1193502333838245,0.08,0.04,0.04,True
Jiang24 Seen Perturbation,k562+IFNB_CEBPG,k562+IFNB,CEBPG,K562,IFNB,4,0.88,0.88,0.6699999999999999,0.2838614649935638,0.16,0.12,0.04000000000000001,True
Jiang24 Seen Perturbation,k562+IFNB_CRKL,k562+IFNB,CRKL,K562,IFNB,4,1.0,1.0,1.0,,0.0,0.0,0.0,False
Jiang24 Seen Perturbation,k562+IFNB_DRAP1,k562+IFNB,DRAP1,K562,IFNB,4,0.8,0.8,0.66,0.007536660444964045,0.0,0.2,-0.2,False
Jiang24 Seen Perturbation,k562+IFNB_DTX3L,k562+IFNB,DTX3L,K562,IFNB,4,1.0,1.0,1.0,1.0,0.0,0.0,0.0,False
Jiang24 Seen Perturbation,k562+IFNB_ELK1,k562+IFNB,ELK1,K562,IFNB,10,1.0,1.0,0.58,0.23148649774284968,0.2,0.0,0.2,True
Jiang24 Seen Perturbation,k562+IFNB_ETS1,k562+IFNB,ETS1,K562,IFNB,4,0.6666666666666666,0.6666666666666666,0.6041666666666666,0.10281090177840146,0.16666666666666666,0.3333333333333333,-0.16666666666666666,False
Jiang24 Seen Perturbation,k562+IFNB_ETS2,k562+IFNB,ETS2,K562,IFNB,4,0.75,0.75,0.8125,0.9762463127847589,0.0,0.25,-0.25,False
Jiang24 Seen Perturbation,k562+IFNB_FOS,k562+IFNB,FOS,K562,IFNB,21,1.0,1.0,0.6547619047619048,0.0359975598667016,0.08333333333333333,0.0,0.08333333333333333,True
Jiang24 Seen Perturbation,k562+IFNB_HERC5,k562+IFNB,HERC5,K562,IFNB,4,0.9333333333333333,0.9333333333333333,0.6833333333333333,0.1354078680906748,0.06666666666666667,0.06666666666666667,0.0,False
Jiang24 Seen Perturbation,k562+IFNB_HERC6,k562+IFNB,HERC6,K562,IFNB,4,0.9,0.9,0.75,0.7470589359331302,0.1,0.1,0.0,False
Jiang24 Seen Perturbation,k562+IFNB_ID1,k562+IFNB,ID1,K562,IFNB,4,1.0,1.0,0.82,0.13043245668604164,0.0,0.0,0.0,False
Jiang24 Seen Perturbation,k562+IFNB_ID2,k562+IFNB,ID2,K562,IFNB,9,1.0,1.0,0.7777777777777778,0.7777777777777777,0.0,0.0,0.0,False
Jiang24 Seen Perturbation,k562+IFNB_ID3,k562+IFNB,ID3,K562,IFNB,4,0.92,0.92,0.68,-0.15026394571699328,0.12,0.08,0.039999999999999994,True
Jiang24 Seen Perturbation,k562+IFNB_IFI16,k562+IFNB,IFI16,K562,IFNB,10,1.0,1.0,0.8640000000000001,0.5241083746978117,0.0,0.0,0.0,False
Jiang24 Seen Perturbation,k562+IFNB_IFNAR1,k562+IFNB,IFNAR1,K562,IFNB,4,1.0,1.0,1.0,0.18498662732702426,0.0,0.0,0.0,False
Jiang24 Seen Perturbation,k562+IFNB_IFNAR2,k562+IFNB,IFNAR2,K562,IFNB,4,1.0,1.0,0.99,0.027821875662919465,0.0,0.0,0.0,False
Jiang24 Seen Perturbation,k562+IFNB_IRF7,k562+IFNB,IRF7,K562,IFNB,16,1.0,1.0,0.75,0.25,0.0,0.0,0.0,False
Jiang24 Seen Perturbation,k562+IFNB_IRF9,k562+IFNB,IRF9,K562,IFNB,10,1.0,1.0,0.768,0.2816675053806313,0.04,0.0,0.04,True
Jiang24 Seen Perturbation,k562+IFNB_JAK1,k562+IFNB,JAK1,K562,IFNB,10,0.96,0.96,0.8560000000000001,0.48101990852948784,0.04,0.04,0.0,False
Jiang24 Seen Perturbation,k562+IFNB_JUN,k562+IFNB,JUN,K562,IFNB,21,1.0,1.0,0.7047619047619048,-0.023101814239901014,0.4,0.0,0.4,True
Jiang24 Seen Perturbation,k562+IFNB_MAPK14,k562+IFNB,MAPK14,K562,IFNB,15,0.96,0.96,0.6639999999999999,0.05606623032202997,0.16,0.04,0.12,True
Jiang24 Seen Perturbation,k562+IFNB_MAPK8,k562+IFNB,MAPK8,K562,IFNB,9,1.0,1.0,0.6666666666666666,,1.0,0.0,1.0,True
Jiang24 Seen Perturbation,k562+IFNB_MEF2A,k562+IFNB,MEF2A,K562,IFNB,4,1.0,1.0,0.8125,0.8398879076035484,0.0,0.0,0.0,False
Jiang24 Seen Perturbation,k562+IFNB_MYC,k562+IFNB,MYC,K562,IFNB,21,0.8947368421052632,0.8947368421052632,0.5989974937343358,-0.00228396235547974,0.05263157894736842,0.10526315789473684,-0.05263157894736842,False
Jiang24 Seen Perturbation,k562+IFNB_NFE2L3,k562+IFNB,NFE2L3,K562,IFNB,4,0.8,0.8,0.7,0.09313829908178742,0.16,0.2,-0.04000000000000001,False
Jiang24 Seen Perturbation,k562+IFNB_NFKB1,k562+IFNB,NFKB1,K562,IFNB,21,1.0,1.0,0.7314285714285714,0.5233623964164359,0.08,0.0,0.08,True
Jiang24 Seen Perturbation,k562+IFNB_PARP12,k562+IFNB,PARP12,K562,IFNB,10,1.0,1.0,1.0,,0.0,0.0,0.0,False
Jiang24 Seen Perturbation,k562+IFNB_POU2F1,k562+IFNB,POU2F1,K562,IFNB,4,0.92,0.92,0.83,-0.02308183182137314,0.0,0.08,-0.08,False
Jiang24 Seen Perturbation,k562+IFNB_RAPGEF1,k562+IFNB,RAPGEF1,K562,IFNB,4,0.84,0.84,0.67,0.15287801173633167,0.04,0.16,-0.12,False
Jiang24 Seen Perturbation,k562+IFNB_RNF114,k562+IFNB,RNF114,K562,IFNB,4,1.0,1.0,1.0,,0.0,0.0,0.0,False
Jiang24 Seen Perturbation,k562+IFNB_SMARCA5,k562+IFNB,SMARCA5,K562,IFNB,4,0.88,0.88,0.77,-0.11141331526724821,0.08,0.12,-0.039999999999999994,False
Jiang24 Seen Perturbation,k562+IFNB_SOCS1,k562+IFNB,SOCS1,K562,IFNB,4,1.0,1.0,0.5833333333333333,-0.09532978521115404,0.0,0.0,0.0,False
Jiang24 Seen Perturbation,k562+IFNB_SP100,k562+IFNB,SP100,K562,IFNB,10,0.75,0.75,0.55,0.989399270712662,0.0,0.25,-0.25,False
Jiang24 Seen Perturbation,k562+IFNB_SP110,k562+IFNB,SP110,K562,IFNB,10,1.0,1.0,0.748,0.13125729094041183,0.04,0.0,0.04,True
Jiang24 Seen Perturbation,k562+IFNB_STAT1,k562+IFNB,STAT1,K562,IFNB,10,0.8181818181818182,0.8181818181818182,0.7272727272727273,0.7834530143654705,0.09090909090909091,0.18181818181818182,-0.09090909090909091,False
Jiang24 Seen Perturbation,k562+IFNB_STAT2,k562+IFNB,STAT2,K562,IFNB,10,1.0,1.0,0.9600000000000002,0.22452146657044808,0.0,0.0,0.0,False
Jiang24 Seen Perturbation,k562+IFNB_STAT4,k562+IFNB,STAT4,K562,IFNB,4,0.8,0.8,0.7249999999999999,-0.08051407571799332,0.0,0.2,-0.2,False
Jiang24 Seen Perturbation,k562+IFNB_STAT6,k562+IFNB,STAT6,K562,IFNB,4,0.68,0.68,0.68,-0.03662468883670895,0.12,0.32,-0.2,False
Jiang24 Seen Perturbation,k562+IFNB_TRIM22,k562+IFNB,TRIM22,K562,IFNB,4,0.84,0.84,0.73,0.8089399513592945,0.16,0.16,0.0,False
Jiang24 Seen Perturbation,k562+IFNB_TYK2,k562+IFNB,TYK2,K562,IFNB,4,0.96,0.96,0.9199999999999999,0.6132671104818317,0.04,0.04,0.0,False
Jiang24 Seen Perturbation,k562+IFNB_UBA7,k562+IFNB,UBA7,K562,IFNB,4,0.96,0.96,0.76,0.28036978848718713,0.2,0.04,0.16,True
Jiang24 Seen Perturbation,k562+IFNB_UBE2L6,k562+IFNB,UBE2L6,K562,IFNB,4,0.8,0.8,0.7000000000000001,0.015157068922708905,0.2,0.2,0.0,False
Jiang24 Seen Perturbation,k562+IFNB_USP18,k562+IFNB,USP18,K562,IFNB,4,0.88,0.88,0.77,0.7101252185980684,0.12,0.12,0.0,False
Jiang24 Seen Perturbation,k562+IFNB_ZBP1,k562+IFNB,ZBP1,K562,IFNB,4,0.3333333333333333,0.3333333333333333,0.49999999999999994,0.7830066151215724,0.0,0.6666666666666666,-0.6666666666666666,False
Jiang24 Seen Perturbation,k562+IFNB_ZNFX1,k562+IFNB,ZNFX1,K562,IFNB,10,0.96,0.96,0.696,0.844039879103524,0.12,0.04,0.07999999999999999,True
Jiang24 Seen Perturbation,k562+IFNG_ATF3,k562+IFNG,ATF3,K562,IFNG,5,1.0,1.0,1.0,,0.0,0.0,0.0,False
Jiang24 Seen Perturbation,k562+IFNG_ATF5,k562+IFNG,ATF5,K562,IFNG,5,1.0,1.0,0.76,-0.049924403065141856,0.1,0.0,0.1,True
Jiang24 Seen Perturbation,k562+IFNG_CEBPB,k562+IFNG,CEBPB,K562,IFNG,17,0.96,0.96,0.731764705882353,0.07143290857127539,0.04,0.04,0.0,False
Jiang24 Seen Perturbation,k562+IFNG_CLK1,k562+IFNG,CLK1,K562,IFNG,5,1.0,1.0,0.9199999999999999,0.09183916606780182,0.08,0.0,0.08,True
Jiang24 Seen Perturbation,k562+IFNG_CUL1,k562+IFNG,CUL1,K562,IFNG,9,1.0,1.0,0.8133333333333332,-0.14750901410538314,0.0,0.0,0.0,False
Jiang24 Seen Perturbation,k562+IFNG_EHF,k562+IFNG,EHF,K562,IFNG,5,0.88,0.88,0.6160000000000001,-0.18421547387364537,0.12,0.12,0.0,False
Jiang24 Seen Perturbation,k562+IFNG_FBXO6,k562+IFNG,FBXO6,K562,IFNG,5,0.85,0.85,0.6,0.2732536757837376,0.15,0.15,0.0,False
Jiang24 Seen Perturbation,k562+IFNG_FMNL2,k562+IFNG,FMNL2,K562,IFNG,5,1.0,1.0,0.656,0.4510360975731488,0.32,0.0,0.32,True
Jiang24 Seen Perturbation,k562+IFNG_GUK1,k562+IFNG,GUK1,K562,IFNG,5,0.88,0.88,0.72,0.049616387672386596,0.24,0.12,0.12,True
Jiang24 Seen Perturbation,k562+IFNG_HLA-DQB1,k562+IFNG,HLA-DQB1,K562,IFNG,5,1.0,1.0,0.64,0.6675688021426693,0.2,0.0,0.2,True
Jiang24 Seen Perturbation,k562+IFNG_HLX,k562+IFNG,HLX,K562,IFNG,5,1.0,1.0,0.8240000000000001,-0.2238755197325744,0.12,0.0,0.12,True
Jiang24 Seen Perturbation,k562+IFNG_IFNGR1,k562+IFNG,IFNGR1,K562,IFNG,5,0.96,0.96,0.8400000000000001,0.6426839248765315,0.0,0.04,-0.04,False
Jiang24 Seen Perturbation,k562+IFNG_IFNGR2,k562+IFNG,IFNGR2,K562,IFNG,5,0.8571428571428571,0.8571428571428571,0.8285714285714286,0.6510963283161633,0.14285714285714285,0.14285714285714285,0.0,False
Jiang24 Seen Perturbation,k562+IFNG_IRF2,k562+IFNG,IRF2,K562,IFNG,5,0.96,0.96,0.76,0.34809830028621436,0.08,0.04,0.04,True
Jiang24 Seen Perturbation,k562+IFNG_IRF5,k562+IFNG,IRF5,K562,IFNG,5,1.0,1.0,1.0,,0.0,0.0,0.0,False
Jiang24 Seen Perturbation,k562+IFNG_IRF9,k562+IFNG,IRF9,K562,IFNG,11,0.92,0.92,0.7745454545454545,0.029187947240807036,0.08,0.08,0.0,False
Jiang24 Seen Perturbation,k562+IFNG_JAK1,k562+IFNG,JAK1,K562,IFNG,11,1.0,1.0,0.8831168831168831,0.07108140773857902,0.14285714285714285,0.0,0.14285714285714285,True
Jiang24 Seen Perturbation,k562+IFNG_JAK2,k562+IFNG,JAK2,K562,IFNG,5,0.8947368421052632,0.8947368421052632,0.8210526315789473,0.6068307579767189,0.10526315789473684,0.10526315789473684,0.0,False
Jiang24 Seen Perturbation,k562+IFNG_JUN,k562+IFNG,JUN,K562,IFNG,21,0.9375,0.9375,0.6488095238095238,0.18017238909639474,0.3125,0.0625,0.25,True
Jiang24 Seen Perturbation,k562+IFNG_KIN,k562+IFNG,KIN,K562,IFNG,5,0.96,0.96,0.784,0.048310328207869874,0.04,0.04,0.0,False
Jiang24 Seen Perturbation,k562+IFNG_KLF4,k562+IFNG,KLF4,K562,IFNG,5,0.92,0.92,0.792,-0.19628011071823787,0.2,0.08,0.12000000000000001,True
Jiang24 Seen Perturbation,k562+IFNG_MAFB,k562+IFNG,MAFB,K562,IFNG,5,1.0,1.0,0.8,,0.0,0.0,0.0,False
Jiang24 Seen Perturbation,k562+IFNG_MAFF,k562+IFNG,MAFF,K562,IFNG,5,0.0,0.0,0.2,,0.0,1.0,-1.0,False
Jiang24 Seen Perturbation,k562+IFNG_MCRS1,k562+IFNG,MCRS1,K562,IFNG,5,1.0,1.0,0.8720000000000001,-0.19204359188197048,0.08,0.0,0.08,True
Jiang24 Seen Perturbation,k562+IFNG_NFKB1,k562+IFNG,NFKB1,K562,IFNG,21,1.0,1.0,0.7904761904761906,0.46386121335489383,0.08,0.0,0.08,True
Jiang24 Seen Perturbation,k562+IFNG_PARP12,k562+IFNG,PARP12,K562,IFNG,11,0.25,0.25,0.5681818181818182,0.9942895171448238,0.25,0.75,-0.5,False
Jiang24 Seen Perturbation,k562+IFNG_PLEK,k562+IFNG,PLEK,K562,IFNG,5,1.0,1.0,0.6857142857142857,-0.10983261888963554,0.14285714285714285,0.0,0.14285714285714285,True
Jiang24 Seen Perturbation,k562+IFNG_RARRES3,k562+IFNG,RARRES3,K562,IFNG,5,1.0,1.0,0.808,0.16713186609067865,0.0,0.0,0.0,False
Jiang24 Seen Perturbation,k562+IFNG_RFX5,k562+IFNG,RFX5,K562,IFNG,5,1.0,1.0,0.8,-0.08187817406920109,0.0,0.0,0.0,False
Jiang24 Seen Perturbation,k562+IFNG_SOX2,k562+IFNG,SOX2,K562,IFNG,5,1.0,1.0,0.8880000000000001,-0.1814481638092167,0.0,0.0,0.0,False
Jiang24 Seen Perturbation,k562+IFNG_SP100,k562+IFNG,SP100,K562,IFNG,11,1.0,1.0,0.8181818181818182,1.0,0.0,0.0,0.0,False
Jiang24 Seen Perturbation,k562+IFNG_SRC,k562+IFNG,SRC,K562,IFNG,5,0.75,0.75,0.55,-0.32956224180145216,0.0,0.25,-0.25,False
Jiang24 Seen Perturbation,k562+IFNG_STAT1,k562+IFNG,STAT1,K562,IFNG,11,1.0,1.0,0.9393939393939393,0.6375677019347539,0.0,0.0,0.0,False
Jiang24 Seen Perturbation,k562+IFNG_STAT2,k562+IFNG,STAT2,K562,IFNG,11,1.0,1.0,0.8,0.45322289347129857,0.08,0.0,0.08,True
Jiang24 Seen Perturbation,k562+IFNG_STAT3,k562+IFNG,STAT3,K562,IFNG,11,0.875,0.875,0.625,0.15144419655943644,0.5,0.125,0.375,True
Jiang24 Seen Perturbation,k562+IFNG_TAPBPL,k562+IFNG,TAPBPL,K562,IFNG,5,0.96,0.96,0.9119999999999999,-0.0591897443302463,0.04,0.04,0.0,False
Jiang24 Seen Perturbation,k562+IFNG_TBX21,k562+IFNG,TBX21,K562,IFNG,5,0.75,0.75,0.5,-0.6022658336264696,0.25,0.25,0.0,False
Jiang24 Seen Perturbation,k562+IFNG_ZC3H3,k562+IFNG,ZC3H3,K562,IFNG,5,0.96,0.96,0.752,-0.17599933845654467,0.12,0.04,0.07999999999999999,True
Jiang24 Seen Perturbation,k562+IFNG_ZFP36,k562+IFNG,ZFP36,K562,IFNG,5,1.0,1.0,0.709090909090909,0.03766114032595282,0.36363636363636365,0.0,0.36363636363636365,True
Jiang24 Seen Perturbation,k562+IFNG_ZNF267,k562+IFNG,ZNF267,K562,IFNG,11,1.0,1.0,0.7890909090909091,-0.005130418412918663,0.04,0.0,0.04,True
Jiang24 Seen Perturbation,k562+IFNG_ZNFX1,k562+IFNG,ZNFX1,K562,IFNG,11,1.0,1.0,0.7727272727272727,0.9176284396949856,0.125,0.0,0.125,True
Jiang24 Seen Perturbation,k562+INS_CHUK,k562+INS,CHUK,K562,INS,16,0.8181818181818182,0.8181818181818182,0.6051136363636364,-0.2525674814600926,0.13636363636363635,0.18181818181818182,-0.04545454545454547,False
Jiang24 Seen Perturbation,k562+INS_COPS4,k562+INS,COPS4,K562,INS,4,0.88,0.88,0.76,0.031489771117240606,0.0,0.12,-0.12,False
Jiang24 Seen Perturbation,k562+INS_DR1,k562+INS,DR1,K562,INS,4,0.84,0.88,0.65,0.006339667938404254,0.04,0.12,-0.07999999999999999,False
Jiang24 Seen Perturbation,k562+INS_EIF2B1,k562+INS,EIF2B1,K562,INS,4,0.6666666666666666,0.6666666666666666,0.5416666666666666,-0.16732431846841245,0.16666666666666666,0.3333333333333333,-0.16666666666666666,False
Jiang24 Seen Perturbation,k562+INS_ELK1,k562+INS,ELK1,K562,INS,10,0.8181818181818182,0.8181818181818182,0.4818181818181818,0.4359767390617275,0.09090909090909091,0.18181818181818182,-0.09090909090909091,False
Jiang24 Seen Perturbation,k562+INS_FOXM1,k562+INS,FOXM1,K562,INS,4,0.64,0.64,0.5800000000000001,0.12947985338558213,0.12,0.36,-0.24,False
Jiang24 Seen Perturbation,k562+INS_FOXO1,k562+INS,FOXO1,K562,INS,4,0.3333333333333333,0.3333333333333333,0.3333333333333333,-0.1802891074426179,0.4444444444444444,0.6666666666666666,-0.2222222222222222,False
Jiang24 Seen Perturbation,k562+INS_FOXO3,k562+INS,FOXO3,K562,INS,4,0.375,0.375,0.4791666666666667,0.3691412288286656,0.16666666666666666,0.625,-0.45833333333333337,False
Jiang24 Seen Perturbation,k562+INS_FOXO4,k562+INS,FOXO4,K562,INS,4,0.88,0.88,0.79,-0.05904158740515033,0.08,0.12,-0.039999999999999994,False
Jiang24 Seen Perturbation,k562+INS_GRB10,k562+INS,GRB10,K562,INS,4,0.4666666666666667,0.4666666666666667,0.44999999999999996,0.7196570303925137,0.2,0.5333333333333333,-0.3333333333333333,False
Jiang24 Seen Perturbation,k562+INS_GRB2,k562+INS,GRB2,K562,INS,4,0.5294117647058824,0.5294117647058824,0.3235294117647059,0.11880281892711873,0.23529411764705882,0.47058823529411764,-0.23529411764705882,False
Jiang24 Seen Perturbation,k562+INS_HSF1,k562+INS,HSF1,K562,INS,4,0.5,0.5,0.40625,0.0846939512855791,0.25,0.5,-0.25,False
Jiang24 Seen Perturbation,k562+INS_IGF2,k562+INS,IGF2,K562,INS,4,0.36363636363636365,0.36363636363636365,0.36363636363636365,-0.16909406391743506,0.2727272727272727,0.6363636363636364,-0.36363636363636365,False
Jiang24 Seen Perturbation,k562+INS_IKBKB,k562+INS,IKBKB,K562,INS,16,0.96,0.96,0.7575000000000001,-0.19177232614662,0.04,0.04,0.0,False
Jiang24 Seen Perturbation,k562+INS_INSR,k562+INS,INSR,K562,INS,4,0.6666666666666666,0.6666666666666666,0.41666666666666663,0.3623346058147462,0.0,0.3333333333333333,-0.3333333333333333,False
Jiang24 Seen Perturbation,k562+INS_IRS1,k562+INS,IRS1,K562,INS,4,0.5,0.5,0.41666666666666663,0.09749642426988178,0.3333333333333333,0.5,-0.16666666666666669,False
Jiang24 Seen Perturbation,k562+INS_IRS2,k562+INS,IRS2,K562,INS,4,0.2,0.2,0.45,-0.32090425674581186,0.4,0.8,-0.4,False
Jiang24 Seen Perturbation,k562+INS_IRS4,k562+INS,IRS4,K562,INS,4,0.52,0.56,0.49,0.01542745053508831,0.08,0.44,-0.36,False
Jiang24 Seen Perturbation,k562+INS_MAPK1,k562+INS,MAPK1,K562,INS,10,0.64,0.64,0.45999999999999996,0.48493164467259187,0.36,0.36,0.0,False
Jiang24 Seen Perturbation,k562+INS_MAPK3,k562+INS,MAPK3,K562,INS,10,0.5,0.5,0.5166666666666666,-0.13511675690543673,0.0,0.5,-0.5,False
Jiang24 Seen Perturbation,k562+INS_MTOR,k562+INS,MTOR,K562,INS,10,1.0,1.0,0.8,0.026454861756222893,0.04,0.0,0.04,True
Jiang24 Seen Perturbation,k562+INS_PIK3CA,k562+INS,PIK3CA,K562,INS,21,0.8,0.8,0.5523809523809524,-0.0928237625267448,0.1,0.2,-0.1,False
Jiang24 Seen Perturbation,k562+INS_POLR2G,k562+INS,POLR2G,K562,INS,4,0.96,0.96,0.9099999999999999,0.00506465638435653,0.0,0.04,-0.04,False
Jiang24 Seen Perturbation,k562+INS_POLR2L,k562+INS,POLR2L,K562,INS,4,0.96,0.96,0.75,-0.04854507475696218,0.04,0.04,0.0,False
Jiang24 Seen Perturbation,k562+INS_PTEN,k562+INS,PTEN,K562,INS,4,0.44,0.44,0.53,0.4171343396957485,0.32,0.56,-0.24000000000000005,False
Jiang24 Seen Perturbation,k562+INS_RAD51,k562+INS,RAD51,K562,INS,4,0.96,0.96,0.88,0.03995154895912119,0.08,0.04,0.04,True
Jiang24 Seen Perturbation,k562+INS_SGK1,k562+INS,SGK1,K562,INS,4,0.6,0.6,0.5,0.01567201412779835,0.4,0.4,0.0,False
Jiang24 Seen Perturbation,k562+INS_SHC1,k562+INS,SHC1,K562,INS,4,0.76,0.76,0.6100000000000001,-0.0740076090112654,0.08,0.24,-0.15999999999999998,False
Jiang24 Seen Perturbation,k562+INS_SMARCE1,k562+INS,SMARCE1,K562,INS,4,0.96,0.96,0.8899999999999999,-0.09079622115370084,0.08,0.04,0.04,True
Jiang24 Seen Perturbation,k562+INS_SREBF1,k562+INS,SREBF1,K562,INS,4,0.5555555555555556,0.5555555555555556,0.5,-0.4530704422666225,0.0,0.4444444444444444,-0.4444444444444444,False
Jiang24 Seen Perturbation,k562+INS_SRF,k562+INS,SRF,K562,INS,4,0.72,0.72,0.5700000000000001,-0.06007596697902796,0.16,0.28,-0.12000000000000002,False
Jiang24 Seen Perturbation,k562+INS_TAF3,k562+INS,TAF3,K562,INS,4,0.76,0.8,0.61,0.05934147204344474,0.04,0.2,-0.16,False
Jiang24 Seen Perturbation,k562+INS_TAF7,k562+INS,TAF7,K562,INS,4,0.8333333333333334,0.8333333333333334,0.5625,0.08463170347563177,0.0,0.16666666666666666,-0.16666666666666666,False
Jiang24 Seen Perturbation,k562+INS_TAF8,k562+INS,TAF8,K562,INS,4,0.92,0.96,0.7100000000000001,-0.17800674558622687,0.0,0.04,-0.04,False
Jiang24 Seen Perturbation,k562+INS_TSC1,k562+INS,TSC1,K562,INS,4,0.52,0.52,0.53,-0.09373507824496882,0.36,0.48,-0.12,False
Jiang24 Seen Perturbation,k562+INS_TSC2,k562+INS,TSC2,K562,INS,4,0.44,0.44,0.56,0.0490978890497935,0.72,0.56,0.15999999999999992,True
Jiang24 Seen Perturbation,k562+INS_TTF1,k562+INS,TTF1,K562,INS,4,0.88,0.88,0.77,-0.03118443989861163,0.12,0.12,0.0,False
Jiang24 Seen Perturbation,k562+INS_TTF2,k562+INS,TTF2,K562,INS,4,0.96,0.96,0.82,-0.09297239417053761,0.0,0.04,-0.04,False
Jiang24 Seen Perturbation,k562+INS_XBP1,k562+INS,XBP1,K562,INS,4,0.92,0.96,0.8400000000000001,-0.12211278919141122,0.0,0.04,-0.04,False
Jiang24 Seen Perturbation,k562+INS_ZNF593,k562+INS,ZNF593,K562,INS,4,1.0,1.0,0.49999999999999994,-0.3825271099358849,0.0,0.0,0.0,False
Jiang24 Seen Perturbation,k562+TGFB_ATF2,k562+TGFB,ATF2,K562,TGFB,5,0.9,0.9,0.6199999999999999,-0.07677031221988231,0.1,0.1,0.0,False
Jiang24 Seen Perturbation,k562+TGFB_CREBBP,k562+TGFB,CREBBP,K562,TGFB,5,1.0,1.0,0.7333333333333332,0.6488792122739143,0.6666666666666666,0.0,0.6666666666666666,True
Jiang24 Seen Perturbation,k562+TGFB_CUL1,k562+TGFB,CUL1,K562,TGFB,11,1.0,1.0,0.8327272727272728,0.036134467758906046,0.0,0.0,0.0,False
Jiang24 Seen Perturbation,k562+TGFB_EP300,k562+TGFB,EP300,K562,TGFB,5,0.88,0.88,0.784,0.1189784030295699,0.04,0.12,-0.07999999999999999,False
Jiang24 Seen Perturbation,k562+TGFB_FOXP2,k562+TGFB,FOXP2,K562,TGFB,5,1.0,1.0,0.8,-0.031226325917273368,0.0,0.0,0.0,False
Jiang24 Seen Perturbation,k562+TGFB_HDAC4,k562+TGFB,HDAC4,K562,TGFB,5,0.96,0.96,0.8240000000000001,0.7014372446544357,0.08,0.04,0.04,True
Jiang24 Seen Perturbation,k562+TGFB_IKBKB,k562+TGFB,IKBKB,K562,TGFB,16,1.0,1.0,0.8775,-0.06449396471371896,0.08,0.0,0.08,True
Jiang24 Seen Perturbation,k562+TGFB_JUN,k562+TGFB,JUN,K562,TGFB,22,1.0,1.0,0.5909090909090909,,0.0,0.0,0.0,False
Jiang24 Seen Perturbation,k562+TGFB_MAPK1,k562+TGFB,MAPK1,K562,TGFB,10,0.92,0.92,0.74,0.597532659262049,0.04,0.08,-0.04,False
Jiang24 Seen Perturbation,k562+TGFB_MAPK14,k562+TGFB,MAPK14,K562,TGFB,16,0.7692307692307693,0.7692307692307693,0.5384615384615385,0.20535416547838092,0.07692307692307693,0.23076923076923078,-0.15384615384615385,False
Jiang24 Seen Perturbation,k562+TGFB_MED15,k562+TGFB,MED15,K562,TGFB,5,0.84,0.84,0.664,0.12646171153675861,0.24,0.16,0.07999999999999999,True
Jiang24 Seen Perturbation,k562+TGFB_NFKB1,k562+TGFB,NFKB1,K562,TGFB,22,1.0,1.0,0.7981818181818183,0.4040164151460418,0.04,0.0,0.04,True
Jiang24 Seen Perturbation,k562+TGFB_NRAS,k562+TGFB,NRAS,K562,TGFB,5,0.96,0.96,0.8640000000000001,0.21677980029497862,0.08,0.04,0.04,True
Jiang24 Seen Perturbation,k562+TGFB_RAF1,k562+TGFB,RAF1,K562,TGFB,5,0.92,0.92,0.792,0.024088650333165002,0.16,0.08,0.08,True
Jiang24 Seen Perturbation,k562+TGFB_RBL1,k562+TGFB,RBL1,K562,TGFB,5,0.92,0.92,0.7520000000000001,0.3415428190371017,0.12,0.08,0.039999999999999994,True
Jiang24 Seen Perturbation,k562+TGFB_RBX1,k562+TGFB,RBX1,K562,TGFB,5,0.96,0.96,0.696,0.0726130330578211,0.08,0.04,0.04,True
Jiang24 Seen Perturbation,k562+TGFB_RHOA,k562+TGFB,RHOA,K562,TGFB,5,1.0,1.0,0.776,0.08034867651656538,0.0,0.0,0.0,False
Jiang24 Seen Perturbation,k562+TGFB_RUNX2,k562+TGFB,RUNX2,K562,TGFB,5,0.8,0.8,0.6,0.41236549327644545,0.0,0.2,-0.2,False
Jiang24 Seen Perturbation,k562+TGFB_SKP1,k562+TGFB,SKP1,K562,TGFB,5,1.0,1.0,0.8720000000000001,0.12708597607698227,0.0,0.0,0.0,False
Jiang24 Seen Perturbation,k562+TGFB_SMAD4,k562+TGFB,SMAD4,K562,TGFB,5,0.84,0.84,0.672,-0.08491034967769298,0.12,0.16,-0.04000000000000001,False
Jiang24 Seen Perturbation,k562+TGFB_SMURF1,k562+TGFB,SMURF1,K562,TGFB,5,1.0,1.0,1.0,,0.0,0.0,0.0,False
Jiang24 Seen Perturbation,k562+TGFB_SMURF2,k562+TGFB,SMURF2,K562,TGFB,5,1.0,1.0,1.0,,0.0,0.0,0.0,False
Jiang24 Seen Perturbation,k562+TGFB_SP1,k562+TGFB,SP1,K562,TGFB,10,0.92,0.92,0.628,0.08575965696457714,0.16,0.08,0.08,True
Jiang24 Seen Perturbation,k562+TGFB_TGFBR1,k562+TGFB,TGFBR1,K562,TGFB,5,1.0,1.0,1.0,,0.0,0.0,0.0,False
Jiang24 Seen Perturbation,k562+TGFB_TGFBR3,k562+TGFB,TGFBR3,K562,TGFB,5,1.0,1.0,0.7,-0.2,0.5,0.0,0.5,True
Jiang24 Seen Perturbation,k562+TNFA_BATF,k562+TNFA,BATF,K562,TNFA,4,1.0,1.0,0.5,,0.0,0.0,0.0,False
Jiang24 Seen Perturbation,k562+TNFA_BIRC2,k562+TNFA,BIRC2,K562,TNFA,4,0.8,0.8,0.63,-0.01425256512249476,0.48,0.2,0.27999999999999997,True
Jiang24 Seen Perturbation,k562+TNFA_BIRC3,k562+TNFA,BIRC3,K562,TNFA,4,0.75,0.75,0.75,0.8843856429848751,0.0,0.25,-0.25,False
Jiang24 Seen Perturbation,k562+TNFA_CASP10,k562+TNFA,CASP10,K562,TNFA,4,0.96,0.96,0.84,-0.01885842749834575,0.0,0.04,-0.04,False
Jiang24 Seen Perturbation,k562+TNFA_CASP8,k562+TNFA,CASP8,K562,TNFA,4,0.92,0.92,0.8200000000000001,0.03357440629866367,0.12,0.08,0.039999999999999994,True
Jiang24 Seen Perturbation,k562+TNFA_CEBPB,k562+TNFA,CEBPB,K562,TNFA,15,0.96,0.96,0.7200000000000001,0.22000260109268396,0.04,0.04,0.0,False
Jiang24 Seen Perturbation,k562+TNFA_CHUK,k562+TNFA,CHUK,K562,TNFA,16,0.96,0.96,0.7100000000000001,0.282016005497676,0.2,0.04,0.16,True
Jiang24 Seen Perturbation,k562+TNFA_CREB1,k562+TNFA,CREB1,K562,TNFA,4,0.625,0.625,0.5,0.01277171612805908,0.25,0.375,-0.125,False
Jiang24 Seen Perturbation,k562+TNFA_CSF1,k562+TNFA,CSF1,K562,TNFA,4,0.84,0.84,0.64,0.16179798238116544,0.16,0.16,0.0,False
Jiang24 Seen Perturbation,k562+TNFA_DNM1L,k562+TNFA,DNM1L,K562,TNFA,4,0.92,0.92,0.7500000000000001,-0.07672447411253872,0.12,0.08,0.039999999999999994,True
Jiang24 Seen Perturbation,k562+TNFA_FOS,k562+TNFA,FOS,K562,TNFA,22,1.0,1.0,0.5909090909090908,-0.16104282043156845,0.3333333333333333,0.0,0.3333333333333333,True
Jiang24 Seen Perturbation,k562+TNFA_IKBKB,k562+TNFA,IKBKB,K562,TNFA,16,0.96,0.96,0.8075,-0.11530270028284714,0.08,0.04,0.04,True
Jiang24 Seen Perturbation,k562+TNFA_IKBKG,k562+TNFA,IKBKG,K562,TNFA,4,0.68,0.68,0.59,0.09290601444767517,0.28,0.32,-0.03999999999999998,False
Jiang24 Seen Perturbation,k562+TNFA_ITCH,k562+TNFA,ITCH,K562,TNFA,4,0.92,0.92,0.7600000000000001,0.7989119730754691,0.12,0.08,0.039999999999999994,True
Jiang24 Seen Perturbation,k562+TNFA_JUN,k562+TNFA,JUN,K562,TNFA,21,1.0,1.0,0.7023809523809523,0.09750276549344901,0.5,0.0,0.5,True
Jiang24 Seen Perturbation,k562+TNFA_JUNB,k562+TNFA,JUNB,K562,TNFA,4,1.0,1.0,0.7916666666666667,0.37353934404333555,0.16666666666666666,0.0,0.16666666666666666,True
Jiang24 Seen Perturbation,k562+TNFA_MAP2K3,k562+TNFA,MAP2K3,K562,TNFA,4,0.56,0.56,0.47000000000000003,-0.01114605254602656,0.48,0.44,0.03999999999999998,True
Jiang24 Seen Perturbation,k562+TNFA_MAP3K7,k562+TNFA,MAP3K7,K562,TNFA,10,0.8666666666666667,0.8666666666666667,0.5733333333333334,0.17080396659093702,0.2,0.13333333333333333,0.06666666666666668,True
Jiang24 Seen Perturbation,k562+TNFA_MAPK14,k562+TNFA,MAPK14,K562,TNFA,16,1.0,1.0,0.6525000000000001,0.1325944083984462,0.32,0.0,0.32,True
Jiang24 Seen Perturbation,k562+TNFA_MTF1,k562+TNFA,MTF1,K562,TNFA,4,0.5714285714285714,0.5714285714285714,0.6428571428571428,-0.025108441087019193,0.42857142857142855,0.42857142857142855,0.0,False
Jiang24 Seen Perturbation,k562+TNFA_MTOR,k562+TNFA,MTOR,K562,TNFA,10,1.0,1.0,0.744,-0.005364872623466294,0.0,0.0,0.0,False
Jiang24 Seen Perturbation,k562+TNFA_NFAT5,k562+TNFA,NFAT5,K562,TNFA,4,1.0,1.0,0.85,-0.06829597995582391,0.12,0.0,0.12,True
Jiang24 Seen Perturbation,k562+TNFA_NFKB1,k562+TNFA,NFKB1,K562,TNFA,21,1.0,1.0,0.7561904761904762,0.7453424397583054,0.16,0.0,0.16,True
Jiang24 Seen Perturbation,k562+TNFA_NFKBIA,k562+TNFA,NFKBIA,K562,TNFA,4,1.0,1.0,1.0,,0.0,0.0,0.0,False
Jiang24 Seen Perturbation,k562+TNFA_PDCD5,k562+TNFA,PDCD5,K562,TNFA,4,0.84,0.84,0.65,0.05331608018245703,0.08,0.16,-0.08,False
Jiang24 Seen Perturbation,k562+TNFA_PIK3CA,k562+TNFA,PIK3CA,K562,TNFA,21,1.0,1.0,0.6666666666666666,-0.5238095238095238,1.0,0.0,1.0,True
Jiang24 Seen Perturbation,k562+TNFA_SOX4,k562+TNFA,SOX4,K562,TNFA,4,0.84,0.84,0.71,0.3015943115923126,0.04,0.16,-0.12,False
Jiang24 Seen Perturbation,k562+TNFA_SOX9,k562+TNFA,SOX9,K562,TNFA,4,0.88,0.88,0.7400000000000001,0.0700155054549282,0.16,0.12,0.04000000000000001,True
Jiang24 Seen Perturbation,k562+TNFA_TNFRSF1A,k562+TNFA,TNFRSF1A,K562,TNFA,4,0.96,0.96,0.8600000000000001,0.4234362646671632,0.04,0.04,0.0,False
Jiang24 Seen Perturbation,k562+TNFA_TRAF1,k562+TNFA,TRAF1,K562,TNFA,4,0.92,0.92,0.67,-0.07363449173597914,0.24,0.08,0.15999999999999998,True
Jiang24 Seen Perturbation,k562+TNFA_TRAF2,k562+TNFA,TRAF2,K562,TNFA,4,0.88,0.88,0.69,0.148693283159825,0.32,0.12,0.2,True
Jiang24 Seen Perturbation,k562+TNFA_TRAF3,k562+TNFA,TRAF3,K562,TNFA,4,0.7058823529411765,0.7058823529411765,0.6470588235294117,0.6409907467468466,0.47058823529411764,0.29411764705882354,0.1764705882352941,True
Jiang24 Seen Perturbation,k562+TNFA_ZFP36L1,k562+TNFA,ZFP36L1,K562,TNFA,4,1.0,1.0,0.75,,0.0,0.0,0.0,False
Jiang24 Seen Perturbation,k562+TNFA_ZNF267,k562+TNFA,ZNF267,K562,TNFA,9,0.92,0.92,0.6977777777777777,-0.016986416410753644,0.16,0.08,0.08,True
Jiang24 Seen Perturbation,mcf7+IFNB_ADAR,mcf7+IFNB,ADAR,MCF7,IFNB,5,0.88,0.88,0.688,0.2658356384240957,0.16,0.12,0.04000000000000001,True
Jiang24 Seen Perturbation,mcf7+IFNB_AKT1,mcf7+IFNB,AKT1,MCF7,IFNB,10,0.76,0.76,0.6,0.02864783520603521,0.32,0.24,0.08000000000000002,True
Jiang24 Seen Perturbation,mcf7+IFNB_BATF2,mcf7+IFNB,BATF2,MCF7,IFNB,11,0.8181818181818182,0.8181818181818182,0.6363636363636364,-0.02736512805877912,0.18181818181818182,0.18181818181818182,0.0,False
Jiang24 Seen Perturbation,mcf7+IFNB_BRD9,mcf7+IFNB,BRD9,MCF7,IFNB,5,0.8333333333333334,0.8333333333333334,0.6666666666666667,0.2405728772906784,0.3333333333333333,0.16666666666666666,0.16666666666666666,True
Jiang24 Seen Perturbation,mcf7+IFNB_CEBPB,mcf7+IFNB,CEBPB,MCF7,IFNB,17,0.8,0.8,0.6188235294117648,0.10482137927890256,0.08,0.2,-0.12000000000000001,False
Jiang24 Seen Perturbation,mcf7+IFNB_CEBPG,mcf7+IFNB,CEBPG,MCF7,IFNB,5,0.7727272727272727,0.7727272727272727,0.6272727272727273,-0.05111578371189692,0.3181818181818182,0.22727272727272727,0.09090909090909091,True
Jiang24 Seen Perturbation,mcf7+IFNB_CRKL,mcf7+IFNB,CRKL,MCF7,IFNB,5,0.9523809523809523,0.9523809523809523,0.7523809523809524,-0.09009700761544524,0.42857142857142855,0.047619047619047616,0.38095238095238093,True
Jiang24 Seen Perturbation,mcf7+IFNB_DTX3L,mcf7+IFNB,DTX3L,MCF7,IFNB,5,0.0,0.0,0.26666666666666666,-0.12353423772087035,1.0,1.0,0.0,False
Jiang24 Seen Perturbation,mcf7+IFNB_ELK1,mcf7+IFNB,ELK1,MCF7,IFNB,10,0.3333333333333333,0.3333333333333333,0.5,-0.023695362943087262,0.3333333333333333,0.6666666666666666,-0.3333333333333333,False
Jiang24 Seen Perturbation,mcf7+IFNB_ETS1,mcf7+IFNB,ETS1,MCF7,IFNB,5,0.6666666666666666,0.6666666666666666,0.6499999999999999,-0.19286590884893312,0.25,0.3333333333333333,-0.08333333333333331,False
Jiang24 Seen Perturbation,mcf7+IFNB_ETS2,mcf7+IFNB,ETS2,MCF7,IFNB,5,0.75,0.75,0.6166666666666667,0.12417327927360758,0.3333333333333333,0.25,0.08333333333333331,True
Jiang24 Seen Perturbation,mcf7+IFNB_FOS,mcf7+IFNB,FOS,MCF7,IFNB,21,0.5,0.5,0.5476190476190477,0.0455316261599653,0.5,0.5,0.0,False
Jiang24 Seen Perturbation,mcf7+IFNB_HERC5,mcf7+IFNB,HERC5,MCF7,IFNB,5,0.6956521739130435,0.6956521739130435,0.5652173913043479,-0.2199679980694586,0.5652173913043478,0.30434782608695654,0.26086956521739124,True
Jiang24 Seen Perturbation,mcf7+IFNB_HERC6,mcf7+IFNB,HERC6,MCF7,IFNB,5,0.75,0.75,0.6833333333333333,0.9072047583241222,0.25,0.25,0.0,False
Jiang24 Seen Perturbation,mcf7+IFNB_HES4,mcf7+IFNB,HES4,MCF7,IFNB,5,0.88,0.88,0.7120000000000001,-0.003806719531050257,0.24,0.12,0.12,True
Jiang24 Seen Perturbation,mcf7+IFNB_ID1,mcf7+IFNB,ID1,MCF7,IFNB,5,0.48,0.48,0.44000000000000006,-0.1983389738496151,0.36,0.52,-0.16000000000000003,False
Jiang24 Seen Perturbation,mcf7+IFNB_ID2,mcf7+IFNB,ID2,MCF7,IFNB,11,0.96,0.96,0.6618181818181819,0.048884365218975205,0.32,0.04,0.28,True
Jiang24 Seen Perturbation,mcf7+IFNB_ID3,mcf7+IFNB,ID3,MCF7,IFNB,5,0.88,0.88,0.6960000000000001,0.09687531019133255,0.28,0.12,0.16000000000000003,True
Jiang24 Seen Perturbation,mcf7+IFNB_IFI16,mcf7+IFNB,IFI16,MCF7,IFNB,11,1.0,1.0,0.8400000000000002,0.2872339652828582,0.16,0.0,0.16,True
Jiang24 Seen Perturbation,mcf7+IFNB_IFNAR2,mcf7+IFNB,IFNAR2,MCF7,IFNB,5,0.8,0.8,0.736,0.18153932537352058,0.28,0.2,0.08000000000000002,True
Jiang24 Seen Perturbation,mcf7+IFNB_IRF1,mcf7+IFNB,IRF1,MCF7,IFNB,17,0.5714285714285714,0.5714285714285714,0.6134453781512605,0.25941641632820445,1.0,0.42857142857142855,0.5714285714285714,True
Jiang24 Seen Perturbation,mcf7+IFNB_IRF3,mcf7+IFNB,IRF3,MCF7,IFNB,5,0.92,0.92,0.808,-0.028126348249603673,0.12,0.08,0.039999999999999994,True
Jiang24 Seen Perturbation,mcf7+IFNB_IRF7,mcf7+IFNB,IRF7,MCF7,IFNB,16,0.96,0.96,0.69,0.0972671677481637,0.36,0.04,0.32,True
Jiang24 Seen Perturbation,mcf7+IFNB_IRF9,mcf7+IFNB,IRF9,MCF7,IFNB,11,1.0,1.0,0.8036363636363636,0.059476684638120746,0.2,0.0,0.2,True
Jiang24 Seen Perturbation,mcf7+IFNB_JAK1,mcf7+IFNB,JAK1,MCF7,IFNB,11,1.0,1.0,0.5909090909090909,0.49414933437350117,0.5,0.0,0.5,True
Jiang24 Seen Perturbation,mcf7+IFNB_JUN,mcf7+IFNB,JUN,MCF7,IFNB,22,0.75,0.75,0.5681818181818182,0.1132146114933731,0.25,0.25,0.0,False
Jiang24 Seen Perturbation,mcf7+IFNB_MAP3K14,mcf7+IFNB,MAP3K14,MCF7,IFNB,11,0.92,0.92,0.6181818181818182,0.005262462686693834,0.16,0.08,0.08,True
Jiang24 Seen Perturbation,mcf7+IFNB_MAPK14,mcf7+IFNB,MAPK14,MCF7,IFNB,16,0.88,0.88,0.62,0.08748881321604436,0.28,0.12,0.16000000000000003,True
Jiang24 Seen Perturbation,mcf7+IFNB_MAPK8,mcf7+IFNB,MAPK8,MCF7,IFNB,11,0.8947368421052632,0.8947368421052632,0.6363636363636364,0.0807964475536945,0.21052631578947367,0.10526315789473684,0.10526315789473684,True
Jiang24 Seen Perturbation,mcf7+IFNB_MEF2A,mcf7+IFNB,MEF2A,MCF7,IFNB,5,0.75,0.75,0.6625,0.008363064079505166,0.375,0.25,0.125,True
Jiang24 Seen Perturbation,mcf7+IFNB_MYC,mcf7+IFNB,MYC,MCF7,IFNB,22,0.9565217391304348,0.9565217391304348,0.5889328063241107,0.026972698187438873,0.21739130434782608,0.043478260869565216,0.17391304347826086,True
Jiang24 Seen Perturbation,mcf7+IFNB_NFKB1,mcf7+IFNB,NFKB1,MCF7,IFNB,22,0.96,0.96,0.7745454545454546,0.046361208007973324,0.24,0.04,0.19999999999999998,True
Jiang24 Seen Perturbation,mcf7+IFNB_PARP12,mcf7+IFNB,PARP12,MCF7,IFNB,11,0.6,0.6,0.5636363636363636,0.8659802041258208,0.0,0.4,-0.4,False
Jiang24 Seen Perturbation,mcf7+IFNB_POU2F1,mcf7+IFNB,POU2F1,MCF7,IFNB,5,0.92,0.92,0.8320000000000001,0.016911509942271596,0.08,0.08,0.0,False
Jiang24 Seen Perturbation,mcf7+IFNB_RAP1GAP,mcf7+IFNB,RAP1GAP,MCF7,IFNB,5,1.0,1.0,0.6,,0.0,0.0,0.0,False
Jiang24 Seen Perturbation,mcf7+IFNB_RAPGEF1,mcf7+IFNB,RAPGEF1,MCF7,IFNB,5,0.92,0.92,0.72,-0.0813758920574836,0.36,0.08,0.27999999999999997,True
Jiang24 Seen Perturbation,mcf7+IFNB_RNF114,mcf7+IFNB,RNF114,MCF7,IFNB,5,0.7692307692307693,0.7692307692307693,0.6307692307692307,0.24899402165426193,0.38461538461538464,0.23076923076923078,0.15384615384615385,True
Jiang24 Seen Perturbation,mcf7+IFNB_SMARCA5,mcf7+IFNB,SMARCA5,MCF7,IFNB,5,0.8125,0.8125,0.7125,-0.08753813177986772,0.125,0.1875,-0.0625,False
Jiang24 Seen Perturbation,mcf7+IFNB_SOCS1,mcf7+IFNB,SOCS1,MCF7,IFNB,5,0.8235294117647058,0.8235294117647058,0.6705882352941177,-0.05535553547815821,0.23529411764705882,0.17647058823529413,0.05882352941176469,True
Jiang24 Seen Perturbation,mcf7+IFNB_SP100,mcf7+IFNB,SP100,MCF7,IFNB,11,0.72,0.72,0.5709090909090908,0.09437838357764407,0.16,0.28,-0.12000000000000002,False
Jiang24 Seen Perturbation,mcf7+IFNB_SP110,mcf7+IFNB,SP110,MCF7,IFNB,11,1.0,1.0,0.7454545454545454,0.059635266789475685,0.36,0.0,0.36,True
Jiang24 Seen Perturbation,mcf7+IFNB_STAT1,mcf7+IFNB,STAT1,MCF7,IFNB,11,0.4444444444444444,0.4444444444444444,0.47474747474747475,-0.011630504897908117,0.3333333333333333,0.5555555555555556,-0.22222222222222227,False
Jiang24 Seen Perturbation,mcf7+IFNB_STAT2,mcf7+IFNB,STAT2,MCF7,IFNB,11,1.0,1.0,0.9054545454545455,0.6123897830899073,0.08,0.0,0.08,True
Jiang24 Seen Perturbation,mcf7+IFNB_STAT4,mcf7+IFNB,STAT4,MCF7,IFNB,5,0.88,0.88,0.664,-0.02044957959691938,0.36,0.12,0.24,True
Jiang24 Seen Perturbation,mcf7+IFNB_STAT5A,mcf7+IFNB,STAT5A,MCF7,IFNB,5,0.7142857142857143,0.7142857142857143,0.5571428571428572,-0.16167961651573332,0.21428571428571427,0.2857142857142857,-0.07142857142857142,False
Jiang24 Seen Perturbation,mcf7+IFNB_STAT6,mcf7+IFNB,STAT6,MCF7,IFNB,5,0.84,0.84,0.6960000000000001,-0.014584012653968548,0.4,0.16,0.24000000000000002,True
Jiang24 Seen Perturbation,mcf7+IFNB_TRAFD1,mcf7+IFNB,TRAFD1,MCF7,IFNB,11,0.8888888888888888,0.8888888888888888,0.6010101010101011,-0.026336580629441993,0.3333333333333333,0.1111111111111111,0.2222222222222222,True
Jiang24 Seen Perturbation,mcf7+IFNB_TRIM21,mcf7+IFNB,TRIM21,MCF7,IFNB,5,0.88,0.88,0.768,-0.02098826819661903,0.12,0.12,0.0,False
Jiang24 Seen Perturbation,mcf7+IFNB_TRIM22,mcf7+IFNB,TRIM22,MCF7,IFNB,5,0.88,0.88,0.7120000000000001,0.9361803974429144,0.24,0.12,0.12,True
Jiang24 Seen Perturbation,mcf7+IFNB_TYK2,mcf7+IFNB,TYK2,MCF7,IFNB,5,0.84,0.84,0.76,0.7174034288033216,0.24,0.16,0.07999999999999999,True
Jiang24 Seen Perturbation,mcf7+IFNB_UBA7,mcf7+IFNB,UBA7,MCF7,IFNB,5,0.88,0.88,0.712,0.54799545359966,0.16,0.12,0.04000000000000001,True
Jiang24 Seen Perturbation,mcf7+IFNB_UBE2L6,mcf7+IFNB,UBE2L6,MCF7,IFNB,5,0.96,0.96,0.8240000000000001,-0.26902953984026845,0.24,0.04,0.19999999999999998,True
Jiang24 Seen Perturbation,mcf7+IFNB_VAV1,mcf7+IFNB,VAV1,MCF7,IFNB,5,0.8235294117647058,0.8235294117647058,0.5176470588235295,-0.1561609201122782,0.23529411764705882,0.17647058823529413,0.05882352941176469,True
Jiang24 Seen Perturbation,mcf7+IFNB_ZBP1,mcf7+IFNB,ZBP1,MCF7,IFNB,5,1.0,1.0,0.7999999999999999,-0.16467898903030104,0.3333333333333333,0.0,0.3333333333333333,True
Jiang24 Seen Perturbation,mcf7+IFNB_ZNFX1,mcf7+IFNB,ZNFX1,MCF7,IFNB,11,1.0,1.0,0.7090909090909091,0.8457767262514408,0.28,0.0,0.28,True
Jiang24 Seen Perturbation,mcf7+IFNG_ATF5,mcf7+IFNG,ATF5,MCF7,IFNG,5,1.0,1.0,0.7,-0.6,0.0,0.0,0.0,False
Jiang24 Seen Perturbation,mcf7+IFNG_CEBPB,mcf7+IFNG,CEBPB,MCF7,IFNG,15,0.9285714285714286,0.9285714285714286,0.7142857142857142,0.14737067725247752,0.21428571428571427,0.07142857142857142,0.14285714285714285,True
Jiang24 Seen Perturbation,mcf7+IFNG_CLK1,mcf7+IFNG,CLK1,MCF7,IFNG,5,1.0,1.0,0.8960000000000001,-0.0015385722212122755,0.24,0.0,0.24,True
Jiang24 Seen Perturbation,mcf7+IFNG_CUL1,mcf7+IFNG,CUL1,MCF7,IFNG,11,0.5,0.5,0.36363636363636354,-0.13332485542064598,0.2,0.5,-0.3,False
Jiang24 Seen Perturbation,mcf7+IFNG_EHF,mcf7+IFNG,EHF,MCF7,IFNG,5,1.0,1.0,0.8,-0.6,1.0,0.0,1.0,True
Jiang24 Seen Perturbation,mcf7+IFNG_FBXO6,mcf7+IFNG,FBXO6,MCF7,IFNG,5,0.75,0.75,0.75,-0.6752241930654741,0.25,0.25,0.0,False
Jiang24 Seen Perturbation,mcf7+IFNG_FMNL2,mcf7+IFNG,FMNL2,MCF7,IFNG,5,1.0,1.0,0.6,0.6,1.0,0.0,1.0,True
Jiang24 Seen Perturbation,mcf7+IFNG_GUK1,mcf7+IFNG,GUK1,MCF7,IFNG,5,1.0,1.0,0.8,,0.0,0.0,0.0,False
Jiang24 Seen Perturbation,mcf7+IFNG_HLX,mcf7+IFNG,HLX,MCF7,IFNG,5,0.96,0.96,0.8560000000000001,0.19000337657032282,0.12,0.04,0.07999999999999999,True
Jiang24 Seen Perturbation,mcf7+IFNG_IFI16,mcf7+IFNG,IFI16,MCF7,IFNG,11,1.0,1.0,0.8763636363636362,-0.038667924739949615,0.04,0.0,0.04,True
Jiang24 Seen Perturbation,mcf7+IFNG_IFNGR1,mcf7+IFNG,IFNGR1,MCF7,IFNG,5,1.0,1.0,0.9279999999999999,0.31315484659081444,0.0,0.0,0.0,False
Jiang24 Seen Perturbation,mcf7+IFNG_IFNGR2,mcf7+IFNG,IFNGR2,MCF7,IFNG,5,0.75,0.75,0.55,0.2055836716743955,0.0,0.25,-0.25,False
Jiang24 Seen Perturbation,mcf7+IFNG_IRF2,mcf7+IFNG,IRF2,MCF7,IFNG,5,1.0,1.0,0.8320000000000001,-0.02063450841981658,0.36,0.0,0.36,True
Jiang24 Seen Perturbation,mcf7+IFNG_IRF9,mcf7+IFNG,IRF9,MCF7,IFNG,11,1.0,1.0,0.770909090909091,0.018474553759265676,0.2,0.0,0.2,True
Jiang24 Seen Perturbation,mcf7+IFNG_JAK2,mcf7+IFNG,JAK2,MCF7,IFNG,5,1.0,1.0,1.0,,1.0,0.0,1.0,True
Jiang24 Seen Perturbation,mcf7+IFNG_KLF4,mcf7+IFNG,KLF4,MCF7,IFNG,5,1.0,1.0,0.8,0.17131150142864476,0.3333333333333333,0.0,0.3333333333333333,True
Jiang24 Seen Perturbation,mcf7+IFNG_MAFB,mcf7+IFNG,MAFB,MCF7,IFNG,5,0.5,0.5,0.55,-0.5681267073240349,0.5,0.5,0.0,False
Jiang24 Seen Perturbation,mcf7+IFNG_MCRS1,mcf7+IFNG,MCRS1,MCF7,IFNG,5,1.0,1.0,0.8720000000000001,-0.07736846342947215,0.2,0.0,0.2,True
Jiang24 Seen Perturbation,mcf7+IFNG_NFKB1,mcf7+IFNG,NFKB1,MCF7,IFNG,21,1.0,1.0,0.7142857142857143,-0.3333333333333333,0.5,0.0,0.5,True
Jiang24 Seen Perturbation,mcf7+IFNG_PIK3CA,mcf7+IFNG,PIK3CA,MCF7,IFNG,21,1.0,1.0,0.7047619047619048,0.17125201203615767,0.6,0.0,0.6,True
Jiang24 Seen Perturbation,mcf7+IFNG_PTGES3,mcf7+IFNG,PTGES3,MCF7,IFNG,5,1.0,1.0,0.8,-0.013100366215365056,0.28,0.0,0.28,True
Jiang24 Seen Perturbation,mcf7+IFNG_RARRES3,mcf7+IFNG,RARRES3,MCF7,IFNG,5,1.0,1.0,0.8160000000000001,-0.12691666685439967,0.28,0.0,0.28,True
Jiang24 Seen Perturbation,mcf7+IFNG_RFX5,mcf7+IFNG,RFX5,MCF7,IFNG,5,1.0,1.0,0.7363636363636363,0.3507324199400616,0.09090909090909091,0.0,0.09090909090909091,True
Jiang24 Seen Perturbation,mcf7+IFNG_SP100,mcf7+IFNG,SP100,MCF7,IFNG,11,1.0,1.0,1.0,,1.0,0.0,1.0,True
Jiang24 Seen Perturbation,mcf7+IFNG_SP110,mcf7+IFNG,SP110,MCF7,IFNG,11,1.0,1.0,0.8484848484848484,0.11470000464947604,0.16666666666666666,0.0,0.16666666666666666,True
Jiang24 Seen Perturbation,mcf7+IFNG_STAT2,mcf7+IFNG,STAT2,MCF7,IFNG,11,0.96,0.96,0.709090909090909,0.09436896265856003,0.16,0.04,0.12,True
Jiang24 Seen Perturbation,mcf7+IFNG_STAT3,mcf7+IFNG,STAT3,MCF7,IFNG,11,1.0,1.0,0.9090909090909091,,0.0,0.0,0.0,False
Jiang24 Seen Perturbation,mcf7+IFNG_TRAFD1,mcf7+IFNG,TRAFD1,MCF7,IFNG,11,1.0,1.0,0.5454545454545454,,0.0,0.0,0.0,False
Jiang24 Seen Perturbation,mcf7+IFNG_ZFP36,mcf7+IFNG,ZFP36,MCF7,IFNG,5,1.0,1.0,0.8,-0.6,1.0,0.0,1.0,True
Jiang24 Seen Perturbation,mcf7+IFNG_ZNF267,mcf7+IFNG,ZNF267,MCF7,IFNG,9,1.0,1.0,0.7644444444444445,0.07159510232903225,0.24,0.0,0.24,True
Jiang24 Seen Perturbation,mcf7+IFNG_ZNFX1,mcf7+IFNG,ZNFX1,MCF7,IFNG,11,1.0,1.0,0.7272727272727273,0.9829544249337089,0.3333333333333333,0.0,0.3333333333333333,True
Jiang24 Seen Perturbation,mcf7+INS_CHUK,mcf7+INS,CHUK,MCF7,INS,16,0.96,0.96,0.7225,0.025619610927422837,0.2,0.04,0.16,True
Jiang24 Seen Perturbation,mcf7+INS_COPS4,mcf7+INS,COPS4,MCF7,INS,4,0.8888888888888888,0.8888888888888888,0.638888888888889,0.1383311152497178,0.05555555555555555,0.1111111111111111,-0.05555555555555555,False
Jiang24 Seen Perturbation,mcf7+INS_DR1,mcf7+INS,DR1,MCF7,INS,4,0.76,0.76,0.7300000000000001,-0.03457893873526766,0.08,0.24,-0.15999999999999998,False
Jiang24 Seen Perturbation,mcf7+INS_EIF2B1,mcf7+INS,EIF2B1,MCF7,INS,4,0.6666666666666666,0.6666666666666666,0.6666666666666667,0.15375367917221847,0.16666666666666666,0.3333333333333333,-0.16666666666666666,False
Jiang24 Seen Perturbation,mcf7+INS_ELK1,mcf7+INS,ELK1,MCF7,INS,10,0.0,0.0,0.4666666666666667,-0.020474534594280003,0.0,1.0,-1.0,False
Jiang24 Seen Perturbation,mcf7+INS_FOXM1,mcf7+INS,FOXM1,MCF7,INS,4,0.8,0.8,0.67,-0.0872126415814404,0.2,0.2,0.0,False
Jiang24 Seen Perturbation,mcf7+INS_FOXO1,mcf7+INS,FOXO1,MCF7,INS,4,0.6666666666666666,0.6666666666666666,0.75,0.653025557156103,0.0,0.3333333333333333,-0.3333333333333333,False
Jiang24 Seen Perturbation,mcf7+INS_FOXO3,mcf7+INS,FOXO3,MCF7,INS,4,0.8181818181818182,0.8181818181818182,0.6363636363636364,-0.17446821546517383,0.2727272727272727,0.18181818181818182,0.09090909090909088,True
Jiang24 Seen Perturbation,mcf7+INS_FOXO4,mcf7+INS,FOXO4,MCF7,INS,4,1.0,1.0,0.8699999999999999,0.07234261772576885,0.16,0.0,0.16,True
Jiang24 Seen Perturbation,mcf7+INS_GRB10,mcf7+INS,GRB10,MCF7,INS,4,0.7142857142857143,0.7142857142857143,0.6428571428571429,-0.07118927211342163,0.14285714285714285,0.2857142857142857,-0.14285714285714285,False
Jiang24 Seen Perturbation,mcf7+INS_GRB2,mcf7+INS,GRB2,MCF7,INS,4,0.47058823529411764,0.47058823529411764,0.44117647058823534,-0.010667694527995432,0.23529411764705882,0.5294117647058824,-0.29411764705882354,False
Jiang24 Seen Perturbation,mcf7+INS_HSF1,mcf7+INS,HSF1,MCF7,INS,4,0.375,0.375,0.53125,-0.05806277905780988,0.0,0.625,-0.625,False
Jiang24 Seen Perturbation,mcf7+INS_IGF2,mcf7+INS,IGF2,MCF7,INS,4,0.8,0.8,0.6499999999999999,0.088794576821525,0.0,0.2,-0.2,False
Jiang24 Seen Perturbation,mcf7+INS_IKBKB,mcf7+INS,IKBKB,MCF7,INS,16,0.96,0.96,0.8500000000000001,0.1409431908582463,0.08,0.04,0.04,True
Jiang24 Seen Perturbation,mcf7+INS_INSR,mcf7+INS,INSR,MCF7,INS,4,0.75,0.75,0.75,0.28621980474004294,0.0,0.25,-0.25,False
Jiang24 Seen Perturbation,mcf7+INS_IRS1,mcf7+INS,IRS1,MCF7,INS,4,0.4,0.4,0.45000000000000007,0.1332023408617405,0.0,0.6,-0.6,False
Jiang24 Seen Perturbation,mcf7+INS_IRS2,mcf7+INS,IRS2,MCF7,INS,4,0.0,0.0,0.25,-0.14285248355173563,0.0,1.0,-1.0,False
Jiang24 Seen Perturbation,mcf7+INS_IRS4,mcf7+INS,IRS4,MCF7,INS,4,0.76,0.76,0.6000000000000001,0.008508837099548684,0.16,0.24,-0.07999999999999999,False
Jiang24 Seen Perturbation,mcf7+INS_MAPK1,mcf7+INS,MAPK1,MCF7,INS,10,0.68,0.68,0.6280000000000001,0.05229453287338719,0.16,0.32,-0.16,False
Jiang24 Seen Perturbation,mcf7+INS_MAPK3,mcf7+INS,MAPK3,MCF7,INS,10,0.6428571428571429,0.6428571428571429,0.55,0.1393096760794324,0.21428571428571427,0.35714285714285715,-0.14285714285714288,False
Jiang24 Seen Perturbation,mcf7+INS_MTOR,mcf7+INS,MTOR,MCF7,INS,10,1.0,1.0,0.7625,0.1280026880256849,0.125,0.0,0.125,True
Jiang24 Seen Perturbation,mcf7+INS_PIK3CA,mcf7+INS,PIK3CA,MCF7,INS,21,1.0,1.0,0.7714285714285716,0.059841577210858116,0.2,0.0,0.2,True
Jiang24 Seen Perturbation,mcf7+INS_POLR2G,mcf7+INS,POLR2G,MCF7,INS,4,1.0,1.0,0.85,0.01967533936725434,0.08,0.0,0.08,True
Jiang24 Seen Perturbation,mcf7+INS_POLR2L,mcf7+INS,POLR2L,MCF7,INS,4,0.96,0.96,0.81,0.10419373514451512,0.2,0.04,0.16,True
Jiang24 Seen Perturbation,mcf7+INS_PTEN,mcf7+INS,PTEN,MCF7,INS,4,0.7058823529411765,0.7058823529411765,0.6764705882352942,0.06508640067946811,0.11764705882352941,0.29411764705882354,-0.17647058823529413,False
Jiang24 Seen Perturbation,mcf7+INS_RAD51,mcf7+INS,RAD51,MCF7,INS,4,1.0,1.0,0.88,0.132226870921981,0.04,0.0,0.04,True
Jiang24 Seen Perturbation,mcf7+INS_SGK1,mcf7+INS,SGK1,MCF7,INS,4,0.6666666666666666,0.6666666666666666,0.5,-0.09808226018538968,0.13333333333333333,0.3333333333333333,-0.19999999999999998,False
Jiang24 Seen Perturbation,mcf7+INS_SHC1,mcf7+INS,SHC1,MCF7,INS,4,0.8823529411764706,0.8823529411764706,0.6617647058823529,0.07587079777056063,0.23529411764705882,0.11764705882352941,0.11764705882352941,True
Jiang24 Seen Perturbation,mcf7+INS_SMARCE1,mcf7+INS,SMARCE1,MCF7,INS,4,0.84,0.84,0.8200000000000001,0.1788094970304539,0.16,0.16,0.0,False
Jiang24 Seen Perturbation,mcf7+INS_SREBF1,mcf7+INS,SREBF1,MCF7,INS,4,1.0,1.0,0.55,0.10439735415523663,0.2,0.0,0.2,True
Jiang24 Seen Perturbation,mcf7+INS_SRF,mcf7+INS,SRF,MCF7,INS,4,0.6,0.6,0.55,-0.3020592162104086,0.1,0.4,-0.30000000000000004,False
Jiang24 Seen Perturbation,mcf7+INS_TAF3,mcf7+INS,TAF3,MCF7,INS,4,0.75,0.75,0.5625,-0.6435560911705219,0.0,0.25,-0.25,False
Jiang24 Seen Perturbation,mcf7+INS_TAF7,mcf7+INS,TAF7,MCF7,INS,4,0.5,0.5,0.5,0.0,0.0,0.5,-0.5,False
Jiang24 Seen Perturbation,mcf7+INS_TAF8,mcf7+INS,TAF8,MCF7,INS,4,0.88,0.88,0.7000000000000001,0.1412803359227636,0.16,0.12,0.04000000000000001,True
Jiang24 Seen Perturbation,mcf7+INS_TSC1,mcf7+INS,TSC1,MCF7,INS,4,0.8,0.8,0.77,-0.25026086336930947,0.2,0.2,0.0,False
Jiang24 Seen Perturbation,mcf7+INS_TSC2,mcf7+INS,TSC2,MCF7,INS,4,0.8571428571428571,0.8571428571428571,0.7142857142857143,0.11374662608872063,0.0,0.14285714285714285,-0.14285714285714285,False
Jiang24 Seen Perturbation,mcf7+INS_TTF1,mcf7+INS,TTF1,MCF7,INS,4,0.8333333333333334,0.8333333333333334,0.7083333333333333,0.11311669316210475,0.5,0.16666666666666666,0.33333333333333337,True
Jiang24 Seen Perturbation,mcf7+INS_TTF2,mcf7+INS,TTF2,MCF7,INS,4,0.92,0.92,0.74,0.14384038622376139,0.12,0.08,0.039999999999999994,True
Jiang24 Seen Perturbation,mcf7+INS_XBP1,mcf7+INS,XBP1,MCF7,INS,4,1.0,1.0,0.9199999999999999,0.0036097547460128623,0.04,0.0,0.04,True
Jiang24 Seen Perturbation,mcf7+INS_ZNF593,mcf7+INS,ZNF593,MCF7,INS,4,0.5,0.5,0.625,1.0,0.0,0.5,-0.5,False
Jiang24 Seen Perturbation,mcf7+TGFB_ATF2,mcf7+TGFB,ATF2,MCF7,TGFB,4,1.0,1.0,0.875,-0.5,0.5,0.0,0.5,True
Jiang24 Seen Perturbation,mcf7+TGFB_CUL1,mcf7+TGFB,CUL1,MCF7,TGFB,9,1.0,1.0,0.8518518518518517,0.38809443298278934,0.0,0.0,0.0,False
Jiang24 Seen Perturbation,mcf7+TGFB_EP300,mcf7+TGFB,EP300,MCF7,TGFB,4,1.0,1.0,0.8099999999999999,0.01252458381004215,0.2,0.0,0.2,True
Jiang24 Seen Perturbation,mcf7+TGFB_FOXP2,mcf7+TGFB,FOXP2,MCF7,TGFB,4,1.0,1.0,0.75,0.5,0.5,0.0,0.5,True
Jiang24 Seen Perturbation,mcf7+TGFB_HDAC4,mcf7+TGFB,HDAC4,MCF7,TGFB,4,0.92,0.92,0.85,0.5517553508287176,0.2,0.08,0.12000000000000001,True
Jiang24 Seen Perturbation,mcf7+TGFB_HDAC5,mcf7+TGFB,HDAC5,MCF7,TGFB,4,0.0,0.0,0.25,,0.0,1.0,-1.0,False
Jiang24 Seen Perturbation,mcf7+TGFB_IKBKB,mcf7+TGFB,IKBKB,MCF7,TGFB,16,1.0,1.0,0.8525,0.06858164205185444,0.16,0.0,0.16,True
Jiang24 Seen Perturbation,mcf7+TGFB_IRF7,mcf7+TGFB,IRF7,MCF7,TGFB,15,1.0,1.0,0.7333333333333333,0.2,0.5,0.0,0.5,True
Jiang24 Seen Perturbation,mcf7+TGFB_MED15,mcf7+TGFB,MED15,MCF7,TGFB,4,1.0,1.0,0.75,-0.5,0.0,0.0,0.0,False
Jiang24 Seen Perturbation,mcf7+TGFB_NFKB1,mcf7+TGFB,NFKB1,MCF7,TGFB,21,1.0,1.0,0.9523809523809523,,0.0,0.0,0.0,False
Jiang24 Seen Perturbation,mcf7+TGFB_NRAS,mcf7+TGFB,NRAS,MCF7,TGFB,4,1.0,1.0,0.88,0.11526623498257685,0.12,0.0,0.12,True
Jiang24 Seen Perturbation,mcf7+TGFB_RAF1,mcf7+TGFB,RAF1,MCF7,TGFB,4,1.0,1.0,0.8500000000000001,0.001314523987781896,0.2,0.0,0.2,True
Jiang24 Seen Perturbation,mcf7+TGFB_RELA,mcf7+TGFB,RELA,MCF7,TGFB,4,1.0,1.0,1.0,,0.0,0.0,0.0,False
Jiang24 Seen Perturbation,mcf7+TGFB_RHOA,mcf7+TGFB,RHOA,MCF7,TGFB,4,1.0,1.0,0.85,-0.21126039189319867,0.12,0.0,0.12,True
Jiang24 Seen Perturbation,mcf7+TGFB_RUNX3,mcf7+TGFB,RUNX3,MCF7,TGFB,4,1.0,1.0,0.75,,0.0,0.0,0.0,False
Jiang24 Seen Perturbation,mcf7+TGFB_SKP1,mcf7+TGFB,SKP1,MCF7,TGFB,4,1.0,1.0,0.9299999999999999,0.07052921048693697,0.28,0.0,0.28,True
Jiang24 Seen Perturbation,mcf7+TGFB_SMAD4,mcf7+TGFB,SMAD4,MCF7,TGFB,4,0.72,0.72,0.68,0.16121563744229941,0.12,0.28,-0.16000000000000003,False
Jiang24 Seen Perturbation,mcf7+TGFB_SMAD5,mcf7+TGFB,SMAD5,MCF7,TGFB,4,1.0,1.0,0.86,0.007680770766414664,0.24,0.0,0.24,True
Jiang24 Seen Perturbation,mcf7+TGFB_SMAD7,mcf7+TGFB,SMAD7,MCF7,TGFB,4,1.0,1.0,0.75,,1.0,0.0,1.0,True
Jiang24 Seen Perturbation,mcf7+TGFB_SMAD9,mcf7+TGFB,SMAD9,MCF7,TGFB,4,0.28,0.28,0.39999999999999997,-0.18320816413268934,0.4,0.72,-0.31999999999999995,False
Jiang24 Seen Perturbation,mcf7+TGFB_SMURF1,mcf7+TGFB,SMURF1,MCF7,TGFB,4,1.0,1.0,1.0,,0.0,0.0,0.0,False
Jiang24 Seen Perturbation,mcf7+TGFB_TGFBR1,mcf7+TGFB,TGFBR1,MCF7,TGFB,4,0.68,0.68,0.5599999999999999,0.3580834460756274,0.0,0.32,-0.32,False
Jiang24 Seen Perturbation,mcf7+TGFB_TGFBR2,mcf7+TGFB,TGFBR2,MCF7,TGFB,4,0.6666666666666666,0.6666666666666666,0.5277777777777778,-0.10529023127189929,0.0,0.3333333333333333,-0.3333333333333333,False
Jiang24 Seen Perturbation,mcf7+TGFB_TGFBR3,mcf7+TGFB,TGFBR3,MCF7,TGFB,4,1.0,1.0,0.8,0.4608338893831403,0.0,0.0,0.0,False
Jiang24 Seen Perturbation,mcf7+TGFB_TGIF1,mcf7+TGFB,TGIF1,MCF7,TGFB,4,1.0,1.0,0.875,0.5,0.0,0.0,0.0,False
Jiang24 Seen Perturbation,mcf7+TNFA_ARID5B,mcf7+TNFA,ARID5B,MCF7,TNFA,5,0.88,0.88,0.7120000000000001,-0.030207979677975692,0.08,0.12,-0.039999999999999994,False
Jiang24 Seen Perturbation,mcf7+TNFA_BATF,mcf7+TNFA,BATF,MCF7,TNFA,5,0.6666666666666666,0.6666666666666666,0.6190476190476191,-0.1207112337665716,0.047619047619047616,0.3333333333333333,-0.2857142857142857,False
Jiang24 Seen Perturbation,mcf7+TNFA_BIRC2,mcf7+TNFA,BIRC2,MCF7,TNFA,5,0.72,0.72,0.632,-0.07557697587392767,0.08,0.28,-0.2,False
Jiang24 Seen Perturbation,mcf7+TNFA_BIRC3,mcf7+TNFA,BIRC3,MCF7,TNFA,5,0.96,0.96,0.672,0.6202586471337466,0.0,0.04,-0.04,False
Jiang24 Seen Perturbation,mcf7+TNFA_CASP10,mcf7+TNFA,CASP10,MCF7,TNFA,5,1.0,1.0,0.8879999999999999,0.044353540863410014,0.0,0.0,0.0,False
Jiang24 Seen Perturbation,mcf7+TNFA_CASP3,mcf7+TNFA,CASP3,MCF7,TNFA,5,1.0,1.0,0.768,0.1407440622623694,0.24,0.0,0.24,True
Jiang24 Seen Perturbation,mcf7+TNFA_CASP7,mcf7+TNFA,CASP7,MCF7,TNFA,5,0.5,0.5,0.3,0.6,0.0,0.5,-0.5,False
Jiang24 Seen Perturbation,mcf7+TNFA_CASP8,mcf7+TNFA,CASP8,MCF7,TNFA,5,1.0,1.0,0.8159999999999998,-0.03324009448332843,0.16,0.0,0.16,True
Jiang24 Seen Perturbation,mcf7+TNFA_CEBPB,mcf7+TNFA,CEBPB,MCF7,TNFA,15,0.96,0.96,0.752,0.07622311306477672,0.08,0.04,0.04,True
Jiang24 Seen Perturbation,mcf7+TNFA_CHUK,mcf7+TNFA,CHUK,MCF7,TNFA,17,1.0,1.0,0.6988235294117647,-0.025998428743042562,0.24,0.0,0.24,True
Jiang24 Seen Perturbation,mcf7+TNFA_CSF1,mcf7+TNFA,CSF1,MCF7,TNFA,5,0.92,0.92,0.744,-0.001790242807441067,0.0,0.08,-0.08,False
Jiang24 Seen Perturbation,mcf7+TNFA_CSF2,mcf7+TNFA,CSF2,MCF7,TNFA,5,0.625,0.625,0.525,0.12705858220267588,0.0,0.375,-0.375,False
Jiang24 Seen Perturbation,mcf7+TNFA_DNM1L,mcf7+TNFA,DNM1L,MCF7,TNFA,5,1.0,1.0,0.8799999999999999,-0.003915919706615646,0.0,0.0,0.0,False
Jiang24 Seen Perturbation,mcf7+TNFA_FADD,mcf7+TNFA,FADD,MCF7,TNFA,5,0.75,0.75,0.6333333333333334,0.059745720994236806,0.16666666666666666,0.25,-0.08333333333333334,False
Jiang24 Seen Perturbation,mcf7+TNFA_FOS,mcf7+TNFA,FOS,MCF7,TNFA,21,1.0,1.0,0.6349206349206349,-0.19085795344090292,0.3333333333333333,0.0,0.3333333333333333,True
Jiang24 Seen Perturbation,mcf7+TNFA_ID2,mcf7+TNFA,ID2,MCF7,TNFA,9,0.0,0.0,0.1111111111111111,,1.0,1.0,0.0,False
Jiang24 Seen Perturbation,mcf7+TNFA_IKBKB,mcf7+TNFA,IKBKB,MCF7,TNFA,17,1.0,1.0,0.8400000000000001,0.03432333946299165,0.12,0.0,0.12,True
Jiang24 Seen Perturbation,mcf7+TNFA_IKBKE,mcf7+TNFA,IKBKE,MCF7,TNFA,5,0.7142857142857143,0.7142857142857143,0.7142857142857142,-0.12846753683367734,0.42857142857142855,0.2857142857142857,0.14285714285714285,True
Jiang24 Seen Perturbation,mcf7+TNFA_IKBKG,mcf7+TNFA,IKBKG,MCF7,TNFA,5,0.88,0.88,0.648,-0.015150951103431624,0.04,0.12,-0.07999999999999999,False
Jiang24 Seen Perturbation,mcf7+TNFA_IRF1,mcf7+TNFA,IRF1,MCF7,TNFA,15,0.8333333333333334,0.8333333333333334,0.6148148148148148,0.37422342618350124,0.0,0.16666666666666666,-0.16666666666666666,False
Jiang24 Seen Perturbation,mcf7+TNFA_ITCH,mcf7+TNFA,ITCH,MCF7,TNFA,5,0.96,0.96,0.744,0.5022930266213188,0.12,0.04,0.07999999999999999,True
Jiang24 Seen Perturbation,mcf7+TNFA_JUN,mcf7+TNFA,JUN,MCF7,TNFA,21,0.8333333333333334,0.8333333333333334,0.5793650793650793,0.049321048236143215,0.16666666666666666,0.16666666666666666,0.0,False
Jiang24 Seen Perturbation,mcf7+TNFA_JUNB,mcf7+TNFA,JUNB,MCF7,TNFA,5,1.0,1.0,0.7680000000000001,0.19829192693728914,0.04,0.0,0.04,True
Jiang24 Seen Perturbation,mcf7+TNFA_KLF6,mcf7+TNFA,KLF6,MCF7,TNFA,5,0.76,0.76,0.6799999999999999,0.03941208240728606,0.08,0.24,-0.15999999999999998,False
Jiang24 Seen Perturbation,mcf7+TNFA_MAP2K3,mcf7+TNFA,MAP2K3,MCF7,TNFA,5,1.0,1.0,0.4,0.19999999999999996,0.0,0.0,0.0,False
Jiang24 Seen Perturbation,mcf7+TNFA_MAP3K7,mcf7+TNFA,MAP3K7,MCF7,TNFA,11,1.0,1.0,0.5454545454545454,,1.0,0.0,1.0,True
Jiang24 Seen Perturbation,mcf7+TNFA_MAPK9,mcf7+TNFA,MAPK9,MCF7,TNFA,5,0.7692307692307693,0.7692307692307693,0.6,0.07328259379027946,0.0,0.23076923076923078,-0.23076923076923078,False
Jiang24 Seen Perturbation,mcf7+TNFA_MMP9,mcf7+TNFA,MMP9,MCF7,TNFA,5,0.6875,0.6875,0.575,-0.05341134108633607,0.0,0.3125,-0.3125,False
Jiang24 Seen Perturbation,mcf7+TNFA_MTF1,mcf7+TNFA,MTF1,MCF7,TNFA,5,1.0,1.0,0.6285714285714284,0.16178316794055242,0.0,0.0,0.0,False
Jiang24 Seen Perturbation,mcf7+TNFA_MTOR,mcf7+TNFA,MTOR,MCF7,TNFA,11,1.0,1.0,0.8145454545454545,0.030768373294915184,0.0,0.0,0.0,False
Jiang24 Seen Perturbation,mcf7+TNFA_MYC,mcf7+TNFA,MYC,MCF7,TNFA,21,0.8260869565217391,0.8260869565217391,0.58592132505176,0.04836991185845541,0.08695652173913043,0.17391304347826086,-0.08695652173913043,False
Jiang24 Seen Perturbation,mcf7+TNFA_NFAT5,mcf7+TNFA,NFAT5,MCF7,TNFA,5,1.0,1.0,0.8719999999999999,0.0917476468945786,0.04,0.0,0.04,True
Jiang24 Seen Perturbation,mcf7+TNFA_NFKB1,mcf7+TNFA,NFKB1,MCF7,TNFA,21,0.8461538461538461,0.8461538461538461,0.5934065934065935,-0.09898255294268263,0.15384615384615385,0.15384615384615385,0.0,False
Jiang24 Seen Perturbation,mcf7+TNFA_NFKBIA,mcf7+TNFA,NFKBIA,MCF7,TNFA,5,0.6666666666666666,0.6666666666666666,0.5222222222222221,-0.032614538314089704,0.0,0.3333333333333333,-0.3333333333333333,False
Jiang24 Seen Perturbation,mcf7+TNFA_NFKBIE,mcf7+TNFA,NFKBIE,MCF7,TNFA,5,0.52,0.52,0.592,0.06284125838544288,0.08,0.48,-0.39999999999999997,False
Jiang24 Seen Perturbation,mcf7+TNFA_NKX3-1,mcf7+TNFA,NKX3-1,MCF7,TNFA,5,0.52,0.52,0.56,-0.06881911987997058,0.0,0.48,-0.48,False
Jiang24 Seen Perturbation,mcf7+TNFA_PDCD5,mcf7+TNFA,PDCD5,MCF7,TNFA,5,1.0,1.0,0.8560000000000001,-0.13628995209238853,0.16,0.0,0.16,True
Jiang24 Seen Perturbation,mcf7+TNFA_PIK3CA,mcf7+TNFA,PIK3CA,MCF7,TNFA,23,1.0,1.0,0.7443478260869566,0.0956335456583092,0.04,0.0,0.04,True
Jiang24 Seen Perturbation,mcf7+TNFA_PTGS2,mcf7+TNFA,PTGS2,MCF7,TNFA,5,0.8,0.8,0.696,-0.037140769948058025,0.08,0.2,-0.12000000000000001,False
Jiang24 Seen Perturbation,mcf7+TNFA_RELB,mcf7+TNFA,RELB,MCF7,TNFA,5,0.8,0.8,0.648,-0.1955247623400457,0.08,0.2,-0.12000000000000001,False
Jiang24 Seen Perturbation,mcf7+TNFA_REPIN1,mcf7+TNFA,REPIN1,MCF7,TNFA,5,0.75,0.75,0.625,0.06500786753209883,0.0,0.25,-0.25,False
Jiang24 Seen Perturbation,mcf7+TNFA_SOX4,mcf7+TNFA,SOX4,MCF7,TNFA,5,0.92,0.92,0.776,-0.1357823426214963,0.04,0.08,-0.04,False
Jiang24 Seen Perturbation,mcf7+TNFA_SOX9,mcf7+TNFA,SOX9,MCF7,TNFA,5,1.0,1.0,0.8480000000000001,0.21624270709178073,0.0,0.0,0.0,False
Jiang24 Seen Perturbation,mcf7+TNFA_TNFRSF1B,mcf7+TNFA,TNFRSF1B,MCF7,TNFA,5,0.75,0.75,0.575,0.0026155310509796276,0.125,0.25,-0.125,False
Jiang24 Seen Perturbation,mcf7+TNFA_TRAF1,mcf7+TNFA,TRAF1,MCF7,TNFA,5,0.88,0.88,0.744,0.17220468580751377,0.04,0.12,-0.07999999999999999,False
Jiang24 Seen Perturbation,mcf7+TNFA_TRAF2,mcf7+TNFA,TRAF2,MCF7,TNFA,5,0.5,0.5,0.7,-0.2,0.5,0.5,0.0,False
Jiang24 Seen Perturbation,mcf7+TNFA_ZFP36L1,mcf7+TNFA,ZFP36L1,MCF7,TNFA,5,0.96,0.96,0.6960000000000001,0.10164939953791127,0.0,0.04,-0.04,False
Jiang24 Seen Perturbation,mcf7+TNFA_ZNF22,mcf7+TNFA,ZNF22,MCF7,TNFA,5,0.88,0.88,0.6,0.1401570979641135,0.04,0.12,-0.07999999999999999,False
Jiang24 Seen Perturbation,mcf7+TNFA_ZNF267,mcf7+TNFA,ZNF267,MCF7,TNFA,11,1.0,1.0,0.8363636363636364,0.10979934415005395,0.0,0.0,0.0,False
Jiang24 Unseen Perturbation,a549+IFNB_ADAR,a549+IFNB,ADAR,A549,IFNB,4,0.96,0.96,0.8200000000000001,-0.0029802862464603716,0.16,0.04,0.12,True
Jiang24 Unseen Perturbation,a549+IFNB_CRKL,a549+IFNB,CRKL,A549,IFNB,4,1.0,1.0,0.7,-0.07938086254374851,0.2,0.0,0.2,True
Jiang24 Unseen Perturbation,a549+IFNG_KLF4,a549+IFNG,KLF4,A549,IFNG,4,1.0,1.0,0.71875,0.16811221250864558,0.125,0.0,0.125,True
Jiang24 Unseen Perturbation,a549+IFNG_PARP12,a549+IFNG,PARP12,A549,IFNG,10,1.0,1.0,1.0,,0.0,0.0,0.0,False
Jiang24 Unseen Perturbation,a549+INS_POLR2G,a549+INS,POLR2G,A549,INS,4,1.0,1.0,0.9199999999999999,0.2866795787364529,0.24,0.0,0.24,True
Jiang24 Unseen Perturbation,a549+TGFB_CHUK,a549+TGFB,CHUK,A549,TGFB,15,1.0,1.0,0.712,0.08567343094991092,0.16,0.0,0.16,True
Jiang24 Unseen Perturbation,a549+TGFB_HDAC4,a549+TGFB,HDAC4,A549,TGFB,5,0.92,0.92,0.792,0.7596835389521553,0.36,0.08,0.27999999999999997,True
Jiang24 Unseen Perturbation,a549+TGFB_SKP1,a549+TGFB,SKP1,A549,TGFB,5,0.96,0.96,0.8559999999999999,-0.15261860559913867,0.2,0.04,0.16,True
Jiang24 Unseen Perturbation,a549+TGFB_SMAD2,a549+TGFB,SMAD2,A549,TGFB,5,0.0,0.0,0.3333333333333333,-0.3048875842238758,0.0,1.0,-1.0,False
Jiang24 Unseen Perturbation,a549+TNFA_BIRC3,a549+TNFA,BIRC3,A549,TNFA,5,0.5,0.5,0.7,1.0,0.5,0.5,0.0,False
Jiang24 Unseen Perturbation,a549+TNFA_CASP8,a549+TNFA,CASP8,A549,TNFA,5,0.92,0.92,0.8320000000000001,0.12679703729903885,0.12,0.08,0.039999999999999994,True
Jiang24 Unseen Perturbation,a549+TNFA_CSF1,a549+TNFA,CSF1,A549,TNFA,5,0.96,0.96,0.608,0.016086449319368423,0.24,0.04,0.19999999999999998,True
Jiang24 Unseen Perturbation,a549+TNFA_MTOR,a549+TNFA,MTOR,A549,TNFA,11,1.0,1.0,0.7345454545454545,0.2219191387375326,0.32,0.0,0.32,True
Jiang24 Unseen Perturbation,a549+TNFA_TNFRSF1A,a549+TNFA,TNFRSF1A,A549,TNFA,5,0.68,0.68,0.6880000000000001,0.4525639986139936,0.12,0.32,-0.2,False
Jiang24 Unseen Perturbation,bxpc3+IFNB_ADAR,bxpc3+IFNB,ADAR,BXPC3,IFNB,4,0.6,0.6,0.6000000000000001,0.22957664218221388,0.36,0.4,-0.040000000000000036,False
Jiang24 Unseen Perturbation,bxpc3+IFNB_BRD9,bxpc3+IFNB,BRD9,BXPC3,IFNB,4,0.6428571428571429,0.6428571428571429,0.5,-0.06142528272963982,0.14285714285714285,0.35714285714285715,-0.2142857142857143,False
Jiang24 Unseen Perturbation,bxpc3+IFNB_CRKL,bxpc3+IFNB,CRKL,BXPC3,IFNB,4,0.88,0.88,0.63,-0.08926036184434648,0.08,0.12,-0.039999999999999994,False
Jiang24 Unseen Perturbation,bxpc3+IFNB_RNF114,bxpc3+IFNB,RNF114,BXPC3,IFNB,4,0.8571428571428571,0.8571428571428571,0.7142857142857142,-0.1337069042280447,0.14285714285714285,0.14285714285714285,0.0,False
Jiang24 Unseen Perturbation,bxpc3+IFNB_STAT5A,bxpc3+IFNB,STAT5A,BXPC3,IFNB,4,0.6666666666666666,0.6666666666666666,0.5,-0.05250333565437981,0.0,0.3333333333333333,-0.3333333333333333,False
Jiang24 Unseen Perturbation,bxpc3+IFNG_IFI16,bxpc3+IFNG,IFI16,BXPC3,IFNG,10,1.0,1.0,0.8880000000000001,0.34431469734878006,0.16,0.0,0.16,True
Jiang24 Unseen Perturbation,bxpc3+IFNG_MAFF,bxpc3+IFNG,MAFF,BXPC3,IFNG,5,0.72,0.72,0.52,-0.20533319897546076,0.08,0.28,-0.2,False
Jiang24 Unseen Perturbation,bxpc3+IFNG_SP100,bxpc3+IFNG,SP100,BXPC3,IFNG,10,1.0,1.0,1.0,,0.0,0.0,0.0,False
Jiang24 Unseen Perturbation,bxpc3+IFNG_TSC22D1,bxpc3+IFNG,TSC22D1,BXPC3,IFNG,5,0.92,0.92,0.664,0.04428644860870605,0.28,0.08,0.2,True
Jiang24 Unseen Perturbation,bxpc3+INS_FOXO1,bxpc3+INS,FOXO1,BXPC3,INS,4,0.6666666666666666,0.6666666666666666,0.4722222222222222,0.13649156077371755,0.2777777777777778,0.3333333333333333,-0.055555555555555525,False
Jiang24 Unseen Perturbation,bxpc3+INS_POLR2G,bxpc3+INS,POLR2G,BXPC3,INS,4,0.92,0.92,0.8899999999999999,0.15316733116416506,0.08,0.08,0.0,False
Jiang24 Unseen Perturbation,bxpc3+TGFB_SKP1,bxpc3+TGFB,SKP1,BXPC3,TGFB,5,1.0,1.0,0.8960000000000001,0.13729846965341222,0.04,0.0,0.04,True
Jiang24 Unseen Perturbation,bxpc3+TNFA_CASP3,bxpc3+TNFA,CASP3,BXPC3,TNFA,5,0.92,0.92,0.6880000000000001,-0.015579316641804513,0.24,0.08,0.15999999999999998,True
Jiang24 Unseen Perturbation,bxpc3+TNFA_CHUK,bxpc3+TNFA,CHUK,BXPC3,TNFA,15,1.0,1.0,0.6960000000000002,0.20922502993475262,0.0,0.0,0.0,False
Jiang24 Unseen Perturbation,bxpc3+TNFA_JUNB,bxpc3+TNFA,JUNB,BXPC3,TNFA,5,0.8,0.8,0.664,-0.1344192417987538,0.44,0.2,0.24,True
Jiang24 Unseen Perturbation,bxpc3+TNFA_MAP3K14,bxpc3+TNFA,MAP3K14,BXPC3,TNFA,11,1.0,1.0,0.6363636363636364,0.24361520331332212,0.6666666666666666,0.0,0.6666666666666666,True
Jiang24 Unseen Perturbation,bxpc3+TNFA_MAPK8,bxpc3+TNFA,MAPK8,BXPC3,TNFA,11,0.88,0.88,0.6363636363636364,-0.046222738785754426,0.24,0.12,0.12,True
Jiang24 Unseen Perturbation,bxpc3+TNFA_MTOR,bxpc3+TNFA,MTOR,BXPC3,TNFA,10,1.0,1.0,0.724,-0.01958803391945888,0.36,0.0,0.36,True
Jiang24 Unseen Perturbation,bxpc3+TNFA_ZFP36L1,bxpc3+TNFA,ZFP36L1,BXPC3,TNFA,5,0.8,0.8,0.624,-0.006432359284613398,0.16,0.2,-0.04000000000000001,False
Jiang24 Unseen Perturbation,hap1+IFNB_IFI16,hap1+IFNB,IFI16,HAP1,IFNB,10,1.0,1.0,0.868,0.574621634963924,0.28,0.0,0.28,True
Jiang24 Unseen Perturbation,hap1+IFNB_IRF3,hap1+IFNB,IRF3,HAP1,IFNB,5,1.0,1.0,0.8333333333333334,0.19396521094481717,0.6666666666666666,0.0,0.6666666666666666,True
Jiang24 Unseen Perturbation,hap1+IFNB_SP100,hap1+IFNB,SP100,HAP1,IFNB,10,1.0,1.0,1.0,,0.0,0.0,0.0,False
Jiang24 Unseen Perturbation,hap1+IFNB_UBE2L6,hap1+IFNB,UBE2L6,HAP1,IFNB,5,0.8,0.8,0.68,0.5340706758032763,0.2,0.2,0.0,False
Jiang24 Unseen Perturbation,hap1+IFNG_KLF4,hap1+IFNG,KLF4,HAP1,IFNG,4,0.8,0.8,0.75,-0.31872000594891603,0.4,0.2,0.2,True
Jiang24 Unseen Perturbation,hap1+IFNG_PARP12,hap1+IFNG,PARP12,HAP1,IFNG,10,1.0,1.0,1.0,,0.0,0.0,0.0,False
Jiang24 Unseen Perturbation,hap1+IFNG_RNF14,hap1+IFNG,RNF14,HAP1,IFNG,4,0.0,0.0,0.25,,0.0,1.0,-1.0,False
Jiang24 Unseen Perturbation,hap1+INS_CHUK,hap1+INS,CHUK,HAP1,INS,15,0.8571428571428571,0.8571428571428571,0.5333333333333333,-0.22563842675469245,0.14285714285714285,0.14285714285714285,0.0,False
Jiang24 Unseen Perturbation,hap1+INS_ELK1,hap1+INS,ELK1,HAP1,INS,11,0.76,0.76,0.5163636363636365,0.05725989682819935,0.08,0.24,-0.15999999999999998,False
Jiang24 Unseen Perturbation,hap1+INS_HSF1,hap1+INS,HSF1,HAP1,INS,5,0.52,0.52,0.5599999999999999,0.23347763216313977,0.0,0.48,-0.48,False
Jiang24 Unseen Perturbation,hap1+INS_MTOR,hap1+INS,MTOR,HAP1,INS,10,1.0,1.0,0.76,-0.03322496289958322,0.16,0.0,0.16,True
Jiang24 Unseen Perturbation,hap1+TGFB_CUL1,hap1+TGFB,CUL1,HAP1,TGFB,11,1.0,1.0,0.7599999999999999,0.18552576324262124,0.04,0.0,0.04,True
Jiang24 Unseen Perturbation,hap1+TGFB_MED15,hap1+TGFB,MED15,HAP1,TGFB,5,0.96,0.96,0.6719999999999999,0.0282615084458895,0.12,0.04,0.07999999999999999,True
Jiang24 Unseen Perturbation,hap1+TNFA_BATF,hap1+TNFA,BATF,HAP1,TNFA,5,1.0,1.0,0.6666666666666666,0.08494535402448994,0.3333333333333333,0.0,0.3333333333333333,True
Jiang24 Unseen Perturbation,hap1+TNFA_MTOR,hap1+TNFA,MTOR,HAP1,TNFA,11,1.0,1.0,0.7745454545454545,0.07423341788118398,0.36,0.0,0.36,True
Jiang24 Unseen Perturbation,hap1+TNFA_TNFRSF1A,hap1+TNFA,TNFRSF1A,HAP1,TNFA,5,0.84,0.84,0.8160000000000001,0.5454700981134843,0.2,0.16,0.04000000000000001,True
Jiang24 Unseen Perturbation,ht29+IFNB_IRF3,ht29+IFNB,IRF3,HT29,IFNB,4,1.0,1.0,0.8300000000000001,0.11526154501482527,0.28,0.0,0.28,True
Jiang24 Unseen Perturbation,ht29+IFNB_TRIM21,ht29+IFNB,TRIM21,HT29,IFNB,4,0.96,0.96,0.8,0.24817740354079076,0.28,0.04,0.24000000000000002,True
Jiang24 Unseen Perturbation,ht29+IFNG_CUL1,ht29+IFNG,CUL1,HT29,IFNG,11,0.96,0.96,0.7454545454545456,0.3063133356939742,0.16,0.04,0.12,True
Jiang24 Unseen Perturbation,ht29+IFNG_IFNGR2,ht29+IFNG,IFNGR2,HT29,IFNG,5,0.8,0.8,0.792,0.7760701238768127,0.0,0.2,-0.2,False
Jiang24 Unseen Perturbation,ht29+IFNG_PPARG,ht29+IFNG,PPARG,HT29,IFNG,5,1.0,1.0,0.8479999999999999,-0.11652915617219133,0.44,0.0,0.44,True
Jiang24 Unseen Perturbation,ht29+IFNG_SOX2,ht29+IFNG,SOX2,HT29,IFNG,5,0.96,0.96,0.8639999999999999,0.008916704935697479,0.36,0.04,0.32,True
Jiang24 Unseen Perturbation,ht29+IFNG_SP110,ht29+IFNG,SP110,HT29,IFNG,11,1.0,1.0,0.7636363636363637,-0.016340759136788927,0.28,0.0,0.28,True
Jiang24 Unseen Perturbation,ht29+INS_CHUK,ht29+INS,CHUK,HT29,INS,16,0.92,0.92,0.62,-0.0799952258445066,0.16,0.08,0.08,True
Jiang24 Unseen Perturbation,ht29+INS_GRB10,ht29+INS,GRB10,HT29,INS,5,1.0,1.0,0.9,1.0,1.0,0.0,1.0,True
Jiang24 Unseen Perturbation,ht29+INS_MTOR,ht29+INS,MTOR,HT29,INS,11,0.84,0.84,0.7236363636363635,0.12593124809765996,0.52,0.16,0.36,True
Jiang24 Unseen Perturbation,ht29+INS_SHC1,ht29+INS,SHC1,HT29,INS,5,0.76,0.76,0.632,-0.03376548144893247,0.44,0.24,0.2,True
Jiang24 Unseen Perturbation,ht29+INS_TAF7,ht29+INS,TAF7,HT29,INS,5,0.5,0.5,0.6,-0.6,0.5,0.5,0.0,False
Jiang24 Unseen Perturbation,ht29+INS_TAF8,ht29+INS,TAF8,HT29,INS,5,0.88,0.88,0.728,0.07211889657578112,0.2,0.12,0.08000000000000002,True
Jiang24 Unseen Perturbation,ht29+TGFB_CHUK,ht29+TGFB,CHUK,HT29,TGFB,16,1.0,1.0,0.7450000000000001,0.1274588045419358,0.16,0.0,0.16,True
Jiang24 Unseen Perturbation,ht29+TGFB_FOS,ht29+TGFB,FOS,HT29,TGFB,22,1.0,1.0,0.5818181818181819,0.016203510592835556,0.0,0.0,0.0,False
Jiang24 Unseen Perturbation,ht29+TGFB_MAPK1,ht29+TGFB,MAPK1,HT29,TGFB,10,0.84,0.84,0.6479999999999999,0.4998814636431209,0.24,0.16,0.07999999999999999,True
Jiang24 Unseen Perturbation,ht29+TNFA_ARID5B,ht29+TNFA,ARID5B,HT29,TNFA,4,0.88,0.88,0.64,-0.05626455968802529,0.24,0.12,0.12,True
Jiang24 Unseen Perturbation,ht29+TNFA_CASP3,ht29+TNFA,CASP3,HT29,TNFA,4,1.0,1.0,0.77,0.1386098752193249,0.24,0.0,0.24,True
Jiang24 Unseen Perturbation,k562+IFNB_BRD9,k562+IFNB,BRD9,K562,IFNB,4,0.5,0.5,0.75,-1.0,0.0,0.5,-0.5,False
Jiang24 Unseen Perturbation,k562+IFNB_IRF3,k562+IFNB,IRF3,K562,IFNB,4,0.96,0.96,0.76,0.1385469315845975,0.04,0.04,0.0,False
Jiang24 Unseen Perturbation,k562+IFNB_MAP3K14,k562+IFNB,MAP3K14,K562,IFNB,9,0.75,0.75,0.5833333333333334,0.04139527962483483,0.0,0.25,-0.25,False
Jiang24 Unseen Perturbation,k562+IFNB_TRIM21,k562+IFNB,TRIM21,K562,IFNB,4,0.92,0.92,0.81,-0.043267606253737295,0.08,0.08,0.0,False
Jiang24 Unseen Perturbation,k562+IFNG_IFI16,k562+IFNG,IFI16,K562,IFNG,11,1.0,1.0,0.890909090909091,0.07182049315630115,0.52,0.0,0.52,True
Jiang24 Unseen Perturbation,k562+IFNG_PPARG,k562+IFNG,PPARG,K562,IFNG,5,0.96,0.96,0.8320000000000001,-0.08806615873940409,0.04,0.04,0.0,False
Jiang24 Unseen Perturbation,k562+IFNG_PTGES3,k562+IFNG,PTGES3,K562,IFNG,5,0.96,0.96,0.8320000000000001,0.12513783590755886,0.16,0.04,0.12,True
Jiang24 Unseen Perturbation,k562+IFNG_SP110,k562+IFNG,SP110,K562,IFNG,11,0.96,0.96,0.7490909090909091,-0.006109399201571447,0.32,0.04,0.28,True
Jiang24 Unseen Perturbation,k562+INS_FOS,k562+INS,FOS,K562,INS,22,0.92,0.92,0.629090909090909,0.06743282474377722,0.08,0.08,0.0,False
Jiang24 Unseen Perturbation,k562+INS_RPS6KB1,k562+INS,RPS6KB1,K562,INS,10,0.7142857142857143,0.7142857142857143,0.5857142857142857,-0.14277566165588831,0.42857142857142855,0.2857142857142857,0.14285714285714285,True
Jiang24 Unseen Perturbation,k562+INS_SP1,k562+INS,SP1,K562,INS,10,0.8333333333333334,0.8333333333333334,0.575,-0.06948575969091132,0.08333333333333333,0.16666666666666666,-0.08333333333333333,False
Jiang24 Unseen Perturbation,k562+INS_SREBF2,k562+INS,SREBF2,K562,INS,4,0.5,0.5,0.4166666666666667,0.004745631727014504,0.0,0.5,-0.5,False
Jiang24 Unseen Perturbation,k562+TGFB_CHUK,k562+TGFB,CHUK,K562,TGFB,16,1.0,1.0,0.6770833333333334,0.32441055632021365,0.0,0.0,0.0,False
Jiang24 Unseen Perturbation,k562+TGFB_SMAD5,k562+TGFB,SMAD5,K562,TGFB,5,1.0,1.0,0.8560000000000001,0.05986620209990451,0.44,0.0,0.44,True
Jiang24 Unseen Perturbation,k562+TNFA_ARID5B,k562+TNFA,ARID5B,K562,TNFA,4,0.88,0.88,0.5900000000000001,0.038251780605145926,0.08,0.12,-0.039999999999999994,False
Jiang24 Unseen Perturbation,k562+TNFA_CASP3,k562+TNFA,CASP3,K562,TNFA,4,0.92,0.92,0.6900000000000001,0.01715183817645235,0.16,0.08,0.08,True
Jiang24 Unseen Perturbation,mcf7+IFNB_DRAP1,mcf7+IFNB,DRAP1,MCF7,IFNB,5,0.6842105263157895,0.6842105263157895,0.6,0.27696786641182397,0.21052631578947367,0.3157894736842105,-0.10526315789473684,False
Jiang24 Unseen Perturbation,mcf7+IFNB_H1F0,mcf7+IFNB,H1F0,MCF7,IFNB,5,0.6666666666666666,0.6666666666666666,0.5333333333333333,0.17114918998709,0.0,0.3333333333333333,-0.3333333333333333,False
Jiang24 Unseen Perturbation,mcf7+IFNB_IFNAR1,mcf7+IFNB,IFNAR1,MCF7,IFNB,5,0.68,0.68,0.632,0.37399500617210213,0.2,0.32,-0.12,False
Jiang24 Unseen Perturbation,mcf7+IFNB_NFE2L3,mcf7+IFNB,NFE2L3,MCF7,IFNB,5,0.0,0.0,0.4,,1.0,1.0,0.0,False
Jiang24 Unseen Perturbation,mcf7+IFNB_USP18,mcf7+IFNB,USP18,MCF7,IFNB,5,0.875,0.875,0.475,0.14712501528037375,0.125,0.125,0.0,False
Jiang24 Unseen Perturbation,mcf7+IFNG_HLA-DQB1,mcf7+IFNG,HLA-DQB1,MCF7,IFNG,5,0.8,0.8,0.8399999999999999,-0.3807823139435625,0.2,0.2,0.0,False
Jiang24 Unseen Perturbation,mcf7+IFNG_PLEK,mcf7+IFNG,PLEK,MCF7,IFNG,5,1.0,1.0,0.7,-0.2,0.0,0.0,0.0,False
Jiang24 Unseen Perturbation,mcf7+IFNG_PPARG,mcf7+IFNG,PPARG,MCF7,IFNG,5,1.0,1.0,0.8959999999999999,-0.04601851535022071,0.2,0.0,0.2,True
Jiang24 Unseen Perturbation,mcf7+IFNG_SOX2,mcf7+IFNG,SOX2,MCF7,IFNG,5,1.0,1.0,0.9039999999999999,0.00863302160892675,0.36,0.0,0.36,True
Jiang24 Unseen Perturbation,mcf7+IFNG_TAPBPL,mcf7+IFNG,TAPBPL,MCF7,IFNG,5,0.96,0.96,0.944,0.15799715864393735,0.36,0.04,0.32,True
Jiang24 Unseen Perturbation,mcf7+INS_FOS,mcf7+INS,FOS,MCF7,INS,22,0.92,0.92,0.6309090909090909,0.01942474030992165,0.24,0.08,0.15999999999999998,True
Jiang24 Unseen Perturbation,mcf7+INS_RPS6KB1,mcf7+INS,RPS6KB1,MCF7,INS,10,0.0,0.0,0.4,-0.2026482406222027,0.5,1.0,-0.5,False
Jiang24 Unseen Perturbation,mcf7+INS_SP1,mcf7+INS,SP1,MCF7,INS,10,0.5714285714285714,0.5714285714285714,0.5,0.08062418491261455,0.35714285714285715,0.42857142857142855,-0.0714285714285714,False
Jiang24 Unseen Perturbation,mcf7+INS_SREBF2,mcf7+INS,SREBF2,MCF7,INS,4,0.0,0.0,0.25,,0.0,1.0,-1.0,False
Jiang24 Unseen Perturbation,mcf7+TGFB_CHUK,mcf7+TGFB,CHUK,MCF7,TGFB,16,0.96,0.96,0.775,-0.011367577075031367,0.28,0.04,0.24000000000000002,True
Jiang24 Unseen Perturbation,mcf7+TGFB_MAPK1,mcf7+TGFB,MAPK1,MCF7,TGFB,10,0.9230769230769231,0.9230769230769231,0.6846153846153846,0.3863858158167269,0.23076923076923078,0.07692307692307693,0.15384615384615385,True
Jiang24 Unseen Perturbation,mcf7+TNFA_CREB1,mcf7+TNFA,CREB1,MCF7,TNFA,5,0.8,0.8,0.64,0.1548937238259282,0.0,0.2,-0.2,False
Jiang24 Unseen Perturbation,mcf7+TNFA_MAP3K14,mcf7+TNFA,MAP3K14,MCF7,TNFA,9,0.9444444444444444,0.9444444444444444,0.6851851851851852,-0.0066535506924769484,0.0,0.05555555555555555,-0.05555555555555555,False
Jiang24 Unseen Perturbation,mcf7+TNFA_TNFRSF1A,mcf7+TNFA,TNFRSF1A,MCF7,TNFA,5,0.6,0.6,0.5840000000000001,0.5510147970852141,0.0,0.4,-0.4,False
Jiang24 Unseen Perturbation,mcf7+TNFA_TRAF3,mcf7+TNFA,TRAF3,MCF7,TNFA,5,0.0,0.0,0.2,,1.0,1.0,0.0,False
