,MSEPred_all,MSECtrl_all,NormMSE_all,Pearson_all,NormPearson_all,Spearman_all,NormSpearman_all,PredCosine_all,CtrlCosine_all,NormCosine_all,SameDirect_all,DiffDirect_all,MSEPred_degs,MSECtrl_degs,NormMSE_degs,Pearson_degs,NormPearson_degs,Spearman_degs,NormSpearman_degs,PredCosine_degs,CtrlCosine_degs,NormCosine_degs,SameDirect_degs,DiffDirect_degs,cov_pert,covariate,perturbation,cov_seen,pert_seen,split
a549+IFNB_PARP12,0.01576871,0.0065611526,2.4033446,0.99646634,0.44684923,0.7703771217034602,0.3976360876504282,0.9971891079001641,0.9985778712132973,0.9986092588738765,2349,1098,1.1666202545166016,1.6266875267028809,0.7171753644943237,,,,,,,,1.0,0.0,a549+IFNB_PARP12,a549+IFNB,PARP12,True,False,0
a549+IFNG_ATF3,0.040125307,0.0060365554,6.6470537,0.98748773,0.10515441,0.8075698204152378,0.1711604211111118,0.9904003317401621,0.9986703950654469,0.9917189261180184,1887,1412,,,,,,,,,,,,,a549+IFNG_ATF3,a549+IFNG,ATF3,False,True,0
a549+IFNG_ATF5,0.040767986,0.010859599,3.7540967,0.9870266,0.19588774,0.7948515406440497,0.2593753858465307,0.989951829608572,0.9978156887406481,0.9921189261495766,1988,1244,,,,,,,,,,,,,a549+IFNG_ATF5,a549+IFNG,ATF5,False,True,0
a549+IFNG_BATF2,0.037831713,0.005343186,7.0803657,0.9882769,0.17807363,0.8027613397032846,0.20310601100605483,0.9910270250676804,0.9987895524890712,0.992228065059305,1924,1362,,,,,,,,,,,,,a549+IFNG_BATF2,a549+IFNG,BATF2,False,True,0
a549+IFNG_CEBPB,0.04495024,0.020390501,2.2044697,0.9855497,0.24666202,0.7883708643960513,0.3057193634807961,0.9887386009183373,0.9957899041693267,0.9929188845744812,2103,1113,0.20059004426002502,0.34647706151008606,0.5789417624473572,0.7336969375610352,0.07573995739221573,0.7392307692307692,0.01769230769230769,0.9186201121619254,0.9621258287069903,0.954781676941848,21.0,4.0,a549+IFNG_CEBPB,a549+IFNG,CEBPB,False,True,0
a549+IFNG_CEBPE,0.04148198,0.009158959,4.529115,0.98684174,0.16055307,0.792927688260977,0.24266760174782065,0.9898468558835577,0.9981193494895927,0.9917119194109749,1973,1261,,,,,,,,,,,,,a549+IFNG_CEBPE,a549+IFNG,CEBPE,False,True,0
a549+IFNG_CLK1,0.07914114,0.14761528,0.5361311,0.9733368,0.5914402,0.7232332995323745,0.593741759550398,0.9784252006319034,0.9796628961929545,0.9987366107608434,2424,655,0.5155310034751892,0.9058020710945129,0.5691431164741516,0.6317320466041565,-0.1538093090057373,0.5916522517600659,-0.18461538461538463,0.8954968318027371,0.9553057070897908,0.9373929467361256,21.0,4.0,a549+IFNG_CLK1,a549+IFNG,CLK1,False,True,0
a549+IFNG_CUL1,0.07274442,0.020190377,3.6029253,0.98089015,0.353208,0.6750154972967245,0.3312668582906503,0.9843895470068619,0.9957424870527958,0.9885985179968202,2127,1144,0.4970712959766388,0.6842995882034302,0.7263942360877991,0.8413997888565063,0.7169378995895386,0.7054945054945055,0.6571428571428571,0.9129304253825833,0.850674658749914,1.073183991073809,9.0,5.0,a549+IFNG_CUL1,a549+IFNG,CUL1,False,True,0
a549+IFNG_EHF,0.044103548,0.015518599,2.84198,0.98591673,0.18275037,0.8019830757802194,0.2557090685201273,0.9890161378657207,0.996957082785248,0.9920348176901034,1978,1234,,,,,,,,,,,,,a549+IFNG_EHF,a549+IFNG,EHF,False,True,0
a549+IFNG_ETV7,0.037335932,0.0047678854,7.830711,0.98845124,0.18532436,0.8053877876292379,0.2078617900106133,0.9911602179188161,0.9989221896358685,0.992229653322766,1945,1339,0.12407341599464417,0.43956470489501953,0.2822642922401428,,,,,,,,1.0,0.0,a549+IFNG_ETV7,a549+IFNG,ETV7,False,True,0
a549+IFNG_FBXO6,0.04033009,0.010157838,3.9703417,0.9873178,0.25465003,0.7780877218114026,0.26764221645285763,0.9902047767153308,0.9978587429454469,0.9923296094920977,2028,1196,,,,,,,,,,,,,a549+IFNG_FBXO6,a549+IFNG,FBXO6,False,True,0
a549+IFNG_FMNL2,0.04155993,0.011753165,3.536063,0.9867565,0.22265519,0.7806124074808563,0.26542505671137134,0.9897466709385351,0.9975988382133023,0.9921289330199798,2003,1219,,,,,,,,,,,,,a549+IFNG_FMNL2,a549+IFNG,FMNL2,False,True,0
a549+IFNG_FOXN3,0.043828465,0.004525032,9.685781,0.98710805,0.12782319,0.7749417949283597,0.16989386272399035,0.9900827589524775,0.9989672735013292,0.991106300692202,1951,1362,,,,,,,,,,,,,a549+IFNG_FOXN3,a549+IFNG,FOXN3,False,False,0
a549+IFNG_GUK1,0.038655896,0.005338846,7.2404966,0.9881021,0.20498614,0.7894554254534745,0.20799832894576617,0.9908917269678515,0.998801861915086,0.9920803762499324,1979,1325,,,,,,,,,,,,,a549+IFNG_GUK1,a549+IFNG,GUK1,False,True,0
a549+IFNG_HLA-DQB1,0.044184092,0.014686876,3.0084064,0.98595,0.16882634,0.7957755808481073,0.22487340589910093,0.9890458493335907,0.9970590422129642,0.991963171146226,1909,1309,0.09828199446201324,0.306059330701828,0.3211207389831543,-0.43246394395828247,0.39854395389556885,-0.3,0.7,0.8302744395186372,0.9903124589964659,0.8383964394025666,5.0,0.0,a549+IFNG_HLA-DQB1,a549+IFNG,HLA-DQB1,False,True,0
a549+IFNG_HLX,0.059650343,0.07568191,0.78817177,0.9788387,0.47976112,0.7407120044062309,0.5229470631853982,0.9830465779535015,0.9870217090264923,0.9959726001600192,2399,707,0.3350652754306793,0.6169131994247437,0.543131947517395,0.5163447260856628,0.2563839554786682,0.5584135499119502,0.29615384615384616,0.8204374869223662,0.9187478819999116,0.8929952416722361,21.0,4.0,a549+IFNG_HLX,a549+IFNG,HLX,False,True,0
a549+IFNG_IFI16,0.09890936,0.2048523,0.48283258,0.9635198,0.6267276,0.7284294130046359,0.656712586139995,0.9699938976456297,0.968742603711167,1.0012916681166588,2442,436,0.7468563318252563,1.390175461769104,0.5372388958930969,0.47946426272392273,-0.1485917866230011,0.38972441732266383,-0.16461538461538464,0.8076389153886023,0.8055821701393014,1.0025531166472381,22.0,3.0,a549+IFNG_IFI16,a549+IFNG,IFI16,False,True,0
a549+IFNG_IFNGR1,0.025339633,0.024619833,1.0292367,0.9922331,0.6858203,0.818588187090428,0.3979548256843861,0.994066438668346,0.9942775977898627,0.9997876255866711,2148,1141,0.40930792689323425,0.9565063714981079,0.4279197156429291,0.5219980478286743,0.812881588935852,0.54,0.8976923076923078,0.9206834964481558,0.9523491214249376,0.9667499824755417,25.0,0.0,a549+IFNG_IFNGR1,a549+IFNG,IFNGR1,False,True,0
a549+IFNG_IFNGR2,0.025368357,0.026965497,0.940771,0.99223673,0.6683701,0.8231680183846206,0.3792613446235403,0.9941151933516184,0.9937407302421213,1.0003768217384084,2301,1163,0.3620679974555969,0.8163797855377197,0.44350436329841614,0.8983086347579956,0.9179182052612305,0.8192307692307693,0.89,0.9613230615541137,0.9490999469754315,1.0128786379323216,24.0,1.0,a549+IFNG_IFNGR2,a549+IFNG,IFNGR2,False,True,0
a549+IFNG_IRF1,0.035125285,0.0046179495,7.6062517,0.9891982,0.27316943,0.809763585990293,0.23429927158429661,0.9917890440860808,0.9989285476267444,0.9928528386163098,2096,1319,,,,,,,,,,,,,a549+IFNG_IRF1,a549+IFNG,IRF1,False,True,0
a549+IFNG_IRF2,0.056799818,0.052468367,1.0825536,0.98174447,0.35600674,0.773103527654086,0.4073619075200526,0.9854561731958679,0.9911338288066659,0.994271555015296,2184,949,0.39439183473587036,0.583382785320282,0.6760429739952087,0.8015195727348328,0.26991820335388184,0.6870552156329502,0.3392307692307693,0.9244740097171359,0.9550504945109225,0.9679844312216762,21.0,4.0,a549+IFNG_IRF2,a549+IFNG,IRF2,False,True,0
a549+IFNG_IRF5,0.039098848,0.0068549463,5.7037425,0.98775923,0.19650227,0.7873924780356073,0.22099457603994688,0.9905941168268474,0.9985106772737629,0.9920716316539248,1958,1304,,,,,,,,,,,,,a549+IFNG_IRF5,a549+IFNG,IRF5,False,True,0
a549+IFNG_IRF7,0.038564086,0.009839384,3.91936,0.98780537,0.23721114,0.7984633941714964,0.2526111664373695,0.9905499699414227,0.9979961018253816,0.9925389168651666,1955,1274,0.00033660675399005413,0.40131497383117676,0.0008387595298700035,,,,,,,,1.0,0.0,a549+IFNG_IRF7,a549+IFNG,IRF7,False,True,0
a549+IFNG_IRF9,0.06629858,0.07464306,0.88820827,0.97963,0.3999183,0.7706256496125571,0.43656312066920705,0.9836249941457268,0.9886616855336593,0.99490554609162,2223,902,0.3208852708339691,0.47401750087738037,0.6769481301307678,0.49886417388916016,-0.057545073330402374,0.6331987037692252,-0.12615384615384617,0.8690241389078166,0.9217335440615844,0.9428149214126398,21.0,4.0,a549+IFNG_IRF9,a549+IFNG,IRF9,False,True,0
a549+IFNG_JAK1,0.02810044,0.0150614865,1.8657149,0.9913151,0.57459956,0.8114548440108506,0.3274779989918293,0.9933766958750929,0.9965044605691058,0.9968612637295907,2114,1228,0.0272319745272398,0.2368527501821518,0.11497428268194199,0.9277756810188293,0.9413794875144958,0.942857142857143,0.5428571428571429,0.9706891079479602,0.7460828263661186,1.3010473819318589,6.0,0.0,a549+IFNG_JAK1,a549+IFNG,JAK1,False,True,0
a549+IFNG_JAK2,0.02737325,0.019794933,1.3828412,0.99168015,0.60953295,0.8168255761851198,0.342990876783373,0.9936922893060062,0.9954134154962282,0.9982709433453195,2210,1212,0.3465539515018463,0.45483794808387756,0.761928379535675,0.8485838174819946,0.7953794598579407,0.863478260869565,0.9043478260869565,0.9133748262410057,0.9227100482784899,0.9898828217435142,22.0,2.0,a549+IFNG_JAK2,a549+IFNG,JAK2,False,True,0
a549+IFNG_JUN,0.043879475,0.011976546,3.663784,0.98609096,0.13547517,0.7987740431241688,0.2182063067790504,0.9892523195142432,0.9974657386031609,0.9917657130755992,1925,1282,0.8673632740974426,0.65233314037323,1.3296324014663696,,,,,,,,0.0,1.0,a549+IFNG_JUN,a549+IFNG,JUN,False,True,0
a549+IFNG_KIN,0.056139562,0.027670087,2.02889,0.9830402,0.4891325,0.6904283851275967,0.4661342377183738,0.9864130444122319,0.9949557921501335,0.991413942402968,2347,850,0.27179375290870667,0.38000422716140747,0.7152387499809265,0.4323301613330841,-0.10877477377653122,0.7159069184170888,-0.13,0.7131986241889614,0.7881824676447485,0.9048648675479242,20.0,5.0,a549+IFNG_KIN,a549+IFNG,KIN,False,True,0
a549+IFNG_KLF4,0.04676537,0.032346074,1.445782,0.98390824,0.4224773,0.7333546205328582,0.46010720103408703,0.9873641215548292,0.9946185576302188,0.9927063133703498,2317,860,0.22775772213935852,0.4148215353488922,0.5490499138832092,0.9106720089912415,-0.3095051646232605,0.8823529411764707,-0.17352941176470588,0.9611763425597765,0.9689698585589782,0.99195690564535,14.0,2.0,a549+IFNG_KLF4,a549+IFNG,KLF4,False,False,0
a549+IFNG_MAFB,0.037010975,0.008063615,4.589874,0.98836815,0.24921897,0.8009706141636888,0.2620054047172554,0.9910326064960095,0.9982988337345212,0.99272139063678,1926,1307,,,,,,,,,,,,,a549+IFNG_MAFB,a549+IFNG,MAFB,False,True,0
a549+IFNG_MAFF,0.04189425,0.010317398,4.060544,0.98679876,0.15496458,0.7970050823028513,0.20878818878326674,0.9897989256994943,0.9978993499142642,0.9918825238081718,1931,1324,,,,,,,,,,,,,a549+IFNG_MAFF,a549+IFNG,MAFF,False,True,0
a549+IFNG_MCRS1,0.058961302,0.08407206,0.7013186,0.9774658,0.58279413,0.6967714041374226,0.6035075623927586,0.9819393678107154,0.9868247818504553,0.9950493602009276,2527,612,0.30920714139938354,0.7198819518089294,0.4295247793197632,0.700130045413971,0.13587304949760437,0.43,0.18076923076923077,0.8358036358651849,0.8661457061429222,0.9649688614022517,21.0,4.0,a549+IFNG_MCRS1,a549+IFNG,MCRS1,False,True,0
a549+IFNG_MYC,0.038459547,0.0064537902,5.9592185,0.98797303,0.18431295,0.7943303636536792,0.20031109635531524,0.9907652015652967,0.9985925344714849,0.9921616348650845,1891,1382,,,,,,,,,,,,,a549+IFNG_MYC,a549+IFNG,MYC,False,True,0
a549+IFNG_NFKB1,0.04124788,0.010433231,3.9535098,0.98724115,0.31712413,0.7588267493398406,0.3308496990274545,0.9901135914755108,0.9978144174203055,0.9922823063985144,2110,1125,0.004769816529005766,0.17106270790100098,0.027883438393473625,,,,,,,,1.0,0.0,a549+IFNG_NFKB1,a549+IFNG,NFKB1,False,True,0
a549+IFNG_PARP12,0.052094176,0.004053232,12.852504,0.98652637,0.18069384,0.736336616624909,0.18084454732067695,0.989448737074199,0.9990637237725513,0.9903760025816519,1954,1378,0.5759616494178772,1.4695298671722412,0.3919360041618347,,,,,,,,1.0,0.0,a549+IFNG_PARP12,a549+IFNG,PARP12,False,False,0
a549+IFNG_PIK3CA,0.043799255,0.007997785,5.4764233,0.9865763,0.16636303,0.7675712529609403,0.22112668581523132,0.989669369187442,0.9982361019964316,0.9914181296470278,2020,1270,,,,,,,,,,,,,a549+IFNG_PIK3CA,a549+IFNG,PIK3CA,False,True,0
a549+IFNG_PLEK,0.038876582,0.007436299,5.2279477,0.9878684,0.21400474,0.7884758128303727,0.24888071402826795,0.9906667622649183,0.9983876690027802,0.9922666245011081,1995,1256,,,,,,,,,,,,,a549+IFNG_PLEK,a549+IFNG,PLEK,False,True,0
a549+IFNG_PPARG,0.06395035,0.089293554,0.71618104,0.9760473,0.5212561,0.7230598530490746,0.5785087486203783,0.9808301263772448,0.98593349814012,0.9948238174557389,2498,627,0.4040212333202362,0.7101876139640808,0.5688936710357666,0.8827340006828308,-0.25934895873069763,0.736720772572993,-0.2923076923076923,0.9330316129760999,0.9173017163604389,1.017148007395072,23.0,2.0,a549+IFNG_PPARG,a549+IFNG,PPARG,False,True,0
a549+IFNG_PRDM1,0.040709008,0.005970198,6.8187027,0.98739356,0.09416647,0.8041090902455049,0.16747872686396573,0.9903778310663738,0.9986320382161975,0.9917344859428225,1911,1430,1.3163293600082397,2.041809320449829,0.6446877121925354,,,,,,,,1.0,0.0,a549+IFNG_PRDM1,a549+IFNG,PRDM1,False,True,0
a549+IFNG_PTGES3,0.050997924,0.03986528,1.2792566,0.98239505,0.38977987,0.7419621070809426,0.42572854833997653,0.986139081370456,0.9929861154093297,0.9931046024384227,2256,910,0.28183886408805847,0.49276110529899597,0.5719584226608276,0.6387650966644287,0.20300021767616272,0.5330769230769231,0.13999999999999999,0.8393375535499227,0.9319645976299687,0.9006109842416749,22.0,3.0,a549+IFNG_PTGES3,a549+IFNG,PTGES3,False,True,0
a549+IFNG_PTPN11,0.03856881,0.0038292,10.072289,0.988257,0.10966796,0.8067030126687307,0.13880398527752746,0.9910692827777144,0.9991132187544395,0.9919489244804977,1939,1446,,,,,,,,,,,,,a549+IFNG_PTPN11,a549+IFNG,PTPN11,False,True,0
a549+IFNG_RARRES3,0.06399816,0.06996264,0.91474766,0.978541,0.39648885,0.7547858956721675,0.47467323470050754,0.9828273626427027,0.988998559292482,0.9937601560772806,2310,825,0.3723430633544922,0.5641378164291382,0.6600214838981628,0.9126471281051636,0.1151844710111618,0.5115384615384615,0.18384615384615385,0.9312080032410651,0.9129107137007239,1.0200428029441877,19.0,6.0,a549+IFNG_RARRES3,a549+IFNG,RARRES3,False,True,0
a549+IFNG_RFX5,0.041243773,0.019467358,2.1186118,0.9866556,0.3047936,0.7958799027595554,0.3343616713722674,0.9895712385741724,0.996387253031501,0.9931592717223239,2067,1117,0.3481314182281494,0.41695505380630493,0.8349375128746033,0.6149390339851379,0.5841990113258362,0.625,0.2377450980392157,0.8464134410769457,0.9734345081572474,0.8695124674378373,10.0,7.0,a549+IFNG_RFX5,a549+IFNG,RFX5,False,True,0
a549+IFNG_RNF14,0.04133586,0.009730159,4.24822,0.98735046,0.15397021,0.8104233564823717,0.20004424880195124,0.9901463887289317,0.99797369544132,0.992156800576866,1879,1390,,,,,,,,,,,,,a549+IFNG_RNF14,a549+IFNG,RNF14,False,False,0
a549+IFNG_RUNX1,0.053611916,0.0035587456,15.064835,0.98595226,0.103514075,0.7321286208816213,0.13662867172070592,0.9889799709712543,0.9991743923254318,0.9897971550987696,1973,1447,,,,,,,,,,,,,a549+IFNG_RUNX1,a549+IFNG,RUNX1,False,False,0
a549+IFNG_SOX2,0.11695045,0.30865794,0.37889987,0.95590043,0.715132,0.6957697424604168,0.704225842186672,0.9635533804831614,0.9595840993140523,1.0041364599225295,2574,397,0.5796347260475159,1.4075512886047363,0.41180363297462463,0.4577379822731018,0.29393503069877625,0.3671956665154376,0.15999999999999998,0.803667356540123,0.8390016265082616,0.9578853379400563,22.0,3.0,a549+IFNG_SOX2,a549+IFNG,SOX2,False,True,0
a549+IFNG_SP100,0.038712524,0.0069156587,5.597807,0.9878702,0.18624417,0.8030187940505978,0.22447283700261061,0.9906804264886729,0.9985016274848112,0.9921670623453669,1940,1313,0.6073229312896729,1.2586843967437744,0.48250612616539,,,,,,,,1.0,0.0,a549+IFNG_SP100,a549+IFNG,SP100,False,True,0
a549+IFNG_SP110,0.046821363,0.029603632,1.5816088,0.9842852,0.33851165,0.7572505838379289,0.39021897014755036,0.9876543544760048,0.9946415081609753,0.9929752040030089,2182,992,0.2860551178455353,0.31872686743736267,0.8974929451942444,0.7266302108764648,-0.31601420044898987,0.5584615384615385,-0.34384615384615386,0.8814815012670534,0.9393203591589365,0.9384247798656554,20.0,5.0,a549+IFNG_SP110,a549+IFNG,SP110,False,True,0
a549+IFNG_SRC,0.039194,0.0046491423,8.430372,0.9880256,0.14729205,0.7943022535589014,0.18306254478946374,0.9908578555944548,0.9989255189838592,0.9919236587352268,1958,1381,,,,,,,,,,,,,a549+IFNG_SRC,a549+IFNG,SRC,False,True,0
a549+IFNG_STAT1,0.028649902,0.014455844,1.9818907,0.99115765,0.559313,0.8093822356393355,0.3457416666736793,0.9932409380618608,0.9966489767746654,0.9965805024715586,2108,1216,0.046345826238393784,0.3030600845813751,0.15292619168758392,0.796940267086029,0.8263839483261108,0.42857142857142855,0.5549450549450549,0.9222931714636888,0.7963076865686296,1.1582120667928542,13.0,0.0,a549+IFNG_STAT1,a549+IFNG,STAT1,False,True,0
a549+IFNG_STAT2,0.052912634,0.04286036,1.2345355,0.9830701,0.4020347,0.7734012268725801,0.36873870002096604,0.9866266528378422,0.9928534608345587,0.993728371565042,2112,1045,0.18567605316638947,0.6488674283027649,0.2861540615558624,0.8927839398384094,0.6169578433036804,0.7546153846153847,0.43615384615384617,0.9326330634453289,0.9605468118030448,0.9709397313959963,22.0,3.0,a549+IFNG_STAT2,a549+IFNG,STAT2,False,True,0
a549+IFNG_STAT3,0.042097908,0.00880647,4.780339,0.98673594,0.11250489,0.799122806625354,0.19246678179188753,0.9897945394797527,0.9981426327924316,0.9916363723596054,1895,1369,,,,,,,,,,,,,a549+IFNG_STAT3,a549+IFNG,STAT3,False,True,0
a549+IFNG_TAPBPL,0.05681194,0.047744296,1.189921,0.980363,0.466251,0.7180354531808913,0.5077117810787686,0.9844084639965421,0.9915262427018581,0.9928213915085895,2379,763,0.2948799431324005,0.49911603331565857,0.590804398059845,0.4895545244216919,0.09834781289100647,0.4230769230769231,0.3123076923076923,0.8334424748963061,0.9753943569843462,0.8544671895304822,20.0,5.0,a549+IFNG_TAPBPL,a549+IFNG,TAPBPL,False,True,0
a549+IFNG_TBX21,0.042802688,0.0071321027,6.001412,0.98691905,0.25119674,0.7612246192018162,0.2724482552619453,0.9898793490566142,0.9984914576968489,0.9913748800013776,2067,1205,,,,,,,,,,,,,a549+IFNG_TBX21,a549+IFNG,TBX21,False,False,0
a549+IFNG_TRAFD1,0.03843847,0.005481771,7.012053,0.98804027,0.1847876,0.7964900867882554,0.2310152967072512,0.9908480521198177,0.9987863722062003,0.9920520340412258,1971,1323,,,,,,,,,,,,,a549+IFNG_TRAFD1,a549+IFNG,TRAFD1,False,True,0
a549+IFNG_TSC22D1,0.043836642,0.0077165985,5.6808248,0.9865582,0.20818658,0.7652675640603955,0.24880779649218066,0.9896186221981709,0.9983586893388088,0.9912455641104038,2053,1196,,,,,,,,,,,,,a549+IFNG_TSC22D1,a549+IFNG,TSC22D1,False,True,0
a549+IFNG_ZC3H3,0.045420595,0.009930457,4.5738673,0.9861226,0.23886372,0.7555696189106925,0.271656828684243,0.9892321102117309,0.9979067611995214,0.9913071528071788,2070,1169,0.5442799925804138,0.6633493304252625,0.8205028176307678,,,,,,,,1.0,0.0,a549+IFNG_ZC3H3,a549+IFNG,ZC3H3,False,True,0
a549+IFNG_ZFP36,0.040448755,0.010763221,3.7580528,0.987209,0.28151304,0.7664834513255095,0.3156356261182688,0.9901101896170187,0.9978184100618591,0.9922749266127866,2089,1146,0.5177063941955566,0.333323210477829,1.553166389465332,-0.9664735794067383,0.6696473360061646,-0.5,0.5,0.7224171227171166,0.9823283688251246,0.7354130712738504,2.0,1.0,a549+IFNG_ZFP36,a549+IFNG,ZFP36,False,True,0
a549+IFNG_ZNF267,0.04308018,0.021653812,1.9894964,0.9858513,0.37726796,0.7522016656728437,0.40448707750418733,0.9889510356621692,0.995932481669762,0.9929900408550911,2231,951,0.09996875375509262,0.35705137252807617,0.2799842357635498,0.6257302761077881,-0.18851885199546814,0.4285714285714286,-0.04761904761904763,0.8490311722913517,0.9360049884905728,0.9070797514236784,8.0,0.0,a549+IFNG_ZNF267,a549+IFNG,ZNF267,False,True,0
a549+IFNG_ZNFX1,0.042074554,0.012670854,3.3205776,0.986465,0.22088039,0.7842676423701157,0.25988038115609813,0.9895348687002209,0.9974884107510685,0.9920264316205348,1999,1230,1.6437251567840576,1.4487190246582031,1.134605884552002,1.0,1.0,0.9999999999999999,0.9999999999999999,0.966356706720519,0.9926561531252599,0.9735059856104853,1.0,1.0,a549+IFNG_ZNFX1,a549+IFNG,ZNFX1,False,True,0
a549+INS_DR1,0.018391682,0.024741389,0.7433569,0.994496,0.46390283,0.8135539853263003,0.4744649589336234,0.9956478537056452,0.9947626264306731,1.0008898879506043,2389,951,0.13026313483715057,0.28903770446777344,0.4506787061691284,0.7908446788787842,0.7779093980789185,0.6584615384615385,0.6384615384615384,0.8146433814898856,0.7394187900418892,1.1017347577057581,25.0,0.0,a549+INS_DR1,a549+INS,DR1,True,False,0
a549+INS_SREBF2,0.006937444,0.002769836,2.5046408,0.9979023,0.33457777,0.8315289305025864,0.3536815402005841,0.9983850492965683,0.9993648915989606,0.9990195349960468,2360,1206,,,,,,,,,,,,,a549+INS_SREBF2,a549+INS,SREBF2,True,False,0
a549+TGFB_PRKCA,0.0073931,0.0021869973,3.3804796,0.99793327,0.31938273,0.824766293370202,0.3243104822439092,0.9983752345427219,0.9995009385829774,0.9988737338837806,2347,1305,,,,,,,,,,,,,a549+TGFB_PRKCA,a549+TGFB,PRKCA,True,False,0
bxpc3+IFNB_PARP12,0.006030702,0.0051855897,1.1629733,0.9982353,0.4956904,0.8697792499430806,0.4052666985815841,0.9986329832886776,0.9988584892931331,0.9997742362838452,2689,1401,0.11093727499246597,0.2343801110982895,0.4733220636844635,0.9882003664970398,0.6058499813079834,0.464935064935065,0.512987012987013,0.990064099639528,0.9349310567263109,1.0589701695291491,20.0,1.0,bxpc3+IFNB_PARP12,bxpc3+IFNB,PARP12,True,False,0
bxpc3+IFNG_FOXN3,0.019604143,0.006255791,3.1337593,0.99639904,0.35539636,0.8522252504742698,0.28017997992988164,0.9971067321509852,0.9985919247211618,0.9985127132180733,2516,1508,0.09394363313913345,0.2169647514820099,0.43299031257629395,0.6902256608009338,0.8520535826683044,0.8280701754385964,0.7473684210526316,0.7624796159967685,0.5284354337350191,1.4429002434744176,19.0,0.0,bxpc3+IFNG_FOXN3,bxpc3+IFNG,FOXN3,True,False,0
bxpc3+IFNG_KLF4,0.016126662,0.04616991,0.34928945,0.99529356,0.76736,0.8058211095805523,0.7137369495736093,0.9963239327387222,0.9916791422556536,1.004683763412129,3185,701,0.026936251670122147,0.169102281332016,0.15928970277309418,0.6248793601989746,0.4909924566745758,0.6409314182391952,0.5038461538461538,0.8990694327533388,0.9105900137585734,0.9873482238645668,24.0,1.0,bxpc3+IFNG_KLF4,bxpc3+IFNG,KLF4,True,False,0
bxpc3+IFNG_PARP12,0.02822519,0.0050667534,5.570666,0.9949353,0.24695951,0.8248599357961197,0.20237210675350364,0.9957287464810806,0.9988528470198993,0.9968723115240252,2383,1671,0.4097040295600891,0.45391353964805603,0.9026036858558655,0.8043232560157776,0.48371076583862305,0.8499999999999999,0.41666666666666663,0.8403588800431564,0.8281228342152087,1.0147756411517663,8.0,1.0,bxpc3+IFNG_PARP12,bxpc3+IFNG,PARP12,True,False,0
bxpc3+IFNG_RUNX1,0.05381035,0.0034510822,15.592312,0.99331003,0.09451583,0.7941741297305848,0.11033553567077227,0.9941057406337417,0.9992194404661754,0.9948823055023349,2306,1937,0.07509617507457733,0.05168120935559273,1.4530653953552246,0.8397988080978394,-0.9199950695037842,0.7,-0.7,0.9559495011480497,0.9729351100538248,0.9825418892480553,1.0,4.0,bxpc3+IFNG_RUNX1,bxpc3+IFNG,RUNX1,True,False,0
bxpc3+IFNG_TBX21,0.065335125,0.0029902009,21.849745,0.9934255,0.17449501,0.7913406962583099,0.16919019344452113,0.9943565515632427,0.999330203736738,0.9950230142600538,2429,1653,0.17224819958209991,0.21662327647209167,0.7951509356498718,0.9809171557426453,0.946495532989502,0.8999999999999998,0.8999999999999998,0.9871208684518943,0.8053665161992241,1.2256790524523242,5.0,0.0,bxpc3+IFNG_TBX21,bxpc3+IFNG,TBX21,True,False,0
bxpc3+INS_IRS2,0.008279624,0.0068528564,1.2082005,0.99768186,0.34968144,0.8883446785616027,0.16726116395653448,0.9981857589706498,0.9983945638643893,0.9997908593442943,2275,2029,0.18522430956363678,0.2508403956890106,0.738415002822876,0.5294959545135498,0.436543345451355,0.4746153846153846,0.363076923076923,0.689269694800111,0.711808878255199,0.9683353437367394,15.0,10.0,bxpc3+INS_IRS2,bxpc3+INS,IRS2,True,False,0
bxpc3+INS_SREBF2,0.004977805,0.0035218403,1.4134102,0.99842227,0.39118153,0.8956977266853655,0.2780935641542985,0.9988097001331718,0.9991676972537443,0.9996417046692397,2692,1803,0.18595315515995026,0.19686251878738403,0.9445838332176208,0.23501737415790558,0.16284218430519104,-0.06666666666666667,0.3666666666666667,0.5037090074441433,0.5170609423121157,0.9741772511219523,7.0,2.0,bxpc3+INS_SREBF2,bxpc3+INS,SREBF2,True,False,0
bxpc3+TGFB_AKT1,0.024992911,0.006590751,3.7921188,0.992069,0.08608604,0.8607491933077039,0.153607759711632,0.9938928394271882,0.9984173042629076,0.995468362961658,2025,1466,,,,,,,,,,,,,bxpc3+TGFB_AKT1,bxpc3+TGFB,AKT1,False,True,0
bxpc3+TGFB_ATF2,0.028431967,0.020204194,1.407231,0.9907038,0.2843495,0.8300511183231536,0.2907306303934397,0.9926204538900546,0.995618016258501,0.9969892445501226,2139,1229,,,,,,,,,,,,,bxpc3+TGFB_ATF2,bxpc3+TGFB,ATF2,False,True,0
bxpc3+TGFB_CHUK,0.035470027,0.0322297,1.1005386,0.98832047,0.31069773,0.8274969804722095,0.29402969806052065,0.9907037345343216,0.9929560222669405,0.9977317346568111,2088,1260,0.3315218687057495,0.5636795163154602,0.5881389379501343,0.9218129515647888,0.4816023111343384,0.8292751969821027,0.39384615384615385,0.9270843015808591,0.9577020464958613,0.9680299890482331,18.0,7.0,bxpc3+TGFB_CHUK,bxpc3+TGFB,CHUK,False,True,0
bxpc3+TGFB_CREBBP,0.028222283,0.01625312,1.7364225,0.99079347,0.24578458,0.8369962932387572,0.24917451258623693,0.9927960049659994,0.9963072499997565,0.9964757407579259,2028,1359,0.6600911021232605,0.64933842420578,1.0165594816207886,0.9059717655181885,-0.33677470684051514,0.9276336570439174,-0.4285714285714286,0.9561342987390512,0.9698315049044165,0.9858767155984325,4.0,2.0,bxpc3+TGFB_CREBBP,bxpc3+TGFB,CREBBP,False,True,0
bxpc3+TGFB_CUL1,0.051358122,0.01869331,2.7474067,0.98784995,0.38866302,0.7608132302946768,0.37748825224439275,0.9903390099535275,0.9959861895260018,0.9943300623724894,2314,1063,0.011798896826803684,0.21444492042064667,0.055020641535520554,-0.7988827228546143,0.9237481355667114,-1.0,1.0,0.3821680771618623,0.8942740055797919,0.42735009043910227,3.0,0.0,bxpc3+TGFB_CUL1,bxpc3+TGFB,CUL1,False,True,0
bxpc3+TGFB_EP300,0.034722235,0.01704646,2.0369174,0.99085635,0.33619416,0.8035420510640385,0.3119354664384929,0.9929149081595103,0.9959902102105044,0.996912316989196,2215,1174,0.3101605474948883,0.6073151230812073,0.5107077360153198,0.6361759901046753,0.1368671953678131,0.39999999999999997,0.39999999999999997,0.9024169859451275,0.9684215813342549,0.9318431180579549,4.0,0.0,bxpc3+TGFB_EP300,bxpc3+TGFB,EP300,False,True,0
bxpc3+TGFB_FOS,0.034238454,0.021575378,1.5869225,0.9887576,0.17981267,0.8317227660667927,0.23755473060989993,0.9910256054698348,0.9953291751978383,0.9956762347218968,2057,1295,0.2823564410209656,0.2931840717792511,0.9630688428878784,0.13566499948501587,-0.11793840676546097,0.11180339887498948,-0.19999999999999998,0.5616996905029493,0.6647300878341705,0.8450041615132605,4.0,1.0,bxpc3+TGFB_FOS,bxpc3+TGFB,FOS,False,True,0
bxpc3+TGFB_FOXP2,0.029293949,0.012707616,2.3052278,0.9904343,0.12873769,0.835972045400957,0.20028147551666628,0.9926400794970988,0.9970524022273266,0.9955746330680603,2023,1373,0.018468495458364487,0.17051154375076294,0.10831228643655777,,,,,,,,1.0,0.0,bxpc3+TGFB_FOXP2,bxpc3+TGFB,FOXP2,False,True,0
bxpc3+TGFB_HDAC4,0.050437346,0.052128844,0.9675516,0.98227715,0.31472856,0.7889179988693438,0.38090865109640454,0.9858784251450782,0.9891818053526911,0.996660492348588,2311,996,0.7966670393943787,0.8209245204925537,0.9704509973526001,0.7222277522087097,-0.30975455045700073,0.475521267210656,-0.05615384615384616,0.7564679767072542,0.8011655354061342,0.9442093341219159,20.0,5.0,bxpc3+TGFB_HDAC4,bxpc3+TGFB,HDAC4,False,True,0
bxpc3+TGFB_HDAC5,0.024923904,0.0077315574,3.223659,0.9920703,0.14924869,0.8605549600104856,0.1979871426675849,0.9938136500277913,0.9981830127876709,0.9956226837124016,1987,1461,,,,,,,,,,,,,bxpc3+TGFB_HDAC5,bxpc3+TGFB,HDAC5,False,True,0
bxpc3+TGFB_HRAS,0.019139925,0.0045511904,4.2054768,0.9940065,0.34183687,0.8667981570633801,0.272529133899302,0.9954161537136595,0.9989028224224045,0.9965095015946701,2220,1412,,,,,,,,,,,,,bxpc3+TGFB_HRAS,bxpc3+TGFB,HRAS,False,True,0
bxpc3+TGFB_IKBKB,0.06680902,0.111124,0.6012114,0.97721803,0.53522986,0.7789771542664734,0.5539766610541946,0.9812337967219291,0.9792422437116977,1.0020337695018984,2481,729,0.5583534836769104,0.7772367596626282,0.7183827757835388,0.7199222445487976,-0.22366389632225037,0.3396831102433787,-0.11538461538461539,0.5897038912471484,0.41136396096394323,1.4335331900862287,22.0,3.0,bxpc3+TGFB_IKBKB,bxpc3+TGFB,IKBKB,False,True,0
bxpc3+TGFB_IRF7,0.02457647,0.008282267,2.9673605,0.9921949,0.14781411,0.8624027835424354,0.20721254123100868,0.9939489345440355,0.9980225333146162,0.9959183298627021,2035,1424,,,,,,,,,,,,,bxpc3+TGFB_IRF7,bxpc3+TGFB,IRF7,False,True,0
bxpc3+TGFB_JUN,0.02374475,0.012728321,1.8655053,0.992486,0.28764158,0.8553888645083605,0.23680877139605308,0.9941507415391305,0.9969352586207584,0.9972069228592836,2072,1417,0.13948209583759308,0.38100147247314453,0.36609333753585815,0.9113211035728455,0.8538047671318054,0.9369749612033815,0.642857142857143,0.9465417274125326,0.8800593190934293,1.0755430990579005,7.0,0.0,bxpc3+TGFB_JUN,bxpc3+TGFB,JUN,False,True,0
bxpc3+TGFB_KRAS,0.021661425,0.0053706416,4.0333033,0.9933984,0.24109842,0.8614184532086909,0.24475692404569416,0.9949717425044304,0.9987029420762206,0.9962639545608695,2176,1388,,,,,,,,,,,,,bxpc3+TGFB_KRAS,bxpc3+TGFB,KRAS,False,True,0
bxpc3+TGFB_MAP3K7,0.021841897,0.0064041014,3.4106107,0.99313974,0.2384489,0.8596838068417171,0.22833818010855952,0.9947656862159102,0.9984750742086783,0.996284946826832,2132,1388,,,,,,,,,,,,,bxpc3+TGFB_MAP3K7,bxpc3+TGFB,MAP3K7,False,True,0
bxpc3+TGFB_MAPK1,0.028933555,0.016225342,1.7832325,0.9909811,0.23272672,0.840502581876782,0.23035928116617352,0.9930830636622348,0.9960857270282472,0.9969855372037398,2096,1341,0.3691299855709076,0.6271322965621948,0.5885998606681824,0.850847601890564,0.6337090730667114,0.9058823529411765,0.3323529411764706,0.9257360982889044,0.9000463614479993,1.0285426817342778,14.0,2.0,bxpc3+TGFB_MAPK1,bxpc3+TGFB,MAPK1,False,True,0
bxpc3+TGFB_MAPK3,0.032292165,0.01273535,2.5356324,0.9896086,0.025442945,0.8546331151093315,0.1469628372428601,0.9919311127102421,0.9970008773314676,0.9949149847944017,1939,1469,,,,,,,,,,,,,bxpc3+TGFB_MAPK3,bxpc3+TGFB,MAPK3,False,True,0
bxpc3+TGFB_MAPK14,0.030849017,0.010091201,3.0570211,0.9903769,0.012089485,0.8518011496384266,0.15307203534803632,0.9926793725062902,0.997559632968572,0.9951078007760209,2083,1444,1.5646145343780518,0.901439368724823,1.7356847524642944,-0.35806989669799805,-0.7754143476486206,0.0,-0.39999999999999997,0.5737360932273352,0.698126852211547,0.8218221250333474,1.0,3.0,bxpc3+TGFB_MAPK14,bxpc3+TGFB,MAPK14,False,True,0
bxpc3+TGFB_MED15,0.045117915,0.03898655,1.1572688,0.98569727,0.22471279,0.8188077955682241,0.2595872396532661,0.9884580204845117,0.992005294542688,0.9964241379782034,2092,1241,0.3445453643798828,0.38621917366981506,0.8920980095863342,0.9114121198654175,0.31821227073669434,0.6845445496010985,0.3038461538461538,0.8415391510801808,0.8519167336850232,0.9878185482283539,17.0,8.0,bxpc3+TGFB_MED15,bxpc3+TGFB,MED15,False,True,0
bxpc3+TGFB_MYC,0.028060697,0.010072622,2.7858384,0.9909831,0.07864232,0.8534249165112101,0.15977056531992206,0.9929861888926582,0.9976767098493134,0.995298556225329,1957,1489,,,,,,,,,,,,,bxpc3+TGFB_MYC,bxpc3+TGFB,MYC,False,True,0
bxpc3+TGFB_NFKB1,0.034137633,0.015661243,2.1797523,0.98986876,0.20335364,0.8178469238128104,0.2396200703383237,0.9921930123152763,0.9963708457746441,0.9958069493130145,2134,1287,0.7319467067718506,0.6241929531097412,1.1726288795471191,0.8276833891868591,-0.17266249656677246,0.942857142857143,-0.08571428571428573,0.9018625019272234,0.961719477614957,0.9377604622959518,4.0,2.0,bxpc3+TGFB_NFKB1,bxpc3+TGFB,NFKB1,False,True,0
bxpc3+TGFB_NRAS,0.039139412,0.04438491,0.88181794,0.98639685,0.41672772,0.7904903075323999,0.43152005742864413,0.9891816502475832,0.9906718113066798,0.9984958075498978,2380,930,0.1777886152267456,0.35128265619277954,0.5061126947402954,0.4683234989643097,0.0708785131573677,0.36029529600108967,0.043076923076923075,0.6866678765461018,0.7070339693266859,0.9711950292855392,23.0,2.0,bxpc3+TGFB_NRAS,bxpc3+TGFB,NRAS,False,True,0
bxpc3+TGFB_PAK1,0.026191486,0.005270057,4.9698677,0.99185014,0.03212343,0.861273056198625,0.1203593564823938,0.9937616242769179,0.998728703885279,0.9950265977246493,2024,1573,,,,,,,,,,,,,bxpc3+TGFB_PAK1,bxpc3+TGFB,PAK1,False,True,0
bxpc3+TGFB_PIK3CA,0.02951535,0.014770058,1.9983232,0.991047,0.26660812,0.8364060747232162,0.2826551779624639,0.9930326810882762,0.9966789333392302,0.9963415979519726,2147,1240,1.6685495376586914,1.4735019207000732,1.132370114326477,,,,,,,,0.0,1.0,bxpc3+TGFB_PIK3CA,bxpc3+TGFB,PIK3CA,False,True,0
bxpc3+TGFB_PPP2CA,0.025741827,0.008637692,2.9801743,0.9924752,0.25492847,0.8314949592546589,0.258690123316503,0.9942356007004476,0.9979680209411281,0.9962599801172379,2152,1308,1.122118592262268,1.7746731042861938,0.6322959661483765,,,,,,,,1.0,0.0,bxpc3+TGFB_PPP2CA,bxpc3+TGFB,PPP2CA,False,True,0
bxpc3+TGFB_PRKCA,0.025559576,0.0072229425,3.5386653,0.9921246,0.17923483,0.8380033480791115,0.24456205579100204,0.9939860043563826,0.998300552756283,0.9956781067705631,2166,1326,,,,,,,,,,,,,bxpc3+TGFB_PRKCA,bxpc3+TGFB,PRKCA,False,False,0
bxpc3+TGFB_RAF1,0.03031561,0.02158657,1.4043735,0.98985255,0.2828092,0.8267712360689691,0.29898476100682175,0.9920403424197196,0.9953770780341671,0.9966477672752547,2168,1180,0.23307248950004578,0.3284372389316559,0.7096408605575562,0.8351718187332153,0.020972535014152527,0.6945819897225067,0.38235294117647056,0.9070193664804094,0.9024998626244443,1.0050077612674893,14.0,2.0,bxpc3+TGFB_RAF1,bxpc3+TGFB,RAF1,False,True,0
bxpc3+TGFB_RBL1,0.031662926,0.03176317,0.996844,0.98938864,0.39155823,0.8167867391185223,0.39421570658029104,0.9915356304208558,0.9931266920502863,0.9983979268283025,2270,1080,0.4074838161468506,0.46181192994117737,0.8823587894439697,0.7238746881484985,-0.1906636655330658,0.4378175466568457,-0.0876923076923077,0.8061181511100588,0.8129972278880282,0.9915386220985777,23.0,2.0,bxpc3+TGFB_RBL1,bxpc3+TGFB,RBL1,False,True,0
bxpc3+TGFB_RBX1,0.028250074,0.010726849,2.6335857,0.99188364,0.30015457,0.8106597439572583,0.2950280349294874,0.9937478397689332,0.9975328496521629,0.9962056288326249,2168,1237,,,,,,,,,,,,,bxpc3+TGFB_RBX1,bxpc3+TGFB,RBX1,False,True,0
bxpc3+TGFB_RELA,0.019102367,0.0070946715,2.6924949,0.9939926,0.3505528,0.8596908219068089,0.2784453315168203,0.9953648302375148,0.9982960561312565,0.9970637709367487,2141,1339,0.00044318180880509317,0.8946701288223267,0.0004953577881678939,,,,,,,,1.0,0.0,bxpc3+TGFB_RELA,bxpc3+TGFB,RELA,False,True,0
bxpc3+TGFB_RHOA,0.041398842,0.032294355,1.2819219,0.98759633,0.41819125,0.7647100458309545,0.41263739009889727,0.990265841764549,0.9930332388494669,0.997213187860535,2372,972,0.31983453035354614,0.5454564094543457,0.586361289024353,0.8894709348678589,0.22717048227787018,0.35967679729896734,0.15076923076923077,0.9023359325660085,0.9031552405140798,0.999092838184048,22.0,3.0,bxpc3+TGFB_RHOA,bxpc3+TGFB,RHOA,False,True,0
bxpc3+TGFB_RPS6KB1,0.02251935,0.0062239524,3.6181753,0.9928534,0.19972475,0.854173083356143,0.22333715056844344,0.9945513973356627,0.9985243207196354,0.9960212051909668,2122,1414,,,,,,,,,,,,,bxpc3+TGFB_RPS6KB1,bxpc3+TGFB,RPS6KB1,False,True,0
bxpc3+TGFB_RUNX1,0.032069817,0.0059772525,5.3653107,0.99166834,0.14790764,0.8123621907929967,0.20094870219675753,0.9935715119116924,0.9985751820436768,0.9949891903764883,2138,1459,,,,,,,,,,,,,bxpc3+TGFB_RUNX1,bxpc3+TGFB,RUNX1,False,False,0
bxpc3+TGFB_RUNX2,0.024984017,0.012667557,1.9722837,0.9918554,0.25150526,0.8321674874740081,0.2897971869024129,0.9936704646668107,0.997144473326509,0.9965160428076095,2134,1278,,,,,,,,,,,,,bxpc3+TGFB_RUNX2,bxpc3+TGFB,RUNX2,False,True,0
bxpc3+TGFB_RUNX3,0.030316379,0.010396428,2.9160378,0.9902112,0.014289483,0.8571743859921569,0.13598159960623066,0.9923927373388207,0.9975924670912627,0.9947877215155773,1966,1462,0.40669265389442444,0.6020517945289612,0.6755110621452332,1.0,1.0,0.9999999999999999,0.9999999999999999,0.9552513050702259,0.9980048190581697,0.9571610144845885,1.0,1.0,bxpc3+TGFB_RUNX3,bxpc3+TGFB,RUNX3,False,True,0
bxpc3+TGFB_SKP1,0.22295174,0.31405914,0.70990366,0.9249959,0.49292728,0.7418026205367643,0.48227369931755687,0.936946450304378,0.9353361957695145,1.0017215783395816,1947,643,1.1685935258865356,2.003178596496582,0.5833696126937866,0.7713338136672974,0.5590183138847351,0.6824990948387121,0.4592307692307693,0.7316004331651126,0.7230083055651275,1.0118838573967268,24.0,1.0,bxpc3+TGFB_SKP1,bxpc3+TGFB,SKP1,False,False,0
bxpc3+TGFB_SMAD1,0.031417128,0.008168025,3.8463554,0.99258226,0.31247354,0.8129397137828719,0.28813744817926196,0.9943054997309173,0.9980982108926135,0.9962000621579069,2200,1257,,,,,,,,,,,,,bxpc3+TGFB_SMAD1,bxpc3+TGFB,SMAD1,False,False,0
bxpc3+TGFB_SMAD2,0.024074357,0.0056200414,4.283662,0.9926919,0.17093012,0.857745299731954,0.21448348014490964,0.9944157538652795,0.9986431508460194,0.9957668592858634,2114,1446,,,,,,,,,,,,,bxpc3+TGFB_SMAD2,bxpc3+TGFB,SMAD2,False,True,0
bxpc3+TGFB_SMAD3,0.020882469,0.0096384175,2.1665869,0.9934387,0.34034503,0.8594891602606218,0.25913520704157084,0.9949419454520706,0.9976716784954613,0.9972638964278235,2085,1375,0.6593231558799744,1.4924873113632202,0.441761314868927,,,,,,,,1.0,0.0,bxpc3+TGFB_SMAD3,bxpc3+TGFB,SMAD3,False,True,0
bxpc3+TGFB_SMAD4,0.029172223,0.010486436,2.7819006,0.99118555,0.18756303,0.827112196225382,0.22490568066566546,0.993222656539958,0.9975483410793011,0.9956636842935722,2112,1315,,,,,,,,,,,,,bxpc3+TGFB_SMAD4,bxpc3+TGFB,SMAD4,False,True,0
bxpc3+TGFB_SMAD5,0.035191555,0.037671704,0.9341641,0.9876455,0.3898664,0.8071302018900115,0.43655705386436133,0.990241774963496,0.9930992380863031,0.9971226811851015,2372,969,0.5510594248771667,0.43971651792526245,1.2532151937484741,0.6375523805618286,-0.441606342792511,0.6845200701510091,0.06384615384615384,0.715568247526671,0.816189894103262,0.8767178480111631,18.0,7.0,bxpc3+TGFB_SMAD5,bxpc3+TGFB,SMAD5,False,True,0
bxpc3+TGFB_SMAD6,0.025163522,0.006327861,3.9766238,0.99233955,0.16051748,0.8526181572037131,0.21220158596219785,0.9941623828855114,0.9984900066005655,0.9956658317194502,2094,1405,,,,,,,,,,,,,bxpc3+TGFB_SMAD6,bxpc3+TGFB,SMAD6,False,True,0
bxpc3+TGFB_SMAD7,0.03196726,0.018867286,1.6943221,0.9896279,0.18498883,0.8320483107728737,0.22608350202393632,0.9917186100593021,0.9958334459727696,0.9958679476672447,2002,1369,0.19772471487522125,0.28211989998817444,0.7008534669876099,0.9230803847312927,-0.028374798595905304,0.6829687662106284,-0.032967032967032975,0.9193598938977977,0.8658721213479365,1.0617732933433575,11.0,3.0,bxpc3+TGFB_SMAD7,bxpc3+TGFB,SMAD7,False,True,0
bxpc3+TGFB_SMAD9,0.02353727,0.0066054026,3.5633364,0.992478,0.16873273,0.8565747566499172,0.198253467619496,0.9941948382130908,0.9984311954397151,0.995756986314156,2070,1472,,,,,,,,,,,,,bxpc3+TGFB_SMAD9,bxpc3+TGFB,SMAD9,False,True,0
bxpc3+TGFB_SMURF1,0.03582972,0.009862219,3.633028,0.988438,-0.13064356,0.8602631265358976,0.06532511379302175,0.9911660900024659,0.9976390574208659,0.9935117141111796,1960,1599,0.5606675148010254,0.6161398887634277,0.9099678993225098,0.8672471642494202,0.027347160503268242,0.7,0.09999999999999999,0.9287524531788982,0.9545507943422162,0.9729733175895624,3.0,2.0,bxpc3+TGFB_SMURF1,bxpc3+TGFB,SMURF1,False,True,0
bxpc3+TGFB_SMURF2,0.027314682,0.0068844575,3.9675865,0.9912229,0.015059095,0.8555454060490982,0.12429781462027012,0.9932422457673555,0.9983728961934616,0.9948609878676916,1978,1533,0.5915642380714417,1.2004033327102661,0.49280455708503723,,,,,,,,1.0,0.0,bxpc3+TGFB_SMURF2,bxpc3+TGFB,SMURF2,False,True,0
bxpc3+TGFB_SP1,0.028246107,0.0084970975,3.3242064,0.99108803,0.044031657,0.8411730097815172,0.14286174510599664,0.9931858180692418,0.9979639905149331,0.9952120793023546,2010,1460,,,,,,,,,,,,,bxpc3+TGFB_SP1,bxpc3+TGFB,SP1,False,True,0
bxpc3+TGFB_TGFBR1,0.02312862,0.02609775,0.8862304,0.9933988,0.53760314,0.856910813855667,0.3442599115288174,0.9949651508648958,0.993707552319707,1.0012655620280364,2240,1254,0.2512556314468384,0.9493371844291687,0.26466426253318787,0.834851086139679,0.8618988394737244,0.6607692307692308,0.8807692307692306,0.9526097141751323,0.8919743435184764,1.0679788281997822,24.0,1.0,bxpc3+TGFB_TGFBR1,bxpc3+TGFB,TGFBR1,False,True,0
bxpc3+TGFB_TGFBR2,0.016949153,0.022931516,0.7391204,0.994711,0.6195179,0.8619093668648844,0.39431454355144957,0.9959330868263319,0.9944618941832618,1.001479385637273,2276,1225,0.1463364064693451,0.7124427556991577,0.20540092885494232,0.943423330783844,0.8921327590942383,0.9284615384615384,0.9346153846153846,0.9756652046872057,0.8922572978024066,1.0934796578186914,23.0,2.0,bxpc3+TGFB_TGFBR2,bxpc3+TGFB,TGFBR2,False,True,0
bxpc3+TGFB_TGFBR3,0.028626082,0.013548026,2.1129339,0.99082124,0.15955862,0.8432950905170091,0.24237468387511585,0.9927644197208796,0.9969181138650027,0.995833465069644,2087,1300,1.8670364618301392,1.112280249595642,1.678566575050354,1.0,-1.0,0.9999999999999999,-0.9999999999999999,0.9985779461178257,0.9737316158367506,1.0255166104057576,1.0,1.0,bxpc3+TGFB_TGFBR3,bxpc3+TGFB,TGFBR3,False,True,0
bxpc3+TGFB_TGIF1,0.03871807,0.03672562,1.0542523,0.98752826,0.31072295,0.8208746797338563,0.28402664090791324,0.9898684906748331,0.9922900154218305,0.997559660271329,2058,1277,0.3062812387943268,0.6413609385490417,0.4775489568710327,0.9383692145347595,0.6542842388153076,0.7969925080715361,0.4907692307692308,0.9102807985724162,0.8910181296643709,1.021618717135757,22.0,3.0,bxpc3+TGFB_TGIF1,bxpc3+TGFB,TGIF1,False,True,0
bxpc3+TNFA_CASP3,0.022204861,0.060327113,0.36807433,0.99249303,0.75997555,0.8220553486203374,0.7378875987741198,0.9937957039814276,0.9896012612749686,1.004238517947173,3140,674,0.062372103333473206,0.1672840565443039,0.3728514611721039,0.2198481410741806,0.3642399311065674,0.2962313900268622,0.37538461538461537,0.8086903825722849,0.845536359898161,0.9564229534371367,25.0,0.0,bxpc3+TNFA_CASP3,bxpc3+TNFA,CASP3,True,False,0
bxpc3+TNFA_IKBKE,0.015019837,0.0057006553,2.634756,0.9972938,0.40233386,0.8153362306795027,0.3473591173954971,0.9978067385841858,0.9986556307289565,0.9991499650944229,2542,1338,0.028359418734908104,0.10166038572788239,0.2789623439311981,0.7123727798461914,0.7491762042045593,0.4870167429962571,0.7507692307692307,0.8293883477565261,0.8378743429617146,0.9898719953934951,24.0,1.0,bxpc3+TNFA_IKBKE,bxpc3+TNFA,IKBKE,True,False,0
bxpc3+TNFA_MAP2K3,0.010699645,0.0084671145,1.2636707,0.996835,0.25251108,0.8615516651075186,0.2447782655428542,0.9975667916813664,0.9979125963658066,0.9996534719716942,2375,1545,0.0973098948597908,0.12904790043830872,0.7540602684020996,0.7736951112747192,0.3066273033618927,0.9051948051948051,0.5363636363636364,0.8033696771518579,0.7803053096146222,1.0295581322503453,17.0,4.0,bxpc3+TNFA_MAP2K3,bxpc3+TNFA,MAP2K3,True,False,0
hap1+IFNB_PARP12,0.010074247,0.0028566634,3.5265782,0.99815875,0.3311199,0.8133630707010399,0.29225083572483035,0.9984949764871986,0.9993019007210925,0.9991925120593571,2504,1465,1.6328613758087158,2.3907294273376465,0.6829971671104431,,,,,,,,1.0,0.0,hap1+IFNB_PARP12,hap1+IFNB,PARP12,True,False,0
hap1+IFNG_ATF3,0.08149486,0.007372886,11.053319,0.97683406,0.09271488,0.7719378334018989,0.18012507751210205,0.981834130005516,0.9982024758242235,0.9836021787010776,1933,1305,0.3802681565284729,0.8505833745002747,0.4470674693584442,,,,,,,,1.0,0.0,hap1+IFNG_ATF3,hap1+IFNG,ATF3,False,True,0
hap1+IFNG_ATF5,0.07444097,0.039749768,1.8727398,0.9716207,0.34454334,0.7635762683298574,0.3840194428910727,0.9770634718820358,0.9931995105715691,0.983753477002574,2089,1037,0.5888863205909729,0.6409409046173096,0.9187841415405273,0.5209968090057373,0.42588290572166443,0.4753846153846154,0.22461538461538463,0.8677216287445698,0.9436959475179384,0.9194927995895369,15.0,10.0,hap1+IFNG_ATF5,hap1+IFNG,ATF5,False,True,0
hap1+IFNG_BATF2,0.07872376,0.0054087513,14.554886,0.9790207,0.11187075,0.7655929232650264,0.12701001163232187,0.9836987226557639,0.9986278646852046,0.9850503450210186,1900,1473,0.6098321676254272,0.34853336215019226,1.7497096061706543,1.0,-1.0,0.9999999999999999,-0.9999999999999999,0.9999650577067002,0.9780624431539001,1.0223938816034812,1.0,1.0,hap1+IFNG_BATF2,hap1+IFNG,BATF2,False,True,0
hap1+IFNG_CEBPB,0.071756996,0.021381611,3.3560145,0.9759239,0.32541174,0.751965372463074,0.37743627229497534,0.980851634984502,0.9957432236036965,0.9850447502265691,2151,1026,0.38888612389564514,0.5526854395866394,0.7036301493644714,0.4019143879413605,-0.2813607454299927,0.7142857142857143,-0.08571428571428573,0.8774034790682196,0.991470187418956,0.8849519533737262,4.0,2.0,hap1+IFNG_CEBPB,hap1+IFNG,CEBPB,False,True,0
hap1+IFNG_CEBPE,0.07572801,0.011279386,6.7138414,0.97691286,0.28100693,0.7441740873035615,0.31874229030427254,0.9818451431346351,0.9977084425270669,0.9841002654520472,2083,1139,,,,,,,,,,,,,hap1+IFNG_CEBPE,hap1+IFNG,CEBPE,False,True,0
hap1+IFNG_CLK1,0.08138736,0.12200325,0.6670918,0.96267164,0.60045624,0.6960563914209057,0.6089468043139634,0.9693934572882176,0.9808724656942934,0.9882971448301888,2428,633,0.3607029318809509,0.9071398973464966,0.3976265788078308,0.31979361176490784,0.16768525540828705,0.3453846153846154,0.19769230769230767,0.799341153299691,0.9449789003757302,0.8458825408502427,23.0,2.0,hap1+IFNG_CLK1,hap1+IFNG,CLK1,False,True,0
hap1+IFNG_CUL1,0.09492082,0.18811855,0.50457984,0.9513096,0.68405163,0.6732917949715768,0.6623139146629333,0.9595974741715328,0.9702688667716842,0.9890016128873045,2425,444,0.4417295455932617,1.3497120141983032,0.32727688550949097,0.6500747203826904,0.133548766374588,0.5321534382978337,0.24923076923076923,0.8787641898086208,0.9124274678338083,0.9631058037905113,23.0,2.0,hap1+IFNG_CUL1,hap1+IFNG,CUL1,False,True,0
hap1+IFNG_EHF,0.07782851,0.057653833,1.3499278,0.9690144,0.3831505,0.7642969450592959,0.41756698470435816,0.9747981556174395,0.9910407949703339,0.9836105239710333,2092,999,0.44009846448898315,0.5531736612319946,0.7955882549285889,0.8317452073097229,-0.209893137216568,0.6915384615384614,-0.20076923076923076,0.9239493778695754,0.9252537074784485,0.9985903005863898,20.0,5.0,hap1+IFNG_EHF,hap1+IFNG,EHF,False,True,0
hap1+IFNG_ETV7,0.07901873,0.004408447,17.92439,0.9790976,0.13861407,0.76873580995698,0.15213508931675876,0.983738567531066,0.9988854306450078,0.984836235819196,1879,1399,,,,,,,,,,,,,hap1+IFNG_ETV7,hap1+IFNG,ETV7,False,True,0
hap1+IFNG_FBXO6,0.07918161,0.0168216,4.707139,0.9759885,0.26985997,0.7433703891187314,0.31741455296662807,0.9809516302131615,0.9963575365586235,0.9845377730581801,2088,1077,0.45050981640815735,0.5743038058280945,0.7844451069831848,0.3282875418663025,-0.721521258354187,0.0,-0.39999999999999997,0.7526368587525442,0.9798698550124393,0.7680987989399771,3.0,1.0,hap1+IFNG_FBXO6,hap1+IFNG,FBXO6,False,True,0
hap1+IFNG_FMNL2,0.07845321,0.015641369,5.015751,0.9759363,0.28594092,0.7512330139556386,0.3517027592719561,0.9809627621300152,0.9967786548301149,0.9841329941973976,2128,1054,0.16476954519748688,1.0653362274169922,0.15466435253620148,1.0,1.0,0.9999999999999999,0.9999999999999999,0.9890633340308448,0.9941847183541106,0.9948486591790061,2.0,0.0,hap1+IFNG_FMNL2,hap1+IFNG,FMNL2,False,True,0
hap1+IFNG_FOXN3,0.082858816,0.0076607047,10.816083,0.9777025,0.21477723,0.7417398943084098,0.2630462881359284,0.9824823975506,0.9981949112984682,0.984259072481717,2058,1187,,,,,,,,,,,,,hap1+IFNG_FOXN3,hap1+IFNG,FOXN3,False,False,0
hap1+IFNG_GUK1,0.070439965,0.036592085,1.9250054,0.9730066,0.3803112,0.7583143483383589,0.42061527402307214,0.978351051884734,0.9940868749699583,0.9841705755488425,2136,1010,0.5987101197242737,0.4904017746448517,1.2208563089370728,0.7090213298797607,0.2900863587856293,0.527793816264506,-0.052307692307692305,0.845506925342085,0.9406000362327077,0.8989016508318566,14.0,11.0,hap1+IFNG_GUK1,hap1+IFNG,GUK1,False,True,0
hap1+IFNG_HLA-DQB1,0.07881917,0.014089438,5.5942025,0.97552574,0.18754262,0.7602852753138566,0.25636939742495435,0.9806022610004522,0.9968880654084169,0.9836633570276594,2002,1186,,,,,,,,,,,,,hap1+IFNG_HLA-DQB1,hap1+IFNG,HLA-DQB1,False,True,0
hap1+IFNG_HLX,0.07955387,0.05363212,1.4833251,0.97242475,0.5144148,0.6957981507884358,0.5222314518324735,0.9777270978308604,0.9897390326923323,0.9878635332499756,2347,747,0.499854177236557,0.8929212093353271,0.5597965121269226,0.8606690764427185,0.26657089591026306,0.5246153846153846,0.23076923076923078,0.8980958660473974,0.8933831154580525,1.0052751731119618,21.0,4.0,hap1+IFNG_HLX,hap1+IFNG,HLX,False,True,0
hap1+IFNG_IFI16,0.076029226,0.11018525,0.69001275,0.9657459,0.6120002,0.6943201545302596,0.6144510260002535,0.9719949153111203,0.9830245152597019,0.9887799339921164,2430,606,0.6738850474357605,1.1920320987701416,0.565324604511261,0.18648158013820648,0.38966062664985657,0.33999999999999997,0.05846153846153846,0.7477618109396948,0.9467266631026942,0.7898391796519868,21.0,4.0,hap1+IFNG_IFI16,hap1+IFNG,IFI16,False,True,0
hap1+IFNG_IFNGR1,0.039142877,0.053100508,0.7371469,0.9866483,0.73937726,0.7851262548376368,0.4054773192928884,0.9891904433503909,0.9878634302125386,1.001343316390978,2083,1072,0.837262749671936,2.2106094360351562,0.37874749302864075,0.7863150238990784,0.7660322785377502,0.7415384615384616,0.5246153846153846,0.951907976605762,0.9755961455603167,0.9757192880862092,25.0,0.0,hap1+IFNG_IFNGR1,hap1+IFNG,IFNGR1,False,True,0
hap1+IFNG_IFNGR2,0.036744475,0.035078928,1.04748,0.9911119,0.7606259,0.8085674341417559,0.33508032789721254,0.9930301072568795,0.9910870264543538,1.0019605551789705,2098,1207,0.7674826979637146,1.2866874933242798,0.5964794754981995,0.8161146640777588,0.9500145316123962,0.7607692307692308,0.916923076923077,0.9484629234811228,0.9392065562350354,1.0098555181335116,25.0,0.0,hap1+IFNG_IFNGR2,hap1+IFNG,IFNGR2,False,True,0
hap1+IFNG_IRF1,0.080425404,0.01643654,4.893086,0.975399,0.15812474,0.7764859535950484,0.20016488250589554,0.9808031998709191,0.9959178645029748,0.9848233823583445,1936,1358,1.7798885107040405,0.9030718803405762,1.9709267616271973,0.05840002000331879,0.010379140265285969,0.12461538461538461,0.2815384615384615,0.6412503277010977,0.887283611615802,0.722711790577692,17.0,8.0,hap1+IFNG_IRF1,hap1+IFNG,IRF1,False,True,0
hap1+IFNG_IRF2,0.076505594,0.05988704,1.2774984,0.9696647,0.423783,0.7479736187452694,0.4587712467552423,0.9752926624082604,0.9896017661700138,0.9855405434277539,2165,901,0.45688027143478394,0.5895304083824158,0.7749901413917542,0.6858174800872803,-0.01887970045208931,0.6015425424302343,0.16615384615384618,0.8906142520324062,0.9501483762634588,0.9373422870381827,20.0,5.0,hap1+IFNG_IRF2,hap1+IFNG,IRF2,False,True,0
hap1+IFNG_IRF5,0.08077832,0.0050313408,16.055029,0.9783741,0.12520498,0.7463310808453186,0.15358528852113415,0.9831095391823389,0.9987444261890452,0.9843454575597832,1908,1392,,,,,,,,,,,,,hap1+IFNG_IRF5,hap1+IFNG,IRF5,False,True,0
hap1+IFNG_IRF7,0.073928565,0.016936645,4.3650064,0.97530556,0.23566262,0.7675386807774366,0.2971108918926394,0.9803986933118914,0.9965240460121563,0.9838184008054853,2030,1141,,,,,,,,,,,,,hap1+IFNG_IRF7,hap1+IFNG,IRF7,False,True,0
hap1+IFNG_IRF9,0.072232455,0.03259419,2.2161145,0.97489905,0.40755945,0.7404885437535802,0.42357128827754315,0.9799216237675132,0.9936240365983964,0.9862096604689713,2179,935,0.1422947347164154,0.48261138796806335,0.29484328627586365,0.6383092403411865,0.6578971743583679,0.5928063198714314,0.20923076923076922,0.8235940262914465,0.9396379856954182,0.8765014173856663,23.0,2.0,hap1+IFNG_IRF9,hap1+IFNG,IRF9,False,True,0
hap1+IFNG_JAK1,0.04543433,0.020096412,2.260818,0.98800796,0.6903521,0.7901251951858104,0.3235981805716106,0.9906190462223894,0.9949821154955864,0.9956149269366276,2061,1222,0.7620043158531189,1.104443907737732,0.6899439096450806,0.5634663105010986,0.8325451016426086,0.5669230769230769,0.5792307692307693,0.8823183580042964,0.9661776671410627,0.9132050843351539,25.0,0.0,hap1+IFNG_JAK1,hap1+IFNG,JAK1,False,True,0
hap1+IFNG_JAK2,0.038820174,0.039433807,0.9844389,0.98887897,0.73262155,0.7921193014269607,0.3451398250084029,0.9911031219714521,0.990428736375489,1.000680902695161,2044,1151,0.9567611217498779,1.72648024559021,0.5541685819625854,0.7040782570838928,0.887963056564331,0.6646153846153847,0.6007692307692307,0.9435736916107298,0.9705606366486226,0.9721944780997099,25.0,0.0,hap1+IFNG_JAK2,hap1+IFNG,JAK2,False,True,0
hap1+IFNG_JUN,0.07499729,0.0076087313,9.856741,0.9778545,0.17676452,0.7541882196423128,0.2378357634071062,0.9826248895145828,0.9982147455304426,0.9843822623481929,1984,1244,,,,,,,,,,,,,hap1+IFNG_JUN,hap1+IFNG,JUN,False,True,0
hap1+IFNG_KIN,0.09793372,0.17598829,0.5564786,0.9534422,0.62027454,0.6895552923952601,0.6062508943219959,0.9614587081548654,0.9699158909740067,0.9912804987547442,2364,542,0.3691045641899109,1.5272860527038574,0.24167349934577942,0.3475077748298645,0.6144126653671265,0.32829782048625994,0.3161538461538462,0.7789716101050318,0.8758266599439476,0.8894129920124668,25.0,0.0,hap1+IFNG_KIN,hap1+IFNG,KIN,False,True,0
hap1+IFNG_KLF4,0.08408006,0.022056216,3.8120801,0.97470117,0.3892781,0.6988381210751027,0.42179846349531136,0.9798096105628048,0.9956791454617746,0.9840615975826129,2253,925,0.4248581528663635,0.4364548623561859,0.9734297394752502,0.7370478510856628,-0.040350690484046936,0.7,-0.3,0.9299992539695624,0.9610592886732684,0.9676814582931881,3.0,2.0,hap1+IFNG_KLF4,hap1+IFNG,KLF4,False,False,0
hap1+IFNG_MAFB,0.074194424,0.011380133,6.5196447,0.9774703,0.23999101,0.7612129421857601,0.288178901441177,0.9822053929932846,0.9974765156632694,0.9846902433990334,2031,1145,,,,,,,,,,,,,hap1+IFNG_MAFB,hap1+IFNG,MAFB,False,True,0
hap1+IFNG_MAFF,0.081149526,0.005726481,14.170924,0.978832,0.17655593,0.7510936363181084,0.18162415789443018,0.9834861225225493,0.9985664717974979,0.9848980015844085,1946,1332,,,,,,,,,,,,,hap1+IFNG_MAFF,hap1+IFNG,MAFF,False,True,0
hap1+IFNG_MCRS1,0.082469955,0.18508911,0.44556892,0.95713115,0.7035419,0.6745838809105515,0.6698133040573088,0.9645633182278266,0.9745666001685903,0.9897356610220038,2487,490,0.38195881247520447,1.1470706462860107,0.3329862952232361,0.5900718569755554,0.25450995564460754,0.4414044190243557,0.15000000000000002,0.8292879368363899,0.9117511302295926,0.909555150896893,23.0,2.0,hap1+IFNG_MCRS1,hap1+IFNG,MCRS1,False,True,0
hap1+IFNG_MYC,0.07680096,0.0065814285,11.669345,0.97792876,0.13619271,0.7666569587821082,0.18856064966046107,0.9827235433592567,0.998406342283056,0.9842921681687864,1931,1319,,,,,,,,,,,,,hap1+IFNG_MYC,hap1+IFNG,MYC,False,True,0
hap1+IFNG_NFKB1,0.07318147,0.052810766,1.3857301,0.9712691,0.45442566,0.7371174990121234,0.5001112966983584,0.97684263396213,0.9910715906542129,0.9856428568568995,2271,807,0.3630131781101227,0.6463285684585571,0.5616542100906372,0.7214548587799072,0.37934109568595886,0.4723076923076923,0.16384615384615386,0.9163052844850494,0.9663044020995218,0.948257384002559,21.0,4.0,hap1+IFNG_NFKB1,hap1+IFNG,NFKB1,False,True,0
hap1+IFNG_PARP12,0.10225942,0.008254157,12.388838,0.97642404,0.23850977,0.6967777790595139,0.29143876122754775,0.981296676205551,0.9980671192809225,0.9831970788823761,2108,1111,0.07656422257423401,2.4168412685394287,0.031679458916187286,,,,,,,,1.0,0.0,hap1+IFNG_PARP12,hap1+IFNG,PARP12,False,False,0
hap1+IFNG_PIK3CA,0.08314304,0.069602154,1.1945469,0.9666188,0.41295457,0.7464610365696939,0.4620177416585347,0.9726458833561787,0.9876646684249022,0.984793639431615,2193,861,0.23692485690116882,0.5085284113883972,0.4659028947353363,0.551042914390564,0.0559346079826355,0.4907692307692308,-0.039999999999999994,0.9006106313382936,0.9397248313569507,0.9583769644969615,22.0,3.0,hap1+IFNG_PIK3CA,hap1+IFNG,PIK3CA,False,True,0
hap1+IFNG_PLEK,0.07378317,0.012126861,6.0842757,0.9768168,0.27351332,0.7530952182007966,0.33884461812394856,0.9817588456476326,0.997538746235921,0.9841811652451279,2122,1112,0.4770987331867218,0.6611617803573608,0.7216066718101501,1.0,1.0,0.9999999999999999,0.9999999999999999,0.9787787864054842,0.9892607548377016,0.9894042411154408,1.0,1.0,hap1+IFNG_PLEK,hap1+IFNG,PLEK,False,True,0
hap1+IFNG_PPARG,0.081827,0.13233508,0.6183319,0.96119565,0.62642276,0.6898223487525839,0.6339258424303932,0.9682192438931181,0.980464562279031,0.9875106976253691,2446,568,0.4248002767562866,1.0224705934524536,0.4154645502567291,0.5006492137908936,0.01193345058709383,0.4776923076923077,-0.08307692307692309,0.8734108468295705,0.9598115163968728,0.9099816285892777,24.0,1.0,hap1+IFNG_PPARG,hap1+IFNG,PPARG,False,True,0
hap1+IFNG_PRDM1,0.07999368,0.005786052,13.825261,0.97824544,0.1228416,0.7655914680377578,0.16558660044354465,0.9830336062557833,0.9985555280861369,0.9844556247561882,1899,1369,0.004361938219517469,0.33933496475219727,0.012854373082518578,,,,,,,,1.0,0.0,hap1+IFNG_PRDM1,hap1+IFNG,PRDM1,False,True,0
hap1+IFNG_PTGES3,0.07703705,0.031875383,2.4168196,0.9742962,0.43317276,0.7156383295339409,0.4653557051611036,0.979453247561203,0.994029162389777,0.9853365319851064,2263,866,0.21685592830181122,0.3726928234100342,0.5818623900413513,0.48026224970817566,0.22473125159740448,0.5261538461538462,0.005384615384615384,0.836308150698592,0.9699631681888595,0.8622060900107871,20.0,5.0,hap1+IFNG_PTGES3,hap1+IFNG,PTGES3,False,True,0
hap1+IFNG_PTPN11,0.07667727,0.011203714,6.8439155,0.97646576,0.17527846,0.774180759089362,0.23943202966312346,0.9814197335398889,0.9974243641076813,0.9839540408839816,1971,1239,0.040593184530735016,1.0024664402008057,0.04049330949783325,1.0,1.0,0.9999999999999999,0.9999999999999999,0.9813669349174836,0.9815863401470799,0.9997764789294404,2.0,0.0,hap1+IFNG_PTPN11,hap1+IFNG,PTPN11,False,True,0
hap1+IFNG_RARRES3,0.0709358,0.054928016,1.291432,0.9718373,0.50488126,0.719681533722214,0.5201230033073341,0.977350953538216,0.9912699700724001,0.9859583998765064,2295,816,0.27505019307136536,0.6796507835388184,0.4046934247016907,0.5771270990371704,0.5402631759643555,0.5293325737463268,0.39076923076923076,0.8165318471821031,0.9323447554359952,0.8757831718592828,22.0,3.0,hap1+IFNG_RARRES3,hap1+IFNG,RARRES3,False,True,0
hap1+IFNG_RFX5,0.075676315,0.03363538,2.249902,0.9728352,0.32299685,0.7598069964619185,0.372454225552433,0.9781114928788718,0.9934597744815172,0.9845506763364872,2082,1025,0.21773596107959747,0.5418944358825684,0.4018051326274872,0.9043234586715698,0.7401482462882996,0.7653846153846153,0.3992307692307692,0.9310948467324738,0.9609252073231561,0.9689566260065332,21.0,4.0,hap1+IFNG_RFX5,hap1+IFNG,RFX5,False,True,0
hap1+IFNG_RNF14,0.07489844,0.01224564,6.116335,0.9765819,0.23075965,0.7687246205014339,0.2455303556361303,0.9814706045029672,0.997359347770647,0.9840691890007396,1973,1252,0.04461671784520149,1.152428150177002,0.03871539980173111,,,,,,,,1.0,0.0,hap1+IFNG_RNF14,hap1+IFNG,RNF14,False,False,0
hap1+IFNG_RUNX1,0.10311763,0.004172324,24.714674,0.97698116,0.13060972,0.6880990900700156,0.15820621363396714,0.9816706375580133,0.9989427562615293,0.9827096011305436,1944,1436,,,,,,,,,,,,,hap1+IFNG_RUNX1,hap1+IFNG,RUNX1,False,False,0
hap1+IFNG_SOX2,0.11207937,0.29819247,0.3758625,0.93776983,0.7259312,0.668631528526789,0.6822106033252315,0.9477771850285107,0.9506189119933413,0.9970106559747778,2291,372,0.7037012577056885,2.699877977371216,0.260641872882843,0.7264596819877625,0.5293447375297546,0.41836663637829513,0.41692307692307695,0.7443007000957654,0.5940826854690954,1.2528570825255678,24.0,1.0,hap1+IFNG_SOX2,hap1+IFNG,SOX2,False,True,0
hap1+IFNG_SP100,0.077004775,0.008387695,9.180684,0.9771236,0.14186907,0.7670336829811735,0.21369917329357438,0.9820305208397524,0.9980164815964944,0.9839822677766105,1985,1259,0.11716761440038681,2.350172996520996,0.04985488951206207,,,,,,,,1.0,0.0,hap1+IFNG_SP100,hap1+IFNG,SP100,False,True,0
hap1+IFNG_SP110,0.07276516,0.0400152,1.8184379,0.9728295,0.43415898,0.7228743866386866,0.45494566009403786,0.9782527511463421,0.9931749937710785,0.984975213111159,2240,889,0.3525733947753906,0.49997904896736145,0.7051763534545898,0.8469385504722595,0.015030883252620697,0.8769230769230769,0.09307692307692307,0.9216546243493792,0.9499058219250994,0.9702589489150979,21.0,4.0,hap1+IFNG_SP110,hap1+IFNG,SP110,False,True,0
hap1+IFNG_SRC,0.07544233,0.037167158,2.0298116,0.97221005,0.32382077,0.7579258963770971,0.38055061142462643,0.9774952012389878,0.9930032924798322,0.9843826386495498,2065,1049,0.4169618487358093,0.5153796672821045,0.8090382218360901,0.8465498685836792,0.4139980375766754,0.6878245943738607,0.35,0.8952021864454874,0.9308952995864935,0.9616572205737196,15.0,10.0,hap1+IFNG_SRC,hap1+IFNG,SRC,False,True,0
hap1+IFNG_STAT1,0.038295854,0.034774475,1.1012633,0.99146616,0.74530613,0.771845189743011,0.2912344792976838,0.9933593147284508,0.9911615253499606,1.002217387703497,2055,1303,0.5302457213401794,1.3640892505645752,0.38871777057647705,0.8208619356155396,0.9402104020118713,0.8076923076923078,0.8523076923076923,0.964983716925697,0.9368064634153038,1.0300779879417865,25.0,0.0,hap1+IFNG_STAT1,hap1+IFNG,STAT1,False,True,0
hap1+IFNG_STAT2,0.07539075,0.04288728,1.7578813,0.9714818,0.45120442,0.7262359562879561,0.46967420496378187,0.9771129770253725,0.9923747493093268,0.9846209586705262,2218,892,0.24182142317295074,0.7073670029640198,0.3418613374233246,0.837363064289093,0.5858416557312012,0.6546153846153845,0.5061538461538462,0.9331049847806812,0.9534574199248379,0.9786540702092799,22.0,3.0,hap1+IFNG_STAT2,hap1+IFNG,STAT2,False,True,0
hap1+IFNG_STAT3,0.07701751,0.006688517,11.514886,0.9783469,0.1700862,0.755207327580208,0.20806341463115144,0.9830460174661381,0.9983819619635751,0.9846392011457469,1944,1303,1.6962125301361084,0.8822590708732605,1.9225786924362183,,,,,,,,0.0,1.0,hap1+IFNG_STAT3,hap1+IFNG,STAT3,False,True,0
hap1+IFNG_TAPBPL,0.08266397,0.07124562,1.1602674,0.96750784,0.5469954,0.6765392284203854,0.5522637534320736,0.9736063008845017,0.9879865938433168,0.9854448501139322,2354,739,0.34939315915107727,0.6445503830909729,0.5420727133750916,0.7160812616348267,0.22224421799182892,0.5781881237941346,0.10153846153846155,0.9144744855648813,0.961005860652273,0.951580550137531,21.0,4.0,hap1+IFNG_TAPBPL,hap1+IFNG,TAPBPL,False,True,0
hap1+IFNG_TBX21,0.08194383,0.0083134705,9.856753,0.9769573,0.222018,0.7205707215552817,0.26131892471565116,0.9818358876096034,0.9980880953057643,0.9837166601098654,2053,1181,,,,,,,,,,,,,hap1+IFNG_TBX21,hap1+IFNG,TBX21,False,False,0
hap1+IFNG_TRAFD1,0.07198919,0.016054489,4.484054,0.97637415,0.28396085,0.7566313960782218,0.3211722581724999,0.981264432813675,0.9967780125478449,0.9844362741363888,2023,1150,0.1011919379234314,0.37203630805015564,0.27199479937553406,,,,,,,,1.0,0.0,hap1+IFNG_TRAFD1,hap1+IFNG,TRAFD1,False,True,0
hap1+IFNG_TSC22D1,0.08971289,0.0064981766,13.805856,0.97753286,0.18407172,0.7265070702116708,0.22298848037752583,0.9823214157690094,0.9984160927848482,0.9838797900673392,2032,1234,0.012652226723730564,0.39468759298324585,0.032056305557489395,,,,,,,,1.0,0.0,hap1+IFNG_TSC22D1,hap1+IFNG,TSC22D1,False,True,0
hap1+IFNG_ZC3H3,0.07348165,0.08021844,0.9160194,0.9683405,0.5258552,0.7300453109724874,0.535718211367853,0.9743824766308246,0.9882078690008057,0.9860096313704118,2329,766,0.3986890912055969,0.7331151366233826,0.5438287258148193,0.5702687501907349,0.46761655807495117,0.37615384615384617,0.21307692307692308,0.8110895882952034,0.8885278290149766,0.9128465781363073,20.0,5.0,hap1+IFNG_ZC3H3,hap1+IFNG,ZC3H3,False,True,0
hap1+IFNG_ZFP36,0.08019234,0.010705434,7.4908075,0.97737795,0.24964842,0.7366722927743476,0.28551095422526157,0.982152997364828,0.9975920669889958,0.984523664396443,2079,1128,,,,,,,,,,,,,hap1+IFNG_ZFP36,hap1+IFNG,ZFP36,False,True,0
hap1+IFNG_ZNF267,0.07040382,0.036435705,1.9322755,0.9747554,0.49291828,0.7142488377953644,0.5081088736874405,0.9798217116405653,0.9939835055766575,0.9857524859752314,2301,813,0.29671919345855713,0.37247100472450256,0.7966235876083374,0.4132516086101532,0.5750529170036316,0.5446153846153846,0.3661538461538461,0.7131408116627783,0.9304667536755815,0.7664334151066546,17.0,8.0,hap1+IFNG_ZNF267,hap1+IFNG,ZNF267,False,True,0
hap1+IFNG_ZNFX1,0.075584754,0.01472672,5.1324906,0.97707945,0.2700644,0.7575163354414587,0.3066505372058574,0.9818769917540585,0.9967211239546103,0.9851070356152823,2084,1127,0.7010387182235718,1.4378631114959717,0.48755595088005066,0.8879333138465881,0.11924141645431519,0.7999999999999999,0.19999999999999998,0.9656071175254988,0.9860021226075327,0.9793154551958789,3.0,1.0,hap1+IFNG_ZNFX1,hap1+IFNG,ZNFX1,False,True,0
hap1+INS_POLR2L,0.024946734,0.078682706,0.31705487,0.9905407,0.7748508,0.7173697743130649,0.7347398504533592,0.9922824755955713,0.9858748755679079,1.006499404931049,3133,695,0.03238273784518242,0.1975966840982437,0.1638830006122589,0.41528430581092834,0.5305134057998657,0.530251621071397,0.6292307692307691,0.6490602579071815,0.637855157098264,1.017566842070999,25.0,0.0,hap1+INS_POLR2L,hap1+INS,POLR2L,True,False,0
hap1+INS_SREBF2,0.007886885,0.0026148346,3.016208,0.99759424,0.1323092,0.8414098269554793,0.1867064040617886,0.998116019704416,0.9993331589729816,0.9987820485514396,2318,1770,0.0005429252050817013,0.011266212910413742,0.04819056764245033,,,,,,,,1.0,0.0,hap1+INS_SREBF2,hap1+INS,SREBF2,True,False,0
hap1+TGFB_RUNX1,0.014139417,0.0015364471,9.202671,0.99692225,0.21462026,0.8006058957959816,0.1529148596694537,0.9973519051744728,0.9996075545474794,0.9977434650601178,2208,1711,,,,,,,,,,,,,hap1+TGFB_RUNX1,hap1+TGFB,RUNX1,True,False,0
hap1+TGFB_SKP1,0.098639145,0.17942886,0.5497396,0.9760921,0.7490498,0.771719392693388,0.7380235724090091,0.9792269779567938,0.9705065770561268,1.0089854114406096,2903,610,0.24737024307250977,0.5410884022712708,0.45717158913612366,0.40169793367385864,0.5023698806762695,0.4388489870836503,0.40923076923076923,0.6668063347360111,0.6811018878815494,0.9790111385684129,25.0,0.0,hap1+TGFB_SKP1,hap1+TGFB,SKP1,True,False,0
hap1+TNFA_CASP3,0.008185332,0.013249736,0.6177732,0.99727076,0.60844076,0.8087082092157639,0.5342064213401542,0.9978460652940068,0.997099747364501,1.0007484887359348,2689,992,0.04343637451529503,0.15327495336532593,0.283388614654541,0.9389698505401611,0.7382087707519531,0.8730769230769231,0.6353846153846153,0.9492611607735142,0.9501530622869732,0.9990613075420584,24.0,1.0,hap1+TNFA_CASP3,hap1+TNFA,CASP3,True,False,0
hap1+TNFA_IKBKE,0.009787186,0.0031648309,3.092483,0.99727106,0.37000725,0.8085543001037322,0.32176220403221906,0.997761175857454,0.9992129797252453,0.998547052633173,2398,1323,0.026700716465711594,0.11887253820896149,0.22461636364459991,1.0,1.0,0.9999999999999999,0.9999999999999999,0.9691223317509909,0.9063291829380943,1.0692829382469369,2.0,0.0,hap1+TNFA_IKBKE,hap1+TNFA,IKBKE,True,False,0
hap1+TNFA_ITCH,0.007944614,0.009811502,0.8097245,0.99741054,0.48978752,0.8328118999427727,0.39945154667968924,0.9979289536769315,0.9977159242787176,1.0002135170874094,2405,1242,0.10059473663568497,0.1486702561378479,0.676629900932312,0.9865667819976807,-0.0003747185692191124,0.7161538461538461,0.04230769230769231,0.9771451266798704,0.9599656497933295,1.0178959287660339,23.0,2.0,hap1+TNFA_ITCH,hap1+TNFA,ITCH,True,False,0
hap1+TNFA_MAP2K3,0.0071570557,0.0023702935,3.0194807,0.9979819,0.2961188,0.8402054295845212,0.2686984559843718,0.998410805869232,0.9993976739581862,0.9990125371364478,2370,1415,,,,,,,,,,,,,hap1+TNFA_MAP2K3,hap1+TNFA,MAP2K3,True,False,0
hap1+TNFA_NFAT5,0.025008472,0.03470874,0.7205238,0.9935051,0.4991129,0.8238428815392554,0.4466960982499702,0.9942894203197576,0.9927930073674113,1.001507275878498,2374,1225,0.3070491850376129,0.37536755204200745,0.817996084690094,0.969149112701416,-0.3402425944805145,0.7310743195968578,-0.012307692307692308,0.9308936366432661,0.9022248987118294,1.0317756004876046,20.0,5.0,hap1+TNFA_NFAT5,hap1+TNFA,NFAT5,True,False,0
ht29+IFNB_PARP12,0.0065696724,0.0031623198,2.077485,0.9980256,0.38783863,0.7750954321848954,0.36115078908299997,0.9983991533494911,0.9992342682737833,0.9991642451116746,2441,1255,2.0954017639160156,2.2045910358428955,0.9504718780517578,,,,,,,,1.0,0.0,ht29+IFNB_PARP12,ht29+IFNB,PARP12,True,False,0
ht29+IFNG_FOXN3,0.0046145394,0.0016927548,2.726053,0.9986099,0.33268166,0.8248937521323472,0.31111273665547107,0.9988932688932155,0.9995689503548493,0.9993240271605136,2388,1379,,,,,,,,,,,,,ht29+IFNG_FOXN3,ht29+IFNG,FOXN3,True,False,0
ht29+IFNG_KLF4,0.008171902,0.0033684373,2.4260218,0.99790674,0.46958518,0.766230020540696,0.3924441294107012,0.9982469400677774,0.9991845838113632,0.999061591062575,2471,1201,0.0058965967036783695,0.03687853366136551,0.15989238023757935,0.8393667340278625,0.7311439514160156,0.7272727272727272,0.37549407114624506,0.9289933123849982,0.9683885785270899,0.9593187414477651,23.0,0.0,ht29+IFNG_KLF4,ht29+IFNG,KLF4,True,False,0
ht29+IFNG_RUNX1,0.007844838,0.001202485,6.5238557,0.9979023,0.21593349,0.7900393540318269,0.19326525334490602,0.998221321325211,0.9996906266567538,0.9985302399638811,2244,1582,,,,,,,,,,,,,ht29+IFNG_RUNX1,ht29+IFNG,RUNX1,True,False,0
ht29+TGFB_PRKCA,0.004895051,0.0017563713,2.787025,0.9985273,0.33488452,0.8234030788675311,0.32167251233267824,0.9988120547523691,0.9995583947899633,0.9992533302291448,2389,1342,,,,,,,,,,,,,ht29+TGFB_PRKCA,ht29+TGFB,PRKCA,True,False,0
ht29+TGFB_RUNX1,0.0073514045,0.0012552034,5.856744,0.99812436,0.2260477,0.7976153454185647,0.2112850985528309,0.9983802985064459,0.9996827654900446,0.9986971196978071,2247,1632,,,,,,,,,,,,,ht29+TGFB_RUNX1,ht29+TGFB,RUNX1,True,False,0
ht29+TGFB_SMAD1,0.004950533,0.0032243035,1.5353806,0.99840325,0.40295997,0.8249756276467992,0.35405071955106093,0.998742204577832,0.9992102957968331,0.9995315388352481,2433,1217,0.023000914603471756,0.06774556636810303,0.33951911330223083,1.0,1.0,0.9999999999999999,0.9999999999999999,0.9991369972580803,0.9999783319497815,0.9991586470778214,2.0,0.0,ht29+TGFB_SMAD1,ht29+TGFB,SMAD1,True,False,0
ht29+TNFA_CASP3,0.003745921,0.0026468704,1.4152265,0.9987982,0.30904478,0.8375586597024541,0.3221148302962964,0.9990574567367452,0.999360467809227,0.9996967950181719,2509,1452,0.008681772276759148,0.020161375403404236,0.43061408400535583,0.8571513295173645,0.2284770905971527,0.6412626996377252,0.18461538461538463,0.9475286096343233,0.9551434461300526,0.9920275467244398,24.0,1.0,ht29+TNFA_CASP3,ht29+TNFA,CASP3,True,False,0
ht29+TNFA_ITCH,0.0054103853,0.0039243307,1.3786772,0.99842066,0.19777165,0.839837842762798,0.2320838457331826,0.9987265761882432,0.99907000471753,0.9996562517864963,2289,1651,0.016713399440050125,0.026782579720020294,0.6240399479866028,0.7320946455001831,0.4350248873233795,0.7582097832867222,0.35846153846153844,0.9039949795771879,0.8951053322710338,1.0099313979993836,19.0,6.0,ht29+TNFA_ITCH,ht29+TNFA,ITCH,True,False,0
ht29+TNFA_MAP2K3,0.0040897257,0.0030084485,1.3594135,0.99867296,0.22371063,0.8612824636231141,0.2965218342665713,0.9989643801821299,0.9992375134339619,0.9997266583288157,2504,1550,0.03984367474913597,0.07160636782646179,0.5564264059066772,0.9976245760917664,0.9277066588401794,0.6833333333333333,0.7166666666666667,0.9965401483356342,0.9931305974289762,1.003433134489547,9.0,0.0,ht29+TNFA_MAP2K3,ht29+TNFA,MAP2K3,True,False,0
k562+IFNG_KLF4,0.01808535,0.020219505,0.89445066,0.9954585,0.6814873,0.7476718486053526,0.6058276254779876,0.9962590336932253,0.9949609497738677,1.0013046581573404,2665,718,0.031582385301589966,0.28652775287628174,0.11022452265024185,0.9145373702049255,0.6803576350212097,0.9215384615384615,0.6915384615384614,0.9727551578866247,0.9636354117358632,1.0094638968635798,25.0,0.0,k562+IFNG_KLF4,k562+IFNG,KLF4,True,False,0
k562+IFNG_PARP12,0.028282093,0.005953952,4.750138,0.99398375,0.18609774,0.7722611704794645,0.1864629928863482,0.9948686567042658,0.998266795006898,0.9965959618013652,2165,1413,0.8210969567298889,0.843485951423645,0.9734565615653992,0.8225706219673157,0.7725776433944702,0.7999999999999999,0.7999999999999999,0.7962072266331438,0.8195531203789834,0.9715138736400103,1.0,3.0,k562+IFNG_PARP12,k562+IFNG,PARP12,True,False,0
k562+IFNG_RNF14,0.007902257,0.007943409,0.9948194,0.9971305,0.49455285,0.8338459244991836,0.4134595215084276,0.997653101068838,0.9978261459465011,0.9998265781284985,2278,1167,,,,,,,,,,,,,k562+IFNG_RNF14,k562+IFNG,RNF14,True,False,0
k562+INS_IRS2,0.0070851943,0.0039397683,1.7983785,0.99733233,0.37776083,0.8817554114915975,0.31382553351261117,0.9979440479475267,0.998866636629038,0.9990763645038493,2591,1647,0.16195359826087952,0.25642985105514526,0.6315707564353943,0.6435295939445496,0.748704195022583,0.8999999999999998,0.49999999999999994,0.7963007818301207,0.6655153738003322,1.196517485813974,5.0,0.0,k562+INS_IRS2,k562+INS,IRS2,True,False,0
k562+INS_POLR2L,0.020762227,0.017363755,1.1957222,0.9943018,0.57491684,0.7693718649898579,0.48375517278901414,0.9953199199892243,0.9953212592849058,0.9999986544086454,2772,1146,0.060128819197416306,0.22077780961990356,0.27234992384910583,0.7030372619628906,0.6519709825515747,0.5807692307692308,0.5984615384615385,0.7467101804583978,0.6037852230992871,1.2367148977668967,24.0,1.0,k562+INS_POLR2L,k562+INS,POLR2L,True,False,0
k562+INS_SREBF2,0.00665603,0.00413712,1.6088558,0.9975569,0.41253918,0.8812788154871469,0.31983018754599923,0.9981136072473702,0.998788984279278,0.999323804084208,2591,1559,0.024188250303268433,0.11481416970491409,0.2106730341911316,0.6234318017959595,0.9799113273620605,0.6,0.8857142857142858,0.9012719498210059,0.7398868526188994,1.2181213203490084,6.0,0.0,k562+INS_SREBF2,k562+INS,SREBF2,True,False,0
k562+TGFB_RUNX1,0.04010111,0.004751577,8.439537,0.99237585,0.10996356,0.7518199213344899,0.1123696479895944,0.993217932617918,0.9985892254199518,0.9946211188091131,1907,1484,,,,,,,,,,,,,k562+TGFB_RUNX1,k562+TGFB,RUNX1,True,False,0
k562+TGFB_SKP1,0.03647345,0.13376443,0.27266926,0.98479116,0.8564186,0.749359195077186,0.7871829572727423,0.9869650871087801,0.9743187780208188,1.012979642159469,2733,326,0.3593260943889618,1.1638243198394775,0.30874598026275635,0.8052217364311218,0.6600818037986755,0.6378149762146874,0.6807692307692308,0.9224517904816886,0.9172033648202012,1.005722204979608,25.0,0.0,k562+TGFB_SKP1,k562+TGFB,SKP1,True,False,0
k562+TGFB_SMAD1,0.017328592,0.0087114535,1.9891734,0.9954313,0.5208781,0.7875444262773217,0.43231530168179555,0.9962655316122625,0.9975319245650061,0.9987304737607312,2312,916,,,,,,,,,,,,,k562+TGFB_SMAD1,k562+TGFB,SMAD1,True,False,0
k562+TNFA_CASP3,0.006367954,0.006487861,0.98151827,0.9975696,0.411511,0.8476532249098665,0.3778675672962819,0.9980867390322957,0.9982581586575806,0.9998282812679283,2550,1320,0.01833781972527504,0.04854019731283188,0.377786248922348,0.8885620832443237,0.5766693353652954,0.9016366062525949,0.5430769230769231,0.9575296656151091,0.9645546137080732,0.9927168995999534,25.0,0.0,k562+TNFA_CASP3,k562+TNFA,CASP3,True,False,0
k562+TNFA_IKBKE,0.010879055,0.0027366776,3.9752781,0.99700296,0.1438898,0.8421265808262391,0.2272319265171347,0.9975673459468402,0.9992119841767112,0.9983540647471055,2447,1486,,,,,,,,,,,,,k562+TNFA_IKBKE,k562+TNFA,IKBKE,True,False,0
k562+TNFA_ITCH,0.010493171,0.013409773,0.7825018,0.9961338,0.4052346,0.8537281822659283,0.41136938050810873,0.9967861469047706,0.9965928223810141,1.000193985466697,2571,1280,0.08924265205860138,0.11973389983177185,0.7453415393829346,0.9909664392471313,0.041569292545318604,0.6784615384615386,-0.01923076923076923,0.9673221378632744,0.9524062988640213,1.0156612141446817,22.0,3.0,k562+TNFA_ITCH,k562+TNFA,ITCH,True,False,0
mcf7+IFNB_PARP12,0.006831862,0.0031266115,2.185069,0.9983218,0.43709934,0.7879489268188248,0.3469314378045753,0.9986080855076735,0.9991916858360304,0.9994159275576152,2577,1481,0.15736308693885803,0.2730662226676941,0.5762817859649658,0.9984447360038757,-0.062144290655851364,0.6,-0.09999999999999999,0.9988793749894361,0.9897022658650384,1.0092725958512145,5.0,0.0,mcf7+IFNB_PARP12,mcf7+IFNB,PARP12,True,False,0
mcf7+IFNG_KLF4,0.008658487,0.006275579,1.3797114,0.9976909,0.51910233,0.765291934129549,0.42841452026357774,0.9981081788725589,0.9984509789471842,0.9996566680970289,2442,1063,0.033682193607091904,0.28866758942604065,0.11668159067630768,0.99559086561203,0.9119449853897095,1.0,1.0,0.9968077948923397,0.9832673033624215,1.0137709160912953,3.0,0.0,mcf7+IFNG_KLF4,mcf7+IFNG,KLF4,True,False,0
mcf7+IFNG_TBX21,0.0058397707,0.0027173264,2.149087,0.99809957,0.34336835,0.8035013651264042,0.30741317410229996,0.998468362693247,0.9992904050034406,0.9991773739584834,2285,1304,,,,,,,,,,,,,mcf7+IFNG_TBX21,mcf7+IFNG,TBX21,True,False,0
mcf7+INS_DR1,0.011899069,0.014215874,0.83702695,0.99586374,0.40626007,0.8231971870065304,0.3454941207947404,0.9966935288729943,0.9963003000841949,1.0003946890197326,2417,1373,0.2648382782936096,0.5097771286964417,0.5195177793502808,0.8704779148101807,0.4774078130722046,0.9184615384615386,0.713076923076923,0.9191382111611067,0.909262497574141,1.0108612349165544,23.0,2.0,mcf7+INS_DR1,mcf7+INS,DR1,True,False,0
mcf7+INS_IRS2,0.00609726,0.0030483366,2.0001924,0.99793786,0.23871452,0.8460733454420132,0.24359490208709522,0.9983653639004759,0.9991827425538584,0.9991819527914451,2465,1646,0.11026153713464737,0.2770856022834778,0.39793312549591064,0.9981564283370972,0.8884131908416748,0.5,1.0,0.9982639204142358,0.9970596448280821,1.0012078270265983,2.0,1.0,mcf7+INS_IRS2,mcf7+INS,IRS2,True,False,0
mcf7+TGFB_PRKCA,0.014090677,0.0050308704,2.8008428,0.9967943,0.37745893,0.7562186174696723,0.2807635756114175,0.9973630537380205,0.9986127157868078,0.998748601906393,2053,1127,,,,,,,,,,,,,mcf7+TGFB_PRKCA,mcf7+TGFB,PRKCA,True,False,0
mcf7+TGFB_SMAD1,0.008603596,0.010781303,0.79801077,0.9969609,0.57935244,0.7735520251290712,0.49930218274369653,0.9975541365156524,0.997251287861461,1.0003036833924184,2264,754,,,,,,,,,,,,,mcf7+TGFB_SMAD1,mcf7+TGFB,SMAD1,True,False,0
mcf7+TNFA_IKBKE,0.012916588,0.00469825,2.749234,0.99621844,0.04729432,0.8094940675004789,0.18920566349716395,0.9968861909903576,0.9987460232583691,0.9981378326174016,2331,1553,0.009960636496543884,0.024599408730864525,0.40491366386413574,0.8170694708824158,-0.2249804586172104,0.7142857142857144,-0.39285714285714296,0.9557960442694762,0.952834719553977,1.0031079101702816,7.0,0.0,mcf7+TNFA_IKBKE,mcf7+TNFA,IKBKE,True,False,0
mcf7+TNFA_ITCH,0.010358023,0.013527597,0.76569575,0.9969425,0.46996522,0.8426264125005657,0.35509281617674127,0.997462411713011,0.9966490743249674,1.0008160719846095,2371,1407,0.10640954971313477,0.21284650266170502,0.4999356269836426,0.9396592378616333,0.47150349617004395,0.8567032280036844,0.4938461538461539,0.9422262461641093,0.8969120294966053,1.0505224762042011,25.0,0.0,mcf7+TNFA_ITCH,mcf7+TNFA,ITCH,True,False,0
mcf7+TNFA_MAP2K3,0.006028499,0.0029336796,2.0549276,0.99797976,0.17430373,0.8599386006060453,0.28967430714912407,0.9984058433299616,0.9992183382434717,0.9991868694934699,2429,1489,0.0058693732134997845,0.02110452391207218,0.27810972929000854,1.0,-1.0,0.9999999999999999,-0.9999999999999999,0.9406335401242758,0.8444024995387265,1.1139634719675957,2.0,0.0,mcf7+TNFA_MAP2K3,mcf7+TNFA,MAP2K3,True,False,0
a549+IFNB_BRD9,0.011321336,0.0054325303,2.0839894,0.99722314,0.48318782,0.784917005536516,0.4133323952941029,0.9978286805388379,0.9988308089865716,0.9989966985011701,2396,1061,,,,,,,,,,,,,a549+IFNB_BRD9,a549+IFNB,BRD9,True,False,1
a549+IFNB_IRF3,0.013233326,0.026077613,0.5074593,0.9962336,0.6465448,0.8111181676536591,0.6163379223004817,0.9969127480789751,0.9951162130243458,1.0018053520092587,2593,722,0.10335401445627213,0.2750784754753113,0.37572556734085083,0.9468703866004944,0.3499046862125397,0.8569230769230769,0.3238461538461538,0.9792302575133539,0.9681985316726724,1.0113940741281882,25.0,0.0,a549+IFNB_IRF3,a549+IFNB,IRF3,True,False,1
a549+IFNB_TRIM21,0.02154464,0.04670505,0.4612915,0.99406946,0.6995785,0.8112065782532343,0.6937069905930623,0.9949737087017815,0.9920250054337085,1.0029724082073757,2685,603,0.1565326750278473,0.3881382346153259,0.4032910466194153,0.9192074537277222,0.6349406242370605,0.9040200205696715,0.42230769230769233,0.958259551992918,0.947435954044415,1.0114240945810629,25.0,0.0,a549+IFNB_TRIM21,a549+IFNB,TRIM21,True,False,1
a549+INS_EIF2B1,0.011844501,0.0037246018,3.1800718,0.9965427,0.3269417,0.7856690944112379,0.26994258547479155,0.9972472533501092,0.9991627822949286,0.99808286599665,2204,1297,,,,,,,,,,,,,a549+INS_EIF2B1,a549+INS,EIF2B1,True,False,1
a549+INS_FOXM1,0.009833362,0.0063599506,1.546138,0.9971847,0.33533058,0.8216657035106226,0.29659232474030156,0.9977375307845838,0.998664580405368,0.9990717107235265,2069,1360,0.06267804652452469,0.19776597619056702,0.3169303834438324,1.0,-1.0,0.9999999999999999,-0.9999999999999999,0.9996842645000855,0.9936534048156449,1.006069379579653,2.0,0.0,a549+INS_FOXM1,a549+INS,FOXM1,True,False,1
a549+INS_GRB10,0.02392813,0.0038326622,6.2432137,0.9956087,0.37926862,0.7324785152271098,0.3239974181447465,0.9963483315436903,0.9991493712613803,0.9971965756089565,2266,1262,,,,,,,,,,,,,a549+INS_GRB10,a549+INS,GRB10,True,False,1
a549+INS_RPS6KB1,0.009953391,0.0039480943,2.5210621,0.9972208,0.34010983,0.8084117380882556,0.29073565333475576,0.997854804285362,0.999111937148879,0.9987417497311618,2174,1344,,,,,,,,,,,,,a549+INS_RPS6KB1,a549+INS,RPS6KB1,True,False,1
a549+INS_SHC1,0.022417355,0.011634977,1.9267211,0.99636185,0.14031984,0.8228057160591041,0.13814054507509155,0.9969573895869792,0.9976558382381912,0.9992999102251079,1751,1631,0.11087003350257874,0.12360753864049911,0.8969520330429077,0.7660233974456787,-0.37729108333587646,0.6276923076923077,-0.3807692307692308,0.9387896425280778,0.9607114674800169,0.9771816766073993,20.0,5.0,a549+INS_SHC1,a549+INS,SHC1,True,False,1
a549+INS_SRF,0.013783445,0.020266272,0.6801174,0.9959357,0.5351711,0.8106626731735473,0.4744261780892883,0.9967414558177428,0.9961684958590536,1.0005751637007905,2361,981,0.09967094659805298,0.2280435711145401,0.43706974387168884,0.8884825110435486,0.24034665524959564,0.7823076923076924,0.25153846153846154,0.9391226584795077,0.9340968447102705,1.005380399042881,23.0,2.0,a549+INS_SRF,a549+INS,SRF,True,False,1
a549+TGFB_RPS6KB1,0.0071458085,0.002501941,2.8561058,0.9978534,0.3093484,0.8163540392661808,0.29605188381790565,0.9983347923530124,0.9994290529744525,0.9989051142568015,2299,1366,,,,,,,,,,,,,a549+TGFB_RPS6KB1,a549+TGFB,RPS6KB1,True,False,1
a549+TNFA_CREB1,0.010714474,0.005075445,2.1110413,0.9968492,0.27683932,0.7881910421140214,0.27203383725743996,0.9975620834400628,0.9988414646111422,0.9987191349013755,2233,1398,0.011221968568861485,0.03213321790099144,0.34923264384269714,0.5515790581703186,-0.5577213168144226,0.5,-0.5,0.9510336022029678,0.9944329275860196,0.9563577148552357,3.0,0.0,a549+TNFA_CREB1,a549+TNFA,CREB1,True,False,1
a549+TNFA_MAP3K14,0.008356865,0.005012167,1.6673156,0.9975876,0.25842327,0.8242319425536212,0.26580449279023444,0.9981354539359527,0.9988628165683427,0.9992718092811894,2155,1407,0.01641560159623623,0.056698236614465714,0.2895257771015167,0.9334380626678467,0.6126337647438049,0.48571428571428577,0.5428571428571429,0.9503072260224825,0.9469814374587917,1.0035119891817685,6.0,0.0,a549+TNFA_MAP3K14,a549+TNFA,MAP3K14,True,False,1
a549+TNFA_TNFRSF1A,0.06622278,0.06463382,1.024584,0.98167634,0.12769489,0.8201739221407308,0.21812555225517696,0.9854820950846066,0.985714644051603,0.9997640808438834,1956,1535,2.29276180267334,2.203436851501465,1.0405389070510864,0.3793332576751709,-0.19150622189044952,0.3676923076923077,-0.1815384615384615,0.8792599808594685,0.8805000262284385,0.998591657771685,9.0,16.0,a549+TNFA_TNFRSF1A,a549+TNFA,TNFRSF1A,True,False,1
a549+TNFA_TRAF3,0.010447961,0.007858148,1.3295704,0.99699014,0.25153887,0.8354878454220448,0.28345418375203435,0.9976603366584705,0.9981898215127628,0.9994695549454814,2157,1460,0.181776225566864,0.243491992354393,0.7465388178825378,0.8351343870162964,0.6200041174888611,0.8714285714285712,0.6785714285714285,0.8938866610319965,0.8242806413534824,1.0844445643709646,12.0,3.0,a549+TNFA_TRAF3,a549+TNFA,TRAF3,True,False,1
bxpc3+IFNB_BRD9,0.009514868,0.0054656216,1.7408575,0.9974606,0.29488063,0.86518295200444,0.2555421190564548,0.9980505607467643,0.9987694095207131,0.9992802655276619,2542,1595,0.28748539090156555,0.3901720643043518,0.736816942691803,0.5707941055297852,0.6341533660888672,0.3758241758241759,0.7406593406593407,0.7263239486974956,0.43396528258353406,1.6736913708245438,11.0,3.0,bxpc3+IFNB_BRD9,bxpc3+IFNB,BRD9,True,False,1
bxpc3+IFNB_IRF3,0.08581659,0.10202441,0.8411378,0.98445994,0.40284678,0.8458734860184609,0.366962334858977,0.9866116943163477,0.9836794063352663,1.0029809386698516,2534,1355,0.17535275220870972,0.32625091075897217,0.5374782085418701,0.4225863218307495,0.7931346893310547,0.45987600332583617,0.5023076923076923,0.7564501939286489,0.6977719196890965,1.0840937741743712,22.0,3.0,bxpc3+IFNB_IRF3,bxpc3+IFNB,IRF3,True,False,1
bxpc3+IFNB_MAP3K14,0.0072234618,0.004111392,1.7569382,0.9981252,0.28692967,0.8825224646870706,0.2550506036105896,0.99860248723719,0.9990610693159586,0.9995409869397848,2518,1637,0.006932613905519247,0.2670261859893799,0.02596230059862137,0.8169480562210083,0.9959355592727661,0.7857142857142858,0.9523809523809524,0.970663334096672,0.6790731494786292,1.4293943661915016,8.0,0.0,bxpc3+IFNB_MAP3K14,bxpc3+IFNB,MAP3K14,True,False,1
bxpc3+IFNB_STAT5A,0.008109576,0.002070215,3.9172626,0.99846566,0.34978828,0.8742505925418051,0.254112386846755,0.9988065462671777,0.999525607945132,0.9992805970429987,2515,1763,0.0022930875420570374,0.657759964466095,0.0034862072207033634,0.9925693273544312,0.9990290403366089,1.0,1.0,0.9960485300927837,0.5672662420290164,1.7558748543366247,3.0,0.0,bxpc3+IFNB_STAT5A,bxpc3+IFNB,STAT5A,True,False,1
bxpc3+IFNB_TRIM21,0.077509396,0.08290018,0.9349726,0.98727167,0.23274034,0.8454137035416631,0.2059942157809362,0.9892270704979496,0.987457556156293,1.0017919902791006,2295,1632,0.18682222068309784,0.3128907084465027,0.5970845818519592,0.7291660308837891,0.7492449283599854,0.5894603196409495,0.42538461538461536,0.8071882856993586,0.7082009135617936,1.1397730082551325,22.0,3.0,bxpc3+IFNB_TRIM21,bxpc3+IFNB,TRIM21,True,False,1
bxpc3+INS_FOXM1,0.0152405,0.0111783445,1.3633951,0.99526584,0.18898028,0.8714208022396823,0.09008897231737464,0.9963469662648896,0.9973610789765494,0.9989832040441157,2288,2022,0.29873278737068176,0.46030932664871216,0.6489827036857605,0.7139435410499573,0.4251992404460907,0.733076923076923,0.4123076923076923,0.8515567463972824,0.8439475906803888,1.0090161472121262,18.0,7.0,bxpc3+INS_FOXM1,bxpc3+INS,FOXM1,True,False,1
bxpc3+INS_GRB10,0.02691104,0.004580601,5.875002,0.9956583,0.2097195,0.7966956994646462,0.12090712631276028,0.9963744511341813,0.9989097328907921,0.9974619510921434,2480,1989,0.7704189419746399,0.935441792011261,0.8235883116722107,0.6939849853515625,0.39549320936203003,0.7714285714285715,0.6,0.8232386742984276,0.8192650073278916,1.004850282796157,5.0,1.0,bxpc3+INS_GRB10,bxpc3+INS,GRB10,True,False,1
bxpc3+INS_RPS6KB1,0.008429501,0.0029952289,2.8143096,0.99743414,0.3097492,0.8628754594787048,0.23134844393630455,0.9980303763003191,0.9992869563195513,0.9987425233449856,2558,1841,0.07877320796251297,0.07201408594846725,1.0938583612442017,0.9850722551345825,0.358478307723999,0.6,0.19999999999999998,0.9881451119014493,0.9531250143469371,1.0367423968811764,4.0,1.0,bxpc3+INS_RPS6KB1,bxpc3+INS,RPS6KB1,True,False,1
bxpc3+INS_SHC1,0.011544048,0.006200818,1.8616977,0.9965767,0.20494667,0.8663447937046387,0.13119303822874276,0.9974160344566769,0.9985233124422712,0.9988910844926735,2361,1979,0.15255208313465118,0.16501790285110474,0.9244577884674072,0.7044124007225037,0.2823013663291931,0.823076923076923,0.3492307692307692,0.7786461417438317,0.758638176146663,1.026373528549268,16.0,9.0,bxpc3+INS_SHC1,bxpc3+INS,SHC1,True,False,1
bxpc3+TNFA_CREB1,0.014780018,0.004950891,2.9853249,0.99693435,0.28225195,0.8178191640124132,0.2736901508229025,0.9975476771654961,0.9987989227856787,0.9987472497300128,2475,1441,0.11087401956319809,0.3458355665206909,0.32059749960899353,0.988977313041687,0.9697025418281555,0.7999999999999999,0.7999999999999999,0.9939794295411407,0.9949948885823583,0.9989794329067716,4.0,0.0,bxpc3+TNFA_CREB1,bxpc3+TNFA,CREB1,True,False,1
bxpc3+TNFA_MAP3K14,0.0064440705,0.0029150068,2.2106535,0.9980884,0.34806794,0.8544845802781065,0.29994114816599654,0.9985361462840575,0.999289507229769,0.9992461034162163,2452,1508,0.1408136636018753,0.3205103874206543,0.4393419623374939,0.7098298668861389,0.9599695205688477,1.0,1.0,0.8813613266034724,0.8466418265751491,1.041008486633328,3.0,0.0,bxpc3+TNFA_MAP3K14,bxpc3+TNFA,MAP3K14,True,False,1
bxpc3+TNFA_TNFRSF1A,0.13677037,0.1511702,0.90474427,0.97504103,0.34125113,0.8210854990315256,0.28788574283235147,0.9783176434666578,0.975587228079633,1.002798740398026,2102,1659,0.3598865270614624,0.524260938167572,0.6864644885063171,0.6245516538619995,0.6702894568443298,0.5705169229869225,0.45230769230769236,0.7722514589788468,0.7909234634413246,0.9763921475015604,22.0,3.0,bxpc3+TNFA_TNFRSF1A,bxpc3+TNFA,TNFRSF1A,True,False,1
hap1+IFNB_BRD9,0.0063626245,0.0027590063,2.306129,0.9983858,0.3460781,0.8336622061294315,0.32587185691104303,0.9987350766378891,0.9993379616314714,0.9993967156090038,2554,1345,,,,,,,,,,,,,hap1+IFNB_BRD9,hap1+IFNB,BRD9,True,False,1
hap1+INS_EIF2B1,0.014663246,0.010045725,1.4596504,0.99690664,0.5226708,0.7856047069217672,0.46226276157944823,0.9975357849255565,0.9976691344642048,0.9998663389153359,2775,1148,0.019446860998868942,0.08514369279146194,0.22840048372745514,0.8902736306190491,0.773177444934845,0.49653594389715827,0.2815384615384615,0.9175378710637639,0.9227873101865285,0.9943113228099079,25.0,0.0,hap1+INS_EIF2B1,hap1+INS,EIF2B1,True,False,1
hap1+INS_RPS6KB1,0.01270751,0.006057129,2.0979428,0.9972924,0.43495816,0.8156396524944536,0.4163292813090052,0.9978735937729916,0.9985939441134366,0.9992786353805855,2647,1297,0.011346865445375443,0.047016702592372894,0.2413368970155716,0.8547151684761047,0.6598365306854248,0.37314868934152395,0.10846153846153846,0.919878474756606,0.9623155338817647,0.9559010972690245,25.0,0.0,hap1+INS_RPS6KB1,hap1+INS,RPS6KB1,True,False,1
hap1+INS_SHC1,0.009822623,0.0032769875,2.9974551,0.99743944,0.26151943,0.841699943236555,0.2550131785782581,0.9980037382939397,0.9992071406823165,0.9987956427257365,2421,1551,0.018788836896419525,0.019824068993330002,0.9477790594100952,0.7124173641204834,0.07995620369911194,0.6202385992006738,0.36,0.869735404673552,0.9675801206862057,0.8988768847966178,23.0,2.0,hap1+INS_SHC1,hap1+INS,SHC1,True,False,1
hap1+INS_SRF,0.0125850085,0.017460577,0.720767,0.9961628,0.5466688,0.8060655706250054,0.5520788983974114,0.996905913144359,0.9962323153382842,1.0006761453083823,2825,1085,0.04071824252605438,0.07560025155544281,0.5385993123054504,-0.01892232894897461,-0.1661604940891266,0.1316397618704094,-0.2569230769230769,0.7058728417135564,0.8894167777099552,0.7936356266305404,24.0,1.0,hap1+INS_SRF,hap1+INS,SRF,True,False,1
hap1+TNFA_CREB1,0.0211545,0.0055664117,3.8003838,0.99648553,0.25154468,0.8091720010807666,0.28716490171471004,0.9971790536710261,0.9985877244798279,0.9985893369463003,2362,1346,0.056234199553728104,0.06275758892297745,0.8960541486740112,0.8325558304786682,-0.3242296874523163,0.5154435541591746,0.06818181818181818,0.8185986243565876,0.751999148456103,1.0885632331329325,21.0,2.0,hap1+TNFA_CREB1,hap1+TNFA,CREB1,True,False,1
hap1+TNFA_MAP3K14,0.0067829727,0.004442087,1.5269789,0.9978044,0.35255098,0.8561054021990994,0.2897349300172997,0.9982576311028444,0.9989179338715893,0.9993389819660302,2225,1471,0.03761537745594978,0.12904508411884308,0.29149019718170166,0.9410750865936279,0.8528439402580261,0.6,0.8999999999999998,0.9649086833205488,0.9743613095042807,0.9902986437458801,5.0,0.0,hap1+TNFA_MAP3K14,hap1+TNFA,MAP3K14,True,False,1
hap1+TNFA_TNFRSF1A,0.022583552,0.024721386,0.9135229,0.99437684,0.35869032,0.83750220137119,0.24452600059430477,0.9950057767016894,0.9947430736953348,1.000264091314935,1951,1643,0.19912828505039215,0.30993741750717163,0.6424790024757385,0.96319580078125,0.7687311172485352,0.8552735405732446,0.3538461538461538,0.9211224383601466,0.9279024838596702,0.9926931486686816,17.0,8.0,hap1+TNFA_TNFRSF1A,hap1+TNFA,TNFRSF1A,True,False,1
ht29+IFNB_ADAR,0.027440522,0.017638635,1.5557055,0.9911934,0.23130633,0.7926514415266369,0.2156683310907859,0.9928415962175035,0.996206546424055,0.9966222364040567,2081,1467,0.1222214624285698,0.1262892335653305,0.9677900671958923,0.8153881430625916,-0.05517029017210007,0.7926796987693735,0.10461538461538461,0.9285391480598812,0.9134002357316141,1.0165742373781426,17.0,8.0,ht29+IFNB_ADAR,ht29+IFNB,ADAR,False,True,1
ht29+IFNB_AKT1,0.019522224,0.0023880259,8.175047,0.99381524,0.14459357,0.8333953104257976,0.1222912882889697,0.995106727404329,0.999412172006873,0.9956920230480099,1986,1701,,,,,,,,,,,,,ht29+IFNB_AKT1,ht29+IFNB,AKT1,False,True,1
ht29+IFNB_BATF2,0.020564286,0.0031552217,6.517541,0.9936185,0.14770538,0.8331181685275094,0.125258848620419,0.9948957655479831,0.9992327073547573,0.9956597279343915,1938,1727,0.04494219645857811,0.059467863291502,0.7557392120361328,,,,,,,,1.0,0.0,ht29+IFNB_BATF2,ht29+IFNB,BATF2,False,True,1
ht29+IFNB_BRD9,0.0194444,0.0027527635,7.063593,0.99365824,0.19437197,0.8086658481456166,0.17743739997086164,0.9950393145221729,0.9993466828811721,0.9956898157238279,2091,1574,,,,,,,,,,,,,ht29+IFNB_BRD9,ht29+IFNB,BRD9,False,False,1
ht29+IFNB_CEBPB,0.026567522,0.009162795,2.8995,0.9917382,0.07050958,0.8233950295060862,0.06754142918661576,0.9933818032697155,0.9978126886933725,0.995559401605266,1832,1735,0.2670125365257263,0.1930762529373169,1.382938265800476,0.6848309636116028,-0.16752220690250397,0.7544267054561473,0.03769230769230769,0.7508437278933356,0.8121518398039392,0.9245115150814607,13.0,12.0,ht29+IFNB_CEBPB,ht29+IFNB,CEBPB,False,True,1
ht29+IFNB_CEBPG,0.021257147,0.0026794397,7.9334297,0.9932517,0.023340663,0.8342735371711414,0.0668494280190182,0.9946868278477997,0.9993419535190956,0.995341809022524,1903,1781,,,,,,,,,,,,,ht29+IFNB_CEBPG,ht29+IFNB,CEBPG,False,True,1
ht29+IFNB_CRKL,0.022716206,0.007964262,2.8522675,0.99238324,0.19706038,0.7848292681326913,0.19763749612515571,0.9939767002401059,0.9982160369692663,0.9957530869349368,2084,1475,0.03498386964201927,0.04953667148947716,0.7062216401100159,0.5141100883483887,0.22299829125404358,0.5427967017122581,0.21153846153846154,0.8893154549222994,0.956757071608459,0.9295101978470045,21.0,4.0,ht29+IFNB_CRKL,ht29+IFNB,CRKL,False,True,1
ht29+IFNB_DRAP1,0.021146305,0.005162587,4.0960674,0.9931873,0.15679856,0.8214843388575939,0.1064381061141319,0.9946520738093103,0.9987116565377451,0.9959351803877926,1954,1691,0.0622955821454525,0.07008528709411621,0.888853907585144,0.5184797048568726,0.2824094593524933,0.6363636363636365,0.16783216783216784,0.7057702187194085,0.6722037347654954,1.049934985805491,8.0,4.0,ht29+IFNB_DRAP1,ht29+IFNB,DRAP1,False,True,1
ht29+IFNB_DTX3L,0.02267583,0.0036906707,6.144095,0.99292934,0.015826628,0.8285130471985632,0.04262031227226998,0.9943835456515757,0.9991089963927564,0.9952703351103416,1840,1795,1.5907528400421143,1.408450722694397,1.1294344663619995,,,,,,,,0.0,1.0,ht29+IFNB_DTX3L,ht29+IFNB,DTX3L,False,True,1
ht29+IFNB_ELK1,0.02059352,0.0030145447,6.8313866,0.9933588,0.093514025,0.8307804149808389,0.09667550605038354,0.9947550698195827,0.9992636238782454,0.9954881235032208,1943,1734,0.09885379672050476,0.03767969086766243,2.6235299110412598,,,,,,,,0.0,1.0,ht29+IFNB_ELK1,ht29+IFNB,ELK1,False,True,1
ht29+IFNB_ETS1,0.019247314,0.0029236677,6.5832767,0.99382913,0.18158701,0.8296397081634798,0.1386920961641222,0.9951350144382061,0.9992751205122332,0.9958568906710047,1963,1729,,,,,,,,,,,,,ht29+IFNB_ETS1,ht29+IFNB,ETS1,False,True,1
ht29+IFNB_ETS2,0.0224634,0.005019745,4.4750085,0.9928562,0.08294224,0.8313502111718665,0.06562754441283064,0.9943687128302285,0.9987664270069805,0.9955968542215314,1893,1765,0.02121466025710106,0.029986150562763214,0.7074819207191467,0.8579214215278625,-0.052003443241119385,0.5499999999999999,-0.049999999999999996,0.947653591910634,0.9658717244085983,0.9811381449134778,6.0,3.0,ht29+IFNB_ETS2,ht29+IFNB,ETS2,False,True,1
ht29+IFNB_FOS,0.02195454,0.0037946969,5.7855844,0.9929651,0.053216133,0.8224000590721605,0.0837681224124537,0.9944408037669503,0.9991130567884025,0.9953235992766716,1928,1708,0.0685754045844078,0.051608242094516754,1.3287684917449951,0.697441816329956,-0.279979944229126,0.49999999999999994,-0.19999999999999998,0.9198081023422204,0.9550054590078068,0.9631443398217281,2.0,3.0,ht29+IFNB_FOS,ht29+IFNB,FOS,False,True,1
ht29+IFNB_H1F0,0.019722182,0.0022531163,8.753291,0.993652,0.10703501,0.8229650686280675,0.09999764450983216,0.9950168365494959,0.9994434526375369,0.9955709189185651,1948,1762,,,,,,,,,,,,,ht29+IFNB_H1F0,ht29+IFNB,H1F0,False,True,1
ht29+IFNB_HERC5,0.019759828,0.0028397602,6.9582734,0.9936259,0.14204715,0.8222769055392823,0.13656865960405276,0.9950007311052729,0.9993053382907193,0.9956924004901151,2000,1672,0.45775285363197327,0.49912580847740173,0.9171091914176941,,,,,,,,1.0,0.0,ht29+IFNB_HERC5,ht29+IFNB,HERC5,False,True,1
ht29+IFNB_HERC6,0.019658584,0.004473892,4.394068,0.9936514,0.18117103,0.8187393765619587,0.1690998580963224,0.9949626566133566,0.9989231463032486,0.9960352408445546,2024,1641,0.5217052698135376,1.1901085376739502,0.4383678138256073,0.9972378015518188,0.9581590294837952,1.0,0.5,0.9946597843870093,0.9986194678916527,0.9960348424680692,2.0,1.0,ht29+IFNB_HERC6,ht29+IFNB,HERC6,False,True,1
ht29+IFNB_HES4,0.019793713,0.0031335263,6.3167534,0.9936379,0.13089268,0.8213394659088517,0.11598141922643836,0.994981937277714,0.9992369460400073,0.9957417419570443,1955,1718,,,,,,,,,,,,,ht29+IFNB_HES4,ht29+IFNB,HES4,False,True,1
ht29+IFNB_ID1,0.03857816,0.046172243,0.8355271,0.98661065,0.42293024,0.7372416073756293,0.4208352236151817,0.9890992198327648,0.9912396418750781,0.9978406613780455,2440,1073,0.16089022159576416,0.2020469307899475,0.7963012456893921,0.32366079092025757,-0.23100747168064117,0.3409952728715436,0.04076923076923076,0.7573525646625201,0.9092963860958437,0.8328995652498853,21.0,4.0,ht29+IFNB_ID1,ht29+IFNB,ID1,False,True,1
ht29+IFNB_ID2,0.022872427,0.004767817,4.7972536,0.9929458,0.071514666,0.8339094030471177,0.05575861089700217,0.9943494767330585,0.9988390670313746,0.9955051915303439,1822,1792,0.029434701427817345,0.03824860230088234,0.7695627808570862,0.7985592484474182,-0.3700942099094391,0.65,-0.5499999999999999,0.9526112446535437,0.9709525960028299,0.981109941489633,5.0,4.0,ht29+IFNB_ID2,ht29+IFNB,ID2,False,True,1
ht29+IFNB_ID3,0.020719437,0.0038701324,5.3536763,0.9934846,0.12109251,0.825806996218176,0.10825860329939672,0.9948281740784718,0.9990702333049118,0.9957539929776434,1912,1700,0.05883924290537834,0.07753266394138336,0.7588961720466614,0.7857924103736877,0.5581967234611511,0.6,0.49999999999999994,0.9725224606150008,0.9804863241857359,0.9918776393160315,4.0,1.0,ht29+IFNB_ID3,ht29+IFNB,ID3,False,True,1
ht29+IFNB_IFI16,0.02978656,0.02208608,1.3486576,0.98963463,0.39018148,0.7462543139337612,0.4026287010866515,0.9916940473914789,0.9953643845179035,0.9963125693630255,2451,1069,0.044468220323324203,0.18923835456371307,0.23498524725437164,0.9002484083175659,0.830954372882843,0.7655318472058069,0.5900000000000001,0.9651265918026337,0.9757997455657189,0.9890621474215517,23.0,2.0,ht29+IFNB_IFI16,ht29+IFNB,IFI16,False,True,1
ht29+IFNB_IFNAR1,0.015333924,0.01568766,0.9774514,0.99519134,0.6772584,0.833970718081671,0.273121040900022,0.9962066775620311,0.9960769824636173,1.0001302058984367,2180,1506,0.13135673105716705,1.1801042556762695,0.11130943149328232,0.9169028997421265,0.7201043963432312,0.8953846153846154,0.733076923076923,0.9912874925875784,0.9966306167072922,0.9946388119829525,25.0,0.0,ht29+IFNB_IFNAR1,ht29+IFNB,IFNAR1,False,True,1
ht29+IFNB_IFNAR2,0.014991911,0.022483796,0.6667874,0.9953315,0.7233305,0.8368352748216156,0.31107930759385855,0.9963082759835015,0.9943302806755924,1.0019892739327672,2208,1447,0.11803970485925674,1.845948338508606,0.06394529342651367,0.9446810483932495,0.8982027769088745,0.9138461538461539,0.9192307692307692,0.9934294210342777,0.9924031981418927,1.0010340785824818,25.0,0.0,ht29+IFNB_IFNAR2,ht29+IFNB,IFNAR2,False,True,1
ht29+IFNB_IRF1,0.019942576,0.0021982603,9.071981,0.9937132,0.16680902,0.8396334271679236,0.10950884893917084,0.9950113133176742,0.9994606993507263,0.9955482131153905,1939,1779,0.21458956599235535,0.05852236598730087,3.6667957305908203,-0.14187632501125336,-0.6557721495628357,-0.19999999999999998,-0.7999999999999999,0.7916939337028173,0.9658929847964683,0.8196497398411502,1.0,3.0,ht29+IFNB_IRF1,ht29+IFNB,IRF1,False,True,1
ht29+IFNB_IRF3,0.025203774,0.008183083,3.0799854,0.9921818,0.10072685,0.8128375622649775,0.10695662286469712,0.9937113831334594,0.99816912786639,0.9955340787362768,1895,1670,0.053360868245363235,0.07899055629968643,0.6755347847938538,0.6009694337844849,0.3442673981189728,0.3469230769230769,0.12692307692307694,0.8726792534990071,0.9467495710626119,0.9217635583605601,18.0,7.0,ht29+IFNB_IRF3,ht29+IFNB,IRF3,False,False,1
ht29+IFNB_IRF7,0.020232689,0.0027560128,7.3412895,0.9935527,0.11150113,0.8277618732374182,0.10483711916678701,0.9949056556122051,0.9993413962907357,0.9955613360008955,1935,1748,,,,,,,,,,,,,ht29+IFNB_IRF7,ht29+IFNB,IRF7,False,True,1
ht29+IFNB_IRF9,0.020464702,0.00871502,2.3482106,0.99329793,0.36178923,0.8006602733613073,0.22990159138483696,0.9946829388419182,0.9979725253156022,0.996703730423196,2084,1491,0.02711806260049343,0.10886883735656738,0.2490893006324768,0.7792483568191528,0.8469666242599487,0.5385651186372511,0.5123076923076924,0.8999865831275858,0.9591958938742149,0.9382719305568737,21.0,4.0,ht29+IFNB_IRF9,ht29+IFNB,IRF9,False,True,1
ht29+IFNB_JAK1,0.01628457,0.016506484,0.986556,0.9949086,0.6303965,0.846748769091122,0.27005554992853864,0.9959437205469567,0.9958325405766713,1.0001116452473235,2197,1545,0.10553481429815292,1.3677133321762085,0.07716149836778641,0.9232959747314453,0.8539736270904541,0.8876923076923076,0.8446153846153847,0.9928088101594994,0.9953092908877794,0.9974877349672385,25.0,0.0,ht29+IFNB_JAK1,ht29+IFNB,JAK1,False,True,1
ht29+IFNB_JUN,0.024024032,0.005283019,4.5474057,0.9924642,0.013739381,0.8288540100166901,0.05587155805894797,0.9939774046849279,0.9987376040609393,0.9952337837719777,1846,1785,0.03298541530966759,0.0436021089553833,0.7565096020698547,0.7052399516105652,0.23748333752155304,0.5824175824175823,0.10989010989010989,0.9308073845995041,0.9696686899612352,0.9599231100642378,9.0,4.0,ht29+IFNB_JUN,ht29+IFNB,JUN,False,True,1
ht29+IFNB_MAP3K14,0.021559754,0.0028705369,7.5107045,0.9932066,0.05118057,0.822039155756588,0.08475103973160306,0.9946467444677473,0.9993006350832183,0.9953428523388425,1927,1718,,,,,,,,,,,,,ht29+IFNB_MAP3K14,ht29+IFNB,MAP3K14,False,False,1
ht29+IFNB_MAPK8,0.020468738,0.0031999145,6.3966517,0.99352574,0.115571946,0.8337408644060773,0.12684594871218738,0.9948729427705032,0.9992278296701647,0.99564174778729,1969,1706,,,,,,,,,,,,,ht29+IFNB_MAPK8,ht29+IFNB,MAPK8,False,True,1
ht29+IFNB_MAPK14,0.02482683,0.008090529,3.068629,0.99228525,0.08984685,0.8237575002494836,0.05596080411687294,0.993810271858251,0.9980684605439073,0.9957335705375002,1783,1797,0.15427778661251068,0.1875595599412918,0.8225535750389099,0.689251184463501,0.1999034583568573,0.6869230769230769,0.29615384615384616,0.8081557242451721,0.8384392088830229,0.9638811206381978,19.0,6.0,ht29+IFNB_MAPK14,ht29+IFNB,MAPK14,False,True,1
ht29+IFNB_MEF2A,0.01990172,0.0036785675,5.4101825,0.993565,0.16110116,0.8120135534458298,0.14775045060428188,0.9949511056101971,0.9991097589623191,0.9958376411452119,1993,1682,0.6776528358459473,0.7041705250740051,0.9623419642448425,0.9996793270111084,-0.9223219156265259,1.0,-0.5,0.999792230769911,0.9985862819504473,1.0012076561046965,3.0,0.0,ht29+IFNB_MEF2A,ht29+IFNB,MEF2A,False,True,1
ht29+IFNB_MYC,0.02162521,0.0031975883,6.762975,0.9931946,0.043620475,0.8356501508831126,0.07566913337381241,0.9945857915129008,0.9992267421475768,0.9953554579367027,1883,1763,,,,,,,,,,,,,ht29+IFNB_MYC,ht29+IFNB,MYC,False,True,1
ht29+IFNB_NFE2L3,0.019110657,0.0028036903,6.8162513,0.993766,0.15323994,0.826317330644726,0.15152299063044328,0.9951058016142509,0.9993079923985364,0.9957948992540333,2027,1638,,,,,,,,,,,,,ht29+IFNB_NFE2L3,ht29+IFNB,NFE2L3,False,True,1
ht29+IFNB_NFKB1,0.025671948,0.013447382,1.9090667,0.9919678,0.20018534,0.8106255934701401,0.17071742684261282,0.9934964327624991,0.9970929397186176,0.9963930072986642,2005,1535,0.12848621606826782,0.14589372277259827,0.8806836605072021,0.9679809808731079,-0.01954694092273712,0.6228120907669353,0.2646153846153846,0.9602389186851229,0.9444127034875374,1.0167577322278092,18.0,7.0,ht29+IFNB_NFKB1,ht29+IFNB,NFKB1,False,True,1
ht29+IFNB_PARP12,0.02190559,0.0031623198,6.9270635,0.9930892,0.023919702,0.8306026948920455,0.062472108309442734,0.9945073396129293,0.9992342682737833,0.9952694490061675,1873,1823,1.539074420928955,2.2045910358428955,0.6981224417686462,,,,,,,,1.0,0.0,ht29+IFNB_PARP12,ht29+IFNB,PARP12,False,True,1
ht29+IFNB_POU2F1,0.026541546,0.017843647,1.4874507,0.9907928,0.36734217,0.7626560215199213,0.37094107107399876,0.9926430580512424,0.9962545128155443,0.9963749677237642,2360,1170,0.10021636635065079,0.12701214849948883,0.7890297770500183,0.31752946972846985,0.026015400886535645,0.4566482464957257,0.05307692307692308,0.8227115679633035,0.9325479145106079,0.8822190851126984,21.0,4.0,ht29+IFNB_POU2F1,ht29+IFNB,POU2F1,False,True,1
ht29+IFNB_RAP1GAP,0.01928623,0.0019195626,10.0472,0.9938574,0.12692574,0.8262784836041998,0.11553311296808164,0.9951853244915513,0.9995241358475568,0.9956591229762287,1974,1738,,,,,,,,,,,,,ht29+IFNB_RAP1GAP,ht29+IFNB,RAP1GAP,False,True,1
ht29+IFNB_RAPGEF1,0.023506945,0.006906842,3.4034288,0.9924158,0.07519925,0.8067926544987783,0.09565823499492986,0.9939671827685674,0.9984590119498273,0.99550123828069,1932,1636,0.05824527144432068,0.06402716785669327,0.9096962213516235,0.7127053737640381,0.12451498210430145,0.6329357913679333,0.19307692307692306,0.91079912517466,0.9653049107494905,0.9435351618251785,18.0,7.0,ht29+IFNB_RAPGEF1,ht29+IFNB,RAPGEF1,False,True,1
ht29+IFNB_RNF114,0.019852957,0.0019356024,10.256733,0.99362564,0.06746997,0.825540918274686,0.1045385283317861,0.9950078734091646,0.999519087737013,0.99548661513002,2033,1694,,,,,,,,,,,,,ht29+IFNB_RNF114,ht29+IFNB,RNF114,False,True,1
ht29+IFNB_SMARCA5,0.023129517,0.00786972,2.9390519,0.99239385,0.12351404,0.8007911302191123,0.12767481094507188,0.9939520304092135,0.9981897805224457,0.9957545647171281,1984,1590,0.08958357572555542,0.08579564094543457,1.044150710105896,0.824791431427002,-0.09721100330352783,0.6912867987079574,-0.09923076923076923,0.9190126769621948,0.9319516405162678,0.9861162714978373,16.0,9.0,ht29+IFNB_SMARCA5,ht29+IFNB,SMARCA5,False,True,1
ht29+IFNB_SOCS1,0.019698603,0.002423787,8.1272,0.99364436,0.08353062,0.828333229675175,0.09720502428711984,0.9949895001023563,0.9994081572252195,0.9955787261781701,1980,1718,,,,,,,,,,,,,ht29+IFNB_SOCS1,ht29+IFNB,SOCS1,False,True,1
ht29+IFNB_SP100,0.021030255,0.0027868883,7.546142,0.99325776,0.052357465,0.8310673196195958,0.0844514602556685,0.9947024332517023,0.999306023621837,0.9953932126282501,1966,1779,2.1357882022857666,3.6300950050354004,0.5883560180664062,,,,,,,,1.0,0.0,ht29+IFNB_SP100,ht29+IFNB,SP100,False,True,1
ht29+IFNB_SP110,0.023216767,0.005401315,4.2983546,0.99234927,0.10559018,0.7895090391474825,0.1381400625157011,0.9939954781680423,0.9987020254801049,0.9952873357698458,2043,1580,0.06340555101633072,0.07530877739191055,0.8419410586357117,0.6049699187278748,0.6494860649108887,0.57,0.15307692307692308,0.7140511552750152,0.9630553997909351,0.7414434885366148,19.0,6.0,ht29+IFNB_SP110,ht29+IFNB,SP110,False,True,1
ht29+IFNB_STAT1,0.017962806,0.005258306,3.4160824,0.99426436,0.5643876,0.8379304824414309,0.24731096732630609,0.9954623634832179,0.998676786801938,0.9967813176783515,2113,1603,0.08174023777246475,0.21662208437919617,0.37734028697013855,0.9951478838920593,0.8861889839172363,0.6428571428571429,0.04761904761904763,0.990576647600721,0.9972979843252713,0.9932604529135816,4.0,4.0,ht29+IFNB_STAT1,ht29+IFNB,STAT1,False,True,1
ht29+IFNB_STAT2,0.01894002,0.02853353,0.6637812,0.99396217,0.6516384,0.8108324577945968,0.30491650282646526,0.995241664032506,0.992831085804773,1.0024279842384056,2163,1438,0.3179038465023041,2.5851855278015137,0.12297138571739197,0.9691393971443176,0.8964081406593323,0.9253846153846155,0.913076923076923,0.9965622856171537,0.9855256875625904,1.0111986914129647,25.0,0.0,ht29+IFNB_STAT2,ht29+IFNB,STAT2,False,True,1
ht29+IFNB_STAT3,0.021201963,0.002615581,8.106024,0.9933299,0.06404277,0.8284310280332756,0.08666115138955902,0.9947232036486418,0.9993633770030518,0.9953568707227143,1948,1750,,,,,,,,,,,,,ht29+IFNB_STAT3,ht29+IFNB,STAT3,False,True,1
ht29+IFNB_STAT4,0.02070763,0.0030003402,6.9017606,0.9935192,0.106934756,0.8236522008819824,0.08680284616566347,0.9948510882818368,0.9992812673829947,0.9955666344944502,1901,1750,,,,,,,,,,,,,ht29+IFNB_STAT4,ht29+IFNB,STAT4,False,True,1
ht29+IFNB_STAT5A,0.0203179,0.0019110112,10.632016,0.99345595,0.16590604,0.8205825014833698,0.17003131103068253,0.9948956459495126,0.9995270416119946,0.9953664128436059,2102,1615,,,,,,,,,,,,,ht29+IFNB_STAT5A,ht29+IFNB,STAT5A,False,False,1
ht29+IFNB_STAT6,0.02565166,0.010388131,2.4693239,0.99208534,0.15627411,0.8228562587798907,0.13061872950895437,0.9935802814439857,0.997654459909914,0.995916242918118,1903,1655,0.070631243288517,0.08614857494831085,0.8198770880699158,0.8348124623298645,-0.014974703080952168,0.6724370195556535,0.22846153846153847,0.9470264418185863,0.9574335514928372,0.9891302016124002,17.0,8.0,ht29+IFNB_STAT6,ht29+IFNB,STAT6,False,True,1
ht29+IFNB_TRAFD1,0.019476218,0.0020365457,9.563359,0.9937609,0.111551024,0.8284665903231938,0.13257062721268076,0.9950981191576594,0.9994958383783148,0.9956000624997192,2020,1694,,,,,,,,,,,,,ht29+IFNB_TRAFD1,ht29+IFNB,TRAFD1,False,True,1
ht29+IFNB_TRIM21,0.024693223,0.0096044475,2.5710196,0.9920214,0.14860672,0.8030259414028583,0.1383472255826035,0.9935561957792175,0.997870644117241,0.9956763450618991,1940,1622,0.06109800189733505,0.08337454497814178,0.7328135967254639,0.4878409802913666,0.5091238021850586,0.49364253481943005,0.18769230769230769,0.8473802757567208,0.9467008325050339,0.8950877052833003,18.0,7.0,ht29+IFNB_TRIM21,ht29+IFNB,TRIM21,False,False,1
ht29+IFNB_TRIM22,0.020986076,0.004740543,4.426935,0.9932853,0.14263329,0.8218431819582355,0.1130938549303969,0.9946790168310808,0.998876256107421,0.9957980387954193,1893,1727,0.31561344861984253,1.1994811296463013,0.2631249725818634,0.9999761581420898,0.9994267225265503,0.5,1.0,0.9999736654696678,0.9999606744327133,1.0000129915478546,3.0,0.0,ht29+IFNB_TRIM22,ht29+IFNB,TRIM22,False,True,1
ht29+IFNB_TYK2,0.016305568,0.017631337,0.92480606,0.99495536,0.6924763,0.8447671139393572,0.25867787506853057,0.9959934555330539,0.9955684416677083,1.0004269057229593,2149,1524,0.08185673505067825,1.5450900793075562,0.05297861620783806,0.9625810980796814,0.7825518250465393,0.9569230769230769,0.8115384615384615,0.9932538678041495,0.988222788261792,1.0050910377721676,25.0,0.0,ht29+IFNB_TYK2,ht29+IFNB,TYK2,False,True,1
ht29+IFNB_UBA7,0.020519644,0.005370594,3.82074,0.9935318,0.18584937,0.8251704588594191,0.15244233974691676,0.9948316768082129,0.9987483864557888,0.9960783820022229,1936,1660,0.08644051849842072,0.12725012004375458,0.6792961359024048,0.5959177017211914,0.69522625207901,0.78328173374613,0.1331269349845201,0.9199218296994227,0.8937307804072038,1.0293053007308148,13.0,5.0,ht29+IFNB_UBA7,ht29+IFNB,UBA7,False,True,1
ht29+IFNB_UBE2L6,0.022036763,0.004065941,5.419843,0.9930053,0.05536049,0.8264198137219992,0.08061384296404407,0.9944323778296655,0.9990275557018188,0.9954003492236757,1877,1731,,,,,,,,,,,,,ht29+IFNB_UBE2L6,ht29+IFNB,UBE2L6,False,True,1
ht29+IFNB_USP18,0.029395234,0.016674338,1.7629026,0.9904407,0.2737211,0.7921051692095874,0.199057189878613,0.9924511946665057,0.995778047635924,0.9966590416636352,2059,1609,0.658404529094696,0.8419433832168579,0.7820057272911072,0.840235710144043,0.4513268768787384,0.8438461538461538,0.29923076923076924,0.9261890785297601,0.9305200076478337,0.9953456894183056,19.0,6.0,ht29+IFNB_USP18,ht29+IFNB,USP18,False,True,1
ht29+IFNB_VAV1,0.02073198,0.0023381389,8.866873,0.99349654,0.056784093,0.8239378038932107,0.06308885447987646,0.9948714139407764,0.99942272268742,0.9954460623684788,1897,1801,,,,,,,,,,,,,ht29+IFNB_VAV1,ht29+IFNB,VAV1,False,True,1
ht29+IFNB_ZBP1,0.020748412,0.002455815,8.448688,0.9934497,0.06805417,0.8276426077262918,0.09247321274839616,0.9948596957441206,0.9994042893104995,0.9954526975569473,2021,1695,,,,,,,,,,,,,ht29+IFNB_ZBP1,ht29+IFNB,ZBP1,False,True,1
ht29+IFNB_ZNFX1,0.021314817,0.0040394594,5.276651,0.9932442,0.116120845,0.820496232805054,0.13672556654618398,0.9946718643869785,0.9990409443216884,0.9956267258518855,1952,1670,0.3343603312969208,0.37220001220703125,0.8983350992202759,0.9975364208221436,0.31537768244743347,0.3142857142857143,-0.08571428571428573,0.9943156695938069,0.9953218943989095,0.9989890458446006,4.0,2.0,ht29+IFNB_ZNFX1,ht29+IFNB,ZNFX1,False,True,1
ht29+INS_GRB10,0.012247074,0.0009279563,13.1979,0.9964991,0.11917911,0.7737676826256975,0.11128694458310184,0.9970884445412841,0.9997584292318391,0.9973293701633439,2355,2008,0.436598539352417,0.44768956303596497,0.975226104259491,1.0,-1.0,0.9999999999999999,-0.9999999999999999,0.9999831439051804,0.9997740044224466,1.000209186758016,2.0,0.0,ht29+INS_GRB10,ht29+INS,GRB10,True,False,1
ht29+TNFA_MAP3K14,0.0042314157,0.0010510272,4.025981,0.9986299,0.17805097,0.844441767898783,0.16747473964074575,0.9989226816295314,0.9997367001617462,0.9991857670803891,2256,1781,,,,,,,,,,,,,ht29+TNFA_MAP3K14,ht29+TNFA,MAP3K14,True,False,1
k562+IFNB_ADAR,0.039108418,0.012063805,3.241798,0.9863024,0.27194682,0.8053596858992222,0.3376284611332077,0.9892447786676448,0.9968460332794261,0.992374695431375,2335,1252,0.07522208243608475,0.20034372806549072,0.37546512484550476,0.27520373463630676,0.33225902915000916,0.03736263736263736,0.3494505494505495,0.9163177438107135,0.9829020296598202,0.9322574541105064,14.0,0.0,k562+IFNB_ADAR,k562+IFNB,ADAR,False,True,1
k562+IFNB_AKT1,0.03348675,0.011455821,2.923121,0.9873513,0.16801935,0.8463380022767195,0.20333618570023337,0.990014362487618,0.9969443130475815,0.9930488087757087,2057,1547,0.1937624216079712,0.2197362780570984,0.881795346736908,0.5048802495002747,-0.10605524480342865,0.6,-0.016666666666666666,0.8927956766123832,0.9684971695332999,0.9218361237365353,6.0,3.0,k562+IFNB_AKT1,k562+IFNB,AKT1,False,True,1
k562+IFNB_BATF2,0.032515977,0.011277285,2.883316,0.9877836,0.20714974,0.8492060765137064,0.21240993487136753,0.9903262627707342,0.9970172870358711,0.9932889586247503,2048,1541,,,,,,,,,,,,,k562+IFNB_BATF2,k562+IFNB,BATF2,False,True,1
k562+IFNB_BRD9,0.036710553,0.0072639845,5.0537763,0.9885879,0.3245342,0.8122920296865557,0.32687923202201485,0.9910310912705618,0.9979814545039358,0.9930355787655104,2318,1317,0.055729471147060394,0.19881796836853027,0.2803039848804474,1.0,-1.0,0.9999999999999999,-0.9999999999999999,0.9898599873342211,0.9911130790582239,0.9987356722956441,2.0,0.0,k562+IFNB_BRD9,k562+IFNB,BRD9,False,False,1
k562+IFNB_CEBPB,0.030253815,0.023426777,1.2914202,0.98822594,0.41742784,0.8373658174709289,0.3883754436073056,0.9904906014852081,0.9941842647049304,0.9962847297519655,2260,1267,0.17061130702495575,0.3534829616546631,0.482657790184021,0.6563153266906738,0.26485583186149597,0.7446153846153846,0.22692307692307692,0.9012692179240023,0.966563547139618,0.9324469359424497,23.0,2.0,k562+IFNB_CEBPB,k562+IFNB,CEBPB,False,True,1
k562+IFNB_CEBPG,0.029352838,0.012805142,2.2922695,0.98905796,0.30985552,0.843115875760629,0.25464897571485645,0.991297475781838,0.9966822294941347,0.9945973214401247,2050,1519,0.125981867313385,0.26256483793258667,0.4798124134540558,0.8875313401222229,0.5800233483314514,0.8969230769230769,0.633076923076923,0.9419908748034819,0.9729202816411034,0.9682097213705418,21.0,4.0,k562+IFNB_CEBPG,k562+IFNB,CEBPG,False,True,1
k562+IFNB_CRKL,0.037154943,0.009276114,4.0054426,0.98800206,0.35232577,0.7933918527306616,0.37803172598258267,0.9905099988650399,0.9975167719237028,0.992975784211477,2368,1208,0.023407768458127975,0.3904237747192383,0.059954773634672165,,,,,,,,1.0,0.0,k562+IFNB_CRKL,k562+IFNB,CRKL,False,True,1
k562+IFNB_DRAP1,0.03068656,0.024143549,1.2710046,0.9876667,0.42555147,0.8323545399415181,0.41901674755642965,0.9901296352996948,0.9942876000364739,0.9958181468454131,2377,1179,0.10633532702922821,0.32035550475120544,0.33192914724349976,0.9739478230476379,0.4800494909286499,0.7846153846153846,0.40923076923076923,0.9703485442361648,0.9223715464041994,1.052014828535204,25.0,0.0,k562+IFNB_DRAP1,k562+IFNB,DRAP1,False,True,1
k562+IFNB_DTX3L,0.029675247,0.008565306,3.464587,0.98861456,0.24102756,0.8446719534575907,0.240025976487643,0.9910945999046308,0.9977151132010381,0.9933643249372396,2087,1521,0.20877616107463837,1.0220459699630737,0.2042727768421173,1.0,1.0,0.9999999999999999,0.9999999999999999,0.9889088591201717,0.994306244450923,0.9945717072975522,2.0,0.0,k562+IFNB_DTX3L,k562+IFNB,DTX3L,False,True,1
k562+IFNB_ELK1,0.032532167,0.007964444,4.084675,0.9878612,0.16653493,0.8487865913488593,0.18891012271754015,0.9906535046787084,0.997717289168907,0.992920054040476,2098,1581,0.37572214007377625,0.5255213379859924,0.7149512767791748,0.8469403982162476,0.7889237999916077,0.7,0.7,0.9586140907857416,0.8661191502916703,1.1067923974004306,4.0,1.0,k562+IFNB_ELK1,k562+IFNB,ELK1,False,True,1
k562+IFNB_ETS1,0.030788315,0.012667988,2.4304028,0.98809373,0.28481403,0.8402287519525375,0.2879125408923512,0.9905954973928234,0.9967198164439377,0.9938555259461336,2171,1393,0.10771971940994263,0.26086708903312683,0.412929505109787,0.6997789740562439,0.6173295974731445,0.49650349650349657,0.4265734265734266,0.9230404054938646,0.9721086159237116,0.949523942462724,10.0,2.0,k562+IFNB_ETS1,k562+IFNB,ETS1,False,True,1
k562+IFNB_ETS2,0.028770652,0.008008575,3.5924807,0.9892847,0.29627764,0.8455335002636891,0.2742433046061926,0.991697037825783,0.9977433518949255,0.9939400106674133,2215,1460,0.16204118728637695,0.46097618341445923,0.3515174686908722,0.8880349397659302,0.511945903301239,0.39999999999999997,0.7999999999999999,0.9541203458273206,0.9901175269837825,0.9636435269799527,4.0,0.0,k562+IFNB_ETS2,k562+IFNB,ETS2,False,True,1
k562+IFNB_FOS,0.0305539,0.012678007,2.4099925,0.98810554,0.2890097,0.8385688994120715,0.3022650316105115,0.9906651355289674,0.9967035518889802,0.9939416124798908,2212,1371,0.12404333800077438,0.3351411819458008,0.37012264132499695,0.9008044600486755,0.6138027906417847,0.8671328671328673,0.5104895104895105,0.9381266151014241,0.9622833237022862,0.9748964696718202,11.0,1.0,k562+IFNB_FOS,k562+IFNB,FOS,False,True,1
k562+IFNB_H1F0,0.027914831,0.007811171,3.5737064,0.9896692,0.34665686,0.8387055142130954,0.32265007712285965,0.9919606811143875,0.997879941921287,0.9940681633548994,2274,1366,,,,,,,,,,,,,k562+IFNB_H1F0,k562+IFNB,H1F0,False,True,1
k562+IFNB_HERC5,0.028875045,0.011245016,2.5678084,0.9889113,0.33711997,0.8363043670688648,0.3545301655443202,0.9913001457625646,0.997028814664736,0.9942542594377297,2286,1320,0.1093413382768631,0.19750966131687164,0.5535999536514282,0.9012084603309631,-0.050512511283159256,0.7142857142857142,0.024999999999999998,0.9586256456141989,0.95745647881995,1.001221117429473,14.0,1.0,k562+IFNB_HERC5,k562+IFNB,HERC5,False,True,1
k562+IFNB_HERC6,0.028661765,0.011490427,2.4944038,0.9890304,0.33518833,0.8337548819059472,0.3211188406539335,0.991357343867095,0.9969969875867492,0.9943433693482815,2205,1358,0.13607749342918396,0.3621250092983246,0.37577491998672485,0.9211387634277344,0.7037091851234436,0.8303030303030302,0.49090909090909085,0.9745584692153869,0.9836037263304523,0.9908039621313649,9.0,1.0,k562+IFNB_HERC6,k562+IFNB,HERC6,False,True,1
k562+IFNB_HES4,0.02797124,0.010191214,2.7446425,0.9893213,0.35399476,0.8315967134021571,0.31919815868820806,0.9916487877793212,0.9973238992110187,0.9943096606466695,2238,1371,,,,,,,,,,,,,k562+IFNB_HES4,k562+IFNB,HES4,False,True,1
k562+IFNB_ID1,0.035197247,0.086652555,0.40618822,0.9828603,0.72436076,0.7218920561256207,0.6927680473025831,0.9860766861193501,0.9836926581175471,1.0024235496545895,2786,687,0.11034248024225235,0.6459136009216309,0.17083163559436798,0.9392837285995483,0.7309492826461792,0.6757801967543635,0.4923076923076923,0.932396296781094,0.877138100889236,1.062998284803542,25.0,0.0,k562+IFNB_ID1,k562+IFNB,ID1,False,True,1
k562+IFNB_ID2,0.027133262,0.009952736,2.7262113,0.9895776,0.33742696,0.8407389160133385,0.30703197979444524,0.9918139545763095,0.9973679909146774,0.9944313068105641,2199,1431,0.07410319149494171,0.25419914722442627,0.2915162742137909,1.0,1.0,0.9999999999999999,0.9999999999999999,0.8941179695523743,0.9586355966908697,0.9326984858884806,2.0,0.0,k562+IFNB_ID2,k562+IFNB,ID2,False,True,1
k562+IFNB_ID3,0.029344788,0.017644852,1.6630793,0.988424,0.37137973,0.830412688620888,0.3822900984074474,0.9907613270253857,0.9957553985490197,0.9949846402731923,2301,1247,0.06981498003005981,0.21428930759429932,0.32579776644706726,0.8878592848777771,0.5078500509262085,0.7276923076923076,0.32615384615384607,0.9483963314006606,0.9537907423720049,0.9943442405847547,22.0,3.0,k562+IFNB_ID3,k562+IFNB,ID3,False,True,1
k562+IFNB_IFI16,0.038215853,0.06743488,0.56670755,0.98233485,0.68660015,0.7259919797694874,0.6977222801709777,0.9856539720693918,0.9873970879991226,0.9982346353347434,2830,650,0.1079067587852478,0.6501938104629517,0.1659609079360962,0.7603119015693665,0.7309331297874451,0.5646153846153846,0.4738461538461538,0.8932124471745237,0.9462921035501964,0.9439077466920265,25.0,0.0,k562+IFNB_IFI16,k562+IFNB,IFI16,False,True,1
k562+IFNB_IFNAR1,0.021217555,0.021188663,1.0013635,0.9917629,0.6838161,0.847647949167836,0.36459675433286026,0.9935257511742497,0.9941928434066241,0.9993290112307703,2277,1318,0.6436673998832703,1.3792649507522583,0.46667420864105225,0.6706641316413879,0.644255518913269,0.6715384615384616,0.7215384615384615,0.9329274714721848,0.9797126503801926,0.9522460193916531,25.0,0.0,k562+IFNB_IFNAR1,k562+IFNB,IFNAR1,False,True,1
k562+IFNB_IFNAR2,0.020272411,0.026937103,0.7525832,0.99224997,0.7201001,0.8544430016600638,0.3717048573943367,0.9938156946374752,0.9926678190567374,1.0011563541788113,2232,1341,0.4200536608695984,1.9674513339996338,0.21350142359733582,0.7886136174201965,0.8007233738899231,0.7207692307692307,0.7715384615384615,0.9445355200103981,0.9715725553794764,0.9721718823577533,25.0,0.0,k562+IFNB_IFNAR2,k562+IFNB,IFNAR2,False,True,1
k562+IFNB_IRF1,0.032675844,0.00811611,4.026047,0.98771536,0.1550721,0.852365315556655,0.18937637959693918,0.9903576148615263,0.9978013524409446,0.9925398602024256,2040,1578,,,,,,,,,,,,,k562+IFNB_IRF1,k562+IFNB,IRF1,False,True,1
k562+IFNB_IRF3,0.03913169,0.037121687,1.0541463,0.9853622,0.39008582,0.8231298597583353,0.3665805583577553,0.9880105992036965,0.9916307524928653,0.996349293040713,2230,1286,0.10087984055280685,0.29908180236816406,0.3372984826564789,0.8005056381225586,0.4357691705226898,0.7192307692307691,0.4692307692307692,0.9524423212041243,0.9655176503114572,0.9864577005887826,24.0,1.0,k562+IFNB_IRF3,k562+IFNB,IRF3,False,False,1
k562+IFNB_IRF7,0.027780958,0.008046191,3.4526842,0.98942995,0.30336523,0.8466091747337553,0.27466622789755657,0.991721803190801,0.9978128294216372,0.9938956224541965,2130,1474,0.03661530092358589,0.22486770153045654,0.1628304123878479,1.0,1.0,0.9999999999999999,0.9999999999999999,0.9725194110326649,0.9706672010857127,1.0019081822738838,2.0,0.0,k562+IFNB_IRF7,k562+IFNB,IRF7,False,True,1
k562+IFNB_IRF9,0.029669799,0.02254137,1.3162376,0.9887148,0.5458083,0.8105201280191517,0.47806464182215697,0.9910832947288711,0.9943289099041668,0.9967358736702039,2461,1073,0.1014188602566719,0.35798782110214233,0.28330254554748535,0.9338484406471252,0.5518960952758789,0.8209271165513528,0.5976923076923077,0.9549932918810985,0.943654589999643,1.0120157333007407,24.0,1.0,k562+IFNB_IRF9,k562+IFNB,IRF9,False,True,1
k562+IFNB_JAK1,0.02294534,0.014971454,1.532606,0.99168867,0.6170924,0.8609867942127777,0.27880120081280113,0.9933840495604491,0.9959038627603654,0.9974698228472254,2085,1529,0.5221584439277649,0.7660412788391113,0.6816322803497314,0.7918128967285156,0.8365599513053894,0.8653846153846154,0.8553846153846153,0.9025372449114817,0.9848378719790796,0.9164323089015548,24.0,1.0,k562+IFNB_JAK1,k562+IFNB,JAK1,False,True,1
k562+IFNB_JUN,0.029191444,0.010507434,2.7781706,0.9888264,0.2845147,0.8478447130321345,0.2648585559145002,0.9912208395386731,0.9972193590292623,0.9939847542706869,2122,1480,0.3050929009914398,0.39764147996902466,0.7672562003135681,0.972261369228363,-0.43329745531082153,0.7,-0.39999999999999997,0.9800476009647109,0.9692337304724719,1.0111571338803569,3.0,2.0,k562+IFNB_JUN,k562+IFNB,JUN,False,True,1
k562+IFNB_MAP3K14,0.028529838,0.011681188,2.4423747,0.9889889,0.32274956,0.8357350604206336,0.31077437149318926,0.9913121958885778,0.9970005417701523,0.9942945408319689,2179,1394,0.08290612697601318,0.2916402518749237,0.2842753231525421,0.6433240175247192,0.8050370216369629,0.8571428571428572,0.8333333333333335,0.9543812718957787,0.9575924995579037,0.9966465613884742,8.0,0.0,k562+IFNB_MAP3K14,k562+IFNB,MAP3K14,False,False,1
k562+IFNB_MAPK8,0.02949039,0.009126163,3.2314117,0.9886677,0.2591923,0.8369583787807032,0.2622399271766276,0.9911358558146265,0.9975719856796377,0.993548205084542,2162,1469,0.3304387032985687,0.29279348254203796,1.1285725831985474,,,,,,,,0.0,1.0,k562+IFNB_MAPK8,k562+IFNB,MAPK8,False,True,1
k562+IFNB_MAPK14,0.04042182,0.028277857,1.4294513,0.9845021,0.2612477,0.8377890140842493,0.301453548049927,0.9874014112442984,0.9934224184372321,0.9939391269200413,2151,1368,0.12685035169124603,0.30185025930404663,0.42024263739585876,0.794098436832428,0.3517158031463623,0.5453846153846154,0.24307692307692308,0.9462899451284559,0.970789147892232,0.9747636211045739,21.0,4.0,k562+IFNB_MAPK14,k562+IFNB,MAPK14,False,True,1
k562+IFNB_MEF2A,0.029887019,0.011188753,2.6711662,0.9887589,0.3379382,0.8261442772343824,0.34797968001743756,0.9912151244338256,0.9970484120165514,0.9941494439864482,2279,1314,0.49479052424430847,0.8230276703834534,0.6011833548545837,0.9624537825584412,-0.13032831251621246,0.7999999999999999,0.39999999999999997,0.9853603693380824,0.9902283061401721,0.9950840258030347,4.0,0.0,k562+IFNB_MEF2A,k562+IFNB,MEF2A,False,True,1
k562+IFNB_MYC,0.028869513,0.01285894,2.2450926,0.98905945,0.32824385,0.8463501847481538,0.2878504352414096,0.9912627439365563,0.9966977563397047,0.9945469803974396,2127,1444,0.08062704652547836,0.20138072967529297,0.4003712236881256,0.8143423795700073,0.6122354865074158,0.8117596218058716,0.4807017543859649,0.9333473714640311,0.9615457282539236,0.9706739305668821,18.0,1.0,k562+IFNB_MYC,k562+IFNB,MYC,False,True,1
k562+IFNB_NFE2L3,0.031454932,0.01770691,1.7764213,0.98753494,0.34791726,0.8318838705325811,0.37128928161630753,0.9900830205226049,0.9957225124655577,0.9943362815720732,2284,1264,0.16335098445415497,0.2633558213710785,0.6202672123908997,0.9578730463981628,0.11021524667739868,0.7446153846153846,0.22538461538461538,0.9725491420635359,0.9536377905374176,1.019830748858496,21.0,4.0,k562+IFNB_NFE2L3,k562+IFNB,NFE2L3,False,True,1
k562+IFNB_NFKB1,0.031919193,0.028713964,1.1116261,0.9869567,0.44083127,0.8172836447003303,0.45175483107641057,0.9895464135932409,0.9935127476446944,0.9960077673277404,2370,1146,0.17235715687274933,0.33795616030693054,0.5099985599517822,0.6787285208702087,0.19944846630096436,0.6635891640351844,0.2030769230769231,0.8809319212367737,0.9561832443619099,0.9213003118713362,23.0,2.0,k562+IFNB_NFKB1,k562+IFNB,NFKB1,False,True,1
k562+IFNB_PARP12,0.028378125,0.007921396,3.5824652,0.9892216,0.26988292,0.8511746339520204,0.24861449722015252,0.9915751590963447,0.997833662025612,0.9937279096031273,2128,1499,1.4003456830978394,2.9212183952331543,0.4793704152107239,,,,,,,,1.0,0.0,k562+IFNB_PARP12,k562+IFNB,PARP12,False,True,1
k562+IFNB_POU2F1,0.035818268,0.044485793,0.80516195,0.98509836,0.62429833,0.7585098083096817,0.6402698573601124,0.9880091532787557,0.9905129031567838,0.9974722692959894,2723,765,0.06219811737537384,0.33121106028556824,0.18778997659683228,0.490539014339447,0.6024988889694214,0.35583766767104086,0.4330769230769231,0.8708552063961968,0.8952640594850122,0.9727355825019312,25.0,0.0,k562+IFNB_POU2F1,k562+IFNB,POU2F1,False,True,1
k562+IFNB_RAP1GAP,0.028710693,0.0072123404,3.9807734,0.98907137,0.26695555,0.8472810851873422,0.2993605645310789,0.9914883034171523,0.998061312160666,0.9934142234916571,2242,1395,,,,,,,,,,,,,k562+IFNB_RAP1GAP,k562+IFNB,RAP1GAP,False,True,1
k562+IFNB_RAPGEF1,0.030867325,0.016278086,1.8962502,0.9877909,0.37587968,0.8208339081579213,0.41523593052148167,0.9904015874299904,0.9960823175367075,0.9942969270644565,2386,1190,0.053669169545173645,0.24455296993255615,0.21945826709270477,0.9411957263946533,0.7385991811752319,0.9038461538461539,0.5361538461538461,0.9575034919913018,0.9558065130854453,1.0017754418730402,24.0,1.0,k562+IFNB_RAPGEF1,k562+IFNB,RAPGEF1,False,True,1
k562+IFNB_RNF114,0.029603839,0.007969666,3.7145643,0.9886149,0.22823632,0.8406233009656782,0.25644251958793157,0.9911296620234432,0.9978775516608167,0.9932377578530125,2153,1469,0.03929955139756203,0.17802269756793976,0.22075584530830383,,,,,,,,1.0,0.0,k562+IFNB_RNF114,k562+IFNB,RNF114,False,True,1
k562+IFNB_SMARCA5,0.03894969,0.03983337,0.97781557,0.9842789,0.4639936,0.8048401617352807,0.5071137320028625,0.987315527508992,0.99027910920936,0.9970073268507763,2509,1002,0.3085097372531891,0.6181899905204773,0.4990532696247101,0.8988248705863953,0.043351635336875916,0.7155222290466337,0.10923076923076921,0.9207194165530039,0.9057816037163099,1.0164916275351652,23.0,2.0,k562+IFNB_SMARCA5,k562+IFNB,SMARCA5,False,True,1
k562+IFNB_SOCS1,0.03066145,0.006946263,4.414093,0.98850775,0.18688901,0.8375636794959359,0.2060236598129308,0.9910567728387512,0.9980907126765282,0.9929526046596362,2065,1549,0.029155759140849113,0.28366991877555847,0.10278058052062988,0.7809769511222839,0.5615747570991516,0.5,0.5,0.9868715192887908,0.9978816918754424,0.9889664549652586,3.0,0.0,k562+IFNB_SOCS1,k562+IFNB,SOCS1,False,True,1
k562+IFNB_SP100,0.030912414,0.008494321,3.639186,0.98820674,0.2082597,0.841833663780557,0.2119725493334483,0.9907737904282301,0.9976873191546447,0.993070445425454,2081,1539,0.23241135478019714,0.8604359030723572,0.2701088488101959,0.9997214674949646,0.9888849258422852,0.7999999999999999,1.0,0.9940514001736618,0.9918190839434268,1.0022507292573555,4.0,0.0,k562+IFNB_SP100,k562+IFNB,SP100,False,True,1
k562+IFNB_SP110,0.034041815,0.020741494,1.6412421,0.9867697,0.40859562,0.8094620479685576,0.46022175432729157,0.9895319852737433,0.9949442505184688,0.994560232654337,2463,1079,0.0767592042684555,0.263083279132843,0.2917677164077759,0.5557396411895752,0.31137576699256897,0.5038461538461538,0.37,0.8787860343845744,0.9620385532491211,0.9134623881928894,24.0,1.0,k562+IFNB_SP110,k562+IFNB,SP110,False,True,1
k562+IFNB_STAT1,0.027120013,0.011234418,2.4140115,0.9898351,0.5128638,0.856281414147902,0.2545511927969391,0.9920335656599726,0.9968912304081144,0.9951271867983499,2066,1552,0.087021104991436,0.48170194029808044,0.1806534230709076,0.9532792568206787,0.8335809111595154,0.6363636363636364,0.7181818181818183,0.9652765023377846,0.9804105528711998,0.9845635581042104,10.0,1.0,k562+IFNB_STAT1,k562+IFNB,STAT1,False,True,1
k562+IFNB_STAT2,0.019356238,0.0354017,0.54676014,0.9923378,0.72823024,0.8335048770958591,0.4363717330462605,0.9939138754054159,0.990685758383449,1.0032584671725113,2369,1181,0.22102408111095428,2.3889575004577637,0.09251905232667923,0.8431957364082336,0.7940477132797241,0.8053846153846154,0.7546153846153847,0.965672805066651,0.9702691402026355,0.9952628245653318,25.0,0.0,k562+IFNB_STAT2,k562+IFNB,STAT2,False,True,1
k562+IFNB_STAT3,0.02921148,0.0094258925,3.099068,0.98894966,0.27121753,0.8441302409196841,0.24839325497790024,0.9912952813285338,0.9974884612391053,0.9937912265141613,2090,1515,,,,,,,,,,,,,k562+IFNB_STAT3,k562+IFNB,STAT3,False,True,1
k562+IFNB_STAT4,0.031891096,0.01290052,2.4720783,0.9877316,0.2436701,0.8414235247270028,0.25035740834923076,0.9902945588204789,0.996689035373697,0.9935842812288784,2100,1498,0.02789587713778019,0.17947083711624146,0.1554340422153473,0.5942953824996948,0.7719752192497253,0.4787878787878787,0.7575757575757575,0.945370244951175,0.9805756562001037,0.9640972004288221,10.0,0.0,k562+IFNB_STAT4,k562+IFNB,STAT4,False,True,1
k562+IFNB_STAT5A,0.032369107,0.005624462,5.7550583,0.98842376,0.23054901,0.8404287945509231,0.2622154645427301,0.991008353109523,0.9983881060047513,0.9926083325203464,2251,1435,,,,,,,,,,,,,k562+IFNB_STAT5A,k562+IFNB,STAT5A,False,False,1
k562+IFNB_STAT6,0.037164643,0.03330392,1.115924,0.98528147,0.3889404,0.8295986111061553,0.4171302350312674,0.9881053151475908,0.9925875612019499,0.9954842814583215,2338,1172,0.1490257829427719,0.3945310115814209,0.3777289390563965,0.45941299200057983,0.5628111958503723,0.42076923076923073,0.42000000000000004,0.8930312075271843,0.9521896814638917,0.9378711247471644,22.0,3.0,k562+IFNB_STAT6,k562+IFNB,STAT6,False,True,1
k562+IFNB_TRAFD1,0.027945258,0.0068406556,4.0851727,0.9893588,0.2626188,0.8448366468362511,0.2651877177899946,0.9916958663471881,0.998142614549782,0.993541255419195,2151,1471,,,,,,,,,,,,,k562+IFNB_TRAFD1,k562+IFNB,TRAFD1,False,True,1
k562+IFNB_TRIM21,0.041621495,0.047376495,0.8785263,0.9838846,0.44112912,0.8210735783531444,0.4548504621077587,0.9866092933960149,0.9896217975031589,0.9969559036444583,2376,1107,0.21192632615566254,0.47914350032806396,0.442302405834198,0.8189103007316589,0.5227242112159729,0.6876923076923077,0.3507692307692308,0.9436137804453051,0.9642264248378016,0.9786226099373248,23.0,2.0,k562+IFNB_TRIM21,k562+IFNB,TRIM21,False,False,1
k562+IFNB_TRIM22,0.030569168,0.019691616,1.5523951,0.9879937,0.3747729,0.8377158900301087,0.3697327749237959,0.9903973539880504,0.9951499199425691,0.9952242713793386,2266,1276,0.11907751858234406,0.3175725042819977,0.3749616742134094,0.6410150527954102,0.6792609691619873,0.5589536552713755,0.53,0.8867993109264628,0.9584918664559765,0.9252027502386673,21.0,4.0,k562+IFNB_TRIM22,k562+IFNB,TRIM22,False,True,1
k562+IFNB_TYK2,0.024427637,0.015908562,1.5355026,0.990772,0.6423785,0.8521172103738522,0.2952191275339788,0.9927662545134932,0.9956060678381814,0.9971476536589874,2136,1459,0.5528987050056458,0.9617069363594055,0.5749139189720154,0.6073269248008728,0.9027334451675415,0.606923076923077,0.9069230769230769,0.8782939038595603,0.9823726364351801,0.8940537137177402,24.0,1.0,k562+IFNB_TYK2,k562+IFNB,TYK2,False,True,1
k562+IFNB_UBA7,0.031166663,0.01575666,1.9779994,0.9877386,0.31154996,0.8373201083584931,0.3358374667136141,0.9902722144432685,0.9961274136904376,0.9941220378370306,2246,1324,0.17329519987106323,0.2777794301509857,0.6238589882850647,0.9510981440544128,0.032150041311979294,0.6061538461538462,0.23846153846153845,0.9713805588236575,0.946526430315192,1.0262582509187717,20.0,5.0,k562+IFNB_UBA7,k562+IFNB,UBA7,False,True,1
k562+IFNB_UBE2L6,0.035767406,0.026647024,1.3422664,0.98646176,0.3355509,0.8341820762072012,0.3201505950286147,0.9890655752880287,0.9942628308184721,0.9947727548799495,2184,1361,0.16869445145130157,0.3463491201400757,0.48706474900245667,0.8618051409721375,0.46479737758636475,0.826923076923077,0.5623076923076923,0.9400645206415374,0.9715052710020651,0.9676370769166307,20.0,5.0,k562+IFNB_UBE2L6,k562+IFNB,UBE2L6,False,True,1
k562+IFNB_USP18,0.04017076,0.017203955,2.3349724,0.9850818,0.20193933,0.7988668084654379,0.28959693525711316,0.9883993435647314,0.9951106276038703,0.9932557407659297,2217,1419,0.42648306488990784,0.5910643935203552,0.7215509414672852,0.7911722660064697,0.558756411075592,0.7792307692307692,0.5676923076923077,0.9025857664931257,0.8536545859349282,1.0573196482094778,22.0,3.0,k562+IFNB_USP18,k562+IFNB,USP18,False,True,1
k562+IFNB_VAV1,0.028549725,0.006575112,4.342089,0.98910594,0.24818467,0.8482641185499625,0.2576912435707121,0.9915217642004333,0.9982129871755676,0.9932967983174943,2122,1505,,,,,,,,,,,,,k562+IFNB_VAV1,k562+IFNB,VAV1,False,True,1
k562+IFNB_ZBP1,0.027966326,0.010487116,2.6667318,0.98922443,0.319065,0.8451411608638948,0.3025275549477477,0.9915473224592923,0.9972632121048937,0.9942684242472587,2177,1418,0.07777991145849228,0.2859395742416382,0.27201521396636963,0.04328560829162598,0.6602153182029724,-0.5,0.5,0.9531993988229848,0.9925743455056936,0.9603304811765528,3.0,0.0,k562+IFNB_ZBP1,k562+IFNB,ZBP1,False,True,1
k562+IFNB_ZNFX1,0.032085057,0.017701937,1.8125168,0.9874016,0.31418467,0.835846797152478,0.3358069339636608,0.9899866600587073,0.9956754756866589,0.9942864760990238,2228,1320,0.1957971602678299,0.33918124437332153,0.577264130115509,0.872815728187561,0.28394201397895813,0.7661538461538462,0.4153846153846154,0.9333852287462402,0.9670043951805196,0.9652336984176754,22.0,3.0,k562+IFNB_ZNFX1,k562+IFNB,ZNFX1,False,True,1
k562+INS_FOXM1,0.016809626,0.008152462,2.061908,0.9949311,0.16040587,0.8681867856586685,0.14572131774861624,0.9959470836308215,0.9977134587537358,0.9982295767312583,2105,1854,0.059504393488168716,0.13542602956295013,0.43938666582107544,0.9324167370796204,0.6659645438194275,0.693076923076923,0.4623076923076923,0.9457692633413116,0.9708182086341934,0.9741981093163444,21.0,4.0,k562+INS_FOXM1,k562+INS,FOXM1,True,False,1
k562+INS_RPS6KB1,0.012574261,0.0041790977,3.0088458,0.9959858,0.30955774,0.8565939506794626,0.27754923915597307,0.9968051737775923,0.9987765479696618,0.9980262109717364,2510,1640,0.38809719681739807,0.3228299617767334,1.2021721601486206,0.9489302039146423,0.05812253803014755,0.7857142857142859,0.42857142857142866,0.9530152424628306,0.9385084710028778,1.0154572621432507,5.0,2.0,k562+INS_RPS6KB1,k562+INS,RPS6KB1,True,False,1
k562+INS_SRF,0.0142869735,0.0069049317,2.069097,0.9951898,0.3019445,0.8481024247023117,0.27427873899511707,0.9961707881678714,0.9979743058059894,0.9981928215710308,2463,1583,0.07675208151340485,0.09635990113019943,0.7965147495269775,0.6898073554039001,0.4388447105884552,0.6199999999999999,0.4138461538461538,0.7813411202448634,0.6875624869964776,1.136392887951239,21.0,4.0,k562+INS_SRF,k562+INS,SRF,True,False,1
k562+TNFA_CREB1,0.009399789,0.0033191626,2.8319762,0.99668247,0.17577076,0.861986997983754,0.21256354821459617,0.9973886254416262,0.9990515797829764,0.9983354669818835,2387,1535,0.010500570759177208,0.02601727284491062,0.40359997749328613,0.7021411061286926,-0.0019815489649772644,0.5030030300035688,-0.11904761904761905,0.9447861103840735,0.9893469469072456,0.9549593429661134,7.0,1.0,k562+TNFA_CREB1,k562+TNFA,CREB1,True,False,1
k562+TNFA_TNFRSF1A,0.024347128,0.019037234,1.2789216,0.9949431,0.25068003,0.8732447031838314,0.10612666521393337,0.9954915217876249,0.995036306486044,1.0004574861224798,1842,1991,0.34600648283958435,0.6261208057403564,0.5526193380355835,0.9502128958702087,0.8825035691261292,0.9,0.7423076923076923,0.9477868766103683,0.9540105536011982,0.9934763017376099,15.0,10.0,k562+TNFA_TNFRSF1A,k562+TNFA,TNFRSF1A,True,False,1
k562+TNFA_TRAF3,0.012995512,0.0052930433,2.4552062,0.995811,-0.05029199,0.8852075104577055,0.07147499041043226,0.9967369227809039,0.9984670609626161,0.9982672055500317,2097,1868,0.35875648260116577,0.28074678778648376,1.277864933013916,0.7598716616630554,-0.19920015335083008,0.678921568627451,0.12500000000000003,0.8354558932871695,0.8760326254039288,0.9536812546244499,12.0,5.0,k562+TNFA_TRAF3,k562+TNFA,TRAF3,True,False,1
mcf7+TGFB_RPS6KB1,0.01658832,0.005798299,2.8608942,0.99559677,0.38038257,0.7490243293295952,0.3103868253933729,0.996409275916006,0.9984062730437738,0.9979998151236774,2066,1093,,,,,,,,,,,,,mcf7+TGFB_RPS6KB1,mcf7+TGFB,RPS6KB1,True,False,1
mcf7+TNFA_ARID5B,0.08444918,0.008507069,9.926942,0.9796493,0.3046736,0.7271889696521271,0.2511944885226581,0.9838809080583057,0.9978287299353947,0.9860218277359161,2288,1530,0.046905212104320526,0.2629472315311432,0.17838260531425476,0.5699303150177002,0.8584696650505066,0.3916137791233726,0.8976923076923078,0.7856123034292148,0.9727485218033194,0.8076211742504794,23.0,2.0,mcf7+TNFA_ARID5B,mcf7+TNFA,ARID5B,False,True,1
mcf7+TNFA_BATF,0.08927273,0.003554573,25.114895,0.9792162,0.20351645,0.7320265440023201,0.17137686909221173,0.9836200731627489,0.999059791140018,0.9845457518016505,2269,1679,0.03138419985771179,0.14925220608711243,0.2102762907743454,0.45017009973526,0.9447200894355774,0.32987012987012987,0.9324675324675323,0.7725046522468848,0.9805422813884187,0.7878341066058275,20.0,1.0,mcf7+TNFA_BATF,mcf7+TNFA,BATF,False,True,1
mcf7+TNFA_BIRC2,0.0877175,0.0056660254,15.481311,0.9795836,0.26925838,0.7208652772620326,0.22459856980618523,0.9838226851440866,0.9985249416869739,0.9852760247349972,2288,1564,0.1006472185254097,0.2020738422870636,0.49807149171829224,0.41083478927612305,0.438361793756485,0.2976923076923077,0.7538461538461538,0.650302015457195,0.702148522762352,0.9261601988405738,23.0,2.0,mcf7+TNFA_BIRC2,mcf7+TNFA,BIRC2,False,True,1
mcf7+TNFA_BIRC3,0.08591633,0.006139624,13.993745,0.97941613,0.2470372,0.731275386173313,0.20141960968749467,0.9837419087220991,0.998400644323673,0.9853177823102228,2251,1604,0.0224995706230402,0.3406084477901459,0.0660569965839386,0.8499358892440796,0.8416421413421631,0.6953846153846154,0.8676923076923077,0.9283036874708562,0.9724899464837499,0.9545637883736909,25.0,0.0,mcf7+TNFA_BIRC3,mcf7+TNFA,BIRC3,False,True,1
mcf7+TNFA_CASP3,0.1025375,0.011746705,8.729044,0.9747453,0.260849,0.6945661651376297,0.2574194928590104,0.9796808595582374,0.9971326832082931,0.9824979925500946,2332,1461,0.11259128898382187,0.2264770120382309,0.4971422255039215,0.7953195571899414,0.6015201807022095,0.8047701629922351,0.09615384615384616,0.8817409488471789,0.962154650522726,0.9164233092550564,19.0,6.0,mcf7+TNFA_CASP3,mcf7+TNFA,CASP3,False,True,1
mcf7+TNFA_CASP7,0.09238069,0.002471012,37.38577,0.97840923,0.16860455,0.7302398164906907,0.15704019726863586,0.9829633405502529,0.9993519830961101,0.9836007304502632,2159,1732,0.0008338558836840093,0.025869101285934448,0.03223366290330887,1.0,1.0,0.9999999999999999,0.9999999999999999,0.9261027661704816,0.8901711107926206,1.0403648859665497,2.0,0.0,mcf7+TNFA_CASP7,mcf7+TNFA,CASP7,False,True,1
mcf7+TNFA_CASP8,0.102788284,0.014789386,6.950139,0.9758643,0.34158164,0.6717799739679277,0.34981050411886677,0.9804502057372579,0.9964078853746465,0.983984791899365,2512,1285,0.1253560185432434,0.23504112660884857,0.5333365201950073,0.5589635372161865,0.5520608425140381,0.3453846153846154,0.4646153846153846,0.6934338608006834,0.9464372748315714,0.7326780963102782,21.0,4.0,mcf7+TNFA_CASP8,mcf7+TNFA,CASP8,False,True,1
mcf7+TNFA_CASP10,0.09465172,0.081022225,1.1682192,0.96694213,0.6524018,0.6304163636255251,0.6401428994397218,0.9723199240187615,0.9848979362618041,0.9872291211302741,2912,820,0.05347941070795059,0.38697749376296997,0.13819773495197296,0.14501510560512543,0.7403374910354614,0.12981430236914082,0.6807692307692308,0.16690079349284326,0.8107130035991085,0.2058691457419554,25.0,0.0,mcf7+TNFA_CASP10,mcf7+TNFA,CASP10,False,True,1
mcf7+TNFA_CEBPB,0.08663472,0.00900612,9.619538,0.9786036,0.24112941,0.7282803108821487,0.21065714333734542,0.9830734866591399,0.9976456177201154,0.9853934796062386,2255,1614,0.14047981798648834,0.15430854260921478,0.9103826284408569,0.31863605976104736,0.531043529510498,0.5,0.5292307692307692,0.6081526618616573,0.9727932149887806,0.6251612906949308,23.0,2.0,mcf7+TNFA_CEBPB,mcf7+TNFA,CEBPB,False,True,1
mcf7+TNFA_CHUK,0.09465508,0.013851206,6.833707,0.9798726,0.42722553,0.7148658517912446,0.31320896626319344,0.9839146498886175,0.9965436834322055,0.9873271651272806,2394,1397,0.1253342479467392,0.18601937592029572,0.6737698316574097,0.433732807636261,0.7194242477416992,0.4820157811803398,0.4584615384615385,0.6537777389910199,0.9606066373839415,0.6805884048141485,19.0,6.0,mcf7+TNFA_CHUK,mcf7+TNFA,CHUK,False,True,1
mcf7+TNFA_CREB1,0.09754485,0.009271953,10.520421,0.9770535,0.23083934,0.7021763256991095,0.22982608013940775,0.9816602975543517,0.9976069038107409,0.984015140437105,2305,1540,0.05580341815948486,0.3220183551311493,0.17329266667366028,0.7199234366416931,0.8329229354858398,0.7230769230769231,0.8353846153846154,0.7735781452108391,0.958784777351883,0.8068319016781058,25.0,0.0,mcf7+TNFA_CREB1,mcf7+TNFA,CREB1,False,False,1
mcf7+TNFA_CSF1,0.09303749,0.005955267,15.622724,0.9792475,0.27355814,0.7158765352617311,0.2092454409334796,0.9834864513665317,0.9984501907477122,0.9850130336797526,2312,1525,0.022943103685975075,0.222516268491745,0.10310753434896469,0.6238481402397156,0.9333276152610779,0.5007692307692309,0.8400000000000001,0.8161640116711883,0.9623265211310014,0.8481154719834267,25.0,0.0,mcf7+TNFA_CSF1,mcf7+TNFA,CSF1,False,True,1
mcf7+TNFA_CSF2,0.08586113,0.003127483,27.453749,0.9797741,0.22705004,0.7357681951546344,0.14810994390160703,0.9841161439283223,0.9991701316127091,0.9849335091111171,2189,1760,0.04507828876376152,0.17134493589401245,0.2630850374698639,0.133501797914505,0.9345887899398804,0.2380952380952381,0.9761904761904763,0.708105037060802,0.984962463686751,0.7189157588912968,8.0,0.0,mcf7+TNFA_CSF2,mcf7+TNFA,CSF2,False,True,1
mcf7+TNFA_DNM1L,0.10145146,0.015126298,6.706959,0.97675866,0.35640502,0.6784708755923551,0.363898728506364,0.9811326471551686,0.9962979066397905,0.9847783886892127,2560,1214,0.024843793362379074,0.37978795170783997,0.0654149055480957,0.8028240203857422,0.8839263319969177,0.6830769230769231,0.8676923076923077,0.7669334916329597,0.9047970221098447,0.8476304330053951,25.0,0.0,mcf7+TNFA_DNM1L,mcf7+TNFA,DNM1L,False,True,1
mcf7+TNFA_FADD,0.08579668,0.0049502198,17.331892,0.9807905,0.3141269,0.717747039828967,0.18845246220161513,0.9848166117433058,0.9986911296665151,0.9861072983317252,2235,1694,0.020489495247602463,0.12186223268508911,0.16813655197620392,-0.12430631369352341,0.9362952709197998,0.02097902097902098,0.9580419580419581,0.6765373210756005,0.9939780585832773,0.6806360716250348,10.0,2.0,mcf7+TNFA_FADD,mcf7+TNFA,FADD,False,True,1
mcf7+TNFA_FOS,0.094958365,0.0029305783,32.402603,0.9778768,0.16738263,0.7216624569572612,0.15738836594424097,0.9824474650362404,0.9992427620138371,0.9831919753476641,2177,1695,0.17228376865386963,0.049071054905653,3.51090407371521,0.9974145293235779,-0.9615951180458069,1.0,-0.5,0.9437716555799237,0.9997681484318668,0.9439905212625813,2.0,1.0,mcf7+TNFA_FOS,mcf7+TNFA,FOS,False,True,1
mcf7+TNFA_ID2,0.091976635,0.0027985359,32.865986,0.9782015,0.09798347,0.742666194094758,0.09575556437736932,0.982873786234041,0.999253363141388,0.9836081843589157,2074,1859,1.145460605621338,0.8786011934280396,1.30373215675354,,,,,,,,0.0,1.0,mcf7+TNFA_ID2,mcf7+TNFA,ID2,False,True,1
mcf7+TNFA_IKBKB,0.10035824,0.030002074,3.3450434,0.97647524,0.55423415,0.6601888602369421,0.4985235192008696,0.9806824453458813,0.9934403867607039,0.9871578188436427,2700,1068,0.06622689962387085,0.2694258987903595,0.2458074688911438,0.41988763213157654,0.5384650826454163,0.35257901132542396,0.3730769230769231,0.6645970187981936,0.9088740889128633,0.7312311209060232,23.0,2.0,mcf7+TNFA_IKBKB,mcf7+TNFA,IKBKB,False,True,1
mcf7+TNFA_IKBKE,0.09983439,0.00469825,21.249271,0.9761527,0.0052201925,0.7375195179430879,0.025361571923286193,0.981204450623099,0.9987460232583691,0.9824364030226209,2039,1845,0.025372132658958435,0.024599408730864525,1.0314122438430786,0.5111332535743713,-0.6555011868476868,0.4642857142857144,-0.4642857142857144,0.8143257782799633,0.952834719553977,0.8546348716817856,4.0,3.0,mcf7+TNFA_IKBKE,mcf7+TNFA,IKBKE,False,True,1
mcf7+TNFA_IKBKG,0.094079465,0.008694208,10.820935,0.97871804,0.3143808,0.724002211601777,0.2918523568053771,0.9830912110208004,0.997816730841162,0.9852422600611759,2384,1418,0.0483795702457428,0.25456905364990234,0.19004498422145844,0.5956095457077026,0.7501128315925598,0.48384615384615387,0.8307692307692308,0.7320775181503508,0.7819522577078204,0.9362176666595092,24.0,1.0,mcf7+TNFA_IKBKG,mcf7+TNFA,IKBKG,False,True,1
mcf7+TNFA_IRF1,0.0839054,0.0041900235,20.025042,0.97909254,0.18403897,0.75295880714253,0.10804038349216864,0.9836495698020378,0.9988917975609364,0.9847408620271819,2175,1811,0.02010476030409336,0.14152759313583374,0.14205540716648102,0.8286030292510986,0.8549359440803528,0.2961816305469556,0.8658410732714137,0.8868701552269799,0.9760846032832082,0.9085996769581837,18.0,0.0,mcf7+TNFA_IRF1,mcf7+TNFA,IRF1,False,True,1
mcf7+TNFA_ITCH,0.09693871,0.013527597,7.165996,0.9771966,0.31791353,0.6920758712767469,0.30668609117115536,0.9817100270209367,0.9966490743249674,0.9850107247486795,2441,1337,0.05226815119385719,0.21284650266170502,0.24556735157966614,0.9029555320739746,0.664097011089325,0.36968648500742735,0.8461538461538461,0.9206625109456676,0.8969120294966053,1.0264802797464903,22.0,3.0,mcf7+TNFA_ITCH,mcf7+TNFA,ITCH,False,True,1
mcf7+TNFA_JUN,0.091457814,0.004217953,21.682985,0.97729313,0.0866428,0.7495683996903306,0.13902136240392537,0.98218103727492,0.9988780637676443,0.9832842194674442,2199,1701,0.008573935367166996,0.022469928488135338,0.38157376646995544,0.32419976592063904,0.5454367399215698,0.2571428571428572,0.14285714285714288,0.8449681712875945,0.9497891876877128,0.8896375977333372,5.0,1.0,mcf7+TNFA_JUN,mcf7+TNFA,JUN,False,True,1
mcf7+TNFA_JUNB,0.08591584,0.007233425,11.877616,0.97796464,0.20870408,0.7352241261246539,0.20286096906144724,0.9826128792155328,0.9981721835989948,0.9844122039873304,2224,1601,0.020602192729711533,0.16862644255161285,0.12217652797698975,0.42950522899627686,0.9407340288162231,0.06307692307692309,0.883846153846154,0.7127749376258364,0.9569792308748415,0.7448175620010469,24.0,1.0,mcf7+TNFA_JUNB,mcf7+TNFA,JUNB,False,True,1
mcf7+TNFA_KLF6,0.07973003,0.004579855,17.408854,0.9796543,0.2075809,0.7459840026514978,0.15640799637108785,0.9840227964630942,0.9988023248693308,0.9852027492945912,2199,1666,0.05186057090759277,0.19666336476802826,0.26370224356651306,0.19779536128044128,0.8398889899253845,0.2076923076923077,0.9038461538461539,0.6488686055384852,0.9783156519366528,0.6632507660017488,23.0,2.0,mcf7+TNFA_KLF6,mcf7+TNFA,KLF6,False,True,1
mcf7+TNFA_MAP2K3,0.089903675,0.0029336796,30.645363,0.97855866,0.13223988,0.7446296309045097,0.08671344983260011,0.9831326478272029,0.9992183382434717,0.983901726178739,2083,1835,0.0027335206978023052,0.02110452391207218,0.12952297925949097,1.0,-1.0,0.9999999999999999,-0.9999999999999999,0.9550825470116779,0.8444024995387265,1.1310749879748259,2.0,0.0,mcf7+TNFA_MAP2K3,mcf7+TNFA,MAP2K3,False,True,1
mcf7+TNFA_MAP3K7,0.09143298,0.0037985016,24.070803,0.9778837,0.10797238,0.7450613538151365,0.11925911654739771,0.9825850899702502,0.9989916552254554,0.9835768745720879,2120,1757,0.1048724353313446,0.05730760097503662,1.8299916982650757,,,,,,,,0.0,1.0,mcf7+TNFA_MAP3K7,mcf7+TNFA,MAP3K7,False,True,1
mcf7+TNFA_MAP3K14,0.09442208,0.0040281806,23.440378,0.9794743,0.26432252,0.7237313338221915,0.19141366814212527,0.9837720034945413,0.9989400552986577,0.9848158538406175,2227,1683,0.03816364333033562,0.12553605437278748,0.3040054440498352,0.07775110751390457,0.8781329393386841,0.17440660474716205,0.954592363261094,0.5803911857919211,0.9821125641153484,0.5909619803252558,18.0,0.0,mcf7+TNFA_MAP3K14,mcf7+TNFA,MAP3K14,False,False,1
mcf7+TNFA_MAPK8,0.09777646,0.0038025002,25.713728,0.97658205,0.015765343,0.7390796467954922,0.09524931008419318,0.981515371481297,0.9989851950502433,0.9825124299584163,2094,1802,,,,,,,,,,,,,mcf7+TNFA_MAPK8,mcf7+TNFA,MAPK8,False,True,1
mcf7+TNFA_MAPK9,0.08941256,0.0030152022,29.65392,0.97918993,0.20413202,0.7344011485927094,0.15400667813005992,0.9836276255161074,0.9992058860102931,0.9844093587594966,2220,1722,0.03501671552658081,0.13647599518299103,0.25657784938812256,0.07041814923286438,0.9766286611557007,0.049450549450549455,0.945054945054945,0.6754459515527053,0.9850185578009839,0.6857190112850385,13.0,0.0,mcf7+TNFA_MAPK9,mcf7+TNFA,MAPK9,False,True,1
mcf7+TNFA_MAPK14,0.08492014,0.002409114,35.24953,0.97919726,0.18588641,0.7451070590988411,0.14345868640167525,0.9836181702325317,0.9993625127021506,0.9842456143096181,2139,1769,,,,,,,,,,,,,mcf7+TNFA_MAPK14,mcf7+TNFA,MAPK14,False,True,1
mcf7+TNFA_MMP9,0.08774752,0.0035980842,24.38729,0.97944343,0.2020272,0.7315664646403294,0.11497797995682432,0.9838604887796417,0.9990448692709822,0.9848011025746813,2156,1815,0.025934793055057526,0.1776174157857895,0.14601492881774902,0.2230023443698883,0.9179227352142334,0.11470588235294117,0.9323529411764706,0.6699120700271777,0.9887831358184269,0.67751162591652,16.0,0.0,mcf7+TNFA_MMP9,mcf7+TNFA,MMP9,False,True,1
mcf7+TNFA_MTF1,0.09575577,0.0047026565,20.362059,0.9771149,0.066213116,0.7288143123941729,0.09064881769726,0.9819934236986388,0.9987468954007527,0.9832255081049425,2184,1865,0.012376770377159119,0.07376741617918015,0.16778099536895752,0.3983691334724426,0.9844806790351868,0.14285714285714288,0.9285714285714288,0.8041276051943758,0.9924935402316409,0.8102094095309659,7.0,0.0,mcf7+TNFA_MTF1,mcf7+TNFA,MTF1,False,True,1
mcf7+TNFA_MTOR,0.103605784,0.008683646,11.931139,0.97654474,0.29441932,0.6668316448678998,0.29165899768683273,0.9808643178002954,0.9978157625335253,0.9830114482355049,2393,1417,0.06145597621798515,0.27988511323928833,0.21957571804523468,0.7559459209442139,0.856870710849762,0.576923076923077,0.8453846153846154,0.6946453456529171,0.9650438496074146,0.7198070283909926,25.0,0.0,mcf7+TNFA_MTOR,mcf7+TNFA,MTOR,False,True,1
mcf7+TNFA_MYC,0.08413164,0.0042111,19.978544,0.97976685,0.2557627,0.7447911188867544,0.2170992331305584,0.9841217451570072,0.998899971743843,0.985205499044077,2260,1629,0.02982732467353344,0.15679392218589783,0.19023266434669495,0.3691198229789734,0.914108157157898,0.3982213438735178,0.9377470355731227,0.7296792792734189,0.9861353160124212,0.7399382898322526,21.0,2.0,mcf7+TNFA_MYC,mcf7+TNFA,MYC,False,True,1
mcf7+TNFA_NFAT5,0.10283118,0.012265617,8.383694,0.9766401,0.34565592,0.6722558354112343,0.34169956331445406,0.9810449476833136,0.9969951144144034,0.9840017603893092,2543,1246,0.06562254577875137,0.26617109775543213,0.24654272198677063,0.5983089804649353,0.6768360137939453,0.29197923217548116,0.6738461538461539,0.740739553818051,0.9439213687564415,0.7847470968836419,24.0,1.0,mcf7+TNFA_NFAT5,mcf7+TNFA,NFAT5,False,True,1
mcf7+TNFA_NFKB1,0.08755702,0.0052437577,16.69738,0.9797058,0.30988476,0.7091760803997772,0.2460724951899012,0.9837333466692421,0.9986314264894182,0.9850815031201765,2319,1566,0.053899042308330536,0.09243905544281006,0.583076536655426,0.7138393521308899,0.7392029166221619,0.06043956043956044,0.8736263736263737,0.7905542079446563,0.63420444142824,1.2465289681105256,11.0,2.0,mcf7+TNFA_NFKB1,mcf7+TNFA,NFKB1,False,True,1
mcf7+TNFA_NFKBIA,0.08904335,0.004107479,21.678345,0.9790589,0.24120295,0.7375628155946876,0.23211283746764183,0.9835492070493819,0.9989302148940012,0.9846025201607788,2294,1582,0.030096253380179405,0.10055524855852127,0.2993006706237793,0.14990049600601196,0.9245894551277161,0.20123839009287925,0.8823529411764706,0.6036928652790201,0.9849371422079244,0.6129252714805002,18.0,0.0,mcf7+TNFA_NFKBIA,mcf7+TNFA,NFKBIA,False,True,1
mcf7+TNFA_NFKBIE,0.086855724,0.0045110956,19.253798,0.97928256,0.21852008,0.7430717097784656,0.18001958795082387,0.9837172768177798,0.9988119316002726,0.9848873904036083,2239,1669,0.025489024817943573,0.17023107409477234,0.14973191916942596,0.6551030874252319,0.955983579158783,0.3553846153846154,0.9738461538461539,0.8656559542798794,0.9804140295683487,0.8829493746239083,23.0,2.0,mcf7+TNFA_NFKBIE,mcf7+TNFA,NFKBIE,False,True,1
mcf7+TNFA_NKX3-1,0.08751289,0.0039910506,21.92728,0.97910625,0.17249358,0.74321231057321,0.15485163061651258,0.9835983180724126,0.9989422287816159,0.984639841757498,2178,1745,0.035072967410087585,0.21734099090099335,0.16137300431728363,0.6592996716499329,0.9063425064086914,0.5692307692307692,0.8853846153846154,0.8627312439022071,0.9818916862786328,0.8786419683131819,25.0,0.0,mcf7+TNFA_NKX3-1,mcf7+TNFA,NKX3-1,False,True,1
mcf7+TNFA_PDCD5,0.08497706,0.011390331,7.4604554,0.9785017,0.34162003,0.7052119221499944,0.3212210634570983,0.9827975520949668,0.9972113932331098,0.9855458519267302,2417,1376,0.13786004483699799,0.2805165946483612,0.49145057797431946,0.7015292048454285,0.4058472216129303,0.5146153846153847,0.4915384615384616,0.7519231536372879,0.95737718544835,0.7853990726603268,21.0,4.0,mcf7+TNFA_PDCD5,mcf7+TNFA,PDCD5,False,True,1
mcf7+TNFA_PIK3CA,0.0855758,0.00644006,13.288043,0.9798902,0.3185488,0.7185192117350527,0.2718559437180733,0.984017958300846,0.9983528537044273,0.9856414539705165,2362,1506,0.024115700274705887,0.26724520325660706,0.09023810178041458,0.8318372368812561,0.9170740842819214,0.44461538461538463,0.9123076923076923,0.887938249729063,0.9493862631543762,0.9352760664335403,24.0,1.0,mcf7+TNFA_PIK3CA,mcf7+TNFA,PIK3CA,False,True,1
mcf7+TNFA_PTGS2,0.09487456,0.004895092,19.381569,0.978514,0.18921256,0.7216336013816828,0.18398102687256082,0.9830254015767819,0.9987113648848389,0.9842937971273955,2246,1643,0.09158170968294144,0.2740333676338196,0.33419913053512573,0.42642849683761597,0.6443151235580444,0.3276923076923077,0.9223076923076923,0.6701110385549512,0.7748842485800888,0.8647885665283225,23.0,2.0,mcf7+TNFA_PTGS2,mcf7+TNFA,PTGS2,False,True,1
mcf7+TNFA_RELB,0.084418714,0.0053895256,15.663478,0.9794593,0.2379553,0.7414891084249712,0.16265168095502122,0.9838296240472741,0.9985959698981235,0.9852128926052487,2220,1648,0.029379412531852722,0.19912515580654144,0.14754244685173035,0.3576992154121399,0.9209557771682739,0.18846153846153846,0.9315384615384614,0.7526796924072142,0.9647938468034557,0.7801456185702098,23.0,2.0,mcf7+TNFA_RELB,mcf7+TNFA,RELB,False,True,1
mcf7+TNFA_REPIN1,0.08398878,0.0038386933,21.879522,0.9798886,0.23853412,0.7374671563784574,0.1684309208788855,0.9841866261277211,0.9989879363826781,0.9851836947015072,2210,1703,0.025176675990223885,0.1702573597431183,0.14787423610687256,0.42636197805404663,0.9004635810852051,0.25,0.8617647058823529,0.7648315895298861,0.9839524090235711,0.7773054697725367,16.0,0.0,mcf7+TNFA_REPIN1,mcf7+TNFA,REPIN1,False,True,1
mcf7+TNFA_SOX4,0.08825117,0.0109529905,8.057267,0.97838223,0.2591786,0.7278812121863056,0.24133319533270714,0.9828532173409011,0.9971824237638972,0.9856303058682984,2314,1481,0.03931952640414238,0.21680574119091034,0.18135832250118256,0.7703244686126709,0.8511644601821899,0.5797268812759553,0.5507692307692308,0.8567705624146291,0.9616877404807307,0.890903072120213,24.0,1.0,mcf7+TNFA_SOX4,mcf7+TNFA,SOX4,False,True,1
mcf7+TNFA_SOX9,0.10211303,0.008323587,12.267913,0.9778981,0.3022514,0.6764580160639377,0.25505135133405266,0.982131210494893,0.9978695020226378,0.9842281064850225,2356,1474,0.029977910220623016,0.1937282532453537,0.1547420620918274,0.313071608543396,0.9123092889785767,0.02846153846153846,0.8753846153846153,0.5411190324894233,0.9536265469679658,0.567432853258856,25.0,0.0,mcf7+TNFA_SOX9,mcf7+TNFA,SOX9,False,True,1
mcf7+TNFA_TNFRSF1A,0.05938009,0.050697114,1.1712717,0.9857943,0.5923097,0.7497087316326398,0.34611723636833136,0.9887037638801788,0.9865273618979323,1.0022061242965015,2294,1478,0.2682904005050659,1.6638917922973633,0.16124269366264343,0.8760542869567871,0.9511184692382812,0.8107692307692308,0.8669230769230768,0.9784393595244005,0.8638936119662607,1.1325924233858247,25.0,0.0,mcf7+TNFA_TNFRSF1A,mcf7+TNFA,TNFRSF1A,False,False,1
mcf7+TNFA_TNFRSF1B,0.08879659,0.0030838458,28.79411,0.97923434,0.20957915,0.7391073323072561,0.16507392395199408,0.9836804991602459,0.9991876584092314,0.9844802333991256,2257,1675,0.057871393859386444,0.14324969053268433,0.40398967266082764,0.38923847675323486,0.7325177192687988,0.4761904761904762,0.6428571428571429,0.6229823780948607,0.7669748436879793,0.8122592067026156,7.0,1.0,mcf7+TNFA_TNFRSF1B,mcf7+TNFA,TNFRSF1B,False,True,1
mcf7+TNFA_TRAF1,0.084330104,0.008011941,10.525553,0.9791024,0.3106991,0.725305266211808,0.30493200356838107,0.9834402959157379,0.998012094644551,0.9853991762153915,2385,1426,0.029348008334636688,0.30002906918525696,0.09781721979379654,0.7045933604240417,0.8988349437713623,0.4938461538461539,0.89,0.869637774568808,0.9608628977886856,0.9050591677232812,24.0,1.0,mcf7+TNFA_TRAF1,mcf7+TNFA,TRAF1,False,True,1
mcf7+TNFA_TRAF2,0.08830834,0.0033797608,26.128578,0.97969806,0.29210895,0.7257139652851842,0.20841657833675348,0.9839119024431832,0.9991233513967659,0.9847752042504889,2255,1611,0.03680665045976639,0.022135140374302864,1.6628153324127197,1.0,-1.0,0.9999999999999999,-0.9999999999999999,0.7885893201477958,0.9796342317171485,0.8049834260747706,1.0,1.0,mcf7+TNFA_TRAF2,mcf7+TNFA,TRAF2,False,True,1
mcf7+TNFA_TRAF3,0.09655409,0.0032587731,29.628971,0.9769827,0.020845799,0.7461666885169074,0.05132538193017084,0.981991126991546,0.9991307489427963,0.9828454664523275,2064,1882,0.15269635617733002,0.14671699702739716,1.0407543182373047,,,,,,,,0.0,1.0,mcf7+TNFA_TRAF3,mcf7+TNFA,TRAF3,False,False,1
mcf7+TNFA_ZFP36L1,0.10931102,0.004739144,23.065563,0.9780575,0.26180723,0.683472511927754,0.19117589879441885,0.9823756954609336,0.9987445722048429,0.9836105474818521,2257,1665,0.024884359911084175,0.16276060044765472,0.15288934111595154,0.5302996039390564,0.9197484850883484,0.4946153846153846,0.8523076923076923,0.7638743352646575,0.97292232044917,0.7851339405102752,25.0,0.0,mcf7+TNFA_ZFP36L1,mcf7+TNFA,ZFP36L1,False,True,1
mcf7+TNFA_ZNF22,0.085816726,0.0051296526,16.72954,0.9790355,0.1917767,0.7411592868727246,0.15922502147572773,0.983524286562427,0.998651247901418,0.98485260858505,2222,1646,0.03832145780324936,0.2729005515575409,0.1404227912425995,0.4979310631752014,0.8667558431625366,0.41923076923076924,0.8576923076923076,0.8022302913691487,0.9616915027638312,0.8341867314659611,24.0,1.0,mcf7+TNFA_ZNF22,mcf7+TNFA,ZNF22,False,True,1
mcf7+TNFA_ZNF267,0.08827238,0.011678411,7.558595,0.9795699,0.37525535,0.6997356467487489,0.3150066644335791,0.9836154360761266,0.997060304141232,0.9865154915813387,2421,1372,0.039439607411623,0.38029763102531433,0.1037072166800499,0.785656750202179,0.8654674887657166,0.6199999999999999,0.8723076923076923,0.8782600087856057,0.9348140645649373,0.9395023481962139,25.0,0.0,mcf7+TNFA_ZNF267,mcf7+TNFA,ZNF267,False,True,1
a549+IFNB_UBE2L6,0.009491116,0.012129664,0.7824714,0.9971217,0.6032399,0.7985510680949888,0.5816127575645088,0.9977742224416093,0.9976311764642719,1.0001433856325985,2582,785,,,,,,,,,,,,,a549+IFNB_UBE2L6,a549+IFNB,UBE2L6,True,False,2
a549+IFNG_SP100,0.024266373,0.0069156587,3.5089028,0.9955388,0.47863832,0.7548627056743328,0.4141490090963234,0.9964132641431854,0.9985016274848112,0.9979085028164788,2299,954,0.7906532883644104,1.2586843967437744,0.6281585097312927,,,,,,,,1.0,0.0,a549+IFNG_SP100,a549+IFNG,SP100,True,False,2
a549+IFNG_TSC22D1,0.009114879,0.0077165985,1.1812043,0.99722326,0.5130969,0.8178389399976467,0.48458136846237454,0.997854233872725,0.9983586893388088,0.9994947152045945,2350,899,,,,,,,,,,,,,a549+IFNG_TSC22D1,a549+IFNG,TSC22D1,True,False,2
a549+INS_MTOR,0.011093292,0.0065592118,1.6912539,0.99679303,0.2748654,0.8362216923730024,0.3188121632094104,0.9973961135889716,0.9985488133562965,0.998845625019121,2130,1313,0.029686659574508667,0.16843226552009583,0.1762528121471405,1.0,1.0,0.9999999999999999,0.9999999999999999,0.9685962268261644,0.9799068942768859,0.9884574059874657,2.0,0.0,a549+INS_MTOR,a549+INS,MTOR,True,False,2
a549+TNFA_ARID5B,0.04678966,0.007547392,6.1994476,0.98510367,0.25895324,0.7846288768794456,0.25258547714546303,0.988546595801348,0.9984199293218963,0.9901110412256554,2070,1453,0.035022251307964325,0.07342071086168289,0.47700780630111694,0.7752000093460083,0.1382651925086975,0.6540977604744366,0.5384615384615385,0.8814192213536854,0.938366097165253,0.9393127309441373,13.0,1.0,a549+TNFA_ARID5B,a549+TNFA,ARID5B,False,True,2
a549+TNFA_BATF,0.047230877,0.004016788,11.7583685,0.985126,0.141116,0.7814108199317962,0.17779452902581888,0.9886467313453541,0.9991091207025851,0.9895282816056431,2013,1581,,,,,,,,,,,,,a549+TNFA_BATF,a549+TNFA,BATF,False,True,2
a549+TNFA_BIRC2,0.050244905,0.0052506933,9.569195,0.9845324,0.15677744,0.7678295126586403,0.1476477925318415,0.9881899551370323,0.9987807894844848,0.9893962374337227,2049,1614,0.5823540091514587,0.19894945621490479,2.927145481109619,0.3925904333591461,-0.6177681684494019,0.6904761904761906,-0.5476190476190477,0.621294118440198,0.920731019016622,0.6747835204941453,5.0,3.0,a549+TNFA_BIRC2,a549+TNFA,BIRC2,False,True,2
a549+TNFA_BIRC3,0.052013475,0.003932592,13.226257,0.98395586,0.07566597,0.7712334345078863,0.14521055796757537,0.9877291556095505,0.9990990208429988,0.9886198815169943,2004,1574,1.1580250263214111,0.9984472990036011,1.1598259210586548,1.0,-1.0,0.9999999999999999,-0.9999999999999999,0.994901584015303,0.992800991746253,1.0021158241042398,1.0,1.0,a549+TNFA_BIRC3,a549+TNFA,BIRC3,False,False,2
a549+TNFA_CASP3,0.051148456,0.016569002,3.0869968,0.9831501,0.30691355,0.7641832387198282,0.33557239326360216,0.986920638207974,0.9968172308673783,0.9900718081981862,2201,1302,0.040446195751428604,0.15520542860031128,0.260597825050354,0.4325162470340729,0.8875119686126709,0.6452361025103968,0.23076923076923078,0.7494638667285781,0.9655001525499805,0.7762441722553546,23.0,2.0,a549+TNFA_CASP3,a549+TNFA,CASP3,False,True,2
a549+TNFA_CASP7,0.046821453,0.0027184957,17.223295,0.98537487,0.13062426,0.7888414538876841,0.15510917888721537,0.9888625078918617,0.9993794563673218,0.989476521246806,2026,1606,,,,,,,,,,,,,a549+TNFA_CASP7,a549+TNFA,CASP7,False,True,2
a549+TNFA_CASP8,0.051817372,0.034243684,1.513195,0.98216957,0.4287946,0.7513266454010479,0.43047351163187597,0.9859807999123811,0.9938128094521418,0.9921192306385362,2312,1166,0.09924569725990295,0.30045029520988464,0.330323189496994,0.17278777062892914,0.7969480156898499,0.24004616716403193,0.48692307692307696,0.7035833411304211,0.9655443353976885,0.7286908693225662,22.0,3.0,a549+TNFA_CASP8,a549+TNFA,CASP8,False,False,2
a549+TNFA_CASP10,0.06402177,0.12640195,0.50649357,0.9739637,0.660134,0.7170610592038165,0.6557993851022941,0.9789975102067034,0.9805922462849116,0.9983737011135363,2707,694,0.12041124701499939,0.5464986562728882,0.22033219039440155,0.39545050263404846,0.5280246734619141,0.43685836886435875,0.5130769230769231,0.7614955339408667,0.8418166803718953,0.9045859409728677,25.0,0.0,a549+TNFA_CASP10,a549+TNFA,CASP10,False,True,2
a549+TNFA_CEBPB,0.05373103,0.019777302,2.716803,0.98253286,0.22924913,0.7868319984292425,0.2330646776867009,0.986505383059651,0.995791275626609,0.9906748604911056,2048,1459,0.28991222381591797,0.584060788154602,0.49637338519096375,0.890877366065979,0.45791199803352356,0.8961538461538462,0.5061538461538462,0.9427226647907513,0.9694565704161664,0.9724238233653532,20.0,5.0,a549+TNFA_CEBPB,a549+TNFA,CEBPB,False,True,2
a549+TNFA_CHUK,0.0371647,0.019421177,1.9136173,0.987958,0.5377419,0.7806245140495736,0.367896098287401,0.9906914553582804,0.9958447795163508,0.99482517329601,2128,1367,0.08968725800514221,0.37249645590782166,0.24077345430850983,0.8334664702415466,0.8905226588249207,0.5038461538461538,0.81,0.8938747562875916,0.9645112555918606,0.9267644634577916,23.0,2.0,a549+TNFA_CHUK,a549+TNFA,CHUK,False,True,2
a549+TNFA_CREB1,0.046330377,0.005075445,9.128338,0.98551667,0.21800068,0.7852375272616957,0.18317837377504134,0.9889663797348668,0.9988414646111422,0.990113461218673,2061,1570,0.011358759365975857,0.03213321790099144,0.35348963737487793,0.5323033332824707,-0.6296457052230835,0.5,-0.5,0.9168792514327557,0.9944329275860196,0.922012159893453,3.0,0.0,a549+TNFA_CREB1,a549+TNFA,CREB1,False,True,2
a549+TNFA_CSF1,0.04942641,0.011511556,4.2936344,0.9839755,0.22562435,0.7857780558739409,0.25779139679010793,0.9876073644837823,0.9977194115291691,0.9898648388228827,2055,1460,0.20933207869529724,0.11723066121339798,1.7856427431106567,0.9218972325325012,-0.6564740538597107,0.4992307692307692,-0.03769230769230769,0.9504061284013195,0.9514385321302232,0.9989149023357377,19.0,6.0,a549+TNFA_CSF1,a549+TNFA,CSF1,False,False,2
a549+TNFA_CSF2,0.047319207,0.0027307696,17.328157,0.98516995,0.08943899,0.7892302131801995,0.1291170385323523,0.9887179871641621,0.9993805887875693,0.989330789748135,1953,1678,0.00445024436339736,0.3398832380771637,0.013093450106680393,,,,,,,,1.0,0.0,a549+TNFA_CSF2,a549+TNFA,CSF2,False,True,2
a549+TNFA_DNM1L,0.054470457,0.018335553,2.9707563,0.98224604,0.3546042,0.7478741427967605,0.3925957324554744,0.9861685899163672,0.9965111833632829,0.9896211968118523,2326,1176,0.1558568924665451,0.1405978798866272,1.1085294485092163,0.7401463389396667,-0.39771729707717896,0.3849115844164018,-0.13076923076923078,0.8591156831320674,0.9200763499054515,0.9337439042100707,20.0,5.0,a549+TNFA_DNM1L,a549+TNFA,DNM1L,False,True,2
a549+TNFA_FADD,0.047633246,0.0030389759,15.674111,0.9852251,0.16864339,0.777248592854214,0.17039893710359197,0.9887409855746216,0.999309901218792,0.9894237857232474,2044,1569,,,,,,,,,,,,,a549+TNFA_FADD,a549+TNFA,FADD,False,True,2
a549+TNFA_FOS,0.047586426,0.0046916297,10.142835,0.98496294,0.18463844,0.784453909305786,0.18393962688166068,0.9885056492195632,0.9989746762358417,0.9895202278242667,1978,1580,1.1094748973846436,1.6299160718917847,0.6806945204734802,,,,,,,,1.0,0.0,a549+TNFA_FOS,a549+TNFA,FOS,False,True,2
a549+TNFA_ID2,0.04626066,0.0025809635,17.923794,0.9855459,0.14199033,0.7946947811389856,0.15791478743175305,0.9889989889556069,0.9994083456832554,0.9895844808855062,1988,1620,,,,,,,,,,,,,a549+TNFA_ID2,a549+TNFA,ID2,False,True,2
a549+TNFA_IKBKB,0.048071355,0.067968436,0.70726,0.9837824,0.59648037,0.7552261449028209,0.509455151291964,0.9870455093602306,0.9884079260947904,0.9986216048064863,2414,1044,0.10132788866758347,0.3757131099700928,0.26969483494758606,0.3256320059299469,0.7306867837905884,0.17782915200037763,0.7238461538461537,0.8329597500458424,0.958580245714978,0.8689515079924908,22.0,3.0,a549+TNFA_IKBKB,a549+TNFA,IKBKB,False,True,2
a549+TNFA_IKBKE,0.047654632,0.004405506,10.817062,0.9850215,0.13387844,0.7911570284252378,0.14953186438283736,0.9885474333491027,0.9990155553938147,0.9895215625140237,1981,1594,,,,,,,,,,,,,a549+TNFA_IKBKE,a549+TNFA,IKBKE,False,True,2
a549+TNFA_IKBKG,0.047517486,0.005993284,7.928456,0.9848968,0.23534551,0.7795435952841842,0.2407794152193369,0.9884141670574963,0.9987417440998496,0.9896594118515979,2039,1499,0.12468348443508148,0.09600090980529785,1.298774003982544,1.0,-1.0,0.9999999999999999,-0.9999999999999999,0.9991635502620434,0.9517518426848314,1.0498151991421067,1.0,1.0,a549+TNFA_IKBKG,a549+TNFA,IKBKG,False,True,2
a549+TNFA_IRF1,0.04639093,0.0038695182,11.988812,0.98552686,0.14355177,0.7959022193499352,0.12541027581884898,0.9890397433801051,0.9990954192862748,0.989935219687672,2070,1651,,,,,,,,,,,,,a549+TNFA_IRF1,a549+TNFA,IRF1,False,True,2
a549+TNFA_ITCH,0.049466815,0.017069282,2.8980021,0.9836788,0.33363205,0.7702554140700729,0.33957583862386204,0.9873209079517627,0.9967382160265399,0.9905518741798435,2173,1327,0.08954930305480957,0.14765886962413788,0.606460690498352,0.700722873210907,0.07866167277097702,0.47846153846153844,0.10076923076923076,0.8934537852891364,0.9594520863976315,0.9312125096769627,19.0,6.0,a549+TNFA_ITCH,a549+TNFA,ITCH,False,True,2
a549+TNFA_JUN,0.04776055,0.009081279,5.2592316,0.98490447,0.19035666,0.7986022952050676,0.20938375851833513,0.9884197299425346,0.9979600384436984,0.9904401898536521,1965,1575,0.08506419509649277,0.1358351856470108,0.6262309551239014,0.5331825613975525,0.6371362209320068,0.726048533927836,0.5015384615384615,0.7383025810061109,0.89064514691855,0.8289525672042191,18.0,7.0,a549+TNFA_JUN,a549+TNFA,JUN,False,True,2
a549+TNFA_JUNB,0.047582317,0.00772416,6.1601934,0.98484796,0.20573312,0.7856571903846442,0.19536627270192353,0.9883955700786969,0.9983227965205766,0.9900560956070734,2036,1530,0.0813179537653923,0.11031074076890945,0.7371716499328613,0.3179225027561188,0.8561978936195374,0.6385964912280702,0.3140350877192983,0.6027103505700142,0.9621183031061881,0.6264409986008692,13.0,6.0,a549+TNFA_JUNB,a549+TNFA,JUNB,False,True,2
a549+TNFA_KLF6,0.046216216,0.0035749457,12.927809,0.9855546,0.1799078,0.7852412647906089,0.18263434162316314,0.9890005354882069,0.9991825922103695,0.9898096135765955,2028,1559,0.0004441403434611857,0.059089548885822296,0.00751639436930418,,,,,,,,1.0,0.0,a549+TNFA_KLF6,a549+TNFA,KLF6,False,True,2
a549+TNFA_MAP2K3,0.048563275,0.002011807,24.139133,0.9849872,0.03449164,0.7889341720788654,0.08805253187736665,0.9885995449927106,0.9995294000420211,0.98906499893965,1955,1696,,,,,,,,,,,,,a549+TNFA_MAP2K3,a549+TNFA,MAP2K3,False,True,2
a549+TNFA_MAP3K7,0.033608977,0.011708601,2.870452,0.9895257,0.5484481,0.7889924483714836,0.31122236243901014,0.9920257011372426,0.9972693412154213,0.9947420021237312,2191,1417,0.08956833928823471,0.12260136008262634,0.73056560754776,0.5184409618377686,0.7182738184928894,0.6253846153846154,0.5115384615384615,0.6843921073136033,0.7361932061176746,0.9296365432693341,19.0,6.0,a549+TNFA_MAP3K7,a549+TNFA,MAP3K7,False,True,2
a549+TNFA_MAP3K14,0.04723803,0.005012167,9.424671,0.985192,0.15796223,0.7907245683986378,0.16163172361495523,0.9886872155416927,0.9988628165683427,0.9898128142745277,2002,1560,0.01739678345620632,0.056698236614465714,0.30683112144470215,0.6336709856987,0.7139391899108887,0.2571428571428572,0.5428571428571429,0.8389743369968359,0.9469814374587917,0.8859459159497455,5.0,1.0,a549+TNFA_MAP3K14,a549+TNFA,MAP3K14,False,True,2
a549+TNFA_MAPK8,0.04542835,0.003440226,13.205049,0.9857422,0.194529,0.7948219419872228,0.2017819484072002,0.9891383103618185,0.9992226934024019,0.9899077722041665,2041,1541,,,,,,,,,,,,,a549+TNFA_MAPK8,a549+TNFA,MAPK8,False,True,2
a549+TNFA_MAPK9,0.046844307,0.0035465409,13.20845,0.98523563,0.13678609,0.7939241717674292,0.1426325500474939,0.9887391642391065,0.9992224164360539,0.9895085898549612,1952,1639,,,,,,,,,,,,,a549+TNFA_MAPK9,a549+TNFA,MAPK9,False,True,2
a549+TNFA_MAPK14,0.048251085,0.0032858474,14.684518,0.9849941,0.09583111,0.7945783864344813,0.11179732951868881,0.9885921399700931,0.9992325904061071,0.9893513777090782,1976,1653,0.04830431938171387,0.07711640000343323,0.6263819336891174,1.0,-1.0,0.9999999999999999,-0.9999999999999999,0.9727476913686066,0.9894684357871701,0.9831012856865299,2.0,0.0,a549+TNFA_MAPK14,a549+TNFA,MAPK14,False,True,2
a549+TNFA_MMP9,0.04603368,0.002101898,21.901007,0.98566383,0.14448349,0.782354675008135,0.15586551335585838,0.9891220075194447,0.9995132998771007,0.9896036477364196,2037,1651,,,,,,,,,,,,,a549+TNFA_MMP9,a549+TNFA,MMP9,False,True,2
a549+TNFA_MTF1,0.05137088,0.0034435554,14.917977,0.9841251,-0.011434262,0.7827520446922723,0.053911355993905,0.9879433531353509,0.9991944758525267,0.9887398069253973,1958,1730,0.06932171434164047,0.031088637188076973,2.229808807373047,,,,,,,,0.0,1.0,a549+TNFA_MTF1,a549+TNFA,MTF1,False,True,2
a549+TNFA_MTOR,0.051800024,0.011732327,4.4151535,0.98365736,0.1404895,0.79943758413277,0.1461251560998674,0.9873014841357516,0.9975247629277318,0.9897513533779603,1858,1666,0.08883615583181381,0.09155067801475525,0.9703494906425476,0.6987873315811157,0.1946549117565155,0.5539526934554584,0.1992307692307692,0.8666848373062601,0.9595756429863305,0.9031959529621015,17.0,8.0,a549+TNFA_MTOR,a549+TNFA,MTOR,False,False,2
a549+TNFA_MYC,0.048618022,0.0039690775,12.2492,0.98477066,0.06575578,0.7953074105499048,0.11613796913267015,0.9883849367778818,0.9990937079959192,0.9892815147044433,1911,1658,,,,,,,,,,,,,a549+TNFA_MYC,a549+TNFA,MYC,False,True,2
a549+TNFA_NFAT5,0.050308004,0.03597576,1.3983861,0.98252547,0.45881563,0.7599030471892736,0.4540960218998206,0.986270616541137,0.9936992883377698,0.9925242255038149,2366,1108,0.052592553198337555,0.23813506960868835,0.22085177898406982,0.6256076097488403,0.6137015223503113,0.3685324168960618,0.6792307692307692,0.8965362518398433,0.946984480426471,0.946727502267082,24.0,1.0,a549+TNFA_NFAT5,a549+TNFA,NFAT5,False,True,2
a549+TNFA_NFKB1,0.050947294,0.0093324,5.4591846,0.9836774,0.19244829,0.7768064664927083,0.2039140222510201,0.987452073989674,0.9980255383122594,0.9894056174750139,2039,1504,0.038193296641111374,0.06317560374736786,0.6045576930046082,0.7888050675392151,0.09399649500846863,0.6293518100646733,0.45153846153846156,0.9091848252026025,0.9676316282966364,0.9395980852786712,21.0,4.0,a549+TNFA_NFKB1,a549+TNFA,NFKB1,False,True,2
a549+TNFA_NFKBIA,0.055668544,0.0036935674,15.071755,0.9826543,-0.19263127,0.7901788474692063,0.018714348614641555,0.9868163638804731,0.999140666546445,0.9876650975396977,1890,1759,,,,,,,,,,,,,a549+TNFA_NFKBIA,a549+TNFA,NFKBIA,False,True,2
a549+TNFA_NFKBIE,0.048775706,0.005223291,9.338118,0.98457825,0.086712174,0.794673639647178,0.14226349317978912,0.9882069985929768,0.9988649846809251,0.9893299031887148,1914,1645,,,,,,,,,,,,,a549+TNFA_NFKBIE,a549+TNFA,NFKBIE,False,True,2
a549+TNFA_NKX3-1,0.046424415,0.0027482302,16.892477,0.98553604,0.15187147,0.78881774461383,0.1574395330970756,0.9890052084617045,0.9993658406298117,0.9896327933706661,2023,1610,0.09198500961065292,0.5134926438331604,0.1791359782218933,,,,,,,,1.0,0.0,a549+TNFA_NKX3-1,a549+TNFA,NKX3-1,False,True,2
a549+TNFA_PDCD5,0.050307155,0.014229729,3.5353558,0.98393416,0.36779964,0.7525487224902451,0.36004660599608895,0.987546941648448,0.9971575538265933,0.9903619923037592,2214,1269,0.04183008521795273,0.09680435061454773,0.4321095645427704,0.5849408507347107,0.05940353870391846,0.5915102004472572,0.13307692307692306,0.8377211785873278,0.9274078984932851,0.903293124792589,22.0,3.0,a549+TNFA_PDCD5,a549+TNFA,PDCD5,False,True,2
a549+TNFA_PIK3CA,0.04772391,0.008642066,5.52228,0.9846763,0.24297142,0.7803257184571274,0.2409167351125447,0.9882026898198054,0.9982586854093722,0.9899264632138483,2009,1512,0.036816470324993134,0.09198790788650513,0.40023162961006165,0.590936541557312,0.17870233952999115,0.5784615384615384,0.3130769230769231,0.8914641637169658,0.979449637032598,0.9101684558460825,22.0,3.0,a549+TNFA_PIK3CA,a549+TNFA,PIK3CA,False,True,2
a549+TNFA_PTGS2,0.048469745,0.0034331267,14.118251,0.98492736,0.11839339,0.7832276182733457,0.15515819068246287,0.9885288383044691,0.9992054620818241,0.9893148864948051,2034,1606,0.549979031085968,1.6207530498504639,0.33933550119400024,1.0,-1.0,0.9999999999999999,-0.9999999999999999,0.9607886079321939,0.9997125742356133,0.9610648427292405,2.0,0.0,a549+TNFA_PTGS2,a549+TNFA,PTGS2,False,True,2
a549+TNFA_RELB,0.046899293,0.004216411,11.123035,0.98533356,0.16505983,0.7931312466989471,0.15019870304809,0.9888176264113735,0.9990314030954162,0.989776320691826,1960,1607,0.01606360822916031,0.09494145214557648,0.16919489204883575,1.0,1.0,0.9999999999999999,0.9999999999999999,0.9645635389841042,0.9560233603731217,1.0089330229416666,2.0,0.0,a549+TNFA_RELB,a549+TNFA,RELB,False,True,2
a549+TNFA_REPIN1,0.04691435,0.0024836634,18.889174,0.98544395,0.12629914,0.7868916794969949,0.1283139717051931,0.9889394746429954,0.9994258364327745,0.9895076138643685,2002,1644,,,,,,,,,,,,,a549+TNFA_REPIN1,a549+TNFA,REPIN1,False,True,2
a549+TNFA_SOX4,0.05076602,0.009488834,5.35008,0.98368716,0.20907183,0.7756178712983955,0.23607835223219534,0.987427461864084,0.9980982765693778,0.9893088536912708,2070,1468,0.09420838207006454,0.13624295592308044,0.6914734244346619,0.37242433428764343,0.717458188533783,0.7529819718583863,0.45153846153846156,0.6559443597102737,0.9596619346641057,0.6835160758354585,20.0,5.0,a549+TNFA_SOX4,a549+TNFA,SOX4,False,True,2
a549+TNFA_SOX9,0.053642828,0.027197514,1.9723431,0.9818647,0.34438023,0.7680634781778262,0.37298562091038273,0.9858201562047576,0.9949463089161201,0.990827492268096,2232,1248,0.14635181427001953,0.21559911966323853,0.6788145303726196,0.7019453048706055,0.3057912588119507,0.5201000288554025,0.3069230769230769,0.8421407478986329,0.9428861788379732,0.8931520758279643,21.0,4.0,a549+TNFA_SOX9,a549+TNFA,SOX9,False,True,2
a549+TNFA_TNFRSF1A,0.043311756,0.06463382,0.6701098,0.98650056,0.6207625,0.7931838359693364,0.3799519573236366,0.9892560737820193,0.985714644051603,1.0035927534928972,2086,1405,0.7014557719230652,2.203436851501465,0.31834620237350464,0.7493540644645691,0.7971435785293579,0.7569230769230769,0.8346153846153845,0.9486231509203864,0.8805000262284385,1.0773686799121955,22.0,3.0,a549+TNFA_TNFRSF1A,a549+TNFA,TNFRSF1A,False,False,2
a549+TNFA_TNFRSF1B,0.04482492,0.0026024417,17.224178,0.9859959,0.20628569,0.7870544279428294,0.1879471220311093,0.9893547443018765,0.9994020848042288,0.9899466484459852,2031,1596,,,,,,,,,,,,,a549+TNFA_TNFRSF1B,a549+TNFA,TNFRSF1B,False,True,2
a549+TNFA_TRAF1,0.048258726,0.008939938,5.398105,0.98448175,0.2169848,0.7897392981477804,0.23516202202418426,0.9880494477738704,0.9981794626998624,0.9898515093682728,2057,1465,0.058883748948574066,0.05840970203280449,1.0081158876419067,0.4334581196308136,-0.06951410323381424,0.5200451722190853,-0.1044607566346697,0.8332501804994854,0.9549743485201899,0.8725367145103677,17.0,5.0,a549+TNFA_TRAF1,a549+TNFA,TRAF1,False,True,2
a549+TNFA_TRAF2,0.051674366,0.010171106,5.080506,0.9836065,0.16260263,0.7772119486628195,0.16699364248754608,0.987463265177783,0.9977104597779389,0.9897292901966402,2006,1572,0.3892822265625,0.2850346565246582,1.365736484527588,0.34369903802871704,0.12421871721744537,0.7675324675324675,-0.062337662337662345,0.5409013705915223,0.7355708146435146,0.7353491463002968,15.0,6.0,a549+TNFA_TRAF2,a549+TNFA,TRAF2,False,True,2
a549+TNFA_TRAF3,0.053139728,0.007858148,6.762373,0.9832656,0.036043234,0.7900594766056696,0.10707002992871602,0.9872526871607498,0.9981898215127628,0.9890430315794667,1940,1677,0.4771925210952759,0.243491992354393,1.959787368774414,0.2699298858642578,0.09426736831665039,0.5928571428571427,0.15357142857142855,0.60980494302782,0.8242806413534824,0.7398025774650125,8.0,7.0,a549+TNFA_TRAF3,a549+TNFA,TRAF3,False,True,2
a549+TNFA_ZFP36L1,0.071371205,0.047045384,1.5170714,0.9787822,0.22564825,0.7977877819082039,0.2440072774035208,0.9830047518053184,0.9919353474777588,0.9909967966207187,1981,1505,0.2562946677207947,0.41536015272140503,0.6170420050621033,0.9336930513381958,0.4822031259536743,0.7809194220240141,0.30846153846153845,0.9106193236600307,0.8940270201722045,1.0185590626608023,19.0,6.0,a549+TNFA_ZFP36L1,a549+TNFA,ZFP36L1,False,True,2
a549+TNFA_ZNF22,0.047120262,0.0027190517,17.329668,0.98527414,0.10941099,0.790486842973933,0.15425832111990934,0.9887937883598502,0.9993780746192052,0.9894091270079264,2018,1623,,,,,,,,,,,,,a549+TNFA_ZNF22,a549+TNFA,ZNF22,False,True,2
a549+TNFA_ZNF267,0.048130006,0.012317676,3.9073935,0.98437774,0.3220647,0.7712691650872096,0.3222604876340909,0.9879099431533607,0.9975662246846049,0.9903201599128948,2157,1352,0.09823132306337357,0.10752297192811966,0.9135845303535461,0.5365893840789795,0.051511190831661224,0.7116753353420817,0.17153846153846153,0.8287159563088368,0.9587723933555788,0.864351082751182,21.0,4.0,a549+TNFA_ZNF267,a549+TNFA,ZNF267,False,True,2
bxpc3+IFNB_SP100,0.014610854,0.004771125,3.0623498,0.9970687,0.3168888,0.8272277201996827,0.23936546670337222,0.9975573947556559,0.9989087691426412,0.9986471493406298,2458,1746,0.0023486397694796324,0.39077743887901306,0.006010172422975302,0.8475825786590576,0.9953355193138123,0.8999999999999998,0.9999999999999999,0.9396431454804948,0.6130945658331507,1.532623510051159,5.0,0.0,bxpc3+IFNB_SP100,bxpc3+IFNB,SP100,True,False,2
bxpc3+IFNG_ATF3,0.04568526,0.0033918084,13.469294,0.9869168,0.020515705,0.828067295180058,0.08379359724726665,0.9902564406307346,0.9992321459340229,0.9910173973687583,2293,1928,0.5039045810699463,0.9455640912055969,0.5329142808914185,0.885219931602478,0.5158485174179077,0.7999999999999999,0.6,0.9527006050085227,0.9766353061998523,0.9754926930867768,3.0,2.0,bxpc3+IFNG_ATF3,bxpc3+IFNG,ATF3,False,True,2
bxpc3+IFNG_ATF5,0.050731067,0.0037177827,13.645517,0.9870171,0.18293025,0.7991060111596845,0.19455463465850265,0.9901958383184309,0.9991707028485823,0.9910176864628191,2317,1688,0.11802525818347931,0.1855316013097763,0.6361463665962219,0.9959744215011597,0.8781140446662903,0.7999999999999999,0.7999999999999999,0.9503997833091886,0.9135905855617326,1.0402906929309297,2.0,2.0,bxpc3+IFNG_ATF5,bxpc3+IFNG,ATF5,False,True,2
bxpc3+IFNG_BATF2,0.04858073,0.006514565,7.457248,0.98625416,0.06799415,0.8296806778513746,0.10843612492856924,0.9896818008391588,0.9985480423516977,0.9911208663614643,2132,1823,0.09541493654251099,0.17397233843803406,0.548448920249939,0.8396216630935669,0.675409197807312,0.7276923076923076,0.4469230769230769,0.8833251177748886,0.7890181115423742,1.119524513890008,21.0,4.0,bxpc3+IFNG_BATF2,bxpc3+IFNG,BATF2,False,True,2
bxpc3+IFNG_CEBPB,0.059291054,0.015165759,3.9095342,0.9835887,0.09646158,0.8081902338266012,0.18268814326131808,0.9875693674154052,0.9966268322538404,0.990911879406305,2308,1633,0.12742435932159424,0.2693198323249817,0.47313395142555237,0.8929024338722229,0.6276336908340454,0.7516830298694204,0.21769230769230768,0.9249081682095022,0.9565208898269831,0.9669503071457236,17.0,8.0,bxpc3+IFNG_CEBPB,bxpc3+IFNG,CEBPB,False,True,2
bxpc3+IFNG_CEBPE,0.0533398,0.027815009,1.9176626,0.983011,0.20615315,0.8282823771427985,0.2685606971245172,0.9865992777867623,0.9945836173503522,0.9919721786843214,2370,1519,0.1826075315475464,0.2329428791999817,0.7839155197143555,0.39935100078582764,0.08831048756837845,0.4018476941307234,-0.15076923076923077,0.7953187944753606,0.8828811010228393,0.9008220852773542,20.0,5.0,bxpc3+IFNG_CEBPE,bxpc3+IFNG,CEBPE,False,True,2
bxpc3+IFNG_CLK1,0.064582065,0.074051335,0.87212557,0.9781198,0.5665082,0.7436405086662086,0.609293251418291,0.9827307255757597,0.9874452622949033,0.9952255209486888,2997,883,0.11792541295289993,0.39243412017822266,0.3004973530769348,0.6643054485321045,0.4122906029224396,0.4281344324066165,0.30230769230769233,0.7991345044688967,0.8870475191074192,0.9008925533921972,24.0,1.0,bxpc3+IFNG_CLK1,bxpc3+IFNG,CLK1,False,True,2
bxpc3+IFNG_CUL1,0.094639875,0.16152915,0.58589965,0.9691618,0.5452259,0.7719833367887384,0.5471491951717261,0.9749384689498733,0.9769652203133978,0.997925462113304,2777,1033,0.29205086827278137,0.499953031539917,0.5841566324234009,0.31132984161376953,0.20070084929466248,0.29913488115089837,0.23384615384615384,0.5689606384367172,0.6368326294285295,0.893422560567102,21.0,4.0,bxpc3+IFNG_CUL1,bxpc3+IFNG,CUL1,False,True,2
bxpc3+IFNG_EHF,0.064417996,0.0062874407,10.245503,0.9842115,-0.011286303,0.7887805288422982,0.05206242872737181,0.9879913009686226,0.9985770685295494,0.989399148153367,2204,1920,0.2662501037120819,0.48152029514312744,0.5529364347457886,0.9035440683364868,0.9326539039611816,0.9047619047619048,0.8571428571428572,0.9240528474026694,0.8737751659193325,1.0575407535535046,8.0,0.0,bxpc3+IFNG_EHF,bxpc3+IFNG,EHF,False,True,2
bxpc3+IFNG_ETV7,0.049955826,0.0085558565,5.838787,0.9851545,-0.011140374,0.8401338911954342,0.06829763217454134,0.9887476469763896,0.9980948699679419,0.9906349353425166,2100,1842,0.09018581360578537,0.22242267429828644,0.4054704010486603,0.8093188405036926,0.706680953502655,0.8823076923076922,0.4084615384615385,0.8534955262036641,0.8301803858403775,1.0280844269040217,20.0,5.0,bxpc3+IFNG_ETV7,bxpc3+IFNG,ETV7,False,True,2
bxpc3+IFNG_FBXO6,0.07297854,0.06542339,1.1154809,0.97575283,0.2742127,0.8120175772469257,0.35808129550477064,0.9804644351723508,0.9884660527843392,0.9919050152613241,2497,1378,0.18721307814121246,0.25349435210227966,0.7385295629501343,0.4933871328830719,-0.10358324646949768,0.4816171624346697,-0.08692307692307692,0.8481373402674163,0.9019109901441479,0.9403780966588097,19.0,6.0,bxpc3+IFNG_FBXO6,bxpc3+IFNG,FBXO6,False,True,2
bxpc3+IFNG_FMNL2,0.05052488,0.019073635,2.6489382,0.98411846,0.1898805,0.8128891323753905,0.2602923845087145,0.9877745260154502,0.9962149958654674,0.9915274615569459,2363,1546,0.19842295348644257,0.3090882897377014,0.6419620513916016,0.8934652805328369,0.3881598711013794,0.8427761308743899,0.31153846153846154,0.9294594870271783,0.8947520911403983,1.038789957833509,21.0,4.0,bxpc3+IFNG_FMNL2,bxpc3+IFNG,FMNL2,False,True,2
bxpc3+IFNG_FOXN3,0.04717495,0.006255791,7.5410047,0.98656505,0.07932081,0.8312214264321119,0.1131421935179932,0.9899530572558852,0.9985919247211618,0.9913489512067817,2225,1799,0.12113068252801895,0.2169647514820099,0.5582966208457947,0.629589855670929,0.7843223214149475,0.4385964912280701,0.4333333333333333,0.7194611159666224,0.5284354337350191,1.36149294698393,12.0,7.0,bxpc3+IFNG_FOXN3,bxpc3+IFNG,FOXN3,False,True,2
bxpc3+IFNG_GUK1,0.047309216,0.008867057,5.335391,0.9863709,0.17889987,0.8138788071565732,0.18248581280235338,0.9897260095627255,0.998048923268021,0.9916608159066563,2321,1651,0.15017078816890717,0.16464146971702576,0.9121079444885254,0.5996711850166321,0.27675434947013855,0.458934418953029,0.3869230769230769,0.7690451424203967,0.806120544543669,0.9540076203562582,17.0,8.0,bxpc3+IFNG_GUK1,bxpc3+IFNG,GUK1,False,True,2
bxpc3+IFNG_HLA-DQB1,0.04690608,0.0062736785,7.476647,0.98678523,0.12666461,0.8145396691870966,0.14425689789449353,0.9900692091801232,0.9985951209852924,0.9914620934691161,2218,1754,0.060524094849824905,0.09446228295564651,0.6407223343849182,0.8819158673286438,0.4842964708805084,0.4115384615384615,0.28384615384615386,0.9232854920077943,0.9783530893986485,0.9437139842582785,17.0,8.0,bxpc3+IFNG_HLA-DQB1,bxpc3+IFNG,HLA-DQB1,False,True,2
bxpc3+IFNG_HLX,0.08901477,0.14181961,0.62766194,0.96863365,0.5098199,0.7791446855812825,0.5710177772711643,0.9745219109195409,0.9782425294869277,0.9961966297158045,2855,949,0.27243542671203613,0.4477112889289856,0.6085069179534912,0.4936596155166626,0.08227042853832245,0.5449375013502211,0.18846153846153846,0.787580532895144,0.7964504545062631,0.9888631846953773,22.0,3.0,bxpc3+IFNG_HLX,bxpc3+IFNG,HLX,False,True,2
bxpc3+IFNG_IFI16,0.06462508,0.066137455,0.9771328,0.9778706,0.37578157,0.8059375006323293,0.4157926204837722,0.9822982750794352,0.9891948091081832,0.9930281336241891,2577,1318,0.460208922624588,0.6073334813117981,0.7577532529830933,0.9031763076782227,0.07558971643447876,0.606119015745411,0.049999999999999996,0.9066520196916266,0.894039753370831,1.0141070531519913,21.0,4.0,bxpc3+IFNG_IFI16,bxpc3+IFNG,IFI16,False,False,2
bxpc3+IFNG_IFNGR1,0.028845564,0.03156092,0.91396457,0.9913118,0.68946075,0.8391502749230751,0.34649707680056385,0.9933543122528581,0.9930104322857362,1.0003463004576199,2384,1537,0.9695545434951782,1.2055752277374268,0.8042256832122803,0.7014255523681641,0.7838618755340576,0.7223076923076923,0.7646153846153846,0.9431146458403644,0.9810939402994224,0.9612888298469492,25.0,0.0,bxpc3+IFNG_IFNGR1,bxpc3+IFNG,IFNGR1,False,True,2
bxpc3+IFNG_IFNGR2,0.03116484,0.016964452,1.8370672,0.99098605,0.6504861,0.8498325625587279,0.3366728121471936,0.9933271947483886,0.9961547988627004,0.9971614812100087,2507,1615,0.14455649256706238,0.288118451833725,0.5017259120941162,0.7371059060096741,0.7273566722869873,0.6392307692307693,0.9061538461538461,0.8354743073930466,0.648695012625341,1.2879308321051968,21.0,4.0,bxpc3+IFNG_IFNGR2,bxpc3+IFNG,IFNGR2,False,True,2
bxpc3+IFNG_IRF1,0.04483826,0.0032645783,13.734778,0.9874366,0.09887895,0.8344260345270297,0.13441557360198184,0.9906292202244499,0.9992628646334174,0.9913599867316847,2250,1804,0.008640809915959835,0.04273780807852745,0.202181875705719,0.9363313913345337,0.46766218543052673,0.7999999999999999,0.7999999999999999,0.9795654597019079,0.9910751728775504,0.988386639590391,4.0,0.0,bxpc3+IFNG_IRF1,bxpc3+IFNG,IRF1,False,True,2
bxpc3+IFNG_IRF2,0.07731047,0.013842621,5.584959,0.98330593,0.17395142,0.7612452796961673,0.19290485573842228,0.9871163606759944,0.996869385452457,0.9902163463751714,2370,1598,0.3228130638599396,0.5207743644714355,0.6198712587356567,0.40901416540145874,0.5792313814163208,0.3984615384615384,0.4692307692307692,0.7024478865907162,0.7248718028820236,0.9690649902477212,17.0,8.0,bxpc3+IFNG_IRF2,bxpc3+IFNG,IRF2,False,True,2
bxpc3+IFNG_IRF5,0.06404565,0.046695746,1.3715522,0.97973424,0.23059154,0.8256906857370206,0.2482076969928256,0.9836515777736916,0.991715477425487,0.991868736713952,2252,1631,0.2188398540019989,0.25194090604782104,0.8686158061027527,0.8093171715736389,0.1063673123717308,0.5212706937941988,0.11230769230769232,0.9263590647134976,0.9417742454689679,0.9836317664985688,15.0,10.0,bxpc3+IFNG_IRF5,bxpc3+IFNG,IRF5,False,True,2
bxpc3+IFNG_IRF7,0.046263024,0.0066230134,6.985193,0.98665565,0.12445686,0.8272234508469033,0.16205160188256293,0.9899400752117125,0.9985564022809108,0.9913712164385338,2213,1737,0.02667095512151718,0.07684223353862762,0.34708720445632935,0.7207120656967163,0.7232581973075867,0.7300000000000001,0.43,0.8279775552070203,0.7399422949177863,1.1189758456759327,24.0,1.0,bxpc3+IFNG_IRF7,bxpc3+IFNG,IRF7,False,True,2
bxpc3+IFNG_IRF9,0.063372985,0.008994128,7.04604,0.9848953,0.22803882,0.7695688188238724,0.23331743760839946,0.9884173506455616,0.9980000120505393,0.9903981349806913,2369,1622,0.11561599373817444,0.29914212226867676,0.3864918649196625,0.778337836265564,0.7985668778419495,0.6732063982965638,0.6161538461538462,0.8601148334747337,0.7294068489768746,1.179197638027667,21.0,4.0,bxpc3+IFNG_IRF9,bxpc3+IFNG,IRF9,False,True,2
bxpc3+IFNG_JAK1,0.029216843,0.020493928,1.425634,0.9914563,0.6175703,0.8446719549143388,0.2836538870838865,0.9935761080721401,0.9954040708417078,0.9981635972535033,2308,1654,0.6909969449043274,0.6669421195983887,1.0360673666000366,0.6767323017120361,0.6411118507385254,0.7515384615384615,0.8592307692307692,0.843450993831446,0.9613094270470423,0.8773980261718282,24.0,1.0,bxpc3+IFNG_JAK1,bxpc3+IFNG,JAK1,False,True,2
bxpc3+IFNG_JAK2,0.030095141,0.013069672,2.30267,0.9910271,0.6465141,0.850653240775371,0.334665622889327,0.993282211728727,0.9970724478014686,0.9961986352334787,2399,1587,0.07199323177337646,0.1496848315000534,0.48096543550491333,0.9163811206817627,0.6948491334915161,0.5061538461538462,0.6561538461538462,0.9072909447236482,0.7526027351932701,1.2055376658851151,20.0,5.0,bxpc3+IFNG_JAK2,bxpc3+IFNG,JAK2,False,True,2
bxpc3+IFNG_JUN,0.044842593,0.0056977225,7.8702664,0.9875121,0.17858781,0.8257340183648545,0.1747961881430403,0.9906297038568139,0.9987372365320896,0.9918822164842602,2266,1718,0.11959749460220337,0.15762090682983398,0.7587667107582092,0.8061177730560303,0.576967716217041,0.6314229249011858,0.30335968379446643,0.8300270572163304,0.7361473298611216,1.1275284491936142,15.0,8.0,bxpc3+IFNG_JUN,bxpc3+IFNG,JUN,False,True,2
bxpc3+IFNG_KIN,0.1922734,0.34424934,0.55852944,0.92787313,0.57372665,0.7331077392148104,0.5925390728734716,0.9401902449750574,0.9383404708564065,1.00197132509585,2419,604,1.1529173851013184,1.6575140953063965,0.695570170879364,0.8197425603866577,-0.06936654448509216,0.47026997156298017,-0.14384615384615382,0.6989603002084522,0.5349156463118483,1.3066738747084026,20.0,5.0,bxpc3+IFNG_KIN,bxpc3+IFNG,KIN,False,True,2
bxpc3+IFNG_KLF4,0.05782414,0.04616991,1.2524204,0.9805732,0.32470635,0.8023111874591065,0.38125237148570673,0.9846454991727105,0.9916791422556536,0.992907339901347,2569,1317,0.10970950871706009,0.169102281332016,0.6487760543823242,0.5878878831863403,-0.19716662168502808,0.4061806337274899,-0.06538461538461539,0.8744776712640645,0.9105900137585734,0.960341820194743,23.0,2.0,bxpc3+IFNG_KLF4,bxpc3+IFNG,KLF4,False,True,2
bxpc3+IFNG_MAFB,0.050201636,0.008626614,5.819391,0.98570716,0.09926548,0.8207849560568694,0.1523991065501811,0.989203042516593,0.9981256868946412,0.9910606003881052,2211,1732,0.04041893780231476,0.05488567426800728,0.7364205121994019,0.4658890664577484,0.6065154671669006,0.31384615384615383,0.43,0.7515318444088002,0.954027578252018,0.787746456748941,18.0,7.0,bxpc3+IFNG_MAFB,bxpc3+IFNG,MAFB,False,True,2
bxpc3+IFNG_MAFF,0.06708053,0.024819056,2.7027833,0.9848502,0.42554784,0.772436666695037,0.4037624089865331,0.988349537815612,0.9949904049211135,0.9933256973407417,2639,1267,0.42053478956222534,0.24238239228725433,1.735005497932434,0.45778602361679077,-0.7534042000770569,0.45999999999999996,-0.05538461538461539,0.5272933733481313,0.7681456047127887,0.6864497695658721,23.0,2.0,bxpc3+IFNG_MAFF,bxpc3+IFNG,MAFF,False,False,2
bxpc3+IFNG_MCRS1,0.06458007,0.11199094,0.5766544,0.9744398,0.6398531,0.7378742712391154,0.6318385709183119,0.9796928436725059,0.9833133394623914,0.9963180650108286,2904,861,0.0813274085521698,0.31307584047317505,0.2597690224647522,-0.00540510006248951,0.17037034034729004,0.0,0.14923076923076922,0.09950541785731948,0.28626347520029205,0.34760081700153256,23.0,2.0,bxpc3+IFNG_MCRS1,bxpc3+IFNG,MCRS1,False,True,2
bxpc3+IFNG_MYC,0.042356517,0.006148088,6.8893805,0.9878187,0.23055604,0.8292251189075764,0.2204817825236975,0.9908292791686453,0.998672512553959,0.992146340980933,2285,1662,0.02183792181313038,0.034608393907547,0.6310007572174072,-0.13966672122478485,0.29755672812461853,0.272360074282267,0.37615384615384617,0.619184530973919,0.6656699258577022,0.930167500320992,20.0,5.0,bxpc3+IFNG_MYC,bxpc3+IFNG,MYC,False,True,2
bxpc3+IFNG_NFKB1,0.12474622,0.16946487,0.73611844,0.96288455,0.41967475,0.795729038998964,0.4833971877228773,0.9688251750442262,0.9732143311014562,0.9954900416928073,2638,1157,0.2866221070289612,0.4929038882255554,0.5814969539642334,,-0.18494577705860138,,-0.12307692307692307,,,,21.0,4.0,bxpc3+IFNG_NFKB1,bxpc3+IFNG,NFKB1,False,True,2
bxpc3+IFNG_PARP12,0.047956053,0.0050667534,9.4648485,0.9866924,0.049458645,0.8309822698286612,0.08396681162169845,0.9900765760945804,0.9988528470198993,0.9912136497868499,2160,1894,0.3489244878292084,0.45391353964805603,0.768702507019043,0.8506395220756531,0.6483699679374695,0.9333333333333332,0.48333333333333334,0.8922760373429076,0.8281228342152087,1.077468221472839,8.0,1.0,bxpc3+IFNG_PARP12,bxpc3+IFNG,PARP12,False,True,2
bxpc3+IFNG_PIK3CA,0.06926691,0.069335006,0.99901783,0.9761642,0.3466754,0.803291286400404,0.41319461759317894,0.9808280272619497,0.9883307216099702,0.9924087209028586,2608,1269,0.1780620515346527,0.21399033069610596,0.8321032524108887,0.09689989686012268,-0.24643279612064362,0.1003122749323336,-0.3576923076923077,0.7605787540844242,0.8975277969279319,0.8474152630010364,17.0,8.0,bxpc3+IFNG_PIK3CA,bxpc3+IFNG,PIK3CA,False,True,2
bxpc3+IFNG_PLEK,0.047052477,0.009920498,4.7429547,0.98566234,0.1127581,0.824770403322294,0.16680544686748844,0.989121058701384,0.9979137043739656,0.9911889719180702,2252,1681,0.13070523738861084,0.19538718461990356,0.6689550280570984,0.831019401550293,0.5228888392448425,0.347374501521027,0.06692307692307692,0.872293482950267,0.7943728808556028,1.0980907127780313,17.0,8.0,bxpc3+IFNG_PLEK,bxpc3+IFNG,PLEK,False,True,2
bxpc3+IFNG_PPARG,0.067160375,0.11958193,0.56162643,0.9736586,0.60550785,0.7510619612628572,0.6348382280717721,0.9788752565006594,0.9810354753780914,0.9977980216499313,3007,863,0.19869627058506012,0.3610498309135437,0.5503292083740234,0.25114986300468445,-0.3077964782714844,0.42351728438397285,0.06538461538461539,0.6658974776270451,0.8120676181008387,0.8200025007577104,22.0,3.0,bxpc3+IFNG_PPARG,bxpc3+IFNG,PPARG,False,True,2
bxpc3+IFNG_PRDM1,0.04403694,0.0068395995,6.438526,0.9868967,0.12607954,0.8395943464160165,0.1498129437928107,0.9901340121005728,0.9984963630428659,0.9916250561826693,2226,1758,0.0614878386259079,0.0872487723827362,0.7047415971755981,0.8339673280715942,0.6930394172668457,0.41692307692307695,0.6115384615384616,0.8645298674482433,0.8357385029910419,1.03445020703744,17.0,8.0,bxpc3+IFNG_PRDM1,bxpc3+IFNG,PRDM1,False,True,2
bxpc3+IFNG_PTGES3,0.06751685,0.071866035,0.93948203,0.97643363,0.39255738,0.7845441029596832,0.45761449456622527,0.981113348500194,0.9873962147554798,0.9936369350404674,2715,1163,0.18712839484214783,0.2396588921546936,0.7808113694190979,0.585588276386261,0.04782584309577942,0.47137786550071104,0.009999999999999998,0.824736377795682,0.798961088478906,1.032261007060867,20.0,5.0,bxpc3+IFNG_PTGES3,bxpc3+IFNG,PTGES3,False,True,2
bxpc3+IFNG_PTPN11,0.043862015,0.0035329384,12.415166,0.987357,0.07469641,0.8338202065028575,0.10405121485089149,0.9906017509647219,0.9992001141279532,0.9913947536217653,2242,1902,0.18274259567260742,0.3330515921115875,0.5486915707588196,0.8609315156936646,0.6862533688545227,0.7142857142857143,0.6,0.9374428684886441,0.9575375228594264,0.9790142381984415,4.0,2.0,bxpc3+IFNG_PTPN11,bxpc3+IFNG,PTPN11,False,True,2
bxpc3+IFNG_RARRES3,0.08152182,0.008230326,9.905053,0.9830387,0.15042174,0.7454423070579068,0.19477730803371876,0.9867903007936506,0.9981578893601409,0.9886114324320199,2411,1554,0.11016212403774261,0.3095315992832184,0.355899453163147,0.8740350604057312,0.6172978281974792,0.7305251144943857,0.43153846153846154,0.9103956808342566,0.955580001875439,0.9527152923329257,23.0,2.0,bxpc3+IFNG_RARRES3,bxpc3+IFNG,RARRES3,False,True,2
bxpc3+IFNG_RFX5,0.051534552,0.0085326135,6.039715,0.98533714,0.12530768,0.805835040132726,0.20388039226348723,0.9889188225481838,0.9981622869756738,0.9907395174631405,2338,1614,0.09749000519514084,0.19658401608467102,0.4959203004837036,0.7477455735206604,0.6279218196868896,0.5353846153846153,0.27076923076923076,0.8157605215736583,0.7408981637230424,1.1010427093980495,22.0,3.0,bxpc3+IFNG_RFX5,bxpc3+IFNG,RFX5,False,True,2
bxpc3+IFNG_RNF14,0.047439035,0.016844716,2.816256,0.9849756,0.1960915,0.8250746133990283,0.24442889080352645,0.988417382558492,0.996745787068431,0.9916444046034707,2342,1578,0.14387601613998413,0.2367279827594757,0.6077693700790405,0.6837937831878662,0.6147274971008301,0.5361538461538461,0.49846153846153846,0.8109151454872122,0.7035046133972426,1.152679214953945,21.0,4.0,bxpc3+IFNG_RNF14,bxpc3+IFNG,RNF14,False,True,2
bxpc3+IFNG_RUNX1,0.043307055,0.0034510822,12.548833,0.98791075,0.15285401,0.8380964296546245,0.14791542627675813,0.9910349771551958,0.9992194404661754,0.9918091432376844,2351,1892,0.015168348327279091,0.05168120935559273,0.29349833726882935,0.8943706750869751,0.7718435525894165,0.7999999999999999,0.7999999999999999,0.935978284389137,0.9729351100538248,0.9620151176755835,3.0,2.0,bxpc3+IFNG_RUNX1,bxpc3+IFNG,RUNX1,False,True,2
bxpc3+IFNG_SOX2,0.09633543,0.14173254,0.67969877,0.9662161,0.70020014,0.6793114265326471,0.7045010996205193,0.9725191464410632,0.9786195486098314,0.9937663189158299,3095,705,0.18435409665107727,0.5283514857292175,0.3489232063293457,0.7944566607475281,0.008365502581000328,0.23267784735821023,-0.03153846153846154,0.8162230826839229,0.6781285325672379,1.203640672062405,25.0,0.0,bxpc3+IFNG_SOX2,bxpc3+IFNG,SOX2,False,True,2
bxpc3+IFNG_SP100,0.07325419,0.003120732,23.4734,0.9854342,0.18902528,0.7558057335543967,0.14799408664653296,0.9886045643642368,0.9992936636855293,0.9893033452430093,2286,1862,1.8488293886184692,2.8013980388641357,0.6599667072296143,,,,,,,,1.0,0.0,bxpc3+IFNG_SP100,bxpc3+IFNG,SP100,False,False,2
bxpc3+IFNG_SP110,0.060768824,0.060776055,0.999881,0.9793459,0.38062173,0.8010005325274914,0.403276553189306,0.98354753108414,0.989247952048326,0.9942376216676689,2600,1279,0.2123606652021408,0.3060329556465149,0.6939143538475037,0.6286330819129944,0.11180704832077026,0.4132907137352543,0.04461538461538461,0.8852166026054932,0.9158692611630864,0.9665316220803539,21.0,4.0,bxpc3+IFNG_SP110,bxpc3+IFNG,SP110,False,True,2
bxpc3+IFNG_SRC,0.044869352,0.009326488,4.8109593,0.98719984,0.2743885,0.8155939831123094,0.2698386344506804,0.9903441043600493,0.9980173248802277,0.99231153575305,2380,1550,0.05957087129354477,0.18953672051429749,0.31429725885391235,0.6715742945671082,0.7074227929115295,0.5092307692307693,0.6453846153846153,0.8004377740769274,0.8395713403261251,0.9533886349264893,23.0,2.0,bxpc3+IFNG_SRC,bxpc3+IFNG,SRC,False,True,2
bxpc3+IFNG_STAT1,0.040318593,0.057446666,0.7018439,0.987275,0.60360026,0.8378062801092399,0.31208902085111767,0.9899080503030507,0.9878535360156133,1.0020797762143203,2287,1623,0.7394194602966309,2.230699062347412,0.33147433400154114,0.6648727655410767,0.42813920974731445,0.6215384615384615,0.30153846153846153,0.9579565398958279,0.9836243284174656,0.9739048864692741,25.0,0.0,bxpc3+IFNG_STAT1,bxpc3+IFNG,STAT1,False,True,2
bxpc3+IFNG_STAT2,0.17216899,0.22628362,0.76085484,0.95663357,0.4069204,0.7869161549312292,0.41507848285668597,0.9635855125697331,0.9685256572521256,0.9948993145969839,2491,1267,0.3449784219264984,0.5195977687835693,0.6639336347579956,,-0.2946001887321472,,-0.3153846153846154,,,,23.0,2.0,bxpc3+IFNG_STAT2,bxpc3+IFNG,STAT2,False,True,2
bxpc3+IFNG_STAT3,0.047389876,0.017969858,2.637187,0.9851055,0.199312,0.8291918588446345,0.22484524375329112,0.9884083556432903,0.9964647261545758,0.9919150469657109,2259,1635,0.17892873287200928,0.13684067130088806,1.3075698614120483,0.6649973392486572,-0.5076355934143066,0.2763665176109764,-0.16153846153846155,0.860866137397981,0.9500262688906899,0.9061498251023966,18.0,7.0,bxpc3+IFNG_STAT3,bxpc3+IFNG,STAT3,False,True,2
bxpc3+IFNG_TAPBPL,0.21424189,0.364997,0.5869689,0.9387249,0.57001114,0.7540879325003591,0.6144848792867355,0.9481640080813353,0.9487230145556962,0.9994107801056953,2833,822,0.8008469939231873,1.054772138595581,0.7592606544494629,,0.2960573136806488,,0.22615384615384618,,,,18.0,7.0,bxpc3+IFNG_TAPBPL,bxpc3+IFNG,TAPBPL,False,True,2
bxpc3+IFNG_TBX21,0.042400125,0.0029902009,14.179691,0.9882906,0.22626245,0.8321852086173237,0.17562427092876595,0.9912616970454724,0.999330203736738,0.9919260854309262,2327,1755,0.07589356601238251,0.21662327647209167,0.3503481447696686,0.9087558388710022,0.8610640168190002,0.49999999999999994,0.7,0.9444300819182215,0.8053665161992241,1.1726711539676145,4.0,1.0,bxpc3+IFNG_TBX21,bxpc3+IFNG,TBX21,False,True,2
bxpc3+IFNG_TRAFD1,0.05149086,0.018379861,2.8014824,0.9837157,0.13218376,0.8294571094989698,0.20185578796100953,0.9874116514508,0.996366704802826,0.9910122916503938,2276,1621,0.07878698408603668,0.11383915692567825,0.6920903921127319,0.2588554620742798,-0.11089496314525604,0.180138621506876,-0.2884615384615385,0.8301008781984044,0.9097961595093994,0.9124031460476046,19.0,6.0,bxpc3+IFNG_TRAFD1,bxpc3+IFNG,TRAFD1,False,True,2
bxpc3+IFNG_TSC22D1,0.09022196,0.122319534,0.7375924,0.9701553,0.43988556,0.8045420386483494,0.4665382628539869,0.9754665149874784,0.981047316351348,0.9943113840985516,2631,1193,0.37996581196784973,0.4304020404815674,0.8828160166740417,0.5033107399940491,0.099271260201931,0.4990091689278547,0.09615384615384616,0.7974580313295346,0.7929628637328198,1.005668824862181,19.0,6.0,bxpc3+IFNG_TSC22D1,bxpc3+IFNG,TSC22D1,False,False,2
bxpc3+IFNG_ZC3H3,0.083553515,0.090445325,0.92380136,0.9726274,0.3303625,0.8023314424846857,0.3771217170055253,0.9779706097336099,0.9847653366166412,0.9931001563211233,2555,1298,0.1409458965063095,0.23362907767295837,0.6032891869544983,0.4453105926513672,-0.06485611200332642,0.42955563624455595,-0.04923076923076923,0.824259312738336,0.8336114097065456,0.9887812272489147,20.0,5.0,bxpc3+IFNG_ZC3H3,bxpc3+IFNG,ZC3H3,False,True,2
bxpc3+IFNG_ZFP36,0.076943316,0.060866408,1.2641343,0.9746663,0.19713342,0.8104501429686027,0.30526246568743787,0.979619262160045,0.9889073807027086,0.9906076962070366,2453,1432,0.34423062205314636,0.2859935462474823,1.2036306858062744,0.13132843375205994,-0.5537246465682983,-0.12165549426807003,-0.5430769230769231,0.767949102792895,0.8953492114824503,0.8577090289959423,18.0,7.0,bxpc3+IFNG_ZFP36,bxpc3+IFNG,ZFP36,False,True,2
bxpc3+IFNG_ZNF267,0.07471458,0.07627933,0.9794866,0.9745575,0.32913613,0.7973703312612723,0.4331139551573499,0.9795710517967863,0.9868152656458918,0.992658996976132,2670,1208,0.1629553586244583,0.3102495074272156,0.5252397060394287,0.2987379729747772,-0.002421613782644272,0.36869708192085,0.12384615384615384,0.7400549862712251,0.8601940281643066,0.8603349500699701,22.0,3.0,bxpc3+IFNG_ZNF267,bxpc3+IFNG,ZNF267,False,True,2
bxpc3+IFNG_ZNFX1,0.062337335,0.05323725,1.1709346,0.9795418,0.30416703,0.8182037521647496,0.3239187958084731,0.9836065226393294,0.9907760110670131,0.9927637646172291,2390,1497,0.4768224358558655,0.6466949582099915,0.7373220324516296,0.903770387172699,0.2831924259662628,0.30665642900926615,-0.06769230769230769,0.9269618173424076,0.951569916415078,0.9741394734657245,20.0,5.0,bxpc3+IFNG_ZNFX1,bxpc3+IFNG,ZNFX1,False,True,2
bxpc3+INS_MTOR,0.025992297,0.020608742,1.2612268,0.9948032,0.21734339,0.8790997273816135,0.029315336428608237,0.9956723872581917,0.9957191611475776,0.9999530250182873,1890,2355,0.15817657113075256,0.30017632246017456,0.5269455313682556,0.932745099067688,0.8269167542457581,0.6092307692307692,0.6630769230769231,0.9406773868676679,0.9135173348854583,1.0297312934796308,17.0,8.0,bxpc3+INS_MTOR,bxpc3+INS,MTOR,True,False,2
bxpc3+TGFB_FOXP2,0.017478669,0.012707616,1.3754483,0.99437183,0.31946146,0.8054823376983231,0.30563179554800995,0.9956399842005743,0.9970524022273266,0.9985834064251818,2215,1181,0.05305103212594986,0.17051154375076294,0.3111286759376526,,,,,,,,1.0,0.0,bxpc3+TGFB_FOXP2,bxpc3+TGFB,FOXP2,True,False,2
bxpc3+TGFB_NRAS,0.04814883,0.04438491,1.0848018,0.98955786,0.21425305,0.8208852937882574,0.1771287030549478,0.9911833697086703,0.9906718113066798,1.000516375247738,1820,1490,0.24257762730121613,0.35128265619277954,0.6905482411384583,0.6121783256530762,0.275974303483963,0.450704798848568,0.08692307692307692,0.7289525436539757,0.7070339693266859,1.0310007372745653,22.0,3.0,bxpc3+TGFB_NRAS,bxpc3+TGFB,NRAS,True,False,2
bxpc3+TGFB_PRKCA,0.0139750615,0.0072229425,1.9348155,0.9959593,0.24257907,0.8328695449099873,0.22872491364731232,0.9969135607867948,0.998300552756283,0.9986106468982124,2127,1365,,,,,,,,,,,,,bxpc3+TGFB_PRKCA,bxpc3+TGFB,PRKCA,True,False,2
bxpc3+TNFA_BIRC3,0.00557783,0.0056744204,0.9829779,0.99817467,0.5076559,0.8583024022839305,0.4342521900690855,0.9985949267027553,0.998683533143472,0.9999112767580759,2602,1260,0.06606902182102203,0.12534727156162262,0.5270878076553345,0.8823991417884827,0.6058664917945862,0.8902255639097743,0.6511278195488721,0.9266847043622501,0.9578169318955595,0.9674966828246632,20.0,0.0,bxpc3+TNFA_BIRC3,bxpc3+TNFA,BIRC3,True,False,2
bxpc3+TNFA_TNFRSF1A,0.14950326,0.1511702,0.98897314,0.9757816,0.17406492,0.8251872188898561,0.11770828763443401,0.9789337768555197,0.975587228079633,1.0034302917048987,1830,1931,0.379415363073349,0.524260938167572,0.7237147092819214,0.5916244387626648,0.6815256476402283,0.5268916497369945,0.40230769230769226,0.7606558961471067,0.7909234634413246,0.9617313574659638,21.0,4.0,bxpc3+TNFA_TNFRSF1A,bxpc3+TNFA,TNFRSF1A,True,False,2
hap1+IFNB_ADAR,0.046588026,0.02761989,1.6867564,0.98375875,0.2607173,0.8082049941304843,0.3140337960488679,0.987365952100259,0.9936629731217492,0.9936628200991457,2354,1455,0.33174458146095276,0.322719931602478,1.0279643535614014,0.2841517925262451,0.11484363675117493,0.5569230769230769,0.43615384615384617,0.5911100234636004,0.6440685168700271,0.9177750627157053,19.0,6.0,hap1+IFNB_ADAR,hap1+IFNB,ADAR,False,True,2
hap1+IFNB_AKT1,0.032696202,0.0027811844,11.756215,0.9892472,0.1253178,0.8194519065572258,0.13507575824112933,0.9917334505672983,0.9993378348343394,0.9923905770381428,2086,1809,0.007699963636696339,0.027891334146261215,0.27607011795043945,-0.7832448482513428,0.5977123379707336,-0.8999999999999998,0.7,0.7076225286465583,0.9808587668042739,0.7214316195103768,4.0,1.0,hap1+IFNB_AKT1,hap1+IFNB,AKT1,False,True,2
hap1+IFNB_BATF2,0.032658823,0.0024979904,13.0740385,0.989393,0.12685087,0.824593472900794,0.11653460352589382,0.9918580941328016,0.9993832600671841,0.9924701901311849,2113,1850,0.2759518027305603,0.03506271168589592,7.870235443115234,0.8240492343902588,0.45938870310783386,0.39999999999999997,0.39999999999999997,0.9088251022819849,0.9800277636524519,0.9273462813899243,1.0,3.0,hap1+IFNB_BATF2,hap1+IFNB,BATF2,False,True,2
hap1+IFNB_BRD9,0.031443268,0.0027590063,11.396591,0.9896474,0.16268101,0.8178887384785248,0.14459807133515973,0.9920329248378402,0.9993379616314714,0.9926901237878473,2098,1801,,,,,,,,,,,,,hap1+IFNB_BRD9,hap1+IFNB,BRD9,False,True,2
hap1+IFNB_CEBPB,0.035573598,0.004233586,8.40271,0.9882882,0.12211694,0.8108379946315609,0.17442757228535347,0.9909548862454645,0.9990081748701216,0.9919387159912839,2157,1698,0.0808405801653862,0.035590335726737976,2.2714195251464844,0.5751169323921204,-0.019077327102422714,0.7153846153846154,0.1276923076923077,0.7743787228343187,0.9756980135741187,0.7936663927372988,18.0,7.0,hap1+IFNB_CEBPB,hap1+IFNB,CEBPB,False,True,2
hap1+IFNB_CEBPG,0.033618383,0.0029637706,11.343112,0.98893076,0.0897417,0.8193183889499162,0.11329944746493044,0.9915301833709661,0.999275926244695,0.9922486445732386,2133,1843,0.06041146442294121,0.03487232327461243,1.7323613166809082,-1.0,-1.0,-0.9999999999999999,-0.9999999999999999,0.691550427775535,0.960047399135763,0.7203294633140722,1.0,1.0,hap1+IFNB_CEBPG,hap1+IFNB,CEBPG,False,True,2
hap1+IFNB_CRKL,0.046962123,0.016935097,2.7730649,0.9839622,0.093192615,0.7976730798125512,0.24983320605726897,0.9874017167691699,0.9962634184549234,0.9911050616517699,2294,1516,0.22551672160625458,0.1652163565158844,1.3649781942367554,0.8827486634254456,-0.36761951446533203,0.7070921230212869,-0.08692307692307692,0.9125087234728105,0.9147567521014539,0.9975424847933847,19.0,6.0,hap1+IFNB_CRKL,hap1+IFNB,CRKL,False,True,2
hap1+IFNB_DRAP1,0.0482653,0.01616196,2.986352,0.98377645,0.015243053,0.8127875192781215,0.09667980687203731,0.9874750534699223,0.9960739737464808,0.9913671870732493,2037,1786,0.6552674770355225,0.46257293224334717,1.4165711402893066,0.7075351476669312,0.09651218354701996,0.5712637151259414,-0.15999999999999998,0.8588422123556732,0.8391251874320172,1.0234971196419405,13.0,12.0,hap1+IFNB_DRAP1,hap1+IFNB,DRAP1,False,True,2
hap1+IFNB_DTX3L,0.036955226,0.0032853966,11.24833,0.98785454,-0.059264034,0.821683990521139,0.0253264368011556,0.9906765383234556,0.9991954444001057,0.9914742344709502,2041,1903,0.0003725773422047496,1.326695203781128,0.0002808311546687037,1.0,1.0,0.9999999999999999,0.9999999999999999,0.9998660447876263,0.9988964621431929,1.0009706537976448,2.0,0.0,hap1+IFNB_DTX3L,hap1+IFNB,DTX3L,False,True,2
hap1+IFNB_ELK1,0.028982306,0.0058952486,4.9162145,0.99050486,0.35607815,0.8246071020116081,0.2596016816386078,0.9926156145517815,0.9986095646145262,0.9939977041326873,2180,1673,0.0333576574921608,0.05903825908899307,0.5650176405906677,0.7270402312278748,0.554262101650238,0.8006160955861156,0.4923076923076923,0.8717368083466842,0.9661322847306083,0.9022954952693203,19.0,6.0,hap1+IFNB_ELK1,hap1+IFNB,ELK1,False,True,2
hap1+IFNB_ETS1,0.031212134,0.0037689896,8.281301,0.98979706,0.2179376,0.8202819968414752,0.15827566465122928,0.99212697046034,0.9990949321247112,0.9930257261444086,2126,1805,0.011736847460269928,0.04135744646191597,0.2837904393672943,0.4578556418418884,0.6771161556243896,0.48333333333333334,0.2833333333333333,0.9427709896654884,0.9936806021795376,0.9487666233975142,8.0,1.0,hap1+IFNB_ETS1,hap1+IFNB,ETS1,False,True,2
hap1+IFNB_ETS2,0.032243174,0.0021090412,15.288072,0.98939747,0.1233587,0.8219566810265877,0.12333047308354948,0.9918722945034951,0.9994865069263644,0.9923818757230805,2129,1849,0.878086268901825,0.7422526478767395,1.1830018758773804,,,,,,,,0.0,1.0,hap1+IFNB_ETS2,hap1+IFNB,ETS2,False,True,2
hap1+IFNB_FOS,0.03461164,0.003389147,10.212492,0.98865813,0.104608536,0.8154328308315523,0.1359900400419474,0.9912562204369161,0.9991943604484936,0.9920554595524194,2094,1779,0.03716441988945007,0.13762116432189941,0.27004873752593994,0.9762463569641113,0.7904316782951355,0.7,0.49999999999999994,0.9688406764486188,0.9924110424275705,0.9762493916620523,5.0,0.0,hap1+IFNB_FOS,hap1+IFNB,FOS,False,True,2
hap1+IFNB_H1F0,0.03263118,0.0017697079,18.438738,0.9893211,0.101782456,0.8238929083649782,0.13791827536795298,0.9918161256962824,0.9995681236060059,0.9922446527388672,2198,1802,,,,,,,,,,,,,hap1+IFNB_H1F0,hap1+IFNB,H1F0,False,True,2
hap1+IFNB_HERC5,0.03300589,0.004050724,8.148146,0.98913467,0.18193354,0.8209422705010142,0.15890645555026683,0.99163554525248,0.9990270733123664,0.9926012735216683,2170,1729,0.15919719636440277,0.5778903365135193,0.2754799425601959,0.8318272829055786,0.8879148960113525,0.8285714285714287,-0.08571428571428573,0.9176948791845437,0.985753742721976,0.9309575398116162,3.0,3.0,hap1+IFNB_HERC5,hap1+IFNB,HERC5,False,True,2
hap1+IFNB_HERC6,0.0338849,0.0036928947,9.175702,0.9888211,0.11105717,0.8167513952049573,0.09745875235465797,0.9914138326736491,0.9991016300268334,0.9923052899503549,2072,1862,0.2568737268447876,1.3106285333633423,0.19599278271198273,0.7500258088111877,0.7853979468345642,0.6000000000000001,0.7999999999999999,0.882021702810201,0.9586913557082457,0.9200267610200741,3.0,1.0,hap1+IFNB_HERC6,hap1+IFNB,HERC6,False,True,2
hap1+IFNB_HES4,0.03243246,0.0031893218,10.169077,0.9892913,0.1557114,0.8181457691232353,0.15913982248908304,0.9917592328625094,0.9992406389445925,0.9925129085122228,2140,1754,0.1409473717212677,0.03339700400829315,4.220359802246094,0.5552288293838501,0.0664217621088028,0.5476190476190477,0.09523809523809526,0.802219133063503,0.9553677000345906,0.8396967293686581,4.0,4.0,hap1+IFNB_HES4,hap1+IFNB,HES4,False,True,2
hap1+IFNB_ID1,0.055853978,0.0119645875,4.6682744,0.9840441,0.35857528,0.7211337582270827,0.41656391233951506,0.9872335881765669,0.9974208747272632,0.989786371221194,2621,1181,0.013921665027737617,0.06947623938322067,0.20038023591041565,0.2698932886123657,0.6850049495697021,0.28769230769230764,0.6184615384615385,0.7436143314397649,0.9216121630104871,0.8068625407576172,25.0,0.0,hap1+IFNB_ID1,hap1+IFNB,ID1,False,True,2
hap1+IFNB_ID2,0.033993434,0.0020827733,16.321236,0.98883,0.026749626,0.8158154480278761,0.0710493365479965,0.9914396038179809,0.9994913802070572,0.9919441262340769,2074,1896,,,,,,,,,,,,,hap1+IFNB_ID2,hap1+IFNB,ID2,False,True,2
hap1+IFNB_ID3,0.03314624,0.0047699106,6.9490275,0.9890639,0.19114494,0.8105245993220624,0.1900323120636395,0.9915691513884106,0.9988626752836569,0.9926981715547885,2181,1711,0.0926116481423378,0.11544812470674515,0.802192747592926,0.6846039295196533,0.6597075462341309,0.74,-0.07923076923076922,0.7740632569810904,0.7881534141692157,0.9821225703843742,19.0,6.0,hap1+IFNB_ID3,hap1+IFNB,ID3,False,True,2
hap1+IFNB_IFI16,0.039370503,0.021498028,1.8313541,0.98757803,0.28404778,0.8165062691758954,0.2262483168231963,0.9900248140501107,0.9956472969235519,0.9943529371386693,2110,1680,0.20852535963058472,0.2065477967262268,1.0095744132995605,0.5050550103187561,0.580832302570343,0.6106195142254773,0.21076923076923076,0.761875733506255,0.9665710712778405,0.7882252595238847,18.0,7.0,hap1+IFNB_IFI16,hap1+IFNB,IFI16,False,False,2
hap1+IFNB_IFNAR1,0.024189886,0.017513461,1.3812168,0.99200386,0.6280768,0.8319570165634768,0.18463486503197327,0.9938294767347073,0.9957233273884148,0.9980980151799047,2171,1736,0.1909603327512741,1.976184368133545,0.09663082659244537,0.9133352637290955,0.8831980228424072,0.7961538461538461,0.8653846153846154,0.9877828984588367,0.9853330093788277,1.0024863564466935,25.0,0.0,hap1+IFNB_IFNAR1,hap1+IFNB,IFNAR1,False,True,2
hap1+IFNB_IFNAR2,0.022077627,0.018762005,1.17672,0.9926273,0.6837758,0.8290125543774018,0.213107797950888,0.9943156460338661,0.9954044037535582,0.998906215689235,2261,1683,0.19596880674362183,2.2722418308258057,0.08624469488859177,0.9090873599052429,0.8693166971206665,0.8523076923076923,0.883076923076923,0.9852701030578757,0.9852674128669973,1.0000027304169845,25.0,0.0,hap1+IFNB_IFNAR2,hap1+IFNB,IFNAR2,False,True,2
hap1+IFNB_IRF1,0.03410755,0.0023593067,14.456599,0.98881346,0.033442847,0.8329061238103905,0.08619591728279911,0.9914308089662066,0.9994165118059597,0.9920096348765313,2119,1879,0.6155743598937988,0.5378400683403015,1.1445305347442627,,,,,,,,0.0,1.0,hap1+IFNB_IRF1,hap1+IFNB,IRF1,False,True,2
hap1+IFNB_IRF3,0.036431774,0.0034819804,10.462947,0.98888326,0.22757374,0.802904203653158,0.21665599807029634,0.9914057611886569,0.9991740916953827,0.9922252482612468,2238,1640,0.03661881014704704,0.031527649611234665,1.1614824533462524,0.8961631059646606,0.5358463525772095,0.7714285714285715,0.5428571428571429,0.9602786182072642,0.897781408587765,1.069612947006565,2.0,4.0,hap1+IFNB_IRF3,hap1+IFNB,IRF3,False,False,2
hap1+IFNB_IRF7,0.034019057,0.0025424426,13.380462,0.98882115,0.06515002,0.8155796497240984,0.10093749655486792,0.9914180046878558,0.9993824886692536,0.9920305948206046,2101,1854,0.020472005009651184,1.316904067993164,0.015545555390417576,,,,,,,,1.0,0.0,hap1+IFNB_IRF7,hap1+IFNB,IRF7,False,True,2
hap1+IFNB_IRF9,0.034396194,0.0075197783,4.5740967,0.98863935,0.36285472,0.7991843997640455,0.229835178869147,0.9911467056152872,0.9982448532564064,0.9928893721635887,2311,1560,0.06437169760465622,0.07954170554876328,0.8092823624610901,0.6393266916275024,0.2540096342563629,0.3476923076923077,0.36923076923076925,0.781664338017399,0.9582735527426928,0.8157006272167094,19.0,6.0,hap1+IFNB_IRF9,hap1+IFNB,IRF9,False,True,2
hap1+IFNB_JAK1,0.026185827,0.0049152006,5.3275194,0.9913558,0.5628533,0.8373368729386584,0.20637070086571968,0.9933670750079265,0.9988036090031416,0.9945569539935474,2253,1724,0.1337185949087143,0.059773918241262436,2.237072706222534,0.9390091896057129,-0.6230173110961914,0.7500000000000002,-0.6071428571428572,0.9190193078043184,0.9895409580315967,0.9287329648612418,5.0,2.0,hap1+IFNB_JAK1,hap1+IFNB,JAK1,False,True,2
hap1+IFNB_JUN,0.033104792,0.0018044277,18.346422,0.98912054,0.07402027,0.8242124382373268,0.11447188775142889,0.9916600612936123,0.9995593191739106,0.9920972595335046,2163,1829,,,,,,,,,,,,,hap1+IFNB_JUN,hap1+IFNB,JUN,False,True,2
hap1+IFNB_MAP3K14,0.0329891,0.0029297213,11.26015,0.9891465,0.14464656,0.82367093971741,0.15028786753703868,0.9916414995954465,0.9993029794098834,0.9923331762515496,2117,1782,0.00021816756634507328,0.04898139461874962,0.004454090725630522,,,,,,,,1.0,0.0,hap1+IFNB_MAP3K14,hap1+IFNB,MAP3K14,False,True,2
hap1+IFNB_MAPK8,0.032638587,0.0024386852,13.383682,0.98927486,0.140476,0.8189655545111146,0.14904759284698318,0.9917617009096655,0.9994086244029404,0.9923485516268751,2164,1787,,,,,,,,,,,,,hap1+IFNB_MAPK8,hap1+IFNB,MAPK8,False,True,2
hap1+IFNB_MAPK14,0.037404466,0.0030479352,12.272067,0.98774153,-0.074694365,0.8120678032628971,0.055951708162842076,0.9905858070290229,0.9992563586602969,0.9913229957896904,2068,1858,0.3258570432662964,0.1089109256863594,2.9919590950012207,0.8828710913658142,-0.41661733388900757,0.5,-0.5,0.952540274997658,0.9919467640177508,0.9602735847834394,1.0,2.0,hap1+IFNB_MAPK14,hap1+IFNB,MAPK14,False,True,2
hap1+IFNB_MEF2A,0.032612085,0.0036821687,8.85676,0.9893124,0.20108142,0.815647718589148,0.19886295315172925,0.9917775796635871,0.9991068465436829,0.9926641811079059,2198,1716,0.22478754818439484,0.30126407742500305,0.746147871017456,0.9937542080879211,0.41328704357147217,0.15,0.6166666666666666,0.9943401987123601,0.9957363205100314,0.9985979000977325,8.0,1.0,hap1+IFNB_MEF2A,hap1+IFNB,MEF2A,False,True,2
hap1+IFNB_MYC,0.03240632,0.0017536837,18.478998,0.98936737,0.103047475,0.8243671889915646,0.13984007279550292,0.9918618467595259,0.999567427294543,0.9922910847986782,2196,1825,,,,,,,,,,,,,hap1+IFNB_MYC,hap1+IFNB,MYC,False,True,2
hap1+IFNB_NFE2L3,0.03220431,0.0028266835,11.392967,0.989442,0.18475932,0.8141103530833023,0.17209656742290433,0.9918863565612659,0.999313977386687,0.9925672801606906,2204,1749,,,,,,,,,,,,,hap1+IFNB_NFE2L3,hap1+IFNB,NFE2L3,False,True,2
hap1+IFNB_NFKB1,0.037860986,0.0107481945,3.5225437,0.9874466,0.2301582,0.8036523533450985,0.30336266358100245,0.9901916059153247,0.9976316094441428,0.992542333804997,2363,1439,0.0997231975197792,0.17587865889072418,0.5669999718666077,0.9530362486839294,0.14287467300891876,0.6374135837935613,0.2753846153846154,0.9617800965615315,0.9571446381295108,1.0048430072607204,24.0,1.0,hap1+IFNB_NFKB1,hap1+IFNB,NFKB1,False,True,2
hap1+IFNB_PARP12,0.034791075,0.0028566634,12.17892,0.9885613,0.006082231,0.8266802364800149,0.0633351437484102,0.9912204090790898,0.9993019007210925,0.991912862733303,2055,1914,0.07976915687322617,2.3907294273376465,0.03336603194475174,,,,,,,,1.0,0.0,hap1+IFNB_PARP12,hap1+IFNB,PARP12,False,True,2
hap1+IFNB_POU2F1,0.045397744,0.053160127,0.8539811,0.9829663,0.48641908,0.7722807401723203,0.5172487491053043,0.9864204538127463,0.991027537326184,0.9953512053500878,2684,1091,0.20467610657215118,0.21244977414608002,0.9634093642234802,0.2329796701669693,0.10907559841871262,0.3675703073275384,0.02692307692307692,0.7124807711857519,0.8561790411114817,0.8321632940942092,21.0,4.0,hap1+IFNB_POU2F1,hap1+IFNB,POU2F1,False,True,2
hap1+IFNB_RAP1GAP,0.032713495,0.0017494461,18.699345,0.9892382,0.08495593,0.8246056788908923,0.12929089597755208,0.9917587665321355,0.9995754494257935,0.9921799971196288,2202,1808,,,,,,,,,,,,,hap1+IFNB_RAP1GAP,hap1+IFNB,RAP1GAP,False,True,2
hap1+IFNB_RAPGEF1,0.036313865,0.009440932,3.846428,0.98779804,0.17590815,0.8144240607766393,0.2134399535431718,0.9904537847137925,0.9979191196262072,0.9925190982259053,2186,1632,0.07848690450191498,0.09503167867660522,0.82590252161026,0.8337854146957397,-0.17736387252807617,0.7690533456639708,0.10999999999999999,0.9320300928973829,0.9533582712614016,0.9776283701448365,21.0,4.0,hap1+IFNB_RAPGEF1,hap1+IFNB,RAPGEF1,False,True,2
hap1+IFNB_RNF114,0.03302372,0.0017740711,18.614653,0.9891969,0.0789009,0.8152863454216174,0.10656280499809673,0.9917343630109501,0.9995616720906878,0.9921692584877069,2160,1855,,,,,,,,,,,,,hap1+IFNB_RNF114,hap1+IFNB,RNF114,False,True,2
hap1+IFNB_SMARCA5,0.037639152,0.0073873703,5.0950675,0.9874698,0.12766498,0.8028811552806242,0.1813661542310161,0.9903055511702986,0.998267617603805,0.9920241162859533,2167,1689,0.08932667970657349,0.07558756321668625,1.1817642450332642,0.38897427916526794,-0.4689481854438782,0.6281977419533078,-0.1746153846153846,0.6154744136397382,0.6916640550049007,0.8898458857101911,17.0,8.0,hap1+IFNB_SMARCA5,hap1+IFNB,SMARCA5,False,True,2
hap1+IFNB_SOCS1,0.036123037,0.0020532755,17.592884,0.9881964,-0.11410659,0.8182915500465755,0.05768982933974288,0.9909643797214074,0.9994917593445779,0.9914682842120055,2101,1874,,,,,,,,,,,,,hap1+IFNB_SOCS1,hap1+IFNB,SOCS1,False,True,2
hap1+IFNB_SP100,0.049808044,0.0030872219,16.133614,0.9865583,0.13916531,0.7629826571748484,0.18381507443753015,0.989359273350656,0.9992493063563486,0.9901025370317689,2373,1571,0.003860222641378641,3.3208956718444824,0.0011624040780588984,,,,,,,,1.0,0.0,hap1+IFNB_SP100,hap1+IFNB,SP100,False,False,2
hap1+IFNB_SP110,0.038493056,0.005859123,6.569764,0.9878095,0.2141853,0.7914040075504755,0.2634832457657585,0.990532692504661,0.9986699512732625,0.9918519038665108,2361,1491,0.06945338845252991,0.07420352101325989,0.9359850883483887,0.8480291962623596,-0.13210594654083252,0.61,0.01769230769230769,0.9179761912026395,0.9607369637763747,0.9554916962852609,17.0,8.0,hap1+IFNB_SP110,hap1+IFNB,SP110,False,True,2
hap1+IFNB_STAT1,0.024615461,0.013699846,1.7967691,0.9918926,0.5471277,0.8402066348921425,0.12405615845301896,0.9937904555888228,0.9966126350946167,0.99716822824996,2216,1818,0.1264081746339798,1.6389285326004028,0.07712854444980621,0.8609547019004822,0.7330244779586792,0.7676923076923077,0.7453846153846154,0.9839752910507961,0.9926405176103825,0.9912705290527063,25.0,0.0,hap1+IFNB_STAT1,hap1+IFNB,STAT1,False,True,2
hap1+IFNB_STAT2,0.022508,0.02015029,1.1170062,0.99250793,0.6815674,0.8142024818695748,0.2706263291179386,0.9941767642880308,0.9951621250982511,0.9990098489629285,2326,1554,0.20953956246376038,2.239145278930664,0.09358015656471252,0.8191049695014954,0.5940208435058594,0.6415384615384615,0.6438461538461538,0.9727477429211822,0.9831714278180418,0.9893978968449144,25.0,0.0,hap1+IFNB_STAT2,hap1+IFNB,STAT2,False,True,2
hap1+IFNB_STAT3,0.031875513,0.0025874886,12.319093,0.9895219,0.15393536,0.8209286731478547,0.16270646221058,0.9919515557998382,0.9993726963206058,0.992574201248353,2142,1800,0.0012163483770564198,0.0393824428319931,0.030885549262166023,,,,,,,,1.0,0.0,hap1+IFNB_STAT3,hap1+IFNB,STAT3,False,True,2
hap1+IFNB_STAT4,0.035663158,0.002347196,15.193941,0.98826146,-0.06367722,0.8182767320674342,0.05118140773291532,0.9909947895003604,0.999427830337976,0.9915621312698848,2085,1868,,,,,,,,,,,,,hap1+IFNB_STAT4,hap1+IFNB,STAT4,False,True,2
hap1+IFNB_STAT5A,0.036969166,0.0016451096,22.47216,0.98825586,0.08752004,0.8029850556067964,0.13331995006558925,0.9909090750774888,0.9995929881905372,0.9913125509926115,2210,1781,,,,,,,,,,,,,hap1+IFNB_STAT5A,hap1+IFNB,STAT5A,False,False,2
hap1+IFNB_STAT6,0.03452339,0.015692975,2.1999264,0.9883552,0.31271848,0.8100036929879627,0.27916531084142737,0.9907867790005835,0.9966520906154198,0.9941149858912005,2220,1570,0.08882177621126175,0.09313720464706421,0.9536659121513367,0.31849706172943115,-0.44325414299964905,0.31830502245187287,-0.24307692307692308,0.7929293734149071,0.9176683543365228,0.8640696496374201,21.0,4.0,hap1+IFNB_STAT6,hap1+IFNB,STAT6,False,True,2
hap1+IFNB_TRAFD1,0.03247652,0.0038029382,8.539849,0.9892638,0.17657775,0.8195251556693344,0.17465405584215604,0.9917049552410118,0.9991181906147163,0.9925802217962386,2131,1747,0.019601017236709595,0.04566897824406624,0.42919763922691345,0.5364642143249512,0.12484065443277359,0.3571428571428572,-0.19047619047619052,0.8589005325003777,0.9429190275943881,0.9108953233149174,8.0,0.0,hap1+IFNB_TRAFD1,hap1+IFNB,TRAFD1,False,True,2
hap1+IFNB_TRIM21,0.045004252,0.007997686,5.627159,0.9859007,0.18760838,0.7681213741120219,0.2816707131644808,0.9889456213857509,0.998178055260569,0.9907507144380088,2396,1425,0.023277757689356804,0.0836271271109581,0.278351753950119,0.9213323593139648,0.5196507573127747,0.8270821464786356,0.4669230769230769,0.9639695575975472,0.9567741926519987,1.0075204421281518,24.0,1.0,hap1+IFNB_TRIM21,hap1+IFNB,TRIM21,False,True,2
hap1+IFNB_TRIM22,0.03565733,0.0062552583,5.700377,0.9881419,0.13040769,0.8173296288978794,0.14736185583241,0.9908426969614628,0.9985206434927949,0.9923106782204573,2134,1741,0.12392561137676239,0.37818241119384766,0.32768741250038147,0.9752232432365417,0.9082501530647278,0.633076923076923,0.4076923076923077,0.9791606806718831,0.9953412741806841,0.9837436727195704,18.0,7.0,hap1+IFNB_TRIM22,hap1+IFNB,TRIM22,False,True,2
hap1+IFNB_TYK2,0.026939886,0.014644345,1.8396101,0.9912039,0.59711397,0.8322804111792894,0.16951755338045785,0.9931529989230817,0.9965259666784896,0.9966152735922675,2085,1782,0.43874770402908325,1.289308786392212,0.34029683470726013,0.8572299480438232,0.9013797044754028,0.9107692307692308,0.7969230769230768,0.9600609030279513,0.9862242291173192,0.9734712195087882,24.0,1.0,hap1+IFNB_TYK2,hap1+IFNB,TYK2,False,True,2
hap1+IFNB_UBA7,0.033261452,0.0037425717,8.887325,0.9890405,0.16879089,0.8127333015415374,0.18734785353504946,0.9915466226519271,0.9991237269784601,0.9924162502381485,2180,1703,0.01167001947760582,0.02994450554251671,0.3897215723991394,0.47068217396736145,0.5903753042221069,0.5151515151515151,0.406060606060606,0.847314607694488,0.9672335647579304,0.8760186149108106,9.0,1.0,hap1+IFNB_UBA7,hap1+IFNB,UBA7,False,True,2
hap1+IFNB_UBE2L6,0.03751559,0.0033509545,11.195495,0.9881664,0.16028869,0.7996527960418133,0.2064597671817775,0.9908450523945994,0.9992086735500392,0.9916297552484957,2265,1634,0.25919097661972046,0.07827077805995941,3.3114655017852783,0.7533097267150879,-0.6275082230567932,0.7999999999999999,-0.6,0.8859900362145262,0.9832922932616806,0.9010444221784828,4.0,1.0,hap1+IFNB_UBE2L6,hap1+IFNB,UBE2L6,False,False,2
hap1+IFNB_USP18,0.05298623,0.02255419,2.3492854,0.9832423,0.13875262,0.7925290768759822,0.2236554570627237,0.9871797843590571,0.9944157156252894,0.992723434321749,2270,1681,1.0935611724853516,1.0993213653564453,0.9947602152824402,0.9496022462844849,0.3004138767719269,0.8376923076923077,0.1476923076923077,0.9743570435328857,0.9722588728742038,1.0021580370385093,18.0,7.0,hap1+IFNB_USP18,hap1+IFNB,USP18,False,True,2
hap1+IFNB_VAV1,0.034214552,0.0016193055,21.129152,0.98877,-0.038859673,0.8269040218312078,0.044957795957305945,0.9914061678782516,0.9996002823959218,0.991802608840776,2121,1915,,,,,,,,,,,,,hap1+IFNB_VAV1,hap1+IFNB,VAV1,False,True,2
hap1+IFNB_ZBP1,0.03207696,0.0020867856,15.371469,0.9894958,0.17990167,0.8154854659277926,0.1941623946876679,0.9919424890758748,0.9995015704378128,0.9924371490895938,2234,1696,,,,,,,,,,,,,hap1+IFNB_ZBP1,hap1+IFNB,ZBP1,False,True,2
hap1+IFNB_ZNFX1,0.03334255,0.0035611526,9.362854,0.9889703,0.13187337,0.8185484659807536,0.16502150644310168,0.9915072319179812,0.9991543144316813,0.9923464449852776,2138,1759,1.2676275968551636,1.0456265211105347,1.2123138904571533,0.9480563998222351,-0.7721655964851379,1.0,-0.5,0.9816801204851486,0.9788802860055285,1.0028602419720243,1.0,2.0,hap1+IFNB_ZNFX1,hap1+IFNB,ZNFX1,False,True,2
hap1+INS_MTOR,0.040885318,0.03296989,1.2400806,0.99184215,0.09993072,0.8416634110804931,0.0005031601980754442,0.992596196599659,0.9934008120987482,0.9991900394188432,1693,2198,0.119691401720047,0.1365668624639511,0.8764307498931885,0.40900930762290955,0.5420965552330017,0.48413260102477607,0.5130769230769231,0.8466618898995893,0.8816406466200174,0.9603253810330461,18.0,7.0,hap1+INS_MTOR,hap1+INS,MTOR,True,False,2
hap1+TGFB_CREBBP,0.04960472,0.05523426,0.89807886,0.9894401,0.30739957,0.826993205432943,0.2998686403400528,0.9906935809983275,0.9902745798620767,1.0004231161182682,2088,1467,0.18023021519184113,0.24566900730133057,0.7336302399635315,0.6737225651741028,0.3857758939266205,0.6901002860945056,0.36076923076923073,0.8526361069585143,0.8653211005245018,0.9853407092947362,20.0,5.0,hap1+TGFB_CREBBP,hap1+TGFB,CREBBP,True,False,2
hap1+TGFB_FOXP2,0.008719632,0.014218112,0.61327636,0.99700534,0.6241029,0.8132661765907063,0.5664749722657842,0.9976357522271656,0.9968529684063739,1.0007852550432217,2698,895,0.04069449380040169,0.12539614737033844,0.32452747225761414,0.7727894186973572,0.4080196022987366,0.4676923076923077,0.4061538461538462,0.940781765184108,0.9461069062440428,0.9943715228957845,25.0,0.0,hap1+TGFB_FOXP2,hap1+TGFB,FOXP2,True,False,2
hap1+TGFB_HDAC4,0.012478662,0.014790934,0.84366965,0.99641997,0.4392624,0.852681501617367,0.3741262330235857,0.9969421423561324,0.9965833998987994,1.0003599723388623,2219,1357,0.1577952355146408,0.23363059759140015,0.6754048466682434,0.9755809307098389,-0.007090562954545021,0.8161538461538461,0.16538461538461538,0.9655442816063012,0.9463789137161878,1.0202512625887405,21.0,4.0,hap1+TGFB_HDAC4,hap1+TGFB,HDAC4,True,False,2
hap1+TGFB_RUNX3,0.008520163,0.002855151,2.9841373,0.9975399,0.22990069,0.870778386576263,0.20989253888268333,0.9980095122262435,0.9992765303604302,0.9987320645530124,2124,1625,0.7070008516311646,0.802658200263977,0.8808243274688721,,,,,,,,1.0,0.0,hap1+TGFB_RUNX3,hap1+TGFB,RUNX3,True,False,2
hap1+TNFA_BIRC3,0.00639435,0.0050715813,1.2608198,0.997863,0.4409566,0.8329459073470001,0.38094367829408743,0.9983319187793129,0.9987727526432909,0.9995586244590561,2467,1221,0.03258734196424484,0.05564993619918823,0.5855773687362671,0.8303611874580383,0.03757848963141441,0.8181818181818182,0.19999999999999998,0.9406217262213588,0.9488693019067294,0.9913079960867136,9.0,1.0,hap1+TNFA_BIRC3,hap1+TNFA,BIRC3,True,False,2
hap1+TNFA_CASP8,0.013458182,0.02443921,0.5506799,0.9954554,0.5855996,0.7919753457333091,0.536011192210001,0.9963185382965932,0.9948269493010794,1.0014993451841667,2661,950,0.07923272997140884,0.18553891777992249,0.42704102396965027,0.5930831432342529,0.20413987338542938,0.6246639726325496,0.19846153846153847,0.9034401392991939,0.9251693677334334,0.9765132426644498,24.0,1.0,hap1+TNFA_CASP8,hap1+TNFA,CASP8,True,False,2
hap1+TNFA_CSF1,0.015312881,0.016018342,0.9559592,0.9955552,0.3179854,0.832726973228458,0.28479214593868213,0.9963197807252212,0.9962819549913993,1.0000379668964519,2211,1426,0.1327681690454483,0.22314254939556122,0.5949926376342773,0.941596269607544,0.6213481426239014,0.8250497010526149,0.4884615384615385,0.9212837810652761,0.9105616052131518,1.0117753436898038,24.0,1.0,hap1+TNFA_CSF1,hap1+TNFA,CSF1,True,False,2
hap1+TNFA_MTOR,0.1153145,0.11968367,0.963494,0.9778995,0.22454177,0.7998537296774222,0.17385694369266305,0.9801293409470299,0.9793361188978547,1.000809958944502,1859,1681,0.4328967034816742,0.564507007598877,0.7668579816818237,0.6171533465385437,-0.13659894466400146,0.6349169608063302,-0.24615384615384614,0.8257399502079233,0.8179427903021114,1.0095326470240444,24.0,1.0,hap1+TNFA_MTOR,hap1+TNFA,MTOR,True,False,2
hap1+TNFA_TNFRSF1A,0.02283642,0.024721386,0.92375165,0.9945182,0.3417177,0.8318557271347904,0.239594913372925,0.9951776269024785,0.9947430736953348,1.00043684969379,2013,1581,0.19061823189258575,0.30993741750717163,0.6150217056274414,0.964803159236908,0.7625595927238464,0.8421865467030869,0.36076923076923073,0.929158146843261,0.9279024838596702,1.001353227311525,21.0,4.0,hap1+TNFA_TNFRSF1A,hap1+TNFA,TNFRSF1A,True,False,2
ht29+IFNB_IFI16,0.015504724,0.02208608,0.70201343,0.99569124,0.48771858,0.8099275944854305,0.44533443044726967,0.9963334317571512,0.9953643845179035,1.0009735602904026,2387,1133,0.12005992233753204,0.18923835456371307,0.6344375610351562,0.9618405699729919,0.6078762412071228,0.8909405819741955,0.16307692307692304,0.9852416058361518,0.9757997455657189,1.0096760224762704,23.0,2.0,ht29+IFNB_IFI16,ht29+IFNB,IFI16,True,False,2
ht29+IFNB_SP100,0.013047171,0.0027868883,4.681627,0.9969369,0.28874075,0.7394748087232944,0.2641117718727201,0.9973699712559742,0.999306023621837,0.9980626031264719,2279,1466,2.7358739376068115,3.6300950050354004,0.7536645531654358,,,,,,,,1.0,0.0,ht29+IFNB_SP100,ht29+IFNB,SP100,True,False,2
ht29+IFNB_STAT5A,0.0065179947,0.0019110112,3.410757,0.99804306,0.35134232,0.7960830572091101,0.3175674421117861,0.9984201769045705,0.9995270416119946,0.9988926115439168,2361,1356,,,,,,,,,,,,,ht29+IFNB_STAT5A,ht29+IFNB,STAT5A,True,False,2
ht29+IFNB_UBE2L6,0.006153751,0.004065941,1.5134876,0.99809486,0.4233681,0.8044926765454121,0.3860510265784564,0.9984968061798426,0.9990275557018188,0.9994687338512867,2433,1175,,,,,,,,,,,,,ht29+IFNB_UBE2L6,ht29+IFNB,UBE2L6,True,False,2
ht29+IFNG_MAFF,0.0106595745,0.0018806141,5.668135,0.9975031,0.21775252,0.7612563078155645,0.20308405170151744,0.9978708146234633,0.999516023070926,0.9983539949240554,2233,1523,,,,,,,,,,,,,ht29+IFNG_MAFF,ht29+IFNG,MAFF,True,False,2
ht29+IFNG_SP100,0.012676751,0.0018286274,6.932386,0.99736655,0.18534073,0.7521909938756914,0.16011158999531036,0.9977058330337987,0.9995293017482004,0.99817567257787,2160,1622,0.3521488606929779,0.5252161622047424,0.6704836487770081,0.99991774559021,0.09192247688770294,1.0,0.5,0.9999472309345392,0.9978541955969948,1.0020975362400437,3.0,0.0,ht29+IFNG_SP100,ht29+IFNG,SP100,True,False,2
ht29+IFNG_TSC22D1,0.004616844,0.0033087009,1.3953646,0.9985726,0.39169148,0.8360715577531318,0.36166461888112783,0.9988730446916428,0.9991836452050837,0.9996891457191764,2383,1288,0.016207436099648476,0.036796122789382935,0.44046586751937866,0.9556443095207214,0.7127227187156677,0.717234262125903,0.6016511867905057,0.9500885745635204,0.9486129071222974,1.0015556054847488,17.0,1.0,ht29+IFNG_TSC22D1,ht29+IFNG,TSC22D1,True,False,2
ht29+INS_MTOR,0.010344242,0.004738416,2.183059,0.9968312,0.07034998,0.8617295584716254,0.07990404063032816,0.9972523361959393,0.9988297695475037,0.9984207185251607,2086,2098,0.038176633417606354,0.02495005913078785,1.530121922492981,0.3774358034133911,0.029302004724740982,0.4257122123645403,-0.009230769230769232,0.8207611987871487,0.795793831071496,1.031374165947021,9.0,16.0,ht29+INS_MTOR,ht29+INS,MTOR,True,False,2
ht29+TGFB_CREBBP,0.008362332,0.005522122,1.5143331,0.99731386,0.126367,0.8620641040080016,0.16725662460358157,0.9978675793155805,0.9986100596587713,0.9992564862170079,2043,1586,0.04496808350086212,0.07452208548784256,0.6034195423126221,0.7781632542610168,0.6764125823974609,0.8076923076923077,-0.0879120879120879,0.7997039268666895,0.6625593102601215,1.2069922110863174,10.0,3.0,ht29+TGFB_CREBBP,ht29+TGFB,CREBBP,True,False,2
ht29+TGFB_FOXP2,0.0068817823,0.0047203223,1.4579052,0.99782026,0.43868032,0.8143192457257772,0.3820696842852394,0.9982741625069967,0.9988808783934309,0.9993926043639859,2442,1177,0.1893988400697708,0.4751262962818146,0.3986284136772156,0.9996070861816406,0.8658487796783447,1.0,1.0,0.9998398438721401,0.9928524650590175,1.0070376808831383,3.0,0.0,ht29+TGFB_FOXP2,ht29+TGFB,FOXP2,True,False,2
ht29+TGFB_HDAC4,0.009800351,0.009226598,1.0621847,0.99714434,0.28036398,0.8502516432466585,0.2779927107397396,0.9975671538100264,0.9978841226792149,0.9996823590415113,2145,1428,0.16365161538124084,0.17222003638744354,0.9502472281455994,0.9899068474769592,-0.11427894979715347,0.5661538461538461,-0.02923076923076923,0.9757087768013507,0.9725707399679514,1.003226538394012,14.0,11.0,ht29+TGFB_HDAC4,ht29+TGFB,HDAC4,True,False,2
ht29+TGFB_PRKCA,0.005242116,0.0017563713,2.9846284,0.99836934,0.29835933,0.8348225051067316,0.28641710510792034,0.9987189246807684,0.9995583947899633,0.9991601590126494,2326,1405,,,,,,,,,,,,,ht29+TGFB_PRKCA,ht29+TGFB,PRKCA,True,False,2
ht29+TGFB_RUNX3,0.006879318,0.0022553063,3.050281,0.9979359,0.13402863,0.8591198575762351,0.14936244725028822,0.9982523632239138,0.9994398034236326,0.9988118942274951,1984,1694,,,,,,,,,,,,,ht29+TGFB_RUNX3,ht29+TGFB,RUNX3,True,False,2
ht29+TNFA_BIRC3,0.0034114043,0.0014760265,2.311208,0.99893403,0.19820091,0.844194675788585,0.23941105341243318,0.9991648077137274,0.9996281365428246,0.9995364988117486,2447,1589,0.9939709901809692,1.1021710634231567,0.9018300771713257,1.0,-1.0,0.9999999999999999,-0.9999999999999999,0.9999964722495994,0.9994826229484969,1.0005141152925567,2.0,0.0,ht29+TNFA_BIRC3,ht29+TNFA,BIRC3,True,False,2
ht29+TNFA_CASP8,0.0061120633,0.007243245,0.84382945,0.9979793,0.4396289,0.8093601911144404,0.400434185391421,0.9983906284216789,0.9983869591446175,1.0000036752053176,2649,1269,0.01624535396695137,0.036613594740629196,0.44369733333587646,0.7345383763313293,0.3366163372993469,0.5599582623598395,0.24307692307692308,0.9018255083444865,0.9222948369720094,0.9778060899758195,24.0,1.0,ht29+TNFA_CASP8,ht29+TNFA,CASP8,True,False,2
ht29+TNFA_TNFRSF1A,0.017071031,0.016244441,1.0508845,0.9946815,0.14088342,0.8560464552565951,0.1766469187578992,0.9957223334426102,0.9960080187814879,0.9997131696397111,2105,1824,0.49811112880706787,0.5481963157653809,0.9086363911628723,0.7721267938613892,0.5754128694534302,0.8506546015602479,0.5346153846153846,0.8972810068745816,0.8885826438797672,1.0097890309412698,18.0,7.0,ht29+TNFA_TNFRSF1A,ht29+TNFA,TNFRSF1A,True,False,2
k562+IFNB_IFI16,0.03482674,0.06743488,0.51645,0.9903176,0.6735278,0.8162687596360432,0.7010798038707037,0.9918221442646372,0.9873970879991226,1.0044815366778947,2896,584,0.31460002064704895,0.6501938104629517,0.4838557541370392,0.9643057584762573,0.4160419702529907,0.7807692307692308,0.5723076923076923,0.969734678679276,0.9462921035501964,1.024773085436442,25.0,0.0,k562+IFNB_IFI16,k562+IFNB,IFI16,True,False,2
k562+IFNB_SP100,0.024150427,0.008494321,2.8431263,0.9948787,0.4805781,0.7500410683407351,0.41617211865689774,0.995552420557671,0.9976873191546447,0.9978601526189762,2537,1083,0.513210654258728,0.8604359030723572,0.5964542627334595,0.9988606572151184,0.053071923553943634,0.7999999999999999,0.0,0.9990978743222961,0.9918190839434268,1.007338828720586,4.0,0.0,k562+IFNB_SP100,k562+IFNB,SP100,True,False,2
k562+IFNB_STAT5A,0.0133749815,0.005624462,2.378002,0.9961053,0.37744945,0.8033593766339471,0.31991507435194844,0.9967809039670228,0.9983881060047513,0.99839020314038,2383,1303,,,,,,,,,,,,,k562+IFNB_STAT5A,k562+IFNB,STAT5A,True,False,2
k562+IFNB_UBE2L6,0.0106268115,0.026647024,0.39879918,0.99593234,0.7017202,0.8154792643835386,0.6552196529067416,0.9967613849215008,0.9942628308184721,1.0025129714453591,2843,702,0.08108615130186081,0.3463491201400757,0.2341168075799942,0.9814878702163696,0.6244292259216309,0.9538461538461538,0.6623076923076924,0.9895405512439502,0.9715052710020651,1.0185642639110775,25.0,0.0,k562+IFNB_UBE2L6,k562+IFNB,UBE2L6,True,False,2
k562+IFNG_IFI16,0.068191685,0.113375485,0.6014676,0.98365927,0.6888293,0.7789077101721226,0.6862560565384469,0.9854067559894407,0.9788366070984659,1.0067122018560897,2586,701,0.3429115414619446,0.690216064453125,0.4968176782131195,0.5076420307159424,0.538628339767456,0.4629033334217173,0.5976923076923077,0.8660015080774338,0.8544005926338992,1.0135778410543606,24.0,1.0,k562+IFNG_IFI16,k562+IFNG,IFI16,True,False,2
k562+IFNG_MAFF,0.01927914,0.009320925,2.0683718,0.99534106,0.54937506,0.7398238155836717,0.46795288725101314,0.99602461207334,0.9975073569363,0.9985135499476274,2476,961,0.016576776280999184,0.35362666845321655,0.046876486390829086,,,,,,,,1.0,0.0,k562+IFNG_MAFF,k562+IFNG,MAFF,True,False,2
k562+IFNG_SP100,0.029482977,0.008154491,3.615551,0.99419886,0.4400502,0.7218723621016155,0.374357631356418,0.994900478651388,0.9977108422517261,0.9971831882732722,2396,1073,0.8827242255210876,1.4874160289764404,0.5934615731239319,1.0,-1.0,0.9999999999999999,-0.9999999999999999,0.9975620193139141,0.9987780305907871,0.9987825009765646,2.0,0.0,k562+IFNG_SP100,k562+IFNG,SP100,True,False,2
k562+IFNG_TSC22D1,0.008384939,0.009161916,0.915195,0.9969596,0.5535729,0.8234283551902906,0.4860502857967127,0.9975763281220996,0.9975206403817218,1.0000558261534884,2439,970,,,,,,,,,,,,,k562+IFNG_TSC22D1,k562+IFNG,TSC22D1,True,False,2
k562+TNFA_CASP8,0.01194759,0.018677277,0.6396858,0.9956528,0.5086262,0.8198686863077513,0.4638832423277535,0.9964710058899123,0.9954262737296632,1.0010495324343156,2683,1158,0.0614183135330677,0.11574262380599976,0.5306456089019775,0.585791289806366,0.2257089763879776,0.5357969255076312,0.2561538461538462,0.907717888323519,0.903935692454667,1.0041841426336218,24.0,1.0,k562+TNFA_CASP8,k562+TNFA,CASP8,True,False,2
mcf7+IFNB_IRF3,0.0084291585,0.008326984,1.0122703,0.9971949,0.37893605,0.8154256283029694,0.38445217197047515,0.9977820047265198,0.9979182044939455,0.9998635161010067,2605,1316,0.18780477344989777,0.18377317488193512,1.0219378471374512,0.9243887662887573,-0.22398072481155396,0.85,0.3507692307692308,0.874513762187806,0.8437217218211505,1.0364954932062098,23.0,2.0,mcf7+IFNB_IRF3,mcf7+IFNB,IRF3,True,False,2
mcf7+IFNB_SP100,0.0070952536,0.005926568,1.1971943,0.99777234,0.52758175,0.7790334905461473,0.4343862663955865,0.9981718596934391,0.9985099716853206,0.9996613834598859,2713,1251,0.032369986176490784,0.09357895702123642,0.3459109663963318,0.9176464676856995,0.6504694223403931,0.8400000000000001,0.4653846153846154,0.9490860980117025,0.9753045109158772,0.973117715943348,24.0,1.0,mcf7+IFNB_SP100,mcf7+IFNB,SP100,True,False,2
mcf7+IFNB_STAT5A,0.0069133085,0.0036986207,1.8691585,0.9983381,0.4692563,0.7922330770642383,0.35294919161232313,0.9986431372922683,0.9990378654261329,0.9996048917187976,2568,1481,0.0063590193167328835,0.028565268963575363,0.22261366248130798,0.9028670191764832,0.44544529914855957,0.5340659340659341,0.4021978021978022,0.9493493116517445,0.9909833607728167,0.9579871360417153,14.0,0.0,mcf7+IFNB_STAT5A,mcf7+IFNB,STAT5A,True,False,2
mcf7+IFNG_MAFF,0.0075192484,0.0028352598,2.6520493,0.9976851,0.35553497,0.7769164973329757,0.2791866413571053,0.9980984869946435,0.999262290272463,0.9988353375393539,2204,1389,,,,,,,,,,,,,mcf7+IFNG_MAFF,mcf7+IFNG,MAFF,True,False,2
mcf7+IFNG_SP100,0.008167678,0.0030985158,2.6359968,0.9976061,0.36241448,0.7796887103543538,0.29318233026738205,0.9980057752928477,0.9991907917116941,0.9988140238794472,2264,1350,0.7135787010192871,0.9605883955955505,0.7428558468818665,,,,,,,,1.0,0.0,mcf7+IFNG_SP100,mcf7+IFNG,SP100,True,False,2
mcf7+IFNG_TSC22D1,0.006057296,0.0056919525,1.064186,0.9980273,0.38718855,0.8304347376320578,0.3641010951217381,0.9984212868058487,0.9985986028977168,0.9998224350691524,2236,1253,,,,,,,,,,,,,mcf7+IFNG_TSC22D1,mcf7+IFNG,TSC22D1,True,False,2
mcf7+INS_MTOR,0.006765424,0.003880227,1.7435639,0.9977697,0.34039488,0.8482752325231232,0.1872507519389724,0.9981746642188167,0.9989693538178408,0.9992044905121594,2170,1724,0.025781912729144096,0.17493820190429688,0.14737725257873535,0.8814671039581299,0.9511160850524902,0.7857142857142858,0.5714285714285715,0.9262467978452339,0.987211155529651,0.9382458784598022,7.0,1.0,mcf7+INS_MTOR,mcf7+INS,MTOR,True,False,2
mcf7+TGFB_FOXP2,0.0142874755,0.026088983,0.547644,0.9944475,0.64591074,0.7343453447131028,0.597037222606982,0.9954963541670641,0.9946077805146012,1.0008933910128908,2363,586,0.07009654492139816,0.41101592779159546,0.1705445945262909,1.0,1.0,0.9999999999999999,0.9999999999999999,0.9863017401180405,0.990776061216528,0.9954840238136218,2.0,0.0,mcf7+TGFB_FOXP2,mcf7+TGFB,FOXP2,True,False,2
mcf7+TGFB_PRKCA,0.011199846,0.0050308704,2.2262242,0.9971173,0.4118982,0.7748272414307358,0.31434209397987917,0.9976808971740945,0.9986127157868078,0.9990668868942059,2092,1088,,,,,,,,,,,,,mcf7+TGFB_PRKCA,mcf7+TGFB,PRKCA,True,False,2
mcf7+TGFB_RUNX3,0.008227502,0.0064420076,1.2771642,0.9974098,0.48899052,0.8251537037072206,0.41044158434345696,0.9977721424901612,0.9982252440062935,0.9995460929095383,2103,1052,0.11650551110506058,0.5394865870475769,0.21595627069473267,,,,,,,,1.0,0.0,mcf7+TGFB_RUNX3,mcf7+TGFB,RUNX3,True,False,2
mcf7+TNFA_BIRC3,0.004755979,0.006139624,0.77463686,0.99841654,0.5479203,0.838233991009575,0.4195095740659012,0.9987575469784403,0.998400644323673,1.0003574743834516,2563,1292,0.11558601260185242,0.3406084477901459,0.3393515646457672,0.9231933951377869,0.43401938676834106,0.9376923076923077,0.6646153846153847,0.9706240651716233,0.9724899464837499,0.9980813361424731,25.0,0.0,mcf7+TNFA_BIRC3,mcf7+TNFA,BIRC3,True,False,2
mcf7+TNFA_CASP8,0.009209336,0.014789386,0.622699,0.99671805,0.5607151,0.8030768401587743,0.49012510769635215,0.9973897078824815,0.9964078853746465,1.0009853620412346,2698,1099,0.08813033998012543,0.23504112660884857,0.3749571144580841,0.9463066458702087,0.671332597732544,0.8053846153846154,0.7423076923076923,0.9602306888758461,0.9464372748315714,1.0145740393062281,25.0,0.0,mcf7+TNFA_CASP8,mcf7+TNFA,CASP8,True,False,2
mcf7+TNFA_CSF1,0.004531583,0.005955267,0.7609369,0.9984944,0.54580617,0.8397572591286048,0.38964460310469146,0.9988042624478909,0.9984501907477122,1.0003546212955436,2453,1384,0.04502306506037712,0.222516268491745,0.20233605802059174,0.9594038724899292,0.9404363036155701,0.9215384615384615,0.8653846153846154,0.971913834968519,0.9623265211310014,1.0099626411898635,25.0,0.0,mcf7+TNFA_CSF1,mcf7+TNFA,CSF1,True,False,2
mcf7+TNFA_MTOR,0.007991401,0.008683646,0.9202817,0.9974078,0.38639012,0.8583479859610489,0.26602565656189453,0.9978383160826698,0.9978157625335253,1.0000226029192876,2205,1605,0.07173024117946625,0.27988511323928833,0.25628459453582764,0.9669846892356873,0.9145447015762329,0.9469230769230769,0.8930769230769231,0.9720612105156659,0.9650438496074146,1.0072715461697475,25.0,0.0,mcf7+TNFA_MTOR,mcf7+TNFA,MTOR,True,False,2
a549+IFNB_FOS,0.008899988,0.009269104,0.9601777,0.99741125,0.5564583,0.807326717167069,0.514946387938844,0.9980069299451363,0.9981178087704146,0.9998889120860244,2532,865,,,,,,,,,,,,,a549+IFNB_FOS,a549+IFNB,FOS,True,False,3
a549+IFNB_SP110,0.014597499,0.02344023,0.62275404,0.9962528,0.57197905,0.8180946842263547,0.5574256925641011,0.9969468924264911,0.995822996149524,1.0011286104873185,2467,881,0.13231982290744781,0.2976236045360565,0.4445877969264984,0.9535900950431824,0.3464169204235077,0.8497788193354912,0.27615384615384614,0.9524317110326092,0.93293210622624,1.0209014189523888,25.0,0.0,a549+IFNB_SP110,a549+IFNB,SP110,True,False,3
a549+IFNG_CUL1,0.033166938,0.020190377,1.6427102,0.99093044,0.38662118,0.7199375669828516,0.40308129245864754,0.9925986392735408,0.9957424870527958,0.9968427100177676,2269,1002,0.7536994218826294,0.6842995882034302,1.1014173030853271,0.7175770998001099,0.5708906650543213,0.35824175824175825,0.4945054945054946,0.8683511689419008,0.850674658749914,1.0207794013964901,7.0,7.0,a549+IFNG_CUL1,a549+IFNG,CUL1,True,False,3
a549+IFNG_IFNGR2,0.018302338,0.026965497,0.67873174,0.99442196,0.58258307,0.8198707365667023,0.3819615905584312,0.995759440260059,0.9937407302421213,1.0020314252566118,2397,1067,0.31638261675834656,0.8163797855377197,0.3875434100627899,0.9188868403434753,0.9208118319511414,0.9215384615384615,0.8200000000000001,0.9664869794152982,0.9490999469754315,1.0183194957446529,23.0,2.0,a549+IFNG_IFNGR2,a549+IFNG,IFNGR2,True,False,3
a549+IFNG_PPARG,0.037084423,0.089293554,0.41530907,0.9902397,0.74975556,0.7834249922932165,0.7310383884642359,0.991916000825511,0.98593349814012,1.0060678561958556,2705,420,0.2992684841156006,0.7101876139640808,0.4213935434818268,0.9815738797187805,0.33542582392692566,0.8868362904953897,0.5276923076923077,0.9625441627916198,0.9173017163604389,1.0493212272737138,25.0,0.0,a549+IFNG_PPARG,a549+IFNG,PPARG,True,False,3
a549+IFNG_SP110,0.017428441,0.029603632,0.58872646,0.9956217,0.6143757,0.8162576332163254,0.5861492832456326,0.9962885553786727,0.9946415081609753,1.001655920453936,2384,790,0.14774584770202637,0.31872686743736267,0.46355003118515015,0.9601736664772034,0.2712676525115967,0.8446153846153847,0.27153846153846156,0.959220590279634,0.9393203591589365,1.0211857764251124,25.0,0.0,a549+IFNG_SP110,a549+IFNG,SP110,True,False,3
a549+INS_RPS6KB1,0.009548869,0.0039480943,2.418602,0.9973559,0.34809422,0.8137542788695697,0.3052162357410288,0.9979594583471941,0.999111937148879,0.9988464968149878,2182,1336,,,,,,,,,,,,,a549+INS_RPS6KB1,a549+INS,RPS6KB1,True,False,3
a549+INS_SP1,0.0133855725,0.0059507918,2.2493768,0.99648726,0.392434,0.7859688140228009,0.3420695266869592,0.997227255952563,0.9986698351512874,0.9985554993773234,2286,1160,0.031831540167331696,0.29272332787513733,0.10874275118112564,,,,,,,,1.0,0.0,a549+INS_SP1,a549+INS,SP1,True,False,3
a549+TGFB_RPS6KB1,0.0074524437,0.002501941,2.9786649,0.99787784,0.2721472,0.8287009370196644,0.2779123168804289,0.9983603203645083,0.9994290529744525,0.998930656851766,2284,1381,,,,,,,,,,,,,a549+TGFB_RPS6KB1,a549+TGFB,RPS6KB1,True,False,3
a549+TGFB_SP1,0.010031334,0.005939328,1.6889678,0.9971802,0.4016784,0.7990660110239801,0.3694444940672258,0.9977827166366386,0.9987178975129376,0.9990636185867623,2384,1175,,,,,,,,,,,,,a549+TGFB_SP1,a549+TGFB,SP1,True,False,3
bxpc3+IFNB_FOS,0.015777025,0.022416279,0.70382,0.9959912,0.4856788,0.8714230678901078,0.4158388525017794,0.9967582321319298,0.9956516114713105,1.0011114536931085,2641,1355,0.062272194772958755,0.1749199628829956,0.35600394010543823,0.6186758279800415,0.9127225875854492,0.7143681609352681,0.5569230769230769,0.9146443920422587,0.853373876287103,1.0717979744373405,24.0,1.0,bxpc3+IFNB_FOS,bxpc3+IFNB,FOS,True,False,3
bxpc3+IFNB_SP110,0.010609009,0.0108242035,0.98011917,0.99728477,0.37017474,0.8857521375916861,0.2563808456363101,0.9979266054201062,0.9976208395978919,1.0003064950230365,2349,1732,0.0685562863945961,0.22223688662052155,0.30848294496536255,0.9467479586601257,0.8261890411376953,0.8053846153846154,0.793076923076923,0.9524728599813697,0.8918748011107688,1.0679445801082508,23.0,2.0,bxpc3+IFNB_SP110,bxpc3+IFNB,SP110,True,False,3
bxpc3+INS_FOS,0.008035081,0.00509247,1.5778358,0.9975217,0.3617928,0.872086882085568,0.21255489412185274,0.998122442239913,0.9988211619189161,0.999300455671503,2426,1886,0.016090797260403633,0.0242124255746603,0.664567768573761,0.24999867379665375,0.4156593382358551,0.5215384615384615,0.5,0.6007211337715572,0.5925543331723581,1.013782365838887,19.0,6.0,bxpc3+INS_FOS,bxpc3+INS,FOS,True,False,3
bxpc3+INS_RPS6KB1,0.0077998033,0.0029952289,2.604076,0.9976034,0.314516,0.8669523448160883,0.23677591302363898,0.9981649435969484,0.9992869563195513,0.9988771866624424,2536,1863,0.07461892068386078,0.07201408594846725,1.0361711978912354,0.9998573064804077,0.44059520959854126,0.7,0.8999999999999998,0.9932694125745116,0.9531250143469371,1.0421187122605116,4.0,1.0,bxpc3+INS_RPS6KB1,bxpc3+INS,RPS6KB1,True,False,3
bxpc3+INS_SP1,0.01492919,0.004166517,3.5831344,0.99669755,0.25009298,0.8402802535137964,0.19737826158220625,0.9973443821792309,0.9990080725580522,0.9983346577224734,2477,1845,0.02167719043791294,0.08331605792045593,0.2601802349090576,0.9644482135772705,0.865338921546936,0.46402465920348185,0.5784615384615384,0.9685062109092835,0.9366770574195595,1.0339809256964292,22.0,3.0,bxpc3+INS_SP1,bxpc3+INS,SP1,True,False,3
bxpc3+INS_SREBF2,0.0081185885,0.0035218403,2.305212,0.9975816,0.27120358,0.8811995768167246,0.17800336094921346,0.9981759771393446,0.9991676972537443,0.9990074537866611,2555,1940,0.17275674641132355,0.19686251878738403,0.8775502443313599,0.276041716337204,0.3001236617565155,0.3,0.7166666666666667,0.5385591450247984,0.5170609423121157,1.0415776960768883,7.0,2.0,bxpc3+INS_SREBF2,bxpc3+INS,SREBF2,True,False,3
bxpc3+TGFB_FOS,0.02027754,0.021575378,0.9398463,0.99409187,0.37971035,0.8183777068230007,0.3202348581369781,0.995291146763704,0.9953291751978383,0.9999617931081678,2138,1214,0.22348228096961975,0.2931840717792511,0.762259304523468,-0.10466437041759491,0.019072681665420532,-0.22360679774997896,-0.09999999999999999,0.4677545527687865,0.6647300878341705,0.7036759149759996,4.0,1.0,bxpc3+TGFB_FOS,bxpc3+TGFB,FOS,True,False,3
bxpc3+TGFB_SP1,0.022532696,0.0084970975,2.651811,0.99455094,0.27680302,0.7947980284290475,0.2660620315500771,0.9956759538126828,0.9979639905149331,0.9977072953292937,2229,1241,,,,,,,,,,,,,bxpc3+TGFB_SP1,bxpc3+TGFB,SP1,True,False,3
hap1+IFNB_FOS,0.0084738415,0.003389147,2.5002873,0.99823093,0.38779655,0.8331610621149453,0.3624097015801753,0.9986160959735061,0.9991943604484936,0.9994212692766521,2585,1288,0.04244866967201233,0.13762116432189941,0.3084458112716675,0.984146237373352,0.9895639419555664,0.9999999999999999,0.8999999999999998,0.984930575369383,0.9924110424275705,0.9924623298831003,5.0,0.0,hap1+IFNB_FOS,hap1+IFNB,FOS,True,False,3
hap1+IFNB_SP110,0.0067127678,0.005859123,1.145695,0.9982809,0.45016217,0.85652578887023,0.4223752800331136,0.9986547195849994,0.9986699512732625,0.9999847480258681,2617,1235,0.025630958378314972,0.07420352101325989,0.34541431069374084,0.9388992786407471,0.7198410034179688,0.7546153846153847,0.33692307692307694,0.952484125861651,0.9607369637763747,0.9914098882151008,24.0,1.0,hap1+IFNB_SP110,hap1+IFNB,SP110,True,False,3
hap1+IFNG_CUL1,0.042008348,0.18811855,0.22330785,0.9818424,0.85900784,0.6901392082507263,0.7975817178178469,0.9848922373758707,0.9702688667716842,1.0150714622564794,2625,244,0.29406246542930603,1.3497120141983032,0.21787051856517792,0.8085035681724548,0.1620735228061676,0.680445833295198,0.2346153846153846,0.939789037565758,0.9124274678338083,1.0299876655367564,25.0,0.0,hap1+IFNG_CUL1,hap1+IFNG,CUL1,True,False,3
hap1+IFNG_PPARG,0.04540198,0.13233508,0.34308347,0.9872652,0.81575656,0.7430102595411217,0.786214300527294,0.9894156738338541,0.980464562279031,1.0091294595431546,2694,320,0.3409079313278198,1.0224705934524536,0.3334158658981323,0.703221321105957,0.16740413010120392,0.7553846153846154,0.2353846153846154,0.937302618130076,0.9598115163968728,0.9765486265977563,25.0,0.0,hap1+IFNG_PPARG,hap1+IFNG,PPARG,True,False,3
hap1+INS_RPS6KB1,0.012766438,0.006057129,2.1076715,0.9973271,0.4577281,0.8144858452197218,0.4267847567326458,0.9978945753316797,0.9985939441134366,0.9992996464820565,2672,1272,0.013440420851111412,0.047016702592372894,0.28586480021476746,0.7956549525260925,0.5745226740837097,0.39623005156883473,0.06307692307692309,0.8852157250127615,0.9623155338817647,0.919880947408175,24.0,1.0,hap1+INS_RPS6KB1,hap1+INS,RPS6KB1,True,False,3
hap1+INS_SP1,0.015637854,0.004434052,3.526764,0.9961323,0.30140606,0.7887420988448791,0.3248834711020388,0.9968188552059741,0.9989241049776456,0.9978924827610216,2604,1379,0.005180224776268005,0.022964952513575554,0.2255708873271942,0.6387159824371338,0.25080788135528564,0.6070398265782732,0.18615384615384614,0.8855331120341297,0.925158536611529,0.9571690439970096,25.0,0.0,hap1+INS_SP1,hap1+INS,SP1,True,False,3
hap1+INS_SREBF2,0.010686028,0.0026148346,4.086694,0.99722135,0.1169685,0.8381250021861428,0.15259307601423935,0.9978002166909685,0.9993331589729816,0.9984660348070623,2297,1791,0.0005350125720724463,0.011266212910413742,0.04748823493719101,,,,,,,,1.0,0.0,hap1+INS_SREBF2,hap1+INS,SREBF2,True,False,3
hap1+TGFB_CUL1,0.034320284,0.11798878,0.29087752,0.98625135,0.7979605,0.7497966135009638,0.7683412364092065,0.9885838049069574,0.9792249817238601,1.0095573778832947,3019,468,0.1504402607679367,0.5494088530540466,0.27382203936576843,0.6245431900024414,0.4597242474555969,0.6264849275014353,0.5115384615384615,0.8263572933019511,0.8213216164955205,1.0061311874730843,25.0,0.0,hap1+TGFB_CUL1,hap1+TGFB,CUL1,True,False,3
hap1+TGFB_FOS,0.012388518,0.0036773274,3.3688917,0.9968487,0.39272615,0.8276781404059803,0.3409039449672875,0.9975148133945261,0.9990996970798086,0.9984136881535297,2398,1266,0.022676171734929085,0.1851293295621872,0.12248827517032623,1.0,1.0,0.9999999999999999,0.9999999999999999,0.9957590810268963,0.9909254730347467,1.004877872376564,2.0,0.0,hap1+TGFB_FOS,hap1+TGFB,FOS,True,False,3
hap1+TGFB_RPS6KB1,0.01933936,0.0067078797,2.883081,0.9965349,0.4391977,0.8208313572233864,0.4204079238446708,0.9972602785758953,0.9984001889563768,0.9988582630561468,2542,1086,0.010381221771240234,0.08623579144477844,0.12038182467222214,0.7450401782989502,0.4404374957084656,0.7865612648221343,0.5721343873517787,0.9338006961419074,0.9688399340173258,0.963833821619917,23.0,0.0,hap1+TGFB_RPS6KB1,hap1+TGFB,RPS6KB1,True,False,3
hap1+TNFA_FOS,0.011758095,0.003997208,2.9415767,0.99733204,0.41812712,0.825671568570446,0.3713196988298483,0.9978755485283858,0.9990296020413001,0.9988448255081168,2485,1220,,,,,,,,,,,,,hap1+TNFA_FOS,hap1+TNFA,FOS,True,False,3
ht29+IFNB_SP110,0.00771223,0.005401315,1.427843,0.9974538,0.2506358,0.8149965524477067,0.26654434912763647,0.9979981341791215,0.9987020254801049,0.9992951938786296,2233,1390,0.03233115375041962,0.07530877739191055,0.4293145537376404,0.9590966701507568,0.768384575843811,0.8353846153846154,0.3715384615384616,0.9427165627979617,0.9630553997909351,0.9788809273096971,23.0,2.0,ht29+IFNB_SP110,ht29+IFNB,SP110,True,False,3
ht29+IFNG_ATF3,0.050305706,0.0020647377,24.36421,0.9843979,0.06801897,0.757645938437495,0.08832988785577862,0.987770924762706,0.9994785408034201,0.9882862757300391,1994,1735,0.1449582278728485,0.7491250038146973,0.19350339472293854,1.0,1.0,0.9999999999999999,0.9999999999999999,0.9981388700785927,0.9990427821996567,0.9990952218091463,2.0,0.0,ht29+IFNG_ATF3,ht29+IFNG,ATF3,False,True,3
ht29+IFNG_ATF5,0.05098509,0.0035402854,14.401407,0.98403895,0.10125916,0.7288067350558741,0.14284757772708884,0.9874176873211258,0.9991463328897912,0.9882613335178411,2068,1611,0.06862050294876099,0.024053022265434265,2.8528847694396973,-0.15089692175388336,0.1258068084716797,0.03063241106719368,0.08893280632411067,0.6379613792736157,0.9467184121466025,0.673866031428599,14.0,9.0,ht29+IFNG_ATF5,ht29+IFNG,ATF5,False,True,3
ht29+IFNG_BATF2,0.050725147,0.0022022326,23.03351,0.98448414,0.0741076,0.7592011773362786,0.11501820790898737,0.9878333436835647,0.9994466280289012,0.9883802856304192,2066,1660,,,,,,,,,,,,,ht29+IFNG_BATF2,ht29+IFNG,BATF2,False,True,3
ht29+IFNG_CEBPB,0.052648786,0.0063910675,8.23787,0.98448807,0.16689685,0.7344926012716548,0.1756225236881968,0.9877792004221764,0.9983663748930804,0.9893955017545158,2095,1572,0.1058247834444046,0.07501670718193054,1.4106829166412354,0.5755581855773926,0.24939560890197754,0.37615384615384617,0.27,0.7856169524475121,0.930996142555496,0.8438455505208304,16.0,9.0,ht29+IFNG_CEBPB,ht29+IFNG,CEBPB,False,True,3
ht29+IFNG_CEBPE,0.049983226,0.0022210106,22.50472,0.9846672,0.0786909,0.7520164187637798,0.12348888858064798,0.9879545214897273,0.9994456348621064,0.9885025128215558,2064,1664,,,,,,,,,,,,,ht29+IFNG_CEBPE,ht29+IFNG,CEBPE,False,True,3
ht29+IFNG_CLK1,0.077592425,0.012528505,6.1932707,0.9789516,0.29619896,0.6558977047030567,0.35885237172208356,0.9828391337120135,0.9971919537400378,0.9856067630969213,2452,1159,0.045507170259952545,0.0852569118142128,0.5337651968002319,0.040595702826976776,0.3044097125530243,-0.10692307692307691,0.4115384615384615,0.5452644222109213,0.9185720274141409,0.5936000726539512,22.0,3.0,ht29+IFNG_CLK1,ht29+IFNG,CLK1,False,True,3
ht29+IFNG_CUL1,0.059415888,0.025297398,2.3486958,0.97957265,0.35213602,0.6979129011278197,0.40798808042826046,0.98351748833858,0.9948328761036228,0.98862584054383,2479,1115,0.07068776339292526,0.12127291411161423,0.5828816890716553,0.4368429481983185,0.11495786160230637,0.34142645265418814,0.09923076923076923,0.7274154567142059,0.9189809573965697,0.7915457342826124,21.0,4.0,ht29+IFNG_CUL1,ht29+IFNG,CUL1,False,False,3
ht29+IFNG_EHF,0.054246783,0.0039975806,13.569903,0.98416626,0.18067281,0.7155482768190766,0.18572592435963217,0.9874839553357431,0.9990232638400377,0.9884494096164088,2141,1524,0.0795350894331932,0.02316676825284958,3.433154344558716,0.31390759348869324,0.15079426765441895,0.3865132415487028,0.27153846153846156,0.6256213112266995,0.9452291734720385,0.6618726217776926,18.0,7.0,ht29+IFNG_EHF,ht29+IFNG,EHF,False,True,3
ht29+IFNG_ETV7,0.05041764,0.0015649812,32.216133,0.984806,0.098830335,0.76028570490589,0.08147111071352693,0.9880969366436215,0.9995999385123019,0.988492394381496,2000,1746,0.00995388813316822,0.03156649321317673,0.3153308033943176,,,,,,,,1.0,0.0,ht29+IFNG_ETV7,ht29+IFNG,ETV7,False,True,3
ht29+IFNG_FBXO6,0.050783705,0.002109185,24.077406,0.98452866,0.07939951,0.7310840820132872,0.09279794239362511,0.9878479858384178,0.9994761914722314,0.9883657002207474,2005,1720,,,,,,,,,,,,,ht29+IFNG_FBXO6,ht29+IFNG,FBXO6,False,True,3
ht29+IFNG_FMNL2,0.05071652,0.002493954,20.335787,0.9846417,0.11180895,0.7352251507401262,0.1295724570386033,0.9879122796191084,0.9993827845222352,0.9885224109512649,2054,1636,0.033275868743658066,0.035151880234479904,0.9466312527656555,0.0034026503562927246,0.3904449939727783,0.5,0.5,0.6865835168117028,0.9992259793825031,0.6871153582655991,2.0,1.0,ht29+IFNG_FMNL2,ht29+IFNG,FMNL2,False,True,3
ht29+IFNG_FOXN3,0.049467865,0.0016927548,29.223291,0.984825,0.08319669,0.7607709604545618,0.08122432792426076,0.9881068146247969,0.9995689503548493,0.9885329213897818,2047,1720,,,,,,,,,,,,,ht29+IFNG_FOXN3,ht29+IFNG,FOXN3,False,True,3
ht29+IFNG_GUK1,0.050107606,0.0029053998,17.246372,0.9851453,0.1954475,0.7406657727997307,0.18445726039628713,0.9883122584986775,0.9992775327456314,0.9890267979739068,2143,1539,0.013680705800652504,0.1374141275882721,0.09955821931362152,0.9759236574172974,0.9661881923675537,0.9999999999999999,0.7,0.974059105428234,0.6962624716336675,1.3989826324299248,5.0,0.0,ht29+IFNG_GUK1,ht29+IFNG,GUK1,False,True,3
ht29+IFNG_HLA-DQB1,0.050409567,0.0029978019,16.81551,0.9845484,0.110903084,0.7441698245246281,0.13323800704074507,0.9878264287022663,0.9992629877021716,0.9885550058986935,2055,1633,0.11242792010307312,0.05395447462797165,2.0837552547454834,0.86672443151474,-0.5789523124694824,0.7999999999999999,-0.39999999999999997,0.9666190789307341,0.9502706594152638,1.0172039611593713,2.0,2.0,ht29+IFNG_HLA-DQB1,ht29+IFNG,HLA-DQB1,False,True,3
ht29+IFNG_HLX,0.06077477,0.01964417,3.0937817,0.97961456,0.24040982,0.7001999444293314,0.30866210654287596,0.9836069779282209,0.9957555458989015,0.9877996481960705,2351,1236,0.20514045655727386,0.13891999423503876,1.4766805171966553,0.3596135973930359,-0.005075565539300442,0.39815349842111064,0.03153846153846154,0.7806419845199268,0.9522694055878755,0.8197700986077612,16.0,9.0,ht29+IFNG_HLX,ht29+IFNG,HLX,False,True,3
ht29+IFNG_IFI16,0.06302421,0.053766858,1.1721758,0.9752055,0.43930396,0.6983243541680489,0.49198266867805773,0.9797867712598579,0.990093822775464,0.9895898234303563,2578,993,0.17752227187156677,0.19803816080093384,0.8964043855667114,0.30742356181144714,0.036011479794979095,0.14779161926413711,-0.22461538461538463,0.6683459625604385,0.7927078980361225,0.8431175773777683,18.0,7.0,ht29+IFNG_IFI16,ht29+IFNG,IFI16,False,True,3
ht29+IFNG_IFNGR1,0.030458564,0.023323234,1.3059323,0.99224037,0.70850676,0.7601882993141558,0.28647974124490255,0.993934118317591,0.9939726054604191,0.9999612794732806,2200,1535,0.580134391784668,0.8188612461090088,0.7084648013114929,0.8407325744628906,0.956946074962616,0.8392307692307692,0.9484615384615385,0.9592447160860029,0.9397193694221472,1.020777848471786,24.0,1.0,ht29+IFNG_IFNGR1,ht29+IFNG,IFNGR1,False,True,3
ht29+IFNG_IFNGR2,0.029708369,0.025660468,1.1577485,0.9923843,0.6979815,0.7688198683106745,0.2938458957601941,0.9940600638833235,0.9933757271620444,1.0006889001840564,2324,1541,0.424935907125473,0.888296902179718,0.4783714711666107,0.8325088620185852,0.943324863910675,0.8161538461538461,0.8846153846153847,0.960163535938715,0.942304778879841,1.018952208944651,25.0,0.0,ht29+IFNG_IFNGR2,ht29+IFNG,IFNGR2,False,False,3
ht29+IFNG_IRF1,0.048420288,0.001778991,27.217838,0.9855882,0.2007182,0.7570999753672866,0.12436954777676097,0.9887539068823771,0.9995425544564706,0.989206414948526,2098,1757,,,,,,,,,,,,,ht29+IFNG_IRF1,ht29+IFNG,IRF1,False,True,3
ht29+IFNG_IRF2,0.05877867,0.010824037,5.430383,0.9820526,0.21009606,0.7025217704409985,0.2714447032324826,0.9856672111409149,0.9974697360049105,0.9881675358780635,2274,1330,0.05148893967270851,0.09354781359434128,0.5504024028778076,0.697473406791687,0.6223235130310059,0.2665897337254393,0.45461538461538464,0.7927098339443811,0.9225330994427365,0.8592752221283159,19.0,6.0,ht29+IFNG_IRF2,ht29+IFNG,IRF2,False,True,3
ht29+IFNG_IRF5,0.051142756,0.0016164436,31.63906,0.98440456,0.019853693,0.7516479426008112,0.06707802002763899,0.9877976819360434,0.9995882017918674,0.9882046228289928,1988,1750,,,,,,,,,,,,,ht29+IFNG_IRF5,ht29+IFNG,IRF5,False,True,3
ht29+IFNG_IRF7,0.05119245,0.0019797247,25.858368,0.9846969,0.1024075,0.7405364496857431,0.11705736033256357,0.9879910010279314,0.9995061313281655,0.9884791799276583,2033,1673,0.0020151296630501747,0.06455152481794357,0.031217383220791817,,,,,,,,1.0,0.0,ht29+IFNG_IRF7,ht29+IFNG,IRF7,False,True,3
ht29+IFNG_IRF9,0.054966882,0.009074022,6.0576096,0.98267114,0.23866194,0.7119425340062939,0.26471500580964696,0.9862087616977223,0.997979633681798,0.9882052983980746,2245,1374,0.11686545610427856,0.09877314418554306,1.1831703186035156,0.9021355509757996,0.09336962550878525,0.4250817543529732,0.3146153846153846,0.9187755093288495,0.9495461306852444,0.9675943902439063,16.0,9.0,ht29+IFNG_IRF9,ht29+IFNG,IRF9,False,True,3
ht29+IFNG_JAK1,0.031761494,0.01947588,1.6308118,0.9914812,0.6455375,0.7653881382010713,0.2775896389799036,0.9933585529138941,0.9949710610021396,0.9983793417201287,2218,1562,0.18756653368473053,0.49718695878982544,0.37725552916526794,0.7339902520179749,0.959456741809845,0.5800000000000001,0.9307692307692308,0.9137115155598101,0.8133799940875833,1.1233513513997533,25.0,0.0,ht29+IFNG_JAK1,ht29+IFNG,JAK1,False,True,3
ht29+IFNG_JAK2,0.030284058,0.025999878,1.1647769,0.99226975,0.69504726,0.7759061965915176,0.3013888021204287,0.9939649721619528,0.9932807567371591,1.0006888439347614,2252,1515,0.4111630916595459,0.9963319301605225,0.4126768112182617,0.8648452758789062,0.9490278363227844,0.8384615384615385,0.9023076923076924,0.972605982599671,0.9436659351010027,1.0306676827277554,25.0,0.0,ht29+IFNG_JAK2,ht29+IFNG,JAK2,False,True,3
ht29+IFNG_JUN,0.05445318,0.004244227,12.829941,0.98296434,0.0038491618,0.7511597730759404,0.1043400828547222,0.9865770815383192,0.9989646341173768,0.98759960847863,2018,1672,0.040004145354032516,0.02951560914516449,1.3553556203842163,0.877805233001709,-0.14095251262187958,0.4692821594797735,0.05739130434782608,0.9189740961486661,0.9128472805145801,1.0067117641306136,18.0,6.0,ht29+IFNG_JUN,ht29+IFNG,JUN,False,True,3
ht29+IFNG_KIN,0.06204972,0.051907286,1.1953952,0.97546494,0.4202659,0.6937771078190265,0.4529250380388034,0.9800486236950586,0.9907213323942962,0.9892273353260249,2502,1069,0.13676577806472778,0.19417256116867065,0.7043517231941223,0.3291487693786621,-0.27113106846809387,0.3232457452438749,-0.30615384615384617,0.6894752861170045,0.8100103942444989,0.8511931340832753,21.0,4.0,ht29+IFNG_KIN,ht29+IFNG,KIN,False,True,3
ht29+IFNG_KLF4,0.053829893,0.0033684373,15.980673,0.98393476,0.119340874,0.7211540203849657,0.1448782804988806,0.9873194394174483,0.9991845838113632,0.9881251726796507,2088,1584,0.0289517380297184,0.03687853366136551,0.7850566506385803,0.6034256815910339,0.32305753231048584,0.66699604743083,0.325098814229249,0.8067220104732206,0.9683885785270899,0.8330560978943362,17.0,6.0,ht29+IFNG_KLF4,ht29+IFNG,KLF4,False,True,3
ht29+IFNG_MAFB,0.051366698,0.0025734566,19.960196,0.9836565,0.03398047,0.7696932583734483,0.05288045992069567,0.9870608893557675,0.9993682591579104,0.9876848502147614,1917,1777,,,,,,,,,,,,,ht29+IFNG_MAFB,ht29+IFNG,MAFB,False,False,3
ht29+IFNG_MAFF,0.050064553,0.0018806141,26.621386,0.98508066,0.10686755,0.7481395818258771,0.1222160003119239,0.9883230756620343,0.999516023070926,0.9888016328397594,2067,1689,,,,,,,,,,,,,ht29+IFNG_MAFF,ht29+IFNG,MAFF,False,True,3
ht29+IFNG_MCRS1,0.06723685,0.045297723,1.4843317,0.9757742,0.46071017,0.6746324870491041,0.5027509404961612,0.9801985270752758,0.9911887566271558,0.9889120720161537,2651,926,0.07277645915746689,0.1923765242099762,0.3783021867275238,0.5257320404052734,0.11607085913419724,0.5428634628019431,0.25846153846153846,0.7374505752705842,0.8979167271683903,0.8212906085357811,22.0,3.0,ht29+IFNG_MCRS1,ht29+IFNG,MCRS1,False,True,3
ht29+IFNG_MYC,0.050504904,0.002066311,24.442064,0.98467296,0.08747572,0.7597908826495984,0.12773832822720194,0.9879696714443847,0.9994797093208253,0.9884839704407187,2061,1646,,,,,,,,,,,,,ht29+IFNG_MYC,ht29+IFNG,MYC,False,True,3
ht29+IFNG_NFKB1,0.05463728,0.016456844,3.3200338,0.98125994,0.18942043,0.7384566101802948,0.2514953195063445,0.9849247353896333,0.9964205809269748,0.9884628581972416,2198,1400,0.14358405768871307,0.14081938564777374,1.0196326971054077,0.8486579060554504,-0.02363441325724125,0.5408732548599822,-0.16153846153846155,0.8722873067381756,0.9291599392017239,0.9387913425191257,21.0,4.0,ht29+IFNG_NFKB1,ht29+IFNG,NFKB1,False,True,3
ht29+IFNG_PARP12,0.05021154,0.0016111927,31.164206,0.9851928,0.13235287,0.7488533146680802,0.08016440038069671,0.9884311994310283,0.9995850429721768,0.9888415261717167,2024,1806,1.536080241203308,1.378901481628418,1.1139883995056152,,,,,,,,0.0,1.0,ht29+IFNG_PARP12,ht29+IFNG,PARP12,False,True,3
ht29+IFNG_PIK3CA,0.05356516,0.0043754703,12.242149,0.98375595,0.09834525,0.73480768542614,0.18333405790544827,0.9872071205468258,0.9989105838276573,0.9882837728718563,2116,1542,0.059445012360811234,0.09665819257497787,0.6150023341178894,0.5446305274963379,0.6180608868598938,0.5511933888842874,0.3507692307692308,0.6485385477140979,0.39572554218190514,1.6388594583464642,19.0,6.0,ht29+IFNG_PIK3CA,ht29+IFNG,PIK3CA,False,True,3
ht29+IFNG_PLEK,0.05190515,0.002159922,24.03103,0.98468745,0.09583844,0.7443312338835333,0.10875300758460932,0.987976527488674,0.9994564970656281,0.9885137876329196,2031,1683,,,,,,,,,,,,,ht29+IFNG_PLEK,ht29+IFNG,PLEK,False,True,3
ht29+IFNG_PPARG,0.061377436,0.03889121,1.5781827,0.9770038,0.28508997,0.724085613715085,0.3762218958644516,0.9812806778318818,0.9924461245713858,0.9887495689054898,2413,1176,0.2125837504863739,0.15507414937019348,1.3708522319793701,0.272027850151062,0.04799095541238785,0.368362601896313,-0.08692307692307692,0.7193317950782403,0.835576976389632,0.8608803442458828,15.0,10.0,ht29+IFNG_PPARG,ht29+IFNG,PPARG,False,False,3
ht29+IFNG_PRDM1,0.051866822,0.001516181,34.20886,0.9842856,0.020653414,0.7630994568464788,0.06662573925999725,0.987659165639798,0.9996139661230232,0.9880405827765777,1978,1767,,,,,,,,,,,,,ht29+IFNG_PRDM1,ht29+IFNG,PRDM1,False,True,3
ht29+IFNG_PTGES3,0.05721826,0.007958247,7.189807,0.9823612,0.1318785,0.7228825432837431,0.16787479925345486,0.9859918216333207,0.998130749704213,0.9878383387402005,2133,1496,0.13392680883407593,0.08670193701982498,1.5446807146072388,0.5731216073036194,0.25047174096107483,0.25846153846153846,0.050769230769230775,0.7396685111654789,0.9590814508712265,0.7712259584350906,15.0,10.0,ht29+IFNG_PTGES3,ht29+IFNG,PTGES3,False,True,3
ht29+IFNG_PTPN11,0.049785897,0.0010681006,46.611618,0.9851651,0.14198735,0.7522250840161291,0.10409599007559009,0.9884311239095951,0.9997248630513399,0.9887031526781536,2058,1806,,,,,,,,,,,,,ht29+IFNG_PTPN11,ht29+IFNG,PTPN11,False,True,3
ht29+IFNG_RARRES3,0.05611912,0.012380197,4.5329747,0.9823009,0.3160249,0.7043073186614277,0.3446483008198593,0.9858068885183597,0.997312533392277,0.9884633507665027,2392,1222,0.04541182518005371,0.09021959453821182,0.5033476948738098,0.5895982384681702,0.2739565968513489,0.41392576260977293,0.39615384615384613,0.7823666139314845,0.9603009687590541,0.8147098038883531,22.0,3.0,ht29+IFNG_RARRES3,ht29+IFNG,RARRES3,False,True,3
ht29+IFNG_RFX5,0.051090144,0.0060780025,8.4057455,0.9847395,0.21826802,0.7259297121307121,0.15788288406514195,0.9879456999506052,0.9984842217630737,0.9894454798756258,2092,1566,0.1322316825389862,0.43799740076065063,0.30190059542655945,0.745769739151001,0.9010379314422607,0.37538461538461537,0.7615384615384616,0.8192212861046159,0.9443399781811468,0.8675067296022808,19.0,6.0,ht29+IFNG_RFX5,ht29+IFNG,RFX5,False,True,3
ht29+IFNG_RNF14,0.048845325,0.0017010246,28.715237,0.9853796,0.2075988,0.7499401867681886,0.1776476002205606,0.9885515369682272,0.9995717752637493,0.9889750405441227,2139,1617,,,,,,,,,,,,,ht29+IFNG_RNF14,ht29+IFNG,RNF14,False,True,3
ht29+IFNG_RUNX1,0.0502496,0.001202485,41.78813,0.9849311,0.10615343,0.7581985671759833,0.11528915384714107,0.9882266465934273,0.9996906266567538,0.9885324721892559,2098,1728,,,,,,,,,,,,,ht29+IFNG_RUNX1,ht29+IFNG,RUNX1,False,True,3
ht29+IFNG_SOX2,0.101147704,0.10316023,0.9804912,0.9642366,0.30269694,0.7371546044327612,0.36060650714009557,0.9697497986763138,0.981576595198245,0.9879512240004636,2207,1178,0.44894447922706604,0.35131752490997314,1.2778880596160889,-0.25893712043762207,0.058417439460754395,-0.28306925853614895,-0.19615384615384615,0.018407422295708797,0.3687084744111184,0.0499240553803602,16.0,9.0,ht29+IFNG_SOX2,ht29+IFNG,SOX2,False,False,3
ht29+IFNG_SP100,0.052135114,0.0018286274,28.510517,0.9844197,0.01031084,0.7473492915882494,0.03650305071919694,0.987813966738822,0.9995293017482004,0.9882791480060785,1959,1823,0.7723518013954163,0.5252161622047424,1.4705407619476318,0.9800835847854614,-0.17918850481510162,1.0,-0.5,0.9865862746478035,0.9978541955969948,0.9887078483019756,1.0,2.0,ht29+IFNG_SP100,ht29+IFNG,SP100,False,True,3
ht29+IFNG_SP110,0.059409022,0.030517329,1.9467307,0.9782468,0.22623786,0.75629402136288,0.29612244799161086,0.9822028425777954,0.9943121245389142,0.9878214479515333,2193,1394,0.1546945571899414,0.13170494139194489,1.1745539903640747,0.13167189061641693,-0.15296606719493866,0.22076923076923075,-0.015384615384615384,0.7192359870244448,0.9228452292479655,0.7793679419143298,18.0,7.0,ht29+IFNG_SP110,ht29+IFNG,SP110,False,False,3
ht29+IFNG_SRC,0.053699147,0.0030037574,17.877325,0.9839604,0.040747393,0.7354706960351729,0.12250420372699697,0.98739501804762,0.9992385675841617,0.9881474255290449,2020,1649,0.025183551013469696,0.06944797188043594,0.3626247048377991,1.0,1.0,0.9999999999999999,0.9999999999999999,0.9415132818770698,0.9635885978042996,0.9770905176985987,2.0,0.0,ht29+IFNG_SRC,ht29+IFNG,SRC,False,True,3
ht29+IFNG_STAT1,0.031303942,0.017556012,1.7830896,0.9916867,0.6498575,0.7644667180010983,0.2697594687243034,0.9935247036367522,0.9954689157469983,0.9980469384031071,2231,1651,0.1648780107498169,0.44161224365234375,0.3733547031879425,0.9142887592315674,0.9071709513664246,0.6076923076923076,0.9023076923076924,0.9363418874115096,0.8850975383501491,1.0578968383042637,23.0,2.0,ht29+IFNG_STAT1,ht29+IFNG,STAT1,False,True,3
ht29+IFNG_STAT2,0.058281,0.007907696,7.370162,0.98202735,0.21556762,0.7355878904659605,0.19313567775665746,0.985744563131223,0.9981007353752637,0.9876203154590454,2146,1486,0.20772689580917358,0.17735029757022858,1.1712802648544312,0.8039876222610474,0.29518142342567444,0.41200231575749713,0.19769230769230767,0.8593635725641394,0.9803165218754291,0.8766184731030583,18.0,7.0,ht29+IFNG_STAT2,ht29+IFNG,STAT2,False,True,3
ht29+IFNG_STAT3,0.051594853,0.0017565704,29.372494,0.984537,0.06609339,0.7521244680598174,0.08950109589571842,0.9878806595115796,0.9995545865693601,0.9883208709012606,1985,1756,,,,,,,,,,,,,ht29+IFNG_STAT3,ht29+IFNG,STAT3,False,True,3
ht29+IFNG_TAPBPL,0.057881895,0.010193703,5.678201,0.98236585,0.25797296,0.6963167794621818,0.2910354456533342,0.9858716486499397,0.9976869934154307,0.9881572629056304,2327,1301,0.1074308454990387,0.09623312205076218,1.1163604259490967,0.6166812777519226,-0.3355250954627991,0.6592307692307691,-0.20615384615384616,0.7943509513234719,0.9663829224324161,0.8219836390776295,21.0,4.0,ht29+IFNG_TAPBPL,ht29+IFNG,TAPBPL,False,True,3
ht29+IFNG_TBX21,0.05150492,0.0015514073,33.19884,0.98446894,0.041017305,0.7530551602142962,0.08196383260286398,0.987843097749324,0.9996042224195856,0.9882342186972828,2063,1701,,,,,,,,,,,,,ht29+IFNG_TBX21,ht29+IFNG,TBX21,False,True,3
ht29+IFNG_TRAFD1,0.051983647,0.0016089111,32.309834,0.9845802,0.054339737,0.7500963325693778,0.10829898709480769,0.9879282363099361,0.9995876981443271,0.9883357289650162,2082,1683,,,,,,,,,,,,,ht29+IFNG_TRAFD1,ht29+IFNG,TRAFD1,False,True,3
ht29+IFNG_TSC22D1,0.05143648,0.0033087009,15.545824,0.9842027,0.08753815,0.7551630290792823,0.13172629491075333,0.9875519481976582,0.9991836452050837,0.9883587996428443,2036,1635,0.17125603556632996,0.036796122789382935,4.654187202453613,0.4956822097301483,-0.2190866321325302,0.038183694530443756,-0.08978328173374613,0.7251440365495089,0.9486129071222974,0.7644256483387925,9.0,9.0,ht29+IFNG_TSC22D1,ht29+IFNG,TSC22D1,False,True,3
ht29+IFNG_ZC3H3,0.05869392,0.002950635,19.891962,0.98375404,0.12935674,0.708732945440435,0.1788855117174116,0.9871330497753154,0.9992516307946545,0.9878723430156408,2134,1571,0.08061311393976212,0.015267081558704376,5.280191421508789,0.3619309365749359,-0.5081696510314941,0.0,-0.39999999999999997,0.7318337158575288,0.874463191939338,0.8368948202776916,2.0,2.0,ht29+IFNG_ZC3H3,ht29+IFNG,ZC3H3,False,True,3
ht29+IFNG_ZFP36,0.05230125,0.002098469,24.923527,0.98390865,-0.006987335,0.7416034251654883,0.07913336872571665,0.9873651713633335,0.9994791856838531,0.9878796732397873,2027,1699,0.09972257167100906,0.02889430709183216,3.4512879848480225,,,,,,,,0.0,1.0,ht29+IFNG_ZFP36,ht29+IFNG,ZFP36,False,True,3
ht29+IFNG_ZNF267,0.052127074,0.0042966045,12.132155,0.98416567,0.15627179,0.7258995234800623,0.20330862490548418,0.9874664163787106,0.9989714585139842,0.9884831122679042,2201,1455,0.11031943559646606,0.0345332995057106,3.1945812702178955,0.3649987280368805,-0.058816105127334595,0.21247119459785377,0.21538461538461537,0.5182288167306304,0.9571597585478732,0.5414235315500998,21.0,4.0,ht29+IFNG_ZNF267,ht29+IFNG,ZNF267,False,True,3
ht29+IFNG_ZNFX1,0.053181794,0.0028279012,18.8061,0.9840019,0.038768567,0.7430021103675498,0.08928210777580245,0.9874274752034331,0.9992912236240353,0.9881278368706401,2033,1666,0.2987498939037323,0.5384343266487122,0.5548492670059204,0.9979002475738525,0.6574108004570007,0.8285714285714287,0.7714285714285715,0.9984643769085263,0.9976149092898178,1.0008514985199182,6.0,0.0,ht29+IFNG_ZNFX1,ht29+IFNG,ZNFX1,False,True,3
ht29+INS_FOS,0.006535225,0.0010697962,6.108851,0.99782115,0.18125245,0.8413089730775862,0.16030734685905748,0.9982960119606243,0.9997259621390503,0.9985696578536718,2376,1910,,,,,,,,,,,,,ht29+INS_FOS,ht29+INS,FOS,True,False,3
ht29+TGFB_CUL1,0.031171508,0.06030762,0.51687515,0.9913687,0.63365304,0.7747411131105039,0.5973822636157335,0.9928480648980655,0.9890859626413011,1.003803615053557,2744,741,0.13719868659973145,0.3063197135925293,0.44789376854896545,0.570377767086029,0.09497379511594772,0.5871560185228485,0.13999999999999999,0.8558887244272945,0.8718499022281435,0.9816927457810595,25.0,0.0,ht29+TGFB_CUL1,ht29+TGFB,CUL1,True,False,3
ht29+TGFB_SP1,0.010739243,0.003964613,2.7087743,0.9968063,0.2155033,0.8068739770980395,0.22070980969511395,0.997424904112442,0.9990118342783568,0.9984115001329678,2198,1422,0.00989086925983429,0.03549739345908165,0.27863648533821106,0.968167781829834,0.06165432929992676,0.8928571428571429,-0.03571428571428572,0.988420024609662,0.9559713405261947,1.033943155728504,7.0,0.0,ht29+TGFB_SP1,ht29+TGFB,SP1,True,False,3
k562+IFNB_FOS,0.011068685,0.012678007,0.87306195,0.9961387,0.5840791,0.8139186686143854,0.5409170880932198,0.9969598887517352,0.9967035518889802,1.0002571846586372,2622,961,0.08336061239242554,0.3351411819458008,0.2487328201532364,0.9690110683441162,0.8181881308555603,0.8321678321678322,0.6853146853146854,0.9782476044125861,0.9622833237022862,1.0165900003845842,12.0,0.0,k562+IFNB_FOS,k562+IFNB,FOS,True,False,3
k562+IFNG_CUL1,0.038859952,0.13591178,0.2859204,0.98443234,0.8168203,0.7017175474261442,0.7841593611766474,0.9869749240412863,0.9767445794396278,1.0104739200165593,2861,396,0.1870313286781311,0.7854355573654175,0.23812434077262878,0.889743447303772,0.4517756402492523,0.609432428564414,0.42153846153846153,0.9468808582634705,0.9121823676658405,1.0380389841193916,25.0,0.0,k562+IFNG_CUL1,k562+IFNG,CUL1,True,False,3
k562+IFNG_IFNGR2,0.012129344,0.009196804,1.3188652,0.99595684,0.53209126,0.796909554549439,0.36159151807807904,0.9968007337881156,0.9973742701572985,0.9994249537146247,2264,1209,0.04695655778050423,0.5995736122131348,0.0783165842294693,0.9717186689376831,0.8166144490242004,0.7714285714285714,0.8153846153846154,0.9873502942379738,0.973818903542626,1.0138951817900868,14.0,0.0,k562+IFNG_IFNGR2,k562+IFNG,IFNGR2,True,False,3
k562+IFNG_MAFB,0.010067775,0.007931303,1.2693721,0.99640846,0.40431085,0.8310442415888671,0.3299022637157611,0.9969704481072412,0.9977712169186622,0.9991974424619163,2135,1322,0.1591913402080536,0.19877904653549194,0.8008456826210022,,,,,,,,1.0,0.0,k562+IFNG_MAFB,k562+IFNG,MAFB,True,False,3
k562+IFNG_SOX2,0.18115352,0.24632378,0.73542845,0.9507742,0.5770818,0.7207908021875924,0.6543917199107632,0.9559335329964723,0.9472837406638364,1.00913115253786,2437,632,1.4824156761169434,2.1168735027313232,0.7002854347229004,0.7173944711685181,0.18633484840393066,0.5646646383882684,0.24846153846153846,0.5480023184927485,0.5056504056965869,1.0837573001406324,25.0,0.0,k562+IFNG_SOX2,k562+IFNG,SOX2,True,False,3
k562+INS_CHUK,0.017607892,0.005479564,3.2133746,0.99378717,0.25213945,0.826906018284727,0.24213384276330654,0.9950485075234538,0.9984006543127287,0.9966424833810005,2398,1627,0.10481106489896774,0.1815892606973648,0.5771875977516174,0.4621566832065582,0.498025506734848,0.6284584980237156,0.681535855448899,0.6816769215594416,0.702976205855027,0.9697012727910482,19.0,3.0,k562+INS_CHUK,k562+INS,CHUK,False,True,3
k562+INS_COPS4,0.016947472,0.021565787,0.7858499,0.99335104,0.5966992,0.7836682522115546,0.5413712848049461,0.9946810962084165,0.9946124063625739,1.0000690619234218,2780,1118,0.04775048792362213,0.2589329183101654,0.18441258370876312,0.9291689991950989,0.8648412227630615,0.5311779864946344,0.6830769230769231,0.9401006539859876,0.8868029256222746,1.0601009839094901,25.0,0.0,k562+INS_COPS4,k562+INS,COPS4,False,True,3
k562+INS_DR1,0.0215203,0.018115908,1.1879228,0.9920989,0.46447784,0.789654063421582,0.43335944996415277,0.9936681543066873,0.9950773331100359,0.9985838499617469,2634,1298,0.07043289393186569,0.3074655532836914,0.22907572984695435,0.7573070526123047,0.7953080534934998,0.7853846153846153,0.7107692307692308,0.9154165293391129,0.9562737224243388,0.9572745834930557,24.0,1.0,k562+INS_DR1,k562+INS,DR1,False,True,3
k562+INS_EIF2B1,0.016375726,0.004322144,3.788797,0.9946485,0.28926194,0.8397880197993105,0.2457182978539913,0.9957212391914142,0.9987355213356506,0.9969819015346473,2457,1634,0.22691665589809418,0.21039968729019165,1.0785027742385864,0.9853747487068176,0.24616412818431854,0.8285714285714287,0.08571428571428573,0.9630534176203418,0.9122813825742808,1.055653919959204,5.0,1.0,k562+INS_EIF2B1,k562+INS,EIF2B1,False,True,3
k562+INS_ELK1,0.015871601,0.0076609575,2.0717516,0.9940882,0.24783835,0.8581020677993819,0.19856121538360386,0.9954181217979109,0.9978118019221631,0.9976010705429209,2414,1766,0.1714644730091095,0.18977943062782288,0.9034934639930725,0.516944169998169,0.2889377474784851,0.5909090909090909,0.45454545454545453,0.7622937055326809,0.729043816414365,1.0456075319064468,10.0,1.0,k562+INS_ELK1,k562+INS,ELK1,False,True,3
k562+INS_FOS,0.016008278,0.0059399786,2.6950061,0.99465233,0.38384002,0.8218248349703401,0.296413967169858,0.9957261376118718,0.9982652106435795,0.9974565145568172,2437,1603,0.04575363174080849,0.15291321277618408,0.29921308159828186,0.8407732248306274,0.754851222038269,0.7515384615384615,0.7861538461538461,0.8725687469270452,0.772446668796122,1.129616816507172,23.0,2.0,k562+INS_FOS,k562+INS,FOS,False,False,3
k562+INS_FOXM1,0.01602431,0.008152462,1.9655794,0.9938319,0.30594158,0.8271624126704833,0.30111146780290243,0.9951605705007702,0.9977134587537358,0.9974412610849668,2433,1526,0.032438043504953384,0.13542602956295013,0.2395259141921997,0.9292653799057007,0.8045380711555481,0.6199999999999999,0.573076923076923,0.9470995419634798,0.9708182086341934,0.975568374738168,22.0,3.0,k562+INS_FOXM1,k562+INS,FOXM1,False,True,3
k562+INS_FOXO1,0.015730813,0.0049039954,3.2077544,0.9943173,0.21135157,0.8436486019567371,0.2025694900737586,0.9955263004498034,0.998573411697158,0.9969485355691818,2370,1770,0.06900713592767715,0.0796326994895935,0.866567850112915,-0.009394802153110504,0.5031639337539673,0.15,0.5499999999999999,0.6301762987595229,0.5495916799917577,1.146626344068698,5.0,4.0,k562+INS_FOXO1,k562+INS,FOXO1,False,True,3
k562+INS_FOXO3,0.01616655,0.0080628125,2.0050757,0.9943263,0.32292894,0.841496497482695,0.2609404897253093,0.9955021492734939,0.997667836137393,0.9978292505927786,2465,1675,0.15665656328201294,0.2256067395210266,0.6943789124488831,0.7498416900634766,0.6319484114646912,0.5982608695652173,0.6513043478260869,0.8404986788448712,0.785700627746908,1.069744186478638,20.0,4.0,k562+INS_FOXO3,k562+INS,FOXO3,False,True,3
k562+INS_FOXO4,0.026751984,0.029470462,0.90775585,0.9902853,0.56030834,0.7299518534432704,0.5498997829342687,0.9920714940074342,0.9923243634485696,0.9997451746118008,2873,1022,0.1086200624704361,0.4211936593055725,0.25788626074790955,-0.02894524112343788,0.7037857174873352,0.431236784280256,0.5307692307692308,0.4012244926419324,0.4362153836082078,0.9197852889165805,23.0,2.0,k562+INS_FOXO4,k562+INS,FOXO4,False,True,3
k562+INS_GRB2,0.018531092,0.007921982,2.339199,0.99369264,0.21407245,0.841761732845916,0.19918547866110392,0.9950033830221849,0.9977638322240784,0.99723336413614,2449,1789,0.09192728996276855,0.14153803884983063,0.6494882106781006,0.9332234859466553,0.6857079863548279,0.6642156862745099,0.7475490196078433,0.9657955527786068,0.9342989244803013,1.0337115108163326,13.0,4.0,k562+INS_GRB2,k562+INS,GRB2,False,True,3
k562+INS_GRB10,0.017918337,0.0071885767,2.4926126,0.99378586,0.20821135,0.8417232933439158,0.19666748922750424,0.9950743609972486,0.9979433403556026,0.9971251079672201,2389,1783,0.32175061106681824,0.41019341349601746,0.7843875885009766,0.6882913112640381,0.6202335953712463,0.5642857142857142,0.6464285714285712,0.7813205929119409,0.7524025611697676,1.038434254792028,12.0,3.0,k562+INS_GRB10,k562+INS,GRB10,False,True,3
k562+INS_HSF1,0.014924846,0.0045244326,3.298722,0.99462163,0.25467983,0.8440799451265618,0.24447512956098721,0.9957728053830002,0.9986773296234068,0.9970916289433526,2418,1659,0.21176326274871826,0.2563154101371765,0.8261823058128357,0.5768214464187622,0.633478045463562,0.4285714285714286,0.4047619047619048,0.8053920564126084,0.7220589636331212,1.1154103708652647,6.0,2.0,k562+INS_HSF1,k562+INS,HSF1,False,True,3
k562+INS_IGF2,0.01467623,0.0044824546,3.2741504,0.99475473,0.24742809,0.8459176359771581,0.21501636137682567,0.9958772076337102,0.9987111494376659,0.9971624009549194,2473,1757,0.13221055269241333,0.20172467827796936,0.6554009914398193,0.8082911372184753,0.686815619468689,0.45454545454545453,0.5727272727272729,0.8881859036015604,0.7695118265108707,1.1542199521855083,8.0,3.0,k562+INS_IGF2,k562+INS,IGF2,False,True,3
k562+INS_IKBKB,0.037652563,0.009445677,3.986222,0.99124265,0.34029377,0.7443242734206094,0.3218133308321179,0.992512365498926,0.9972594003959896,0.9952399196285553,2540,1413,0.10253386199474335,0.1792011857032776,0.5721718072891235,0.822049081325531,0.4883516728878021,0.42230769230769233,0.78,0.8296119421223936,0.6404544962213038,1.2953487671913042,24.0,1.0,k562+INS_IKBKB,k562+INS,IKBKB,False,True,3
k562+INS_INSR,0.013344595,0.003773648,3.5362585,0.99526495,0.33967954,0.8377437398530252,0.2661431951519164,0.9962721883245663,0.9988943879477921,0.9973748980324006,2401,1703,0.007631195243448019,0.15955683588981628,0.04782744124531746,0.9999885559082031,0.9995278716087341,1.0,1.0,0.9726893717446475,0.9520452177640918,1.0216840057545158,3.0,0.0,k562+INS_INSR,k562+INS,INSR,False,True,3
k562+INS_IRS1,0.013610699,0.0031025158,4.3869877,0.99511236,0.2936316,0.8414903022547807,0.22306590837362375,0.9961488415984915,0.9990916747662153,0.9970544913524453,2442,1759,0.13346648216247559,0.13357649743556976,0.9991763830184937,0.023603960871696472,0.7512162923812866,0.028571428571428574,0.7714285714285715,0.7822440743079685,0.6611728500296792,1.1831158437205258,4.0,2.0,k562+INS_IRS1,k562+INS,IRS1,False,True,3
k562+INS_IRS2,0.014185594,0.0039397683,3.6006165,0.9950078,0.27936298,0.8421425642160557,0.2293346381425136,0.9960630287547044,0.998866636629038,0.9971932110138395,2443,1795,0.20241403579711914,0.25642985105514526,0.7893544435501099,0.5306898951530457,0.6239867210388184,0.8999999999999998,0.7,0.742622347670229,0.6655153738003322,1.115860544933152,3.0,2.0,k562+INS_IRS2,k562+INS,IRS2,False,True,3
k562+INS_IRS4,0.015079596,0.0073601096,2.0488276,0.9944445,0.34043318,0.8341850009643738,0.2800059213219644,0.9956402563408931,0.9978531784067317,0.9977823169643334,2396,1616,0.07335557788610458,0.16768339276313782,0.43746477365493774,0.5311002135276794,0.5792089104652405,0.5092307692307693,0.6053846153846154,0.7119660247677115,0.7395480451830448,0.9627042210509711,23.0,2.0,k562+INS_IRS4,k562+INS,IRS4,False,True,3
k562+INS_MAPK1,0.027517859,0.011989249,2.2952113,0.99066556,0.107892275,0.8219431147115384,0.16352559683930398,0.9925756299102104,0.9964841341270765,0.9960777055218346,2274,1765,0.43720531463623047,0.43873515725135803,0.9965130686759949,0.7931515574455261,0.22828300297260284,0.48,0.2915384615384616,0.850508077206004,0.857909214786047,0.9913730527047797,16.0,9.0,k562+INS_MAPK1,k562+INS,MAPK1,False,True,3
k562+INS_MAPK3,0.013160765,0.003997001,3.29266,0.9951257,0.29628342,0.8604002399763457,0.28052629195175444,0.9962084971697279,0.9988391230006267,0.9973663167868354,2529,1624,0.07109098881483078,0.15532636642456055,0.4576878249645233,0.9807332158088684,0.9382131099700928,0.7142857142857143,0.942857142857143,0.9589957841646315,0.5990403957055214,1.600886669813263,6.0,0.0,k562+INS_MAPK3,k562+INS,MAPK3,False,True,3
k562+INS_MTOR,0.045387615,0.08512345,0.5331975,0.98054147,0.57156557,0.7714497724670016,0.6282084744402388,0.983778847326677,0.9802992033076371,1.003549573443801,2961,898,0.32937392592430115,0.616407036781311,0.5343448519706726,0.8413661122322083,0.09712923318147659,0.46632998033106615,0.19230769230769232,0.9013501693511407,0.8941019401804422,1.0081067145086786,24.0,1.0,k562+INS_MTOR,k562+INS,MTOR,False,True,3
k562+INS_PIK3CA,0.014206955,0.0046998453,3.022856,0.9947614,0.30418444,0.8454099745378846,0.2438729253795359,0.9958596508898955,0.9986272504389773,0.9972285960073038,2357,1725,0.03051791712641716,0.08232493698596954,0.37070077657699585,0.47752612829208374,0.8530453443527222,0.5030303030303029,0.9636363636363635,0.7477319090033371,0.5591408788760516,1.3372871439955862,9.0,1.0,k562+INS_PIK3CA,k562+INS,PIK3CA,False,True,3
k562+INS_POLR2G,0.037859544,0.073424034,0.51562876,0.9829437,0.6806146,0.6665079445428452,0.6893222574903203,0.9858156036850964,0.9842693457583849,1.0015709703176015,3069,796,0.16926534473896027,0.618781328201294,0.2735463082790375,0.907794177532196,0.5421546697616577,0.3646228352954019,0.5330769230769231,0.9289286980147405,0.8731893280256587,1.0638342318213077,25.0,0.0,k562+INS_POLR2G,k562+INS,POLR2G,False,True,3
k562+INS_POLR2L,0.02175788,0.017363755,1.2530631,0.99315155,0.5693712,0.7612395715671955,0.476456377293089,0.9944118734039418,0.9953212592849058,0.9990863393376955,2710,1208,0.05568748340010643,0.22077780961990356,0.2522331476211548,0.7651650905609131,0.6867998242378235,0.5715384615384614,0.5900000000000001,0.7683564494614443,0.6037852230992871,1.272565839749104,24.0,1.0,k562+INS_POLR2L,k562+INS,POLR2L,False,True,3
k562+INS_PTEN,0.023705626,0.012259811,1.9336045,0.99146724,0.12517707,0.8390115020344062,0.1484446797107428,0.9933088457416596,0.9964515730511015,0.9968460812402362,2319,1841,0.47022998332977295,0.4190980792045593,1.1220046281814575,0.7849373817443848,0.1328536868095398,0.6715384615384616,0.27076923076923076,0.8719675422631081,0.8773977214452546,0.9938110402507065,17.0,8.0,k562+INS_PTEN,k562+INS,PTEN,False,True,3
k562+INS_RAD51,0.03917852,0.084154494,0.4655547,0.9818452,0.63522613,0.7076604601588178,0.6583084400335434,0.9851530877481457,0.9817824976287627,1.003433133232181,3002,854,0.450391948223114,0.8396658897399902,0.5363942384719849,0.8859373331069946,0.18331992626190186,0.6057532446665647,0.3123076923076923,0.8861007578682482,0.857333006923018,1.033554932229284,24.0,1.0,k562+INS_RAD51,k562+INS,RAD51,False,True,3
k562+INS_RPS6KB1,0.0229721,0.0041790977,5.496904,0.9937071,0.23939198,0.8099809227424952,0.1988007977675915,0.9948459811960388,0.9987765479696618,0.9960646184758613,2351,1799,0.4774564802646637,0.3228299617767334,1.47897207736969,0.9752345085144043,-0.45302510261535645,0.8571428571428573,0.10714285714285716,0.9516625459073393,0.9385084710028778,1.0140159362551147,4.0,3.0,k562+INS_RPS6KB1,k562+INS,RPS6KB1,False,False,3
k562+INS_SGK1,0.015670873,0.005427062,2.8875427,0.9945703,0.28056717,0.8421563975841121,0.23418572280918398,0.9956900000978042,0.9984269134277802,0.9972587744849748,2442,1705,0.065913625061512,0.05910646170377731,1.1151678562164307,-0.3809335231781006,0.2722005248069763,-0.6,0.39999999999999997,0.4452902928667194,0.5764521090744419,0.772467106732739,3.0,2.0,k562+INS_SGK1,k562+INS,SGK1,False,True,3
k562+INS_SHC1,0.014939454,0.0073351623,2.0366905,0.9944749,0.3665762,0.8326827574108215,0.3337628771096345,0.9956636155274932,0.9979072537168828,0.9977516565983133,2429,1532,0.04579819366335869,0.14065833389759064,0.3255988657474518,0.714529275894165,0.6912856101989746,0.8520869555582222,0.8430769230769231,0.8049202062168356,0.7019950102153926,1.1466181304762588,23.0,2.0,k562+INS_SHC1,k562+INS,SHC1,False,True,3
k562+INS_SMARCE1,0.08110605,0.23683637,0.34245607,0.9663245,0.7690885,0.6747017303768463,0.76713194348919,0.9715748482493595,0.9565237188512502,1.0157352390761256,3120,567,0.19464124739170074,0.6920910477638245,0.281236469745636,-0.23924171924591064,0.30625537037849426,-0.22645540682891913,0.14615384615384616,0.01331717872308702,0.05333157338488026,0.24970534109279627,24.0,1.0,k562+INS_SMARCE1,k562+INS,SMARCE1,False,True,3
k562+INS_SP1,0.022482697,0.007206534,3.1197655,0.99333775,0.33216643,0.7899577629346067,0.28196407020581954,0.9944520692592003,0.9978879487194996,0.996556848427012,2459,1603,0.036835841834545135,0.15051835775375366,0.24472656846046448,0.8765543103218079,0.8289568424224854,0.46434782608695646,0.8608695652173911,0.9079905456735562,0.725157113133586,1.2521294064811708,22.0,2.0,k562+INS_SP1,k562+INS,SP1,False,False,3
k562+INS_SREBF1,0.015334708,0.0061782966,2.4820285,0.9947098,0.32107878,0.8368984063890472,0.24999522981915573,0.9958176686590973,0.9981965290189799,0.9976168416832499,2408,1749,0.20534032583236694,0.2927219569683075,0.7014858722686768,0.9748800992965698,0.7837183475494385,0.9166666666666666,0.8666666666666667,0.9632866390176514,0.836578306255112,1.1514602181471105,9.0,0.0,k562+INS_SREBF1,k562+INS,SREBF1,False,True,3
k562+INS_SREBF2,0.016502619,0.00413712,3.9889145,0.99467766,0.29728413,0.8328858368603936,0.22822536317438627,0.9957358988805532,0.998788984279278,0.9969432127839016,2392,1758,0.02528625726699829,0.11481416970491409,0.2202363759279251,0.5780822038650513,0.9725577235221863,0.3142857142857143,0.8285714285714287,0.915688504342041,0.7398868526188994,1.2376061300466077,6.0,0.0,k562+INS_SREBF2,k562+INS,SREBF2,False,False,3
k562+INS_SRF,0.021766726,0.0069049317,3.152345,0.99316907,0.2616549,0.8089479322040976,0.253999709789212,0.9944050921307902,0.9979743058059894,0.9964235415136098,2395,1651,0.07462839782238007,0.09635990113019943,0.774475634098053,0.7105364203453064,0.4793941080570221,0.5492307692307692,0.43,0.7957276874795833,0.6875624869964776,1.1573169021416665,21.0,4.0,k562+INS_SRF,k562+INS,SRF,False,True,3
k562+INS_TAF3,0.015508881,0.009261325,1.6745856,0.99417406,0.39436108,0.8303038735742969,0.3671373486533087,0.9954095452954766,0.9973641805903903,0.9980401990236338,2537,1420,0.07484769076108932,0.17048481106758118,0.4390285015106201,0.7375233173370361,0.5596728920936584,0.5176923076923077,0.36153846153846153,0.7949298602033337,0.7236575548888973,1.098488995012812,24.0,1.0,k562+INS_TAF3,k562+INS,TAF3,False,True,3
k562+INS_TAF7,0.017581446,0.00904656,1.94344,0.99393594,0.3052665,0.8390995140709812,0.24896655526777017,0.9952074234110603,0.9973575573714271,0.9978441693809054,2407,1704,0.021284746006131172,0.07906336337327957,0.2692112326622009,0.30831098556518555,0.9598246812820435,0.43356643356643365,0.6783216783216784,0.8080415086404767,0.6808531313860438,1.1868073618101893,12.0,0.0,k562+INS_TAF7,k562+INS,TAF7,False,True,3
k562+INS_TAF8,0.016004466,0.021931503,0.7297478,0.99374044,0.62030053,0.7903668764356616,0.5723994618914255,0.994986980408136,0.994530793433128,1.0004586956764137,2869,1019,0.04886879026889801,0.18971839547157288,0.25758594274520874,0.4839870035648346,0.5504748821258545,0.44649743792302604,0.49846153846153846,0.7744806310104351,0.9284962261697371,0.8341236175028387,25.0,0.0,k562+INS_TAF8,k562+INS,TAF8,False,True,3
k562+INS_TSC1,0.05216039,0.03312362,1.5747188,0.9825137,0.08396413,0.7951807411345708,0.18086417733188698,0.9859098214364018,0.9904087125818952,0.9954575408229546,2298,1776,1.4965674877166748,1.4156450033187866,1.0571630001068115,0.34931907057762146,0.3966277241706848,0.4053846153846154,0.39307692307692305,0.8337311763811039,0.8266518998756106,1.008563793909575,16.0,9.0,k562+INS_TSC1,k562+INS,TSC1,False,True,3
k562+INS_TSC2,0.03262411,0.015291262,2.1335132,0.9887499,-0.0016886201,0.8282427388646587,0.10373888344663336,0.9910093552823799,0.9955828028247417,0.9954062610067332,2275,1912,1.2496211528778076,0.9434965252876282,1.3244576454162598,0.8532078862190247,-0.0351821631193161,0.8153846153846154,0.030769230769230767,0.9531402052899604,0.9500823091668947,1.0032185591643603,7.0,18.0,k562+INS_TSC2,k562+INS,TSC2,False,True,3
k562+INS_TTF1,0.015975555,0.011423546,1.398476,0.99365646,0.3939857,0.8232065942134209,0.3756144079693677,0.9949999412654076,0.9970483272523271,0.9979455499488531,2520,1389,0.0670921579003334,0.21849679946899414,0.30706241726875305,0.8828063607215881,0.7749648690223694,0.7693787409103587,0.6546153846153845,0.9401406070846362,0.9727148959066465,0.9665119872646255,22.0,3.0,k562+INS_TTF1,k562+INS,TTF1,False,True,3
k562+INS_TTF2,0.027454853,0.06977269,0.39348996,0.98753285,0.693631,0.7379773750873836,0.679404995891933,0.9897957916475908,0.9850277122672446,1.004840553540744,3047,821,0.07642281800508499,0.37445902824401855,0.20408859848976135,0.634067714214325,0.6743788719177246,0.6526770445394461,0.5438461538461539,0.860961570096936,0.8108584825446619,1.061790175019245,25.0,0.0,k562+INS_TTF2,k562+INS,TTF2,False,True,3
k562+INS_XBP1,0.02886152,0.025586566,1.1279951,0.9902491,0.57589704,0.7117878007859956,0.5824201399377935,0.9919148083365504,0.9935846779107947,0.9983193485050962,2950,946,0.04302731528878212,0.25837641954421997,0.166529580950737,0.8004845380783081,0.754479706287384,0.4813111053781952,0.5376923076923077,0.8787016790053461,0.8944904363201699,0.9823488807999146,25.0,0.0,k562+INS_XBP1,k562+INS,XBP1,False,True,3
k562+INS_ZNF593,0.015188771,0.0025968722,5.848871,0.9946005,0.16929033,0.8430185089121766,0.16438624208822045,0.9957195746133447,0.9992435164939951,0.9964733902972773,2380,1809,0.04307025671005249,0.05759662762284279,0.7477912902832031,0.9858178496360779,-0.7576178908348083,1.0,-1.0,0.9937439506405984,0.9451758986785999,1.051385199336863,3.0,0.0,k562+INS_ZNF593,k562+INS,ZNF593,False,True,3
k562+TGFB_CUL1,0.09686379,0.26225308,0.36935237,0.9629281,0.8211676,0.6957353505353553,0.7982491491798857,0.9680868699403187,0.9490287176840194,1.0200817445259278,2657,265,1.4349232912063599,3.260903835296631,0.4400385320186615,0.8792842030525208,0.3412879705429077,0.8187765130887308,0.22076923076923075,0.9198625470161961,0.8817843390120946,1.0431831302955124,25.0,0.0,k562+TGFB_CUL1,k562+TGFB,CUL1,True,False,3
k562+TGFB_RPS6KB1,0.022881184,0.008369934,2.7337353,0.99470377,0.47187942,0.7701046188233677,0.4002375318060986,0.9956315086730811,0.9976038229547577,0.9980229483525486,2246,991,,,,,,,,,,,,,k562+TGFB_RPS6KB1,k562+TGFB,RPS6KB1,True,False,3
k562+TNFA_FOS,0.009274823,0.0037057824,2.5027974,0.9968012,0.2508076,0.8363966923739199,0.25138325559089686,0.9974956908816222,0.9989639112499252,0.998530256847351,2380,1518,0.008837785571813583,0.047343309968709946,0.18667443096637726,0.7651078104972839,0.7782773375511169,0.5,0.5,0.9694755726496,0.9761620764340864,0.9931502114803393,3.0,0.0,k562+TNFA_FOS,k562+TNFA,FOS,True,False,3
mcf7+IFNB_SP110,0.005153577,0.004568677,1.1280239,0.99826336,0.39404377,0.8408449228854747,0.3849254557310304,0.9986303739847404,0.9988338745416336,0.9997962618588736,2542,1414,0.012020532973110676,0.0280161015689373,0.4290580153465271,0.8221462965011597,0.6284841299057007,0.8076923076923078,0.5292307692307692,0.9557802026100296,0.9699621019913698,0.9853789139264058,23.0,2.0,mcf7+IFNB_SP110,mcf7+IFNB,SP110,True,False,3
mcf7+INS_CHUK,0.033039875,0.009292554,3.5555215,0.9887494,0.120397374,0.7885441276535003,0.1196339277401003,0.991068797676876,0.9975691445690942,0.9934838131997095,2083,1759,0.14117375016212463,0.274613618850708,0.5140813589096069,0.5649846792221069,0.6103735566139221,0.6346153846153846,0.6976923076923077,0.7722342277894316,0.8312100242925812,0.9290482612341663,20.0,5.0,mcf7+INS_CHUK,mcf7+INS,CHUK,False,True,3
mcf7+INS_COPS4,0.027199274,0.005090682,5.342953,0.99075043,0.38599613,0.7559040102977252,0.25311374004759674,0.9925838759842913,0.9986657850760955,0.9939099654932698,2299,1579,0.03037077561020851,0.11248290538787842,0.27000346779823303,0.5928158164024353,0.8498034477233887,0.717234262125903,0.6140350877192982,0.7881637186894811,0.9634002704753489,0.8181061837366884,17.0,1.0,mcf7+INS_COPS4,mcf7+INS,COPS4,False,True,3
mcf7+INS_DR1,0.03696047,0.014215874,2.5999436,0.9879295,0.20281222,0.7811947551102317,0.1652406583564005,0.9903827223084163,0.9963003000841949,0.99406044766294,2125,1665,0.2230592668056488,0.5097771286964417,0.43756231665611267,0.8734360337257385,0.5465732216835022,0.8715384615384615,0.7761538461538461,0.9216456217743045,0.909262497574141,1.0136188660955456,23.0,2.0,mcf7+INS_DR1,mcf7+INS,DR1,False,True,3
mcf7+INS_EIF2B1,0.030519752,0.004644157,6.5716453,0.99049175,0.19856653,0.8024875049792772,0.1367471726715284,0.9925152039850319,0.9987543164401386,0.9937531058916023,2154,1800,0.11386089771986008,0.3868318796157837,0.2943420708179474,0.5482978820800781,0.809657871723175,0.4285714285714286,0.942857142857143,0.8372697386502255,0.7199121324889199,1.1630165694743473,5.0,1.0,mcf7+INS_EIF2B1,mcf7+INS,EIF2B1,False,True,3
mcf7+INS_ELK1,0.03897701,0.0036148545,10.782455,0.9892872,0.0005896576,0.8288696417676369,0.04095605452143371,0.9915649625293661,0.9990315281098109,0.9925261962507113,2089,1895,0.01543890219181776,0.18171976506710052,0.08495994657278061,-0.5404722094535828,0.9669238924980164,-0.5,1.0,0.880157799611744,0.9109973699119344,0.9661474650545132,3.0,0.0,mcf7+INS_ELK1,mcf7+INS,ELK1,False,True,3
mcf7+INS_FOS,0.034987483,0.009004515,3.885549,0.98871005,0.10783691,0.7974046184835166,0.10067494725921011,0.9910376743315671,0.9976340873211222,0.9933879434620483,2031,1811,0.02453995868563652,0.11221190541982651,0.21869300305843353,0.8188070058822632,0.9262933731079102,0.5499999999999999,0.7115384615384615,0.8545744751974477,0.9489511765748836,0.9005463044810414,19.0,6.0,mcf7+INS_FOS,mcf7+INS,FOS,False,False,3
mcf7+INS_FOXM1,0.038475774,0.00973556,3.9520864,0.9887106,0.09261981,0.8066924190363991,0.04352018294066587,0.9910371614406969,0.9974696461541429,0.993551197534434,1957,1904,0.06807457655668259,0.20976099371910095,0.32453399896621704,0.6879884004592896,0.8101163506507874,0.8146153846153847,0.63,0.8305438984478071,0.9521136472969262,0.8723159265763508,20.0,5.0,mcf7+INS_FOXM1,mcf7+INS,FOXM1,False,True,3
mcf7+INS_FOXO1,0.029841593,0.0030325844,9.840317,0.9911631,0.24160552,0.8083703481381753,0.12983318992027187,0.9930537337881956,0.9991876317600581,0.9938611149929292,2137,1872,0.06473412364721298,0.7263824343681335,0.08911851793527603,0.9999365210533142,0.2024630755186081,0.5,0.5,0.9990030976815869,0.9784315082096126,1.0210250684890732,3.0,0.0,mcf7+INS_FOXO1,mcf7+INS,FOXO1,False,True,3
mcf7+INS_FOXO3,0.032249898,0.0043308763,7.4465065,0.9906441,0.1910153,0.8095247127056767,0.11067802504198937,0.9926185535778342,0.9988558865731867,0.9937555226142271,2104,1819,0.047436393797397614,0.17323926091194153,0.27382010221481323,0.8116886615753174,0.8766915798187256,0.7090909090909092,0.7272727272727273,0.9089678162931208,0.9329745594081276,0.9742685983525248,8.0,3.0,mcf7+INS_FOXO3,mcf7+INS,FOXO3,False,True,3
mcf7+INS_FOXO4,0.03560227,0.00961766,3.7017603,0.987748,0.2413592,0.711833656053144,0.2081055437234638,0.9900459115411349,0.9975424222008858,0.9924850206939456,2260,1573,0.06999023258686066,0.17294447124004364,0.4046977162361145,0.6463633179664612,0.7304197549819946,0.31153846153846154,0.6946153846153846,0.8001002267919446,0.9614118481672286,0.8322138200368575,21.0,4.0,mcf7+INS_FOXO4,mcf7+INS,FOXO4,False,True,3
mcf7+INS_GRB2,0.0343773,0.008460067,4.0634785,0.9899385,0.1952979,0.8099128804433178,0.12092185294141523,0.9920946491215619,0.9977285706051483,0.9943532523277655,2187,1840,0.14671988785266876,0.34067317843437195,0.4306763708591461,0.8893283009529114,0.7202681303024292,0.7254901960784315,0.6176470588235294,0.9151799016638951,0.9169641252803764,0.9980542056474284,13.0,4.0,mcf7+INS_GRB2,mcf7+INS,GRB2,False,True,3
mcf7+INS_GRB10,0.031813953,0.0043374603,7.3346963,0.9902477,0.14197195,0.8132422700819617,0.06612952267410878,0.992330041355713,0.9988374497831868,0.9934850175782993,2025,1905,0.11224548518657684,0.4225151538848877,0.26566025614738464,0.9792757034301758,0.6191171407699585,0.8928571428571429,0.7142857142857144,0.9865163499519638,0.9852893535036745,1.001245315849528,6.0,1.0,mcf7+INS_GRB10,mcf7+INS,GRB10,False,True,3
mcf7+INS_HSF1,0.031190667,0.0041386606,7.5364156,0.99084044,0.22628078,0.810176077238733,0.14574761112118223,0.992793973483725,0.9988934028765665,0.9938938135187633,2192,1818,0.0819350928068161,0.5078027248382568,0.1613522171974182,0.9682322144508362,0.8210005760192871,0.7142857142857144,0.9047619047619048,0.9776843040881621,0.9523579046331234,1.0265933629907709,8.0,0.0,mcf7+INS_HSF1,mcf7+INS,HSF1,False,True,3
mcf7+INS_IGF2,0.034100123,0.0031826538,10.714368,0.99023426,0.105520464,0.8131585021984821,0.10577591347602137,0.9923279846227635,0.9991461630732726,0.9931759949620013,2255,1857,0.08700726926326752,0.2559111714363098,0.33999010920524597,0.7383688688278198,0.8959275484085083,0.8999999999999998,0.8999999999999998,0.9296276833194099,0.7595723560495461,1.2238829861506588,5.0,0.0,mcf7+INS_IGF2,mcf7+INS,IGF2,False,True,3
mcf7+INS_IKBKB,0.035411168,0.01753133,2.019879,0.9873087,0.27955246,0.7445434041821986,0.25589672271117053,0.989786316766979,0.9957428872679003,0.9940179632944557,2276,1470,0.19941984117031097,0.5392922163009644,0.36978068947792053,0.6518137454986572,0.5570597052574158,0.6392307692307693,0.7492307692307693,0.8251533956310144,0.8564485974466233,0.9634593343851448,23.0,2.0,mcf7+INS_IKBKB,mcf7+INS,IKBKB,False,True,3
mcf7+INS_INSR,0.03079252,0.0032295196,9.534706,0.9908705,0.19784015,0.8107930142310695,0.10837195316900126,0.9928172419035792,0.9991372184248772,0.9936745660108015,2145,1877,0.04154817759990692,0.3532293140888214,0.11762380599975586,0.9751243591308594,0.9933867454528809,1.0,1.0,0.9925249818266394,0.9917996465177932,1.0007313324938085,4.0,0.0,mcf7+INS_INSR,mcf7+INS,INSR,False,True,3
mcf7+INS_IRS1,0.035349548,0.0033251327,10.631019,0.9897396,0.05502614,0.8111951003487649,0.0764256360228957,0.9919406336893233,0.9991077061140532,0.9928265267289293,2244,1940,0.12586578726768494,0.21520213782787323,0.5848723649978638,-0.440707266330719,0.7496128678321838,-0.19999999999999998,0.7999999999999999,0.6393540143481825,0.5714177541425717,1.1188907059906654,5.0,0.0,mcf7+INS_IRS1,mcf7+INS,IRS1,False,True,3
mcf7+INS_IRS2,0.035223264,0.0030483366,11.554913,0.98983365,0.04881974,0.8141210153472419,0.06679661936610724,0.9920180675855893,0.9991827425538584,0.9928294648584937,2201,1910,0.012188098393380642,0.2770856022834778,0.04398676007986069,0.9999343156814575,0.9995904564857483,1.0,1.0,0.9960367632570327,0.9970596448280821,0.9989741019242377,3.0,0.0,mcf7+INS_IRS2,mcf7+INS,IRS2,False,True,3
mcf7+INS_IRS4,0.037939988,0.009274291,4.0908775,0.9890002,0.10778775,0.8095163168716768,0.044503890993654815,0.991209799477041,0.9976078141660127,0.99358664337015,1908,1911,0.1768471598625183,0.2500154674053192,0.7073448896408081,0.8882761001586914,0.4904921352863312,0.6869230769230769,0.6346153846153846,0.9367442929159748,0.9757303361985773,0.9600442439511605,21.0,4.0,mcf7+INS_IRS4,mcf7+INS,IRS4,False,True,3
mcf7+INS_MAPK1,0.0431332,0.015922854,2.7088861,0.98761564,0.11208818,0.8064786429396693,0.0762487965724468,0.9900065455800485,0.9959819562728882,0.9940004829854543,1907,1875,0.36454689502716064,0.5797335505485535,0.6288180351257324,0.868528425693512,0.21267007291316986,0.8823076923076922,0.4323076923076923,0.9135517923631304,0.9148959569933954,0.9985308005571668,21.0,4.0,mcf7+INS_MAPK1,mcf7+INS,MAPK1,False,True,3
mcf7+INS_MAPK3,0.040088702,0.0066909166,5.9915113,0.98876184,0.029835457,0.8240956474896504,0.018959815090042572,0.9911221483546534,0.9982242278369207,0.9928852864073867,1983,1989,0.21509970724582672,0.2934975028038025,0.7328842878341675,0.8990720510482788,0.5400989055633545,0.6835164835164835,0.5912087912087912,0.9254732742234759,0.9628339099369941,0.9611972165417781,11.0,3.0,mcf7+INS_MAPK3,mcf7+INS,MAPK3,False,True,3
mcf7+INS_MTOR,0.03294944,0.003880227,8.491627,0.9894357,0.21913344,0.7750214207909929,0.15392040845513116,0.9915978607691791,0.9989693538178408,0.9926209017118599,2171,1723,0.10538199543952942,0.17493820190429688,0.6023955345153809,0.0575622022151947,0.8958351612091064,0.38095238095238104,0.8571428571428572,0.4854338687772788,0.987211155529651,0.49172243046305275,7.0,1.0,mcf7+INS_MTOR,mcf7+INS,MTOR,False,True,3
mcf7+INS_PIK3CA,0.035910223,0.0045540077,7.8854113,0.98962504,0.10382871,0.815371080026127,0.10782925614142415,0.9918220867771639,0.9987857181369703,0.9930279025487112,2223,1777,0.0908881351351738,0.17710019648075104,0.5132017731666565,-0.12604713439941406,0.7881752848625183,0.3,0.8999999999999998,0.6865523388904416,0.9924528908736094,0.6917732269247582,4.0,1.0,mcf7+INS_PIK3CA,mcf7+INS,PIK3CA,False,True,3
mcf7+INS_POLR2G,0.08162012,0.13799411,0.59147537,0.9719178,0.5471809,0.7017136445989591,0.47942568614125436,0.9764460069138325,0.9732410883046415,1.0032930366871111,2632,995,0.407530814409256,0.992024838924408,0.4108070731163025,0.6102883219718933,0.5107773542404175,0.6355921018839992,0.44923076923076927,0.6409872036894895,0.6958307552568637,0.9211826278832288,23.0,2.0,mcf7+INS_POLR2G,mcf7+INS,POLR2G,False,True,3
mcf7+INS_POLR2L,0.1524068,0.15970144,0.9543233,0.96508497,0.2326695,0.7545568688757899,0.2277598750862995,0.9697663139557801,0.9697303423577799,1.0000370944338122,2169,1324,0.2893258333206177,0.4912729561328888,0.5889309048652649,,0.33420050144195557,,0.07538461538461538,,,,21.0,4.0,mcf7+INS_POLR2L,mcf7+INS,POLR2L,False,True,3
mcf7+INS_PTEN,0.035286676,0.0054075723,6.525419,0.9900444,0.13903594,0.81171743945363,0.06853268971430078,0.9921327073113221,0.9985733860079375,0.9935501198140642,1998,1919,0.11451274156570435,0.42260295152664185,0.27097004652023315,0.9679659008979797,0.6818946599960327,0.8553921568627452,0.7647058823529413,0.9798775470306089,0.9786579497767222,1.001246193579856,15.0,2.0,mcf7+INS_PTEN,mcf7+INS,PTEN,False,True,3
mcf7+INS_RAD51,0.041137382,0.048950467,0.84038794,0.98617995,0.47862202,0.7162054702014841,0.3404506366971433,0.9887829659327211,0.9904919805031203,0.9982745801035854,2414,1334,0.29832082986831665,1.094792127609253,0.27249082922935486,0.9680516719818115,0.6643015146255493,0.826923076923077,0.7146153846153845,0.9794249854307117,0.9665346837085652,1.0133366157877406,24.0,1.0,mcf7+INS_RAD51,mcf7+INS,RAD51,False,True,3
mcf7+INS_RPS6KB1,0.035799403,0.0031680015,11.300311,0.9892517,0.09331952,0.7963695358475049,0.10880720814665314,0.9915306747194262,0.9991507372888808,0.9923734604949289,2187,1849,0.1167239099740982,0.1417188048362732,0.8236303329467773,-0.379639595746994,0.8696762323379517,-0.39999999999999997,0.19999999999999998,0.8736265832838278,0.6228145822906637,1.4027073355776243,2.0,2.0,mcf7+INS_RPS6KB1,mcf7+INS,RPS6KB1,False,False,3
mcf7+INS_SGK1,0.032880455,0.0054888767,5.99038,0.99062634,0.21975684,0.8100502527574731,0.1304257051290578,0.9926025243370581,0.9985336301667928,0.9940601842035667,2105,1834,0.03813944384455681,0.23008261620998383,0.16576412320137024,0.9507168531417847,0.855305016040802,0.8214285714285712,0.8035714285714284,0.9633056747726277,0.9639571413170125,0.999324174782818,13.0,2.0,mcf7+INS_SGK1,mcf7+INS,SGK1,False,True,3
mcf7+INS_SHC1,0.034700148,0.0055227433,6.283136,0.98959655,0.089918986,0.8014668894152716,0.06950657806441819,0.9917617480537007,0.9985488388310428,0.993203045746578,2006,1888,0.024549605324864388,0.09595984220504761,0.25583207607269287,0.701533854007721,0.866506040096283,0.6519607843137255,0.7426470588235294,0.892267830592232,0.9800372882067308,0.9104427365461788,13.0,4.0,mcf7+INS_SHC1,mcf7+INS,SHC1,False,True,3
mcf7+INS_SMARCE1,0.038648408,0.044488426,0.8687295,0.9852856,0.5197667,0.688220004434042,0.41399170734234003,0.9879385577275536,0.9902883037481869,0.9976272101652219,2546,1181,0.2683315575122833,0.5839396715164185,0.45951932668685913,0.8621233105659485,0.6294211149215698,0.7819060406912982,0.5115384615384615,0.9014832614760164,0.878275081988602,1.0264247272447558,21.0,4.0,mcf7+INS_SMARCE1,mcf7+INS,SMARCE1,False,True,3
mcf7+INS_SP1,0.034753248,0.0048185163,7.2124376,0.9883642,0.05181641,0.7536412308381125,0.05903021122930972,0.9906923274729025,0.9987078973826742,0.9919740597518272,2157,1914,0.30749472975730896,0.358842134475708,0.8569080829620361,0.241808220744133,0.5932378768920898,0.22637362637362637,0.4241758241758242,0.6348645188430592,0.7062433641378199,0.8989316588030533,9.0,5.0,mcf7+INS_SP1,mcf7+INS,SP1,False,False,3
mcf7+INS_SREBF1,0.03134459,0.0026698154,11.740358,0.99055004,0.15334183,0.8091399789029758,0.0889053482516897,0.9925761358606476,0.9992849619912075,0.9932863733712237,2179,1903,0.13392208516597748,0.3053792417049408,0.43854349851608276,-0.40650203824043274,0.8764204978942871,-0.3,0.9999999999999999,0.7001907299700978,0.6105881695656161,1.1467479470953827,4.0,1.0,mcf7+INS_SREBF1,mcf7+INS,SREBF1,False,True,3
mcf7+INS_SREBF2,0.033554513,0.002921444,11.485592,0.9894327,0.014114987,0.8003330352880144,0.0525637772425307,0.9916886556700729,0.9992162683411083,0.9924664830732463,2162,1944,0.005820206832140684,0.3175927698612213,0.018326004967093468,,,,,,,,1.0,0.0,mcf7+INS_SREBF2,mcf7+INS,SREBF2,False,False,3
mcf7+INS_SRF,0.029441217,0.0051735835,5.6906815,0.9906429,0.27396578,0.785556694519023,0.17477159517190927,0.9925876738786652,0.9986378512012972,0.9939415701944864,2112,1752,0.0674201175570488,0.1759263575077057,0.38322919607162476,0.8290608525276184,0.810096263885498,0.8424242424242423,0.7575757575757575,0.8991744119566111,0.7988582162918239,1.1255744681834023,9.0,1.0,mcf7+INS_SRF,mcf7+INS,SRF,False,True,3
mcf7+INS_TAF3,0.031050678,0.00348162,8.918457,0.9901096,0.15319443,0.7965728782703038,0.11624068009333607,0.9921948416457824,0.9990670465897654,0.9931213776218115,2239,1866,0.06641741096973419,0.695993185043335,0.09542825073003769,0.9954379200935364,0.18704813718795776,1.0,0.39999999999999997,0.9891129504084722,0.9767582296740133,1.0126486988889587,4.0,0.0,mcf7+INS_TAF3,mcf7+INS,TAF3,False,True,3
mcf7+INS_TAF7,0.033537608,0.003725488,9.002205,0.989634,0.047402523,0.8099347012870491,0.11083461121383666,0.9918554117360243,0.9990005965320171,0.9928476671377405,2202,1844,0.014970858581364155,0.13974907994270325,0.10712670534849167,-1.0,1.0,-0.9999999999999999,0.9999999999999999,0.8718893463928397,0.9894788301633733,0.881160182324347,2.0,0.0,mcf7+INS_TAF7,mcf7+INS,TAF7,False,True,3
mcf7+INS_TAF8,0.033145864,0.007968656,4.15953,0.98872423,0.18272528,0.7582158653834042,0.18034474065088446,0.9909810312875914,0.9979130699604649,0.9930534643932981,2150,1696,0.11482561379671097,0.14123059809207916,0.8130363821983337,0.5103937983512878,0.2841375172138214,0.696923076923077,0.5023076923076923,0.6684674842254377,0.6884223221860122,0.9710136680385232,21.0,4.0,mcf7+INS_TAF8,mcf7+INS,TAF8,False,True,3
mcf7+INS_TSC1,0.039455675,0.014649628,2.6932886,0.988381,0.1600177,0.7877659423351625,0.10600969170274066,0.9906978838455226,0.9964116388612226,0.9942656681306632,1940,1834,0.21308618783950806,0.3409608006477356,0.6249580383300781,0.9054590463638306,0.456967294216156,0.5047124540371953,0.52,0.9263225248749384,0.9544850362257737,0.9704945491212774,20.0,5.0,mcf7+INS_TSC1,mcf7+INS,TSC1,False,True,3
mcf7+INS_TSC2,0.03459128,0.0036401236,9.502776,0.9897279,0.0671069,0.8070924637624989,0.08819927247692294,0.991909360180653,0.9990288217224494,0.9928736174702932,2073,1857,0.023296771571040154,0.16499672830104828,0.1411953568458557,0.3715357184410095,0.8994945287704468,0.8214285714285715,0.7142857142857144,0.7658050046391244,0.991434337435016,0.7724213048948584,7.0,0.0,mcf7+INS_TSC2,mcf7+INS,TSC2,False,True,3
mcf7+INS_TTF1,0.0336145,0.0052827294,6.3630934,0.9891226,0.062219124,0.7900099866783168,0.08277322546430908,0.9914061837982041,0.9985863091441572,0.9928097098065495,2131,1834,0.0789598599076271,0.22304360568523407,0.3540108799934387,0.9043532609939575,0.7247151136398315,0.48571428571428577,0.6,0.9406118198398955,0.9548594661307426,0.9850788029063784,3.0,3.0,mcf7+INS_TTF1,mcf7+INS,TTF1,False,True,3
mcf7+INS_TTF2,0.038055994,0.007562765,5.032021,0.9872836,0.21300888,0.7138606767350237,0.14626471504834634,0.9896248418951319,0.99802575877343,0.9915824648768357,2195,1622,0.07888321578502655,0.21567483246326447,0.36575067043304443,0.7778617739677429,0.5771272778511047,0.6576923076923078,0.586923076923077,0.8523313721803295,0.8872701268297095,0.9606221898011836,22.0,3.0,mcf7+INS_TTF2,mcf7+INS,TTF2,False,True,3
mcf7+INS_XBP1,0.03481938,0.01543024,2.2565675,0.9880506,0.36402616,0.70829452093058,0.20190126797750244,0.990254198808235,0.9959859307783847,0.9942451677347789,2255,1542,0.13230283558368683,0.899369478225708,0.14710621535778046,0.9069464802742004,0.6018882989883423,0.8661538461538462,0.7230769230769231,0.9599035907991124,0.9653634633973109,0.9943442311572637,24.0,1.0,mcf7+INS_XBP1,mcf7+INS,XBP1,False,True,3
mcf7+INS_ZNF593,0.032976463,0.0032978242,9.999461,0.989908,0.05998416,0.8113873531960828,0.07226911039871482,0.9920580176335001,0.9991163450169872,0.9929354299740066,2116,1915,0.01024596020579338,0.44318145513534546,0.023119108751416206,-1.0,1.0,-0.9999999999999999,0.9999999999999999,0.9726996002490542,0.9967377179749382,0.9758832064921533,2.0,0.0,mcf7+INS_ZNF593,mcf7+INS,ZNF593,False,True,3
mcf7+TGFB_CUL1,0.023142403,0.010665103,2.1699183,0.9940295,0.46238303,0.6727755779391495,0.37733131485840776,0.9948876931552965,0.9972101929450043,0.9976710027573535,2106,987,0.16735272109508514,0.8982142806053162,0.18631714582443237,0.915290892124176,0.23519986867904663,1.0,0.5,0.9938796046387032,0.9871696244441276,1.0067971907040332,3.0,0.0,mcf7+TGFB_CUL1,mcf7+TGFB,CUL1,True,False,3
mcf7+TGFB_FOS,0.009493384,0.00927025,1.0240699,0.99664325,0.5492707,0.7681617857652329,0.47820019726795393,0.9973068885629484,0.9976983641295433,0.9996076213205617,2270,775,,,,,,,,,,,,,mcf7+TGFB_FOS,mcf7+TGFB,FOS,True,False,3
mcf7+TGFB_RPS6KB1,0.009927293,0.005798299,1.7121044,0.9966171,0.44213763,0.7584595784498529,0.35872974499629023,0.9972779141393483,0.9984062730437738,0.9988698399290045,2154,1005,,,,,,,,,,,,,mcf7+TGFB_RPS6KB1,mcf7+TGFB,RPS6KB1,True,False,3
mcf7+TNFA_FOS,0.0067692446,0.0029305783,2.3098664,0.997688,0.28296393,0.825072772469212,0.2995161989661837,0.9981701694338067,0.9992427620138371,0.9989265945966236,2399,1473,0.022671962156891823,0.049071054905653,0.46202313899993896,0.9870181679725647,-0.5553094744682312,0.5,-0.5,0.9883389964777202,0.9997681484318668,0.9885681975645322,3.0,0.0,mcf7+TNFA_FOS,mcf7+TNFA,FOS,True,False,3
a549+IFNB_MAPK14,0.008621112,0.008519141,1.0119697,0.9973998,0.45674855,0.8270637989016748,0.43765077422879023,0.9979902477713584,0.9981542739177975,0.9998356705464022,2361,1057,0.10378002375364304,0.22298957407474518,0.4654030203819275,0.9998650550842285,0.9981049299240112,1.0,1.0,0.9773779873893751,0.9659210863208751,1.0118611149821135,3.0,0.0,a549+IFNB_MAPK14,a549+IFNB,MAPK14,True,False,4
a549+IFNG_CUL1,0.034296107,0.020190377,1.6986363,0.99091285,0.39204216,0.7258812892157673,0.4016381251952575,0.9925541726688356,0.9957424870527958,0.9967980532864507,2271,1000,0.7328662276268005,0.6842995882034302,1.0709728002548218,0.7261767983436584,0.5858327150344849,0.3230769230769231,0.49890109890109896,0.8748898822512785,0.850674658749914,1.0284659043881117,7.0,7.0,a549+IFNG_CUL1,a549+IFNG,CUL1,True,False,4
a549+INS_CHUK,0.04031892,0.00935561,4.3095984,0.98761946,0.28191644,0.7859360769690699,0.2741088349782849,0.9903423115941009,0.9979768309695748,0.9923500033882985,2064,1347,0.18146248161792755,0.14826063811779022,1.2239423990249634,0.7814639210700989,-0.565178394317627,0.8196159679558652,-0.5594405594405596,0.8717821328905663,0.965752910834375,0.9026968731964562,10.0,2.0,a549+INS_CHUK,a549+INS,CHUK,False,True,4
a549+INS_COPS4,0.045262694,0.019154686,2.363009,0.9855199,0.30390054,0.7753185122022638,0.31523497444162096,0.9885465876379146,0.9963395720251306,0.9921783851549967,2103,1241,0.25754010677337646,0.27353614568710327,0.9415212869644165,0.8440929651260376,0.0024055540561676025,0.4897962451689746,0.21384615384615382,0.8973561268521085,0.9178656541991587,0.9776551968654446,18.0,7.0,a549+INS_COPS4,a549+INS,COPS4,False,True,4
a549+INS_DR1,0.04047484,0.024741389,1.6359162,0.9871546,0.4198519,0.7792272482624713,0.34471947837076694,0.9898732497920236,0.9947626264306731,0.9950848810472572,2129,1211,0.1731807291507721,0.28903770446777344,0.5991631150245667,0.8279522657394409,0.550555944442749,0.6315384615384615,0.06923076923076923,0.8553158513298118,0.7394187900418892,1.156740757536547,21.0,4.0,a549+INS_DR1,a549+INS,DR1,False,True,4
a549+INS_EIF2B1,0.039930403,0.0037246018,10.720717,0.9877931,0.15731569,0.7950341974624909,0.17648901156056993,0.9905893013029637,0.9991627822949286,0.9914193351234792,1998,1503,,,,,,,,,,,,,a549+INS_EIF2B1,a549+INS,EIF2B1,False,True,4
a549+INS_ELK1,0.039673742,0.0022784732,17.412424,0.9880673,0.14747411,0.8071566461957606,0.13244791037773046,0.9908314459542933,0.9994762564434088,0.9913506594745155,2034,1588,,,,,,,,,,,,,a549+INS_ELK1,a549+INS,ELK1,False,True,4
a549+INS_FOS,0.041576244,0.004073682,10.20606,0.9872544,0.13016388,0.8003539811931174,0.16725288721807813,0.990149137748092,0.999102162765533,0.9910389293997134,1960,1507,,,,,,,,,,,,,a549+INS_FOS,a549+INS,FOS,False,True,4
a549+INS_FOXM1,0.042946592,0.0063599506,6.752661,0.9867953,0.14486331,0.7870078898563792,0.17939860503522126,0.989718953608343,0.998664580405368,0.9910424110631882,1954,1475,0.20457430183887482,0.19776597619056702,1.034426212310791,1.0,-1.0,0.9999999999999999,-0.9999999999999999,0.9903907121685573,0.9936534048156449,0.9967164681052012,1.0,1.0,a549+INS_FOXM1,a549+INS,FOXM1,False,True,4
a549+INS_FOXO1,0.03949576,0.0035072295,11.261242,0.9882022,0.20335585,0.7969582291558601,0.21518327523143327,0.9909137541580127,0.9992007470728991,0.9917063783837606,2059,1463,,,,,,,,,,,,,a549+INS_FOXO1,a549+INS,FOXO1,False,False,4
a549+INS_FOXO3,0.04053908,0.004743683,8.545908,0.98757637,0.16240957,0.7972370758298044,0.18338347789220025,0.9903462969360569,0.9989773155584751,0.9913601455328411,1979,1481,,,,,,,,,,,,,a549+INS_FOXO3,a549+INS,FOXO3,False,True,4
a549+INS_FOXO4,0.045469493,0.032040223,1.4191378,0.9852704,0.39701408,0.7807407530823536,0.3702768956984209,0.9881692872878163,0.9939870885586899,0.9941470051896654,2148,1166,0.2221451997756958,0.29225727915763855,0.7601014971733093,0.6433064341545105,0.1745814085006714,0.7143959006768416,0.18,0.9021938903628801,0.9458831046558377,0.9538111907508339,20.0,5.0,a549+INS_FOXO4,a549+INS,FOXO4,False,True,4
a549+INS_GRB2,0.040381953,0.003483482,11.592411,0.9877883,0.10266605,0.8048061128394778,0.10799725233462504,0.9905236865129454,0.9992060148934949,0.9913107725022302,1912,1613,0.013977709226310253,0.2055860012769699,0.06798959523439407,,,,,,,,1.0,0.0,a549+INS_GRB2,a549+INS,GRB2,False,True,4
a549+INS_GRB10,0.04041794,0.0038326622,10.545656,0.98767436,0.13842154,0.8016378238461681,0.18590217203154513,0.9904449873854426,0.9991493712613803,0.991288205621399,2064,1464,,,,,,,,,,,,,a549+INS_GRB10,a549+INS,GRB10,False,True,4
a549+INS_HSF1,0.04092538,0.0029337609,13.9498005,0.9875271,0.093145624,0.8028658578419614,0.1455756104725647,0.9903977603771438,0.9993328364793415,0.9910589587612512,2017,1520,,,,,,,,,,,,,a549+INS_HSF1,a549+INS,HSF1,False,True,4
a549+INS_IGF2,0.039012037,0.0026835531,14.5374565,0.9881733,0.15124175,0.8039625205444935,0.15900603371122835,0.9908886175708289,0.9993831235862667,0.99150025068969,2023,1561,,,,,,,,,,,,,a549+INS_IGF2,a549+INS,IGF2,False,True,4
a549+INS_IKBKB,0.048272032,0.022596035,2.1363053,0.985423,0.4367592,0.7518885326543803,0.41646132262195873,0.9885095903759987,0.9956205409262734,0.9928577703472661,2267,1066,0.14098073542118073,0.21409425139427185,0.6584984660148621,0.5900151133537292,0.22237470746040344,0.6861538461538461,0.07307692307692308,0.8443019161787607,0.9728488956209506,0.867865420806033,20.0,5.0,a549+INS_IKBKB,a549+INS,IKBKB,False,True,4
a549+INS_INSR,0.041845575,0.0037598908,11.129465,0.98729074,0.073593825,0.8010306644413091,0.12892572258289117,0.9901334009887932,0.9991546600694754,0.9909711084367511,1943,1534,,,,,,,,,,,,,a549+INS_INSR,a549+INS,INSR,False,True,4
a549+INS_IRS1,0.041975416,0.0038866717,10.799836,0.9871944,0.075661875,0.794465111346487,0.0929508551258489,0.9901090557151904,0.9991229628152382,0.990978180428714,1907,1653,,,,,,,,,,,,,a549+INS_IRS1,a549+INS,IRS1,False,True,4
a549+INS_IRS2,0.04027788,0.0024426444,16.489456,0.98781383,0.08787003,0.7994040377607857,0.10152187688562242,0.9906168488299804,0.9994364448335951,0.9911754308648579,1993,1654,,,,,,,,,,,,,a549+INS_IRS2,a549+INS,IRS2,False,True,4
a549+INS_IRS4,0.04326144,0.007974858,5.424728,0.9867044,0.12681536,0.7999520168362498,0.16291736888270905,0.9895604855508837,0.9983250005635822,0.9912207797984117,1902,1497,,,,,,,,,,,,,a549+INS_IRS4,a549+INS,IRS4,False,True,4
a549+INS_MAPK1,0.04236337,0.008668268,4.8871784,0.98708797,0.2112956,0.7909909387729153,0.23733956687031366,0.9899370433038837,0.9980928442240489,0.9918286149756882,2012,1376,0.031025025993585587,0.10716143250465393,0.28951671719551086,0.7506595253944397,0.823783814907074,0.7833333333333333,0.8833333333333333,0.9199685992449835,0.9716681542645353,0.9467929922446787,8.0,1.0,a549+INS_MAPK1,a549+INS,MAPK1,False,True,4
a549+INS_MAPK3,0.04002841,0.003265387,12.258397,0.98783815,0.15207316,0.8061948663552104,0.16576464912984684,0.9905922249370775,0.9992610254682526,0.9913247887086232,2011,1541,,,,,,,,,,,,,a549+INS_MAPK3,a549+INS,MAPK3,False,True,4
a549+INS_MTOR,0.044080578,0.0065592118,6.720408,0.9866172,0.23559925,0.7687400265847378,0.22314023948720646,0.98964819330987,0.9985488133562965,0.991086444721205,2069,1374,0.09403038024902344,0.16843226552009583,0.5582681894302368,1.0,-1.0,0.9999999999999999,-0.9999999999999999,0.9982352173933017,0.9799068942768859,1.0187041475302008,2.0,0.0,a549+INS_MTOR,a549+INS,MTOR,False,True,4
a549+INS_PIK3CA,0.04443663,0.0062590567,7.099573,0.98634505,0.10288042,0.7961968264773028,0.14599904744263573,0.9893469925624877,0.9986640002009299,0.990670528189093,1937,1519,0.04757186770439148,0.1988832801580429,0.23919489979743958,0.8124589920043945,0.9483227729797363,0.5,1.0,0.981409586396691,0.9990410133453714,0.9823516485177719,3.0,0.0,a549+INS_PIK3CA,a549+INS,PIK3CA,False,True,4
a549+INS_POLR2G,0.0923803,0.1412663,0.6539444,0.9725386,0.5236536,0.7666437142497277,0.49820620864935555,0.9769778301888525,0.9793795147184167,0.9975477488619366,2299,946,0.6217367649078369,0.673531174659729,0.9231002330780029,0.19902700185775757,-0.054745905101299286,0.15521351212780513,-0.1346153846153846,0.7804886944229458,0.8758814997547864,0.891089370698494,18.0,7.0,a549+INS_POLR2G,a549+INS,POLR2G,False,False,4
a549+INS_POLR2L,0.08654479,0.011935945,7.25077,0.98251593,0.36145496,0.698380645213272,0.34337804223039553,0.9861319159740634,0.9974930223078138,0.9886103400428153,2202,1168,0.05052119866013527,0.13794256746768951,0.36624807119369507,0.6680539846420288,0.22617314755916595,0.6439700061419703,0.3592307692307692,0.7446860057346547,0.9699578363367156,0.767750904046659,25.0,0.0,a549+INS_POLR2L,a549+INS,POLR2L,False,True,4
a549+INS_PTEN,0.040065203,0.0040858383,9.805871,0.9878043,0.1510877,0.8109775257298177,0.17554313925430828,0.990516788486182,0.9990979110701055,0.9914111294910701,1980,1487,,,,,,,,,,,,,a549+INS_PTEN,a549+INS,PTEN,False,True,4
a549+INS_RAD51,0.06738205,0.12953375,0.52018917,0.9765373,0.6219187,0.743222806587578,0.5945976039696039,0.9807122734471612,0.9818677907001736,0.9988231437430202,2533,747,0.22261478006839752,0.5114811062812805,0.4352355897426605,0.024386629462242126,0.42556270956993103,0.031377912080755396,0.3976923076923076,0.7120833599023759,0.894455782699578,0.7961079504156375,21.0,4.0,a549+INS_RAD51,a549+INS,RAD51,False,True,4
a549+INS_RPS6KB1,0.04042324,0.0039480943,10.238671,0.9877513,0.1480961,0.807148356934636,0.17549319474423425,0.9904703527409268,0.999111937148879,0.9913507345006684,1979,1539,,,,,,,,,,,,,a549+INS_RPS6KB1,a549+INS,RPS6KB1,False,True,4
a549+INS_SGK1,0.040964533,0.0051306067,7.984345,0.987573,0.13729328,0.8069880897569784,0.1680467920341587,0.9902616458467577,0.9988992628527441,0.9913528647710498,1901,1548,,,,,,,,,,,,,a549+INS_SGK1,a549+INS,SGK1,False,True,4
a549+INS_SHC1,0.047877673,0.011634977,4.114978,0.98547053,0.0880975,0.800759040006338,0.14213438839003711,0.9884543850247669,0.9976558382381912,0.99077692641014,1843,1539,0.26530519127845764,0.12360753864049911,2.1463513374328613,0.5863959789276123,-0.47066518664360046,0.563076923076923,-0.5415384615384615,0.8395040377669816,0.9607114674800169,0.8738357625406855,15.0,10.0,a549+INS_SHC1,a549+INS,SHC1,False,True,4
a549+INS_SMARCE1,0.054549213,0.06677855,0.8168673,0.98128366,0.63971144,0.7075994992589724,0.590837631302224,0.9849548045406707,0.9888429340851203,0.9960680008822161,2549,750,0.22482585906982422,0.37663787603378296,0.5969284176826477,-0.070986308157444,0.03420305997133255,-0.013846153846153848,0.06923076923076923,0.6661984948806081,0.9280132467004338,0.7178760618442546,20.0,5.0,a549+INS_SMARCE1,a549+INS,SMARCE1,False,True,4
a549+INS_SP1,0.0403695,0.0059507918,6.783887,0.9876863,0.20820948,0.7978527724815107,0.2279254065042097,0.9904553044999634,0.9986698351512874,0.9917745281151107,2041,1405,0.03168736398220062,0.29272332787513733,0.1082502156496048,,,,,,,,1.0,0.0,a549+INS_SP1,a549+INS,SP1,False,True,4
a549+INS_SREBF1,0.04092314,0.004122689,9.926323,0.9874929,0.11005394,0.7986422795683616,0.1540080976946198,0.9902943036503977,0.9990979405899191,0.9911884144868488,1968,1556,,,,,,,,,,,,,a549+INS_SREBF1,a549+INS,SREBF1,False,True,4
a549+INS_SREBF2,0.039796412,0.002769836,14.367786,0.9879285,0.12353124,0.8015366034881487,0.1409060526098768,0.9906916340714716,0.9993648915989606,0.9913212305130993,1969,1597,,,,,,,,,,,,,a549+INS_SREBF2,a549+INS,SREBF2,False,True,4
a549+INS_SRF,0.044618934,0.020266272,2.2016351,0.9862437,0.2842976,0.7964530596750593,0.2544589179541518,0.9889622361023436,0.9961684958590536,0.9927660232313453,1920,1422,0.17708629369735718,0.2280435711145401,0.7765458822250366,0.5529816150665283,-0.020246004685759544,0.6515384615384615,-0.09923076923076923,0.7973455608358977,0.9340968447102705,0.8536005290577884,20.0,5.0,a549+INS_SRF,a549+INS,SRF,False,True,4
a549+INS_TAF3,0.04207934,0.007870558,5.346424,0.98697615,0.20072535,0.7924701554431368,0.21553060583875175,0.9898185759682208,0.998354608847178,0.9914498988602718,1976,1408,0.2353992462158203,0.34913066029548645,0.6742439866065979,1.0,-1.0,0.9999999999999999,-0.9999999999999999,0.9997866783106849,0.9951176353896988,1.004691950735209,2.0,0.0,a549+INS_TAF3,a549+INS,TAF3,False,True,4
a549+INS_TAF7,0.040412482,0.0027971875,14.447541,0.9878,0.106832616,0.8038755368065783,0.14199944822362062,0.9906007731103559,0.9993557800827264,0.9912393492419228,1947,1580,,,,,,,,,,,,,a549+INS_TAF7,a549+INS,TAF7,False,True,4
a549+INS_TAF8,0.047799245,0.028196272,1.6952327,0.98495877,0.31892473,0.7978182129275839,0.31475848161053155,0.9878709292236775,0.99471382714506,0.9931207371058445,2058,1262,0.2856396436691284,0.258163183927536,1.1064305305480957,0.03335544094443321,0.32826802134513855,0.09,0.2569230769230769,0.809683561122706,0.9496919298009705,0.8525749621694623,17.0,8.0,a549+INS_TAF8,a549+INS,TAF8,False,True,4
a549+INS_TSC1,0.045276325,0.01915086,2.3641927,0.9863161,0.26864567,0.8000143616740971,0.24310132700754528,0.9889934060472625,0.996082034814182,0.9928834889907016,1883,1463,0.1987973004579544,0.1867208629846573,1.0646764039993286,0.5718446969985962,-0.17815782129764557,0.5607692307692308,-0.06307692307692309,0.8536965009635223,0.9305644858318293,0.9173963910737526,18.0,7.0,a549+INS_TSC1,a549+INS,TSC1,False,True,4
a549+INS_TSC2,0.04126822,0.003687368,11.191782,0.987563,0.11871934,0.8061949567425174,0.15011305255036209,0.9903500730045307,0.999155532554428,0.9911870982414666,1908,1565,,,,,,,,,,,,,a549+INS_TSC2,a549+INS,TSC2,False,True,4
a549+INS_TTF1,0.046906512,0.011761376,3.9881825,0.98542523,0.12053344,0.7883988303142601,0.17797717111884093,0.9884851776847714,0.9975920957017195,0.990871100466627,1933,1441,0.31321707367897034,0.22858455777168274,1.3702459335327148,0.42600542306900024,0.37304073572158813,0.5714285714285715,0.6071428571428572,0.8694712112242939,0.9698452470472124,0.8965051010679106,5.0,2.0,a549+INS_TTF1,a549+INS,TTF1,False,True,4
a549+INS_TTF2,0.055941686,0.07176589,0.7795024,0.98037994,0.52694374,0.7511961199834732,0.4992480010423557,0.9840896142423612,0.9879000881328547,0.9961428549948859,2389,908,0.268291175365448,0.5499141812324524,0.4878782629966736,0.46286699175834656,-0.0852283462882042,0.5518314674952567,0.033846153846153845,0.8584415478311596,0.918747324811566,0.934360867942908,22.0,3.0,a549+INS_TTF2,a549+INS,TTF2,False,True,4
a549+INS_XBP1,0.06873333,0.068192005,1.0079381,0.97915876,0.35848516,0.7796554043588124,0.3582017420248737,0.9827855380137226,0.9888416942720605,0.9938755047512472,2120,1136,0.24888746440410614,0.35235992074012756,0.7063444256782532,0.24651162326335907,0.21366550028324127,0.18497144161852178,0.2592307692307692,0.830986382629712,0.9103699698473523,0.9128007405264575,21.0,4.0,a549+INS_XBP1,a549+INS,XBP1,False,True,4
a549+INS_ZNF593,0.0396783,0.0040892386,9.703103,0.987954,0.16805398,0.8032329032793821,0.14992339860634452,0.9906241204758355,0.9990970895814875,0.9915193736484597,1917,1566,,,,,,,,,,,,,a549+INS_ZNF593,a549+INS,ZNF593,False,True,4
a549+TGFB_CUL1,0.02243608,0.04168423,0.53823906,0.99396354,0.59752786,0.7948042389231494,0.5683411314718946,0.9951506687846574,0.9926890151321162,1.0024797833108021,2628,822,0.06410319358110428,0.21449026465415955,0.2988629639148712,0.7540123462677002,0.6948614716529846,0.7747643920967312,0.6492307692307692,0.9367556700048773,0.9356501102913735,1.0011815952366634,25.0,0.0,a549+TGFB_CUL1,a549+TGFB,CUL1,True,False,4
a549+TGFB_MAPK14,0.0068830275,0.0033758201,2.0389202,0.9979203,0.23198421,0.8569700803282064,0.29934094425189794,0.9984006363005833,0.9992186464272951,0.9991813502183565,2325,1331,0.5902546644210815,0.7015281319618225,0.8413841724395752,,,,,,,,1.0,0.0,a549+TGFB_MAPK14,a549+TGFB,MAPK14,True,False,4
a549+TNFA_BIRC3,0.008286111,0.003932592,2.1070356,0.99743116,0.297449,0.8246143926586872,0.30890193305754016,0.9980335141757105,0.9990990208429988,0.9989335324676935,2269,1309,0.8204290270805359,0.9984472990036011,0.8217048645019531,1.0,-1.0,0.9999999999999999,-0.9999999999999999,0.9981290067304593,0.992800991746253,1.0053666495385292,2.0,0.0,a549+TNFA_BIRC3,a549+TNFA,BIRC3,True,False,4
a549+TNFA_CSF1,0.008706726,0.011511556,0.7563466,0.997265,0.51906186,0.8234266983538174,0.5301636221988849,0.9978478693686011,0.9977194115291691,1.0001287514685469,2576,939,0.05122479051351547,0.11723066121339798,0.4369572699069977,0.9842889308929443,0.42722180485725403,0.8861538461538463,0.4623076923076923,0.9777284808695749,0.9514385321302232,1.0276317889716846,25.0,0.0,a549+TNFA_CSF1,a549+TNFA,CSF1,True,False,4
bxpc3+IFNG_CUL1,0.03145151,0.16152915,0.19471103,0.9864388,0.8514786,0.7500259834276367,0.8106276594909754,0.9891134216309411,0.9769652203133978,1.0124346302866813,3322,488,0.07913382351398468,0.499953031539917,0.15828251838684082,0.597284197807312,0.5767216682434082,0.5550505992783715,0.4946153846153846,0.720102449883032,0.6368326294285295,1.130756209098811,25.0,0.0,bxpc3+IFNG_CUL1,bxpc3+IFNG,CUL1,True,False,4
bxpc3+INS_CHUK,0.02958062,0.008815369,3.3555737,0.99151456,0.17443514,0.8136267602648993,0.19273223260708863,0.9935254028974302,0.9979412627334748,0.9955750303139594,2474,1797,0.5262682437896729,0.5241492390632629,1.0040427446365356,0.3595501482486725,0.18138004839420319,0.594345077353252,0.1769230769230769,0.532949511412582,0.567593692995625,0.9389630610583439,17.0,8.0,bxpc3+INS_CHUK,bxpc3+INS,CHUK,False,True,4
bxpc3+INS_COPS4,0.033541426,0.0125168655,2.6796985,0.9905062,0.29537573,0.7812802404081504,0.2505516521521581,0.9926439059378431,0.9971273414278263,0.9955036480259751,2528,1748,0.13661396503448486,0.49917879700660706,0.27367740869522095,0.7665249109268188,0.7160483002662659,0.7338461538461539,0.8884615384615385,0.86046640504047,0.7999276362922692,1.0756803065697331,22.0,3.0,bxpc3+INS_COPS4,bxpc3+INS,COPS4,False,True,4
bxpc3+INS_DR1,0.026930518,0.008775467,3.0688417,0.99207497,0.3140254,0.7990468243560709,0.2725802445729078,0.9939082123851514,0.9980032882462778,0.9958967310936195,2593,1680,0.1149420514702797,0.337616890668869,0.34045112133026123,0.7195517420768738,0.6998158693313599,0.8615384615384615,0.6884615384615385,0.7761240246296214,0.6962241992923133,1.1147616319836675,24.0,1.0,bxpc3+INS_DR1,bxpc3+INS,DR1,False,True,4
bxpc3+INS_EIF2B1,0.027061103,0.0047912905,5.647978,0.99205875,0.0030387836,0.8237794912275906,0.014160854972082165,0.9939951524937674,0.9988673496856081,0.9951222780548646,2278,2156,0.2548873722553253,0.2853739857673645,0.893169641494751,0.08006127178668976,0.4313126504421234,0.23076923076923078,0.5604395604395606,0.5266721874590453,0.44511519162551794,1.1832267183146212,8.0,5.0,bxpc3+INS_EIF2B1,bxpc3+INS,EIF2B1,False,True,4
bxpc3+INS_ELK1,0.021884656,0.0036585801,5.9817348,0.9932461,0.11679043,0.8375445284019517,0.06769331588134303,0.9949224610259175,0.9991291134898067,0.9957896808259386,2358,2133,0.004000846296548843,0.2537345290184021,0.015767842531204224,0.9935538172721863,0.9917871952056885,0.6428571428571429,0.9285714285714287,0.9959159356548282,0.9887090899791315,1.0072891467760743,8.0,0.0,bxpc3+INS_ELK1,bxpc3+INS,ELK1,False,True,4
bxpc3+INS_FOS,0.024284406,0.00509247,4.768689,0.9933233,0.27438712,0.8286142149815341,0.21107707845603318,0.9949382399912731,0.9988211619189161,0.9961124953338161,2478,1834,0.029333189129829407,0.0242124255746603,1.2114932537078857,-0.01823541708290577,0.08797796815633774,0.3569230769230769,0.26,0.43479049281773996,0.5925543331723581,0.7337563299723118,18.0,7.0,bxpc3+INS_FOS,bxpc3+INS,FOS,False,True,4
bxpc3+INS_FOXM1,0.031726904,0.0111783445,2.838247,0.9904359,0.09321624,0.8128040097452104,0.056829411484033754,0.9927148569220738,0.9973610789765494,0.9953414844910098,2299,2011,0.33015358448028564,0.46030932664871216,0.7172428965568542,0.6309351921081543,0.3092971444129944,0.6515384615384615,0.5184615384615384,0.8047885305754577,0.8439475906803888,0.9536001280916495,17.0,8.0,bxpc3+INS_FOXM1,bxpc3+INS,FOXM1,False,True,4
bxpc3+INS_FOXO1,0.02508502,0.004944346,5.0734763,0.99257153,0.123839796,0.8216521431386923,0.04372737761110243,0.9943750592669062,0.998829614947716,0.9955402246648013,2242,2124,0.02872057445347309,0.17571388185024261,0.16345079243183136,0.8694236278533936,0.9091746807098389,0.5810113519091847,0.7069143446852425,0.9094554359681688,0.918005601572005,0.9906861509459259,13.0,5.0,bxpc3+INS_FOXO1,bxpc3+INS,FOXO1,False,False,4
bxpc3+INS_FOXO3,0.02489539,0.009488648,2.6237028,0.9923979,0.22122741,0.8246566141606385,0.14604382386315856,0.9942412399976364,0.9977553282046999,0.9964780060725041,2348,1963,0.09102185070514679,0.18071980774402618,0.5036628246307373,0.8311034440994263,0.7794044613838196,0.5900000000000001,0.8130769230769231,0.8820178946896025,0.7971411982551204,1.1064763640623148,16.0,9.0,bxpc3+INS_FOXO3,bxpc3+INS,FOXO3,False,True,4
bxpc3+INS_FOXO4,0.07886578,0.13690042,0.57608134,0.9780864,0.59176946,0.7950297728933143,0.5205921747229665,0.9817609436923068,0.9762273129701449,1.0056683834273454,2809,1262,0.15580670535564423,0.27178695797920227,0.5732677578926086,-0.28743642568588257,0.4920947253704071,-0.39059796915021655,0.3515384615384615,0.08402182613680476,0.033305717099197496,2.52274484547367,22.0,3.0,bxpc3+INS_FOXO4,bxpc3+INS,FOXO4,False,True,4
bxpc3+INS_GRB2,0.025421396,0.009540859,2.6644766,0.99203223,0.14171623,0.8287817970061419,0.03678930830719158,0.9939869655331914,0.9977273373025475,0.9962511082642393,2278,2124,0.13950544595718384,0.2664189338684082,0.5236318707466125,0.913966178894043,0.6387504935264587,0.6692307692307693,0.6169230769230769,0.9460013706464926,0.9488435959562852,0.997004537605665,18.0,7.0,bxpc3+INS_GRB2,bxpc3+INS,GRB2,False,True,4
bxpc3+INS_GRB10,0.02312131,0.004580601,5.0476584,0.99311,0.14897418,0.8312466151725926,0.0856647739146618,0.9948057923594154,0.9989097328907921,0.9958915801936375,2392,2077,0.8346578478813171,0.935441792011261,0.8922606110572815,0.6842876672744751,0.28618842363357544,0.7714285714285715,0.3714285714285715,0.817852719605828,0.8192650073278916,0.9982761527595692,3.0,3.0,bxpc3+INS_GRB10,bxpc3+INS,GRB10,False,True,4
bxpc3+INS_HSF1,0.023431353,0.0038155415,6.1410294,0.9933113,0.15565768,0.8238847498770246,0.06839024615530549,0.994946168456178,0.9990976367662685,0.9958447821741153,2386,2121,0.012416591867804527,0.22865507006645203,0.05430271849036217,0.916980504989624,0.9595942497253418,0.5666666666666667,0.8833333333333333,0.9549625249834052,0.9851375189412348,0.9693697647509559,8.0,1.0,bxpc3+INS_HSF1,bxpc3+INS,HSF1,False,True,4
bxpc3+INS_IGF2,0.022388605,0.0045057028,4.9689484,0.99304056,0.122997,0.8338751994593,0.04250012896110195,0.9947555131273911,0.9989329639459553,0.9958180869294145,2373,2088,0.13228103518486023,0.3457868993282318,0.38255074620246887,0.8899498581886292,0.8283756971359253,0.8671328671328673,0.8671328671328673,0.9376723825305426,0.805252845150275,1.1644446687494234,11.0,1.0,bxpc3+INS_IGF2,bxpc3+INS,IGF2,False,True,4
bxpc3+INS_IKBKB,0.0693186,0.008135202,8.520821,0.9883863,0.21086612,0.7354918200106662,0.19587837765037297,0.9905612447565669,0.9980875718982452,0.9924592517194017,2582,1723,0.16556233167648315,0.4992022216320038,0.3316538333892822,0.676226794719696,0.7478331327438354,0.6907692307692308,0.8200000000000001,0.8223572823891595,0.7798423813669123,1.0545172999545458,22.0,3.0,bxpc3+INS_IKBKB,bxpc3+INS,IKBKB,False,True,4
bxpc3+INS_INSR,0.023491196,0.004556199,5.1558757,0.9931079,0.17821953,0.8270617744111655,0.10894289820857056,0.9947913586303958,0.9989250872429184,0.9958618232084531,2328,2031,0.11600368469953537,0.2676149308681488,0.4334723949432373,0.8668986558914185,0.7557608485221863,0.6648351648351648,0.4945054945054945,0.8748998369658971,0.6861430619919312,1.2750982782307658,10.0,3.0,bxpc3+INS_INSR,bxpc3+INS,INSR,False,True,4
bxpc3+INS_IRS1,0.022142414,0.0057734745,3.8351974,0.9934179,0.26291013,0.8289517125458079,0.15570772467450414,0.9950272714327163,0.9986400156578986,0.9963823358081618,2417,1962,0.18947754800319672,0.3304317891597748,0.5734241008758545,0.8916130065917969,0.6847208142280579,0.6862745098039216,0.7069143446852425,0.9003057678716468,0.7257754050908788,1.2404743417268516,13.0,5.0,bxpc3+INS_IRS1,bxpc3+INS,IRS1,False,True,4
bxpc3+INS_IRS2,0.020477265,0.0068528564,2.9881358,0.9934712,0.26203942,0.8313022765314216,0.16677324145170142,0.9950596906467212,0.9983945638643893,0.9966597642471527,2309,1995,0.18097105622291565,0.2508403956890106,0.7214589715003967,0.4394027292728424,0.4502682685852051,0.49615384615384617,0.5576923076923077,0.6368821593457118,0.711808878255199,0.8947375887005664,20.0,5.0,bxpc3+INS_IRS2,bxpc3+INS,IRS2,False,True,4
bxpc3+INS_IRS4,0.024429869,0.006363449,3.8390923,0.9928249,0.18157968,0.8257900122160445,0.13207174537039268,0.994557063085271,0.9984938918692373,0.9960572329825711,2371,1937,0.10966375470161438,0.21171070635318756,0.5179886817932129,0.9753438830375671,0.6533719301223755,0.701288722339792,0.44538461538461543,0.9808807667039601,0.9567798628846669,1.0251896018658144,16.0,9.0,bxpc3+INS_IRS4,bxpc3+INS,IRS4,False,True,4
bxpc3+INS_MAPK1,0.038093295,0.018702189,2.0368361,0.9884547,0.09680904,0.8208253905625025,0.0744601144141918,0.9912269472178504,0.9955398422217163,0.9956677826231033,2314,1998,0.6434329152107239,0.9502356052398682,0.677129864692688,0.7233554720878601,0.3144086003303528,0.5853846153846154,0.3561538461538461,0.8889376945612497,0.9002843808925174,0.9873965531646579,18.0,7.0,bxpc3+INS_MAPK1,bxpc3+INS,MAPK1,False,True,4
bxpc3+INS_MAPK3,0.022298941,0.0028522408,7.818043,0.9935712,0.16211812,0.8335614488831892,0.0583502610627993,0.9951564966336615,0.9993212010459795,0.9958324666704169,2349,2128,0.030939225107431412,0.022533724084496498,1.373018741607666,-0.04915429651737213,0.2825910747051239,0.3571428571428572,0.1785714285714286,0.470335749805332,0.4944680977680729,0.9511953388465922,5.0,2.0,bxpc3+INS_MAPK3,bxpc3+INS,MAPK3,False,True,4
bxpc3+INS_MTOR,0.019115048,0.020608742,0.92752135,0.9936013,0.5734372,0.8073739969452349,0.4206069342346039,0.995079105204134,0.9957191611475776,0.9993571923003812,2707,1538,0.03089188039302826,0.30017632246017456,0.10291244834661484,0.9809680581092834,0.9451475143432617,0.6992307692307692,0.8738461538461537,0.9829597338193928,0.9135173348854583,1.0760165092462548,24.0,1.0,bxpc3+INS_MTOR,bxpc3+INS,MTOR,False,True,4
bxpc3+INS_PIK3CA,0.028288027,0.037173245,0.76097816,0.9908248,0.50644255,0.8288543010550399,0.43101443712879833,0.9925168980858552,0.9927945469844165,0.9997203359955948,2652,1580,0.05991663783788681,0.2742297351360321,0.21849066019058228,0.6557494401931763,0.9514850974082947,0.25976361994391944,0.6423076923076922,0.881843434853327,0.8706131659862697,1.012899263766974,24.0,1.0,bxpc3+INS_PIK3CA,bxpc3+INS,PIK3CA,False,True,4
bxpc3+INS_POLR2G,0.032353602,0.015661368,2.0658221,0.991416,0.47494945,0.7749232768589868,0.42141299699572676,0.9933295700734535,0.9966457942612588,0.9966726150785963,2807,1442,0.08399524539709091,0.38244959712028503,0.2196243554353714,0.939434826374054,0.8916500210762024,0.5156078935116295,0.4769230769230769,0.9382133508183839,0.9084851558362729,1.0327228186295965,23.0,2.0,bxpc3+INS_POLR2G,bxpc3+INS,POLR2G,False,False,4
bxpc3+INS_POLR2L,0.06361986,0.0190991,3.3310397,0.987817,0.4913906,0.7180067521904602,0.4520548541269032,0.9902253087909296,0.9960241929116334,0.9941779686056098,2879,1365,0.121035136282444,0.27332380414009094,0.44282692670822144,0.6698753833770752,0.5960135459899902,0.607683240806299,0.573076923076923,0.7215142073522973,0.681136332482177,1.059280166017538,23.0,2.0,bxpc3+INS_POLR2L,bxpc3+INS,POLR2L,False,True,4
bxpc3+INS_PTEN,0.024404382,0.005423659,4.499616,0.9925532,0.11632961,0.8329734531727134,0.09666373912457714,0.9943536764544011,0.9987441903828784,0.9956039654891067,2323,1975,0.07834448665380478,0.13246776163578033,0.5914230346679688,0.9767898321151733,0.5676383972167969,0.6038461538461538,0.5207692307692308,0.9807392695502019,0.9845637866076686,0.9961155213004084,19.0,6.0,bxpc3+INS_PTEN,bxpc3+INS,PTEN,False,True,4
bxpc3+INS_RAD51,0.05972276,0.013960891,4.2778616,0.987666,0.38028795,0.7139859726289127,0.3278641874919826,0.9899368982542388,0.9969019428943118,0.9930133101959343,2705,1569,0.1737278401851654,0.3364771604537964,0.516313910484314,0.7040392160415649,0.5117020606994629,0.7607692307692308,0.6153846153846153,0.826767424020252,0.8623506447731845,0.9587369465441851,21.0,4.0,bxpc3+INS_RAD51,bxpc3+INS,RAD51,False,True,4
bxpc3+INS_RPS6KB1,0.019005438,0.0029952289,6.3452373,0.994201,0.27336308,0.8334952528564213,0.18611079528118454,0.9956367526895981,0.9992869563195513,0.9963471917582141,2427,1972,0.1060405969619751,0.07201408594846725,1.4724979400634766,0.9728742837905884,-0.6438419222831726,0.39999999999999997,-0.09999999999999999,0.9550936793010119,0.9531250143469371,1.0020654845108894,3.0,2.0,bxpc3+INS_RPS6KB1,bxpc3+INS,RPS6KB1,False,True,4
bxpc3+INS_SGK1,0.018897,0.0039971215,4.7276525,0.99402016,0.29400584,0.8338653567536047,0.20347239025371008,0.9954904293075646,0.9990669464200658,0.996420142688819,2461,1912,0.005566329695284367,0.02308415062725544,0.24113209545612335,0.8151723742485046,0.8996356129646301,0.5166666666666667,0.9166666666666666,0.9089919842171408,0.991306348529675,0.91696374744838,5.0,4.0,bxpc3+INS_SGK1,bxpc3+INS,SGK1,False,True,4
bxpc3+INS_SHC1,0.028251141,0.006200818,4.5560346,0.99221534,0.122901045,0.817817167974968,0.07830780689661643,0.9940950982240947,0.9985233124422712,0.9955652370225132,2249,2091,0.14058129489421844,0.16501790285110474,0.8519154191017151,0.7324212789535522,0.3910064101219177,0.7730769230769231,0.3884615384615384,0.7982332601598504,0.758638176146663,1.0521923167830836,18.0,7.0,bxpc3+INS_SHC1,bxpc3+INS,SHC1,False,True,4
bxpc3+INS_SMARCE1,0.0637481,0.22946194,0.27781558,0.972651,0.8008108,0.7268635293832733,0.7253134096179539,0.9776494660472478,0.9634106907970812,1.0147795487284723,3161,804,0.16634179651737213,0.44268184900283813,0.3757592439651489,-0.4464845359325409,0.6875406503677368,-0.6008820400461504,0.673076923076923,-0.004168149263598764,0.09861572948031172,-0.042266576392672936,18.0,7.0,bxpc3+INS_SMARCE1,bxpc3+INS,SMARCE1,False,True,4
bxpc3+INS_SP1,0.020783948,0.004166517,4.9883265,0.9939208,0.30006546,0.8294369717137919,0.20663684013756964,0.9953806175744665,0.9990080725580522,0.9963689432716021,2433,1889,0.02549346536397934,0.08331605792045593,0.3059850037097931,0.9524853229522705,0.8139468431472778,0.6387072423530512,0.3815384615384615,0.9575183312179119,0.9366770574195595,1.0222502234182693,19.0,6.0,bxpc3+INS_SP1,bxpc3+INS,SP1,False,True,4
bxpc3+INS_SREBF1,0.022332888,0.006731469,3.3176842,0.99289346,0.17890221,0.8313640429118802,0.06259129460494826,0.9946344030588472,0.9984084154354166,0.9962199713882385,2302,2107,0.10694511979818344,0.26217472553253174,0.4079154431819916,0.7615481019020081,0.7364319562911987,0.7713043478260868,0.76,0.8248803954272013,0.7348436838286488,1.1225249853539563,18.0,6.0,bxpc3+INS_SREBF1,bxpc3+INS,SREBF1,False,True,4
bxpc3+INS_SREBF2,0.021514013,0.0035218403,6.1087418,0.99323046,0.12402094,0.8329821792765715,0.0801355535554058,0.9948962134578223,0.9991676972537443,0.9957249580749434,2359,2136,0.16507086157798767,0.19686251878738403,0.8385083079338074,0.2124936580657959,0.3811490535736084,-0.03333333333333333,0.7333333333333334,0.5029746019006218,0.5170609423121157,0.9727569049240024,8.0,1.0,bxpc3+INS_SREBF2,bxpc3+INS,SREBF2,False,True,4
bxpc3+INS_SRF,0.021339813,0.008708381,2.4504914,0.99378616,0.3854099,0.817439825544016,0.29072261720033316,0.9952784877429621,0.9979376668148264,0.9973353254814484,2550,1765,0.1346883326768875,0.2208274006843567,0.6099258065223694,0.7929672598838806,0.6094474792480469,0.643076923076923,0.5461538461538461,0.8564285482896894,0.7769585546828557,1.102283439866715,19.0,6.0,bxpc3+INS_SRF,bxpc3+INS,SRF,False,True,4
bxpc3+INS_TAF3,0.03096121,0.0044610174,6.940392,0.9917872,0.112292066,0.8069700445923728,0.07326090580082423,0.99370741168847,0.9989451231168756,0.9947567575963903,2359,2043,0.15177199244499207,0.16188542544841766,0.9375272393226624,0.10099352896213531,0.2620217800140381,0.6758241758241759,0.5714285714285714,0.3871949623339497,0.38454432100860614,1.0068929410227443,10.0,3.0,bxpc3+INS_TAF3,bxpc3+INS,TAF3,False,True,4
bxpc3+INS_TAF7,0.020412993,0.0036876327,5.5355277,0.9937663,0.22440277,0.8344734603037844,0.16290152755476797,0.9952953681424576,0.9991257039004425,0.9961663124639554,2416,1960,0.08751723170280457,0.14714185893535614,0.5947813391685486,0.6829119324684143,0.5199812054634094,0.711764705882353,0.5970588235294118,0.7903841485263561,0.7906000104884149,0.9997269643825005,11.0,5.0,bxpc3+INS_TAF7,bxpc3+INS,TAF7,False,True,4
bxpc3+INS_TAF8,0.029043743,0.034500565,0.84183383,0.9900033,0.48519918,0.812816849364367,0.44037123277026186,0.9922190210131949,0.9929536546805093,0.9992601531160578,2762,1468,0.11680705100297928,0.40810126066207886,0.2862207591533661,0.8736767172813416,0.8592032194137573,0.6594643749111719,0.703076923076923,0.877766316639284,0.6356914310466792,1.3808056452704158,22.0,3.0,bxpc3+INS_TAF8,bxpc3+INS,TAF8,False,True,4
bxpc3+INS_TSC1,0.039828412,0.046517532,0.8562022,0.98744506,0.41259444,0.8231444787900297,0.3032544147725516,0.9900353012698531,0.9903334311234298,0.9996989601237247,2402,1820,0.5398057699203491,0.46924757957458496,1.1503645181655884,0.858709454536438,-0.0173233300447464,0.6619111572622803,0.10076923076923076,0.888517333377761,0.8941262847036162,0.9937268913554929,16.0,9.0,bxpc3+INS_TSC1,bxpc3+INS,TSC1,False,True,4
bxpc3+INS_TSC2,0.024534643,0.016936542,1.4486216,0.99215317,0.3284212,0.8437913759734004,0.2494758645263389,0.9938865782993461,0.9962490424518599,0.9976286409804727,2298,1939,0.12355698645114899,0.3138958215713501,0.3936241865158081,0.8343812823295593,0.7739501595497131,0.6674366873780406,0.6123076923076923,0.830150241563943,0.7103313909560199,1.1686802133954146,17.0,8.0,bxpc3+INS_TSC2,bxpc3+INS,TSC2,False,True,4
bxpc3+INS_TTF1,0.028510181,0.015585736,1.8292483,0.9910667,0.26250967,0.8207286375143579,0.20419214338918806,0.9931796320092154,0.9963881701008195,0.9967798312064671,2445,1830,0.30852210521698,0.6502349972724915,0.4744778573513031,0.8677294850349426,0.6317213177680969,0.8609348110786914,0.6623076923076924,0.9253914357734174,0.8942850453904186,1.0347835296400587,23.0,2.0,bxpc3+INS_TTF1,bxpc3+INS,TTF1,False,True,4
bxpc3+INS_TTF2,0.062473353,0.004859859,12.854972,0.9877579,0.19586976,0.716488404343722,0.18893327275488822,0.9898799633414429,0.9988578247280956,0.9910118725964863,2553,1785,0.1078002005815506,0.2720990478992462,0.39618000388145447,0.9717051386833191,0.7865327000617981,0.8261538461538462,0.6107692307692307,0.9782798468631924,0.9854371264637378,0.9927369495137356,25.0,0.0,bxpc3+INS_TTF2,bxpc3+INS,TTF2,False,True,4
bxpc3+INS_XBP1,0.059840687,0.113736756,0.52613324,0.98243463,0.6164702,0.7971958289690441,0.5736121697685612,0.9852938560137754,0.9811903808246351,1.0041821396431665,2964,1184,0.11407157778739929,0.23957166075706482,0.4761480391025543,-0.5376191139221191,0.5149816274642944,-0.47067872433164176,0.44538461538461543,0.02591333506297744,0.02959619469757946,0.8755630690960677,24.0,1.0,bxpc3+INS_XBP1,bxpc3+INS,XBP1,False,True,4
bxpc3+INS_ZNF593,0.019798115,0.0036423947,5.435467,0.99422586,0.35178834,0.8315293910511655,0.2341861531122408,0.9956388964871237,0.9991578878904864,0.9964780427137573,2457,1892,0.007760263048112392,0.10301639139652252,0.07533036917448044,0.9698201417922974,0.9781285524368286,0.6202270381836945,0.7874097007223942,0.9646239769035461,0.9928101563415839,0.9716096987344476,14.0,4.0,bxpc3+INS_ZNF593,bxpc3+INS,ZNF593,False,True,4
bxpc3+TGFB_MAPK14,0.015636688,0.010091201,1.5495368,0.9952688,0.22993928,0.8223704491382638,0.2377267284516759,0.9963995532060236,0.997559632968572,0.9988370822914153,2185,1342,0.8286156058311462,0.901439368724823,0.9192138910293579,-0.24195636808872223,0.9245448708534241,0.0,0.7999999999999999,0.6991149083499526,0.698126852211547,1.0014152959956713,2.0,2.0,bxpc3+TGFB_MAPK14,bxpc3+TGFB,MAPK14,True,False,4
bxpc3+TGFB_SMAD9,0.010923555,0.0066054026,1.6537304,0.99661446,0.36211312,0.8148896703350721,0.2993993652076623,0.997418109332297,0.9984311954397151,0.9989853220612043,2257,1285,,,,,,,,,,,,,bxpc3+TGFB_SMAD9,bxpc3+TGFB,SMAD9,True,False,4
bxpc3+TNFA_CSF1,0.0067176474,0.0067726662,0.99187636,0.99779654,0.50848913,0.8425990716538817,0.4307234363704182,0.9983029873549409,0.9984665704960998,0.999836165630385,2621,1269,0.015382676385343075,0.0804782584309578,0.1911407709121704,0.9731213450431824,0.9503176212310791,0.8385372020039654,0.6053846153846154,0.9632620751972564,0.9602728658275388,1.0031128749713671,25.0,0.0,bxpc3+TNFA_CSF1,bxpc3+TNFA,CSF1,True,False,4
bxpc3+TNFA_IKBKE,0.015893966,0.0057006553,2.7880945,0.9968834,0.38838312,0.8142293684690126,0.3363086797595392,0.9975069712412691,0.9986556307289565,0.9988497942109945,2542,1338,0.030299868434667587,0.10166038572788239,0.2980498969554901,0.7246721386909485,0.739054799079895,0.46201193391667045,0.7138461538461538,0.8359090338500443,0.8378743429617146,0.9976544106784279,24.0,1.0,bxpc3+TNFA_IKBKE,bxpc3+TNFA,IKBKE,True,False,4
bxpc3+TNFA_TRAF2,0.0067581534,0.008554349,0.7900255,0.99778706,0.51819116,0.8538282101626111,0.4584942610522078,0.9982766051599996,0.9980905339029305,1.0001864272335512,2600,1258,0.03747795894742012,0.08805792778730392,0.42560574412345886,0.9278741478919983,0.8172441124916077,0.8769230769230769,0.6807692307692308,0.9640447051731145,0.9729861083046065,0.9908103486214493,24.0,1.0,bxpc3+TNFA_TRAF2,bxpc3+TNFA,TRAF2,True,False,4
hap1+IFNB_MAPK14,0.005842379,0.0030479352,1.9168317,0.9980917,0.23373589,0.8595066920068062,0.28272235324734657,0.9985313082409758,0.9992563586602969,0.9992744100019606,2411,1515,0.05227263644337654,0.1089109256863594,0.4799576997756958,0.9829897880554199,0.1758529245853424,0.5,-0.5,0.9934639569992398,0.9919467640177508,1.0015295104904056,3.0,0.0,hap1+IFNB_MAPK14,hap1+IFNB,MAPK14,True,False,4
hap1+INS_FOXO1,0.007963513,0.0016853908,4.7250247,0.9977411,0.27219483,0.8271838487780419,0.24886333072682215,0.9982069784970992,0.9995831483948235,0.9986232562044145,2460,1646,0.00036762349191121757,0.021654555574059486,0.016976727172732353,,,,,,,,1.0,0.0,hap1+INS_FOXO1,hap1+INS,FOXO1,True,False,4
hap1+INS_POLR2G,0.08931825,0.19966944,0.44733062,0.97251326,0.7708305,0.7437387442892983,0.745419168079024,0.9765923343993388,0.9668236357983493,1.0101039095852502,3119,643,0.2495582550764084,0.5114267468452454,0.48796480894088745,-0.2384498119354248,0.3043774664402008,-0.38732936689791353,0.5723076923076923,0.06375555316563453,0.055850801000854045,1.1415333714669482,23.0,2.0,hap1+INS_POLR2G,hap1+INS,POLR2G,True,False,4
hap1+TGFB_AKT1,0.020594696,0.0023239069,8.862101,0.99314255,0.17797385,0.8437650047863534,0.20781339357291498,0.9947063286938662,0.9994166183189295,0.9952869608742486,2148,1564,,,,,,,,,,,,,hap1+TGFB_AKT1,hap1+TGFB,AKT1,False,True,4
hap1+TGFB_ATF2,0.020409627,0.0056318617,3.6239574,0.993196,0.37269366,0.8160659678891784,0.3421333554184155,0.9946676589294385,0.9986397747709319,0.9960224738270569,2316,1316,0.09700775146484375,0.16174627840518951,0.5997526049613953,,,,,,,,1.0,0.0,hap1+TGFB_ATF2,hap1+TGFB,ATF2,False,True,4
hap1+TGFB_CHUK,0.021780785,0.0041211043,5.285182,0.99276745,0.28253362,0.8174342188756752,0.28168630715733656,0.994317606146041,0.998983508605796,0.995329349864577,2260,1407,0.005102441646158695,0.10120262205600739,0.050418078899383545,1.0,1.0,0.9999999999999999,0.9999999999999999,0.8690466016170755,0.9977860704010129,0.8709748786809615,2.0,0.0,hap1+TGFB_CHUK,hap1+TGFB,CHUK,False,True,4
hap1+TGFB_CREBBP,0.060834687,0.05523426,1.101394,0.9864931,0.22037819,0.8134800026957855,0.18332962243195056,0.9886034308926674,0.9902745798620767,0.9983124387888034,1948,1607,0.18462319672107697,0.24566900730133057,0.7515119314193726,0.6273825764656067,0.34425342082977295,0.7047750543494531,0.3661538461538461,0.8558539186517375,0.8653211005245018,0.9890593424024609,16.0,9.0,hap1+TGFB_CREBBP,hap1+TGFB,CREBBP,False,True,4
hap1+TGFB_CUL1,0.06656761,0.11798878,0.5641859,0.9809502,0.5712017,0.7675767796094858,0.5803277450310227,0.984087094860459,0.9792249817238601,1.0049652666418287,2674,813,0.22225362062454224,0.5494088530540466,0.4045322835445404,0.5340163111686707,0.14270742237567902,0.49474363089794327,0.20615384615384616,0.7967455762646848,0.8213216164955205,0.9700774462314791,24.0,1.0,hap1+TGFB_CUL1,hap1+TGFB,CUL1,False,False,4
hap1+TGFB_EP300,0.02404853,0.0137658175,1.7469743,0.99172544,0.426261,0.7867582151703657,0.3939880422347815,0.9934606051697664,0.9968371189486984,0.9966127728244178,2414,1179,0.03165210410952568,0.11618012189865112,0.2724399268627167,0.6538003087043762,0.5160730481147766,0.625199920247207,0.3276923076923077,0.8447219621408671,0.9108679362541181,0.9273813782651393,22.0,3.0,hap1+TGFB_EP300,hap1+TGFB,EP300,False,True,4
hap1+TGFB_FOS,0.020554563,0.0036773274,5.5895386,0.99308944,0.24955323,0.8312530892917984,0.25263027645544633,0.9946261263417656,0.9990996970798086,0.9955223980638584,2201,1463,0.011403925716876984,0.1851293295621872,0.06159977987408638,1.0,1.0,0.9999999999999999,0.9999999999999999,0.980225182734906,0.9909254730347467,0.9892017204209408,2.0,0.0,hap1+TGFB_FOS,hap1+TGFB,FOS,False,True,4
hap1+TGFB_FOXP2,0.019730574,0.014218112,1.387707,0.9931853,0.45417726,0.8147212785579168,0.40193796919468217,0.9946130480285266,0.9968529684063739,0.997753008268182,2348,1245,0.05297669768333435,0.12539614737033844,0.4224746823310852,0.4951477646827698,0.2980688512325287,0.6015384615384615,0.2323076923076923,0.8580875974774863,0.9461069062440428,0.9069668467848047,23.0,2.0,hap1+TGFB_FOXP2,hap1+TGFB,FOXP2,False,True,4
hap1+TGFB_HDAC4,0.024939029,0.014790934,1.6861024,0.99214435,0.50824904,0.7745480617481554,0.4858770246467134,0.9937486925624698,0.9965833998987994,0.9971555743988737,2580,996,0.0717187225818634,0.23363059759140015,0.306974858045578,0.9739270806312561,0.44416069984436035,0.7423076923076923,0.5023076923076923,0.97946573478655,0.9463789137161878,1.0349614943769603,25.0,0.0,hap1+TGFB_HDAC4,hap1+TGFB,HDAC4,False,True,4
hap1+TGFB_HDAC5,0.020521471,0.0016514275,12.426505,0.99321735,0.16157007,0.840609736626163,0.19840386133941848,0.9947730580639571,0.999577717703478,0.9951933105806324,2255,1561,,,,,,,,,,,,,hap1+TGFB_HDAC5,hap1+TGFB,HDAC5,False,True,4
hap1+TGFB_HRAS,0.019877657,0.0013389458,14.845752,0.9934766,0.21308276,0.8454691909339397,0.21816884566783784,0.9949827601499494,0.9996588867233248,0.9953222777934753,2401,1569,,,,,,,,,,,,,hap1+TGFB_HRAS,hap1+TGFB,HRAS,False,True,4
hap1+TGFB_IKBKB,0.023967016,0.025493875,0.9401088,0.9913783,0.5371736,0.7684001752312999,0.5096711825019907,0.9931355190428123,0.9947599692050182,0.9983669928299345,2615,948,0.10114765912294388,0.20892851054668427,0.48412570357322693,0.5237346887588501,0.2797374129295349,0.6943044213309333,0.39999999999999997,0.8274049403443224,0.9310260070548908,0.888702285515791,23.0,2.0,hap1+TGFB_IKBKB,hap1+TGFB,IKBKB,False,True,4
hap1+TGFB_IRF7,0.019540997,0.0022899082,8.533528,0.99349344,0.27518624,0.8411528397717085,0.23673701363852778,0.9949672490724558,0.9994197389455536,0.9955449250203969,2244,1513,,,,,,,,,,,,,hap1+TGFB_IRF7,hap1+TGFB,IRF7,False,True,4
hap1+TGFB_JUN,0.020312598,0.0022502965,9.026631,0.9933504,0.2367461,0.8425511295119681,0.23719832255440776,0.9948623453698274,0.999427383384763,0.995432346470761,2237,1494,,,,,,,,,,,,,hap1+TGFB_JUN,hap1+TGFB,JUN,False,True,4
hap1+TGFB_KRAS,0.021737719,0.0043965247,4.944296,0.99273455,0.16976586,0.8428428545316593,0.19348321980639396,0.9943770607167872,0.9989042471085243,0.9954678474890444,2097,1572,0.05182779207825661,0.2046390324831009,0.253264456987381,1.0,1.0,0.9999999999999999,0.9999999999999999,0.9999102779589759,0.992942873169145,1.0070169241132607,2.0,0.0,hap1+TGFB_KRAS,hap1+TGFB,KRAS,False,True,4
hap1+TGFB_MAP3K7,0.021123044,0.00227694,9.276943,0.9930837,0.16840634,0.8349249583383104,0.20482561308189104,0.9946415720024114,0.9994211101904775,0.9952176933833675,2163,1570,,,,,,,,,,,,,hap1+TGFB_MAP3K7,hap1+TGFB,MAP3K7,False,True,4
hap1+TGFB_MAPK1,0.020576544,0.0043911347,4.685929,0.993199,0.34090865,0.8177469479256471,0.3349434973243975,0.9946675560089066,0.9989201097727199,0.9957428489804044,2321,1341,1.1454386711120605,1.3799022436141968,0.8300868272781372,,,,,,,,1.0,0.0,hap1+TGFB_MAPK1,hap1+TGFB,MAPK1,False,True,4
hap1+TGFB_MAPK3,0.020054374,0.0027964334,7.171411,0.99328566,0.22507644,0.8378015810332927,0.23766635562044672,0.9947978690134349,0.9992978739890653,0.9954968332338515,2228,1471,,,,,,,,,,,,,hap1+TGFB_MAPK3,hap1+TGFB,MAPK3,False,True,4
hap1+TGFB_MAPK14,0.020621087,0.002968298,6.9471083,0.9932428,0.26481482,0.8402310055984512,0.22915453474474784,0.9947834111601561,0.999244715096582,0.9955353239611634,2192,1533,,,,,,,,,,,,,hap1+TGFB_MAPK14,hap1+TGFB,MAPK14,False,False,4
hap1+TGFB_MED15,0.029381434,0.012368503,2.3755045,0.9900764,0.25080025,0.806057131725826,0.26048449409872415,0.9922228374986982,0.9969600573934461,0.9952483353173313,2208,1402,0.1663215011358261,0.21014657616615295,0.7914547324180603,0.7438308596611023,0.5184645056724548,0.586923076923077,0.28769230769230764,0.8132152400763971,0.9671254902502804,0.8408580357714973,22.0,3.0,hap1+TGFB_MED15,hap1+TGFB,MED15,False,False,4
hap1+TGFB_MYC,0.020789923,0.00200338,10.377423,0.99319607,0.1725221,0.8434285176729444,0.1799838197743877,0.9947536516490982,0.9994879205030317,0.9952633055819716,2173,1603,,,,,,,,,,,,,hap1+TGFB_MYC,hap1+TGFB,MYC,False,True,4
hap1+TGFB_NFKB1,0.022712888,0.010606323,2.1414478,0.9921697,0.35609946,0.8088191864506876,0.38586653467485527,0.9938588543395962,0.9975863083426523,0.9962635273039696,2379,1214,0.08690250664949417,0.14915530383586884,0.58263099193573,0.9532582759857178,-0.12122352421283722,0.7553846153846154,0.09153846153846153,0.971660536661612,0.9654508128980827,1.006431942135808,25.0,0.0,hap1+TGFB_NFKB1,hap1+TGFB,NFKB1,False,True,4
hap1+TGFB_NRAS,0.024423968,0.025039202,0.9754292,0.99115247,0.53280807,0.7658570452113461,0.4992395644776327,0.9929630748223897,0.9948907274765385,0.9980624478639597,2589,995,0.05908573046326637,0.19441574811935425,0.30391430854797363,0.6584087610244751,0.5404567122459412,0.41469514135068336,0.43076923076923074,0.9322799923727803,0.9525651960821978,0.9787046558147952,23.0,2.0,hap1+TGFB_NRAS,hap1+TGFB,NRAS,False,True,4
hap1+TGFB_PAK1,0.020482287,0.0016900984,12.118991,0.9932699,0.16084895,0.8448473921902235,0.17949483922135384,0.9948208565498217,0.9995677261125026,0.9952510776021728,2196,1630,,,,,,,,,,,,,hap1+TGFB_PAK1,hap1+TGFB,PAK1,False,True,4
hap1+TGFB_PIK3CA,0.025526373,0.01474512,1.7311743,0.99108493,0.28204995,0.8219342297979382,0.3431824005364023,0.992970074490713,0.9967184925608158,0.9962392409711671,2325,1270,0.06348448246717453,0.1281588226556778,0.495357871055603,0.7469876408576965,0.44089826941490173,0.6570494447374463,0.3592307692307692,0.9278487773577357,0.9580037727306923,0.9685230932995151,22.0,3.0,hap1+TGFB_PIK3CA,hap1+TGFB,PIK3CA,False,True,4
hap1+TGFB_PPP2CA,0.03022879,0.0289273,1.0449917,0.99074674,0.37414378,0.8144663314154379,0.3499521328147505,0.992428406111808,0.9937261963452185,0.9986940162811612,2226,1345,0.1381635069847107,0.2388688027858734,0.5784075260162354,0.7876917719841003,0.39563220739364624,0.6406162736141409,0.2823076923076923,0.8903537172263054,0.9219294318362026,0.9657503996298199,21.0,4.0,hap1+TGFB_PPP2CA,hap1+TGFB,PPP2CA,False,True,4
hap1+TGFB_PRKCA,0.02160905,0.0019950022,10.831592,0.9931251,0.27550524,0.8184952625979647,0.26153394350418135,0.9945760944369743,0.999491563811105,0.9950820301520226,2261,1531,,,,,,,,,,,,,hap1+TGFB_PRKCA,hap1+TGFB,PRKCA,False,False,4
hap1+TGFB_RAF1,0.023531035,0.009331445,2.5216925,0.9919572,0.3055874,0.8025618401003278,0.3211464017408398,0.993689992635875,0.9978265287346282,0.9958544536754311,2296,1304,0.020621642470359802,0.08352299779653549,0.24689777195453644,0.8184834122657776,0.04003814607858658,0.7446153846153846,0.06076923076923077,0.9353542437451916,0.9745874170977121,0.9597438129569171,25.0,0.0,hap1+TGFB_RAF1,hap1+TGFB,RAF1,False,True,4
hap1+TGFB_RBL1,0.023910569,0.010711473,2.232239,0.99182737,0.3262031,0.800659735246635,0.3334515138258299,0.9935786268286475,0.997526108474352,0.9960427284938518,2319,1272,0.11135023087263107,0.15220308303833008,0.7315898537635803,0.9284068942070007,-0.01997702196240425,0.7773506916545224,0.09999999999999999,0.9345126430844479,0.9370187069850145,0.9973254921359785,23.0,2.0,hap1+TGFB_RBL1,hap1+TGFB,RBL1,False,True,4
hap1+TGFB_RBX1,0.029616166,0.035100564,0.84375185,0.9902333,0.45375198,0.7973918718819263,0.4248604877340233,0.9920668283187359,0.9925086467548707,0.9995548467637241,2424,1136,0.11297906935214996,0.21104218065738678,0.535338819026947,0.708660900592804,0.30127471685409546,0.5317672601858614,0.2676923076923077,0.8903164653879054,0.9205776546459544,0.967128042805159,22.0,3.0,hap1+TGFB_RBX1,hap1+TGFB,RBX1,False,True,4
hap1+TGFB_RELA,0.021576205,0.0031369282,6.878132,0.99281454,0.14531595,0.8369375233520261,0.18833537504142944,0.99444391985844,0.9992145847805544,0.995225585179822,2106,1576,,,,,,,,,,,,,hap1+TGFB_RELA,hap1+TGFB,RELA,False,True,4
hap1+TGFB_RHOA,0.057288576,0.10434346,0.54903847,0.98326826,0.587931,0.7592891553118052,0.5603227122343002,0.9862436935483118,0.9816879912461968,1.0046406825210643,2662,881,0.2738547623157501,0.46753066778182983,0.5857471823692322,0.8928110003471375,0.26237261295318604,0.2806762839628179,0.49,0.8379722728790155,0.8011890054593849,1.0459108489619624,24.0,1.0,hap1+TGFB_RHOA,hap1+TGFB,RHOA,False,True,4
hap1+TGFB_RPS6KB1,0.020711524,0.0067078797,3.087641,0.99295115,0.26946828,0.8348492966420138,0.26514587226708347,0.9945059921194557,0.9984001889563768,0.9960995632012132,2181,1447,0.04107752442359924,0.08623579144477844,0.4763396382331848,0.5802625417709351,0.07607709616422653,0.7065217391304347,0.24703557312252966,0.8685286846731604,0.9688399340173258,0.8964625158170125,22.0,1.0,hap1+TGFB_RPS6KB1,hap1+TGFB,RPS6KB1,False,True,4
hap1+TGFB_RUNX1,0.02028137,0.0015364471,13.200175,0.9935386,0.22829561,0.8519204222832802,0.21448024834048415,0.9950498827661091,0.9996075545474794,0.9954405388788468,2339,1580,,,,,,,,,,,,,hap1+TGFB_RUNX1,hap1+TGFB,RUNX1,False,True,4
hap1+TGFB_RUNX2,0.021348137,0.0038714372,5.514267,0.99286664,0.25629848,0.8228461351385481,0.24600988679924407,0.9944337953412631,0.9990428163624215,0.9953865630725015,2172,1481,,,,,,,,,,,,,hap1+TGFB_RUNX2,hap1+TGFB,RUNX2,False,True,4
hap1+TGFB_RUNX3,0.019953787,0.002855151,6.988698,0.99356776,0.26993412,0.8392198237289143,0.22058537067353798,0.9950386237647181,0.9992765303604302,0.995759025187769,2159,1590,0.4448009729385376,0.802658200263977,0.5541598796844482,,,,,,,,1.0,0.0,hap1+TGFB_RUNX3,hap1+TGFB,RUNX3,False,True,4
hap1+TGFB_SKP1,0.09135646,0.17942886,0.5091514,0.9745442,0.63413846,0.7472321576548259,0.6398176289358475,0.9786037545155722,0.9705065770561268,1.0083432484136345,2810,703,0.26238343119621277,0.5410884022712708,0.48491784930229187,0.4126744866371155,0.3579521179199219,0.365408952510468,0.5623076923076923,0.6770279996510302,0.6811018878815494,0.9940186801666484,23.0,2.0,hap1+TGFB_SKP1,hap1+TGFB,SKP1,False,True,4
hap1+TGFB_SMAD1,0.021268182,0.0041843406,5.0828037,0.9930222,0.21564525,0.8375023858184063,0.24348401982818565,0.9945897281305662,0.9989753197384822,0.9956099099534671,2151,1495,0.08102394640445709,0.08167530596256256,0.9920250177383423,1.0,1.0,0.9999999999999999,0.9999999999999999,0.8865399490559589,0.9329539118288845,0.9502505298660042,1.0,1.0,hap1+TGFB_SMAD1,hap1+TGFB,SMAD1,False,True,4
hap1+TGFB_SMAD2,0.019249506,0.0032885983,5.853408,0.9935806,0.27138013,0.8389057977173261,0.23990449222073415,0.9950476086456953,0.9991711617028363,0.9958730263490457,2175,1530,0.022605078294873238,0.0575140006840229,0.3930360972881317,1.0,-1.0,0.9999999999999999,-0.9999999999999999,0.8592453025630953,0.999951094374413,0.8592873265473591,2.0,0.0,hap1+TGFB_SMAD2,hap1+TGFB,SMAD2,False,True,4
hap1+TGFB_SMAD3,0.018907126,0.0029559822,6.3962245,0.9938779,0.33277094,0.8409396069443493,0.26491354079404117,0.9952857717102426,0.9992473624371192,0.9960354253853475,2245,1521,0.33207154273986816,0.5782796740531921,0.5742403864860535,1.0,-1.0,0.9999999999999999,-0.9999999999999999,0.9994487412903071,0.9972796812361808,1.0021749766840107,2.0,0.0,hap1+TGFB_SMAD3,hap1+TGFB,SMAD3,False,True,4
hap1+TGFB_SMAD4,0.035240356,0.025587395,1.3772546,0.9880644,0.22046474,0.8161442895657973,0.3132677633629766,0.9905494348946043,0.9940508608624092,0.9964776188969172,2272,1317,0.8565283417701721,0.7031255960464478,1.218172550201416,0.33288344740867615,-0.35133156180381775,0.594345077353252,-0.30769230769230765,0.5922249516691472,0.6648187364602285,0.890806650279442,14.0,11.0,hap1+TGFB_SMAD4,hap1+TGFB,SMAD4,False,True,4
hap1+TGFB_SMAD5,0.02365901,0.018512243,1.2780195,0.9916807,0.4423476,0.7914839058275227,0.4448610019122403,0.9934156394127985,0.9959413315297243,0.9974640151613686,2494,1087,0.03390398621559143,0.12247440218925476,0.27682507038116455,0.35697734355926514,0.6332248449325562,0.4917157489692371,0.6261538461538462,0.8032216594335521,0.90388779991412,0.8886298271863693,24.0,1.0,hap1+TGFB_SMAD5,hap1+TGFB,SMAD5,False,True,4
hap1+TGFB_SMAD6,0.020093685,0.0028894844,6.954073,0.99332833,0.23837677,0.8373510834194658,0.21935670495638793,0.9948456482782643,0.9992755931436338,0.9955668437258302,2151,1566,0.5444100499153137,0.928928017616272,0.5860626697540283,,,,,,,,1.0,0.0,hap1+TGFB_SMAD6,hap1+TGFB,SMAD6,False,True,4
hap1+TGFB_SMAD7,0.022609646,0.0027979973,8.080653,0.99316204,0.19929188,0.8440469564237413,0.18490069398700157,0.9947077581583071,0.9992990704565603,0.9954054672580097,2086,1641,,,,,,,,,,,,,hap1+TGFB_SMAD7,hap1+TGFB,SMAD7,False,False,4
hap1+TGFB_SMAD9,0.02091041,0.0024130456,8.665567,0.9930686,0.2326768,0.8308133134494746,0.21884858908421284,0.994604121748227,0.9993887162825598,0.9952124789319915,2218,1524,,,,,,,,,,,,,hap1+TGFB_SMAD9,hap1+TGFB,SMAD9,False,False,4
hap1+TGFB_SMURF1,0.022346035,0.0023171906,9.643589,0.9927015,0.07006616,0.8432764906898368,0.1480911168647661,0.9943886985837403,0.9994134760950809,0.9949722736069425,2274,1655,1.30209219455719,1.1043757200241089,1.1790300607681274,,,,,,,,0.0,1.0,hap1+TGFB_SMURF1,hap1+TGFB,SMURF1,False,True,4
hap1+TGFB_SMURF2,0.021404102,0.0025413136,8.422456,0.9929164,0.13116407,0.8394526529218631,0.16473904859837635,0.9945416222072674,0.9993517917970671,0.9951867103963962,2136,1621,0.6379435658454895,0.624324381351471,1.021814227104187,1.0,-1.0,0.9999999999999999,-0.9999999999999999,0.99966791610574,0.9968906965710057,1.002785881686214,1.0,1.0,hap1+TGFB_SMURF2,hap1+TGFB,SMURF2,False,True,4
hap1+TGFB_SP1,0.022420848,0.010832529,2.0697706,0.99236345,0.29899824,0.8227772060146026,0.28106404180472017,0.9940219707457663,0.9976385185291374,0.9963748915902895,2237,1395,0.02563432604074478,0.07756897807121277,0.33047136664390564,0.7773604989051819,0.41058775782585144,0.7146153846153845,0.3476923076923077,0.9489217260258277,0.9727040381025318,0.9755503101199244,24.0,1.0,hap1+TGFB_SP1,hap1+TGFB,SP1,False,True,4
hap1+TGFB_TGFBR1,0.025268227,0.011790675,2.1430688,0.9916932,0.28918552,0.8214451001734923,0.2112051171997233,0.993534983856954,0.9969829692808175,0.9965415804180179,2287,1642,0.5565493106842041,0.7611602544784546,0.7311854362487793,0.626838743686676,0.6388853788375854,0.6784615384615386,0.6423076923076922,0.8581393017822805,0.7839668053767809,1.0946117818978978,19.0,6.0,hap1+TGFB_TGFBR1,hap1+TGFB,TGFBR1,False,True,4
hap1+TGFB_TGFBR2,0.018984353,0.0026362243,7.201342,0.99368286,0.3450181,0.8364329071369874,0.24167216270296812,0.9951263541025844,0.9993256929076826,0.9957978276402766,2266,1584,,,,,,,,,,,,,hap1+TGFB_TGFBR2,hap1+TGFB,TGFBR2,False,True,4
hap1+TGFB_TGFBR3,0.021040093,0.004606963,4.56702,0.9929412,0.25752372,0.8319088537564038,0.23572800329217286,0.9945076011494765,0.998883316622668,0.9956193927755382,2158,1503,1.1093251705169678,1.120798945426941,0.9897628426551819,,,,,,,,1.0,0.0,hap1+TGFB_TGFBR3,hap1+TGFB,TGFBR3,False,True,4
hap1+TGFB_TGIF1,0.020143058,0.005277385,3.8168635,0.99324286,0.3464505,0.8146587425483356,0.323217741712991,0.9947195916647681,0.9986978423576699,0.9960165622431804,2260,1392,0.04247061908245087,0.09536085277795792,0.4453674554824829,0.7571747303009033,0.33117616176605225,0.7619047619047621,0.2142857142857143,0.8910116447867961,0.9764004317613517,0.9125473686850785,7.0,1.0,hap1+TGFB_TGIF1,hap1+TGFB,TGIF1,False,True,4
ht29+IFNB_MAPK14,0.007966627,0.008090529,0.98468566,0.99741256,0.33874142,0.8239784322999009,0.3135075993247255,0.9979360363127606,0.9980684605439073,0.9998673194912155,2240,1340,0.11681171506643295,0.1875595599412918,0.622797966003418,0.7857657074928284,0.5586729645729065,0.9338461538461538,0.5661538461538461,0.8601552546695248,0.8384392088830229,1.0259005608950853,24.0,1.0,ht29+IFNB_MAPK14,ht29+IFNB,MAPK14,True,False,4
ht29+IFNG_CUL1,0.010702994,0.025297398,0.42308673,0.9961908,0.68439555,0.7444995513039171,0.6357233406776343,0.996924811529664,0.9948328761036228,1.002102800858607,2876,718,0.030323678627610207,0.12127291411161423,0.25004494190216064,0.5839627385139465,0.6170088052749634,0.5722553975073018,0.4907692307692308,0.8892668387668284,0.9189809573965697,0.9676662303058814,25.0,0.0,ht29+IFNG_CUL1,ht29+IFNG,CUL1,True,False,4
ht29+INS_FOXO1,0.0052859914,0.001120743,4.7165065,0.99824524,0.12705469,0.8589321863159272,0.15870788673329106,0.9986319240474031,0.9997078386715434,0.9989237709433487,2462,1870,0.011731721460819244,0.013078897260129452,0.8969962000846863,-0.24651402235031128,0.3236597180366516,-0.39999999999999997,0.6000000000000001,0.49076297398728097,0.43058497533956974,1.1397587052364133,3.0,1.0,ht29+INS_FOXO1,ht29+INS,FOXO1,True,False,4
ht29+TGFB_CUL1,0.031932924,0.06030762,0.52950066,0.99174,0.6290319,0.772862642079449,0.5887778277095262,0.9931697758579419,0.9890859626413011,1.0041288759227107,2762,723,0.135767862200737,0.3063197135925293,0.4432227313518524,0.5344225168228149,-0.0004593309131450951,0.5433904313902087,0.09384615384615384,0.8459369101077339,0.8718499022281435,0.9702781498808624,25.0,0.0,ht29+TGFB_CUL1,ht29+TGFB,CUL1,True,False,4
ht29+TGFB_MED15,0.017880626,0.012071173,1.4812667,0.9942821,0.11562446,0.8091501981279843,0.19711379989651234,0.9954648285923232,0.9969450357253928,0.9985152570302007,2182,1436,0.14287666976451874,0.1786821484565735,0.7996135354042053,0.7374150156974792,0.32667115330696106,0.7007692307692307,0.4653846153846154,0.7989942212461209,0.757631950259708,1.0545941482169994,21.0,4.0,ht29+TGFB_MED15,ht29+TGFB,MED15,True,False,4
ht29+TGFB_SMAD7,0.0070849913,0.003370333,2.1021636,0.99789643,0.18427673,0.8629392437057889,0.18271469313374644,0.9982240733794695,0.9991850670986921,0.9990382224966461,1947,1670,0.06624580919742584,0.08777068555355072,0.7547600865364075,0.9980578422546387,-0.8702234029769897,1.0,-0.39999999999999997,0.9970938089923077,0.9854048250000571,1.0118621136163504,3.0,1.0,ht29+TGFB_SMAD7,ht29+TGFB,SMAD7,True,False,4
ht29+TNFA_BIRC3,0.004054942,0.0014760265,2.7472014,0.99868387,0.197606,0.8334898959973764,0.2217186788208313,0.9989671892424938,0.9996281365428246,0.9993388068260898,2402,1634,0.8116413950920105,1.1021710634231567,0.7364023923873901,1.0,1.0,0.9999999999999999,0.9999999999999999,0.9999840838201645,0.9994826229484969,1.0005017204503148,2.0,0.0,ht29+TNFA_BIRC3,ht29+TNFA,BIRC3,True,False,4
ht29+TNFA_CSF1,0.004116693,0.0020222564,2.035693,0.9986547,0.2498008,0.8291443872055828,0.2407698005318158,0.9989473325977957,0.9995074023627712,0.9994396542100122,2396,1588,0.005264030769467354,0.010730705223977566,0.4905577600002289,0.6732321977615356,0.21976962685585022,0.5311779864946344,0.16846153846153847,0.8849179030730405,0.9430145891293055,0.9383925903946977,23.0,2.0,ht29+TNFA_CSF1,ht29+TNFA,CSF1,True,False,4
ht29+TNFA_FADD,0.0097007835,0.0054783737,1.7707415,0.99690485,0.17272441,0.7908454027753032,0.2596287294594288,0.997504892306904,0.9986321762991864,0.998871171969984,2434,1567,0.34205207228660583,0.27063998579978943,1.2638638019561768,0.7502889633178711,-0.6185465455055237,0.5830769230769232,-0.12615384615384617,0.7983349536964988,0.8500917236388501,0.9391162523959127,18.0,7.0,ht29+TNFA_FADD,ht29+TNFA,FADD,True,False,4
ht29+TNFA_MAPK14,0.0070966324,0.00542939,1.3070773,0.9976864,0.19328414,0.8516752137261087,0.19673093909447714,0.9981983231365477,0.9986236175891113,0.9995741193728319,2300,1705,0.030317557975649834,0.03476421907544136,0.8720908761024475,0.8657488226890564,0.35621845722198486,0.551304347826087,0.3026086956521739,0.7769647110121457,0.7039119175128505,1.1037811573888596,19.0,5.0,ht29+TNFA_MAPK14,ht29+TNFA,MAPK14,True,False,4
k562+IFNG_CUL1,0.03499459,0.13591178,0.2574802,0.9855076,0.8372697,0.7044307205254341,0.7922605209293441,0.9878883019002982,0.9767445794396278,1.011409044590822,2868,389,0.15483534336090088,0.7854355573654175,0.19713309407234192,0.8879738450050354,0.5777244567871094,0.5578443392228907,0.5930769230769232,0.9462203652236497,0.9121823676658405,1.037314904085362,25.0,0.0,k562+IFNG_CUL1,k562+IFNG,CUL1,True,False,4
k562+INS_FOXO1,0.007873229,0.0049039954,1.6054723,0.997138,0.36234388,0.877930810335613,0.3157595702135952,0.9977718422814534,0.998573411697158,0.9991972854410952,2542,1598,0.04771772772073746,0.0796326994895935,0.5992227792739868,0.48565682768821716,0.7375978231430054,0.2833333333333333,0.7666666666666667,0.7922905948935158,0.5495916799917577,1.4415985971719911,6.0,3.0,k562+INS_FOXO1,k562+INS,FOXO1,True,False,4
k562+INS_POLR2G,0.04056071,0.073424034,0.55241734,0.9867264,0.60335463,0.8133528185571888,0.6058564883272014,0.9887851203475229,0.9842693457583849,1.004587945981045,2899,966,0.3199085593223572,0.618781328201294,0.516997754573822,0.9530981183052063,0.5134430527687073,0.5697231801490655,0.5084615384615384,0.9250254608942627,0.8731893280256587,1.0593641392592477,25.0,0.0,k562+INS_POLR2G,k562+INS,POLR2G,True,False,4
k562+TGFB_CUL1,0.08912467,0.26225308,0.33984223,0.9643424,0.83989334,0.6994216933888348,0.8012678539291933,0.9692977914849197,0.9490287176840194,1.021357703326791,2660,262,1.3493460416793823,3.260903835296631,0.4137951135635376,0.892876386642456,0.3895479738712311,0.8156984058966679,0.24923076923076923,0.9251506424882456,0.8817843390120946,1.049180169750731,25.0,0.0,k562+TGFB_CUL1,k562+TGFB,CUL1,True,False,4
k562+TGFB_MED15,0.024580007,0.06387847,0.3847933,0.9903985,0.735405,0.7688364464139824,0.6601910766207462,0.9920816618819167,0.9866963240517993,1.0054579486097637,2496,592,0.30932101607322693,0.8672299981117249,0.35667702555656433,0.9215842485427856,0.5301726460456848,0.8953846153846154,0.4946153846153846,0.9579564058457758,0.9370909134518306,1.022266241294653,24.0,1.0,k562+TGFB_MED15,k562+TGFB,MED15,True,False,4
k562+TGFB_PRKCA,0.014568816,0.007050547,2.0663385,0.995775,0.4310789,0.8106322379469805,0.36397284434420485,0.9966074836188885,0.9979019886411511,0.9987027733815569,2221,1040,,,,,,,,,,,,,k562+TGFB_PRKCA,k562+TGFB,PRKCA,True,False,4
k562+TGFB_SMAD7,0.019179603,0.016617132,1.1542065,0.9949082,0.3613934,0.8438339509139833,0.27291625159262306,0.9954055709650134,0.995617541950102,0.9997870959719397,1789,1371,,,,,,,,,,,,,k562+TGFB_SMAD7,k562+TGFB,SMAD7,True,False,4
k562+TGFB_SMAD9,0.012079428,0.006406053,1.8856273,0.99583316,0.38221473,0.8203049104850096,0.3282998114430731,0.9966938925203098,0.9980850117128873,0.9986062117191901,2141,1129,,,,,,,,,,,,,k562+TGFB_SMAD9,k562+TGFB,SMAD9,True,False,4
mcf7+IFNB_MAPK14,0.0049986164,0.0048915367,1.0218909,0.99831086,0.3879705,0.8386893331217221,0.3530485709229496,0.998659918849346,0.9987840990039156,0.9998756686708434,2466,1492,0.013167722150683403,0.03040475770831108,0.4330809712409973,0.8025930523872375,0.5640941262245178,0.7638461538461538,0.5830769230769232,0.9500831361050687,0.9712705627463457,0.9781858655518522,24.0,1.0,mcf7+IFNB_MAPK14,mcf7+IFNB,MAPK14,True,False,4
mcf7+IFNG_CUL1,0.021021657,0.00854422,2.4603367,0.99422276,0.097111955,0.7315503792723137,0.16129594271573933,0.9951433800402721,0.997744377139058,0.997393122769337,2122,1507,0.8672189712524414,0.5657768845558167,1.5327931642532349,0.8245112299919128,-0.3275372087955475,0.8060606060606059,-0.34545454545454546,0.90990450739671,0.9281144159224071,0.9803796727932524,5.0,5.0,mcf7+IFNG_CUL1,mcf7+IFNG,CUL1,True,False,4
mcf7+TGFB_CUL1,0.027729739,0.010665103,2.6000443,0.99403,0.4575383,0.6720280399124781,0.37077359735897963,0.9948822955913843,0.9972101929450043,0.9976655900931526,2084,1009,0.14505910873413086,0.8982142806053162,0.16149722039699554,0.912291944026947,0.2615036964416504,1.0,0.5,0.9936711844570063,0.9871696244441276,1.006586061657377,3.0,0.0,mcf7+TGFB_CUL1,mcf7+TGFB,CUL1,True,False,4
mcf7+TGFB_MAPK14,0.0074408953,0.006508165,1.143317,0.9974314,0.5007484,0.7997788671972682,0.42496428934714314,0.9979412832108595,0.9982129964513164,0.9997278003377807,2213,924,,,,,,,,,,,,,mcf7+TGFB_MAPK14,mcf7+TGFB,MAPK14,True,False,4
mcf7+TGFB_MED15,0.0149254305,0.019359356,0.7709673,0.99457866,0.5504294,0.7463322473136957,0.46734370469882136,0.9956120263383016,0.9952957445556468,1.0003177766853568,2179,815,0.06145169585943222,0.25374603271484375,0.24217796325683594,1.0,1.0,0.9999999999999999,0.9999999999999999,0.833390798650525,0.8916612231510759,0.9346495922581148,2.0,0.0,mcf7+TGFB_MED15,mcf7+TGFB,MED15,True,False,4
mcf7+TGFB_SMAD7,0.015976159,0.012774031,1.2506748,0.9958116,0.34143317,0.8143680595145778,0.2873705360906795,0.9962447065039433,0.9969237548378761,0.9993188563010585,1750,1273,0.9358214139938354,1.1444534063339233,0.8177016377449036,,,,,,,,1.0,0.0,mcf7+TGFB_SMAD7,mcf7+TGFB,SMAD7,True,False,4
mcf7+TNFA_BIRC3,0.004684608,0.006139624,0.7630122,0.99837476,0.55836475,0.8363915651587505,0.40197885474828216,0.9987233492893619,0.998400644323673,1.0003232219124893,2523,1332,0.10090763866901398,0.3406084477901459,0.29625701904296875,0.9139459729194641,0.4680144786834717,0.953076923076923,0.7376923076923076,0.9672641658502492,0.9724899464837499,0.9946263910980307,25.0,0.0,mcf7+TNFA_BIRC3,mcf7+TNFA,BIRC3,True,False,4
mcf7+TNFA_CSF1,0.0043610856,0.005955267,0.7323073,0.9985314,0.59115905,0.8293993007134832,0.4312595896064497,0.9988451566259885,0.9984501907477122,1.0003955789501933,2520,1317,0.03059341013431549,0.222516268491745,0.13748842477798462,0.9528418183326721,0.9388577938079834,0.9115384615384616,0.91,0.9743088371757825,0.9623265211310014,1.0124514037404877,25.0,0.0,mcf7+TNFA_CSF1,mcf7+TNFA,CSF1,True,False,4
mcf7+TNFA_IKBKE,0.010925273,0.00469825,2.325392,0.9964755,0.07777025,0.8197200027838778,0.228657135805579,0.9971597455939408,0.9987460232583691,0.9984117306827884,2359,1525,0.011791120283305645,0.024599408730864525,0.4793253540992737,0.8612975478172302,-0.26561158895492554,0.8214285714285715,-0.10714285714285716,0.9685564503270659,0.952834719553977,1.0164999558165222,7.0,0.0,mcf7+TNFA_IKBKE,mcf7+TNFA,IKBKE,True,False,4
mcf7+TNFA_MAPK14,0.0048856284,0.002409114,2.0279772,0.9983068,0.2473523,0.8558442382469804,0.22950482017629734,0.9986865957027757,0.9993625127021506,0.9993236518372625,2272,1636,,,,,,,,,,,,,mcf7+TNFA_MAPK14,mcf7+TNFA,MAPK14,True,False,4
mcf7+TNFA_TRAF2,0.0044069868,0.0033797608,1.3039346,0.99846864,0.44196784,0.8527616876482943,0.3614314527513909,0.9988048260784294,0.9991233513967659,0.9996811952018825,2419,1447,0.009204206988215446,0.022135140374302864,0.4158187806606293,1.0,1.0,0.9999999999999999,0.9999999999999999,0.950818803500078,0.9796342317171485,0.9705855233676742,2.0,0.0,mcf7+TNFA_TRAF2,mcf7+TNFA,TRAF2,True,False,4
a549+IFNB_DRAP1,0.02333194,0.008820386,2.645229,0.9948465,0.35531738,0.7493153171430561,0.3131197682245094,0.9958182489654183,0.9980184819650808,0.9977953985427902,2225,1222,0.027686329558491707,0.3097519278526306,0.08938226848840714,0.9996973276138306,0.9910203814506531,1.0,0.7999999999999999,0.9995625827532412,0.9951880955217813,1.0043956386246424,4.0,0.0,a549+IFNB_DRAP1,a549+IFNB,DRAP1,True,False,5
a549+IFNB_H1F0,0.045033727,0.00587724,7.6623936,0.9930801,0.44399887,0.6845920940087468,0.35946529959042006,0.9939567049988168,0.9987326676590286,0.995217976927293,2281,1136,,,,,,,,,,,,,a549+IFNB_H1F0,a549+IFNB,H1F0,True,False,5
a549+IFNB_IFNAR1,0.010394544,0.015475376,0.67168283,0.99690264,0.63590825,0.8048333698393536,0.4847277106998874,0.9976219226035881,0.9965786120779131,1.0010468923505187,2408,997,0.04904751479625702,0.31327885389328003,0.15656183660030365,0.9081907868385315,0.8560203909873962,0.9428571428571428,0.819548872180451,0.9641014670536572,0.917350965261227,1.0509625035158898,20.0,0.0,a549+IFNB_IFNAR1,a549+IFNB,IFNAR1,True,False,5
a549+IFNB_USP18,0.032789845,0.035388853,0.92655855,0.9899196,0.3152243,0.8081147933274242,0.4190622228842131,0.9922127453268395,0.9921720521712452,1.0000410142127116,2399,975,1.3068002462387085,1.1805226802825928,1.1069674491882324,0.2534259259700775,0.288390189409256,0.2676923076923077,0.30769230769230765,0.8009019903662098,0.8086124612921093,0.9904645657901702,12.0,13.0,a549+IFNB_USP18,a549+IFNB,USP18,True,False,5
a549+TGFB_CHUK,0.008269884,0.0098116305,0.8428654,0.99748814,0.46537614,0.8309085895682783,0.5024638256392582,0.9979931958565997,0.9979508702157989,1.0000424125496195,2503,999,0.04863901063799858,0.1132090836763382,0.4296387732028961,0.9060134887695312,0.5541495680809021,0.8897865138628299,0.40307692307692305,0.9715817621921577,0.9709108033490361,1.000691061260012,24.0,1.0,a549+TGFB_CHUK,a549+TGFB,CHUK,True,False,5
a549+TGFB_SMAD5,0.019862734,0.016721176,1.187879,0.9952767,0.18561845,0.8490664319712848,0.25801209455058655,0.9957624618759973,0.9967874558231274,0.9989717026020519,1922,1535,0.1240682378411293,0.14691896736621857,0.8444671034812927,0.7117651104927063,0.4040558338165283,0.666923076923077,0.39538461538461533,0.9428998848267133,0.9573673555358625,0.9848882765581124,15.0,10.0,a549+TGFB_SMAD5,a549+TGFB,SMAD5,True,False,5
a549+TNFA_CHUK,0.015175299,0.019421177,0.7813789,0.99523944,0.43194702,0.8203039418569421,0.46675555584966305,0.9963017596626267,0.9958447795163508,1.0004588869226165,2419,1076,0.1876840740442276,0.37249645590782166,0.5038546323776245,0.989494264125824,0.5718697309494019,0.913076923076923,0.5515384615384615,0.9860271353487248,0.9645112555918606,1.0223075465756606,25.0,0.0,a549+TNFA_CHUK,a549+TNFA,CHUK,True,False,5
a549+TNFA_MTOR,0.011164507,0.011732327,0.9516021,0.99693036,0.38238835,0.8397291692038888,0.4113951141174277,0.9974721581965941,0.9975247629277318,0.9999472647365832,2241,1283,0.04951544851064682,0.09155067801475525,0.5408529043197632,0.9705289006233215,0.34745994210243225,0.9259473146856166,0.30769230769230765,0.9697964303656903,0.9595756429863305,1.0106513618327695,24.0,1.0,a549+TNFA_MTOR,a549+TNFA,MTOR,True,False,5
bxpc3+IFNB_H1F0,0.030007394,0.0054532173,5.5026956,0.99510276,0.43431962,0.7842029862763717,0.36001636970365386,0.9957214359054806,0.9988015377415275,0.9969162023488555,2636,1458,0.0846947580575943,0.22488945722579956,0.37660616636276245,0.2043142318725586,0.7913689017295837,0.5392156862745099,0.8210784313725491,0.44955569743153045,0.20433036213182465,2.20014144124845,17.0,0.0,bxpc3+IFNB_H1F0,bxpc3+IFNB,H1F0,True,False,5
bxpc3+IFNB_NFE2L3,0.009402364,0.0058348877,1.6114044,0.9979981,0.40456313,0.866699485916971,0.3073742732662934,0.998460944149402,0.9986908186007942,0.9997698242067407,2562,1538,0.02589375525712967,0.16509754955768585,0.15683913230895996,0.39606350660324097,0.8722292184829712,0.8087719298245614,0.9122807017543859,0.7222335962691341,0.574362875412599,1.2574517385900172,18.0,1.0,bxpc3+IFNB_NFE2L3,bxpc3+IFNB,NFE2L3,True,False,5
bxpc3+IFNB_USP18,0.038767606,0.03130619,1.2383368,0.9884302,-0.09867951,0.8894068094868303,0.0876388122981111,0.9913696047837574,0.9928207785175823,0.9985383326324094,2329,1796,1.5514695644378662,1.3424350023269653,1.1557129621505737,0.8231877684593201,0.10746419429779053,0.8707692307692307,-0.43538461538461537,0.9280116821153218,0.9289120949651384,0.99903068023907,11.0,14.0,bxpc3+IFNB_USP18,bxpc3+IFNB,USP18,True,False,5
bxpc3+INS_CHUK,0.010844051,0.008815369,1.2301302,0.99656236,0.28043064,0.8656971662100014,0.25521412121619547,0.9973810740043114,0.9979412627334748,0.999438655610222,2531,1740,0.5065330862998962,0.5241492390632629,0.9663909673690796,0.3939242959022522,0.20731261372566223,0.5543373828259135,0.10692307692307691,0.5576361959720083,0.567593692995625,0.9824566461070711,18.0,7.0,bxpc3+INS_CHUK,bxpc3+INS,CHUK,True,False,5
bxpc3+INS_GRB10,0.02619237,0.004580601,5.7181077,0.9953134,0.20277025,0.7838574685949742,0.11997293339517417,0.9960201425275926,0.9989097328907921,0.9971072557729144,2467,2002,0.8138971924781799,0.935441792011261,0.8700671792030334,0.6801365613937378,0.3357914686203003,0.7714285714285715,0.3142857142857143,0.8132055795543757,0.8192650073278916,0.9926038245020627,4.0,2.0,bxpc3+INS_GRB10,bxpc3+INS,GRB10,True,False,5
bxpc3+INS_SHC1,0.011611728,0.006200818,1.8726124,0.997069,0.2423455,0.858927656513704,0.15689553472501241,0.9977736303309866,0.9985233124422712,0.9992492092052905,2425,1915,0.13402068614959717,0.16501790285110474,0.812158465385437,0.7475162744522095,0.566748857498169,0.8576923076923076,0.5115384615384615,0.8093045486713936,0.758638176146663,1.0667859516140874,20.0,5.0,bxpc3+INS_SHC1,bxpc3+INS,SHC1,True,False,5
bxpc3+INS_TAF7,0.008123512,0.0036876327,2.202907,0.99784505,0.3138279,0.8683918322355973,0.23751359474632824,0.9983553271473917,0.9991257039004425,0.9992289491201723,2563,1813,0.10256945341825485,0.14714185893535614,0.6970787048339844,0.6816681027412415,0.37724238634109497,0.6911764705882353,0.45,0.7869138476536505,0.7906000104884149,0.9953375122870449,13.0,3.0,bxpc3+INS_TAF7,bxpc3+INS,TAF7,True,False,5
bxpc3+INS_TAF8,0.027365915,0.034500565,0.7932019,0.9928427,0.3996495,0.8446269340873045,0.3843490079941007,0.9943943502088181,0.9929536546805093,1.0014509192060654,2755,1475,0.23897328972816467,0.40810126066207886,0.5855734944343567,0.6791880130767822,0.7114496827125549,0.7837896259190158,0.6523076923076921,0.737035956881793,0.6356914310466792,1.159424086727499,22.0,3.0,bxpc3+INS_TAF8,bxpc3+INS,TAF8,True,False,5
bxpc3+TGFB_CHUK,0.02125816,0.0322297,0.659583,0.99299395,0.5136899,0.8129640648852677,0.4401407421883315,0.9944448658159839,0.9929560222669405,1.001499405326778,2375,973,0.28284570574760437,0.5636795163154602,0.50178462266922,0.976392924785614,0.48872771859169006,0.8945693779797506,0.4584615384615385,0.9664304651184245,0.9577020464958613,1.0091139187333884,22.0,3.0,bxpc3+TGFB_CHUK,bxpc3+TGFB,CHUK,True,False,5
hap1+INS_CHUK,0.0085221175,0.0020333943,4.1910796,0.99721164,0.22400998,0.8428235158798613,0.22860446217186514,0.9978260474193396,0.9994962468513167,0.9983289587757446,2394,1629,0.08407701551914215,0.08017664402723312,1.0486472845077515,0.9756418466567993,0.07991289347410202,0.28571428571428575,0.5714285714285715,0.8752161108350932,0.7647714266910939,1.14441528578265,6.0,1.0,hap1+INS_CHUK,hap1+INS,CHUK,True,False,5
hap1+INS_SHC1,0.010270695,0.0032769875,3.1341882,0.9973986,0.36237,0.835612588709937,0.2941791955700261,0.997967224616865,0.9992071406823165,0.9987591000754811,2483,1489,0.006086715497076511,0.019824068993330002,0.3070366382598877,0.8081132173538208,0.6707247495651245,0.5521354775762822,0.49615384615384617,0.9181042001524881,0.9675801206862057,0.9488663321249,25.0,0.0,hap1+INS_SHC1,hap1+INS,SHC1,True,False,5
hap1+INS_TAF7,0.016950307,0.001954247,8.673574,0.9965417,0.23247117,0.8133542849019317,0.20948006273947115,0.9971706183584317,0.9995110984970847,0.9976583750373834,2406,1642,0.0077772848308086395,0.017840592190623283,0.4359319806098938,0.8310760855674744,0.3884950280189514,1.0,0.5,0.8996403913743855,0.8988029389912517,1.000931741927851,3.0,0.0,hap1+INS_TAF7,hap1+INS,TAF7,True,False,5
hap1+INS_TAF8,0.016272675,0.019204218,0.84734905,0.9948343,0.5313793,0.7979860357694225,0.5195703099218059,0.9958960572600022,0.9957747290339339,1.0001218430459526,2836,1067,0.034215208142995834,0.08344551175832748,0.4100305438041687,0.5569737553596497,-0.05604320019483566,0.4839035826399556,-0.04230769230769231,0.8664394918064233,0.91719559893315,0.9446616324960954,24.0,1.0,hap1+INS_TAF8,hap1+INS,TAF8,True,False,5
hap1+TGFB_SMAD5,0.01842123,0.018512243,0.99508363,0.99485576,0.27987403,0.8459320283558309,0.272035523366148,0.9954120442652353,0.9959413315297243,0.99946855577961,2086,1495,0.09186556190252304,0.12247440218925476,0.7500796914100647,0.7622368931770325,0.30685827136039734,0.7788068406479844,0.21615384615384614,0.8930742427163958,0.90388779991412,0.9880366156078756,19.0,6.0,hap1+TGFB_SMAD5,hap1+TGFB,SMAD5,True,False,5
ht29+IFNB_DRAP1,0.012391003,0.005162587,2.4001539,0.99635524,0.28292674,0.7544642988225096,0.294604315488663,0.9969929339683338,0.9987116565377451,0.9982790602691375,2298,1347,0.062081679701805115,0.07008528709411621,0.8858019113540649,0.4903162717819214,0.06398218870162964,0.7762237762237763,0.4265734265734266,0.689746753439069,0.6722037347654954,1.0260977703131828,10.0,2.0,ht29+IFNB_DRAP1,ht29+IFNB,DRAP1,True,False,5
ht29+IFNB_IFNAR1,0.0065566255,0.01568766,0.41794798,0.9978387,0.75790703,0.8182196150261304,0.43156303910720073,0.9983062222276563,0.9960769824636173,1.0022380195539962,2471,1215,0.1644303947687149,1.1801042556762695,0.1393354833126068,0.9908490180969238,0.09623846411705017,0.9907692307692307,0.2376923076923077,0.999091955550743,0.9966306167072922,1.0024696600748457,25.0,0.0,ht29+IFNB_IFNAR1,ht29+IFNB,IFNAR1,True,False,5
ht29+IFNB_NFE2L3,0.0053602187,0.0028036903,1.9118441,0.99834037,0.40171963,0.7999525489866942,0.3470584911890833,0.9986781980493618,0.9993079923985364,0.999369769526547,2377,1288,,,,,,,,,,,,,ht29+IFNB_NFE2L3,ht29+IFNB,NFE2L3,True,False,5
ht29+IFNB_USP18,0.019754248,0.016674338,1.1847095,0.993527,0.07115333,0.81020792697638,0.2867549786951644,0.994922331140388,0.995778047635924,0.9991406553924667,2325,1343,0.9894530773162842,0.8419433832168579,1.175201416015625,0.8493379354476929,-0.11506559699773788,0.8561538461538462,0.004615384615384616,0.9317964773006012,0.9305200076478337,1.0013717809851226,13.0,12.0,ht29+IFNB_USP18,ht29+IFNB,USP18,True,False,5
ht29+INS_CHUK,0.016483989,0.0019184921,8.592158,0.99451673,0.0666857,0.8153561679212151,0.11341411909011395,0.9957113768759377,0.9995082268219494,0.9962012819463385,2280,1961,0.031692806631326675,0.019710849970579147,1.6078863143920898,0.3414357900619507,-0.1825142353773117,0.7546153846153847,-0.21307692307692308,0.48387679290038665,0.6129956823139932,0.7893641127679782,21.0,4.0,ht29+INS_CHUK,ht29+INS,CHUK,False,False,5
ht29+INS_COPS4,0.016305622,0.002587514,6.3016553,0.99451333,0.19696015,0.7827764551604012,0.18984697516256174,0.9956569247428354,0.9993582300414321,0.9962963177894245,2424,1778,0.01887618377804756,0.029663855209946632,0.6363361477851868,-0.17230795323848724,0.3766339421272278,0.0015387574818207174,0.4669230769230769,0.3550114226535195,0.4019762448237644,0.8831651800945717,19.0,6.0,ht29+INS_COPS4,ht29+INS,COPS4,False,True,5
ht29+INS_DR1,0.016530463,0.004069484,4.062054,0.99447024,0.22017707,0.7902544093914622,0.18142751497146903,0.9956239912323736,0.9989481205117529,0.9966723704553582,2369,1832,0.02325562760233879,0.04403606429696083,0.5281041264533997,0.7461917400360107,0.6943220496177673,0.6751298451488398,0.28538461538461535,0.7798284142780776,0.5923919558292591,1.3164061506987141,19.0,6.0,ht29+INS_DR1,ht29+INS,DR1,False,True,5
ht29+INS_EIF2B1,0.014885716,0.0019865725,7.493165,0.99502623,0.16980992,0.8168800519819982,0.1495738117392836,0.9961103141929086,0.9994879084980552,0.9966206751713264,2296,1932,0.016211770474910736,0.01917410083115101,0.845503568649292,0.7636755108833313,0.5174261927604675,0.4511163769360228,-0.12230769230769231,0.7601451632770567,0.6461405046740555,1.1764394242093068,14.0,11.0,ht29+INS_EIF2B1,ht29+INS,EIF2B1,False,True,5
ht29+INS_ELK1,0.014736331,0.00096079655,15.337619,0.9950904,0.19725819,0.8314307658380512,0.10890140272817606,0.9961629221898847,0.9997495952214263,0.9964124286234423,2270,2062,0.003490261035040021,0.0060789636336266994,0.5741539597511292,0.4988478720188141,0.5176873207092285,0.5,0.5,0.898826950333916,0.955246288916619,0.9409373904538375,2.0,1.0,ht29+INS_ELK1,ht29+INS,ELK1,False,True,5
ht29+INS_FOS,0.015080614,0.0010697962,14.096717,0.99496096,0.105393484,0.82053346415254,0.09183845167982452,0.9960665710066317,0.9997259621390503,0.9963396057809794,2236,2050,,,,,,,,,,,,,ht29+INS_FOS,ht29+INS,FOS,False,True,5
ht29+INS_FOXM1,0.014813509,0.0019267937,7.6881657,0.9950108,0.16849108,0.8085997789176316,0.17493571057833776,0.9960917325763724,0.9995148505291108,0.9965752205173076,2382,1855,0.005892258137464523,0.008967739529907703,0.6570505499839783,0.7049820423126221,0.3831532299518585,0.5583053197432989,0.19,0.8470683014626579,0.9305010809632619,0.9103356447321547,18.0,7.0,ht29+INS_FOXM1,ht29+INS,FOXM1,False,True,5
ht29+INS_FOXO1,0.01533226,0.001120743,13.680443,0.99486256,0.075390756,0.8187206839715067,0.09628808482973099,0.9960021263815042,0.9997078386715434,0.9962932047277296,2299,2033,0.024774597957730293,0.013078897260129452,1.8942421674728394,-0.8087772727012634,-0.9404908418655396,-0.39999999999999997,-0.39999999999999997,-0.013075852977479485,0.43058497533956974,-0.03036764802851644,1.0,3.0,ht29+INS_FOXO1,ht29+INS,FOXO1,False,True,5
ht29+INS_FOXO3,0.015203373,0.0014448295,10.522607,0.9949426,0.106202014,0.8203722493155671,0.10830457231322493,0.996059560799057,0.9996231814157404,0.9964350360386438,2304,2011,0.003140445565804839,0.004564619157463312,0.6879972815513611,0.5763331055641174,0.5230761170387268,0.7999999999999999,0.39999999999999997,0.8720230992536231,0.973436732361056,0.8958189785365345,3.0,1.0,ht29+INS_FOXO3,ht29+INS,FOXO3,False,True,5
ht29+INS_FOXO4,0.019043319,0.005810317,3.2775009,0.993582,0.29900518,0.7539846897666311,0.2872649936472535,0.9948503378589535,0.9986191688525712,0.9962259576912106,2631,1540,0.01615019515156746,0.024718794971704483,0.6533569097518921,0.14054104685783386,0.18543803691864014,0.051943058866061396,0.06846153846153846,0.6613957068016169,0.9163520950363948,0.7217702784597749,20.0,5.0,ht29+INS_FOXO4,ht29+INS,FOXO4,False,True,5
ht29+INS_GRB2,0.01434787,0.0009702983,14.787071,0.9952008,0.19934216,0.8263845772635802,0.16526679110017076,0.9962582319160649,0.9997466965738487,0.9965106514782806,2401,1935,0.0067815836519002914,0.006025837734341621,1.1254175901412964,-1.0,-1.0,-0.9999999999999999,-0.9999999999999999,0.8981061568586668,0.9910321446113983,0.9062331244672498,1.0,1.0,ht29+INS_GRB2,ht29+INS,GRB2,False,True,5
ht29+INS_GRB10,0.020971863,0.0009279563,22.600054,0.9934608,0.08789501,0.7398391509382257,0.09317111000924626,0.9946086138516864,0.9997584292318391,0.9948489402743925,2350,2013,0.5230305194854736,0.44768956303596497,1.1682883501052856,1.0,-1.0,0.9999999999999999,-0.9999999999999999,0.9997785144911918,0.9997740044224466,1.0000045110882312,0.0,2.0,ht29+INS_GRB10,ht29+INS,GRB10,False,False,5
ht29+INS_HSF1,0.015470758,0.0011532733,13.414651,0.9948855,0.07668474,0.8254245139717268,0.0785803715344989,0.9960075152317283,0.9996999646078905,0.9963064424258428,2250,2041,0.00329828099347651,0.006671656388789415,0.4943721294403076,,,,,,,,1.0,0.0,ht29+INS_HSF1,ht29+INS,HSF1,False,True,5
ht29+INS_IGF2,0.015090835,0.00061103713,24.697084,0.9949509,0.08284354,0.8223438943002621,0.09419565846088301,0.9960691013769624,0.9998405323823698,0.9962279674775526,2336,2086,,,,,,,,,,,,,ht29+INS_IGF2,ht29+INS,IGF2,False,True,5
ht29+INS_IKBKB,0.018922172,0.003285418,5.7594414,0.993828,0.22695327,0.7625463595836642,0.21538080187146488,0.9950470620806423,0.999204832615965,0.9958389207101436,2542,1651,0.009806547313928604,0.0200421791523695,0.48929545283317566,0.45746052265167236,0.15027087926864624,0.43105835189583536,0.11923076923076922,0.8035941771449752,0.9185707773718809,0.8748309841122262,23.0,2.0,ht29+INS_IKBKB,ht29+INS,IKBKB,False,True,5
ht29+INS_INSR,0.015113728,0.00088356656,17.105364,0.99495083,0.10248942,0.8174646054250923,0.09135971962919262,0.9960560550730435,0.999772053885367,0.99628315394706,2260,2046,,,,,,,,,,,,,ht29+INS_INSR,ht29+INS,INSR,False,True,5
ht29+INS_IRS1,0.013209228,0.0024726163,5.342207,0.99561346,0.33980334,0.822897031834356,0.24129164427143915,0.9965873139131611,0.9993563846312798,0.9972291459176094,2411,1869,0.027241315692663193,0.030458321794867516,0.8943800330162048,0.7546981573104858,0.367966890335083,0.7921695730626068,0.12030075187969923,0.7967217180958662,0.7386911964283092,1.0785585667571835,17.0,3.0,ht29+INS_IRS1,ht29+INS,IRS1,False,True,5
ht29+INS_IRS2,0.014276815,0.00059965556,23.80836,0.9952336,0.21643034,0.8226403650049491,0.1753565773925733,0.9962915410829302,0.9998439722097371,0.9964470145087181,2476,1950,,,,,,,,,,,,,ht29+INS_IRS2,ht29+INS,IRS2,False,True,5
ht29+INS_IRS4,0.01581072,0.001437346,10.999941,0.9947343,0.049836762,0.8140876093345532,0.057122180475706594,0.995888713055914,0.9996309139996032,0.9962564173523641,2236,2054,0.023487519472837448,0.03162653371691704,0.7426523566246033,0.4085732102394104,0.5201323628425598,0.6484848484848483,0.6848484848484848,0.5594324445335953,0.3118438453178116,1.7939505715222854,8.0,2.0,ht29+INS_IRS4,ht29+INS,IRS4,False,True,5
ht29+INS_MAPK1,0.01851703,0.006020816,3.0755017,0.9937283,0.1109222,0.8239975506478476,0.10700311641762585,0.9950718477552761,0.9984950670642437,0.9965716212108764,2238,1945,0.1504219025373459,0.10874240845441818,1.383286476135254,0.8616275787353516,-0.36497125029563904,0.4823076923076923,0.1276923076923077,0.8037676967234468,0.8563286422886741,0.9386205914767141,14.0,11.0,ht29+INS_MAPK1,ht29+INS,MAPK1,False,True,5
ht29+INS_MAPK3,0.014504815,0.0012710731,11.411472,0.9951434,0.20274167,0.8291814618300852,0.15126210570980558,0.9962191961981548,0.9996681084674495,0.9965499426858959,2373,1967,0.04545963928103447,0.06531807035207748,0.6959733963012695,0.9297778606414795,0.7584149241447449,0.7380952380952381,0.8571428571428572,0.9624397369090463,0.9049283064912587,1.0635535765709228,8.0,0.0,ht29+INS_MAPK3,ht29+INS,MAPK3,False,True,5
ht29+INS_MTOR,0.01984866,0.004738416,4.188881,0.99381614,0.094097696,0.8308645954542303,0.08502879934430425,0.9949344065285334,0.9988297695475037,0.9961000731678883,2105,2079,0.03504923731088638,0.02495005913078785,1.4047757387161255,0.3517054319381714,0.14243373274803162,0.4133950416632155,-0.05846153846153846,0.8063869424254466,0.795793831071496,1.0133113765655704,12.0,13.0,ht29+INS_MTOR,ht29+INS,MTOR,False,False,5
ht29+INS_PIK3CA,0.014324506,0.002106319,6.8007298,0.99521405,0.2556591,0.8141198844094699,0.20476157641698697,0.9962583921871612,0.9994520360379358,0.9968046051880238,2334,1887,0.0048137386329472065,0.00632843840867281,0.7606518864631653,0.6430818438529968,0.03150048851966858,0.5076592840852502,0.09384615384615384,0.8787028366122015,0.9358348251706666,0.9389507774002255,19.0,6.0,ht29+INS_PIK3CA,ht29+INS,PIK3CA,False,True,5
ht29+INS_POLR2G,0.032232024,0.05065915,0.63625276,0.9874355,0.5578588,0.7170101762898595,0.5509777098986273,0.9897661013642675,0.9901669875110528,0.9995951327888712,3027,1090,0.018021365627646446,0.09405753016471863,0.19159939885139465,-0.4078289866447449,0.6071649193763733,-0.3396831102433787,0.5761538461538462,-0.11667632312715726,0.02557814246079937,-4.5615635813262605,24.0,1.0,ht29+INS_POLR2G,ht29+INS,POLR2G,False,True,5
ht29+INS_POLR2L,0.023659311,0.02680101,0.88277686,0.99127936,0.48309973,0.7459612726571715,0.4343897414095534,0.9929769473999069,0.9945496830425467,0.9984186454739713,2821,1325,0.03599822521209717,0.06777860969305038,0.5311148166656494,-0.1314917504787445,0.12090139836072922,-0.06658085680082922,0.09846153846153846,0.4488532426704991,0.4991154501059516,0.8992974322378061,19.0,6.0,ht29+INS_POLR2L,ht29+INS,POLR2L,False,True,5
ht29+INS_PTEN,0.018777398,0.0027217118,6.8991137,0.99371326,-0.10259289,0.8178765649659587,-0.024452357474835033,0.9951065818269077,0.9992896511476689,0.9958139571284892,2300,2211,0.672164261341095,0.7864125967025757,0.8547221422195435,0.9979344010353088,0.9469133615493774,0.39999999999999997,0.39999999999999997,0.9946541780684552,0.9956025975472719,0.9990473915183095,2.0,2.0,ht29+INS_PTEN,ht29+INS,PTEN,False,True,5
ht29+INS_RAD51,0.02173306,0.0160718,1.3522481,0.99231696,0.41182113,0.7372995101028194,0.39676952947805355,0.9938303589814353,0.9965094861405961,0.9973114885543771,2785,1371,0.02479172684252262,0.04608367010951042,0.5379720330238342,-0.14490780234336853,0.011249633505940437,-0.08436056849444246,-0.059230769230769226,0.2496234150865525,0.5013305927976528,0.4979217679366828,21.0,4.0,ht29+INS_RAD51,ht29+INS,RAD51,False,True,5
ht29+INS_RPS6KB1,0.014518857,0.0015957823,9.0982685,0.99517226,0.20510864,0.830590019794633,0.18163383206823921,0.9962397911081103,0.9995835258528752,0.9966548720959443,2457,1883,0.004237505607306957,0.005381000228226185,0.7874940633773804,0.8756350874900818,-0.28526294231414795,0.6318681318681317,0.06043956043956044,0.9183356996709897,0.9839515360789648,0.9333139550048842,11.0,2.0,ht29+INS_RPS6KB1,ht29+INS,RPS6KB1,False,True,5
ht29+INS_SGK1,0.014830456,0.0011239381,13.195083,0.99511766,0.16052713,0.8247296214022612,0.13449411467579245,0.9961837369264406,0.9997065173213099,0.9964761854265904,2312,1989,0.009659400209784508,0.005408956669270992,1.7858158349990845,0.5465153455734253,0.6910858154296875,0.7999999999999999,0.7,0.8995028900718185,0.9264146079697451,0.970950676223787,2.0,3.0,ht29+INS_SGK1,ht29+INS,SGK1,False,True,5
ht29+INS_SHC1,0.016015377,0.0016003483,10.007432,0.9946367,0.08667331,0.8047871640406591,0.07246222480846128,0.995799574519429,0.9995950263334301,0.9962030105052413,2183,2048,0.005717014893889427,0.009062396362423897,0.6308502554893494,0.5710784196853638,0.5158688426017761,0.41493468800088107,0.32615384615384607,0.8199534205760047,0.9434453578585135,0.8691053633855194,14.0,11.0,ht29+INS_SHC1,ht29+INS,SHC1,False,False,5
ht29+INS_SMARCE1,0.034043707,0.056539685,0.6021206,0.9865117,0.6149188,0.6761769748461737,0.5873776461720193,0.988914114917912,0.9893485286771952,0.9995609092784885,3107,1038,0.023405427113175392,0.057758625596761703,0.40522825717926025,,0.13986068964004517,,0.1946153846153846,,,,24.0,1.0,ht29+INS_SMARCE1,ht29+INS,SMARCE1,False,True,5
ht29+INS_SP1,0.014970993,0.0013066621,11.457433,0.9950032,0.13758136,0.8272545892530309,0.12032324256121141,0.9961086543559283,0.9996596145703242,0.9964478306789235,2289,2020,0.0025866127107292414,0.004063925705850124,0.6364812850952148,0.8329137563705444,-0.3863433301448822,0.7714285714285715,-0.2,0.8787756788120392,0.9484176731218809,0.9265703325828978,5.0,1.0,ht29+INS_SP1,ht29+INS,SP1,False,True,5
ht29+INS_SREBF1,0.0151508525,0.00059858605,25.31107,0.99496853,0.070197016,0.8221811720868343,0.09515468682381208,0.99608380846407,0.9998438645016186,0.9962393567925499,2340,2046,,,,,,,,,,,,,ht29+INS_SREBF1,ht29+INS,SREBF1,False,True,5
ht29+INS_SREBF2,0.015549949,0.0007405728,20.997192,0.99485755,0.04907783,0.823889772192828,0.0618050002686741,0.995998036542194,0.9998070337989875,0.9961902675936172,2325,2118,0.014805697835981846,0.00660143606364727,2.2427995204925537,,,,,,,,0.0,1.0,ht29+INS_SREBF2,ht29+INS,SREBF2,False,True,5
ht29+INS_SRF,0.01508026,0.0037379707,4.034344,0.99494576,0.23482054,0.8064043401665217,0.18191851617870966,0.9960505272238751,0.9990235277735604,0.9970240935603278,2361,1876,0.008492841385304928,0.019654173403978348,0.4321138858795166,0.8334380388259888,0.7740071415901184,0.08238694864989553,0.42769230769230765,0.8500733188267788,0.9825816770070227,0.8651426529915875,17.0,8.0,ht29+INS_SRF,ht29+INS,SRF,False,True,5
ht29+INS_TAF3,0.014737646,0.0019714648,7.47548,0.99505675,0.19790529,0.8070787028759272,0.1437306361264955,0.9961228907986216,0.9994877288344997,0.9966334373711603,2361,1934,0.0016450178809463978,0.003095108550041914,0.5314895510673523,0.11034310609102249,-0.19693104922771454,0.26666666666666666,-0.26666666666666666,0.6270279796172933,0.9750996601183318,0.6430398914724278,8.0,1.0,ht29+INS_TAF3,ht29+INS,TAF3,False,True,5
ht29+INS_TAF7,0.016360728,0.0009791153,16.709705,0.9946916,0.10422809,0.7843751043963818,0.11216252172415785,0.9958011256619925,0.9997447305285599,0.9960553881944619,2354,1969,0.009412000887095928,0.005460735876113176,1.7235773801803589,1.0,-1.0,0.9999999999999999,-0.9999999999999999,0.997334005243023,0.974064925043818,1.0238886337049433,1.0,1.0,ht29+INS_TAF7,ht29+INS,TAF7,False,False,5
ht29+INS_TAF8,0.01820202,0.0050969715,3.571144,0.9937947,0.19659348,0.782181043112294,0.2297681048336522,0.9950866474585189,0.9987684585155333,0.996313649048863,2502,1679,0.015138722956180573,0.027330467477440834,0.5539137721061707,0.30862125754356384,0.2173328995704651,0.13084473990694587,0.25153846153846154,0.7979539005392294,0.933294670596222,0.8549860249705143,20.0,5.0,ht29+INS_TAF8,ht29+INS,TAF8,False,False,5
ht29+INS_TSC1,0.025190024,0.0126033425,1.998678,0.9915937,0.0806814,0.8067640975391532,0.11486942150140608,0.9933819170393287,0.996762162646893,0.996608774154721,2243,1943,0.40685123205184937,0.31675055623054504,1.2844531536102295,0.712269127368927,-0.2760830819606781,0.7276230511602922,0.20384615384615384,0.7923297241084032,0.8897600263801027,0.8904982249336547,18.0,7.0,ht29+INS_TSC1,ht29+INS,TSC1,False,True,5
ht29+INS_TSC2,0.016149623,0.0020464098,7.891686,0.99462384,0.07471407,0.8205986845564163,0.09794569443194526,0.9958233575144942,0.999465690623315,0.9963557197180533,2342,2020,0.3960789144039154,0.19567541778087616,2.024162769317627,0.9567467570304871,-0.616845965385437,0.8214285714285715,0.0,0.9603205932828445,0.9534852666788088,1.0071687805180718,5.0,2.0,ht29+INS_TSC2,ht29+INS,TSC2,False,True,5
ht29+INS_TTF1,0.015908489,0.003554013,4.4762044,0.99472874,0.16297692,0.8197894393886123,0.1652384374086514,0.9958481503198588,0.9991198111549373,0.9967254569486551,2360,1834,0.015907928347587585,0.02132512629032135,0.745971143245697,0.7501757740974426,0.11743707954883575,0.506641235622722,0.013076923076923076,0.8955134832550017,0.9332574290445745,0.9595567689954385,16.0,9.0,ht29+INS_TTF1,ht29+INS,TTF1,False,True,5
ht29+INS_TTF2,0.021574933,0.017086308,1.2627031,0.9922367,0.43060806,0.7379267502186329,0.4128697138953047,0.9937826282562457,0.9965298432782406,0.9972432185142018,2816,1347,0.025207646191120148,0.04194578155875206,0.6009578108787537,0.14746658504009247,0.13709254562854767,0.06015096020938625,-0.04769230769230769,0.45383102181603885,0.3959948470958753,1.146052846758788,23.0,2.0,ht29+INS_TTF2,ht29+INS,TTF2,False,True,5
ht29+INS_XBP1,0.018841095,0.0057938616,3.2519064,0.9936077,0.28105378,0.7600492348915082,0.2567214853629723,0.9948964237124732,0.9986117584492678,0.9962795003109477,2521,1653,0.023608138784766197,0.0531616248190403,0.4440823495388031,0.9605363607406616,0.6335399150848389,0.09619084975196555,0.01923076923076923,0.9659263608071421,0.979474189741316,0.986168263466185,23.0,2.0,ht29+INS_XBP1,ht29+INS,XBP1,False,True,5
ht29+INS_ZNF593,0.0155059025,0.0007581984,20.450983,0.9948854,0.07932451,0.8151668807941477,0.09640564440247591,0.9960175547040072,0.9998023933630856,0.9962144132838618,2332,2024,,,,,,,,,,,,,ht29+INS_ZNF593,ht29+INS,ZNF593,False,False,5
ht29+TGFB_CHUK,0.007491638,0.008985933,0.83370733,0.9978038,0.42175147,0.8385820524495533,0.401948285189801,0.9982283098397658,0.9979715676047681,1.0002572640777871,2353,1226,0.04917459562420845,0.10756086558103561,0.4571792483329773,0.8237930536270142,0.4077097773551941,0.7146153846153845,0.41923076923076924,0.9591304362220203,0.9622893499988091,0.9967172932166477,24.0,1.0,ht29+TGFB_CHUK,ht29+TGFB,CHUK,True,False,5
ht29+TNFA_CHUK,0.014759931,0.013367465,1.1041683,0.9951887,0.09354299,0.8374123256876923,0.1905736397281264,0.9962295994417896,0.9966499451551247,0.9995782413721301,2279,1674,0.5687573552131653,0.6308653354644775,0.9015511274337769,0.8662952184677124,0.1520424634218216,0.8115384615384615,0.19230769230769232,0.9644997428195186,0.9663187844829957,0.9981175553112627,16.0,9.0,ht29+TNFA_CHUK,ht29+TNFA,CHUK,True,False,5
ht29+TNFA_MTOR,0.008697725,0.0063645556,1.366588,0.9975058,0.11173751,0.8508271277565741,0.1265201522780352,0.9978727786649657,0.9984931178674196,0.9993787246087596,1999,1928,0.02822696603834629,0.02993132546544075,0.943057656288147,0.7400780916213989,0.06999112665653229,0.6458934529942462,0.039999999999999994,0.9343212101386484,0.942028603248996,0.9918183024551853,14.0,11.0,ht29+TNFA_MTOR,ht29+TNFA,MTOR,True,False,5
k562+IFNB_H1F0,0.05109897,0.007811171,6.541781,0.9917952,0.4640381,0.6932646644831579,0.4030204997434674,0.9924398180688159,0.997879941921287,0.9945483182656253,2502,1138,,,,,,,,,,,,,k562+IFNB_H1F0,k562+IFNB,H1F0,True,False,5
k562+IFNB_NFE2L3,0.0091226725,0.01770691,0.5152041,0.9967395,0.683856,0.8164681628226872,0.6258440308823564,0.9974243301262796,0.9957225124655577,1.001709128436303,2802,746,0.051858045160770416,0.2633558213710785,0.1969124674797058,0.9821325540542603,0.8272688388824463,0.8938461538461538,0.7023076923076923,0.9794954010641621,0.9536377905374176,1.027114708313072,25.0,0.0,k562+IFNB_NFE2L3,k562+IFNB,NFE2L3,True,False,5
k562+IFNB_USP18,0.019207563,0.017203955,1.1164621,0.99309516,0.30059236,0.8364327713444422,0.45169505538112636,0.9946094811323869,0.9951106276038703,0.9994963911975394,2601,1035,0.6128720641136169,0.5910643935203552,1.0368956327438354,0.7754865288734436,0.5810659527778625,0.5953846153846154,0.536923076923077,0.8922491904575864,0.8536545859349282,1.0452110316731786,15.0,10.0,k562+IFNB_USP18,k562+IFNB,USP18,True,False,5
k562+INS_CHUK,0.0091054905,0.005479564,1.6617181,0.99662125,0.306046,0.8730442812241884,0.28182290736317755,0.9973815528108451,0.9984006543127287,0.9989792659915822,2467,1558,0.08733005076646805,0.1815892606973648,0.48092079162597656,0.608561098575592,0.6294865608215332,0.6555618294748731,0.7820440429136083,0.7540039441514856,0.702976205855027,1.072588144337537,17.0,5.0,k562+INS_CHUK,k562+INS,CHUK,True,False,5
k562+INS_MTOR,0.09966173,0.08512345,1.1707906,0.97498924,-0.06266863,0.8342017041254105,-0.01647814026577787,0.9773978189954481,0.9802992033076371,0.9970403073853377,1723,2136,0.6115051507949829,0.616407036781311,0.9920476675033569,0.8710736036300659,-0.2360050231218338,0.5195354143285703,-0.030769230769230767,0.891258181657528,0.8941019401804422,0.9968194247265135,17.0,8.0,k562+INS_MTOR,k562+INS,MTOR,True,False,5
k562+INS_TAF8,0.011337418,0.021931503,0.5169467,0.99559385,0.6375074,0.8388023461084002,0.5760220096406146,0.9964439956855491,0.994530793433128,1.001923723493585,2884,1004,0.062380313873291016,0.18971839547157288,0.32880476117134094,0.603996217250824,0.7205407023429871,0.5827561388064322,0.6023076923076923,0.8703208689954686,0.9284962261697371,0.9373445410604894,24.0,1.0,k562+INS_TAF8,k562+INS,TAF8,True,False,5
k562+TGFB_AKT1,0.014065513,0.006645346,2.116596,0.9946178,0.3218441,0.856740298398802,0.2915327132381617,0.9957069197010618,0.9980429020987311,0.9976594368911826,2033,1239,,,,,,,,,,,,,k562+TGFB_AKT1,k562+TGFB,AKT1,False,True,5
k562+TGFB_ATF2,0.02805403,0.03216686,0.87214077,0.99091184,0.41947755,0.8334107939880352,0.3637978450981993,0.9922432722291266,0.9924252401640212,0.999816643181239,2042,1094,0.34197068214416504,0.7120470404624939,0.48026415705680847,0.931659460067749,0.5402142405509949,0.9272727272727272,0.6363636363636362,0.9360683172298386,0.9416758172980139,0.9940451905367337,9.0,1.0,k562+TGFB_ATF2,k562+TGFB,ATF2,False,True,5
k562+TGFB_CHUK,0.02241605,0.022733994,0.9860146,0.99129283,0.38616094,0.8317510030020865,0.396975413054184,0.9928084912918282,0.994303262628222,0.9984966645564024,2113,1022,0.4109797477722168,0.8008306622505188,0.513191819190979,0.8715614080429077,0.22230428457260132,0.7142857142857143,0.08571428571428573,0.9595930394873922,0.9785899012687779,0.9805875149981054,6.0,0.0,k562+TGFB_CHUK,k562+TGFB,CHUK,False,False,5
k562+TGFB_CREBBP,0.02276531,0.012346749,1.8438303,0.9912655,0.19343068,0.8315512977015181,0.24397416311076703,0.9931261886655423,0.9962904717613608,0.996823935202126,2012,1251,0.8844133019447327,0.534694254398346,1.6540542840957642,-0.023102492094039917,-0.4657997488975525,0.5,-0.5,0.7044729717790593,0.810009357800035,0.8697096706294729,1.0,2.0,k562+TGFB_CREBBP,k562+TGFB,CREBBP,False,True,5
k562+TGFB_CUL1,0.10176715,0.26225308,0.38804942,0.9583148,0.7992164,0.7134117245684979,0.7311785361233447,0.9637766029690238,0.9490287176840194,1.015539977884963,2490,432,1.4220935106277466,3.260903835296631,0.43610408902168274,0.8410506248474121,0.39964646100997925,0.7768373025968738,0.30923076923076925,0.9072078594692887,0.8817843390120946,1.0288319029182094,25.0,0.0,k562+TGFB_CUL1,k562+TGFB,CUL1,False,True,5
k562+TGFB_EP300,0.06598485,0.10392719,0.6349143,0.9800031,0.55336607,0.7846885652422779,0.5316928568265935,0.98264116340816,0.9794064912229195,1.0033026860800174,2255,821,0.4958813190460205,1.0579866170883179,0.4687028229236603,0.7733799815177917,0.5781311988830566,0.5246153846153846,0.04923076923076923,0.8786642038231885,0.8880738180687,0.9894044683515447,24.0,1.0,k562+TGFB_EP300,k562+TGFB,EP300,False,True,5
k562+TGFB_FOS,0.015304744,0.012324972,1.241767,0.9941776,0.4127847,0.8457818969258689,0.347049668500024,0.995234747489061,0.9966469078182056,0.99858308863644,2049,1142,,,,,,,,,,,,,k562+TGFB_FOS,k562+TGFB,FOS,False,True,5
k562+TGFB_FOXP2,0.020472161,0.020671116,0.9903752,0.99204975,0.40745318,0.8242262715611642,0.3685761155416627,0.9934607920806883,0.9945528615582158,0.9989019492882294,2068,1086,0.20844435691833496,0.5565394759178162,0.37453651428222656,0.8415793776512146,0.6603893637657166,0.6904761904761906,0.5952380952380953,0.9512125613096373,0.9728533431335338,0.9777553503036829,8.0,0.0,k562+TGFB_FOXP2,k562+TGFB,FOXP2,False,True,5
k562+TGFB_HDAC4,0.050742324,0.083673075,0.60643554,0.9826269,0.55363864,0.7826832019684893,0.5361817731626609,0.9852033571732932,0.982610756038459,1.002638482348073,2295,792,0.4773131310939789,0.8512493968009949,0.560720682144165,0.9302160739898682,0.2623516619205475,0.7490379432743178,0.22923076923076924,0.9145132049364123,0.8885146899939482,1.029260647274882,23.0,2.0,k562+TGFB_HDAC4,k562+TGFB,HDAC4,False,True,5
k562+TGFB_HDAC5,0.01414809,0.005902291,2.3970506,0.99464846,0.302182,0.861544531506104,0.28456106449379726,0.9957353996356402,0.9982357244762807,0.9974952561010053,2055,1237,,,,,,,,,,,,,k562+TGFB_HDAC5,k562+TGFB,HDAC5,False,True,5
k562+TGFB_HRAS,0.013116733,0.0046326392,2.8313737,0.99495447,0.306189,0.8643853680578276,0.3161268218126145,0.9960655125705118,0.9986125322653466,0.9974494414875238,2217,1165,,,,,,,,,,,,,k562+TGFB_HRAS,k562+TGFB,HRAS,False,True,5
k562+TGFB_IKBKB,0.05484717,0.1122156,0.48876598,0.98061025,0.66237664,0.766895963536346,0.6422947328621142,0.9833930613660821,0.9772393704927189,1.0062970148964225,2462,586,0.4977968633174896,1.1294993162155151,0.4407234787940979,0.6921703815460205,0.3407978117465973,0.5674168214213896,0.3592307692307692,0.8959857037278971,0.9011248246589022,0.9942969932795377,22.0,3.0,k562+TGFB_IKBKB,k562+TGFB,IKBKB,False,True,5
k562+TGFB_IRF7,0.018080197,0.008612652,2.09926,0.9931239,0.19279014,0.856325904288601,0.22428889853776326,0.9945087339302374,0.9974573080259337,0.9970439094766554,1969,1278,,,,,,,,,,,,,k562+TGFB_IRF7,k562+TGFB,IRF7,False,True,5
k562+TGFB_JUN,0.016373282,0.009580327,1.7090526,0.99370414,0.30397773,0.8536169438256869,0.2669371859003333,0.9949676389881464,0.9971541536542474,0.9978072450903522,1998,1235,0.16345718502998352,0.4953914284706116,0.3299556076526642,,,,,,,,1.0,0.0,k562+TGFB_JUN,k562+TGFB,JUN,False,True,5
k562+TGFB_KRAS,0.015183215,0.008280939,1.8335136,0.99431354,0.32220748,0.8553330057160106,0.29661958811929584,0.995410183923427,0.9976001220092372,0.9978047936868737,2034,1205,,,,,,,,,,,,,k562+TGFB_KRAS,k562+TGFB,KRAS,False,True,5
k562+TGFB_MAP3K7,0.016107175,0.009744312,1.6529824,0.99378103,0.31275073,0.8472776710169373,0.2994818080828696,0.994967681080421,0.9972555748558326,0.9977058099918445,2040,1190,,,,,,,,,,,,,k562+TGFB_MAP3K7,k562+TGFB,MAP3K7,False,True,5
k562+TGFB_MAPK1,0.039560664,0.048815437,0.810413,0.9873251,0.42624414,0.8243047700458839,0.3431899266837555,0.9890719318831402,0.9883689588723235,1.0007112455369085,1975,1129,0.5764603614807129,1.1767840385437012,0.48986080288887024,0.9668158292770386,0.23451951146125793,0.8623076923076922,0.3123076923076923,0.9773747970108334,0.9503768841584831,1.0284075857718864,24.0,1.0,k562+TGFB_MAPK1,k562+TGFB,MAPK1,False,True,5
k562+TGFB_MAPK3,0.015011778,0.0075925463,1.9771731,0.99417174,0.29728097,0.8539734669420991,0.27690902269424283,0.9953570417038136,0.9977843892735466,0.997567262430814,2003,1240,,,,,,,,,,,,,k562+TGFB_MAPK3,k562+TGFB,MAPK3,False,True,5
k562+TGFB_MAPK14,0.025544763,0.026141247,0.97718227,0.9906197,0.37025517,0.8389856450457908,0.34051176990843274,0.9920914572507891,0.9932874325353507,0.9987959423975507,2037,1118,0.19908568263053894,0.6456106901168823,0.3083679974079132,0.6927354335784912,0.8521139025688171,0.8131868131868131,0.6923076923076923,0.907406261597076,0.9664845966081259,0.9388729678482357,12.0,1.0,k562+TGFB_MAPK14,k562+TGFB,MAPK14,False,True,5
k562+TGFB_MED15,0.05092255,0.06387847,0.7971786,0.98556495,0.4299373,0.8123455270058908,0.39183365784249646,0.9875692002266125,0.9866963240517993,1.0008846452079894,2025,1063,0.5025283098220825,0.8672299981117249,0.5794637203216553,0.8229354023933411,0.4965987205505371,0.6061538461538462,0.46615384615384614,0.9187576174090051,0.9370909134518306,0.9804359472708003,19.0,6.0,k562+TGFB_MED15,k562+TGFB,MED15,False,True,5
k562+TGFB_MYC,0.017248174,0.008018281,2.151106,0.9934328,0.20767379,0.8574980925509592,0.23194045923874376,0.9947201701533246,0.997630549317685,0.9970827084572029,1950,1291,,,,,,,,,,,,,k562+TGFB_MYC,k562+TGFB,MYC,False,True,5
k562+TGFB_NFKB1,0.033101317,0.044571802,0.7426515,0.9882924,0.46334344,0.8203888056814888,0.4434668580816594,0.9900737419927752,0.9897897824492702,1.0002868887399528,2148,971,0.32232245802879333,0.6873440742492676,0.46893903613090515,0.8555247187614441,0.12017282843589783,0.8623076923076922,0.1623076923076923,0.9549857996728083,0.9646410023941742,0.9899908850055075,24.0,1.0,k562+TGFB_NFKB1,k562+TGFB,NFKB1,False,True,5
k562+TGFB_NRAS,0.042306762,0.083247475,0.50820476,0.98468876,0.63964295,0.781813191435661,0.5922057956885333,0.986869885082436,0.9822307415261876,1.00472306898992,2369,711,0.4079343378543854,0.9247742295265198,0.4411177635192871,0.7284382581710815,0.358527809381485,0.7553846153846154,0.31153846153846154,0.9482540437174815,0.9633889283691918,0.9842899537185564,23.0,2.0,k562+TGFB_NRAS,k562+TGFB,NRAS,False,True,5
k562+TGFB_PAK1,0.014088709,0.005493189,2.5647595,0.99456394,0.28123605,0.8571292791422934,0.2890396435214906,0.9957317942146183,0.9983458718463507,0.9973815911845282,2107,1220,,,,,,,,,,,,,k562+TGFB_PAK1,k562+TGFB,PAK1,False,True,5
k562+TGFB_PIK3CA,0.016075924,0.0090496205,1.7764196,0.99364495,0.31497255,0.8467493719932756,0.3163245276637446,0.9949801671014159,0.9973809024920963,0.9975929603377387,2058,1177,,,,,,,,,,,,,k562+TGFB_PIK3CA,k562+TGFB,PIK3CA,False,True,5
k562+TGFB_PPP2CA,0.020165386,0.021419706,0.9414408,0.99197686,0.42754105,0.8259493471825671,0.39094719740257683,0.9934507114508727,0.99447082655445,0.9989742131429721,2124,1042,,,,,,,,,,,,,k562+TGFB_PPP2CA,k562+TGFB,PPP2CA,False,True,5
k562+TGFB_PRKCA,0.01568751,0.007050547,2.225006,0.9940417,0.2507043,0.8548106406739637,0.26768112902390073,0.9952223514717472,0.9979019886411511,0.99731472910175,2003,1258,,,,,,,,,,,,,k562+TGFB_PRKCA,k562+TGFB,PRKCA,False,True,5
k562+TGFB_RAF1,0.032069895,0.040797144,0.78608185,0.9893286,0.44293952,0.8151281132002133,0.41902820134894186,0.9908893491064088,0.9907934787423622,1.0000967611980736,2098,1032,0.2733801007270813,0.5682325959205627,0.4811059832572937,0.6649651527404785,0.7956753373146057,0.7115384615384615,0.3515384615384615,0.9174250221119554,0.9609764237320493,0.9546800519299343,21.0,4.0,k562+TGFB_RAF1,k562+TGFB,RAF1,False,True,5
k562+TGFB_RBL1,0.040898573,0.059767652,0.6842928,0.98699164,0.5062525,0.8069221333474184,0.47070602733319167,0.9887298065158076,0.9871919863168599,1.001557772166167,2173,910,0.35037049651145935,0.7485164403915405,0.4680865705013275,0.9133195281028748,0.7115749716758728,0.6792307692307692,0.4976923076923077,0.9149793402071922,0.9005783511323123,1.0159908230713888,22.0,3.0,k562+TGFB_RBL1,k562+TGFB,RBL1,False,True,5
k562+TGFB_RBX1,0.05739394,0.08117007,0.70708257,0.9826745,0.49105212,0.7985360155033071,0.4785537343575438,0.9846892858815945,0.9828118977598079,1.0019102211990574,2148,909,0.4142136871814728,0.8234735131263733,0.5030078887939453,0.640742301940918,0.6992377042770386,0.5007692307692309,0.4753846153846154,0.9003761854638888,0.9464884859030225,0.9512806535674451,23.0,2.0,k562+TGFB_RBX1,k562+TGFB,RBX1,False,True,5
k562+TGFB_RELA,0.014140036,0.007251283,1.9500047,0.99451536,0.33535582,0.8511303938421483,0.3117008028539954,0.9956413276641174,0.9978579833944339,0.9977785859639304,2068,1183,,,,,,,,,,,,,k562+TGFB_RELA,k562+TGFB,RELA,False,True,5
k562+TGFB_RHOA,0.05199867,0.104959436,0.49541682,0.9802483,0.64568985,0.7631475138352838,0.6261122843128835,0.9831853211683984,0.9779958545351208,1.0053062255930976,2402,608,0.4264727830886841,1.0173934698104858,0.419181764125824,0.6103188395500183,0.3834719955921173,0.529717263116782,0.37615384615384617,0.916318724167224,0.9365721288794391,0.9783749653788575,24.0,1.0,k562+TGFB_RHOA,k562+TGFB,RHOA,False,True,5
k562+TGFB_RPS6KB1,0.014709865,0.008369934,1.7574649,0.99429464,0.33310652,0.8549122920852055,0.3075171572918428,0.9954339419160211,0.9976038229547577,0.9978249070534737,2039,1198,,,,,,,,,,,,,k562+TGFB_RPS6KB1,k562+TGFB,RPS6KB1,False,True,5
k562+TGFB_RUNX1,0.013844559,0.004751577,2.9136767,0.9947397,0.27840692,0.865112387286126,0.2832843329258862,0.9958858804123958,0.9985892254199518,0.9972928357939982,2130,1261,,,,,,,,,,,,,k562+TGFB_RUNX1,k562+TGFB,RUNX1,False,True,5
k562+TGFB_RUNX2,0.02638468,0.0304654,0.86605394,0.9912894,0.4301991,0.8345836501739246,0.35872431686598916,0.9925280961818082,0.9927703097408045,0.9997560225596799,2010,1122,0.2598940432071686,0.4890318810939789,0.5314460396766663,0.9866239428520203,0.3563016653060913,0.8999999999999998,0.7999999999999999,0.988630573359451,0.970988290749873,1.0181694081974493,5.0,0.0,k562+TGFB_RUNX2,k562+TGFB,RUNX2,False,True,5
k562+TGFB_RUNX3,0.015794462,0.0073148897,2.1592207,0.9939544,0.25384885,0.8494586746457298,0.2689930981248476,0.9951899066617297,0.9978420142704866,0.9973421568035539,2042,1240,,,,,,,,,,,,,k562+TGFB_RUNX3,k562+TGFB,RUNX3,False,True,5
k562+TGFB_SKP1,0.041452624,0.13376443,0.3098927,0.9796971,0.7745644,0.7114623071926076,0.7222517715391937,0.9829793314666713,0.9743187780208188,1.0088888294480427,2583,476,0.3497859835624695,1.1638243198394775,0.300548791885376,0.7775551676750183,0.5218338966369629,0.5974225923168935,0.42538461538461536,0.9280273572192707,0.9172033648202012,1.0118010823054397,25.0,0.0,k562+TGFB_SKP1,k562+TGFB,SKP1,False,True,5
k562+TGFB_SMAD1,0.015422254,0.0087114535,1.7703422,0.99398524,0.31157145,0.8449349142577472,0.2869756091023036,0.9951878982726668,0.9975319245650061,0.9976501741602292,2009,1219,,,,,,,,,,,,,k562+TGFB_SMAD1,k562+TGFB,SMAD1,False,True,5
k562+TGFB_SMAD2,0.016526163,0.006264997,2.6378562,0.9936535,0.16481416,0.8571277258580731,0.22403162106867178,0.995031166984136,0.998113822244655,0.9969115193159169,2030,1282,,,,,,,,,,,,,k562+TGFB_SMAD2,k562+TGFB,SMAD2,False,True,5
k562+TGFB_SMAD3,0.01621353,0.008609743,1.8831608,0.9938416,0.2881898,0.8539559706360706,0.2862174695474161,0.9950342779845559,0.9975337489552197,0.9974943494660891,2025,1205,,,,,,,,,,,,,k562+TGFB_SMAD3,k562+TGFB,SMAD3,False,False,5
k562+TGFB_SMAD4,0.027766732,0.03190988,0.870161,0.98958194,0.40403706,0.8189169449993736,0.38052845831876614,0.9913239907194339,0.9921310323567044,0.9991865574093036,2074,1053,0.37438327074050903,0.5790255665779114,0.6465746760368347,0.81345534324646,0.1409442126750946,0.7707692307692308,0.13153846153846155,0.9619716811014738,0.9763148852745793,0.9853088338716953,22.0,3.0,k562+TGFB_SMAD4,k562+TGFB,SMAD4,False,True,5
k562+TGFB_SMAD5,0.08328094,0.06802724,1.2242293,0.9801042,0.07149523,0.8262748838817912,0.07353799646406414,0.9820552955089279,0.9858648381622838,0.9961358367740784,1506,1583,1.065201997756958,0.9892749190330505,1.0767502784729004,0.9189020991325378,-0.4189174473285675,0.8507692307692307,-0.4823076923076923,0.9374451130520925,0.9358104226919624,1.0017468178602114,14.0,11.0,k562+TGFB_SMAD5,k562+TGFB,SMAD5,False,False,5
k562+TGFB_SMAD6,0.015661532,0.011615865,1.348288,0.9941524,0.3890919,0.8513955587447368,0.32966342765952766,0.9951668019101377,0.9967504699151509,0.9984111690409857,1994,1179,,,,,,,,,,,,,k562+TGFB_SMAD6,k562+TGFB,SMAD6,False,True,5
k562+TGFB_SMAD7,0.019569717,0.016617132,1.1776832,0.99279976,0.3559733,0.8402046360956553,0.31306608200346675,0.9940054897380868,0.995617541950102,0.9983808519395332,1962,1198,,,,,,,,,,,,,k562+TGFB_SMAD7,k562+TGFB,SMAD7,False,True,5
k562+TGFB_SMAD9,0.016301408,0.006406053,2.5446885,0.99369586,0.19439428,0.8573136449247867,0.24202112480414908,0.9950157984346637,0.9980850117128873,0.9969248979373447,2032,1238,,,,,,,,,,,,,k562+TGFB_SMAD9,k562+TGFB,SMAD9,False,True,5
k562+TGFB_SMURF1,0.014196532,0.006277228,2.2615926,0.99455804,0.29511526,0.8626817128565202,0.3045789858078594,0.9957548441474541,0.998116853239148,0.9976335345064773,2181,1212,1.5926637649536133,1.9439544677734375,0.8192906975746155,,,,,,,,1.0,0.0,k562+TGFB_SMURF1,k562+TGFB,SMURF1,False,True,5
k562+TGFB_SMURF2,0.015310495,0.007566202,2.0235376,0.99411297,0.2827321,0.8584031902522027,0.2668097389641335,0.9952782676328709,0.9977628338515282,0.9975098629309869,1988,1266,0.8315508365631104,0.9210851788520813,0.9027947187423706,,,,,,,,1.0,0.0,k562+TGFB_SMURF2,k562+TGFB,SMURF2,False,True,5
k562+TGFB_SP1,0.03851186,0.043620776,0.88287884,0.98829997,0.3852874,0.8279615147773729,0.34030166438380977,0.9896818871857053,0.9896950765880999,0.9999866732666388,1950,1164,0.38315922021865845,0.6844653487205505,0.5597934722900391,0.6067084074020386,0.48978644609451294,0.6807692307692308,0.30153846153846153,0.9111856040209901,0.9747699530587929,0.9347698922825048,21.0,4.0,k562+TGFB_SP1,k562+TGFB,SP1,False,True,5
k562+TGFB_TGFBR1,0.016524404,0.007594637,2.1757991,0.99359155,0.29035294,0.8384060293923109,0.28123719771653444,0.9949191057729574,0.9977637651217964,0.9971489650674057,2026,1244,2.464738130569458,3.146038770675659,0.7834417819976807,,,,,,,,1.0,0.0,k562+TGFB_TGFBR1,k562+TGFB,TGFBR1,False,True,5
k562+TGFB_TGFBR2,0.0139893675,0.005259336,2.6599114,0.9945967,0.33522785,0.8509739622421195,0.30142883010054283,0.99576463220535,0.9984162403633408,0.9973441856704718,2111,1222,,,,,,,,,,,,,k562+TGFB_TGFBR2,k562+TGFB,TGFBR2,False,True,5
k562+TGFB_TGFBR3,0.020855168,0.016731655,1.2464498,0.9919211,0.30608252,0.8368511330485782,0.31484540351419665,0.993420217411582,0.9953980383039135,0.998013035171637,2020,1163,0.8724637627601624,1.1966623067855835,0.7290810346603394,-1.0,1.0,-0.9999999999999999,0.9999999999999999,0.9782755647600048,0.9977951983263591,0.9804372344153436,1.0,1.0,k562+TGFB_TGFBR3,k562+TGFB,TGFBR3,False,True,5
k562+TGFB_TGIF1,0.021416795,0.019512182,1.0976114,0.99196905,0.35103163,0.833032207231264,0.33867075319997664,0.9933860603182186,0.9950130686528007,0.9983648372208971,2006,1126,,,,,,,,,,,,,k562+TGFB_TGIF1,k562+TGFB,TGIF1,False,True,5
k562+TNFA_CHUK,0.006668058,0.009732083,0.6851625,0.9975246,0.5309925,0.8631498519141275,0.40519657876143683,0.9980333345114363,0.9973712635896466,1.0006638159188654,2559,1308,0.08576121926307678,0.2299797087907791,0.37290775775909424,0.9936661124229431,0.8941037058830261,0.8946153846153846,0.57,0.9878951017672478,0.9834348729609439,1.0045353575807974,24.0,1.0,k562+TNFA_CHUK,k562+TNFA,CHUK,True,False,5
k562+TNFA_MTOR,0.061266292,0.057943903,1.057338,0.9863174,0.07875997,0.844346036448621,0.08518180828947187,0.987363501017705,0.9879667139623673,0.9993894400123633,1851,1952,0.20820793509483337,0.21806712448596954,0.9547882676124573,0.01172477938234806,0.358263224363327,0.09237878025993641,0.42846153846153845,0.8130675760034994,0.8011785210072593,1.0148394579790943,12.0,13.0,k562+TNFA_MTOR,k562+TNFA,MTOR,True,False,5
mcf7+IFNB_ADAR,0.04822229,0.0054984745,8.770122,0.9884535,0.20467257,0.728508687382091,0.15371110830761026,0.9908851259529666,0.9985895482416837,0.9922846956466919,2246,1731,0.03220038115978241,0.11361466348171234,0.2834174633026123,0.6980563998222351,0.7789197564125061,0.5138461538461538,0.7569230769230769,0.8152289653569156,0.7585717688889451,1.0746893027023066,20.0,5.0,mcf7+IFNB_ADAR,mcf7+IFNB,ADAR,False,True,5
mcf7+IFNB_AKT1,0.038901128,0.0050639138,7.6820283,0.98826945,0.1654102,0.7698357787594766,0.16571696765872068,0.9907360516080777,0.9987742878213964,0.991951899131432,2255,1707,0.027200205251574516,0.03265013545751572,0.8330809473991394,0.7165657877922058,0.09252218902111053,0.39584536219837957,0.013076923076923076,0.8759958027010485,0.9695034282705696,0.903551010916668,17.0,8.0,mcf7+IFNB_AKT1,mcf7+IFNB,AKT1,False,True,5
mcf7+IFNB_BATF2,0.039273005,0.004346857,9.034805,0.99014974,0.30693164,0.753877480926163,0.2004342897898818,0.992290513032878,0.9988612471931225,0.9934217748674214,2256,1761,0.015091734938323498,0.017252370715141296,0.8747629523277283,0.2782544791698456,0.24250578880310059,0.29090909090909095,0.43636363636363645,0.6352152795036019,0.9480005353589341,0.6700579333144524,9.0,2.0,mcf7+IFNB_BATF2,mcf7+IFNB,BATF2,False,True,5
mcf7+IFNB_BRD9,0.044018388,0.0037362885,11.781314,0.98732394,0.00570687,0.7520218470924434,0.07466811627950651,0.9900429165676873,0.9990561134382832,0.9909782876563593,2125,1839,0.03837423399090767,0.024091072380542755,1.5928819179534912,0.5670450329780579,-0.47819286584854126,-0.08571428571428573,-0.3714285714285715,0.8085998497622929,0.969468467399822,0.834065136673306,4.0,2.0,mcf7+IFNB_BRD9,mcf7+IFNB,BRD9,False,True,5
mcf7+IFNB_CEBPB,0.040340297,0.0126232235,3.1957207,0.9906612,0.37824428,0.7397850196370126,0.21559583968807616,0.9926510898597762,0.9966802332160933,0.9959574362749065,2296,1670,0.05374547466635704,0.439320832490921,0.12233763933181763,0.9848679304122925,0.9443431496620178,0.9223076923076923,0.9230769230769231,0.9893338585866445,0.8929566647698984,1.1079304266591492,23.0,2.0,mcf7+IFNB_CEBPB,mcf7+IFNB,CEBPB,False,True,5
mcf7+IFNB_CEBPG,0.04348033,0.0052578365,8.269624,0.987671,0.09351805,0.7539592192107287,0.13664621089449352,0.9903023908869797,0.9986560966958073,0.9916350525106019,2217,1750,0.026513516902923584,0.037982963025569916,0.6980370879173279,0.636513888835907,0.5710341930389404,0.5031055900621118,0.27950310559006214,0.838602026554022,0.9768561044740167,0.8584703752305086,15.0,7.0,mcf7+IFNB_CEBPG,mcf7+IFNB,CEBPG,False,True,5
mcf7+IFNB_CRKL,0.05180528,0.0049610627,10.442375,0.9883761,0.2707092,0.71241286626205,0.23712494926199143,0.9907675849842132,0.9987471071764534,0.9920104677801781,2364,1607,0.11366178840398788,0.08448446542024612,1.3453572988510132,0.6530358791351318,0.4529503583908081,0.46753246753246747,0.2545454545454545,0.7595049846966335,0.979304854876485,0.7755552123678854,12.0,9.0,mcf7+IFNB_CRKL,mcf7+IFNB,CRKL,False,True,5
mcf7+IFNB_DRAP1,0.048617516,0.0057440638,8.463958,0.98809093,0.23598288,0.711880718444879,0.164355534308973,0.9904460327869743,0.9984923798886625,0.9919415037472941,2241,1785,0.03345523029565811,0.03877344727516174,0.8628386855125427,0.6886566281318665,0.19675011932849884,0.4473684210526316,0.2631578947368421,0.8463066593886062,0.9798009044577917,0.8637537029596238,15.0,4.0,mcf7+IFNB_DRAP1,mcf7+IFNB,DRAP1,False,False,5
mcf7+IFNB_DTX3L,0.042298414,0.0026452667,15.990227,0.9892306,0.14212921,0.7517944404416583,0.12652851001907386,0.9915865540677662,0.9993053436190213,0.9922758448150579,2257,1835,0.27726277709007263,0.16909505426883698,1.639685869216919,0.5898617506027222,-0.5294955968856812,0.5,-0.5,0.8596173107798493,0.9950199678425891,0.8639196584604015,0.0,3.0,mcf7+IFNB_DTX3L,mcf7+IFNB,DTX3L,False,True,5
mcf7+IFNB_ELK1,0.042465143,0.0038629996,10.99279,0.9899775,0.23763762,0.7546639538541804,0.14445695861224314,0.9921749061960929,0.9989875142577264,0.9931804872789672,2276,1867,0.05074332654476166,0.033569302409887314,1.511599063873291,0.9859323501586914,0.9848594069480896,1.0,1.0,0.9873390754809928,0.744471500299381,1.3262281700292693,2.0,1.0,mcf7+IFNB_ELK1,mcf7+IFNB,ELK1,False,True,5
mcf7+IFNB_ETS1,0.043353535,0.003433426,12.626903,0.98843455,0.09002608,0.7515119858197391,0.08437178733632814,0.9909310096877176,0.9991045561405613,0.991819128035591,2164,1831,0.03588556498289108,0.06346751749515533,0.5654162168502808,0.8521178364753723,0.37065377831459045,0.39860139860139865,0.4825174825174825,0.8927893681445033,0.9863215212077485,0.9051707267334942,9.0,3.0,mcf7+IFNB_ETS1,mcf7+IFNB,ETS1,False,True,5
mcf7+IFNB_ETS2,0.03682208,0.0047438457,7.762074,0.99070716,0.34546292,0.7581179264564255,0.19752620119647335,0.9927321786705371,0.99875490896605,0.9939697615086088,2314,1737,0.016695475205779076,0.039862338453531265,0.4188283085823059,0.9293918609619141,0.8201113939285278,-0.2517482517482518,0.5804195804195805,0.9220927079288311,0.7987088094167123,1.1544792007518043,8.0,4.0,mcf7+IFNB_ETS2,mcf7+IFNB,ETS2,False,True,5
mcf7+IFNB_FOS,0.04290104,0.0037332817,11.4915085,0.9895365,0.23369168,0.7375536469095779,0.15761235409238752,0.9917815611516393,0.9990302049373178,0.9927443196913819,2244,1755,0.09256356954574585,0.08338523656129837,1.1100714206695557,0.2425631284713745,-0.0420372374355793,0.6000000000000001,0.39999999999999997,0.6409376870194321,0.6983185770232128,0.9178299247767638,2.0,2.0,mcf7+IFNB_FOS,mcf7+IFNB,FOS,False,True,5
mcf7+IFNB_H1F0,0.07308309,0.0024685266,29.605955,0.9852457,0.16509841,0.6612589585003256,0.18848842544782538,0.9876805445031385,0.9993633824068584,0.9883097198582731,2352,1674,0.0016248415922746062,0.027420060709118843,0.05925740301609039,0.8789514899253845,0.777721643447876,0.5,1.0,0.7354381077075139,0.978494527340711,0.7516016565838544,3.0,0.0,mcf7+IFNB_H1F0,mcf7+IFNB,H1F0,False,False,5
mcf7+IFNB_HERC5,0.043628387,0.0054182825,8.05207,0.98811406,0.13247685,0.7549720576632442,0.13167884775988006,0.9906629313443295,0.9985957280726326,0.9920560478026337,2247,1750,0.0817369595170021,0.06799870729446411,1.20203697681427,0.7542809247970581,0.14914433658123016,0.5385375494071146,0.34782608695652173,0.7393821735891251,0.7739608761821067,0.9553224153092131,10.0,13.0,mcf7+IFNB_HERC5,mcf7+IFNB,HERC5,False,True,5
mcf7+IFNB_HERC6,0.039138988,0.004637408,8.439841,0.9902668,0.3032814,0.7525173180597435,0.19484113629432642,0.9923736906597069,0.9987846475696499,0.9935812420369668,2279,1739,0.03905365616083145,0.1197870671749115,0.3260256350040436,0.9882188439369202,0.7592378854751587,0.5664335664335665,0.3216783216783217,0.9885323284466498,0.9887371719118848,0.9997928231373775,9.0,3.0,mcf7+IFNB_HERC6,mcf7+IFNB,HERC6,False,True,5
mcf7+IFNB_HES4,0.048498992,0.0050966525,9.515852,0.9861735,-0.05034674,0.7566956870614546,0.10339097086717507,0.9891217125234556,0.9987108650373293,0.9903984698178734,2226,1748,0.04287230595946312,0.033206239342689514,1.2910919189453125,0.8024097084999084,-0.4075620472431183,0.5092307692307693,-0.21384615384615382,0.8261839463157619,0.9797971729657328,0.8432193612224851,19.0,6.0,mcf7+IFNB_HES4,mcf7+IFNB,HES4,False,True,5
mcf7+IFNB_ID1,0.0774798,0.03153135,2.4572308,0.9809913,0.2826139,0.6657680068492778,0.26021163702188643,0.9844434189603751,0.9917195725445719,0.9926630936954007,2377,1537,1.4287844896316528,1.5311552286148071,0.9331415295600891,0.7411704659461975,0.5764079093933105,0.7646153846153846,0.6230769230769231,0.9275335799533436,0.8970019796221372,1.0340373834448702,16.0,9.0,mcf7+IFNB_ID1,mcf7+IFNB,ID1,False,True,5
mcf7+IFNB_ID2,0.044026826,0.005204003,8.460185,0.9868148,-0.00044503715,0.7552905385585311,0.08667153257467605,0.9896076452444134,0.9987015356983503,0.990894286101625,2181,1791,0.07145083695650101,0.042135488241910934,1.6957401037216187,0.9165005683898926,-0.3581032454967499,0.7607692307692308,0.11538461538461539,0.9602600154949674,0.9808781856502947,0.9789798871491285,17.0,8.0,mcf7+IFNB_ID2,mcf7+IFNB,ID2,False,True,5
mcf7+IFNB_ID3,0.03746576,0.0064753876,5.785871,0.9906094,0.35602844,0.7438151506497698,0.2420971161460497,0.9926094771848393,0.9983257512458537,0.99427413942405,2314,1650,0.08565055578947067,0.11124028265476227,0.7699598670005798,0.6124072074890137,0.5200256705284119,0.7207692307692307,0.5284615384615384,0.7919868705115437,0.9795692633332155,0.8085052279168311,18.0,7.0,mcf7+IFNB_ID3,mcf7+IFNB,ID3,False,True,5
mcf7+IFNB_IFI16,0.04359822,0.038555827,1.1307817,0.98580027,0.58015585,0.7031563187225198,0.5173583321561365,0.9884913237789905,0.9920017619825643,0.996461258096399,2732,1128,0.11418147385120392,0.20355525612831116,0.5609360337257385,0.6664698123931885,0.08595418184995651,0.5035762580118832,0.07384615384615385,0.8460084736887806,0.8722465557559005,0.9699189616812168,21.0,4.0,mcf7+IFNB_IFI16,mcf7+IFNB,IFI16,False,True,5
mcf7+IFNB_IFNAR1,0.03211196,0.014335757,2.2399907,0.9913217,0.59330994,0.7656230204047757,0.31187453469917886,0.99317962544356,0.9962816995153965,0.9968863484360444,2345,1594,0.17235733568668365,0.2615026831626892,0.659103512763977,0.8877722024917603,0.5863022804260254,0.7530769230769231,0.5538461538461539,0.9182648104668731,0.8722390883885279,1.0527673234220427,20.0,5.0,mcf7+IFNB_IFNAR1,mcf7+IFNB,IFNAR1,False,False,5
mcf7+IFNB_IFNAR2,0.039506145,0.008833571,4.4722733,0.98697686,0.4185626,0.7767947981163673,0.20176505654965732,0.9897066932116821,0.9979050564813907,0.991784425565879,2237,1687,0.05576251447200775,0.08391377329826355,0.6645215749740601,0.7578809261322021,0.3447221517562866,0.5746153846153847,0.40692307692307694,0.891095740889066,0.9687515460443197,0.9198392968018024,18.0,7.0,mcf7+IFNB_IFNAR2,mcf7+IFNB,IFNAR2,False,True,5
mcf7+IFNB_IRF1,0.042764172,0.0040295133,10.612739,0.9888276,0.17374495,0.7596197862815223,0.11913078473520317,0.9912812039286831,0.9989428725817335,0.9923302234158305,2239,1876,0.6696772575378418,0.18287290632724762,3.6619818210601807,-0.2562653124332428,-0.7728281021118164,0.14285714285714288,-0.9642857142857145,0.3368769307769345,0.945940983583257,0.3561289093330464,0.0,7.0,mcf7+IFNB_IRF1,mcf7+IFNB,IRF1,False,True,5
mcf7+IFNB_IRF3,0.051919073,0.008326984,6.235039,0.98602843,0.16702929,0.710212356348265,0.22017078183309674,0.9888396513119858,0.9979182044939455,0.9909025076994527,2364,1557,0.3823051154613495,0.18377317488193512,2.0803096294403076,0.5628376603126526,-0.4285068213939667,0.7707692307692308,0.21461538461538462,0.6207294948073703,0.8437217218211505,0.7357040582854054,22.0,3.0,mcf7+IFNB_IRF3,mcf7+IFNB,IRF3,False,True,5
mcf7+IFNB_IRF7,0.047123555,0.0074307234,6.341718,0.98589385,0.043820478,0.7597420281795693,0.1382195140884708,0.988841117703991,0.9981833319311374,0.9906407831825117,2207,1721,0.06689579039812088,0.08458373695611954,0.790882408618927,0.7814602851867676,0.318430632352829,0.6000000000000001,0.19307692307692306,0.9125220451243253,0.9663847211346731,0.9442637338604595,16.0,9.0,mcf7+IFNB_IRF7,mcf7+IFNB,IRF7,False,True,5
mcf7+IFNB_IRF9,0.04499682,0.022908168,1.964226,0.98585516,0.41466516,0.738333515666456,0.4212485708724566,0.9886191658079725,0.9950210887859778,0.9935660429209432,2567,1304,0.10398032516241074,0.1217142641544342,0.8542985916137695,0.5815088152885437,0.026530785486102104,0.6174988010437126,0.07769230769230769,0.801897283700346,0.9331568253162886,0.859338175476075,20.0,5.0,mcf7+IFNB_IRF9,mcf7+IFNB,IRF9,False,True,5
mcf7+IFNB_JAK1,0.04538002,0.0024891167,18.231375,0.987038,0.16725585,0.7741677963160642,0.15426155315380688,0.9898515331619954,0.9993599439991835,0.9904854993495757,2266,1767,0.3114709258079529,0.02314816042780876,13.455536842346191,0.6926591992378235,-0.5618054866790771,0.19999999999999998,-0.39999999999999997,0.8366818348160279,0.9619955457045637,0.8697356641118787,2.0,2.0,mcf7+IFNB_JAK1,mcf7+IFNB,JAK1,False,True,5
mcf7+IFNB_JUN,0.041198913,0.00382434,10.772817,0.98948133,0.22914419,0.7532759341337762,0.1838216878101993,0.9917578078808003,0.9990015334881192,0.992749034546497,2278,1746,0.01571030542254448,0.01861073262989521,0.8441529870033264,-0.09765101224184036,0.4303889572620392,0.19999999999999998,0.0,0.18953011523195562,0.9801143650624313,0.193375510030284,3.0,1.0,mcf7+IFNB_JUN,mcf7+IFNB,JUN,False,True,5
mcf7+IFNB_MAP3K14,0.04394496,0.004481052,9.80684,0.98813474,0.10979375,0.750394728388827,0.12755083902042155,0.9906616955163736,0.9988532615628627,0.9917990295855148,2230,1767,0.13937890529632568,0.08481816947460175,1.643267035484314,0.513085663318634,0.4661591649055481,0.4438461538461538,0.47846153846153844,0.6912621332362798,0.9791387250430313,0.7059899844180917,21.0,4.0,mcf7+IFNB_MAP3K14,mcf7+IFNB,MAP3K14,False,True,5
mcf7+IFNB_MAPK8,0.03663059,0.005468508,6.698461,0.9904696,0.33389407,0.7563347695291487,0.21866094395441166,0.9925283049910348,0.998573141573281,0.9939465259673194,2293,1736,0.02924441732466221,0.05955486372113228,0.49105003476142883,0.8402964472770691,0.7905955910682678,0.519298245614035,0.443859649122807,0.8900214662784677,0.6904718834429394,1.2890046468518064,15.0,4.0,mcf7+IFNB_MAPK8,mcf7+IFNB,MAPK8,False,True,5
mcf7+IFNB_MAPK14,0.0406268,0.0048915367,8.30553,0.9882655,0.14994928,0.7545671210985134,0.1694770156479293,0.9907662702831205,0.9987840990039156,0.9919724105251663,2243,1715,0.021337833255529404,0.03040475770831108,0.7017925977706909,0.2763230502605438,0.345388799905777,0.2623076923076923,0.42076923076923073,0.7798111714208342,0.9712705627463457,0.8028773869310477,18.0,7.0,mcf7+IFNB_MAPK14,mcf7+IFNB,MAPK14,False,True,5
mcf7+IFNB_MEF2A,0.039793268,0.004270757,9.317615,0.989304,0.21240252,0.7460545588498211,0.15605446610375776,0.9915949181609097,0.9989005615254499,0.9926863156895381,2255,1745,0.010196942836046219,0.016505636274814606,0.6177855134010315,0.18448852002620697,0.7577201128005981,0.15882352941176472,0.7647058823529411,0.7301286928037559,0.9136287191743683,0.7991525194868673,10.0,6.0,mcf7+IFNB_MEF2A,mcf7+IFNB,MEF2A,False,True,5
mcf7+IFNB_MYC,0.04358658,0.004750155,9.175822,0.98840255,0.15152296,0.7555821468754393,0.17224847014824665,0.9909015860597015,0.9987702945238133,0.9921216034284807,2286,1712,0.1095748171210289,0.028441859409213066,3.8525898456573486,0.24247395992279053,0.20255252718925476,0.4594861660079051,0.08893280632411067,0.5056390903015894,0.9680477974539308,0.5223286408289697,18.0,5.0,mcf7+IFNB_MYC,mcf7+IFNB,MYC,False,True,5
mcf7+IFNB_NFE2L3,0.04344137,0.002521724,17.226854,0.98885745,0.17846707,0.7362940704640414,0.17329339301012048,0.9912142462147366,0.9993545026788068,0.9918544856282232,2308,1726,0.03506947308778763,0.027768313884735107,1.2629313468933105,,,,,,,,0.0,1.0,mcf7+IFNB_NFE2L3,mcf7+IFNB,NFE2L3,False,False,5
mcf7+IFNB_NFKB1,0.03779291,0.012914182,2.9264657,0.98725986,0.29739773,0.745574897731434,0.29217845544222715,0.9898653713002677,0.9971991794732524,0.9926455934541998,2400,1486,0.04281497001647949,0.09756851196289062,0.43881955742836,0.5552738308906555,0.7326787114143372,0.57,0.22538461538461538,0.7726971166989154,0.9677997753014669,0.7984059682781208,20.0,5.0,mcf7+IFNB_NFKB1,mcf7+IFNB,NFKB1,False,True,5
mcf7+IFNB_PARP12,0.042788744,0.0031266115,13.685341,0.9884441,0.1197086,0.7580531651099244,0.09316243616978023,0.9909396918324174,0.9991916858360304,0.9917413303967711,2162,1896,0.013660801574587822,0.2730662226676941,0.050027430057525635,0.9915164709091187,0.9375,0.6,0.7,0.9936703679038809,0.9897022658650384,1.0040093896676838,5.0,0.0,mcf7+IFNB_PARP12,mcf7+IFNB,PARP12,False,True,5
mcf7+IFNB_POU2F1,0.047084,0.043361027,1.0858599,0.98287845,0.5071771,0.7173021444683723,0.5084608929387378,0.9861243229620996,0.9913382949529385,0.9947404715248226,2727,1126,0.16417914628982544,0.28995904326438904,0.5662149786949158,0.8384405970573425,0.4318596422672272,0.469705721325774,0.33384615384615385,0.8690402161142068,0.9105822694500891,0.9543785831004923,24.0,1.0,mcf7+IFNB_POU2F1,mcf7+IFNB,POU2F1,False,True,5
mcf7+IFNB_RAP1GAP,0.041192748,0.002433321,16.928612,0.98922765,0.15300772,0.7583801199046732,0.11899658746595143,0.9915705560312538,0.9993634514522982,0.9922021408630467,2209,1836,0.009930243715643883,0.015362647362053394,0.646388828754425,,,,,,,,1.0,0.0,mcf7+IFNB_RAP1GAP,mcf7+IFNB,RAP1GAP,False,True,5
mcf7+IFNB_RAPGEF1,0.046053533,0.0057498184,8.0095625,0.9879868,0.16816247,0.7395906291366899,0.20188476440731926,0.9905197834611289,0.998560060214269,0.9919481290375114,2367,1594,0.20479857921600342,0.09290092438459396,2.2044837474823,0.46379992365837097,0.2146487832069397,0.6084615384615384,0.19307692307692306,0.7342805906456884,0.9809197997659986,0.7485633288479376,16.0,9.0,mcf7+IFNB_RAPGEF1,mcf7+IFNB,RAPGEF1,False,True,5
mcf7+IFNB_RNF114,0.040424168,0.0036064729,11.208782,0.9889742,0.18187898,0.750770639763077,0.1463380711082293,0.9913440973906561,0.9990816774749444,0.992255307790406,2210,1798,0.021550344303250313,0.029642770066857338,0.7270017266273499,-0.26951345801353455,0.5742664337158203,-0.2802197802197803,0.5384615384615384,0.5718940738235321,0.9612681388760459,0.5949370947550744,8.0,5.0,mcf7+IFNB_RNF114,mcf7+IFNB,RNF114,False,True,5
mcf7+IFNB_SMARCA5,0.045992598,0.005159332,8.914449,0.98912567,0.20659673,0.7289649310623055,0.1787434689740996,0.991415738349547,0.9986469612550155,0.9927589797135307,2287,1721,0.017595108598470688,0.05157605558633804,0.3411487936973572,0.7505275011062622,0.7324174642562866,0.488235294117647,0.8264705882352942,0.8496825754058346,0.8696106880416844,0.977083868781872,14.0,2.0,mcf7+IFNB_SMARCA5,mcf7+IFNB,SMARCA5,False,True,5
mcf7+IFNB_SOCS1,0.044730864,0.0041928575,10.668348,0.98805285,0.10758176,0.7584819821099141,0.1433466591382088,0.9906075375884694,0.9989352646269094,0.9916633966851193,2277,1722,0.03037209063768387,0.026442352682352066,1.1486152410507202,0.12673847377300262,0.42698344588279724,0.26470588235294124,0.5073529411764706,0.5373273982367911,0.9426774039747251,0.5700013556824343,13.0,4.0,mcf7+IFNB_SOCS1,mcf7+IFNB,SOCS1,False,True,5
mcf7+IFNB_SP100,0.042130824,0.005926568,7.108806,0.98809695,0.17506292,0.7615616901974488,0.15396711158405033,0.9905974989878774,0.9985099716853206,0.9920757199008355,2207,1757,0.15615148842334747,0.09357895702123642,1.668660283088684,0.5539072751998901,0.20337064564228058,0.7576923076923077,0.3030769230769231,0.717458357296344,0.9753045109158772,0.7356249758576445,21.0,4.0,mcf7+IFNB_SP100,mcf7+IFNB,SP100,False,True,5
mcf7+IFNB_SP110,0.042633116,0.004568677,9.331611,0.989057,0.2485283,0.7277904766446527,0.21559904083636133,0.9913426682500727,0.9988338745416336,0.9925000478232692,2323,1633,0.019854245707392693,0.0280161015689373,0.7086727023124695,0.3154635429382324,0.5351361632347107,0.43,0.4415384615384615,0.7344073695840632,0.9699621019913698,0.7571505815292127,16.0,9.0,mcf7+IFNB_SP110,mcf7+IFNB,SP110,False,True,5
mcf7+IFNB_STAT1,0.046439428,0.004102779,11.319017,0.9869987,0.12259875,0.7744810630066379,0.14937920032655533,0.9898359499861934,0.998922295751035,0.9909038512770305,2232,1808,0.3459948003292084,0.35736945271492004,0.9681711792945862,0.86712247133255,0.31340616941452026,0.5833333333333334,0.25,0.9344819148701276,0.9245436350457213,1.0107493896963713,6.0,3.0,mcf7+IFNB_STAT1,mcf7+IFNB,STAT1,False,True,5
mcf7+IFNB_STAT2,0.030381342,0.021048492,1.4433976,0.99101806,0.6089636,0.749074398675751,0.30222484829299173,0.9928748221898401,0.9946084515436174,0.9982569730318632,2371,1533,0.2877225875854492,0.815552294254303,0.3527947664260864,0.8243054747581482,0.8079407215118408,0.8546153846153846,0.8284615384615385,0.939855558886577,0.9862466530444438,0.952961975572072,23.0,2.0,mcf7+IFNB_STAT2,mcf7+IFNB,STAT2,False,True,5
mcf7+IFNB_STAT3,0.043328214,0.0032959103,13.146054,0.98867804,0.12405169,0.7585411942192893,0.13252828278036244,0.9911399058081846,0.9991377400602041,0.9919952635844408,2230,1808,,,,,,,,,,,,,mcf7+IFNB_STAT3,mcf7+IFNB,STAT3,False,True,5
mcf7+IFNB_STAT4,0.04050438,0.00444431,9.113762,0.9896109,0.2586741,0.7550952431200135,0.2053971522744417,0.9918267956243206,0.998858170838807,0.9929605869784479,2309,1676,0.02687661722302437,0.032555025070905685,0.825575053691864,0.45949849486351013,0.5217235684394836,0.4043863323572631,0.29846153846153844,0.6840486520733868,0.9576177983405965,0.7143232438439817,16.0,9.0,mcf7+IFNB_STAT4,mcf7+IFNB,STAT4,False,True,5
mcf7+IFNB_STAT5A,0.04146687,0.0036986207,11.211441,0.9889301,0.17869186,0.7577067459075623,0.10982437805941068,0.9913061344841007,0.9990378654261329,0.9922608229281336,2188,1861,0.015932047739624977,0.028565268963575363,0.5577419400215149,0.4697893261909485,0.6688458323478699,0.3802197802197802,0.4593406593406593,0.8241943589003484,0.9909833607728167,0.831693438583673,11.0,3.0,mcf7+IFNB_STAT5A,mcf7+IFNB,STAT5A,False,True,5
mcf7+IFNB_STAT6,0.044478755,0.007132732,6.2358656,0.9873154,0.117768615,0.7412314372243409,0.17462792035957922,0.9900092754255356,0.9981717273223792,0.9918225975817412,2245,1701,0.07301630079746246,0.05531831085681915,1.319930076599121,0.1382308155298233,0.09359421581029892,0.46153846153846156,0.18384615384615385,0.40063604476024695,0.5417023234567195,0.739587089462164,15.0,10.0,mcf7+IFNB_STAT6,mcf7+IFNB,STAT6,False,True,5
mcf7+IFNB_TRAFD1,0.044233236,0.0047854865,9.243206,0.98794204,0.09052956,0.751976813430409,0.10271194610155605,0.9905160084177459,0.9987678856519652,0.9917379429667658,2213,1780,0.018316132947802544,0.028816869482398033,0.6356045603752136,0.47690385580062866,0.770662248134613,0.24664602683178533,0.3065015479876161,0.7175951492883357,0.9736284480273611,0.7370318222954899,12.0,6.0,mcf7+IFNB_TRAFD1,mcf7+IFNB,TRAFD1,False,True,5
mcf7+IFNB_TRIM21,0.048672356,0.007672685,6.3435884,0.9888581,0.37682655,0.6992770570202019,0.31656982702809805,0.991013646837399,0.9980650250273012,0.992934951117329,2479,1436,0.09780416637659073,0.16335062682628632,0.5987375974655151,0.8777792453765869,0.7831388711929321,0.6446153846153846,0.7746153846153846,0.9019462200537831,0.8630149738131991,1.045110742480594,22.0,3.0,mcf7+IFNB_TRIM21,mcf7+IFNB,TRIM21,False,True,5
mcf7+IFNB_TRIM22,0.038686555,0.0057457676,6.7330523,0.9893509,0.2784307,0.754114856733597,0.22051906051380843,0.9916116154550704,0.9985567285822669,0.9930448487017287,2310,1628,0.04419653117656708,0.12481144815683365,0.3541063964366913,0.903608500957489,0.7566664218902588,0.21119446437989348,0.4553846153846154,0.9246954766408112,0.9858063954115573,0.9380092084458092,19.0,6.0,mcf7+IFNB_TRIM22,mcf7+IFNB,TRIM22,False,True,5
mcf7+IFNB_TYK2,0.031385105,0.010670727,2.9412339,0.99087536,0.6262179,0.7785469275792214,0.26294621606629937,0.9928352223679524,0.9972386240232266,0.9955844052273976,2320,1658,0.15290243923664093,0.3180586099624634,0.4807366728782654,0.7855700254440308,0.8419955968856812,0.7569230769230769,0.8215384615384616,0.8689662059914303,0.9665744193751251,0.8990163494635033,19.0,6.0,mcf7+IFNB_TYK2,mcf7+IFNB,TYK2,False,True,5
mcf7+IFNB_UBA7,0.043612525,0.007186165,6.068957,0.9870408,0.124923445,0.756181587376195,0.1773383951965167,0.9897620805933564,0.9982567314707712,0.9914905148048445,2275,1656,0.06168843433260918,0.09810331463813782,0.6288108825683594,0.5961215496063232,0.47771918773651123,0.42769230769230765,0.4053846153846154,0.8416049409847582,0.9781032008170105,0.8604459532304616,21.0,4.0,mcf7+IFNB_UBA7,mcf7+IFNB,UBA7,False,True,5
mcf7+IFNB_UBE2L6,0.04726966,0.009091094,5.199557,0.9860323,0.09210836,0.7524066476215167,0.18169316652786285,0.9889247507060065,0.9977710069384852,0.991133981473743,2287,1608,0.04585956037044525,0.11029527336359024,0.4157889783382416,0.799923300743103,0.6109254360198975,0.6538461538461537,0.49615384615384617,0.9249907745069414,0.984012601190327,0.9400192369366116,19.0,6.0,mcf7+IFNB_UBE2L6,mcf7+IFNB,UBE2L6,False,True,5
mcf7+IFNB_USP18,0.055197816,0.0060479585,9.126686,0.9853481,-0.11454134,0.7357796430586588,0.1007365565725818,0.988493734599013,0.9984124125998907,0.9900655501917798,2250,1803,0.03483385220170021,0.04856284707784653,0.7172942757606506,0.3160739541053772,0.44268548488616943,0.8333333333333335,0.1666666666666667,0.6266288583316492,0.5688461008769797,1.1015788934222925,7.0,1.0,mcf7+IFNB_USP18,mcf7+IFNB,USP18,False,False,5
mcf7+IFNB_VAV1,0.045279734,0.0043090456,10.508065,0.98726976,0.0075114444,0.7555424123289803,0.07555697016857178,0.9900204613316284,0.9988798789807944,0.991130647602787,2188,1845,0.2064647376537323,0.07839012891054153,2.633810520172119,0.5194631814956665,-0.005829161498695612,0.6127450980392157,0.07843137254901962,0.6205707299300639,0.7912721989061118,0.7842695987398106,13.0,4.0,mcf7+IFNB_VAV1,mcf7+IFNB,VAV1,False,True,5
mcf7+IFNB_ZBP1,0.041887466,0.0032525142,12.878489,0.98958015,0.219457,0.7446550424476016,0.13700917837762425,0.9918403486950829,0.999146512563384,0.9926875950859733,2249,1826,0.020310556516051292,0.012221473269164562,1.6618746519088745,0.9333298206329346,-0.9033615589141846,0.5,-0.5,0.9004044749139951,0.996775541890718,0.9033171833310406,2.0,1.0,mcf7+IFNB_ZBP1,mcf7+IFNB,ZBP1,False,True,5
mcf7+IFNB_ZNFX1,0.043047436,0.005677659,7.5818987,0.9879893,0.15432209,0.7495233325746966,0.14710670123833175,0.9905391796739292,0.9985656636007159,0.9919619868583864,2258,1701,0.11637485772371292,0.12596599757671356,0.9238592982292175,0.8847144842147827,0.6185615658760071,0.4584615384615385,0.35230769230769227,0.8922111784648744,0.9837508856627527,0.906948284843263,18.0,7.0,mcf7+IFNB_ZNFX1,mcf7+IFNB,ZNFX1,False,True,5
mcf7+INS_MTOR,0.0058526476,0.003880227,1.508326,0.99805474,0.36202666,0.8504599780917305,0.226479437543872,0.9984117964673235,0.9989693538178408,0.9994418674122619,2226,1668,0.026468411087989807,0.17493820190429688,0.15130148828029633,0.8640191555023193,0.9451926946640015,0.880952380952381,0.5476190476190477,0.919774002013087,0.987211155529651,0.931689230678939,6.0,2.0,mcf7+INS_MTOR,mcf7+INS,MTOR,True,False,5
mcf7+INS_SHC1,0.005742539,0.0055227433,1.0397983,0.9980344,0.44629925,0.8422955765470991,0.33067942837203795,0.9984318717915109,0.9985488388310428,0.9998828629757671,2412,1482,0.03465820848941803,0.09595984220504761,0.361174076795578,0.8586522340774536,0.8008499145507812,0.911764705882353,0.2843137254901961,0.9470695786239453,0.9800372882067308,0.9663607599634196,13.0,4.0,mcf7+INS_SHC1,mcf7+INS,SHC1,True,False,5
mcf7+INS_TAF8,0.011081741,0.007968656,1.3906664,0.9965776,0.3577224,0.8068251699983026,0.3316691131126886,0.9972396401661047,0.9979130699604649,0.9993251618656653,2504,1342,0.07616815716028214,0.14123059809207916,0.5393176674842834,0.786236584186554,0.5787259340286255,0.9384615384615383,0.6923076923076923,0.813157399535777,0.6884223221860122,1.1811897629258765,23.0,2.0,mcf7+INS_TAF8,mcf7+INS,TAF8,True,False,5
mcf7+INS_ZNF593,0.00537128,0.0032978242,1.6287345,0.99820006,0.36605963,0.8460314180761712,0.2674810659081882,0.9985809434006987,0.9991163450169872,0.9994641248549693,2445,1586,0.004494937136769295,0.44318145513534546,0.010142430663108826,1.0,1.0,0.9999999999999999,0.9999999999999999,0.989381127677187,0.9967377179749382,0.9926193318813124,2.0,0.0,mcf7+INS_ZNF593,mcf7+INS,ZNF593,True,False,5
mcf7+TGFB_CHUK,0.029155517,0.044101868,0.66109484,0.99286723,0.56566095,0.787571752752109,0.5415282773596821,0.9939053164792762,0.9918382321417523,1.0020840942308307,2238,725,0.495840847492218,0.8619049787521362,0.5752848386764526,0.9818426370620728,0.261213093996048,0.9684615384615385,0.20461538461538462,0.9790849966155126,0.9599345165098534,1.019949777590337,25.0,0.0,mcf7+TGFB_CHUK,mcf7+TGFB,CHUK,True,False,5
mcf7+TGFB_SMAD3,0.0073949792,0.0045221034,1.6352963,0.99775255,0.40671507,0.8046089758432285,0.36429126161351044,0.9982228269694133,0.9988062042919744,0.9994159254117022,2407,975,,,,,,,,,,,,,mcf7+TGFB_SMAD3,mcf7+TGFB,SMAD3,True,False,5
mcf7+TNFA_CHUK,0.010191571,0.013851206,0.7357894,0.9965646,0.46708888,0.845114945822865,0.45206538097527627,0.9972447351401599,0.9965436834322055,1.000703483168485,2554,1237,0.09028231352567673,0.18601937592029572,0.4853382110595703,0.9805536270141602,0.8069701790809631,0.8909405819741955,0.6130769230769231,0.9699570801657394,0.9606066373839415,1.0097338935813127,25.0,0.0,mcf7+TNFA_CHUK,mcf7+TNFA,CHUK,True,False,5
mcf7+TNFA_MTOR,0.00735632,0.008683646,0.84714645,0.99759626,0.44204628,0.8567596198485318,0.2976013078977842,0.9979963676256247,0.9978157625335253,1.000181000440042,2225,1585,0.051040492951869965,0.27988511323928833,0.18236230313777924,0.9744659662246704,0.942270040512085,0.9215384615384615,0.9199999999999999,0.9757863003680105,0.9650438496074146,1.0111315675085293,25.0,0.0,mcf7+TNFA_MTOR,mcf7+TNFA,MTOR,True,False,5
a549+IFNB_ADAR,0.051717956,0.029053777,1.7800769,0.98385084,0.39945984,0.769459220349504,0.4201452711025283,0.9874306457211253,0.9945886773540078,0.9928030232035964,2298,1033,0.24428363144397736,0.30168843269348145,0.8097215890884399,0.2723694443702698,0.39186084270477295,0.6453846153846153,0.15384615384615383,0.7725557729238699,0.950027477348327,0.8131930826676634,21.0,4.0,a549+IFNB_ADAR,a549+IFNB,ADAR,False,False,6
a549+IFNB_AKT1,0.0436652,0.006320477,6.9085293,0.9867532,0.18174216,0.8121419980306399,0.2191329271794921,0.989848631738426,0.9986578178933697,0.9911789744223638,2021,1389,,,,,,,,,,,,,a549+IFNB_AKT1,a549+IFNB,AKT1,False,True,6
a549+IFNB_BATF2,0.045854785,0.006192891,7.404423,0.98603535,0.11463048,0.8056370652812005,0.15556205121172254,0.9893253569918974,0.9986783717732237,0.9906346076517915,1913,1523,0.11384663730859756,0.1649920642375946,0.6900128126144409,,,,,,,,1.0,0.0,a549+IFNB_BATF2,a549+IFNB,BATF2,False,True,6
a549+IFNB_BRD9,0.04896344,0.0054325303,9.013008,0.9860457,0.18015653,0.7827369682599592,0.21737384932021506,0.9893053101637199,0.9988308089865716,0.9904633510128543,2088,1369,,,,,,,,,,,,,a549+IFNB_BRD9,a549+IFNB,BRD9,False,False,6
a549+IFNB_CEBPB,0.056907367,0.021038009,2.7049787,0.98199886,0.1557644,0.7911212303149582,0.23515989993480674,0.9860578696322327,0.9958052851638549,0.990211524605417,2071,1300,0.146211639046669,0.493488073348999,0.296282023191452,0.8870682120323181,0.5669312477111816,0.8246153846153846,0.5315384615384615,0.9496519405354326,0.9735909380270524,0.9754116471748069,25.0,0.0,a549+IFNB_CEBPB,a549+IFNB,CEBPB,False,True,6
a549+IFNB_CEBPG,0.0470611,0.0060059126,7.8357954,0.98603487,0.12506062,0.8055777274914062,0.192026408169921,0.9893374998547279,0.9986978615320713,0.9906274339438517,2044,1391,,,,,,,,,,,,,a549+IFNB_CEBPG,a549+IFNB,CEBPG,False,True,6
a549+IFNB_CRKL,0.067241944,0.058476813,1.1498907,0.97756946,0.3229126,0.7779225022490158,0.41199007468970844,0.9821317299430253,0.9904898229625952,0.9915616568431056,2299,992,0.31663772463798523,0.49849140644073486,0.6351919174194336,0.49156510829925537,0.08912616223096848,0.3353846153846154,-0.06846153846153846,0.8714386093101509,0.9496443532935952,0.9176473342760287,20.0,5.0,a549+IFNB_CRKL,a549+IFNB,CRKL,False,False,6
a549+IFNB_DRAP1,0.046541847,0.008820386,5.276623,0.98662573,0.22180063,0.7868511328242803,0.22151749879132945,0.9897864842699664,0.9980184819650808,0.9917516580665864,2061,1386,0.1634133905172348,0.3097519278526306,0.527562141418457,0.9169620871543884,0.6936888694763184,1.0,0.39999999999999997,0.9701297397734953,0.9951880955217813,0.9748204828202373,3.0,1.0,a549+IFNB_DRAP1,a549+IFNB,DRAP1,False,True,6
a549+IFNB_DTX3L,0.0449938,0.007910435,5.6879044,0.98625994,0.17579862,0.8061304377141928,0.2164995004629464,0.9894321658344605,0.9983537229190155,0.9910637313411624,1977,1421,,,,,,,,,,,,,a549+IFNB_DTX3L,a549+IFNB,DTX3L,False,True,6
a549+IFNB_ELK1,0.044820227,0.004457332,10.055393,0.9869241,0.1637248,0.8068038134671854,0.19055463785481813,0.990061794914543,0.9990037440233449,0.9910491335369881,2054,1444,,,,,,,,,,,,,a549+IFNB_ELK1,a549+IFNB,ELK1,False,True,6
a549+IFNB_ETS1,0.045070216,0.006631622,6.796258,0.98663485,0.2040808,0.7986367224764389,0.233371255544228,0.989760407247106,0.9986003550899855,0.9911476620273354,2037,1395,,,,,,,,,,,,,a549+IFNB_ETS1,a549+IFNB,ETS1,False,True,6
a549+IFNB_ETS2,0.04539214,0.009732508,4.6639714,0.9860369,0.18005408,0.8092771230619379,0.2151836875864912,0.9892676396823916,0.9979514914947579,0.9912983227277316,2010,1403,0.7685975432395935,0.38734501600265503,1.9842711687088013,0.5477898716926575,0.1283305436372757,0.6071428571428572,-0.1785714285714286,0.8831185677749062,0.9843090649162244,0.8971964185355433,4.0,3.0,a549+IFNB_ETS2,a549+IFNB,ETS2,False,True,6
a549+IFNB_FOS,0.04342721,0.009269104,4.6851573,0.9867649,0.26814544,0.8048466072902575,0.2817551216712151,0.9898127058385892,0.9981178087704146,0.9916792357987716,2119,1278,,,,,,,,,,,,,a549+IFNB_FOS,a549+IFNB,FOS,False,True,6
a549+IFNB_H1F0,0.044288103,0.00587724,7.535527,0.9867556,0.17514051,0.8081875067018188,0.21255133466383752,0.9898625778640279,0.9987326676590286,0.9911186545887283,1990,1427,,,,,,,,,,,,,a549+IFNB_H1F0,a549+IFNB,H1F0,False,True,6
a549+IFNB_HERC5,0.045446523,0.0115868915,3.922236,0.9859776,0.23119608,0.8037976012701329,0.24373944658430802,0.9891468487801081,0.9976778843409033,0.9914491082796416,2018,1351,0.21963553130626678,0.8001903295516968,0.27447912096977234,0.9692739248275757,0.8787405490875244,0.39999999999999997,0.7999999999999999,0.963735182174858,0.9827062206885233,0.9806951069258791,3.0,1.0,a549+IFNB_HERC5,a549+IFNB,HERC5,False,True,6
a549+IFNB_HERC6,0.04965913,0.0127033815,3.9091268,0.984455,0.1375081,0.8068888418994064,0.2159248648930809,0.9879772602931425,0.9975287684674955,0.9904248293620374,2003,1363,0.3808373212814331,0.8144915103912354,0.4675767719745636,0.9997768402099609,0.1486404985189438,1.0,0.5,0.9952133184372824,0.9760998192123311,1.0195815006301048,3.0,0.0,a549+IFNB_HERC6,a549+IFNB,HERC6,False,True,6
a549+IFNB_HES4,0.049186062,0.014868246,3.3081279,0.9845418,0.18106951,0.8030274371253799,0.24417273694014066,0.9879852390819557,0.9971551420668638,0.9908039355180969,2053,1318,0.16500787436962128,0.3244127035140991,0.5086356997489929,,,,,,,,1.0,0.0,a549+IFNB_HES4,a549+IFNB,HES4,False,True,6
a549+IFNB_ID1,0.053252075,0.058335517,0.91285855,0.9812979,0.50836456,0.755863934778581,0.5289758519273319,0.9851585808361838,0.990556550231031,0.9945505691789246,2440,825,0.21578925848007202,0.40738770365715027,0.529690146446228,0.7568499445915222,0.12686973810195923,0.5103927609361487,0.18076923076923077,0.9039404307275358,0.9334124069438595,0.9684255576666057,23.0,2.0,a549+IFNB_ID1,a549+IFNB,ID1,False,True,6
a549+IFNB_ID2,0.04429743,0.0068749893,6.4432726,0.986638,0.1901262,0.8077943817872113,0.226517804769405,0.9897533707294397,0.9985343574086972,0.9912061246424759,2021,1394,,,,,,,,,,,,,a549+IFNB_ID2,a549+IFNB,ID2,False,True,6
a549+IFNB_ID3,0.04699978,0.010309965,4.558675,0.9856506,0.21286549,0.7988027566079282,0.26101156750472265,0.9889393922790888,0.9979435234592703,0.9909773138774731,2087,1288,,,,,,,,,,,,,a549+IFNB_ID3,a549+IFNB,ID3,False,True,6
a549+IFNB_IFI16,0.06328511,0.10110833,0.6259139,0.9772531,0.68098766,0.7035585485571383,0.6983626196731263,0.9817495691730599,0.9851009668774339,0.9965979145112432,2721,549,0.15593044459819794,0.710066020488739,0.2195999175310135,0.8861855268478394,0.4330337941646576,0.5171220082665668,0.42153846153846153,0.936163911636987,0.9488887231368016,0.9865897747654231,25.0,0.0,a549+IFNB_IFI16,a549+IFNB,IFI16,False,True,6
a549+IFNB_IFNAR1,0.04084287,0.015475376,2.6392167,0.9883771,0.5374588,0.8026693017007032,0.37573766820316745,0.9910889566052176,0.9965786120779131,0.9944914978044237,2193,1212,0.05019477754831314,0.31327885389328003,0.16022396087646484,0.8374291062355042,0.8648911714553833,0.9278195488721804,0.7774436090225564,0.9379482924358927,0.917350965261227,1.0224530500916849,19.0,1.0,a549+IFNB_IFNAR1,a549+IFNB,IFNAR1,False,True,6
a549+IFNB_IFNAR2,0.042108946,0.019985542,2.1069705,0.9886668,0.5515122,0.7908155133839048,0.3632915403421317,0.9913378967535867,0.9954966215764215,0.9958224621433178,2222,1229,0.12723934650421143,0.6044317483901978,0.21051068603992462,0.9058477878570557,0.8517079949378967,0.8576923076923076,0.8292307692307692,0.9537067190341464,0.9163377004741995,1.0407808371745577,25.0,0.0,a549+IFNB_IFNAR2,a549+IFNB,IFNAR2,False,True,6
a549+IFNB_IRF1,0.043114122,0.0054065282,7.9744563,0.98722965,0.19093391,0.8179219994777956,0.2155543033956323,0.9902878425344105,0.9987806597182247,0.9914968145396306,2059,1443,2.954263925552368,0.37405627965927124,7.897912979125977,,,,,,,,0.0,1.0,a549+IFNB_IRF1,a549+IFNB,IRF1,False,True,6
a549+IFNB_IRF3,0.051683385,0.026077613,1.9819063,0.98358816,0.3223014,0.7832788177368187,0.38186619451847753,0.987135375645475,0.9951162130243458,0.991979994623326,2265,1050,0.2605166733264923,0.2750784754753113,0.9470630884170532,0.6994907855987549,-0.05128426477313042,0.74,-0.003076923076923077,0.8797945973233315,0.9681985316726724,0.9086923482556691,21.0,4.0,a549+IFNB_IRF3,a549+IFNB,IRF3,False,True,6
a549+IFNB_IRF7,0.04795352,0.013443615,3.5670106,0.9849771,0.17969343,0.8139511818734466,0.23148619915429255,0.988319560749562,0.9974414249004167,0.9908547370069722,2000,1377,,,,,,,,,,,,,a549+IFNB_IRF7,a549+IFNB,IRF7,False,True,6
a549+IFNB_IRF9,0.050921258,0.026219934,1.9420818,0.98596156,0.51486325,0.7603021527977558,0.4812415279914532,0.9890537954839126,0.9952300159374426,0.9937941778738331,2391,936,0.04247884824872017,0.3311404883861542,0.12828044593334198,0.5928135514259338,0.706950843334198,0.6861538461538461,0.6515384615384615,0.8846384061167019,0.9652368958626436,0.9164987475184422,25.0,0.0,a549+IFNB_IRF9,a549+IFNB,IRF9,False,True,6
a549+IFNB_JAK1,0.041866623,0.00907807,4.611842,0.9875474,0.38215667,0.8177154869846909,0.30405290324752554,0.9904812371196912,0.9979731344488507,0.9924928867616291,2121,1337,0.04852159693837166,0.2223934382200241,0.21817909181118011,0.8590171933174133,0.6310446262359619,0.7666666666666667,0.43333333333333335,0.9507333734015245,0.9740756630748747,0.9760364717462858,8.0,1.0,a549+IFNB_JAK1,a549+IFNB,JAK1,False,True,6
a549+IFNB_JUN,0.045977347,0.011432304,4.021704,0.9859132,0.21787822,0.805974174850102,0.22719015295192282,0.9891446946833968,0.9976310675189678,0.9914934757829105,2004,1382,0.09465774148702621,0.19791392982006073,0.4782772958278656,0.9603926539421082,-0.7921558618545532,0.5,-1.0,0.9448579178542211,0.8993001289567235,1.0506591597516495,3.0,0.0,a549+IFNB_JUN,a549+IFNB,JUN,False,True,6
a549+IFNB_MAP3K14,0.04870068,0.013940192,3.4935443,0.9847758,0.16993713,0.8074109265791353,0.219072026596628,0.9882223941417606,0.9972197418353935,0.9909775676150643,1965,1387,0.15207815170288086,0.3163096010684967,0.480788916349411,0.6960630416870117,0.6997078061103821,0.6428571428571429,0.7802197802197801,0.8586841265419919,0.9667722204078096,0.8881969386540468,12.0,1.0,a549+IFNB_MAP3K14,a549+IFNB,MAP3K14,False,True,6
a549+IFNB_MAPK8,0.042624675,0.0075293444,5.6611404,0.98704743,0.24708292,0.816227594708937,0.2600471078958277,0.9900597049223252,0.9984147963512587,0.9916316430210494,2071,1344,,,,,,,,,,,,,a549+IFNB_MAPK8,a549+IFNB,MAPK8,False,True,6
a549+IFNB_MAPK14,0.045570336,0.008519141,5.34917,0.9861538,0.174534,0.8062518392320981,0.21804276120552518,0.9893861288293732,0.9981542739177975,0.991215641391777,2005,1413,0.06551743298768997,0.22298957407474518,0.29381388425827026,-0.25122109055519104,0.9563286900520325,0.5,0.5,0.6278146694455835,0.9659210863208751,0.649964762480634,3.0,0.0,a549+IFNB_MAPK14,a549+IFNB,MAPK14,False,True,6
a549+IFNB_MEF2A,0.04401837,0.007905917,5.5677752,0.9866751,0.2261841,0.8111592157307889,0.23431303723466188,0.9897781845784595,0.9983505557410333,0.9914134658279317,2037,1353,1.2827504873275757,2.01810622215271,0.6356208920478821,,,,,,,,1.0,0.0,a549+IFNB_MEF2A,a549+IFNB,MEF2A,False,True,6
a549+IFNB_MYC,0.047320195,0.008824172,5.3625646,0.98555744,0.11791724,0.8133833947726018,0.18115050707929287,0.9888422627127015,0.9981556932981457,0.9906693608542467,1964,1419,0.06724273413419724,0.1860947459936142,0.36133602261543274,,,,,,,,1.0,0.0,a549+IFNB_MYC,a549+IFNB,MYC,False,True,6
a549+IFNB_NFE2L3,0.046130832,0.010874292,4.242192,0.9857302,0.21191537,0.8024043362153723,0.24141756470291525,0.9889839802642745,0.9978535678581834,0.9911113334865889,2035,1334,0.19144684076309204,0.30102577805519104,0.635981559753418,0.9950996041297913,0.21545633673667908,1.0,-0.5,0.9826783378166848,0.9721146886135853,1.0108666696705975,3.0,0.0,a549+IFNB_NFE2L3,a549+IFNB,NFE2L3,False,True,6
a549+IFNB_NFKB1,0.05198913,0.023609543,2.2020388,0.983299,0.25211203,0.7874330296598021,0.30430962111495924,0.9869593390409444,0.9955900617333183,0.991331047763426,2160,1184,0.16493123769760132,0.3070290684700012,0.5371844172477722,0.8786044716835022,0.15709789097309113,0.4053846153846154,0.2376923076923077,0.9325804779761792,0.9414060172865764,0.9906251509462037,22.0,3.0,a549+IFNB_NFKB1,a549+IFNB,NFKB1,False,True,6
a549+IFNB_PARP12,0.043819048,0.0065611526,6.6785593,0.986704,0.16744049,0.8181473350630449,0.21557872175968976,0.9897970890705542,0.9985778712132973,0.9912067126702154,2018,1429,1.6170982122421265,1.6266875267028809,0.9941049814224243,,,,,,,,1.0,0.0,a549+IFNB_PARP12,a549+IFNB,PARP12,False,True,6
a549+IFNB_POU2F1,0.057039168,0.09800915,0.581978,0.9790151,0.6025634,0.7383409361193779,0.6173820030128866,0.9831827889430326,0.9859968134406816,0.9971460105557245,2573,689,0.14849181473255157,0.4980526268482208,0.2981448173522949,0.5860620737075806,0.291677862405777,0.39613687842807854,0.13615384615384615,0.8691469313349649,0.8933958844620984,0.9728575499967369,25.0,0.0,a549+IFNB_POU2F1,a549+IFNB,POU2F1,False,True,6
a549+IFNB_RAP1GAP,0.04328602,0.005687607,7.610586,0.9869823,0.1989509,0.8049456932477103,0.2106188358888587,0.990038656067244,0.998777032540617,0.9912509236910014,2015,1427,,,,,,,,,,,,,a549+IFNB_RAP1GAP,a549+IFNB,RAP1GAP,False,True,6
a549+IFNB_RAPGEF1,0.049782164,0.018991668,2.6212635,0.9842217,0.2369535,0.7953632809039326,0.2987267721711705,0.987702761048168,0.9963844063762192,0.9912868514676723,2128,1218,0.15063074231147766,0.2748781442642212,0.5479909777641296,0.7006828784942627,0.5211100578308105,0.5746153846153847,0.3046153846153846,0.893868476511357,0.9665671892927746,0.9247866950308852,21.0,4.0,a549+IFNB_RAPGEF1,a549+IFNB,RAPGEF1,False,True,6
a549+IFNB_RNF114,0.05501017,0.005039391,10.916035,0.98574764,0.20750579,0.7666754155434592,0.2545994325675045,0.989010726383184,0.9988991633186383,0.9901006655140225,2146,1296,,,,,,,,,,,,,a549+IFNB_RNF114,a549+IFNB,RNF114,False,False,6
a549+IFNB_SMARCA5,0.048418574,0.017284395,2.8012884,0.9847078,0.24502575,0.7967485872702794,0.28901730271081716,0.9881377520275008,0.9966316987971662,0.9914773463658473,2141,1214,0.1755637228488922,0.24230244755744934,0.7245643734931946,0.9146338105201721,-0.2983595132827759,0.6696101886397334,-0.0823529411764706,0.9484935812237046,0.9493588703172495,0.999088554264779,14.0,2.0,a549+IFNB_SMARCA5,a549+IFNB,SMARCA5,False,True,6
a549+IFNB_SOCS1,0.043496348,0.007722949,5.6320906,0.98680675,0.21728103,0.812367324314035,0.24134375975447983,0.989872098321088,0.998367114528092,0.9914910897170132,2077,1339,,,,,,,,,,,,,a549+IFNB_SOCS1,a549+IFNB,SOCS1,False,True,6
a549+IFNB_SP100,0.045884963,0.010438798,4.3956175,0.9858917,0.18991648,0.812816009771716,0.21459173120411032,0.9890669005249424,0.997888548874708,0.9911596857587818,1968,1419,1.4551844596862793,1.5444457530975342,0.9422049522399902,,,,,,,,1.0,0.0,a549+IFNB_SP100,a549+IFNB,SP100,False,True,6
a549+IFNB_SP110,0.051779237,0.02344023,2.20899,0.98329866,0.30579907,0.7761652781478509,0.3788443816404396,0.9870004853901353,0.995822996149524,0.9911404830040057,2270,1078,0.30532020330429077,0.2976236045360565,1.0258601903915405,0.7832071781158447,-0.15234579145908356,0.785151005099021,-0.14846153846153848,0.8814912410471846,0.93293210622624,0.9448610838497814,22.0,3.0,a549+IFNB_SP110,a549+IFNB,SP110,False,True,6
a549+IFNB_STAT1,0.045842987,0.007620528,6.015723,0.9861649,0.2593153,0.8180502447170153,0.25371550285459116,0.9893581344386474,0.9983595460694652,0.9909837977046884,2071,1342,,,,,,,,,,,,,a549+IFNB_STAT1,a549+IFNB,STAT1,False,True,6
a549+IFNB_STAT2,0.04819283,0.028591223,1.6855812,0.9865662,0.5408812,0.7543783565322996,0.37376694241312314,0.9895950611425353,0.9939957838213731,0.9955726948237955,2208,1159,0.15760451555252075,0.9724242687225342,0.16207382082939148,0.8909605741500854,0.7260227203369141,0.8123076923076924,0.7876923076923077,0.9645773078438253,0.9659665181681168,0.9985618442273485,25.0,0.0,a549+IFNB_STAT2,a549+IFNB,STAT2,False,True,6
a549+IFNB_STAT3,0.044693623,0.012539981,3.5640903,0.98634064,0.25129658,0.8108316588417395,0.23109558549250142,0.9894834211764939,0.9973310665008628,0.9921313537821475,2051,1357,0.07955969870090485,0.27648448944091797,0.2877546548843384,0.7230928540229797,0.8259221315383911,0.3090909090909091,0.9090909090909091,0.8880084062158657,0.9625904705148958,0.9225194238011357,9.0,2.0,a549+IFNB_STAT3,a549+IFNB,STAT3,False,True,6
a549+IFNB_STAT4,0.045493968,0.007907583,5.7532077,0.98631155,0.20705521,0.8025175350933299,0.23795357337620396,0.9894855233123497,0.9983762256566079,0.9910948376816455,2084,1318,,,,,,,,,,,,,a549+IFNB_STAT4,a549+IFNB,STAT4,False,True,6
a549+IFNB_STAT5A,0.050404757,0.0041692453,12.08966,0.9865285,0.20496899,0.7831232000136388,0.23154197379083913,0.9896991915753944,0.9990700388918761,0.9906204300482523,2107,1387,,,,,,,,,,,,,a549+IFNB_STAT5A,a549+IFNB,STAT5A,False,False,6
a549+IFNB_STAT6,0.05236748,0.01196592,4.376385,0.986283,0.2731712,0.7717610748501609,0.23525336936766203,0.9894531766885812,0.9972968621618417,0.9921350544949499,2084,1366,0.3079994320869446,0.4073278307914734,0.7561463117599487,0.5469999313354492,0.5260758996009827,0.6593406593406593,0.4175824175824176,0.8177791739681418,0.749267669176305,1.0914379568347767,11.0,2.0,a549+IFNB_STAT6,a549+IFNB,STAT6,False,True,6
a549+IFNB_TRAFD1,0.05080049,0.011456944,4.434035,0.9842557,0.07877268,0.8111231991527057,0.1840901808654706,0.987857247464746,0.9976493526322533,0.990184822812072,1973,1422,,,,,,,,,,,,,a549+IFNB_TRAFD1,a549+IFNB,TRAFD1,False,True,6
a549+IFNB_TRIM21,0.0549563,0.04670505,1.1766672,0.98145163,0.39932153,0.7791436381148437,0.4460606474807993,0.9852415042129968,0.9920250054337085,0.9931619654912368,2329,959,0.330344557762146,0.3881382346153259,0.8511002659797668,0.5219415426254272,0.025539051741361618,0.6785920494829365,0.15692307692307692,0.8223678051354208,0.947435954044415,0.8679930306897229,22.0,3.0,a549+IFNB_TRIM21,a549+IFNB,TRIM21,False,True,6
a549+IFNB_TRIM22,0.04650677,0.013626947,3.4128532,0.9854769,0.25297934,0.7919748823331253,0.28497284742111983,0.9887818170055501,0.9973446969613251,0.9914143224685867,2110,1260,0.3054289221763611,0.6185975074768066,0.4937441945075989,0.979140043258667,0.4946606755256653,0.7833333333333333,0.5833333333333334,0.9870159394701448,0.9891773601789985,0.9978149310772109,9.0,0.0,a549+IFNB_TRIM22,a549+IFNB,TRIM22,False,True,6
a549+IFNB_TYK2,0.038851712,0.02048252,1.8968229,0.98891556,0.543795,0.7985718893071625,0.35128686346791804,0.991547907151252,0.9953796746224982,0.9961504463382784,2181,1279,0.10635848343372345,0.5873467326164246,0.18108296394348145,0.900437593460083,0.8482370972633362,0.8646153846153846,0.8376923076923077,0.953707080090256,0.9330441493104953,1.022145716036085,25.0,0.0,a549+IFNB_TYK2,a549+IFNB,TYK2,False,True,6
a549+IFNB_UBA7,0.04407,0.011335678,3.887725,0.9864841,0.27963686,0.7965916551980534,0.2770781831674471,0.9895731642544747,0.9977117749000021,0.9918427236700268,2094,1283,,,,,,,,,,,,,a549+IFNB_UBA7,a549+IFNB,UBA7,False,True,6
a549+IFNB_UBE2L6,0.046739463,0.012129664,3.8533187,0.9858147,0.2867325,0.7843623482549031,0.3262689185675909,0.9890490405787546,0.9976311764642719,0.9913974862775105,2156,1211,,,,,,,,,,,,,a549+IFNB_UBE2L6,a549+IFNB,UBE2L6,False,True,6
a549+IFNB_USP18,0.06361175,0.035388853,1.7975081,0.980163,0.23321334,0.7986454775837043,0.23030374611672705,0.9846552039927162,0.9921720521712452,0.992423846083873,2014,1360,1.019107460975647,1.1805226802825928,0.8632680177688599,0.4162807762622833,0.3861697316169739,0.43538461538461537,0.34076923076923077,0.8386134501150206,0.8086124612921093,1.0371018136116426,15.0,10.0,a549+IFNB_USP18,a549+IFNB,USP18,False,True,6
a549+IFNB_VAV1,0.042773064,0.0048508,8.817734,0.98762083,0.24963015,0.8074673674128382,0.2584956481880226,0.9905547861878973,0.9989349243840618,0.9916109268065367,2142,1334,,,,,,,,,,,,,a549+IFNB_VAV1,a549+IFNB,VAV1,False,True,6
a549+IFNB_ZBP1,0.048910126,0.010831115,4.5157056,0.9848484,0.13706796,0.8128004759009407,0.21239107679710148,0.9883256488910608,0.9978213438405561,0.9904835720260834,2020,1386,0.26418817043304443,0.39396774768829346,0.6705832481384277,0.9695423245429993,-0.9259770512580872,0.7999999999999999,-0.7999999999999999,0.9791481906463024,0.9964722704356275,0.9826145891829469,3.0,1.0,a549+IFNB_ZBP1,a549+IFNB,ZBP1,False,True,6
a549+IFNB_ZNFX1,0.04551278,0.014768872,3.0816693,0.98571503,0.2749524,0.8004812912990855,0.29777731486452913,0.9889109493869702,0.997180905328513,0.9917066643601461,2109,1255,0.3814920485019684,0.7734979391098022,0.49320369958877563,0.9893694519996643,0.06381094455718994,0.7999999999999999,-0.39999999999999997,0.9918990378584013,0.9833221410496561,1.0087223672189356,4.0,0.0,a549+IFNB_ZNFX1,a549+IFNB,ZNFX1,False,True,6
a549+IFNG_IFNGR1,0.016692108,0.024619833,0.6779944,0.9948934,0.58871114,0.833580843232311,0.41002121152416665,0.9960703706196111,0.9942775977898627,1.0018030908407607,2229,1060,0.2932577133178711,0.9565063714981079,0.30659252405166626,0.8454886078834534,0.9186616539955139,0.786923076923077,0.6823076923076923,0.9690124243081498,0.9523491214249376,1.0174970528226877,25.0,0.0,a549+IFNG_IFNGR1,a549+IFNG,IFNGR1,True,False,6
a549+IFNG_KIN,0.017429372,0.027670087,0.62989944,0.9951517,0.57055837,0.8227803122220714,0.5683838846293618,0.9959989922668111,0.9949557921501335,1.0010484889126814,2352,845,0.19308744370937347,0.38000422716140747,0.5081192255020142,0.6455037593841553,0.5423443913459778,0.8951721650492024,0.4461538461538462,0.8178123459260622,0.7881824676447485,1.037592663498154,24.0,1.0,a549+IFNG_KIN,a549+IFNG,KIN,True,False,6
a549+IFNG_PRDM1,0.01076609,0.005970198,1.8033053,0.99698484,0.2784396,0.8390739483176968,0.29890016559112853,0.9975963968370365,0.9986320382161975,0.99896293996234,2069,1272,1.7985795736312866,2.041809320449829,0.8808754086494446,,,,,,,,1.0,0.0,a549+IFNG_PRDM1,a549+IFNG,PRDM1,True,False,6
a549+INS_MTOR,0.010431754,0.0065592118,1.5903976,0.99719965,0.26578462,0.8393377088830584,0.2666651982063209,0.9976676729361384,0.9985488133562965,0.9991175790223049,2003,1440,0.05002868175506592,0.16843226552009583,0.29702553153038025,1.0,1.0,0.9999999999999999,0.9999999999999999,0.969731894184984,0.9799068942768859,0.9896163603385906,2.0,0.0,a549+INS_MTOR,a549+INS,MTOR,True,False,6
a549+TNFA_TNFRSF1A,0.06200186,0.06463382,0.959279,0.9824161,0.21592572,0.8298687384599538,0.3072997690531062,0.9860783095557007,0.985714644051603,1.0003689358845305,2059,1432,2.1726598739624023,2.203436851501465,0.9860323071479797,0.3931310176849365,-0.017815260216593742,0.3776923076923077,-0.08538461538461539,0.8809376404258672,0.8805000262284385,1.0004970064558694,12.0,13.0,a549+TNFA_TNFRSF1A,a549+TNFA,TNFRSF1A,True,False,6
bxpc3+IFNB_ADAR,0.065985635,0.05173739,1.2753955,0.97873765,0.22281027,0.8124512452893408,0.27060567719017614,0.9838871434209782,0.9881995359537664,0.9956361115585567,2405,1627,1.7428643703460693,1.7587848901748657,0.9909480214118958,0.6310409903526306,0.32502689957618713,0.5792307692307693,0.2561538461538462,0.8762544179011055,0.8725480913806126,1.0042477045759488,16.0,9.0,bxpc3+IFNB_ADAR,bxpc3+IFNB,ADAR,False,False,6
bxpc3+IFNB_AKT1,0.036942985,0.0031139415,11.863737,0.9905803,0.15091676,0.8325244009754093,0.129910645099027,0.9929315809044853,0.999286660075303,0.9936403842613702,2353,1849,0.011733496561646461,0.400846391916275,0.029271801933646202,0.5664286613464355,0.9703548550605774,0.49999999999999994,0.9999999999999999,0.7913497150432355,0.6019201400525495,1.3147088166449261,4.0,1.0,bxpc3+IFNB_AKT1,bxpc3+IFNB,AKT1,False,True,6
bxpc3+IFNB_BATF2,0.032184217,0.0068717645,4.6835446,0.9901238,0.17200883,0.834766264712348,0.18487739422700739,0.9925968370046658,0.9984774855155089,0.9941103844641956,2268,1795,0.15211625397205353,0.22086888551712036,0.6887174248695374,0.9572133421897888,0.44975709915161133,0.6815384615384615,0.19846153846153847,0.9673290505695173,0.9214982696753158,1.0497350699425076,18.0,7.0,bxpc3+IFNB_BATF2,bxpc3+IFNB,BATF2,False,True,6
bxpc3+IFNB_BRD9,0.042918183,0.0054656216,7.8523884,0.9891411,0.19649918,0.8084335432656976,0.19271865659775073,0.9916537307260852,0.9987694095207131,0.9928755539298679,2398,1739,0.31033390760421753,0.3901720643043518,0.7953770756721497,0.45621511340141296,0.6132766008377075,0.5032967032967033,0.6483516483516484,0.6053058137509516,0.43396528258353406,1.3948254343005795,12.0,2.0,bxpc3+IFNB_BRD9,bxpc3+IFNB,BRD9,False,False,6
bxpc3+IFNB_CEBPB,0.034496974,0.012821782,2.6904976,0.98983717,0.3176045,0.8265780603261723,0.29547490749832805,0.9923143568380223,0.9972019458273477,0.9950986968990816,2486,1547,0.29615890979766846,0.2928478717803955,1.0113062858581543,0.4605465829372406,0.23278288543224335,0.7461538461538462,0.3276923076923077,0.6619722110050021,0.7010805217846579,0.9442170912406719,21.0,4.0,bxpc3+IFNB_CEBPB,bxpc3+IFNB,CEBPB,False,True,6
bxpc3+IFNB_CEBPG,0.038730074,0.004195257,9.231872,0.99021864,0.17597787,0.8222135582386685,0.15212924944212958,0.9926226276863056,0.9990472841385283,0.9935692168386578,2381,1783,0.011532919481396675,0.2509053945541382,0.04596520960330963,0.7538837790489197,0.9478600025177002,0.75,0.7333333333333334,0.8747966434559116,0.7009779415253558,1.2479660081062172,9.0,0.0,bxpc3+IFNB_CEBPG,bxpc3+IFNB,CEBPG,False,True,6
bxpc3+IFNB_CRKL,0.045476586,0.010490103,4.33519,0.9891856,0.37821466,0.8022566082732421,0.3743441280496738,0.9916964050656029,0.9978394479526498,0.9938436560113442,2665,1378,0.017260245978832245,0.16434356570243835,0.10502538084983826,0.7702224254608154,0.9420117139816284,0.5758277302869369,0.8184615384615385,0.8760700357734353,0.7950049818466398,1.101967982311881,23.0,2.0,bxpc3+IFNB_CRKL,bxpc3+IFNB,CRKL,False,False,6
bxpc3+IFNB_DRAP1,0.036994606,0.006022291,6.142946,0.98993343,0.22893237,0.8177213803266611,0.20854981477276452,0.9923906645867017,0.9986767616300378,0.9937055739305719,2404,1660,0.018793955445289612,0.1532391756772995,0.1226445883512497,0.8061885833740234,0.9169171452522278,0.5851125324623279,0.6953846153846154,0.903215192452523,0.829994314475267,1.0882185295733589,22.0,3.0,bxpc3+IFNB_DRAP1,bxpc3+IFNB,DRAP1,False,True,6
bxpc3+IFNB_DTX3L,0.038612496,0.0037161347,10.3905,0.9903058,0.12575662,0.827445275371935,0.10563356448312708,0.9927054988025626,0.9991480728353235,0.9935519326835326,2311,1896,0.3446497917175293,0.7774152159690857,0.44332781434059143,0.8613258600234985,0.6053940653800964,0.8285714285714287,0.6,0.8971036819279425,0.8418387432574375,1.0656478917288377,5.0,1.0,bxpc3+IFNB_DTX3L,bxpc3+IFNB,DTX3L,False,True,6
bxpc3+IFNB_ELK1,0.037933014,0.003020989,12.556489,0.9900854,0.11338307,0.8275299510299,0.12272489380605794,0.9925479077013356,0.9993123825617127,0.9932308705681835,2318,1854,0.004421038553118706,0.6419723629951477,0.006886649411171675,0.7048799991607666,0.9879898428916931,0.5,1.0,0.8866998800201719,0.5293258162759653,1.6751495067036155,3.0,0.0,bxpc3+IFNB_ELK1,bxpc3+IFNB,ELK1,False,True,6
bxpc3+IFNB_ETS1,0.04222064,0.012408826,3.4024687,0.9880396,0.14080386,0.8234860910894465,0.15182483147920356,0.991007541406952,0.9971778164078197,0.9938122620666642,2305,1764,0.22960416972637177,0.39191731810569763,0.5858485102653503,0.6932865977287292,0.3799900412559509,0.7278322889011993,0.4669230769230769,0.7994543485465917,0.8262096141976149,0.9676168551040079,21.0,4.0,bxpc3+IFNB_ETS1,bxpc3+IFNB,ETS1,False,True,6
bxpc3+IFNB_ETS2,0.03932828,0.0033943504,11.586394,0.9898234,0.07823222,0.8272858120686237,0.1081230520138377,0.9923398653072802,0.9992234399367936,0.9931110757070022,2331,1894,0.0005199964507482946,0.6379043459892273,0.0008151636575348675,0.960107684135437,0.9993314743041992,1.0,1.0,0.984403958192524,0.29679409552240377,3.316790910074609,3.0,0.0,bxpc3+IFNB_ETS2,bxpc3+IFNB,ETS2,False,True,6
bxpc3+IFNB_FOS,0.03298394,0.022416279,1.471428,0.98975027,0.43413848,0.8279397767380112,0.436639705531321,0.9921149698562797,0.9956516114713105,0.9964479125285554,2659,1337,0.043724991381168365,0.1749199628829956,0.2499714195728302,0.2959548830986023,0.8541175127029419,0.3258318967755369,0.6153846153846153,0.8196692107065313,0.853373876287103,0.9605042215175188,23.0,2.0,bxpc3+IFNB_FOS,bxpc3+IFNB,FOS,False,True,6
bxpc3+IFNB_H1F0,0.030427659,0.0054532173,5.579763,0.9910479,0.2844311,0.8313628933567682,0.22604900219444557,0.9932930340599189,0.9988015377415275,0.994484886663206,2372,1722,0.10977917164564133,0.22488945722579956,0.4881472587585449,-0.19956937432289124,0.6709295511245728,0.2132352941176471,0.823529411764706,0.19218924455138175,0.20433036213182465,0.9405809422849748,14.0,3.0,bxpc3+IFNB_H1F0,bxpc3+IFNB,H1F0,False,True,6
bxpc3+IFNB_HERC5,0.035833705,0.006531297,5.4864607,0.9907484,0.28620642,0.8187935922851179,0.21311957795756029,0.9930374663552088,0.9985411775017616,0.9944882481858961,2361,1726,0.02339104562997818,0.2462894767522812,0.09497379511594772,0.9416882395744324,0.9367361068725586,0.7386035912739444,0.6053846153846154,0.9501317407327354,0.9356225847728858,1.0155074879507868,24.0,1.0,bxpc3+IFNB_HERC5,bxpc3+IFNB,HERC5,False,True,6
bxpc3+IFNB_HERC6,0.037622564,0.0064328234,5.8485303,0.9898784,0.19354135,0.8252241423104995,0.2029246926584575,0.9923889729799742,0.9985501460978462,0.9938298811111803,2367,1754,0.2499411404132843,0.43246138095855713,0.5779501795768738,0.7550132870674133,0.5880250930786133,0.6408668730650156,0.33746130030959753,0.8051835841667582,0.7970393589030456,1.0102180967260155,12.0,6.0,bxpc3+IFNB_HERC6,bxpc3+IFNB,HERC6,False,True,6
bxpc3+IFNB_HES4,0.036193278,0.0043753576,8.272073,0.9899814,0.16776615,0.8229168496223921,0.19413691335184155,0.9924544876825261,0.9990270911710617,0.9934209957401343,2366,1726,0.04756942018866539,0.30409181118011475,0.15643110871315002,0.9624471068382263,0.9350225925445557,0.5333333333333333,0.8166666666666667,0.9717105719948896,0.63147572940712,1.5387932215656321,8.0,1.0,bxpc3+IFNB_HES4,bxpc3+IFNB,HES4,False,True,6
bxpc3+IFNB_ID1,0.15211551,0.3427199,0.4438479,0.95058346,0.71702576,0.7641076845453953,0.721539829151209,0.9582861511183683,0.9464347959824024,1.0125221042022912,2952,707,0.4151402711868286,1.0168063640594482,0.40827858448028564,,0.4277804493904114,,0.6538461538461537,,,,23.0,2.0,bxpc3+IFNB_ID1,bxpc3+IFNB,ID1,False,True,6
bxpc3+IFNB_ID2,0.038954835,0.004580922,8.503711,0.9896366,0.06925273,0.8289532452010958,0.1416977733133481,0.9921972935472039,0.9989501767789438,0.9932400199842657,2373,1828,0.8593081831932068,0.8824751377105713,0.973747730255127,0.9763834476470947,0.6090893745422363,0.942857142857143,0.6571428571428573,0.9805347856258849,0.751293066457935,1.3051295551664526,4.0,2.0,bxpc3+IFNB_ID2,bxpc3+IFNB,ID2,False,True,6
bxpc3+IFNB_ID3,0.036450878,0.0053453287,6.8192024,0.9898597,0.19421238,0.8238890162558639,0.22196047491411966,0.9923375474719516,0.9988053879891562,0.9935244236815483,2449,1621,0.012401780113577843,0.09413637965917587,0.1317426860332489,0.3038221001625061,0.927007794380188,0.5261538461538462,0.2923076923076923,0.7615569981094424,0.7649353794779542,0.9955834421323048,24.0,1.0,bxpc3+IFNB_ID3,bxpc3+IFNB,ID3,False,True,6
bxpc3+IFNB_IFI16,0.054337014,0.019645523,2.7658725,0.98613864,0.41846627,0.7548825929201182,0.40965298997631816,0.9890758585126775,0.9958048403506441,0.9932426700842334,2705,1294,0.30300912261009216,0.7424831986427307,0.4081023335456848,0.9030776619911194,0.5421421527862549,0.6335644679493971,0.6007692307692307,0.9236708269719407,0.8928549722182121,1.034513841231314,22.0,3.0,bxpc3+IFNB_IFI16,bxpc3+IFNB,IFI16,False,True,6
bxpc3+IFNB_IFNAR1,0.02880036,0.012713591,2.2653208,0.99227065,0.63507587,0.8326104913224368,0.3652721276279543,0.994185743482018,0.9971495005516925,0.997027770592038,2515,1571,0.07058747112751007,0.23187857866287231,0.30441567301750183,0.8161211609840393,0.7279050350189209,0.5407692307692307,0.586923076923077,0.8772453794367413,0.9235056208237871,0.9499080023511057,21.0,4.0,bxpc3+IFNB_IFNAR1,bxpc3+IFNB,IFNAR1,False,True,6
bxpc3+IFNB_IFNAR2,0.031013584,0.015229923,2.0363586,0.99282384,0.6603683,0.8278195714033113,0.2591180625912252,0.9945405194227925,0.9965107246899656,0.9980228960729087,2458,1803,0.16984201967716217,0.41943976283073425,0.4049258828163147,0.859645426273346,0.7169120907783508,0.8746153846153846,0.7546153846153847,0.9133315889933905,0.9261246037352915,0.986186508067809,23.0,2.0,bxpc3+IFNB_IFNAR2,bxpc3+IFNB,IFNAR2,False,True,6
bxpc3+IFNB_IRF1,0.030647688,0.005184771,5.9110975,0.9908842,0.2411398,0.8382301903333623,0.20312214866203096,0.9931992963819635,0.9988403266179826,0.9943524204162648,2391,1742,0.03390674293041229,0.1764736771583557,0.19213484227657318,0.947936475276947,0.8982095718383789,0.8901098901098902,0.22527472527472525,0.969274964639199,0.7911102010174624,1.2252085277027087,12.0,1.0,bxpc3+IFNB_IRF1,bxpc3+IFNB,IRF1,False,True,6
bxpc3+IFNB_IRF3,0.057595454,0.10202441,0.5645262,0.98217946,0.5715922,0.8064186409064865,0.5757021470165645,0.9854634363128429,0.9836794063352663,1.0018136294875006,2784,1105,0.15862372517585754,0.32625091075897217,0.4862016439437866,0.3152340054512024,0.4608749449253082,0.37059156650991587,0.3046153846153846,0.6849490329241014,0.6977719196890965,0.9816230971709086,23.0,2.0,bxpc3+IFNB_IRF3,bxpc3+IFNB,IRF3,False,True,6
bxpc3+IFNB_IRF7,0.033891063,0.0030935588,10.955364,0.990432,0.13237819,0.8343913157285101,0.13982447382153732,0.9928267166056469,0.999291308804681,0.993530823152293,2424,1903,0.2873193323612213,0.45404869318008423,0.6327940821647644,0.944423258304596,0.7070246934890747,0.6785714285714287,0.5714285714285715,0.9586877289646151,0.6974898080431643,1.3744827779695477,5.0,2.0,bxpc3+IFNB_IRF7,bxpc3+IFNB,IRF7,False,True,6
bxpc3+IFNB_IRF9,0.02277546,0.028268192,0.80569214,0.99270827,0.64510393,0.8231197706703176,0.44604003409203774,0.9944454221657352,0.9940094477875573,1.0004386018454334,2591,1412,0.21740999817848206,0.8534684181213379,0.2547370195388794,0.878506600856781,0.5706970691680908,0.8861538461538463,0.6253846153846154,0.9531393603972409,0.9791063370383457,0.9734789004433868,23.0,2.0,bxpc3+IFNB_IRF9,bxpc3+IFNB,IRF9,False,True,6
bxpc3+IFNB_JAK1,0.030436335,0.0082152635,3.7048519,0.99093926,0.42415875,0.837728872590638,0.2676881903699987,0.9932272795220135,0.9981499257967271,0.9950682295840634,2392,1699,0.17520631849765778,0.26333490014076233,0.6653364896774292,0.8446146249771118,0.5697487592697144,0.5084615384615384,0.6846153846153846,0.8706513189738062,0.711787486833929,1.2231899760510156,22.0,3.0,bxpc3+IFNB_JAK1,bxpc3+IFNB,JAK1,False,True,6
bxpc3+IFNB_JUN,0.037506636,0.0050121937,7.483078,0.9892887,0.048290238,0.8321034396307314,0.09636967746964265,0.9919737213896813,0.9988571588431725,0.9931086868702396,2275,1877,0.5515903830528259,0.47221803665161133,1.1680841445922852,0.9163311123847961,0.4349210262298584,0.3272727272727273,0.20909090909090913,0.937617493545501,0.81097271478212,1.1561640440608485,6.0,5.0,bxpc3+IFNB_JUN,bxpc3+IFNB,JUN,False,True,6
bxpc3+IFNB_MAP3K14,0.037841875,0.004111392,9.204152,0.98991406,0.122300655,0.82404220187588,0.14661667361627786,0.9923928171886329,0.9990610693159586,0.9933254809619483,2316,1839,0.008886848576366901,0.2670261859893799,0.033280812203884125,0.43476635217666626,0.9752734899520874,0.6190476190476191,0.7619047619047621,0.8658396318889209,0.6790731494786292,1.2750314639206175,8.0,0.0,bxpc3+IFNB_MAP3K14,bxpc3+IFNB,MAP3K14,False,True,6
bxpc3+IFNB_MAPK8,0.039899457,0.0051569394,7.737042,0.9892324,0.08821058,0.8213548441954102,0.13564203005647082,0.9919070626847103,0.9988478561229494,0.993051200545016,2289,1820,0.015296148136258125,0.1480235904455185,0.10333587974309921,0.79734867811203,0.9541290998458862,0.5076923076923077,0.4813186813186813,0.938234566224323,0.8139526591773716,1.1526893556347098,14.0,0.0,bxpc3+IFNB_MAPK8,bxpc3+IFNB,MAPK8,False,True,6
bxpc3+IFNB_MAPK14,0.03400827,0.010838707,3.1376684,0.9901194,0.30176955,0.8242320269792095,0.29257488036374923,0.9925525602016516,0.9976411944466266,0.9948993342763903,2455,1587,0.13101090490818024,0.25585392117500305,0.5120535492897034,0.5050989389419556,0.6345654726028442,0.7005193435988817,0.5884615384615385,0.6686954562584972,0.4910674078271565,1.3617182602634899,23.0,2.0,bxpc3+IFNB_MAPK14,bxpc3+IFNB,MAPK14,False,True,6
bxpc3+IFNB_MEF2A,0.031571623,0.025812963,1.2230918,0.98965436,0.44054317,0.8245650305412425,0.41327367764235906,0.991986309906089,0.9951074983604669,0.9968634660481202,2566,1427,0.15802578628063202,0.28585919737815857,0.5528098940849304,0.9382359385490417,0.5421475768089294,0.6543566191442601,0.3161538461538462,0.9248170675555659,0.8827380872254862,1.0476687037061436,22.0,3.0,bxpc3+IFNB_MEF2A,bxpc3+IFNB,MEF2A,False,True,6
bxpc3+IFNB_MYC,0.033241916,0.0040889895,8.129617,0.9906403,0.18906069,0.8352498085429985,0.16837341474248235,0.9929958651171727,0.9990742350789307,0.9939159976823166,2363,1773,0.016579650342464447,0.46511903405189514,0.03564603626728058,0.999678373336792,0.9779791831970215,1.0,0.7999999999999999,0.9957820507347234,0.6292371772572165,1.5825225951766553,4.0,0.0,bxpc3+IFNB_MYC,bxpc3+IFNB,MYC,False,True,6
bxpc3+IFNB_NFE2L3,0.03571425,0.0058348877,6.120812,0.98985344,0.18265256,0.8208191543255507,0.17215330269486098,0.9923554836973573,0.9986908186007942,0.9936563601212305,2313,1787,0.061229053884744644,0.16509754955768585,0.37086591124534607,0.26040104031562805,0.7016775608062744,0.49473684210526314,0.6456140350877193,0.5935563622726553,0.574362875412599,1.0334170046179751,16.0,3.0,bxpc3+IFNB_NFE2L3,bxpc3+IFNB,NFE2L3,False,True,6
bxpc3+IFNB_NFKB1,0.045179155,0.017404156,2.5958831,0.9890723,0.42998633,0.7980984769679936,0.4279579305055239,0.9916491035113801,0.996523255182374,0.9951088430243389,2702,1310,0.16919481754302979,0.25464490056037903,0.6644343733787537,0.9792012572288513,0.22036567330360413,0.45316407839620126,0.12,0.9831762377744838,0.9329681747939513,1.0538154080031947,21.0,4.0,bxpc3+IFNB_NFKB1,bxpc3+IFNB,NFKB1,False,True,6
bxpc3+IFNB_PARP12,0.030803734,0.0051855897,5.940257,0.9904783,0.1744749,0.842784621137861,0.17835707629132136,0.9928924921671959,0.9988584892931331,0.9940271848416093,2287,1803,0.15778490900993347,0.2343801110982895,0.6732009053230286,0.9401415586471558,0.5388700366020203,0.24675324675324672,0.24935064935064938,0.9499358348647813,0.9349310567263109,1.016049074453693,14.0,7.0,bxpc3+IFNB_PARP12,bxpc3+IFNB,PARP12,False,True,6
bxpc3+IFNB_POU2F1,0.058505908,0.010536231,5.5528307,0.9868378,0.34714216,0.7566142746952453,0.34056062336361664,0.9895480251128228,0.9977439864577085,0.9917855066468666,2600,1452,0.02784704975783825,0.18837466835975647,0.14782799780368805,0.8658637404441833,0.8117949962615967,0.8353846153846154,0.5107692307692308,0.9371448106407333,0.8932369067537667,1.0491559445819791,23.0,2.0,bxpc3+IFNB_POU2F1,bxpc3+IFNB,POU2F1,False,True,6
bxpc3+IFNB_RAP1GAP,0.036767986,0.0025620111,14.35122,0.9905193,0.111301236,0.8306808522758699,0.09030663953308742,0.9928695092848392,0.9994142321066892,0.9934514412426825,2275,1990,0.37467220425605774,1.1067994832992554,0.33851858973503113,1.0,1.0,0.9999999999999999,0.9999999999999999,0.9976246160945825,0.3357878269552904,2.9709969689503204,1.0,1.0,bxpc3+IFNB_RAP1GAP,bxpc3+IFNB,RAP1GAP,False,True,6
bxpc3+IFNB_RAPGEF1,0.041140035,0.008158307,5.0427175,0.9893976,0.23894209,0.8188751306251028,0.2697432594592369,0.9919576110283423,0.9982111375856583,0.993735266696742,2451,1579,0.017846867442131042,0.15685422718524933,0.1137799620628357,0.9023948311805725,0.9244579076766968,0.7146153846153845,0.5384615384615384,0.9367851473554011,0.8345865712464426,1.1224541343342325,23.0,2.0,bxpc3+IFNB_RAPGEF1,bxpc3+IFNB,RAPGEF1,False,True,6
bxpc3+IFNB_RNF114,0.05012111,0.0045867097,10.927465,0.9883833,0.17612274,0.7882324675269393,0.19318928115352618,0.9909556567618368,0.9989747156770185,0.9919727108310774,2364,1723,0.004388089291751385,0.30613306164741516,0.014333928003907204,0.12312015146017075,0.9910749197006226,0.10714285714285716,0.9642857142857145,0.6759892846845068,0.6195279602511808,1.0911360391392737,6.0,1.0,bxpc3+IFNB_RNF114,bxpc3+IFNB,RNF114,False,False,6
bxpc3+IFNB_SMARCA5,0.045647454,0.011976477,3.811426,0.98877114,0.30462825,0.8058484153579841,0.3291062651840292,0.9914427011169895,0.997422964391091,0.9940042855562762,2581,1447,0.1389605551958084,0.21789538860321045,0.6377397775650024,0.332473486661911,0.3525466024875641,0.5701096470145758,0.44846153846153847,0.5307860655438533,0.5566179165169935,0.9535914130562279,23.0,2.0,bxpc3+IFNB_SMARCA5,bxpc3+IFNB,SMARCA5,False,True,6
bxpc3+IFNB_SOCS1,0.036290422,0.0038603547,9.4008,0.98999953,0.10439495,0.8255218979927957,0.15106116842336112,0.9924765902662604,0.9991169362071203,0.9933537850273381,2348,1848,0.01406332291662693,0.21527099609375,0.06532846391201019,0.308065801858902,0.9545567035675049,0.2727272727272727,0.7818181818181817,0.7348163893928222,0.6442256988122871,1.1406194921245003,8.0,2.0,bxpc3+IFNB_SOCS1,bxpc3+IFNB,SOCS1,False,True,6
bxpc3+IFNB_SP100,0.030959826,0.004771125,6.488999,0.990638,0.18245755,0.8362762826904391,0.15390991958733077,0.993010947206971,0.9989087691426412,0.9940957351483337,2354,1850,0.005223182030022144,0.39077743887901306,0.01336613018065691,0.47326165437698364,0.9838922023773193,0.7,0.9999999999999999,0.8215965288404301,0.6130945658331507,1.3400812446020305,5.0,0.0,bxpc3+IFNB_SP100,bxpc3+IFNB,SP100,False,True,6
bxpc3+IFNB_SP110,0.045655962,0.0108242035,4.2179513,0.9889589,0.30655053,0.7957811131303524,0.2786064303355869,0.9915287432014371,0.9976208395978919,0.9938933749630668,2512,1569,0.08061064779758453,0.22223688662052155,0.3627239763736725,0.9632037281990051,0.5631380081176758,0.7423076923076923,0.6230769230769231,0.9681803317012981,0.8918748011107688,1.0855563252773777,23.0,2.0,bxpc3+IFNB_SP110,bxpc3+IFNB,SP110,False,True,6
bxpc3+IFNB_STAT1,0.038384404,0.0072096586,5.324025,0.9902917,0.3422399,0.8362017616786996,0.22705960568780645,0.9927329743285972,0.9983571012269601,0.9943666180253028,2420,1717,0.057228658348321915,0.23154763877391815,0.24715717136859894,0.9628027677536011,0.8433514833450317,0.5800395256916997,0.8626482213438734,0.9659589236381029,0.9184200914106029,1.0517615333898946,20.0,3.0,bxpc3+IFNB_STAT1,bxpc3+IFNB,STAT1,False,True,6
bxpc3+IFNB_STAT2,0.09715019,0.03303445,2.940875,0.98932266,0.48983672,0.7527875849830084,0.17240196658106458,0.9914438447486124,0.9924757032547249,0.998960318622684,2412,1721,0.2373044192790985,1.602108120918274,0.14812010526657104,0.9200259447097778,0.38021335005760193,0.9207692307692308,0.5884615384615385,0.9898025031033375,0.991549123320315,0.9982384935088957,25.0,0.0,bxpc3+IFNB_STAT2,bxpc3+IFNB,STAT2,False,True,6
bxpc3+IFNB_STAT3,0.037152678,0.004377873,8.486467,0.9898664,0.09765318,0.8312851067621256,0.11602408718171699,0.9923975163024159,0.9990031643042698,0.9933877606819651,2255,1852,0.21416941285133362,0.3485139012336731,0.614521861076355,0.10403449088335037,0.496656209230423,-0.049999999999999996,0.43333333333333335,0.4434485455459769,0.5543769485221169,0.7999043732394394,7.0,2.0,bxpc3+IFNB_STAT3,bxpc3+IFNB,STAT3,False,True,6
bxpc3+IFNB_STAT4,0.043414753,0.003618493,11.99802,0.9893959,0.090532556,0.8163818433623103,0.1366048413898187,0.9919610076524552,0.9991791319949961,0.9927759456623869,2296,1838,0.01520910207182169,0.2911442220211029,0.0522390641272068,0.34568050503730774,0.9500991106033325,0.642857142857143,0.7857142857142859,0.6604157211938949,0.6061397651452709,1.0895436319635223,7.0,0.0,bxpc3+IFNB_STAT4,bxpc3+IFNB,STAT4,False,True,6
bxpc3+IFNB_STAT5A,0.04833739,0.002070215,23.34897,0.9894116,0.14445952,0.8084867564740893,0.12310989576498774,0.9918260515625649,0.999525607945132,0.9922967892754682,2316,1962,0.0021338872611522675,0.657759964466095,0.0032441732473671436,0.7170687913894653,0.9948400259017944,0.5,1.0,0.9073054383633622,0.5672662420290164,1.599434923393436,3.0,0.0,bxpc3+IFNB_STAT5A,bxpc3+IFNB,STAT5A,False,False,6
bxpc3+IFNB_STAT6,0.042576622,0.022126708,1.9242185,0.98824817,0.39153785,0.8048052947666972,0.37608415322512645,0.9910295555678434,0.9953107778757128,0.9956986075072887,2583,1426,0.23263706266880035,0.5169146656990051,0.4500492513179779,0.874825119972229,0.3543001115322113,0.72,0.5307692307692308,0.9227395624833042,0.940757447409439,0.9808474703274999,23.0,2.0,bxpc3+IFNB_STAT6,bxpc3+IFNB,STAT6,False,True,6
bxpc3+IFNB_TRAFD1,0.03523787,0.0036587594,9.631098,0.99047995,0.18772742,0.828079158068434,0.2023832722612504,0.9928524259122885,0.9991816401261796,0.9936656019689355,2382,1748,0.004585709888488054,0.4677940905094147,0.009802838787436485,0.22720152139663696,0.9896751642227173,0.19999999999999998,1.0,0.855054127334513,0.6851704581487734,1.247943657180929,4.0,0.0,bxpc3+IFNB_TRAFD1,bxpc3+IFNB,TRAFD1,False,True,6
bxpc3+IFNB_TRIM21,0.04928522,0.08290018,0.5945128,0.98404884,0.55177206,0.7974034152192724,0.5537262372779218,0.9873315465077024,0.987457556156293,0.9998723898077391,2763,1164,0.1100720763206482,0.3128907084465027,0.35179081559181213,0.5470994114875793,0.7400124073028564,0.3686202562261713,0.5276923076923077,0.7619992769525742,0.7082009135617936,1.0759648319573742,23.0,2.0,bxpc3+IFNB_TRIM21,bxpc3+IFNB,TRIM21,False,True,6
bxpc3+IFNB_TRIM22,0.04471916,0.005221395,8.5646,0.98978937,0.21338864,0.8165711705223491,0.18388107685537958,0.9922180723556229,0.9988167676192252,0.9933934876971169,2404,1749,0.21362987160682678,0.707119345664978,0.3021129071712494,0.9586752653121948,0.7717609405517578,0.5030303030303029,0.9151515151515152,0.9588855242980511,0.9035621187121239,1.0612281153007848,9.0,1.0,bxpc3+IFNB_TRIM22,bxpc3+IFNB,TRIM22,False,True,6
bxpc3+IFNB_TYK2,0.03090486,0.023141654,1.3354646,0.99323636,0.64584446,0.8274775624817948,0.21555212942845664,0.994869513036616,0.994691680224809,1.0001787818429997,2377,1842,0.21470047533512115,1.1582211256027222,0.18537089228630066,0.9191802144050598,0.8766298890113831,0.8753846153846153,0.5307692307692308,0.982881218395021,0.9732616131156326,1.0098838844045166,25.0,0.0,bxpc3+IFNB_TYK2,bxpc3+IFNB,TYK2,False,True,6
bxpc3+IFNB_UBA7,0.03955395,0.0069075907,5.726157,0.9896593,0.2144953,0.8199843223765882,0.23505324123454296,0.9921653234901888,0.9984449005470679,0.9937106423665057,2420,1666,0.12755517661571503,0.2728806734085083,0.4674393832683563,0.08493950217962265,0.7048471570014954,0.5123076923076924,0.6269230769230768,0.4281332509095409,0.36935017054409425,1.1591527094162501,20.0,5.0,bxpc3+IFNB_UBA7,bxpc3+IFNB,UBA7,False,True,6
bxpc3+IFNB_UBE2L6,0.044623084,0.0032866688,13.576995,0.9894991,0.17723608,0.8040065101943273,0.15187576549912576,0.9918890605418055,0.9992483358975827,0.9926351887800077,2352,1844,0.052013952285051346,0.4472877085208893,0.116287462413311,-0.28678157925605774,0.9352269768714905,0.09999999999999999,0.9999999999999999,0.3435517120696069,0.239926804034452,1.4319021730488894,5.0,0.0,bxpc3+IFNB_UBE2L6,bxpc3+IFNB,UBE2L6,False,True,6
bxpc3+IFNB_USP18,0.06585471,0.03130619,2.1035686,0.9801625,0.023211014,0.8147667238410222,0.16244949221049004,0.9851372705428894,0.9928207785175823,0.9922609315387562,2344,1781,2.0811140537261963,1.3424350023269653,1.55025315284729,0.7120226621627808,-0.011171706020832062,0.8076923076923078,-0.05615384615384616,0.8794873211903489,0.9289120949651384,0.9467928407406038,13.0,12.0,bxpc3+IFNB_USP18,bxpc3+IFNB,USP18,False,True,6
bxpc3+IFNB_VAV1,0.034994114,0.0029065844,12.0396,0.99039125,0.13962102,0.8288181445207911,0.11929945696685136,0.9927939795278689,0.9993405068237439,0.9934491524648769,2302,1892,0.0017326773377135396,0.895639955997467,0.0019345690961927176,1.0,1.0,0.9999999999999999,0.9999999999999999,0.9799031086109086,0.6368135009859381,1.5387599463481638,2.0,0.0,bxpc3+IFNB_VAV1,bxpc3+IFNB,VAV1,False,True,6
bxpc3+IFNB_ZBP1,0.040292364,0.004176657,9.647037,0.9901575,0.17845032,0.8268650240222277,0.19570974009266823,0.9925904066190239,0.9990601569095136,0.9935241634392636,2377,1732,0.005415686406195164,0.40391412377357483,0.013408014550805092,0.4778593182563782,0.9912364482879639,0.09999999999999999,0.9999999999999999,0.876569411122936,0.5994249300690809,1.462350608310394,5.0,0.0,bxpc3+IFNB_ZBP1,bxpc3+IFNB,ZBP1,False,True,6
bxpc3+IFNB_ZNFX1,0.046039216,0.0077396254,5.948507,0.9886983,0.1799675,0.812770623414412,0.2475180078797944,0.9914345715397738,0.9982895348178941,0.9931332914559995,2436,1636,0.1344715803861618,0.35896095633506775,0.37461337447166443,0.985672652721405,0.7224453091621399,0.6231967801373905,0.7584615384615384,0.987343918245388,0.9570244906244625,1.0316809318026354,25.0,0.0,bxpc3+IFNB_ZNFX1,bxpc3+IFNB,ZNFX1,False,True,6
bxpc3+IFNG_GUK1,0.022675741,0.008867057,2.5573018,0.99491084,0.32118893,0.83135110625125,0.3416021591877579,0.9959745800112664,0.998048923268021,0.997921601628543,2646,1326,0.07206355780363083,0.16464146971702576,0.43769991397857666,0.7076316475868225,0.77403724193573,0.6255049163601217,0.8253846153846154,0.8226698519659337,0.806120544543669,1.0205295691001561,24.0,1.0,bxpc3+IFNG_GUK1,bxpc3+IFNG,GUK1,True,False,6
bxpc3+IFNG_IFNGR1,0.017106,0.03156092,0.5419994,0.99467653,0.65500784,0.8586832829524195,0.4007409952200059,0.9959224264223294,0.9930104322857362,1.0029324909808757,2471,1450,0.2976304590702057,1.2055752277374268,0.24687838554382324,0.9253267049789429,0.893197238445282,0.94,0.5284615384615384,0.9878584163557282,0.9810939402994224,1.006894830126299,23.0,2.0,bxpc3+IFNG_IFNGR1,bxpc3+IFNG,IFNGR1,True,False,6
bxpc3+IFNG_KIN,0.25510868,0.34424934,0.7410579,0.93944263,0.6102587,0.7551356188269625,0.6534678657583789,0.9482782247598016,0.9383404708564065,1.010590776175651,2349,674,1.1308313608169556,1.6575140953063965,0.6822453737258911,0.7692676782608032,0.16519181430339813,0.47026997156298017,0.27153846153846156,0.6156886927145986,0.5349156463118483,1.1510014652958211,22.0,3.0,bxpc3+IFNG_KIN,bxpc3+IFNG,KIN,True,False,6
bxpc3+IFNG_MAFB,0.012859569,0.008626614,1.4906856,0.9969148,0.34261215,0.8673119759792861,0.3370148510020318,0.9976416684099731,0.9981256868946412,0.999515072609569,2435,1508,0.02149423211812973,0.05488567426800728,0.3916182518005371,0.9231964349746704,0.6952191591262817,0.6146153846153846,0.5823076923076923,0.9464333793684871,0.954027578252018,0.9920398539238823,23.0,2.0,bxpc3+IFNG_MAFB,bxpc3+IFNG,MAFB,True,False,6
bxpc3+INS_MTOR,0.020160595,0.020608742,0.97825456,0.99450135,0.33160636,0.8792345813304031,0.19253894909276523,0.9954291653341877,0.9957191611475776,0.9997087574240755,2212,2033,0.16051292419433594,0.30017632246017456,0.5347288250923157,0.9163494110107422,0.8001167178153992,0.6207692307692307,0.6761538461538462,0.9316159086871769,0.9135173348854583,1.0198119653678908,20.0,5.0,bxpc3+INS_MTOR,bxpc3+INS,MTOR,True,False,6
bxpc3+TNFA_BATF,0.007279997,0.004888845,1.4891037,0.9980564,0.332278,0.864559632489751,0.2543110946327419,0.9984643505741668,0.9988597308575125,0.999604168362052,2169,1729,0.02130572311580181,0.03133828938007355,0.679862380027771,0.879274845123291,0.634784460067749,0.8348813209494325,0.3560371517027864,0.953838420499655,0.9660648529982817,0.9873440872414717,13.0,5.0,bxpc3+TNFA_BATF,bxpc3+TNFA,BATF,True,False,6
bxpc3+TNFA_TNFRSF1A,0.11611201,0.1511702,0.768088,0.97540915,0.5626651,0.8233911388328038,0.6322285758145059,0.978824868428693,0.975587228079633,1.0033186579896427,2693,1068,0.3308011591434479,0.524260938167572,0.6309857368469238,0.6128467321395874,0.744511604309082,0.5692462839602256,0.5092307692307693,0.7709620548954625,0.7909234634413246,0.9747618961017928,25.0,0.0,bxpc3+TNFA_TNFRSF1A,bxpc3+TNFA,TNFRSF1A,True,False,6
bxpc3+TNFA_TNFRSF1B,0.008455832,0.00240061,3.522368,0.99801594,0.2702173,0.8601324595899191,0.27098021911388814,0.9984873622516195,0.9994209140538561,0.9990659072777955,2496,1486,0.028435073792934418,0.05970701575279236,0.47624343633651733,1.0,1.0,0.9999999999999999,0.9999999999999999,0.9999847690676859,0.99988379881162,1.000100981990293,2.0,0.0,bxpc3+TNFA_TNFRSF1B,bxpc3+TNFA,TNFRSF1B,True,False,6
hap1+IFNB_ADAR,0.024158578,0.02761989,0.87468046,0.9919938,0.28104013,0.8293100649242419,0.35397596989555863,0.9937646274166324,0.9936629731217492,1.0001023025891402,2519,1290,0.26628872752189636,0.322719931602478,0.8251387476921082,0.40529343485832214,0.28642621636390686,0.6792307692307692,0.5330769230769231,0.658802859533068,0.6440685168700271,1.0228769801303832,21.0,4.0,hap1+IFNB_ADAR,hap1+IFNB,ADAR,True,False,6
hap1+IFNB_BRD9,0.0047540404,0.0027590063,1.7230988,0.9985325,0.3620193,0.8423173042953713,0.3518269936501674,0.9988575717596344,0.9993379616314714,0.9995192918809441,2524,1375,,,,,,,,,,,,,hap1+IFNB_BRD9,hap1+IFNB,BRD9,True,False,6
hap1+IFNB_CRKL,0.010846786,0.016935097,0.64049155,0.9963349,0.5056753,0.8191356836752917,0.5342965982977088,0.9971006438733929,0.9962634184549234,1.0008403655127356,2832,978,0.0719432383775711,0.1652163565158844,0.43544864654541016,0.9627929925918579,0.5959327816963196,0.7874171703115259,0.5623076923076923,0.9536036548505974,0.9147567521014539,1.0424669210256183,25.0,0.0,hap1+IFNB_CRKL,hap1+IFNB,CRKL,True,False,6
hap1+INS_MTOR,0.04340176,0.03296989,1.316406,0.991466,-0.004639717,0.8448237066877018,-0.03804997068677525,0.9923273308634095,0.9934008120987482,0.9989193876003879,1630,2261,0.14094796776771545,0.1365668624639511,1.0320802927017212,0.3898577392101288,0.19783523678779602,0.48219607062067704,0.2169230769230769,0.8382285821970854,0.8816406466200174,0.9507599104132022,20.0,5.0,hap1+INS_MTOR,hap1+INS,MTOR,True,False,6
hap1+TNFA_ARID5B,0.019192452,0.007657112,2.506487,0.9935024,0.21421215,0.8476653630128594,0.27146096931845304,0.9948785402723505,0.9982084569285639,0.9966641069477017,2247,1406,0.049527138471603394,0.06876429170370102,0.7202450037002563,0.7724707126617432,-0.09690684080123901,0.7761538461538461,-0.14692307692307693,0.9547863502534418,0.9705712548471724,0.9837364804336637,19.0,6.0,hap1+TNFA_ARID5B,hap1+TNFA,ARID5B,False,True,6
hap1+TNFA_BATF,0.02024321,0.0043501863,4.6534123,0.993434,0.10602097,0.854473869582428,0.11314499457035539,0.9948130321438123,0.998929201642506,0.9958794181890713,1945,1791,0.1217573955655098,0.10024812072515488,1.2145603895187378,0.9998656511306763,-0.9607591032981873,1.0,-0.5,0.987181268247892,0.9843948984598038,1.0028305406625408,2.0,1.0,hap1+TNFA_BATF,hap1+TNFA,BATF,False,False,6
hap1+TNFA_BIRC2,0.018824343,0.0043619215,4.315608,0.9937871,0.1751193,0.845123604943817,0.22972884083332612,0.9951633067629918,0.998928403549611,0.9962308642208588,2209,1465,,,,,,,,,,,,,hap1+TNFA_BIRC2,hap1+TNFA,BIRC2,False,True,6
hap1+TNFA_BIRC3,0.017224787,0.0050715813,3.3963344,0.99422276,0.23122308,0.8562721664308908,0.24332653356555917,0.9954726524179873,0.9987727526432909,0.9966958447589106,2169,1519,0.05437920615077019,0.05564993619918823,0.9771656394004822,0.7515252828598022,-0.14788228273391724,0.8424242424242423,0.07878787878787878,0.9238470033227326,0.9488693019067294,0.973629351762445,7.0,3.0,hap1+TNFA_BIRC3,hap1+TNFA,BIRC3,False,True,6
hap1+TNFA_CASP3,0.020485725,0.013249736,1.5461233,0.9928667,0.35022706,0.7975895319656586,0.36504854338479387,0.9943757819605352,0.997099747364501,0.9972681114290063,2423,1258,0.05421677976846695,0.15327495336532593,0.35372236371040344,0.6389289498329163,0.7563952803611755,0.7846153846153846,0.3469230769230769,0.8247621335298236,0.9501530622869732,0.8680308113144007,23.0,2.0,hap1+TNFA_CASP3,hap1+TNFA,CASP3,False,True,6
hap1+TNFA_CASP7,0.017951572,0.0029497878,6.0857167,0.9940124,0.098175615,0.85733333369583,0.15265851812721806,0.9953522445535457,0.9992624676700337,0.996086890838995,2081,1647,0.04821612685918808,0.19653047621250153,0.2453366369009018,1.0,1.0,0.9999999999999999,0.9999999999999999,0.8745539940312421,0.9692289084875598,0.9023193451750693,2.0,0.0,hap1+TNFA_CASP7,hap1+TNFA,CASP7,False,True,6
hap1+TNFA_CASP8,0.02585968,0.02443921,1.0581226,0.9909363,0.3679623,0.7946162671689405,0.4326200022831146,0.992742533964436,0.9948269493010794,0.9979047458071901,2537,1074,0.10401920229196548,0.18553891777992249,0.5606328248977661,0.5623421669006348,0.21310201287269592,0.5599239680660669,0.18461538461538463,0.8917908402365023,0.9251693677334334,0.9639217113524793,21.0,4.0,hap1+TNFA_CASP8,hap1+TNFA,CASP8,False,True,6
hap1+TNFA_CASP10,0.035545673,0.06170773,0.57603276,0.98641723,0.63839036,0.706358068685368,0.6714910259346647,0.98893452079583,0.988196293540939,1.0007470451566316,2969,614,0.1876293420791626,0.34210827946662903,0.5484501719474792,0.46020352840423584,-0.36046141386032104,0.23256337957863904,-0.11153846153846154,0.7604117356110557,0.8675822070280101,0.8764722575580732,22.0,3.0,hap1+TNFA_CASP10,hap1+TNFA,CASP10,False,True,6
hap1+TNFA_CEBPB,0.02031759,0.010022389,2.0272202,0.99318886,0.2295247,0.8427364026949391,0.2504749484435816,0.9946170072824119,0.9976465677259437,0.996963292871906,2167,1491,0.12326917797327042,0.1219109520316124,1.0111411809921265,0.8814437985420227,-0.2600286900997162,0.8169945066229741,0.010769230769230769,0.9338974418909998,0.9613878962304618,0.9714054499258309,22.0,3.0,hap1+TNFA_CEBPB,hap1+TNFA,CEBPB,False,True,6
hap1+TNFA_CHUK,0.019916564,0.007969343,2.4991477,0.99331915,0.2119984,0.8519946620364076,0.2654967224514587,0.9947663451066219,0.9980656049820267,0.9966943456833539,2216,1463,0.1494201123714447,0.1589018851518631,0.940329372882843,0.8820620775222778,-0.10203184187412262,0.87,0.16615384615384618,0.9543635650019945,0.9888938412857172,0.9650819179550881,20.0,5.0,hap1+TNFA_CHUK,hap1+TNFA,CHUK,False,True,6
hap1+TNFA_CREB1,0.01854363,0.0055664117,3.331344,0.99400175,0.21157372,0.8570902366500505,0.2628901007612025,0.9953352034762855,0.9985877244798279,0.9967428790442655,2217,1491,0.0650077611207962,0.06275758892297745,1.0358549356460571,0.7769209146499634,-0.10388991981744766,0.5777119029837728,0.3794466403162055,0.7284211638299688,0.751999148456103,0.9686462615356132,19.0,4.0,hap1+TNFA_CREB1,hap1+TNFA,CREB1,False,True,6
hap1+TNFA_CSF1,0.02635008,0.016018342,1.6449941,0.9912292,0.16331385,0.8373615597928221,0.23357731579756644,0.9929568146726441,0.9962819549913993,0.9966624505220674,2153,1484,0.12933534383773804,0.22314254939556122,0.5796086192131042,0.9077942967414856,0.6208925843238831,0.7545293389355534,0.38,0.8922390813931305,0.9105616052131518,0.9798777768411043,21.0,4.0,hap1+TNFA_CSF1,hap1+TNFA,CSF1,False,True,6
hap1+TNFA_CSF2,0.017841993,0.0020609433,8.657197,0.9941016,0.077950045,0.8561762679437886,0.18166990794195204,0.9954450072423414,0.9994749099660377,0.9959679801028389,2210,1617,,,,,,,,,,,,,hap1+TNFA_CSF2,hap1+TNFA,CSF2,False,True,6
hap1+TNFA_DNM1L,0.03561036,0.05488751,0.64878803,0.9886678,0.5086342,0.7991086908828205,0.5322080780853558,0.9906157951156569,0.9899772468232811,1.0006450130994675,2656,943,0.12606485188007355,0.2848144471645355,0.44262099266052246,0.5716632008552551,0.7350154519081116,0.5425100358531163,0.4038461538461539,0.8537057438040998,0.9043764877709733,0.9439716261401684,20.0,5.0,hap1+TNFA_DNM1L,hap1+TNFA,DNM1L,False,True,6
hap1+TNFA_FADD,0.017070943,0.0022704955,7.518598,0.99438906,0.17033106,0.8479726745079923,0.189177705766411,0.9956526494293992,0.9994290803170486,0.9962214118419975,2197,1586,,,,,,,,,,,,,hap1+TNFA_FADD,hap1+TNFA,FADD,False,True,6
hap1+TNFA_FOS,0.017971216,0.003997208,4.495942,0.9939657,0.13585109,0.8624221995556142,0.21952689208529194,0.9952957396921212,0.9990296020413001,0.9962625107989297,2190,1515,,,,,,,,,,,,,hap1+TNFA_FOS,hap1+TNFA,FOS,False,True,6
hap1+TNFA_ID2,0.016369106,0.0020293277,8.066271,0.9945587,0.18084389,0.8674404935451254,0.22435802575541045,0.9957967764852642,0.9994868433178475,0.9963080386127605,2205,1581,,,,,,,,,,,,,hap1+TNFA_ID2,hap1+TNFA,ID2,False,True,6
hap1+TNFA_IKBKB,0.027512232,0.040454026,0.6800864,0.9903573,0.51755655,0.7787131275389696,0.5418651014759626,0.9922167128356222,0.9920070371922061,1.0002113650766125,2732,876,0.26539111137390137,0.314701110124588,0.8433116674423218,0.8942955136299133,-0.23332473635673523,0.5844448759571098,0.21615384615384614,0.8860018941410711,0.8661522079047462,1.0229170878457285,21.0,4.0,hap1+TNFA_IKBKB,hap1+TNFA,IKBKB,False,True,6
hap1+TNFA_IKBKE,0.018436182,0.0031648309,5.8253293,0.9941023,0.124269515,0.8657272303078666,0.15971296497986057,0.9954182094154145,0.9992129797252453,0.9962022407766619,2051,1670,0.121832475066185,0.11887253820896149,1.0249000787734985,-1.0,1.0,-0.9999999999999999,0.9999999999999999,0.920752476945851,0.9063291829380943,1.0159139684336325,1.0,1.0,hap1+TNFA_IKBKE,hap1+TNFA,IKBKE,False,True,6
hap1+TNFA_IKBKG,0.018026117,0.0061907843,2.9117663,0.99390733,0.24392372,0.841432494596794,0.2515077179651599,0.9952396028889829,0.9985059402742356,0.9967287752095341,2233,1442,0.027534248307347298,0.06293825805187225,0.43748030066490173,0.6833590269088745,0.5077762603759766,0.7661538461538462,0.3546153846153846,0.9213393205526647,0.9828281933233768,0.9374368041246446,21.0,4.0,hap1+TNFA_IKBKG,hap1+TNFA,IKBKG,False,True,6
hap1+TNFA_IRF1,0.017311586,0.0023888275,7.2468967,0.99427724,0.11926056,0.8618541515194063,0.15381584207640286,0.9955550779918786,0.9993961859290373,0.9961565713465396,2070,1724,,,,,,,,,,,,,hap1+TNFA_IRF1,hap1+TNFA,IRF1,False,True,6
hap1+TNFA_ITCH,0.02008581,0.009811502,2.0471697,0.9932967,0.34351027,0.8075999562577449,0.3514990697293784,0.9947267212903564,0.9977159242787176,0.9970039538152885,2383,1264,0.10647027939558029,0.1486702561378479,0.7161505222320557,0.9505164623260498,0.13427552580833435,0.5930769230769232,0.15846153846153843,0.955323872715162,0.9599656497933295,0.9951646425273999,22.0,3.0,hap1+TNFA_ITCH,hap1+TNFA,ITCH,False,True,6
hap1+TNFA_JUN,0.02031453,0.0028259696,7.1885166,0.99328196,-0.07187955,0.8613269192328303,0.09661459833109812,0.9947966496213299,0.9992852034162049,0.9955082355072103,2034,1732,0.011215616017580032,0.06902869790792465,0.16247758269309998,,,,,,,,1.0,0.0,hap1+TNFA_JUN,hap1+TNFA,JUN,False,True,6
hap1+TNFA_JUNB,0.01643233,0.004847706,3.3897128,0.99448717,0.29814553,0.8520564407926203,0.2702860657202757,0.9956957609571964,0.9988361378284921,0.9968559639040263,2224,1486,0.010977447032928467,0.050150129944086075,0.2188916951417923,-0.07373395562171936,0.30588579177856445,-0.39999999999999997,-0.39999999999999997,0.9334057850813166,0.9675317973047566,0.9647287951481238,4.0,0.0,hap1+TNFA_JUNB,hap1+TNFA,JUNB,False,True,6
hap1+TNFA_KLF6,0.01754568,0.0037835625,4.637344,0.9941034,0.1655276,0.8539491400405853,0.17063037152686986,0.9954177667512986,0.9990685891506637,0.9963457740149064,2058,1681,0.6281624436378479,0.8719178438186646,0.7204376459121704,,,,,,,,1.0,0.0,hap1+TNFA_KLF6,hap1+TNFA,KLF6,False,True,6
hap1+TNFA_MAP2K3,0.018278684,0.0023702935,7.7115703,0.99394035,0.04883154,0.8653487496986468,0.1297708522741824,0.9953152117879512,0.9993976739581862,0.9959150773744888,2081,1704,,,,,,,,,,,,,hap1+TNFA_MAP2K3,hap1+TNFA,MAP2K3,False,True,6
hap1+TNFA_MAP3K7,0.016598083,0.0035687783,4.6509147,0.99455935,0.22601512,0.8679452172245935,0.21388246172936734,0.995769136725634,0.9991029627990552,0.996663180675512,2134,1596,0.020292367786169052,0.048974327743053436,0.4143470525741577,1.0,-1.0,0.9999999999999999,-0.9999999999999999,0.9989138806881211,0.9970371318790164,1.001882325892485,2.0,0.0,hap1+TNFA_MAP3K7,hap1+TNFA,MAP3K7,False,True,6
hap1+TNFA_MAP3K14,0.018587455,0.004442087,4.184397,0.9938674,0.13465393,0.8591507510828176,0.17409563258650512,0.9951872294776803,0.9989179338715893,0.9962652543643404,2068,1628,0.06807837635278702,0.12904508411884308,0.527554988861084,0.9608719944953918,0.21641583740711212,0.7,0.3,0.9839878532933302,0.9743613095042807,1.0098798502107469,5.0,0.0,hap1+TNFA_MAP3K14,hap1+TNFA,MAP3K14,False,True,6
hap1+TNFA_MAPK8,0.018673489,0.0025524953,7.315778,0.9938027,0.024327066,0.8609595409947653,0.12196826584113189,0.9951926553526418,0.999357885102513,0.9958320939755791,2047,1690,,,,,,,,,,,,,hap1+TNFA_MAPK8,hap1+TNFA,MAPK8,False,True,6
hap1+TNFA_MAPK9,0.01673128,0.0035909999,4.6592264,0.9944098,0.21298009,0.8619556424088285,0.23650469273154898,0.9956478555004126,0.9991094172890893,0.9965353526562996,2189,1528,,,,,,,,,,,,,hap1+TNFA_MAPK9,hap1+TNFA,MAPK9,False,True,6
hap1+TNFA_MAPK14,0.013894995,0.004007342,3.4673846,0.9954154,0.41958255,0.8621068252214439,0.29900567861861993,0.9964329391818536,0.9990117501119123,0.9974186380392724,2206,1493,0.02281152456998825,0.14924435317516327,0.1528468132019043,0.9067836403846741,0.997443675994873,0.09999999999999999,0.9999999999999999,0.8998646797710553,0.9773269528768913,0.9207406765179088,5.0,0.0,hap1+TNFA_MAPK14,hap1+TNFA,MAPK14,False,True,6
hap1+TNFA_MMP9,0.017253693,0.0021406517,8.060019,0.9942379,0.108810686,0.8620388658838057,0.1626651941871575,0.9955473132318343,0.9994584840967099,0.9960867100263695,2157,1685,,,,,,,,,,,,,hap1+TNFA_MMP9,hap1+TNFA,MMP9,False,True,6
hap1+TNFA_MTF1,0.013943653,0.0050503053,2.7609525,0.9953483,0.42170218,0.8597638099964668,0.2951424516067055,0.9964121270516094,0.9987156388600431,0.9976935258457923,2343,1494,0.04277548938989639,0.19832541048526764,0.21568335592746735,0.5837145447731018,0.8661059737205505,0.28571428571428575,0.8928571428571429,0.8797406789767664,0.7100920076239641,1.2389108306125893,7.0,0.0,hap1+TNFA_MTF1,hap1+TNFA,MTF1,False,True,6
hap1+TNFA_MTOR,0.13835649,0.11968367,1.1560181,0.9740523,0.06378224,0.8020545394832159,-0.059987357496941826,0.9767594126175028,0.9793361188978547,0.9973689255091993,1443,2097,0.467542827129364,0.564507007598877,0.8282321095466614,0.6348955035209656,0.24188098311424255,0.6471582903848584,0.09461538461538462,0.8271570269568448,0.8179427903021114,1.011265135855443,16.0,9.0,hap1+TNFA_MTOR,hap1+TNFA,MTOR,False,False,6
hap1+TNFA_MYC,0.017737392,0.002500446,7.0936913,0.9941075,0.08527175,0.8632509693150208,0.14702018172220332,0.9954357202469477,0.9993704152991222,0.9960628261634134,2120,1696,,,,,,,,,,,,,hap1+TNFA_MYC,hap1+TNFA,MYC,False,True,6
hap1+TNFA_NFAT5,0.028781658,0.03470874,0.82923377,0.9898763,0.42788634,0.79403449411632,0.47735498084249506,0.9917915766434462,0.9927930073674113,0.9989912995795361,2578,1021,0.34678104519844055,0.37536755204200745,0.9238439798355103,0.9361596703529358,-0.3916037976741791,0.6027885510418067,0.07307692307692308,0.925530578440927,0.9022248987118294,1.0258313417889184,19.0,6.0,hap1+TNFA_NFAT5,hap1+TNFA,NFAT5,False,True,6
hap1+TNFA_NFKB1,0.022401705,0.016476147,1.3596447,0.9923332,0.30997947,0.8281264048865898,0.3739548690257858,0.9938630010528198,0.9964012225262446,0.997452611040571,2419,1212,0.1458689570426941,0.24678564071655273,0.5910755395889282,0.9282784461975098,0.493416965007782,0.7666859153171725,0.44846153846153847,0.9520142705445485,0.9673255621536576,0.9841715217625181,19.0,6.0,hap1+TNFA_NFKB1,hap1+TNFA,NFKB1,False,True,6
hap1+TNFA_NFKBIA,0.01693228,0.002662624,6.359246,0.99436873,0.1772876,0.8588158271879294,0.2011073814775945,0.9956522193704754,0.999320366560371,0.9963293581191373,2188,1636,0.6254686117172241,1.5113685131072998,0.4138425588607788,,,,,,,,1.0,0.0,hap1+TNFA_NFKBIA,hap1+TNFA,NFKBIA,False,True,6
hap1+TNFA_NFKBIE,0.039902564,0.01655509,2.4102898,0.9868264,-0.19627546,0.8554109894858599,0.0952122314237076,0.989814874210122,0.9957872121803722,0.9940023953941192,2112,1691,1.7901896238327026,1.0984188318252563,1.629787802696228,0.4617713689804077,-0.32629868388175964,0.5707692307692307,-0.06692307692307692,0.7897612298675809,0.879206655476849,0.8982657546413179,14.0,11.0,hap1+TNFA_NFKBIE,hap1+TNFA,NFKBIE,False,True,6
hap1+TNFA_NKX3-1,0.018579517,0.0033945267,5.473375,0.9937941,0.07741197,0.8649610556916735,0.15834879975861219,0.9951702429542729,0.9991517005347113,0.996015162083688,2114,1625,0.07980435341596603,0.03915713354945183,2.0380539894104004,-0.5510483980178833,-0.7674756050109863,-0.5,-0.5,0.8485659571372052,0.9549489605093304,0.8885982311396151,1.0,2.0,hap1+TNFA_NKX3-1,hap1+TNFA,NKX3-1,False,True,6
hap1+TNFA_PDCD5,0.061373997,0.07113441,0.86278915,0.98438114,0.32687342,0.8102858186250285,0.3619849565284389,0.9867658666048346,0.9876449302898879,0.9991099395561163,2320,1282,0.250613808631897,0.41215887665748596,0.6080514788627625,0.7778337597846985,0.6360163688659668,0.7954609512966844,0.22153846153846157,0.8727543995926373,0.8969065803458991,0.9730716874170471,19.0,6.0,hap1+TNFA_PDCD5,hap1+TNFA,PDCD5,False,True,6
hap1+TNFA_PIK3CA,0.026259638,0.018081171,1.4523195,0.9910917,0.20618606,0.836189404229881,0.31543785944825287,0.9928279131407227,0.9960755727447148,0.9967395449774528,2291,1341,0.08448226004838943,0.11964385211467743,0.7061145305633545,0.640686571598053,0.2633833587169647,0.5798384423048483,0.20153846153846153,0.9115578252866504,0.9363173771639687,0.9735564537397426,17.0,8.0,hap1+TNFA_PIK3CA,hap1+TNFA,PIK3CA,False,True,6
hap1+TNFA_PTGS2,0.018183477,0.005968776,3.0464332,0.9938625,0.2101819,0.8523706523862629,0.21259041281830338,0.9951849115903307,0.9985836129243514,0.9965964779613521,2097,1589,0.03178027272224426,0.08344102650880814,0.380871057510376,0.6767510771751404,0.7139193415641785,0.6715686274509804,0.3823529411764707,0.9188391550565272,0.9905573146300997,0.9275981727515142,14.0,3.0,hap1+TNFA_PTGS2,hap1+TNFA,PTGS2,False,True,6
hap1+TNFA_RELB,0.018166253,0.0025785603,7.045115,0.99392676,0.0574364,0.8588114343000565,0.14389190314524683,0.9952924241558405,0.9993528089060175,0.9959369857031554,2107,1675,,,,,,,,,,,,,hap1+TNFA_RELB,hap1+TNFA,RELB,False,True,6
hap1+TNFA_REPIN1,0.017438283,0.0024020604,7.259719,0.99424213,0.13221867,0.8570511319037637,0.19434794629900995,0.9955460444185655,0.9993912851732359,0.9961524171646104,2219,1602,,,,,,,,,,,,,hap1+TNFA_REPIN1,hap1+TNFA,REPIN1,False,True,6
hap1+TNFA_SOX4,0.018098297,0.0063597173,2.8457706,0.99409544,0.3076851,0.827338266977288,0.2812559536026993,0.9953899524478024,0.9984611093762439,0.9969241096126817,2285,1426,0.08314881473779678,0.10630005598068237,0.7822085618972778,0.9133172035217285,0.0054568820632994175,0.7176923076923076,0.04384615384615385,0.9473352538387495,0.9602839153157194,0.9865157988481847,17.0,8.0,hap1+TNFA_SOX4,hap1+TNFA,SOX4,False,True,6
hap1+TNFA_SOX9,0.020360671,0.019676136,1.0347902,0.99281293,0.4536646,0.8007620703914731,0.45960518174890447,0.994272647982658,0.9958047171662965,0.9984614762741854,2543,1083,0.08405695110559464,0.2112465649843216,0.3979091942310333,0.7476673722267151,0.62276291847229,0.6020388647623557,0.4138461538461538,0.8576642088922243,0.9587682028865594,0.8945480318496778,22.0,3.0,hap1+TNFA_SOX9,hap1+TNFA,SOX9,False,True,6
hap1+TNFA_TNFRSF1A,0.030332617,0.024721386,1.2269789,0.9911711,0.27534324,0.8347339662788338,0.20017681606800422,0.9925296665732477,0.9947430736953348,0.9977748956684216,1945,1649,0.14224739372730255,0.30993741750717163,0.45895522832870483,0.9474981427192688,0.8321030735969543,0.8745191197940646,0.3715384615384616,0.8993248561231645,0.9279024838596702,0.9692019061985531,20.0,5.0,hap1+TNFA_TNFRSF1A,hap1+TNFA,TNFRSF1A,False,False,6
hap1+TNFA_TNFRSF1B,0.017555723,0.0024325429,7.2170253,0.9941566,0.11094951,0.8618250300890832,0.18162634888312343,0.9954697286878414,0.9993851763365756,0.9960821435604168,2189,1611,,,,,,,,,,,,,hap1+TNFA_TNFRSF1B,hap1+TNFA,TNFRSF1B,False,False,6
hap1+TNFA_TRAF1,0.020864414,0.0077491472,2.6924787,0.99293923,0.14854977,0.8360750532728523,0.19816411528001612,0.9944462083326787,0.9981589945410367,0.9962803659250046,2137,1533,0.10610268265008926,0.1062401607632637,0.9987059831619263,0.9247557520866394,0.024228470399975777,0.7776923076923077,0.2346153846153846,0.9451162398340708,0.95756716350155,0.9869973364354415,21.0,4.0,hap1+TNFA_TRAF1,hap1+TNFA,TRAF1,False,True,6
hap1+TNFA_TRAF2,0.019371103,0.0048038955,4.032374,0.9934823,0.11672211,0.8450076115031061,0.17609696694483865,0.9949184454166121,0.9988290655756653,0.9960847953930942,2106,1578,0.02819039858877659,0.09309716522693634,0.30280619859695435,0.7335538268089294,0.7563585638999939,0.19999999999999998,0.8999999999999998,0.9577189936719562,0.9304439663612593,1.0293139923485806,5.0,0.0,hap1+TNFA_TRAF2,hap1+TNFA,TRAF2,False,True,6
hap1+TNFA_TRAF3,0.020291148,0.003719098,5.4559326,0.9933648,0.03118614,0.8616869031618734,0.1422512995570112,0.99485564196475,0.9990599064286172,0.9957917794150138,2060,1693,0.5871145129203796,0.4159201979637146,1.4116038084030151,0.9151265621185303,-0.1931992620229721,0.6785714285714287,0.07142857142857144,0.9484189647041195,0.9550195410150176,0.9930885431895111,5.0,2.0,hap1+TNFA_TRAF3,hap1+TNFA,TRAF3,False,True,6
hap1+TNFA_ZFP36L1,0.020857822,0.0033682315,6.1925144,0.99345267,0.12688316,0.8235871363535653,0.18448101805337197,0.9948931173758604,0.9991566629383283,0.9957328557966779,2192,1580,0.004921961575746536,0.24859197437763214,0.019799359142780304,,,,,,,,1.0,0.0,hap1+TNFA_ZFP36L1,hap1+TNFA,ZFP36L1,False,True,6
hap1+TNFA_ZNF22,0.018074404,0.003238958,5.5803146,0.99395716,0.111815564,0.858151582074984,0.15745206482958354,0.9953016421780101,0.9991932417969015,0.996105258266266,2085,1656,,,,,,,,,,,,,hap1+TNFA_ZNF22,hap1+TNFA,ZNF22,False,True,6
hap1+TNFA_ZNF267,0.01970873,0.019031277,1.0355968,0.9931166,0.46422136,0.8041047464407298,0.4634766015924545,0.994501908369297,0.9958415715535619,0.998654742659342,2558,1062,0.05527867376804352,0.15407723188400269,0.35877248644828796,0.5975573062896729,0.5247220993041992,0.5436333957113173,0.45153846153846156,0.8711203195977408,0.9069813828847066,0.9604610811603347,24.0,1.0,hap1+TNFA_ZNF267,hap1+TNFA,ZNF267,False,True,6
ht29+IFNB_ADAR,0.011914945,0.017638635,0.67550266,0.9964938,0.5015447,0.7902364810702147,0.4707296574785475,0.9971226533131721,0.996206546424055,1.000919595331315,2502,1046,0.06199844181537628,0.1262892335653305,0.490924209356308,0.8888389468193054,0.28283965587615967,0.7969186276397979,0.30999999999999994,0.9440207204027118,0.9134002357316141,1.0335236224748412,24.0,1.0,ht29+IFNB_ADAR,ht29+IFNB,ADAR,True,False,6
ht29+IFNB_BRD9,0.0050094314,0.0027527635,1.8197827,0.99836254,0.37995577,0.7984887914843344,0.3436718996730748,0.9987074712251721,0.9993466828811721,0.9993603704630738,2380,1285,,,,,,,,,,,,,ht29+IFNB_BRD9,ht29+IFNB,BRD9,True,False,6
ht29+IFNB_CRKL,0.0065550264,0.007964262,0.8230551,0.99780667,0.5110887,0.7931117841182596,0.4590908610926886,0.9982656105025216,0.9982160369692663,1.0000496621286568,2467,1092,0.011814641766250134,0.04953667148947716,0.23850293457508087,0.8020226955413818,0.5652233362197876,0.7901519669149384,0.5815384615384616,0.9560059415983705,0.956757071608459,0.9992149208692801,24.0,1.0,ht29+IFNB_CRKL,ht29+IFNB,CRKL,True,False,6
ht29+INS_MTOR,0.01267533,0.004738416,2.6750143,0.9966769,0.018301465,0.8631684708546447,0.0007243748509932016,0.9970977024648285,0.9988297695475037,0.9982659036249392,1902,2282,0.041944969445466995,0.02495005913078785,1.681157112121582,0.24485187232494354,0.03674004226922989,0.23402624332517225,0.002307692307692308,0.7917267858545763,0.795793831071496,0.9948893230154302,9.0,16.0,ht29+INS_MTOR,ht29+INS,MTOR,True,False,6
ht29+TNFA_MTOR,0.011432996,0.0063645556,1.7963542,0.99715227,-0.043874353,0.8529205465525971,-0.02233956760813434,0.9975655189254267,0.9984931178674196,0.9990710011662634,1741,2186,0.03680917248129845,0.02993132546544075,1.2297875881195068,0.6624560356140137,0.06932517141103745,0.6405078018078736,-0.0015384615384615385,0.9219826123965948,0.942028603248996,0.9787204010756534,13.0,12.0,ht29+TNFA_MTOR,ht29+TNFA,MTOR,True,False,6
ht29+TNFA_TNFRSF1B,0.0038306038,0.00090929854,4.212702,0.9988074,0.12604241,0.8590065459414019,0.14225898660828043,0.9990581062111081,0.9997703592614835,0.9992875833497389,2237,1846,0.008732661604881287,0.013827424496412277,0.6315464973449707,,,,,,,,1.0,0.0,ht29+TNFA_TNFRSF1B,ht29+TNFA,TNFRSF1B,True,False,6
k562+IFNB_BRD9,0.014099487,0.0072639845,1.9410129,0.99613494,0.4348396,0.8092699402288172,0.3947140400232557,0.9968736754804516,0.9979814545039358,0.9988899803513535,2484,1151,0.0430767722427845,0.19881796836853027,0.2166643887758255,-1.0,-1.0,-0.9999999999999999,-0.9999999999999999,0.9730275862946333,0.9911130790582239,0.981752341740081,2.0,0.0,k562+IFNB_BRD9,k562+IFNB,BRD9,True,False,6
k562+IFNB_RNF114,0.012558302,0.007969666,1.5757626,0.99629444,0.5567547,0.7966393364234904,0.4735076739757419,0.996956581226745,0.9978775516608167,0.9990770706961601,2579,1043,0.0036493842490017414,0.17802269756793976,0.020499544218182564,,,,,,,,1.0,0.0,k562+IFNB_RNF114,k562+IFNB,RNF114,True,False,6
k562+IFNG_GUK1,0.009996414,0.018956954,0.52732176,0.9961426,0.7026764,0.7849940500403991,0.6101984278606063,0.9968924543592278,0.9955519958009719,1.0013464475626686,2653,762,0.033791717141866684,0.2304968237876892,0.14660382270812988,0.8120070695877075,0.7202653884887695,0.7961538461538461,0.5307692307692308,0.963125260442301,0.9720429199526271,0.9908258582751049,25.0,0.0,k562+IFNG_GUK1,k562+IFNG,GUK1,True,False,6
k562+IFNG_MAFB,0.009182527,0.007931303,1.1577576,0.9970529,0.4170475,0.841681396721138,0.34397662273452034,0.9974928030337162,0.9977712169186622,0.9997209642047946,2090,1367,0.18536220490932465,0.19877904653549194,0.9325037598609924,,,,,,,,1.0,0.0,k562+IFNG_MAFB,k562+IFNG,MAFB,True,False,6
k562+IFNG_PRDM1,0.009421644,0.005017401,1.8777936,0.9973446,0.33974916,0.8487520037769621,0.28320774400257936,0.9977464598055301,0.9985627959167035,0.9991824889586198,2044,1461,,,,,,,,,,,,,k562+IFNG_PRDM1,k562+IFNG,PRDM1,True,False,6
k562+INS_MTOR,0.11905929,0.08512345,1.3986661,0.973614,-0.27908844,0.8336923729240434,-0.19141576945218586,0.9760533128012956,0.9802992033076371,0.9956687810292864,1443,2416,0.6788409948348999,0.616407036781311,1.1012868881225586,0.8687465190887451,-0.3388914167881012,0.5312719071221375,-0.15076923076923077,0.8882238741321595,0.8941019401804422,0.9934257316933052,12.0,13.0,k562+INS_MTOR,k562+INS,MTOR,True,False,6
k562+TNFA_BATF,0.0063722,0.0028526653,2.2337706,0.9978992,0.16986424,0.8827310875029752,0.18936020464497375,0.9982974475300421,0.9991876913827208,0.9991090324066676,2155,1769,0.01459935586899519,0.03240341320633888,0.4505499303340912,,,,,,,,1.0,0.0,k562+TNFA_BATF,k562+TNFA,BATF,True,False,6
k562+TNFA_TNFRSF1B,0.004827851,0.0018777286,2.5711122,0.9985064,0.28842717,0.8832615085914071,0.2553840685696192,0.9988242855031184,0.9994624552284544,0.9993614870453637,2367,1625,,,,,,,,,,,,,k562+TNFA_TNFRSF1B,k562+TNFA,TNFRSF1B,True,False,6
mcf7+IFNB_CRKL,0.005647272,0.0049610627,1.138319,0.99819845,0.4951739,0.8024312673150286,0.4106317246455039,0.9985452539883819,0.9987471071764534,0.9997978935942631,2657,1314,0.039817433804273605,0.08448446542024612,0.47129887342453003,0.976185142993927,0.44694942235946655,0.6168831168831169,0.5311688311688313,0.9828184516275675,0.979304854876485,1.0035878477816038,20.0,1.0,mcf7+IFNB_CRKL,mcf7+IFNB,CRKL,True,False,6
mcf7+IFNB_RNF114,0.0062217806,0.0036064729,1.7251705,0.99839526,0.4953133,0.776378234251401,0.38883067796382886,0.9986748127985378,0.9990816774749444,0.9995927613471655,2637,1371,0.005072425119578838,0.029642770066857338,0.17111845314502716,0.6212476491928101,0.3307838439941406,0.3516483516483516,0.26373626373626374,0.8904007495327847,0.9612681388760459,0.92627718897859,13.0,0.0,mcf7+IFNB_RNF114,mcf7+IFNB,RNF114,True,False,6
mcf7+IFNB_STAT5A,0.0048049334,0.0036986207,1.299115,0.9986401,0.49271244,0.8208245786846343,0.37748072344778943,0.9989207438289612,0.9990378654261329,0.9998827656075661,2596,1453,0.004878588952124119,0.028565268963575363,0.17078743875026703,0.9544510245323181,0.8429930210113525,0.7054945054945055,0.6175824175824175,0.984431716082305,0.9909833607728167,0.9933887439992913,14.0,0.0,mcf7+IFNB_STAT5A,mcf7+IFNB,STAT5A,True,False,6
mcf7+IFNG_GUK1,0.012469061,0.0036968002,3.3729334,0.99739176,0.2572247,0.7755713195324015,0.23630561253993462,0.9978417097105965,0.9990274701131006,0.9988130852874648,2220,1413,0.0074815754778683186,0.04998072236776352,0.1496892273426056,,,,,,,,1.0,0.0,mcf7+IFNG_GUK1,mcf7+IFNG,GUK1,True,False,6
mcf7+IFNG_IFNGR1,0.008317722,0.011333881,0.7338812,0.9972025,0.57317436,0.8295053287415375,0.31925890846170324,0.9977581517449164,0.9970599025158232,1.0007003082034804,2202,1337,0.15520057082176208,0.6762932538986206,0.2294870913028717,0.9861249923706055,0.6467821002006531,0.9630769230769232,0.6223076923076922,0.9891921231781301,0.9808740644851549,1.0084802514350721,25.0,0.0,mcf7+IFNG_IFNGR1,mcf7+IFNG,IFNGR1,True,False,6
mcf7+IFNG_KIN,0.00479639,0.004210547,1.139137,0.99837375,0.40528157,0.8352441366534759,0.3609198206127774,0.998706583740777,0.9989363470947814,0.9997699919973153,2269,1288,,,,,,,,,,,,,mcf7+IFNG_KIN,mcf7+IFNG,KIN,True,False,6
mcf7+INS_MTOR,0.0069956207,0.003880227,1.8028896,0.99775124,0.32137775,0.850476676928472,0.17457177458980747,0.9981132813264768,0.9989693538178408,0.9991430442905057,2081,1813,0.028202855959534645,0.17493820190429688,0.1612161099910736,0.8591420650482178,0.9326636791229248,0.8095238095238096,0.6190476190476191,0.9229342098562773,0.987211155529651,0.9348903774908334,6.0,2.0,mcf7+INS_MTOR,mcf7+INS,MTOR,True,False,6
mcf7+TNFA_BATF,0.004548599,0.003554573,1.2796471,0.99865615,0.43866485,0.8656720693868659,0.275351098675948,0.9989126054966673,0.999059791140018,0.9998526758411699,2338,1610,0.028772782534360886,0.14925220608711243,0.19277961552143097,0.9846950173377991,0.9278063774108887,0.9623376623376624,0.8623376623376624,0.9882217238409637,0.9805422813884187,1.007831832036525,21.0,0.0,mcf7+TNFA_BATF,mcf7+TNFA,BATF,True,False,6
mcf7+TNFA_MTOR,0.009177213,0.008683646,1.0568386,0.9972387,0.31952542,0.8590273150913179,0.17547301286790803,0.9976563355600325,0.9978157625335253,0.9998402240378644,1973,1837,0.08903203159570694,0.27988511323928833,0.31810206174850464,0.9557568430900574,0.8855696320533752,0.9476923076923076,0.8646153846153846,0.9637583593093939,0.9650438496074146,0.9986679462300665,23.0,2.0,mcf7+TNFA_MTOR,mcf7+TNFA,MTOR,True,False,6
a549+IFNB_CEBPG,0.00958734,0.0060059126,1.5963169,0.99738246,0.44404244,0.8041123797733049,0.41356542544728114,0.9979807223406781,0.9986978615320713,0.9992819257765376,2391,1044,,,,,,,,,,,,,a549+IFNB_CEBPG,a549+IFNB,CEBPG,True,False,7
a549+IFNB_CRKL,0.023952771,0.058476813,0.40961143,0.9931152,0.724449,0.7895111911104077,0.7310127813142393,0.994388910942947,0.9904898229625952,1.003936525030302,2798,493,0.1695631742477417,0.49849140644073486,0.34015265107154846,0.8964846134185791,0.5266786813735962,0.72,0.3769230769230769,0.9635116097656418,0.9496443532935952,1.0146025787695694,25.0,0.0,a549+IFNB_CRKL,a549+IFNB,CRKL,True,False,7
a549+IFNB_FOS,0.007587709,0.009269104,0.8186022,0.9976904,0.54233015,0.8211772861897811,0.530887422431976,0.9982062895852024,0.9981178087704146,1.0000886476666486,2515,882,,,,,,,,,,,,,a549+IFNB_FOS,a549+IFNB,FOS,True,False,7
a549+IFNB_IFI16,0.078459606,0.10110833,0.7759955,0.9854465,0.5135919,0.8163308689145711,0.6005693719020747,0.9871268145644537,0.9851009668774339,1.0020564873603173,2382,888,0.48962727189064026,0.710066020488739,0.6895517706871033,0.9623814821243286,-0.06574948877096176,0.8314737052559902,-0.014615384615384615,0.964664874217934,0.9488887231368016,1.0166259232473331,25.0,0.0,a549+IFNB_IFI16,a549+IFNB,IFI16,True,False,7
a549+IFNB_MYC,0.008652409,0.008824172,0.98053485,0.99740386,0.4963152,0.8058505741339212,0.4500028778877931,0.9979974292194498,0.9981556932981457,0.9998414434944783,2367,1016,0.03034578450024128,0.1860947459936142,0.1630663126707077,,,,,,,,1.0,0.0,a549+IFNB_MYC,a549+IFNB,MYC,True,False,7
a549+IFNG_IFI16,0.18096438,0.2048523,0.88338953,0.9675009,0.40710115,0.7857344768645519,0.46420851608312175,0.9711805738096998,0.968742603711167,1.0025166335094515,1867,1011,1.1059842109680176,1.390175461769104,0.7955716848373413,0.4943576157093048,-0.11778277158737183,0.29865616062175565,-0.16461538461538464,0.8089934134411894,0.8055821701393014,1.0042345069545147,23.0,2.0,a549+IFNG_IFI16,a549+IFNG,IFI16,True,False,7
a549+IFNG_MYC,0.009032711,0.0064537902,1.3995979,0.99730706,0.41769984,0.8170323876302374,0.36678689983025725,0.9979303230747356,0.9985925344714849,0.9993368552498745,2191,1082,,,,,,,,,,,,,a549+IFNG_MYC,a549+IFNG,MYC,True,False,7
a549+IFNG_PTGES3,0.026084729,0.03986528,0.65432197,0.9943099,0.5775567,0.8169200285715128,0.5485201082135518,0.995205611422654,0.9929861154093297,1.0022351732606143,2292,874,0.2634340822696686,0.49276110529899597,0.5346081256866455,0.9275630116462708,0.005547631531953812,0.8053846153846154,0.22076923076923075,0.9518301531777944,0.9319645976299687,1.0213157834518014,24.0,1.0,a549+IFNG_PTGES3,a549+IFNG,PTGES3,True,False,7
a549+IFNG_SP110,0.023443332,0.029603632,0.7919073,0.9949078,0.48377302,0.8297767463613877,0.477999352697291,0.9955234958001649,0.9946415081609753,1.0008867392240852,2084,1090,0.19913552701473236,0.31872686743736267,0.6247842311859131,0.9415027499198914,0.04834797605872154,0.8161538461538461,-0.02692307692307692,0.9455774508029372,0.9393203591589365,1.0066612967375723,24.0,1.0,a549+IFNG_SP110,a549+IFNG,SP110,True,False,7
a549+INS_FOS,0.006703226,0.004073682,1.6454957,0.997966,0.371669,0.8332284330919031,0.363548032820739,0.9984228880459112,0.999102162765533,0.9993201148541792,2266,1201,,,,,,,,,,,,,a549+INS_FOS,a549+INS,FOS,True,False,7
a549+TGFB_CHUK,0.008556726,0.0098116305,0.87210035,0.9974728,0.5008725,0.8126661033815471,0.49393179652622987,0.9980123389992034,0.9979508702157989,1.0000615949995526,2513,989,0.03937525674700737,0.1132090836763382,0.3478100597858429,0.9155846834182739,0.5005541443824768,0.9017118843469404,0.2815384615384615,0.9763043608667756,0.9709108033490361,1.0055551524394775,25.0,0.0,a549+TGFB_CHUK,a549+TGFB,CHUK,True,False,7
a549+TGFB_MAPK1,0.010764592,0.011608931,0.92726815,0.99681664,0.36955142,0.8490263588992099,0.43687317767209066,0.9974247822348725,0.9975179645063692,0.9999065858713203,2414,1118,0.17314660549163818,0.26181259751319885,0.6613379716873169,0.9892727732658386,0.239567369222641,0.9376923076923077,0.39076923076923076,0.9884676407658546,0.9832558854077448,1.005300507665864,24.0,1.0,a549+TGFB_MAPK1,a549+TGFB,MAPK1,True,False,7
a549+TGFB_PAK1,0.006211754,0.0018209348,3.4112995,0.9983948,0.25447717,0.8559051452421277,0.29360274216694315,0.9987262625359371,0.9995809299858773,0.9991449742344001,2276,1432,,,,,,,,,,,,,a549+TGFB_PAK1,a549+TGFB,PAK1,True,False,7
a549+TGFB_RUNX2,0.006850876,0.005282064,1.2970073,0.9980494,0.5058928,0.8144917298188068,0.4798634152722783,0.9984848913550631,0.9988794060831901,0.9996050426851085,2512,1017,,,,,,,,,,,,,a549+TGFB_RUNX2,a549+TGFB,RUNX2,True,False,7
a549+TNFA_BIRC3,0.0069160513,0.003932592,1.7586496,0.99787986,0.3148695,0.8277148992853801,0.3342953114134972,0.9983805508381802,0.9990990208429988,0.9992808820849285,2301,1277,0.999241292476654,0.9984472990036011,1.0007952451705933,1.0,-1.0,0.9999999999999999,-0.9999999999999999,0.997762102646754,0.992800991746253,1.0049970849563463,1.0,1.0,a549+TNFA_BIRC3,a549+TNFA,BIRC3,True,False,7
a549+TNFA_CASP8,0.013773596,0.034243684,0.40222296,0.99537003,0.6971632,0.7920799588780602,0.6807597986573712,0.9963008310889088,0.9938128094521418,1.0025035113384568,2867,611,0.0787491574883461,0.30045029520988464,0.26210376620292664,0.9106272459030151,0.8241693377494812,0.7982304436944971,0.43615384615384617,0.9592327317132078,0.9655443353976885,0.9934631653326607,25.0,0.0,a549+TNFA_CASP8,a549+TNFA,CASP8,True,False,7
a549+TNFA_CHUK,0.014833435,0.019421177,0.76377636,0.9952191,0.47494313,0.7999233686508154,0.4770039505862507,0.9963035409982202,0.9958447795163508,1.0004606756909367,2506,989,0.1548847258090973,0.37249645590782166,0.41580188274383545,0.9865663051605225,0.6352224349975586,0.9092307692307693,0.5884615384615385,0.986260704820922,0.9645112555918606,1.0225497101282817,25.0,0.0,a549+TNFA_CHUK,a549+TNFA,CHUK,True,False,7
a549+TNFA_CSF2,0.006018463,0.0027307696,2.203944,0.9981345,0.29899296,0.8310438319283802,0.32104545475221125,0.9985755961578379,0.9993805887875693,0.9991945084397647,2280,1351,0.25022000074386597,0.3398832380771637,0.7361940145492554,,,,,,,,1.0,0.0,a549+TNFA_CSF2,a549+TNFA,CSF2,True,False,7
a549+TNFA_MYC,0.007939874,0.0039690775,2.0004332,0.99756026,0.28863895,0.816247467802195,0.29739243500512763,0.998134410769359,0.9990937079959192,0.9990398325813857,2221,1348,,,,,,,,,,,,,a549+TNFA_MYC,a549+TNFA,MYC,True,False,7
bxpc3+IFNG_IFI16,0.045973796,0.066137455,0.695125,0.990887,0.5693586,0.8481044126518702,0.5043714820283931,0.9922058243793548,0.9891948091081832,1.0030439052484375,2496,1399,0.4017290771007538,0.6073334813117981,0.661463737487793,0.9726851582527161,0.6021528244018555,0.6930922840364985,0.42538461538461536,0.9398625454950335,0.894039753370831,1.051253640513674,21.0,4.0,bxpc3+IFNG_IFI16,bxpc3+IFNG,IFI16,True,False,7
bxpc3+IFNG_MYC,0.015155102,0.006148088,2.4650106,0.99705386,0.4718292,0.84532346092649,0.4063026278484111,0.997690671760154,0.998672512553959,0.9990168540923451,2618,1329,0.009660485200583935,0.034608393907547,0.2791370451450348,-0.023891877382993698,0.629322350025177,0.3200615562187092,0.643076923076923,0.6744659279638996,0.6656699258577022,1.013213759198846,25.0,0.0,bxpc3+IFNG_MYC,bxpc3+IFNG,MYC,True,False,7
bxpc3+IFNG_PPARG,0.064347595,0.11958193,0.53810465,0.98636615,0.7045582,0.8244725786622225,0.7023900167589207,0.9883866910542419,0.9810354753780914,1.0074933229843879,3101,769,0.16777391731739044,0.3610498309135437,0.46468356251716614,0.26819542050361633,0.6088452339172363,0.22180486614714112,0.6592307692307691,0.8009330228945867,0.8120676181008387,0.9862885861250172,25.0,0.0,bxpc3+IFNG_PPARG,bxpc3+IFNG,PPARG,True,False,7
bxpc3+IFNG_SP110,0.047386553,0.060776055,0.77969116,0.9905654,0.47400716,0.8502705428111178,0.4324408162769636,0.9918666870417319,0.989247952048326,1.002647197790992,2357,1522,0.19346028566360474,0.3060329556465149,0.6321550607681274,0.7767244577407837,0.41551992297172546,0.47045615825190634,0.22999999999999998,0.9286653591941787,0.9158692611630864,1.0139715334641128,23.0,2.0,bxpc3+IFNG_SP110,bxpc3+IFNG,SP110,True,False,7
bxpc3+INS_CHUK,0.014040303,0.008815369,1.5927075,0.9963033,0.29494208,0.8596349641355574,0.2851481379766281,0.9971798491458874,0.9979412627334748,0.9992370156280523,2621,1650,0.4927423596382141,0.5241492390632629,0.9400802850723267,0.4175715744495392,0.26189786195755005,0.673591087667019,0.23076923076923078,0.574572893662161,0.567593692995625,1.012296120891868,19.0,6.0,bxpc3+INS_CHUK,bxpc3+INS,CHUK,True,False,7
bxpc3+INS_FOS,0.0071867914,0.00509247,1.4112585,0.99774516,0.38261944,0.8825794388246053,0.24912338631342898,0.9982821841632089,0.9988211619189161,0.9994603861269101,2408,1904,0.016059549525380135,0.0242124255746603,0.6632772088050842,0.22670434415340424,0.39129966497421265,0.6784615384615386,0.5046153846153847,0.5990949356955176,0.5925543331723581,1.0110379794003752,18.0,7.0,bxpc3+INS_FOS,bxpc3+INS,FOS,True,False,7
bxpc3+TGFB_FOS,0.019026835,0.021575378,0.88187724,0.9943674,0.3905651,0.8244465614488199,0.34975193482300937,0.9954407952367488,0.9953291751978383,1.0001121438431546,2204,1148,0.2690538763999939,0.2931840717792511,0.9176961183547974,0.0024461597204208374,-0.05825410783290863,0.11180339887498948,-0.09999999999999999,0.5151215996069592,0.6647300878341705,0.7749334790686744,4.0,1.0,bxpc3+TGFB_FOS,bxpc3+TGFB,FOS,True,False,7
bxpc3+TGFB_PAK1,0.009684734,0.005270057,1.8376906,0.99691236,0.33000886,0.8390786926386186,0.27900013201564133,0.9976440279409712,0.998728703885279,0.9989139433561004,2227,1370,,,,,,,,,,,,,bxpc3+TGFB_PAK1,bxpc3+TGFB,PAK1,True,False,7
bxpc3+TGFB_RUNX2,0.01319563,0.012667557,1.041687,0.99579406,0.46143806,0.7977601426749896,0.4058790501115668,0.9967498300670482,0.997144473326509,0.999604226599036,2414,998,,,,,,,,,,,,,bxpc3+TGFB_RUNX2,bxpc3+TGFB,RUNX2,True,False,7
bxpc3+TGFB_SMAD6,0.012378545,0.006327861,1.9561973,0.9965905,0.34083647,0.816259569794475,0.31607843741263186,0.997387600810084,0.9984900066005655,0.9988959270666767,2234,1265,,,,,,,,,,,,,bxpc3+TGFB_SMAD6,bxpc3+TGFB,SMAD6,True,False,7
hap1+IFNB_CEBPG,0.0050601675,0.0029637706,1.7073411,0.99837303,0.24450523,0.8511560835529325,0.26075884557334156,0.9987291336693745,0.999275926244695,0.9994528112196446,2431,1545,0.0034989072009921074,0.03487232327461243,0.1003347858786583,1.0,1.0,0.9999999999999999,0.9999999999999999,0.9846795327603255,0.960047399135763,1.025657205724151,2.0,0.0,hap1+IFNB_CEBPG,hap1+IFNB,CEBPG,True,False,7
hap1+IFNB_FOS,0.0040649995,0.003389147,1.1994166,0.9986746,0.3822313,0.8624190472830767,0.35924335013719905,0.998969656543865,0.9991943604484936,0.9997751149190557,2455,1418,0.08135124295949936,0.13762116432189941,0.5911245346069336,0.9947869777679443,0.624334454536438,0.9999999999999999,0.3,0.9957079383374042,0.9924110424275705,1.0033221072407348,5.0,0.0,hap1+IFNB_FOS,hap1+IFNB,FOS,True,False,7
hap1+IFNB_IFI16,0.030199604,0.021498028,1.4047616,0.99461526,-0.05982373,0.8597370542278489,-0.06709852496677117,0.9952294735757735,0.9956472969235519,0.9995803500405521,1593,2197,0.17895686626434326,0.2065477967262268,0.8664186596870422,0.9429233074188232,0.5207207798957825,0.7795306463899287,0.3469230769230769,0.9618496345037466,0.9665710712778405,0.9951152720018281,14.0,11.0,hap1+IFNB_IFI16,hap1+IFNB,IFI16,True,False,7
hap1+IFNB_MYC,0.0068814117,0.0017536837,3.9239755,0.99848574,0.2740411,0.8295087095411499,0.2768580421124146,0.9988026384779828,0.999567427294543,0.9992348802135038,2485,1536,,,,,,,,,,,,,hap1+IFNB_MYC,hap1+IFNB,MYC,True,False,7
hap1+IFNG_IFI16,0.115338534,0.11018525,1.0467693,0.983869,0.17973283,0.7974821397864792,0.13102032681252138,0.9854390361656088,0.9830245152597019,1.0024562163694046,1496,1540,0.8916991949081421,1.1920320987701416,0.7480496764183044,0.8759233355522156,0.3143848478794098,0.8276923076923076,0.28769230769230764,0.9441477318840568,0.9467266631026942,0.9972759495225523,20.0,5.0,hap1+IFNG_IFI16,hap1+IFNG,IFI16,True,False,7
hap1+IFNG_PTGES3,0.01347321,0.031875383,0.42268386,0.9956799,0.7148043,0.7972215780868165,0.6527566993683716,0.9964194020745796,0.994029162389777,1.0024045971438666,2497,632,0.07416398823261261,0.3726928234100342,0.1989949494600296,0.9597766995429993,0.8384900689125061,0.9376923076923077,0.7915384615384615,0.9761321453163168,0.9699631681888595,1.0063600117301115,25.0,0.0,hap1+IFNG_PTGES3,hap1+IFNG,PTGES3,True,False,7
hap1+INS_CHUK,0.008046757,0.0020333943,3.957303,0.9973977,0.23736718,0.8290994327842492,0.2609864358107569,0.9979347896717219,0.9994962468513167,0.9984377558349881,2450,1573,0.09894899278879166,0.08017664402723312,1.2341374158859253,0.9548962116241455,-0.6739717125892639,0.39285714285714296,-0.21428571428571433,0.8228524684299929,0.7647714266910939,1.0759456220667083,6.0,1.0,hap1+INS_CHUK,hap1+INS,CHUK,True,False,7
hap1+INS_FOS,0.0062319622,0.0016967171,3.6729531,0.9981581,0.23200649,0.8564809427200817,0.1946235204566632,0.9985744724495964,0.9995781491461322,0.9989958997229049,2238,1793,0.09924734383821487,0.06863296777009964,1.4460593461990356,0.999179482460022,-0.9983277320861816,1.0,-1.0,0.9980635431019548,0.9955263112060467,1.0025486336898863,2.0,1.0,hap1+INS_FOS,hap1+INS,FOS,True,False,7
hap1+INS_MAPK1,0.008785217,0.0028850115,3.0451238,0.99764454,0.075279504,0.8630827121193113,0.11445479852437519,0.9981687666118635,0.9992889648959655,0.9988790046488518,2154,1869,0.28319841623306274,0.24995580315589905,1.1329939365386963,0.9991739988327026,-0.5932618379592896,0.7333333333333332,0.18787878787878787,0.9976736734625935,0.9961047611501029,1.001575047498698,6.0,4.0,hap1+INS_MAPK1,hap1+INS,MAPK1,True,False,7
hap1+TGFB_CHUK,0.00934399,0.0041211043,2.2673512,0.997378,0.46549827,0.8303498807300945,0.39796827742505214,0.9979239190614528,0.998983508605796,0.9989393322960637,2458,1209,0.01836875081062317,0.10120262205600739,0.18150469660758972,-1.0,-1.0,-0.9999999999999999,-0.9999999999999999,0.9963062721834961,0.9977860704010129,0.9985169183441075,2.0,0.0,hap1+TGFB_CHUK,hap1+TGFB,CHUK,True,False,7
hap1+TGFB_MAPK1,0.0072134477,0.0043911347,1.6427298,0.9976366,0.32789874,0.8645130658988394,0.32090483498460803,0.998159450094155,0.9989201097727199,0.9992385180044698,2292,1370,1.4194607734680176,1.3799022436141968,1.028667688369751,,,,,,,,0.0,1.0,hap1+TGFB_MAPK1,hap1+TGFB,MAPK1,True,False,7
hap1+TGFB_MYC,0.010903638,0.00200338,5.4426208,0.997332,0.2819296,0.823938984979979,0.23154504205033602,0.9978615820181289,0.9994879205030317,0.9983728282738182,2256,1520,,,,,,,,,,,,,hap1+TGFB_MYC,hap1+TGFB,MYC,True,False,7
hap1+TGFB_RUNX2,0.0090467455,0.0038714372,2.3367925,0.9973706,0.4460869,0.8247871442728272,0.36717816584054636,0.9979077640118045,0.9990428163624215,0.9988638601549132,2396,1257,,,,,,,,,,,,,hap1+TGFB_RUNX2,hap1+TGFB,RUNX2,True,False,7
hap1+TGFB_SMAD6,0.006781688,0.0028894844,2.3470235,0.99781793,0.3034932,0.8479691900501167,0.27196610035561936,0.9983174033800277,0.9992755931436338,0.9990411156139702,2236,1481,0.6849894523620605,0.928928017616272,0.7373977899551392,,,,,,,,1.0,0.0,hap1+TGFB_SMAD6,hap1+TGFB,SMAD6,True,False,7
hap1+TNFA_CASP8,0.013357016,0.02443921,0.54654044,0.99578476,0.5973259,0.8102329878039521,0.5407961127954551,0.9965638227737704,0.9948269493010794,1.0017459051284359,2645,966,0.0805879682302475,0.18553891777992249,0.4343453645706177,0.6658709645271301,0.2801377773284912,0.6766871905877588,0.21384615384615382,0.919520865902768,0.9251693677334334,0.9938946294293081,24.0,1.0,hap1+TNFA_CASP8,hap1+TNFA,CASP8,True,False,7
hap1+TNFA_CHUK,0.009678188,0.007969343,1.2144274,0.9972502,0.48938012,0.8180442525767634,0.4244283155440015,0.9978366683491217,0.9980656049820267,0.9997706196548982,2528,1151,0.046622052788734436,0.1589018851518631,0.2934015095233917,0.9612203240394592,0.6865302920341492,0.9246153846153846,0.7899999999999999,0.9862635489443078,0.9888938412857172,0.9973401671326119,25.0,0.0,hap1+TNFA_CHUK,hap1+TNFA,CHUK,True,False,7
hap1+TNFA_CSF2,0.006120393,0.0020609433,2.9697049,0.9980545,0.28465682,0.8365995103038879,0.2665760489450199,0.9984929194256096,0.9994749099660377,0.9990174935552294,2342,1485,,,,,,,,,,,,,hap1+TNFA_CSF2,hap1+TNFA,CSF2,True,False,7
hap1+TNFA_MYC,0.011349823,0.002500446,4.5391192,0.99732655,0.31140453,0.805197164350765,0.2713140639867101,0.9978570639015829,0.9993704152991222,0.9984856952193384,2343,1473,,,,,,,,,,,,,hap1+TNFA_MYC,hap1+TNFA,MYC,True,False,7
hap1+TNFA_TRAF2,0.0078521,0.0048038955,1.6345276,0.9976005,0.4051395,0.8284707491827948,0.3653455003177349,0.9981195326115856,0.9988290655756653,0.9992896352453753,2453,1231,0.012214817106723785,0.09309716522693634,0.13120503723621368,0.7178210020065308,0.6269733905792236,0.7,0.39999999999999997,0.9525434104296384,0.9304439663612593,1.0237515045154248,5.0,0.0,hap1+TNFA_TRAF2,hap1+TNFA,TRAF2,True,False,7
ht29+IFNB_CEBPG,0.005816671,0.0026794397,2.1708534,0.9982659,0.29784667,0.8090702013711001,0.30070734614735123,0.9986237859926808,0.9993419535190956,0.9992813595747823,2394,1290,,,,,,,,,,,,,ht29+IFNB_CEBPG,ht29+IFNB,CEBPG,True,False,7
ht29+IFNB_FOS,0.0049609784,0.0037946969,1.3073452,0.9983833,0.35547078,0.8306148948306444,0.358640583308024,0.9987214719498223,0.9991130567884025,0.9996080675395846,2372,1264,0.0252766702324152,0.051608242094516754,0.4897797107696533,0.9329584836959839,-0.5326668620109558,0.8999999999999998,-0.49999999999999994,0.9702635555170009,0.9550054590078068,1.015976973079344,5.0,0.0,ht29+IFNB_FOS,ht29+IFNB,FOS,True,False,7
ht29+IFNB_SP110,0.0070003807,0.005401315,1.2960511,0.9977491,0.23577374,0.8347163627686283,0.2523745522192684,0.9981826541872884,0.9987020254801049,0.9994799537003374,2145,1478,0.041377630084753036,0.07530877739191055,0.5494396686553955,0.9741421937942505,0.6634500026702881,0.8476923076923076,0.33692307692307694,0.9585011183756921,0.9630553997909351,0.9952710078607817,23.0,2.0,ht29+IFNB_SP110,ht29+IFNB,SP110,True,False,7
ht29+IFNG_PPARG,0.02568642,0.03889121,0.6604685,0.9933616,0.5296901,0.7980930482675319,0.5312136682698396,0.9943577131899438,0.9924461245713858,1.0019261384283036,2656,933,0.0963638573884964,0.15507414937019348,0.6214050650596619,0.5231707096099854,0.25547412037849426,0.5270658136953581,0.30923076923076925,0.8227967339740208,0.835576976389632,0.9847048892241715,23.0,2.0,ht29+IFNG_PPARG,ht29+IFNG,PPARG,True,False,7
ht29+IFNG_PTGES3,0.006968686,0.007958247,0.87565583,0.9977267,0.39045995,0.8286195640610597,0.3773251780466018,0.9981338925324893,0.998130749704213,1.0000031487140109,2394,1235,0.05253280699253082,0.08670193701982498,0.6059011816978455,0.9605150818824768,0.4652352035045624,0.6784615384615386,0.11153846153846154,0.9615227418348409,0.9590814508712265,1.002545446960106,25.0,0.0,ht29+IFNG_PTGES3,ht29+IFNG,PTGES3,True,False,7
ht29+IFNG_SP110,0.028774358,0.030517329,0.9428859,0.9933102,0.26632705,0.8257884206397089,0.2989295905461092,0.993999440065723,0.9943121245389142,0.9996855268426541,1994,1593,0.11207389086484909,0.13170494139194489,0.8509467244148254,0.42947906255722046,-0.03011271357536316,0.5038461538461538,-0.023076923076923078,0.8978479746758884,0.9228452292479655,0.9729128419589408,19.0,6.0,ht29+IFNG_SP110,ht29+IFNG,SP110,True,False,7
ht29+INS_CHUK,0.0054362216,0.0019184921,2.8335907,0.99816906,0.1018423,0.8544545446185629,0.16614725884782328,0.9985668773564259,0.9995082268219494,0.9990581873762894,2364,1877,0.016027141362428665,0.019710849970579147,0.8131126165390015,0.6250840425491333,0.2618798017501831,0.8584615384615385,0.14923076923076922,0.6814411360840725,0.6129956823139932,1.1116573178977462,21.0,4.0,ht29+INS_CHUK,ht29+INS,CHUK,True,False,7
ht29+TGFB_AKT1,0.018153,0.0017782823,10.208165,0.99414176,0.04995785,0.8398124284674087,0.09480900457466707,0.9954500952219667,0.9995514083513374,0.995896846230115,2036,1689,,,,,,,,,,,,,ht29+TGFB_AKT1,ht29+TGFB,AKT1,False,True,7
ht29+TGFB_ATF2,0.019252509,0.005345672,3.6015134,0.99370366,0.20140657,0.8166119486437778,0.23773397431799506,0.9950542918526374,0.9987439153502418,0.9963057361943372,2121,1458,0.022637369111180305,0.05771699175238609,0.39221325516700745,0.5275137424468994,0.17839667201042175,0.13333333333333333,-0.18333333333333335,0.861796305418002,0.9098892068661598,0.9471442225215536,8.0,1.0,ht29+TGFB_ATF2,ht29+TGFB,ATF2,False,True,7
ht29+TGFB_CHUK,0.020274512,0.008985933,2.2562501,0.9931705,0.2741288,0.80959953287264,0.28218167820866047,0.9946061290021712,0.9979715676047681,0.9966277209573472,2213,1366,0.06424589455127716,0.10756086558103561,0.5972980260848999,0.6700991988182068,-0.09306344389915466,0.5315384615384615,-0.10692307692307691,0.8953154848850272,0.9622893499988091,0.9304015313960767,21.0,4.0,ht29+TGFB_CHUK,ht29+TGFB,CHUK,False,False,7
ht29+TGFB_CREBBP,0.024037914,0.005522122,4.353021,0.9924045,0.040439032,0.8173911948171175,0.11847217113829821,0.9940604422649746,0.9986100596587713,0.9954440501076554,2027,1602,0.054402001202106476,0.07452208548784256,0.7300118207931519,0.8427614569664001,0.694030225276947,0.7472527472527472,-0.12087912087912088,0.87067576126903,0.6625593102601215,1.314109918593102,10.0,3.0,ht29+TGFB_CREBBP,ht29+TGFB,CREBBP,False,True,7
ht29+TGFB_CUL1,0.03470477,0.06030762,0.57546246,0.9871795,0.57423425,0.7318852529635012,0.5307475560448632,0.9895737631719724,0.9890859626413011,1.000493183149995,2596,889,0.1542823314666748,0.3063197135925293,0.5036643743515015,0.4175242781639099,0.037399161607027054,0.45895770577148776,0.009230769230769232,0.797401362837935,0.8718499022281435,0.9146085361712559,22.0,3.0,ht29+TGFB_CUL1,ht29+TGFB,CUL1,False,True,7
ht29+TGFB_EP300,0.02408631,0.017877262,1.3473153,0.99172604,0.349241,0.7771567562082675,0.33538811653968226,0.9933950883792468,0.9960778684107057,0.9973066563202139,2309,1243,0.13715054094791412,0.14182926714420319,0.967011570930481,0.8193207383155823,-0.2838696241378784,0.7801500432831038,-0.09230769230769231,0.919245896708568,0.9691399666470227,0.9485171681536616,20.0,5.0,ht29+TGFB_EP300,ht29+TGFB,EP300,False,True,7
ht29+TGFB_FOS,0.01808199,0.004037839,4.4781356,0.9940424,0.15757199,0.8264354657383103,0.1613151189249395,0.9953247953128911,0.9990281233618701,0.996293069271647,2035,1591,0.04041442275047302,0.08118953555822372,0.4977787137031555,0.8133821487426758,0.40498802065849304,0.6,0.6,0.9522095515596821,0.9440187518153558,1.0086765222921423,5.0,0.0,ht29+TGFB_FOS,ht29+TGFB,FOS,False,False,7
ht29+TGFB_FOXP2,0.018526169,0.0047203223,3.9247677,0.99388224,0.20570108,0.8190722932730012,0.22007169988820963,0.9952002342342244,0.9988808783934309,0.9963152321374634,2153,1466,0.09479834884405136,0.4751262962818146,0.19952242076396942,0.9984749555587769,0.9816397428512573,0.5,1.0,0.9929534480763785,0.9928524650590175,1.0001017099930904,3.0,0.0,ht29+TGFB_FOXP2,ht29+TGFB,FOXP2,False,True,7
ht29+TGFB_HDAC4,0.022294119,0.009226598,2.4162881,0.9926999,0.28640467,0.7807013166639419,0.3056524213040732,0.9942170312883435,0.9978841226792149,0.9963251330414742,2302,1271,0.131780207157135,0.17222003638744354,0.7651851177215576,0.9678704142570496,0.08369363844394684,0.3853846153846154,-0.15538461538461537,0.9690169094860296,0.9725707399679514,0.9963459413944132,19.0,6.0,ht29+TGFB_HDAC4,ht29+TGFB,HDAC4,False,True,7
ht29+TGFB_HDAC5,0.017604815,0.0014558163,12.092745,0.99438775,0.09667739,0.8329485292402111,0.12937397091050976,0.9956470534040204,0.9996320556284893,0.9960135309766918,2128,1648,,,,,,,,,,,,,ht29+TGFB_HDAC5,ht29+TGFB,HDAC5,False,True,7
ht29+TGFB_HRAS,0.017266287,0.001290935,13.375024,0.99451697,0.14434746,0.8358777271190784,0.150776813680444,0.9957479231969013,0.9996738300549378,0.9960728122113383,2126,1719,,,,,,,,,,,,,ht29+TGFB_HRAS,ht29+TGFB,HRAS,False,True,7
ht29+TGFB_IKBKB,0.023383588,0.023096396,1.0124345,0.9918005,0.43510604,0.7771601845150198,0.43349985566762417,0.9934376570654132,0.9951763070289352,0.9982529226718503,2502,1049,0.059221915900707245,0.1487562209367752,0.398113876581192,0.193784698843956,0.22196193039417267,0.18882501331890764,0.2353846153846154,0.7469397679715648,0.9183265961941091,0.8133705057298397,22.0,3.0,ht29+TGFB_IKBKB,ht29+TGFB,IKBKB,False,True,7
ht29+TGFB_IRF7,0.017503513,0.0021547212,8.123331,0.99432456,0.13710383,0.8386706205057481,0.16367160018008253,0.9955820276113081,0.9994649548086069,0.9961149941490022,2059,1628,,,,,,,,,,,,,ht29+TGFB_IRF7,ht29+TGFB,IRF7,False,True,7
ht29+TGFB_JUN,0.019172175,0.0033398566,5.7404184,0.9937266,0.08092809,0.8343642984077746,0.12260480030915032,0.9951076091766864,0.999179250887048,0.995925013748287,2016,1648,0.09061866998672485,0.11452484130859375,0.7912577390670776,1.0,-1.0,0.9999999999999999,-0.9999999999999999,0.9489286858884369,0.9959188179151468,0.9528173068111326,1.0,1.0,ht29+TGFB_JUN,ht29+TGFB,JUN,False,True,7
ht29+TGFB_KRAS,0.018152213,0.002040427,8.896281,0.99427664,0.110004485,0.8354037390601008,0.14358579121439632,0.9955618537352804,0.9994842794436803,0.9960755503722548,2143,1657,,,,,,,,,,,,,ht29+TGFB_KRAS,ht29+TGFB,KRAS,False,True,7
ht29+TGFB_MAP3K7,0.018216891,0.002175338,8.37428,0.9941335,0.051927216,0.832990750259865,0.09222588876402985,0.9954310745697446,0.9994561728242337,0.9959727115966325,1995,1695,,,,,,,,,,,,,ht29+TGFB_MAP3K7,ht29+TGFB,MAP3K7,False,True,7
ht29+TGFB_MAPK1,0.023038568,0.012585021,1.8306341,0.99233586,0.19691947,0.8330338946945909,0.2182246981992787,0.99387031616148,0.9970554863597284,0.9968054233271636,2084,1472,0.19915302097797394,0.23209938406944275,0.8580506443977356,0.708672285079956,0.26591983437538147,0.7992307692307692,0.16076923076923075,0.7882799218301241,0.7723943916426463,1.0205666047803559,19.0,6.0,ht29+TGFB_MAPK1,ht29+TGFB,MAPK1,False,False,7
ht29+TGFB_MAPK3,0.016956098,0.0026456334,6.4090886,0.9945373,0.19137666,0.837404767122304,0.17651255969825724,0.9957403382820014,0.9993463875176856,0.9963915922639782,2064,1601,,,,,,,,,,,,,ht29+TGFB_MAPK3,ht29+TGFB,MAPK3,False,True,7
ht29+TGFB_MAPK14,0.021975879,0.0034465226,6.376247,0.99287087,-0.05761327,0.8207028437893424,0.05403734729516176,0.9944507318952844,0.9991391695463093,0.9953075229218029,1952,1716,,,,,,,,,,,,,ht29+TGFB_MAPK14,ht29+TGFB,MAPK14,False,True,7
ht29+TGFB_MED15,0.03146041,0.012071173,2.6062431,0.99014354,0.043175764,0.7937609037126142,0.11535763172896879,0.9922644256272155,0.9969450357253928,0.9953050469881004,2030,1588,0.19146504998207092,0.1786821484565735,1.0715398788452148,0.6046338081359863,-0.11314317584037781,0.4576923076923077,-0.11461538461538462,0.7145865775207673,0.757631950259708,0.9431843222501569,20.0,5.0,ht29+TGFB_MED15,ht29+TGFB,MED15,False,True,7
ht29+TGFB_MYC,0.020128557,0.0019865055,10.132647,0.99380136,0.06963109,0.8028424414720002,0.10806807753345304,0.995144884690097,0.9994996556644228,0.9956430490499459,2046,1669,,,,,,,,,,,,,ht29+TGFB_MYC,ht29+TGFB,MYC,False,False,7
ht29+TGFB_NFKB1,0.022768296,0.0067146104,3.390859,0.992692,0.16515559,0.8040292668199727,0.20984244230640092,0.9942494635847567,0.9984004839831476,0.995842329340797,2165,1426,0.04915596917271614,0.07363729923963547,0.6675417423248291,0.8626624941825867,0.046270761638879776,0.6130769230769231,-0.025384615384615387,0.9269862846322254,0.959825157023121,0.9657866100397444,19.0,6.0,ht29+TGFB_NFKB1,ht29+TGFB,NFKB1,False,True,7
ht29+TGFB_NRAS,0.022286126,0.01414518,1.575528,0.9924427,0.3844146,0.7668014536682565,0.37717858170279206,0.993990387480762,0.996947222202577,0.9970341110783353,2367,1175,0.07321619987487793,0.1714482456445694,0.4270454943180084,0.8561310768127441,0.4948124885559082,0.620119265173749,0.49846153846153846,0.9008184930122599,0.934966012711247,0.963477260954155,22.0,3.0,ht29+TGFB_NRAS,ht29+TGFB,NRAS,False,True,7
ht29+TGFB_PAK1,0.017559698,0.0015078518,11.645507,0.9942727,0.09886885,0.8421049047694193,0.11394342408118484,0.9955484982001239,0.9996192397749188,0.9959277078583326,2025,1716,,,,,,,,,,,,,ht29+TGFB_PAK1,ht29+TGFB,PAK1,False,False,7
ht29+TGFB_PIK3CA,0.020334607,0.0042352905,4.801231,0.99336046,0.084116496,0.8219897379679459,0.1296942290385933,0.9948000114962704,0.9989687504036988,0.9958269576443269,2032,1584,,,,,,,,,,,,,ht29+TGFB_PIK3CA,ht29+TGFB,PIK3CA,False,True,7
ht29+TGFB_PPP2CA,0.02083431,0.008006253,2.6022546,0.99301064,0.18536776,0.8086180167016257,0.19487763413183978,0.994480092893512,0.99818259659152,0.9962907551076818,2076,1510,0.04096141830086708,0.06940904259681702,0.5901452898979187,0.596981942653656,0.052053287625312805,0.6907692307692308,0.30769230769230765,0.9166873764149993,0.970268208570777,0.9447772979857773,21.0,4.0,ht29+TGFB_PPP2CA,ht29+TGFB,PPP2CA,False,True,7
ht29+TGFB_PRKCA,0.017126728,0.0017563713,9.7512,0.9944378,0.1175146,0.8350664684095112,0.12673625878864211,0.99567762299082,0.9995583947899633,0.9961175136746675,2018,1713,,,,,,,,,,,,,ht29+TGFB_PRKCA,ht29+TGFB,PRKCA,False,True,7
ht29+TGFB_RAF1,0.019152777,0.0052562105,3.6438377,0.99371594,0.22681215,0.8115147562008566,0.25251482537819087,0.995060441236975,0.9987659986670067,0.9962898642575165,2208,1396,0.06514272838830948,0.07243108749389648,0.8993752598762512,0.7906311750411987,-0.17436188459396362,0.7515384615384615,-0.10153846153846155,0.9075229835964582,0.9686132329835566,0.9369301932837258,20.0,5.0,ht29+TGFB_RAF1,ht29+TGFB,RAF1,False,True,7
ht29+TGFB_RBL1,0.020161377,0.0062969956,3.2017455,0.9934102,0.26552913,0.7912279355228992,0.24723036307885848,0.9948026327474284,0.9985210935200863,0.9962760318266796,2173,1404,0.08759773522615433,0.12872561812400818,0.6804996132850647,0.977265477180481,0.06039182096719742,0.7436045530898616,0.003846153846153846,0.9792817220456891,0.9736413565050954,1.005793062818161,20.0,5.0,ht29+TGFB_RBL1,ht29+TGFB,RBL1,False,True,7
ht29+TGFB_RBX1,0.02074254,0.010755194,1.9286066,0.99295557,0.34199286,0.776654820054551,0.32308248297814807,0.9944224318328959,0.9976672698347294,0.9967475749681844,2286,1289,0.050674647092819214,0.10290016233921051,0.49246421456336975,0.6732820868492126,0.5724985599517822,0.6474212849883877,0.5392307692307693,0.9040006221552823,0.9541898306023769,0.9474012331326038,18.0,7.0,ht29+TGFB_RBX1,ht29+TGFB,RBX1,False,True,7
ht29+TGFB_RELA,0.018700369,0.0038534515,4.852888,0.99386,0.11285767,0.834860459520007,0.14012103051206337,0.995181708013444,0.9990657315722603,0.9961123443272306,1981,1639,0.3886873722076416,0.17072133719921112,2.276735782623291,1.0,-1.0,0.9999999999999999,-0.9999999999999999,0.9181699296063328,0.9999359020425622,0.9182287861959886,1.0,1.0,ht29+TGFB_RELA,ht29+TGFB,RELA,False,True,7
ht29+TGFB_RHOA,0.033250075,0.020104244,1.6538833,0.98909664,0.30898738,0.737243596233998,0.3112228887570619,0.9912654194743692,0.9953711968619843,0.9958751293984003,2301,1249,0.27409178018569946,0.4616391360759735,0.5937359929084778,0.7525594234466553,0.37910449504852295,0.7476923076923078,0.25,0.8402244772802447,0.8221199350655778,1.0220217774104003,23.0,2.0,ht29+TGFB_RHOA,ht29+TGFB,RHOA,False,True,7
ht29+TGFB_RPS6KB1,0.018260196,0.0020331882,8.981065,0.9941647,0.06467807,0.8307748738594045,0.09303976986975819,0.995466733088094,0.9994868712471352,0.9959777979334286,2014,1724,,,,,,,,,,,,,ht29+TGFB_RPS6KB1,ht29+TGFB,RPS6KB1,False,True,7
ht29+TGFB_RUNX1,0.017706793,0.0012552034,14.106712,0.9942945,0.07589649,0.8370184402778653,0.10574178601386312,0.9955852879389421,0.9996827654900446,0.9959012221751228,2114,1765,,,,,,,,,,,,,ht29+TGFB_RUNX1,ht29+TGFB,RUNX1,False,True,7
ht29+TGFB_RUNX2,0.019632004,0.003860535,5.0853066,0.99383307,0.24953017,0.7955649374530966,0.24936784276687843,0.9951484264577116,0.9990789030461453,0.9960658997237857,2190,1421,,,,,,,,,,,,,ht29+TGFB_RUNX2,ht29+TGFB,RUNX2,False,False,7
ht29+TGFB_RUNX3,0.01793938,0.0022553063,7.9542985,0.9941924,0.08899288,0.8298400412748149,0.11857949477176656,0.9954751163753476,0.9994398034236326,0.9960330907027078,2008,1670,,,,,,,,,,,,,ht29+TGFB_RUNX3,ht29+TGFB,RUNX3,False,True,7
ht29+TGFB_SKP1,0.028906085,0.034236334,0.84431016,0.990366,0.60435617,0.7257116772892966,0.5559336217654904,0.9922026441380001,0.993155479027294,0.9990405984667908,2657,851,0.06900890916585922,0.19363757967948914,0.3563818037509918,0.43462666869163513,0.2048352062702179,0.41401924769842774,0.10538461538461538,0.8233040313268856,0.897607849199052,0.91722017812292,22.0,3.0,ht29+TGFB_SKP1,ht29+TGFB,SKP1,False,True,7
ht29+TGFB_SMAD1,0.01853811,0.0032243035,5.749493,0.9940542,0.121900976,0.8308796734035113,0.15388145470380724,0.9953484530309405,0.9992102957968331,0.9961351051103683,2048,1602,0.02885022945702076,0.06774556636810303,0.42586150765419006,1.0,1.0,0.9999999999999999,0.9999999999999999,0.9998607488638015,0.9999783319497815,0.9998824143661686,2.0,0.0,ht29+TGFB_SMAD1,ht29+TGFB,SMAD1,False,True,7
ht29+TGFB_SMAD2,0.017723676,0.0017905142,9.898651,0.9943109,0.09919344,0.8381697558963932,0.13136379052493785,0.9955922055135519,0.9995490478206188,0.9960413725412531,2077,1711,,,,,,,,,,,,,ht29+TGFB_SMAD2,ht29+TGFB,SMAD2,False,True,7
ht29+TGFB_SMAD3,0.016922204,0.0019331009,8.753917,0.9946064,0.18060397,0.8349360596591505,0.15859259137941506,0.9958224632502446,0.9995119093316546,0.9963087522550111,2136,1680,,,,,,,,,,,,,ht29+TGFB_SMAD3,ht29+TGFB,SMAD3,False,True,7
ht29+TGFB_SMAD4,0.019292623,0.004741443,4.068935,0.99365675,0.22342944,0.8135486162263307,0.23566329045947024,0.9950209639682971,0.9988718310599719,0.996144783572895,2121,1480,,,,,,,,,,,,,ht29+TGFB_SMAD4,ht29+TGFB,SMAD4,False,True,7
ht29+TGFB_SMAD5,0.021616146,0.009912322,2.1807349,0.9928784,0.30012423,0.7875300112204916,0.33155412947606905,0.9943578994683345,0.9977648417779716,0.996585425576265,2339,1224,0.031059691682457924,0.08920463919639587,0.3481847047805786,0.6588922739028931,0.3262638449668884,0.6353846153846153,0.33384615384615385,0.9183067243670595,0.9670671167260702,0.9495791020957417,23.0,2.0,ht29+TGFB_SMAD5,ht29+TGFB,SMAD5,False,True,7
ht29+TGFB_SMAD6,0.01855276,0.0022181144,8.364203,0.9940821,0.09231082,0.8223347074496729,0.11784970742504675,0.9953981814707982,0.9994406797391607,0.995955239415092,2061,1683,,,,,,,,,,,,,ht29+TGFB_SMAD6,ht29+TGFB,SMAD6,False,False,7
ht29+TGFB_SMAD7,0.017354084,0.003370333,5.149071,0.99440026,0.21489862,0.8270858986615729,0.23040889538746365,0.995620759453915,0.9991850670986921,0.9964327853146098,2136,1481,0.04496721923351288,0.08777068555355072,0.512326180934906,0.958024799823761,-0.5727136135101318,1.0,-0.39999999999999997,0.9914293109120189,0.9854048250000571,1.006113716676759,4.0,0.0,ht29+TGFB_SMAD7,ht29+TGFB,SMAD7,False,True,7
ht29+TGFB_SMAD9,0.01766615,0.0020014779,8.826552,0.99438405,0.11117271,0.8388502712690729,0.11592534265609665,0.9956332590592294,0.9994958985087784,0.9961354124060819,2032,1697,,,,,,,,,,,,,ht29+TGFB_SMAD9,ht29+TGFB,SMAD9,False,True,7
ht29+TGFB_SMURF1,0.018822066,0.0021721001,8.665377,0.99412197,0.07992764,0.8352236982082315,0.10819786752651021,0.995452205934095,0.9994537882473202,0.9959962307809723,2073,1773,1.1682771444320679,1.7311965227127075,0.6748379468917847,,,,,,,,1.0,0.0,ht29+TGFB_SMURF1,ht29+TGFB,SMURF1,False,True,7
ht29+TGFB_SMURF2,0.018079193,0.0022237792,8.129941,0.9942431,0.108130254,0.8318528608013659,0.12250117144457204,0.9955088616549554,0.9994438427767504,0.9960628291922212,2011,1682,0.8284191489219666,1.1199040412902832,0.7397233247756958,,,,,,,,1.0,0.0,ht29+TGFB_SMURF2,ht29+TGFB,SMURF2,False,True,7
ht29+TGFB_SP1,0.02012755,0.003964613,5.0768003,0.9935336,0.08669992,0.8192815962366325,0.12403454399066047,0.9949478808044447,0.9990118342783568,0.9959320266943107,1998,1622,0.014700752682983875,0.03549739345908165,0.4141361117362976,0.9121314287185669,-0.04344116523861885,0.8571428571428573,-0.07142857142857144,0.9660742068199327,0.9559713405261947,1.010568168589842,6.0,1.0,ht29+TGFB_SP1,ht29+TGFB,SP1,False,True,7
ht29+TGFB_TGFBR1,0.019697687,0.004153443,4.742496,0.99351907,0.21007891,0.8346693064840549,0.16052162750877338,0.9949632954831914,0.9989701092533625,0.9959890553950951,2077,1625,0.03165769577026367,0.09180586785078049,0.34483304619789124,0.6984041333198547,0.8592209219932556,0.8095238095238096,0.5476190476190477,0.864546825726591,0.8215053797775174,1.052393382938929,8.0,0.0,ht29+TGFB_TGFBR1,ht29+TGFB,TGFBR1,False,True,7
ht29+TGFB_TGFBR2,0.019221548,0.0028357948,6.7781873,0.9936922,0.15946819,0.839734485997399,0.13385807057509713,0.9951053993288804,0.9992882488079201,0.9958141712523594,2090,1689,,,,,,,,,,,,,ht29+TGFB_TGFBR2,ht29+TGFB,TGFBR2,False,True,7
ht29+TGFB_TGFBR3,0.0182518,0.0047772233,3.8205876,0.9939585,0.18035904,0.8307702924716556,0.20350350495739222,0.9952560995119906,0.9988790428766757,0.9963729909136432,2068,1538,0.08768025040626526,0.14591406285762787,0.600903332233429,0.964973509311676,0.3519487679004669,0.5757575757575757,0.7575757575757575,0.9796171835836415,0.9850236777265772,0.9945113053978419,9.0,1.0,ht29+TGFB_TGFBR3,ht29+TGFB,TGFBR3,False,True,7
ht29+TGFB_TGIF1,0.018595297,0.006763777,2.7492473,0.9938876,0.24515538,0.8178749175607491,0.20896232675652737,0.9952068161718328,0.9983553019374841,0.9968463273951257,2082,1542,0.06685296446084976,0.08916042000055313,0.7498053908348083,0.7628124952316284,0.10105457156896591,0.6000000000000001,0.026153846153846153,0.8996678372310554,0.9774445919256199,0.9204284771361412,20.0,5.0,ht29+TGFB_TGIF1,ht29+TGFB,TGIF1,False,True,7
ht29+TNFA_BIRC3,0.003747713,0.0014760265,2.5390553,0.99877894,0.19771269,0.8453582859540926,0.21995798855875126,0.9990477573839229,0.9996281365428246,0.9994194049390117,2375,1661,0.8612663149833679,1.1021710634231567,0.7814270853996277,1.0,1.0,0.9999999999999999,0.9999999999999999,0.9999635221892743,0.9994826229484969,1.000481148175802,2.0,0.0,ht29+TNFA_BIRC3,ht29+TNFA,BIRC3,True,False,7
ht29+TNFA_CASP3,0.004478524,0.0026468704,1.6920073,0.99855673,0.21449387,0.8410291390838183,0.23596112848613848,0.9988592898437647,0.999360467809227,0.9994985013099817,2346,1615,0.0111424895003438,0.020161375403404236,0.5526651740074158,0.8099348545074463,0.19282977283000946,0.4888377122088302,0.2846153846153846,0.9317293433541589,0.9551434461300526,0.9754862969842274,21.0,4.0,ht29+TNFA_CASP3,ht29+TNFA,CASP3,True,False,7
ht29+TNFA_CASP8,0.006497255,0.007243245,0.8970089,0.99785334,0.40641397,0.8095190059354375,0.37765626954210596,0.9982885989403926,0.9983869591446175,0.9999014808804101,2664,1254,0.01658535562455654,0.036613594740629196,0.4529835283756256,0.5384919047355652,0.0040987394750118256,0.34369851965534975,-0.03461538461538462,0.8398786337562373,0.9222948369720094,0.9106400687589739,24.0,1.0,ht29+TNFA_CASP8,ht29+TNFA,CASP8,True,False,7
ht29+TNFA_CSF2,0.0036068715,0.0006699033,5.384167,0.9988307,0.17121866,0.8461600498178543,0.20053622377667482,0.9990851936964641,0.9998306531606178,0.99925441427326,2368,1742,,,,,,,,,,,,,ht29+TNFA_CSF2,ht29+TNFA,CSF2,True,False,7
ht29+TNFA_FOS,0.004096904,0.0016058884,2.551176,0.99869275,0.15860182,0.8495074612160755,0.18914283243555452,0.9989693714044551,0.9996059812438413,0.9993631392255237,2274,1723,0.007588699925690889,0.009355217218399048,0.8111730217933655,0.7506813406944275,0.2032778114080429,0.65330321852061,0.2693393562958781,0.9247624939191232,0.9543175862205302,0.9690301292482132,16.0,6.0,ht29+TNFA_FOS,ht29+TNFA,FOS,True,False,7
ht29+TNFA_MYC,0.0046939286,0.0010359699,4.5309505,0.99851805,0.10688202,0.8214363549171089,0.15060343400826537,0.9988375565429505,0.9997376349174862,0.9990996854143537,2308,1750,,,,,,,,,,,,,ht29+TNFA_MYC,ht29+TNFA,MYC,True,False,7
k562+IFNB_CRKL,0.010961226,0.009276114,1.1816614,0.99640495,0.5493767,0.8087741717833877,0.4980269884173716,0.9971203458309349,0.9975167719237028,0.9996025870402124,2628,948,0.030474953353405,0.3904237747192383,0.07805608958005905,,,,,,,,1.0,0.0,k562+IFNB_CRKL,k562+IFNB,CRKL,True,False,7
k562+IFNB_FOS,0.00792074,0.012678007,0.62476224,0.9969551,0.6021528,0.8451002318208378,0.5293861433814124,0.9975975793976273,0.9967035518889802,1.0008969843710827,2583,1000,0.09076878428459167,0.3351411819458008,0.2708374559879303,0.980836033821106,0.9026062488555908,0.8741258741258742,0.8321678321678322,0.979039189903318,0.9622833237022862,1.0174126120533455,12.0,0.0,k562+IFNB_FOS,k562+IFNB,FOS,True,False,7
k562+IFNB_IFI16,0.05290318,0.06743488,0.7845077,0.98829067,0.4582622,0.8333635494412699,0.47231338201578105,0.9896149620000059,0.9873970879991226,1.002246182440519,2369,1111,0.4268624186515808,0.6501938104629517,0.6565156579017639,0.961574375629425,0.060862988233566284,0.7923076923076923,0.2053846153846154,0.963951770712074,0.9462921035501964,1.0186619618779698,25.0,0.0,k562+IFNB_IFI16,k562+IFNB,IFI16,True,False,7
k562+IFNB_MYC,0.010724785,0.01285894,0.8340333,0.99674463,0.6030233,0.8203234840089473,0.5478855308366907,0.9974423931836585,0.9966977563397047,1.00074710396328,2695,876,0.043046046048402786,0.20138072967529297,0.2137545496225357,0.9122387170791626,0.8061800003051758,0.8951295289102585,0.7859649122807018,0.9650597971219795,0.9615457282539236,1.0036546040035321,19.0,0.0,k562+IFNB_MYC,k562+IFNB,MYC,True,False,7
k562+IFNG_ATF3,0.028909577,0.005416668,5.3371515,0.9891813,0.19058532,0.8432612923172191,0.20126702865560228,0.9914495732852436,0.998437308927832,0.9930013275945265,2037,1470,0.24989275634288788,0.4831066131591797,0.5172621607780457,,,,,,,,1.0,0.0,k562+IFNG_ATF3,k562+IFNG,ATF3,False,True,7
k562+IFNG_ATF5,0.033079043,0.012981145,2.5482378,0.98723185,0.23214078,0.8174744389439125,0.2759024641362411,0.9896992019871598,0.9966004054151703,0.9930752552472266,2105,1311,0.25357088446617126,0.25877419114112854,0.9798924922943115,0.567276120185852,-0.42738020420074463,0.5878787878787878,-0.06666666666666665,0.9086460130679757,0.9616881227662316,0.9448447906940102,9.0,1.0,k562+IFNG_ATF5,k562+IFNG,ATF5,False,True,7
k562+IFNG_BATF2,0.031410534,0.0069966707,4.489354,0.9881587,0.13140029,0.842964088190431,0.19705878308321892,0.9905785159288071,0.9980133532522021,0.9925503628792468,1999,1497,,,,,,,,,,,,,k562+IFNG_BATF2,k562+IFNG,BATF2,False,True,7
k562+IFNG_CEBPB,0.034698304,0.018784206,1.8472062,0.98633385,0.2740754,0.8272932411458103,0.31187016852877414,0.988893737090007,0.99526669005549,0.993596738412769,2099,1267,0.26184627413749695,0.4352550804615021,0.6015926599502563,0.7107951641082764,0.3981992304325104,0.8730769230769231,0.4415384615384615,0.8547700251800159,0.9591533365417719,0.8911714035858853,24.0,1.0,k562+IFNG_CEBPB,k562+IFNG,CEBPB,False,True,7
k562+IFNG_CEBPE,0.030021653,0.009365204,3.2056594,0.9885106,0.23961043,0.8345050413539387,0.28082507419466873,0.99079615995059,0.997491019850242,0.9932883005797314,2089,1349,,,,,,,,,,,,,k562+IFNG_CEBPE,k562+IFNG,CEBPE,False,True,7
k562+IFNG_CLK1,0.045209,0.06886548,0.6564828,0.9788399,0.58917004,0.7104701360412468,0.6202236635124799,0.982561361888618,0.9863024638867126,0.9962069424592613,2612,710,0.15080101788043976,0.45769622921943665,0.32947838306427,0.3456602990627289,0.4455695152282715,0.44277746539391144,0.40076923076923077,0.8175132815029409,0.9108724488761998,0.8975057731865291,23.0,2.0,k562+IFNG_CLK1,k562+IFNG,CLK1,False,True,7
k562+IFNG_CUL1,0.04715128,0.13591178,0.34692562,0.97369665,0.759634,0.6725455056064363,0.7226916406334869,0.978053623453083,0.9767445794396278,1.0013402111882783,2696,561,0.18018393218517303,0.7854355573654175,0.22940638661384583,0.8179383873939514,0.37127718329429626,0.5782485835146872,0.07923076923076922,0.9153785034966095,0.9121823676658405,1.0035038342595326,25.0,0.0,k562+IFNG_CUL1,k562+IFNG,CUL1,False,True,7
k562+IFNG_EHF,0.041507136,0.021277808,1.9507242,0.98363197,0.17749049,0.8096723734425467,0.24584914734316926,0.9867825494191204,0.9943868847305962,0.9923527397351625,2060,1314,0.3512692153453827,0.5859698057174683,0.5994663834571838,0.9041658043861389,0.21579806506633759,0.7676923076923077,0.1776923076923077,0.9443037286918526,0.9504380173067826,0.9935458299192278,22.0,3.0,k562+IFNG_EHF,k562+IFNG,EHF,False,True,7
k562+IFNG_ETV7,0.03056096,0.0064875353,4.7107196,0.9885662,0.14794365,0.846980198319033,0.1696823841206957,0.9908256017163736,0.9981701249232994,0.9926420125953077,1929,1544,,,,,,,,,,,,,k562+IFNG_ETV7,k562+IFNG,ETV7,False,True,7
k562+IFNG_FBXO6,0.033822425,0.013027468,2.5962393,0.9870407,0.23286143,0.8189927902913647,0.2896742163123066,0.9895712483484389,0.9965649657848297,0.9929821760983911,2101,1285,0.1573563814163208,0.28238213062286377,0.5572462677955627,0.6656560897827148,0.27483922243118286,0.7634449580890056,0.18796992481203004,0.891897405994897,0.9416845293713809,0.9471297214474584,17.0,3.0,k562+IFNG_FBXO6,k562+IFNG,FBXO6,False,True,7
k562+IFNG_FMNL2,0.036972526,0.021487826,1.7206266,0.9858979,0.24970615,0.8234841390930384,0.28741984766034007,0.9883306912554966,0.994799512740896,0.9934973616265891,2037,1334,0.259737104177475,0.2551901340484619,1.0178179740905762,0.8992953300476074,-0.1099211648106575,0.6197076509104068,-0.04461538461538461,0.9408457008835672,0.9517324549437637,0.988561119247699,17.0,8.0,k562+IFNG_FMNL2,k562+IFNG,FMNL2,False,True,7
k562+IFNG_FOXN3,0.030832263,0.0067324373,4.5796585,0.98851484,0.14458811,0.8503255920453388,0.16526564837875185,0.9907857788734936,0.9980823954077733,0.9926893645576239,1946,1549,,,,,,,,,,,,,k562+IFNG_FOXN3,k562+IFNG,FOXN3,False,True,7
k562+IFNG_GUK1,0.038873896,0.018956954,2.0506403,0.9852698,0.17544055,0.8268933669054896,0.22841418614213335,0.9879671786533086,0.9955519958009719,0.9923812948197036,2006,1409,0.23191529512405396,0.2304968237876892,1.00615394115448,0.6886113882064819,-0.2818313539028168,0.6646153846153847,-0.08230769230769232,0.9231063190586697,0.9720429199526271,0.9496559257935417,19.0,6.0,k562+IFNG_GUK1,k562+IFNG,GUK1,False,True,7
k562+IFNG_HLA-DQB1,0.0338218,0.011637826,2.9061954,0.9871326,0.16277514,0.830022680274644,0.22471837479129267,0.9895544106047889,0.9969632731727223,0.9925685702098579,1997,1401,0.31884437799453735,0.2938481867313385,1.0850650072097778,0.784516453742981,-0.1554362028837204,0.7999999999999999,-0.49999999999999994,0.9293006157801469,0.9133315029623458,1.0174844651323272,4.0,1.0,k562+IFNG_HLA-DQB1,k562+IFNG,HLA-DQB1,False,True,7
k562+IFNG_HLX,0.039089244,0.04702695,0.8312094,0.98292875,0.55370116,0.7332656858273725,0.56622347185047,0.9860618808731365,0.9900086393067777,0.99601341010882,2538,804,0.15952882170677185,0.4679250717163086,0.3409281373023987,0.8397195935249329,0.4926338195800781,0.6266589844714873,0.32615384615384607,0.9095953578305036,0.9351424866313846,0.9726810307882513,22.0,3.0,k562+IFNG_HLX,k562+IFNG,HLX,False,True,7
k562+IFNG_IFI16,0.117691725,0.113375485,1.0380703,0.96999013,0.2509303,0.7877551044733019,0.2059655493442391,0.9728282155338618,0.9788366070984659,0.9938617012062774,1691,1596,0.8759398460388184,0.690216064453125,1.269080638885498,0.3608303964138031,-0.20953404903411865,0.25168682491622096,-0.1815384615384615,0.8387371230757971,0.8544005926338992,0.9816673002182551,12.0,13.0,k562+IFNG_IFI16,k562+IFNG,IFI16,False,False,7
k562+IFNG_IFNGR1,0.030283157,0.016116947,1.8789636,0.98836505,0.4732015,0.822063058856908,0.2486339894305376,0.9905453482558123,0.9956790283914072,0.9948440411124368,1999,1417,0.33077797293663025,0.7054866552352905,0.46886494755744934,0.6955569982528687,0.8487892150878906,0.3576923076923077,0.8238461538461539,0.8249990737366419,0.9556159621077229,0.8633165481214963,25.0,0.0,k562+IFNG_IFNGR1,k562+IFNG,IFNGR1,False,True,7
k562+IFNG_IFNGR2,0.028848011,0.009196804,3.136743,0.9891869,0.47396708,0.8372065419036733,0.23977046815764982,0.9913349435604071,0.9973742701572985,0.9939447740155368,2036,1437,0.4998307228088379,0.5995736122131348,0.8336436152458191,-0.06406022608280182,0.8576101064682007,-0.01098901098901099,0.8021978021978022,0.44986099836756377,0.973818903542626,0.46195549986863904,12.0,2.0,k562+IFNG_IFNGR2,k562+IFNG,IFNGR2,False,True,7
k562+IFNG_IRF1,0.030315049,0.0044811484,6.765018,0.9888255,0.10061228,0.8545248683700183,0.15427532895208868,0.9912355265133153,0.9986976707517736,0.992528124920086,2028,1533,,,,,,,,,,,,,k562+IFNG_IRF1,k562+IFNG,IRF1,False,True,7
k562+IFNG_IRF2,0.033156034,0.03198603,1.0365785,0.9862646,0.46602628,0.7922973139774246,0.459108336478008,0.988803731857566,0.9929829650095275,0.995791233788264,2299,1040,0.1328059583902359,0.30713602900505066,0.4324010908603668,0.7825407385826111,0.14700829982757568,0.5238461538461539,0.10230769230769231,0.8766017022086112,0.9008389050472296,0.9730948533607707,23.0,2.0,k562+IFNG_IRF2,k562+IFNG,IRF2,False,True,7
k562+IFNG_IRF5,0.031018011,0.0070661698,4.38965,0.9882397,0.14366545,0.8330779328988891,0.19154459587569186,0.9906287167709411,0.998035253617214,0.9925788825400415,1968,1503,0.10245628654956818,0.16461944580078125,0.622382640838623,,,,,,,,1.0,0.0,k562+IFNG_IRF5,k562+IFNG,IRF5,False,True,7
k562+IFNG_IRF7,0.029813275,0.0075482773,3.9496794,0.9887674,0.19528991,0.8409816638171042,0.20367874364370853,0.9909997564224641,0.9979010833285267,0.9930841573164316,1974,1455,,,,,,,,,,,,,k562+IFNG_IRF7,k562+IFNG,IRF7,False,True,7
k562+IFNG_IRF9,0.044792656,0.053231493,0.8414691,0.9831406,0.44742832,0.7896130738811777,0.45258780191071746,0.9858587842923016,0.9891408854080169,0.9966818668966843,2268,1068,0.3309260308742523,0.6369394659996033,0.51955646276474,0.8745203614234924,0.3057595193386078,0.7500000000000001,0.26384615384615384,0.9382897706570515,0.9521121083776664,0.9854824472885161,23.0,2.0,k562+IFNG_IRF9,k562+IFNG,IRF9,False,True,7
k562+IFNG_JAK1,0.027849829,0.008145434,3.4190724,0.9895432,0.36543787,0.8512906145751302,0.21387723599155464,0.9916882943245396,0.9976685411853196,0.994005777857168,2003,1500,0.3415268361568451,0.4923899471759796,0.6936104893684387,-0.17003603279590607,0.8625562191009521,-0.25,0.5357142857142858,0.6704637619977931,0.9849236713019156,0.6807266202786502,6.0,1.0,k562+IFNG_JAK1,k562+IFNG,JAK1,False,True,7
k562+IFNG_JAK2,0.02880725,0.010624135,2.7114913,0.98911786,0.4212202,0.8444652204774803,0.22707246087064842,0.9912593656092467,0.9970116578882703,0.9942304663806968,1996,1464,0.34789735078811646,0.5051947832107544,0.6886400580406189,0.6601555943489075,0.7836673855781555,0.16666666666666666,0.6087719298245614,0.808896079564109,0.976870538360119,0.8280483931084767,17.0,2.0,k562+IFNG_JAK2,k562+IFNG,JAK2,False,True,7
k562+IFNG_JUN,0.03741064,0.012465339,3.001173,0.98585737,0.069798544,0.8382724455561572,0.16011724954368578,0.9885045520243132,0.9966678161603799,0.9918094434236722,1915,1498,0.29746338725090027,0.29071199893951416,1.023223638534546,0.8776573538780212,-0.08875349164009094,0.7823529411764706,-0.03823529411764706,0.9362045598507134,0.9568796085970315,0.9783932601755077,11.0,5.0,k562+IFNG_JUN,k562+IFNG,JUN,False,True,7
k562+IFNG_KIN,0.057306483,0.13391177,0.4279421,0.97296965,0.67805004,0.7219657142686307,0.6556509038682046,0.9772837012497722,0.9752808256990082,1.0020536398317157,2536,622,0.2758868932723999,0.8117291331291199,0.33987554907798767,0.3871614336967468,0.6090611219406128,0.4432611040753145,0.39,0.8135912887973143,0.8610226288003904,0.9449127834547634,24.0,1.0,k562+IFNG_KIN,k562+IFNG,KIN,False,True,7
k562+IFNG_KLF4,0.03684451,0.020219505,1.8222262,0.9853226,0.26873177,0.8099010296219779,0.34411026265775563,0.9881248768577834,0.9949609497738677,0.9931293053082756,2229,1154,0.1985699087381363,0.28652775287628174,0.6930215358734131,0.8058450222015381,0.2946379482746124,0.8415384615384615,0.42230769230769233,0.9372146175608153,0.9636354117358632,0.9725821676400888,20.0,5.0,k562+IFNG_KLF4,k562+IFNG,KLF4,False,True,7
k562+IFNG_MAFB,0.032169875,0.007931303,4.056064,0.9878913,0.13301398,0.8363350299840927,0.19044167952015972,0.9903090267787777,0.9977712169186622,0.9925211411059447,1989,1468,0.18609711527824402,0.19877904653549194,0.9362008571624756,,,,,,,,1.0,0.0,k562+IFNG_MAFB,k562+IFNG,MAFB,False,True,7
k562+IFNG_MAFF,0.031077271,0.009320925,3.3341403,0.988119,0.19690861,0.8395483197512437,0.2517091450463513,0.9904544258432605,0.9975073569363,0.9929294445359265,2058,1379,0.266215443611145,0.35362666845321655,0.7528149485588074,,,,,,,,1.0,0.0,k562+IFNG_MAFF,k562+IFNG,MAFF,False,True,7
k562+IFNG_MCRS1,0.07153016,0.18028788,0.39675525,0.96881855,0.7071551,0.7088529666934991,0.689958749472101,0.9736191194646983,0.9689399779480883,1.0048291345419753,2663,597,0.34134232997894287,0.9826363921165466,0.34737399220466614,0.10471107065677643,0.6230981945991516,0.18977997960171222,0.35307692307692307,0.74068955831349,0.8813958423013425,0.8403597144042959,23.0,2.0,k562+IFNG_MCRS1,k562+IFNG,MCRS1,False,True,7
k562+IFNG_MYC,0.0371082,0.0067002885,5.538299,0.9879429,0.20149736,0.8197469825526064,0.2521451255829982,0.9904672209020963,0.9981068533671589,0.9923458771580518,2119,1335,,,,,,,,,,,,,k562+IFNG_MYC,k562+IFNG,MYC,False,False,7
k562+IFNG_NFKB1,0.03122889,0.02135927,1.4620767,0.98744273,0.43173218,0.7967245780809572,0.44158645790374507,0.9898398677424494,0.9949755683036315,0.9948383651571081,2313,1047,0.11061085015535355,0.2732667922973633,0.4047723710536957,0.8774250745773315,0.29142919182777405,0.7846153846153846,0.22999999999999998,0.9573433238785426,0.9622339890925231,0.9949173846804218,23.0,2.0,k562+IFNG_NFKB1,k562+IFNG,NFKB1,False,True,7
k562+IFNG_PARP12,0.033717565,0.005953952,5.663056,0.9875108,0.011561288,0.848620127533708,0.1010206341494868,0.9901843053704703,0.998266795006898,0.9919034774302277,1994,1584,0.35339704155921936,0.843485951423645,0.41897204518318176,0.9649776220321655,0.89478600025177,1.0,0.39999999999999997,0.9068573864960275,0.8195531203789834,1.1065266716044864,3.0,1.0,k562+IFNG_PARP12,k562+IFNG,PARP12,False,True,7
k562+IFNG_PIK3CA,0.033858772,0.0108627835,3.1169517,0.9870241,0.15786372,0.8289071700860945,0.22650910958240345,0.9896190609059573,0.9970230830221054,0.992573870914096,2027,1402,,,,,,,,,,,,,k562+IFNG_PIK3CA,k562+IFNG,PIK3CA,False,True,7
k562+IFNG_PLEK,0.032289125,0.012532371,2.5764577,0.9879317,0.22509377,0.8422844642903002,0.26525044334603004,0.9901184513061984,0.9968297540985895,0.9932673530612456,2042,1354,0.16296996176242828,0.2766323983669281,0.5891210436820984,0.45259878039360046,0.45861178636550903,0.28571428571428575,0.5714285714285715,0.9443354305934842,0.9655073442927804,0.9780717217487307,6.0,1.0,k562+IFNG_PLEK,k562+IFNG,PLEK,False,True,7
k562+IFNG_PPARG,0.06304872,0.095180966,0.6624089,0.97832906,0.5203419,0.7837001641307964,0.5151898173178069,0.9813839566807597,0.9824149463842706,0.9989505557633204,2333,950,0.35285118222236633,0.6493979096412659,0.5433512926101685,0.8347558379173279,0.2636423110961914,0.8165336127703162,0.11615384615384615,0.8970125717780586,0.8944672871979792,1.002845587106995,24.0,1.0,k562+IFNG_PPARG,k562+IFNG,PPARG,False,False,7
k562+IFNG_PRDM1,0.030634176,0.005017401,6.1055865,0.9886181,0.11261529,0.8523833668374904,0.15025060106249258,0.9909098992122614,0.9985627959167035,0.9923360886909305,1962,1543,,,,,,,,,,,,,k562+IFNG_PRDM1,k562+IFNG,PRDM1,False,True,7
k562+IFNG_PTGES3,0.036461595,0.01725506,2.1130958,0.9857398,0.23887336,0.8170597896118643,0.2858588384994291,0.9883880171257218,0.9956444829962566,0.9927117902077883,2074,1295,0.1406177282333374,0.2735441327095032,0.5140586495399475,0.69001704454422,0.4456557333469391,0.7384615384615385,0.28615384615384615,0.8854095618909075,0.9551704271490586,0.9269650072119908,21.0,4.0,k562+IFNG_PTGES3,k562+IFNG,PTGES3,False,False,7
k562+IFNG_PTPN11,0.029460004,0.0057889465,5.0890093,0.98911905,0.18540174,0.856417109707367,0.2090703726900252,0.9912949299066285,0.9983269086530002,0.9929562363936882,2017,1489,,,,,,,,,,,,,k562+IFNG_PTPN11,k562+IFNG,PTPN11,False,True,7
k562+IFNG_RARRES3,0.039989024,0.05856609,0.68280166,0.9836099,0.541957,0.7750534072688539,0.5100393694995901,0.9863402295790883,0.9880228832853949,0.9982969486488902,2383,945,0.1831778585910797,0.5416459441184998,0.33818745613098145,0.9726801514625549,0.6627660393714905,0.7339873188284822,0.563076923076923,0.9532979593978737,0.9129857040923803,1.0441543116445275,25.0,0.0,k562+IFNG_RARRES3,k562+IFNG,RARRES3,False,True,7
k562+IFNG_RFX5,0.03358884,0.012722651,2.6400821,0.9868586,0.20960645,0.8253375144092326,0.29191800775246574,0.9894468731631688,0.9967756220515254,0.9926475440146973,2122,1296,0.11056208610534668,0.24902455508708954,0.4439806640148163,0.7294299602508545,0.1981818675994873,0.6853146853146854,0.2447552447552448,0.8903649847946791,0.9479077277719143,0.9392949953973988,12.0,0.0,k562+IFNG_RFX5,k562+IFNG,RFX5,False,True,7
k562+IFNG_RNF14,0.0303898,0.007943409,3.8257885,0.98844534,0.2023439,0.8350075532880384,0.2286663269144409,0.9907807051763569,0.9978261459465011,0.9929392101031175,2028,1417,,,,,,,,,,,,,k562+IFNG_RNF14,k562+IFNG,RNF14,False,True,7
k562+IFNG_RUNX1,0.030478347,0.004110067,7.415535,0.98876405,0.09119715,0.8547205441281864,0.1291019716719753,0.9910893410145862,0.998802915987614,0.9922771801628146,1919,1592,,,,,,,,,,,,,k562+IFNG_RUNX1,k562+IFNG,RUNX1,False,True,7
k562+IFNG_SOX2,0.08870936,0.24632378,0.36013317,0.94999397,0.72934544,0.640584670181381,0.7133100528351154,0.9572011107143158,0.9472837406638364,1.010469270847539,2625,444,0.6501165628433228,2.1168735027313232,0.3071116805076599,0.7712472081184387,0.3956943452358246,0.5646646383882684,0.38384615384615384,0.6846603744400699,0.5056504056965869,1.3540192329063354,25.0,0.0,k562+IFNG_SOX2,k562+IFNG,SOX2,False,True,7
k562+IFNG_SP100,0.03071716,0.008154491,3.766901,0.9884707,0.18293457,0.8433578620461447,0.21204460449794174,0.9907216649612658,0.9977108422517261,0.9929947866711697,2026,1443,1.2143774032592773,1.4874160289764404,0.8164342641830444,1.0,-1.0,0.9999999999999999,-0.9999999999999999,0.9999951473344182,0.9987780305907871,1.0012186058426928,2.0,0.0,k562+IFNG_SP100,k562+IFNG,SP100,False,True,7
k562+IFNG_SP110,0.057546776,0.03570418,1.6117657,0.98254645,0.14621776,0.836468030281537,0.1400285144422428,0.9849133927779328,0.9923657400112097,0.9924903219319192,1679,1673,0.38989514112472534,0.49324318766593933,0.7904724478721619,0.8610024452209473,0.4062614440917969,0.80438547362178,0.32923076923076927,0.8630904966993644,0.9142466212710131,0.9440455962522127,17.0,8.0,k562+IFNG_SP110,k562+IFNG,SP110,False,False,7
k562+IFNG_SRC,0.03547445,0.017480211,2.0294063,0.9864485,0.22945648,0.8300916761648073,0.2741278344472736,0.9888691085002785,0.9958233236159195,0.9930166175558234,2043,1341,0.1749318689107895,0.3329390287399292,0.525417149066925,0.9015877842903137,-0.43736857175827026,0.39999999999999997,-0.39999999999999997,0.980388013460902,0.9777376876879341,1.0027106715904908,4.0,0.0,k562+IFNG_SRC,k562+IFNG,SRC,False,True,7
k562+IFNG_STAT1,0.028960675,0.00892338,3.2454827,0.98914194,0.33562818,0.8472491164980646,0.16647779721120268,0.991384234071175,0.9974250696883941,0.9939435694962968,1997,1516,0.3577171862125397,0.7375702857971191,0.4849940240383148,0.8927356004714966,0.9083998203277588,0.7833333333333333,0.9500000000000001,0.9357041627674932,0.9859713868953426,0.9490175629881793,9.0,0.0,k562+IFNG_STAT1,k562+IFNG,STAT1,False,True,7
k562+IFNG_STAT2,0.037565224,0.018467652,2.0341094,0.9855376,0.36028552,0.7745064611036729,0.38638727183157284,0.9883905200671363,0.9953031603694429,0.9930547389202093,2308,1086,0.1992165446281433,0.43148910999298096,0.4616954028606415,0.8696634769439697,0.45223236083984375,0.9192307692307692,0.28384615384615386,0.9378758720582551,0.9710836825333825,0.9658033482876632,23.0,2.0,k562+IFNG_STAT2,k562+IFNG,STAT2,False,True,7
k562+IFNG_STAT3,0.034890916,0.009393782,3.7142563,0.98700076,0.079735965,0.8424066835704701,0.16619203671373822,0.9896520400749594,0.9972725608055698,0.992358637918951,1953,1513,0.36136960983276367,0.3504643142223358,1.0311167240142822,-0.1483285129070282,-0.012442849576473236,0.30952380952380953,0.09523809523809526,0.5866951278873949,0.6154156641440991,0.9533314832071298,4.0,4.0,k562+IFNG_STAT3,k562+IFNG,STAT3,False,True,7
k562+IFNG_TAPBPL,0.04158485,0.05716011,0.7275152,0.9811755,0.59095645,0.7176846886356292,0.6110125983850094,0.9845625963961118,0.9884599207660429,0.9960571751185311,2605,714,0.21479451656341553,0.6120450496673584,0.3509455919265747,0.3388381004333496,-0.08144477754831314,0.2076923076923077,-0.10461538461538461,0.8737649110260987,0.9511957934263372,0.918596273306338,24.0,1.0,k562+IFNG_TAPBPL,k562+IFNG,TAPBPL,False,True,7
k562+IFNG_TBX21,0.031595796,0.0060214736,5.2471867,0.9882253,0.088640645,0.8495251420993478,0.14686222209814132,0.990718217225969,0.9982448280424376,0.99246015545983,2062,1476,0.2382965236902237,0.33639800548553467,0.7083767652511597,0.6791489720344543,0.7890008091926575,0.7999999999999999,0.39999999999999997,0.8670255005535366,0.8181717691430566,1.059710849546482,3.0,1.0,k562+IFNG_TBX21,k562+IFNG,TBX21,False,True,7
k562+IFNG_TRAFD1,0.0305017,0.0060587586,5.034315,0.9884943,0.14661612,0.8423168740162509,0.19452725471790494,0.9908671696253601,0.998284633038292,0.9925697910521204,2040,1443,,,,,,,,,,,,,k562+IFNG_TRAFD1,k562+IFNG,TRAFD1,False,True,7
k562+IFNG_TSC22D1,0.032206934,0.009161916,3.5153058,0.98799133,0.2279648,0.8167891713584634,0.2603226554599,0.9904042509745601,0.9975206403817218,0.9928659226495419,2076,1333,,,,,,,,,,,,,k562+IFNG_TSC22D1,k562+IFNG,TSC22D1,False,True,7
k562+IFNG_ZC3H3,0.029702252,0.03448216,0.8613803,0.98753375,0.54713905,0.7980357278311143,0.5070601915151225,0.9898448011714026,0.9922489025469987,0.9975771186348253,2383,968,0.2092255800962448,0.3480975329875946,0.6010544896125793,0.5575051307678223,-0.0751383826136589,0.6453846153846153,0.016153846153846154,0.9160096683247877,0.9623296361578089,0.9518668384588487,22.0,3.0,k562+IFNG_ZC3H3,k562+IFNG,ZC3H3,False,True,7
k562+IFNG_ZFP36,0.035662465,0.015403745,2.3151815,0.9861976,0.18634042,0.8259412645513126,0.2611171614330019,0.9887781009443598,0.996075459838098,0.9926738894913401,2046,1343,0.21440911293029785,0.2528170943260193,0.8480799794197083,0.8386470079421997,0.10241098701953888,0.8825522303783175,-0.08639186900056467,0.943586455283914,0.9590084465274129,0.9839188160444862,14.0,8.0,k562+IFNG_ZFP36,k562+IFNG,ZFP36,False,True,7
k562+IFNG_ZNF267,0.043955445,0.05704184,0.77058256,0.98336244,0.48018163,0.7990729938517999,0.4874713417215599,0.9861235374189257,0.9894543795233985,0.9966336577275273,2340,996,0.18798698484897614,0.3906175494194031,0.4812558591365814,0.5423746109008789,0.2611916959285736,0.5784615384615384,-0.12461538461538461,0.8956989399060761,0.9386318623014681,0.9542601054580406,24.0,1.0,k562+IFNG_ZNF267,k562+IFNG,ZNF267,False,True,7
k562+IFNG_ZNFX1,0.03237704,0.012064014,2.68377,0.9874838,0.23645675,0.8302704492313756,0.30172543043983363,0.9899596362821391,0.9968391891351002,0.9930986332319759,2119,1289,0.35669538378715515,0.49504104256629944,0.720537006855011,0.9315730333328247,0.3831193745136261,0.7142857142857144,0.261904761904762,0.9579946371558433,0.9840581679229939,0.9735142376571482,7.0,1.0,k562+IFNG_ZNFX1,k562+IFNG,ZNFX1,False,True,7
k562+INS_MAPK1,0.016355831,0.011989249,1.3642081,0.993879,0.1669755,0.8807736199089147,0.18176467480775557,0.995272917332045,0.9964841341270765,0.9987845097041184,2282,1757,0.4189407229423523,0.43873515725135803,0.9548829793930054,0.8009376525878906,0.2400253862142563,0.6261538461538462,0.3153846153846154,0.8637409256821148,0.857909214786047,1.006797585100566,17.0,8.0,k562+INS_MAPK1,k562+INS,MAPK1,True,False,7
k562+TGFB_MAPK1,0.030527398,0.048815437,0.6253636,0.99033356,0.59513724,0.8268215988283042,0.5004315989698114,0.991619432420833,0.9883689588723235,1.0032887248424092,2220,884,0.715329110622406,1.1767840385437012,0.6078677773475647,0.9691773056983948,0.022015240043401718,0.9230769230769231,0.10307692307692308,0.9737235115576198,0.9503768841584831,1.024565651572859,24.0,1.0,k562+TGFB_MAPK1,k562+TGFB,MAPK1,True,False,7
k562+TGFB_MYC,0.020923655,0.008018281,2.6094937,0.9952111,0.39350528,0.8018518782127307,0.34497208801547175,0.9961229557357408,0.997630549317685,0.9984888257652341,2193,1048,,,,,,,,,,,,,k562+TGFB_MYC,k562+TGFB,MYC,True,False,7
k562+TGFB_SMAD6,0.010114157,0.011615865,0.8707192,0.99611205,0.54133344,0.8299506181004656,0.46422205116349385,0.9968934498082346,0.9967504699151509,1.0001434460252583,2288,885,,,,,,,,,,,,,k562+TGFB_SMAD6,k562+TGFB,SMAD6,True,False,7
k562+TNFA_CASP3,0.007337158,0.006487861,1.1309056,0.9972577,0.35168982,0.8634564543179158,0.33205459067308923,0.9978006432574499,0.9982581586575806,0.9995416862901015,2428,1442,0.025441857054829597,0.04854019731283188,0.524139940738678,0.8724954724311829,0.27577659487724304,0.8538983743246181,0.2169230769230769,0.9560845957585155,0.9645546137080732,0.9912187264161268,23.0,2.0,k562+TNFA_CASP3,k562+TNFA,CASP3,True,False,7
k562+TNFA_CASP8,0.012087073,0.018677277,0.6471539,0.9955021,0.5089114,0.8317611503703204,0.4717100930544098,0.9963174986325535,0.9954262737296632,1.0008953198508124,2684,1157,0.06495200842618942,0.11574262380599976,0.5611762404441833,0.6829583644866943,0.5046679377555847,0.748268120105485,0.5753846153846153,0.9250846064141889,0.903935692454667,1.023396480674517,22.0,3.0,k562+TNFA_CASP8,k562+TNFA,CASP8,True,False,7
k562+TNFA_CHUK,0.0074015404,0.009732083,0.7605299,0.9972862,0.54959035,0.8456520385455684,0.39751969879240606,0.997866582773129,0.9973712635896466,1.000496624678858,2560,1307,0.05259314179420471,0.2299797087907791,0.22868600487709045,0.9919976592063904,0.9326373338699341,0.9246153846153846,0.6415384615384615,0.9857078561268516,0.9834348729609439,1.0023112696411347,25.0,0.0,k562+TNFA_CHUK,k562+TNFA,CHUK,True,False,7
mcf7+IFNB_CEBPG,0.005187639,0.0052578365,0.986649,0.99823874,0.42387348,0.8296068925178406,0.39316540907744585,0.9986130056160527,0.9986560966958073,0.9999568509320704,2605,1362,0.010153881274163723,0.037982963025569916,0.2673272490501404,0.9366523027420044,0.8133707046508789,0.8351214003387919,0.6160361377752683,0.9648677522382488,0.9768561044740167,0.9877276170145622,22.0,0.0,mcf7+IFNB_CEBPG,mcf7+IFNB,CEBPG,True,False,7
mcf7+IFNB_IFI16,0.035501856,0.038555827,0.920791,0.991538,0.2886524,0.8267325739467524,0.2560157646048039,0.9925381382557367,0.9920017619825643,1.00054070092789,2195,1665,0.1516650915145874,0.20355525612831116,0.7450807094573975,0.7817956805229187,0.46734392642974854,0.7843277454157477,0.3992307692307692,0.9070274420323255,0.8722465557559005,1.0398750629015479,17.0,8.0,mcf7+IFNB_IFI16,mcf7+IFNB,IFI16,True,False,7
mcf7+IFNB_SP110,0.005610176,0.004568677,1.2279651,0.9982122,0.33922574,0.8432970385120659,0.30939618895624954,0.9985603676945556,0.9988338745416336,0.9997261738372624,2432,1524,0.017396805807948112,0.0280161015689373,0.6209574341773987,0.8476055264472961,0.23660150170326233,0.8261538461538462,0.15846153846153843,0.9637893365538652,0.9699621019913698,0.9936360756519954,22.0,3.0,mcf7+IFNB_SP110,mcf7+IFNB,SP110,True,False,7
mcf7+IFNG_MYC,0.0052282377,0.0043836106,1.1926785,0.998216,0.41586712,0.8091162979148824,0.3612066553486454,0.9985912279400131,0.9988878311528272,0.9997030665470499,2289,1264,,,,,,,,,,,,,mcf7+IFNG_MYC,mcf7+IFNG,MYC,True,False,7
mcf7+IFNG_PPARG,0.010790661,0.017559292,0.6145271,0.99620056,0.54155415,0.7983271976936848,0.5265418871311126,0.9969157761244385,0.9961614542867543,1.0007572284938733,2548,893,0.07945120334625244,0.20510078966617584,0.3873763978481293,0.9189172387123108,0.879009485244751,0.8951721650492024,0.7546153846153847,0.9574087671229831,0.9586768700542116,0.99867723633391,25.0,0.0,mcf7+IFNG_PPARG,mcf7+IFNG,PPARG,True,False,7
mcf7+INS_CHUK,0.009256758,0.009292554,0.9961479,0.99680793,0.38661116,0.8272478766420683,0.3018637639919581,0.9974579091634304,0.9975691445690942,0.999888493538248,2386,1456,0.1164839044213295,0.274613618850708,0.4241738021373749,0.6912453770637512,0.6061591506004333,0.8546153846153846,0.6484615384615384,0.8345330880051166,0.8312100242925812,1.0039978628931523,20.0,5.0,mcf7+INS_CHUK,mcf7+INS,CHUK,True,False,7
mcf7+TGFB_AKT1,0.036966436,0.0051850462,7.129432,0.9873404,0.2796098,0.7944215793499457,0.24056879639518008,0.9899922995288903,0.9985892827245576,0.9913908717583958,2005,1283,,,,,,,,,,,,,mcf7+TGFB_AKT1,mcf7+TGFB,AKT1,False,True,7
mcf7+TGFB_ATF2,0.04522417,0.013185707,3.4297874,0.98364186,0.15525484,0.7697634775067245,0.1793708408553175,0.9867647721052408,0.9966897958242037,0.9900420133119198,1756,1257,1.0762982368469238,0.5524833798408508,1.948109745979309,1.0,-1.0,0.9999999999999999,-0.9999999999999999,0.9994126770654813,0.9794343478553683,1.020397823758028,1.0,1.0,mcf7+TGFB_ATF2,mcf7+TGFB,ATF2,False,True,7
mcf7+TGFB_CHUK,0.06240553,0.044101868,1.4150314,0.9784986,0.24559757,0.7587444529181786,0.2334100523704217,0.9822070793586916,0.9918382321417523,0.9902895931302593,1787,1176,0.696113109588623,0.8619049787521362,0.8076448440551758,0.9443601369857788,0.2945789396762848,0.8115384615384615,0.26615384615384613,0.9644837629332095,0.9599345165098534,1.0047391216224792,18.0,7.0,mcf7+TGFB_CHUK,mcf7+TGFB,CHUK,False,False,7
mcf7+TGFB_CREBBP,0.038941823,0.006616119,5.8859015,0.9871001,0.3118736,0.7689210244149445,0.21862148400811218,0.9897646841867369,0.9981755016056049,0.9915738090091984,1901,1257,,,,,,,,,,,,,mcf7+TGFB_CREBBP,mcf7+TGFB,CREBBP,False,True,7
mcf7+TGFB_CUL1,0.047631446,0.010665103,4.466103,0.98343015,0.25839236,0.7055937670007245,0.24579533230286954,0.9866247256563813,0.9972101929450043,0.9893849186826283,1918,1175,0.46047115325927734,0.8982142806053162,0.512651801109314,0.5267618298530579,-0.9985349178314209,0.5,-1.0,0.8969324714822099,0.9871696244441276,0.9085900226997665,3.0,0.0,mcf7+TGFB_CUL1,mcf7+TGFB,CUL1,False,True,7
mcf7+TGFB_EP300,0.046672955,0.03474926,1.3431352,0.9819201,0.38581505,0.7451878923030463,0.31276939928110553,0.9852300934945497,0.9923833380023094,0.9927918534765413,1933,1020,0.40066394209861755,0.6860092878341675,0.5840502977371216,0.7452033162117004,0.42919522523880005,0.5784615384615384,0.4015384615384615,0.9106031624346665,0.9575957255768422,0.9509265111706007,20.0,5.0,mcf7+TGFB_EP300,mcf7+TGFB,EP300,False,True,7
mcf7+TGFB_FOS,0.041461922,0.00927025,4.4725785,0.9850329,0.20851767,0.7828577275810531,0.2214127655863511,0.9879328529812236,0.9976983641295433,0.990211960348517,1821,1224,,,,,,,,,,,,,mcf7+TGFB_FOS,mcf7+TGFB,FOS,False,False,7
mcf7+TGFB_FOXP2,0.054529395,0.026088983,2.090131,0.97981083,0.16214451,0.7707261120842418,0.22360237606681518,0.9835342671911275,0.9946077805146012,0.9888664521428292,1781,1168,1.1216404438018799,0.41101592779159546,2.7289464473724365,-1.0,1.0,-0.9999999999999999,0.9999999999999999,0.8776873913941857,0.990776061216528,0.8858584959314763,1.0,1.0,mcf7+TGFB_FOXP2,mcf7+TGFB,FOXP2,False,True,7
mcf7+TGFB_HDAC4,0.08710103,0.08669995,1.004626,0.9707829,0.3005756,0.7460393602808029,0.32289894221299825,0.9755291394471173,0.9850207732664664,0.9903640267525795,1901,934,0.7233128547668457,0.9949539303779602,0.7269812822341919,0.7570386528968811,0.11425744742155075,0.6115384615384616,0.2030769230769231,0.9075123349745996,0.915624234044109,0.9911405806357036,19.0,6.0,mcf7+TGFB_HDAC4,mcf7+TGFB,HDAC4,False,True,7
mcf7+TGFB_HDAC5,0.036182903,0.0053714155,6.736195,0.98747414,0.31470338,0.7944206286821973,0.23573635597389433,0.9900404609232941,0.9985206312509561,0.991507265786749,1934,1261,0.07872061431407928,0.5524735450744629,0.142487570643425,,,,,,,,1.0,0.0,mcf7+TGFB_HDAC5,mcf7+TGFB,HDAC5,False,True,7
mcf7+TGFB_HRAS,0.03399578,0.0053494545,6.3549995,0.98834187,0.40004548,0.7912440634492196,0.2939525048375436,0.9907491634411781,0.9985390984085112,0.9921986680544119,2044,1220,,,,,,,,,,,,,mcf7+TGFB_HRAS,mcf7+TGFB,HRAS,False,True,7
mcf7+TGFB_IKBKB,0.07472546,0.10447431,0.7152519,0.9726994,0.49409598,0.731487122380689,0.4258243333806052,0.9768666626843622,0.9802685083103209,0.996529679779449,2028,824,0.6217526197433472,1.2097983360290527,0.5139307975769043,0.7501282095909119,0.32005101442337036,0.7583453062452092,0.26,0.8302817758009704,0.8618120450935558,0.9634139839747047,21.0,4.0,mcf7+TGFB_IKBKB,mcf7+TGFB,IKBKB,False,True,7
mcf7+TGFB_IRF7,0.03796407,0.008788495,4.319746,0.9867034,0.28635618,0.7859007174468975,0.2116598405331423,0.9893180506371193,0.997598751198946,0.9916993675544654,1850,1268,0.55772864818573,0.7395650744438171,0.7541306018829346,1.0,-1.0,0.9999999999999999,-0.9999999999999999,0.9922971160465534,0.9958325939562176,0.9964497266597606,1.0,1.0,mcf7+TGFB_IRF7,mcf7+TGFB,IRF7,False,True,7
mcf7+TGFB_JUN,0.03531619,0.006992911,5.050285,0.9876617,0.3464454,0.7933557389324121,0.25075109529340384,0.9901659962072727,0.9980731903295288,0.9920775408067565,1915,1262,,,,,,,,,,,,,mcf7+TGFB_JUN,mcf7+TGFB,JUN,False,True,7
mcf7+TGFB_KRAS,0.03522981,0.004952499,7.1135416,0.9880337,0.34228444,0.7948828443808811,0.28251590698519174,0.9905405384376429,0.998661261045899,0.9918683912904048,2050,1237,,,,,,,,,,,,,mcf7+TGFB_KRAS,mcf7+TGFB,KRAS,False,True,7
mcf7+TGFB_MAP3K7,0.044033535,0.008851665,4.9746046,0.9844035,0.12145334,0.7965629188472325,0.1557685742132752,0.9874141559727913,0.9976690083365459,0.9897211878107219,1756,1305,,,,,,,,,,,,,mcf7+TGFB_MAP3K7,mcf7+TGFB,MAP3K7,False,True,7
mcf7+TGFB_MAPK1,0.041961484,0.016212331,2.588245,0.9849243,0.2900411,0.7907015214606978,0.18883250102756638,0.9876464294667704,0.9959687866603105,0.9916439578177477,1759,1273,0.35734447836875916,0.6062630414962769,0.5894215106964111,0.7824447751045227,0.4909988045692444,0.5989010989010989,0.5384615384615384,0.9333036505325474,0.9749259603626107,0.9573072094473898,10.0,3.0,mcf7+TGFB_MAPK1,mcf7+TGFB,MAPK1,False,False,7
mcf7+TGFB_MAPK3,0.043708034,0.009933642,4.400001,0.984373,0.15855485,0.7841257228615002,0.17045594121331167,0.9873763911451056,0.9974155668114169,0.9899348115265486,1759,1283,,,,,,,,,,,,,mcf7+TGFB_MAPK3,mcf7+TGFB,MAPK3,False,True,7
mcf7+TGFB_MAPK14,0.035620045,0.006508165,5.4731317,0.9875072,0.32496578,0.7834996074280877,0.26483940051482846,0.9900275508266598,0.9982129964513164,0.9917999007689179,1910,1227,,,,,,,,,,,,,mcf7+TGFB_MAPK14,mcf7+TGFB,MAPK14,False,True,7
mcf7+TGFB_MED15,0.050666377,0.019359356,2.617152,0.9816873,0.14364593,0.7642012011421925,0.1676666183990794,0.985107703305452,0.9952957445556468,0.9897638050740956,1754,1240,0.11244061589241028,0.25374603271484375,0.44312265515327454,1.0,1.0,0.9999999999999999,0.9999999999999999,0.8320917567417796,0.8916612231510759,0.9331927139336827,2.0,0.0,mcf7+TGFB_MED15,mcf7+TGFB,MED15,False,True,7
mcf7+TGFB_MYC,0.03661648,0.0048456565,7.5565577,0.9875654,0.3087644,0.7729497574488758,0.24563894762230284,0.9901526434693321,0.9986705124480966,0.9914707915447667,1959,1259,,,,,,,,,,,,,mcf7+TGFB_MYC,mcf7+TGFB,MYC,False,False,7
mcf7+TGFB_NFKB1,0.04762148,0.00873243,5.4534054,0.9830137,0.048701137,0.7591486473862953,0.1654760280262684,0.986419300943248,0.997681672248492,0.9887114581549226,1806,1271,0.6339662075042725,0.6583118438720703,0.9630180597305298,,,,,,,,1.0,0.0,mcf7+TGFB_NFKB1,mcf7+TGFB,NFKB1,False,True,7
mcf7+TGFB_NRAS,0.056685667,0.05622776,1.0081438,0.9787911,0.4006501,0.7420963953435785,0.36372849792065504,0.9824041756957198,0.9892362640212229,0.9930935727146407,1957,927,0.42092573642730713,0.8682571649551392,0.48479384183883667,0.8846847414970398,0.30383846163749695,0.49615384615384617,0.27999999999999997,0.9366538308781291,0.929255240713813,1.0079618492747298,22.0,3.0,mcf7+TGFB_NRAS,mcf7+TGFB,NRAS,False,True,7
mcf7+TGFB_PAK1,0.039405998,0.0052856877,7.4552264,0.9864014,0.22017658,0.8004873241512227,0.18752231297012006,0.9891053106287083,0.9985435965849734,0.9905479480429857,1848,1352,,,,,,,,,,,,,mcf7+TGFB_PAK1,mcf7+TGFB,PAK1,False,False,7
mcf7+TGFB_PIK3CA,0.039575927,0.009055788,4.370236,0.98584896,0.25361705,0.7757232587186359,0.24919784773932938,0.9886350343407283,0.997626755223284,0.990986888798363,1885,1182,,,,,,,,,,,,,mcf7+TGFB_PIK3CA,mcf7+TGFB,PIK3CA,False,True,7
mcf7+TGFB_PPP2CA,0.04186896,0.008945733,4.680327,0.9850347,0.20484683,0.7672206230639517,0.21727713509468374,0.9879761910008534,0.9976945631685871,0.9902591709662435,1819,1236,,,,,,,,,,,,,mcf7+TGFB_PPP2CA,mcf7+TGFB,PPP2CA,False,True,7
mcf7+TGFB_PRKCA,0.037617728,0.0050308704,7.47738,0.9869827,0.26745653,0.7901941298136167,0.23221644485598567,0.9896334442914527,0.9986127157868078,0.9910082543979222,1892,1288,,,,,,,,,,,,,mcf7+TGFB_PRKCA,mcf7+TGFB,PRKCA,False,True,7
mcf7+TGFB_RAF1,0.04157592,0.015395108,2.700593,0.9849273,0.2685897,0.769407312060748,0.21776594456782375,0.987745302866042,0.9962299240146764,0.9914832701326192,1799,1178,0.46770912408828735,0.4300311207771301,1.0876169204711914,0.34918081760406494,0.6667488813400269,0.7999999999999999,0.9999999999999999,0.7747183750349375,0.9558435760122498,0.8105074872889128,4.0,1.0,mcf7+TGFB_RAF1,mcf7+TGFB,RAF1,False,True,7
mcf7+TGFB_RBL1,0.048151422,0.019587459,2.4582782,0.9819124,0.21638599,0.7494635782825799,0.26026398994586697,0.9853396765905474,0.9954246173919141,0.9898687046460736,1879,1099,,,,,,,,,,,,,mcf7+TGFB_RBL1,mcf7+TGFB,RBL1,False,True,7
mcf7+TGFB_RBX1,0.041940864,0.008583567,4.8861814,0.9853085,0.24155018,0.739017448190116,0.2091160878895271,0.9882483738225017,0.9977088177597573,0.9905178306848105,1841,1228,,,,,,,,,,,,,mcf7+TGFB_RBX1,mcf7+TGFB,RBX1,False,True,7
mcf7+TGFB_RELA,0.041487087,0.007846214,5.2875295,0.9852429,0.18043548,0.7811933361937506,0.16105758406580545,0.9880927310976135,0.9979554719816525,0.990117053154231,1728,1340,8.585800242144614e-05,0.5779908895492554,0.00014854560140520334,,,,,,,,1.0,0.0,mcf7+TGFB_RELA,mcf7+TGFB,RELA,False,True,7
mcf7+TGFB_RHOA,0.049345266,0.044089727,1.119201,0.9800391,0.4465798,0.7176806383379785,0.4122862172478134,0.9836183943937927,0.9909411506812448,0.9926103015477581,2034,851,0.2834628224372864,0.7437090873718262,0.38114744424819946,0.8269574642181396,0.4761021137237549,0.5692307692307692,0.3715384615384616,0.9218102344623883,0.9300908789347485,0.9910969512120749,22.0,3.0,mcf7+TGFB_RHOA,mcf7+TGFB,RHOA,False,True,7
mcf7+TGFB_RPS6KB1,0.036727075,0.005798299,6.334112,0.98719,0.2935619,0.7886813577446724,0.24669441996053854,0.9897848956531156,0.9984062730437738,0.9913648605548372,1931,1228,,,,,,,,,,,,,mcf7+TGFB_RPS6KB1,mcf7+TGFB,RPS6KB1,False,True,7
mcf7+TGFB_RUNX1,0.037506185,0.0043996465,8.524817,0.9870518,0.27219117,0.8005764664968681,0.24591451041203527,0.9897281882899694,0.9988040560338989,0.9909132650302119,2012,1313,,,,,,,,,,,,,mcf7+TGFB_RUNX1,mcf7+TGFB,RUNX1,False,True,7
mcf7+TGFB_RUNX2,0.038895037,0.01365184,2.849069,0.9860439,0.3349651,0.7652977197354055,0.2642574947691124,0.988716192932902,0.9964721821567123,0.9922165521901237,1871,1133,,,,,,,,,,,,,mcf7+TGFB_RUNX2,mcf7+TGFB,RUNX2,False,False,7
mcf7+TGFB_RUNX3,0.03480458,0.0064420076,5.4027534,0.98791134,0.3603444,0.7939962348642449,0.2537109615640722,0.9903399984039011,0.9982252440062935,0.9921007351299336,1944,1211,3.360761184012517e-05,0.5394865870475769,6.229554855963215e-05,,,,,,,,1.0,0.0,mcf7+TGFB_RUNX3,mcf7+TGFB,RUNX3,False,True,7
mcf7+TGFB_SKP1,0.06376107,0.09503253,0.67093945,0.9745538,0.5397599,0.7078240912061686,0.4646830213810225,0.9790241605972886,0.9845610446770808,0.9943762917396267,2085,767,0.5553999543190002,1.1006015539169312,0.5046330690383911,0.7521459460258484,0.5361799597740173,0.7976923076923076,0.5976923076923077,0.8490921577271424,0.9114779680081184,0.9315553283012318,18.0,7.0,mcf7+TGFB_SKP1,mcf7+TGFB,SKP1,False,True,7
mcf7+TGFB_SMAD1,0.046649408,0.010781303,4.3268805,0.9833464,0.09467727,0.784441282292378,0.1305341823273331,0.9864764129691064,0.997251287861461,0.9891954264451635,1687,1331,,,,,,,,,,,,,mcf7+TGFB_SMAD1,mcf7+TGFB,SMAD1,False,True,7
mcf7+TGFB_SMAD2,0.03468712,0.005573409,6.223681,0.9880988,0.36699218,0.7986365346728421,0.2828041183932689,0.9905612338963755,0.9984730357066142,0.9920760986753744,1967,1207,,,,,,,,,,,,,mcf7+TGFB_SMAD2,mcf7+TGFB,SMAD2,False,True,7
mcf7+TGFB_SMAD3,0.035531975,0.0045221034,7.8574,0.9880425,0.33833453,0.7895095556031407,0.2752877051584375,0.9905766982834895,0.9988062042919744,0.9917606579002795,2119,1263,,,,,,,,,,,,,mcf7+TGFB_SMAD3,mcf7+TGFB,SMAD3,False,True,7
mcf7+TGFB_SMAD4,0.039568346,0.02948165,1.3421347,0.9855184,0.43819046,0.7704478283877187,0.2636398494838923,0.9882335368425494,0.992493023651978,0.995708295466143,1833,1153,0.4314034581184387,1.0516241788864136,0.41022589802742004,0.7457801699638367,0.7304523587226868,0.6038461538461538,0.7476923076923078,0.9257143947941296,0.8824348013678758,1.0490456556780914,22.0,3.0,mcf7+TGFB_SMAD4,mcf7+TGFB,SMAD4,False,True,7
mcf7+TGFB_SMAD5,0.053323444,0.0435031,1.225739,0.9805437,0.34730762,0.7467590727166182,0.3180311526972692,0.9839817580706619,0.9921860117779813,0.9917311334669822,1927,1024,0.5526755452156067,0.8169490098953247,0.6765117049217224,0.7640883922576904,0.4483370780944824,0.7115384615384615,0.4230769230769231,0.9059999293300838,0.9695750252930637,0.934429936513924,19.0,6.0,mcf7+TGFB_SMAD5,mcf7+TGFB,SMAD5,False,True,7
mcf7+TGFB_SMAD6,0.04067522,0.006382366,6.3730626,0.9856527,0.16526684,0.7924857654809343,0.19675162256098896,0.9885603047468686,0.9982558689467458,0.9902874959201523,1807,1293,,,,,,,,,,,,,mcf7+TGFB_SMAD6,mcf7+TGFB,SMAD6,False,False,7
mcf7+TGFB_SMAD7,0.044359513,0.012774031,3.4726324,0.9841847,0.18130288,0.7852493939065133,0.17456818141719527,0.9871297260919509,0.9969237548378761,0.9901757494508515,1729,1294,1.9067916870117188,1.1444534063339233,1.666115641593933,,,,,,,,0.0,1.0,mcf7+TGFB_SMAD7,mcf7+TGFB,SMAD7,False,True,7
mcf7+TGFB_SMAD9,0.058084875,0.03042243,1.9092779,0.97975457,0.18158385,0.7805882373691223,0.2044904002885317,0.9841146228957666,0.9916624397731115,0.992388723647664,1877,1303,1.682074785232544,1.6994843482971191,0.9897559881210327,-0.07961798459291458,0.2250441461801529,0.002307692307692308,0.3484615384615385,0.6453532261670104,0.6424721437252874,1.004484369431206,15.0,10.0,mcf7+TGFB_SMAD9,mcf7+TGFB,SMAD9,False,True,7
mcf7+TGFB_SMURF1,0.042042356,0.00488804,8.601067,0.98543066,0.10544046,0.7913485330626567,0.18118565068851494,0.9885150508201617,0.9986783126431765,0.9898232877450638,1977,1372,0.3697919249534607,1.1212396621704102,0.3298063278198242,,,,,,,,1.0,0.0,mcf7+TGFB_SMURF1,mcf7+TGFB,SMURF1,False,True,7
mcf7+TGFB_SMURF2,0.04004416,0.005518644,7.256159,0.9859817,0.18568948,0.7936226182192343,0.188154945455665,0.9888130623110478,0.9984817320765532,0.9903166282818241,1848,1318,,,,,,,,,,,,,mcf7+TGFB_SMURF2,mcf7+TGFB,SMURF2,False,True,7
mcf7+TGFB_SP1,0.040965427,0.010976355,3.7321522,0.9852469,0.23401429,0.7792552656945618,0.2036186268609986,0.9880560882743414,0.9972184591071416,0.9908120725713364,1788,1226,,,,,,,,,,,,,mcf7+TGFB_SP1,mcf7+TGFB,SP1,False,True,7
mcf7+TGFB_TGFBR1,0.023679147,0.02017687,1.1735787,0.9918814,0.6641184,0.8039868994978812,0.36833203244219886,0.9933862616460367,0.9944274058492937,0.9989530214099763,2000,1071,0.18987369537353516,0.6812558174133301,0.2787112891674042,0.925144612789154,0.8801794648170471,0.8576923076923076,0.87,0.9650353213004351,0.897923907716807,1.0747406467372893,25.0,0.0,mcf7+TGFB_TGFBR1,mcf7+TGFB,TGFBR1,False,True,7
mcf7+TGFB_TGFBR2,0.025082236,0.014243214,1.7609955,0.9914514,0.63525796,0.8110811559903439,0.36585836953051876,0.9930783810058615,0.9960680676332333,0.9969985117237263,2018,1108,0.07501921057701111,0.48141226172447205,0.15583153069019318,0.8213986754417419,0.9100555181503296,0.5333333333333333,0.9,0.9513976041105202,0.8067485385896537,1.1792988255965606,9.0,0.0,mcf7+TGFB_TGFBR2,mcf7+TGFB,TGFBR2,False,True,7
mcf7+TGFB_TGFBR3,0.040715657,0.014202324,2.8668306,0.9854106,0.27854937,0.7825956488482668,0.20804853111097432,0.9881382879266649,0.9963804970241983,0.9917278498303111,1774,1242,0.1557181179523468,0.4895833134651184,0.31806254386901855,-0.06820414960384369,0.8712301254272461,-0.3,0.8999999999999998,0.8858264845118641,0.9879819839914804,0.8966018600188389,5.0,0.0,mcf7+TGFB_TGFBR3,mcf7+TGFB,TGFBR3,False,True,7
mcf7+TGFB_TGIF1,0.040835563,0.012497228,3.2675698,0.9853758,0.25004467,0.7832821644783771,0.18861094465895395,0.9881585940647034,0.9967899472375223,0.9913408505004092,1792,1244,0.18907193839550018,0.8444137573242188,0.22390910983085632,1.0,1.0,0.9999999999999999,0.9999999999999999,0.9950786017852974,0.998244071831811,0.9968289618382559,2.0,0.0,mcf7+TGFB_TGIF1,mcf7+TGFB,TGIF1,False,True,7
mcf7+TNFA_BIRC3,0.0045470586,0.006139624,0.74060863,0.99843556,0.545001,0.8490547239742567,0.399377548590269,0.998763175343273,0.998400644323673,1.0003631117644616,2525,1330,0.1252768635749817,0.3406084477901459,0.367803156375885,0.9124926328659058,0.3063112497329712,0.9507692307692308,0.6615384615384615,0.9667136857365243,0.9724899464837499,0.9940603388568582,25.0,0.0,mcf7+TNFA_BIRC3,mcf7+TNFA,BIRC3,True,False,7
mcf7+TNFA_CASP3,0.01098455,0.011746705,0.9351176,0.99613464,0.30233204,0.8443257657689517,0.3521012015195179,0.9969430712869539,0.9971326832082931,0.9998098428378367,2485,1308,0.12771229445934296,0.2264770120382309,0.5639083981513977,0.9509624242782593,0.8348175883293152,0.830159661442277,0.4792307692307692,0.9714894718826962,0.962154650522726,1.0097019968202603,25.0,0.0,mcf7+TNFA_CASP3,mcf7+TNFA,CASP3,True,False,7
mcf7+TNFA_CASP8,0.00964413,0.014789386,0.6520981,0.9966705,0.548444,0.811976279662596,0.4946618333088238,0.9973529102972157,0.9964078853746465,1.000948431798303,2728,1069,0.09110607206821442,0.23504112660884857,0.3876175880432129,0.9289462566375732,0.5725388526916504,0.7323076923076922,0.5792307692307693,0.9499915486603323,0.9464372748315714,1.0037554246047562,25.0,0.0,mcf7+TNFA_CASP8,mcf7+TNFA,CASP8,True,False,7
mcf7+TNFA_CHUK,0.009662313,0.013851206,0.6975792,0.99658126,0.5058001,0.8259053855721846,0.4634657630515525,0.9972917069472629,0.9965436834322055,1.0007506178881,2636,1155,0.07721681892871857,0.18601937592029572,0.41510093212127686,0.9771375060081482,0.7571716904640198,0.8432391000377532,0.66,0.9720424647683615,0.9606066373839415,1.0119047973846649,25.0,0.0,mcf7+TNFA_CHUK,mcf7+TNFA,CHUK,True,False,7
mcf7+TNFA_CSF2,0.0034802146,0.003127483,1.1127845,0.9988291,0.53687334,0.8526436483978959,0.3633559152237129,0.9990849833841373,0.9991701316127091,0.9999147810509164,2502,1447,0.01673119328916073,0.17134493589401245,0.09764626622200012,0.9510923624038696,0.9523482918739319,0.9761904761904763,0.880952380952381,0.9806941562091109,0.984962463686751,0.9956665277764356,8.0,0.0,mcf7+TNFA_CSF2,mcf7+TNFA,CSF2,True,False,7
mcf7+TNFA_FOS,0.0054433863,0.0029305783,1.8574444,0.9981283,0.2801363,0.8480259616461785,0.321999340321058,0.9985398981542006,0.9992427620138371,0.9992966035018158,2455,1417,0.03317967429757118,0.049071054905653,0.6761557459831238,0.999849259853363,-0.9646269083023071,1.0,-0.5,0.9834587143297134,0.9997681484318668,0.9836867836530553,2.0,1.0,mcf7+TNFA_FOS,mcf7+TNFA,FOS,True,False,7
mcf7+TNFA_MYC,0.004407916,0.0042111,1.0467376,0.9984937,0.5477624,0.8282441406119455,0.39520878680676336,0.9988183070780656,0.998899971743843,0.9999182454018546,2532,1357,0.015779392793774605,0.15679392218589783,0.10063778609037399,0.9652652144432068,0.9254995584487915,0.9367588932806324,0.9249011857707511,0.9859120339724325,0.9861353160124212,0.9997735787002421,23.0,0.0,mcf7+TNFA_MYC,mcf7+TNFA,MYC,True,False,7
a549+IFNB_ELK1,0.013547629,0.004457332,3.039403,0.9967661,0.33260554,0.7947337816452807,0.3079321170110737,0.9974525891365033,0.9990037440233449,0.9984472982247348,2307,1191,,,,,,,,,,,,,a549+IFNB_ELK1,a549+IFNB,ELK1,True,False,8
a549+IFNB_MAPK8,0.008701635,0.0075293444,1.1556962,0.997477,0.52502227,0.8162988870382905,0.4993393756347433,0.9980618002598047,0.9984147963512587,0.999646443449412,2522,893,,,,,,,,,,,,,a549+IFNB_MAPK8,a549+IFNB,MAPK8,True,False,8
a549+INS_HSF1,0.012280901,0.0029337609,4.1860604,0.9972129,0.32387382,0.7900847885417259,0.3114835376959122,0.9978036538917775,0.9993328364793415,0.9984697965164927,2312,1225,,,,,,,,,,,,,a549+INS_HSF1,a549+INS,HSF1,True,False,8
a549+TGFB_AKT1,0.10830339,0.002042514,53.02455,0.9671402,0.02240391,0.770992625184477,0.062454448671273324,0.9748068103987693,0.9995311849170673,0.9752640288853525,1930,1738,,,,,,,,,,,,,a549+TGFB_AKT1,a549+TGFB,AKT1,False,True,8
a549+TGFB_ATF2,0.113365114,0.0071075684,15.949915,0.9650372,0.07080227,0.7623546536688518,0.1754061216678576,0.9728683115225861,0.998496795364446,0.9743329333045023,2042,1466,0.026819610968232155,0.18499958515167236,0.14497119188308716,0.3226153254508972,0.7751970887184143,0.49999999999999994,0.09999999999999999,0.824996153012328,0.9894041429589062,0.8338313103734327,5.0,0.0,a549+TGFB_ATF2,a549+TGFB,ATF2,False,True,8
a549+TGFB_CHUK,0.115615085,0.0098116305,11.783473,0.96406126,0.09718086,0.7489703625341048,0.19602521367735887,0.9719845438312434,0.9979508702157989,0.9739803559879251,2092,1410,0.1302376687526703,0.1132090836763382,1.1504170894622803,0.6153827905654907,0.010213658213615417,0.6585882022192671,0.21538461538461537,0.8472645506395351,0.9709108033490361,0.8726492152698284,21.0,4.0,a549+TGFB_CHUK,a549+TGFB,CHUK,False,False,8
a549+TGFB_CREBBP,0.11323012,0.003800361,29.794569,0.96660596,0.15318027,0.7372540330963606,0.11972470424182094,0.9741300609569502,0.9991351362877265,0.97497327996723,2009,1661,,,,,,,,,,,,,a549+TGFB_CREBBP,a549+TGFB,CREBBP,False,True,8
a549+TGFB_CUL1,0.123262204,0.04168423,2.9570465,0.9572046,0.26216418,0.7204508138830138,0.37260394594289636,0.9660073370818518,0.9926890151321162,0.973121815952891,2354,1096,0.22481375932693481,0.21449026465415955,1.0481303930282593,0.5716363191604614,-0.29621610045433044,0.5778034344236794,-0.20461538461538462,0.8258512842138677,0.9356501102913735,0.8826496947204837,21.0,4.0,a549+TGFB_CUL1,a549+TGFB,CUL1,False,True,8
a549+TGFB_EP300,0.11710337,0.019583946,5.9795594,0.961922,0.20825598,0.7355736463452482,0.3232628662231666,0.9700910687266316,0.9964033187303618,0.9735927716125456,2255,1234,0.5190412998199463,0.23744899034500122,2.1859066486358643,0.6566358208656311,-0.16815435886383057,0.7115384615384615,0.03846153846153846,0.8202527901158744,0.9736644069472736,0.8424389186491985,19.0,6.0,a549+TGFB_EP300,a549+TGFB,EP300,False,True,8
a549+TGFB_FOS,0.11270788,0.0041634943,27.070503,0.9655986,-0.0052867746,0.764889075474518,0.09165077153584539,0.9734375134678618,0.9990761091206304,0.9743376951778626,1945,1618,0.007316367235034704,1.3537551164627075,0.005404498428106308,,,,,,,,1.0,0.0,a549+TGFB_FOS,a549+TGFB,FOS,False,True,8
a549+TGFB_FOXP2,0.11682904,0.00593173,19.69561,0.96492237,0.111102656,0.7387890708548764,0.2245922460286198,0.972682656606271,0.9987502964716914,0.9738997425507554,2115,1397,0.013759149238467216,0.0914907157421112,0.15038847923278809,,,,,,,,1.0,0.0,a549+TGFB_FOXP2,a549+TGFB,FOXP2,False,True,8
a549+TGFB_HDAC4,0.118324146,0.016508982,7.1672587,0.9619361,0.013490813,0.7739450983236852,0.12341087065722331,0.9701912353980787,0.9966628642646315,0.9734397359270687,1926,1563,0.37359750270843506,0.23073352873325348,1.6191730499267578,0.768114447593689,-0.03840326890349388,0.42846153846153845,0.06923076923076923,0.8422482497512145,0.9590198103246347,0.8782386356191201,16.0,9.0,a549+TGFB_HDAC4,a549+TGFB,HDAC4,False,False,8
a549+TGFB_HDAC5,0.107286595,0.0016330989,65.6951,0.9674917,0.018541874,0.7678011914241664,0.09141047112548742,0.9750935004887887,0.9996221590485561,0.975462070005417,2037,1677,,,,,,,,,,,,,a549+TGFB_HDAC5,a549+TGFB,HDAC5,False,True,8
a549+TGFB_HRAS,0.105452664,0.0018494648,57.017933,0.9679549,0.060485244,0.7727358300458844,0.09917402976990049,0.9755180683473753,0.9995721107153936,0.9759356607590793,2131,1730,,,,,,,,,,,,,a549+TGFB_HRAS,a549+TGFB,HRAS,False,True,8
a549+TGFB_IKBKB,0.11993022,0.03365536,3.5634806,0.96032304,0.30127305,0.7287870939243417,0.42412553301823985,0.9685059508220422,0.9937909864331663,0.9745569883845746,2435,1014,0.3842604160308838,0.2608118951320648,1.473323941230774,0.35397589206695557,-0.25076088309288025,0.42153846153846153,-0.06615384615384615,0.7014199927741834,0.9552320006343049,0.7342928129589649,21.0,4.0,a549+TGFB_IKBKB,a549+TGFB,IKBKB,False,True,8
a549+TGFB_IRF7,0.11013096,0.0027493015,40.057796,0.96678287,0.04919027,0.766529586115229,0.1303532093695884,0.9744508442767827,0.9993828498729814,0.9750525981115571,2017,1608,,,,,,,,,,,,,a549+TGFB_IRF7,a549+TGFB,IRF7,False,True,8
a549+TGFB_JUN,0.11478028,0.0066060075,17.375135,0.9642953,-0.021235382,0.7713878274536231,0.09998227819733234,0.9724386349516038,0.9985721187731007,0.973829147309254,1931,1618,0.1263580620288849,0.04915587604045868,2.570558547973633,0.9490649104118347,-0.9393344521522522,0.7999999999999999,-1.0,0.9861571835753449,0.9856585900852861,1.0005058480645064,1.0,3.0,a549+TGFB_JUN,a549+TGFB,JUN,False,True,8
a549+TGFB_KRAS,0.11916824,0.011814985,10.086194,0.96260476,-0.038089197,0.7788124218911321,0.02326359498323677,0.9712946297945304,0.9973139062500938,0.9739106450912772,1877,1737,0.2496795952320099,0.3545069396495819,0.7043009996414185,0.9594879746437073,0.41889479756355286,0.7454545454545454,0.309090909090909,0.9729175552677949,0.9590986756618598,1.0144081938142588,8.0,2.0,a549+TGFB_KRAS,a549+TGFB,KRAS,False,True,8
a549+TGFB_MAP3K7,0.11075554,0.0023504153,47.12169,0.9664743,-0.023591114,0.7667195996372415,0.05652280082091864,0.9742317726696408,0.9994618982998056,0.9747562906869346,1964,1677,,,,,,,,,,,,,a549+TGFB_MAP3K7,a549+TGFB,MAP3K7,False,True,8
a549+TGFB_MAPK1,0.116226114,0.011608931,10.011785,0.96352625,0.060096443,0.7619324015062698,0.1412381047765453,0.9716726007145973,0.9975179645063692,0.9740903274814086,1975,1557,0.2282188981771469,0.26181259751319885,0.8716880083084106,0.9384141564369202,0.024537978693842888,0.6384615384615384,-0.03,0.9605031097684937,0.9832558854077448,0.9768597615565598,17.0,8.0,a549+TGFB_MAPK1,a549+TGFB,MAPK1,False,True,8
a549+TGFB_MAPK3,0.10874205,0.003035262,35.82625,0.9668015,0.038300492,0.7673960780479098,0.0990922471617391,0.97445709675665,0.9993203401466759,0.9751198465685422,1974,1638,,,,,,,,,,,,,a549+TGFB_MAPK3,a549+TGFB,MAPK3,False,True,8
a549+TGFB_MAPK14,0.1072446,0.0033758201,31.76846,0.96770537,0.097826645,0.7632924128239262,0.11866985481441687,0.9752029444398822,0.9992186464272951,0.9759655185846652,2012,1644,0.03995158523321152,0.7015281319618225,0.056949369609355927,,,,,,,,1.0,0.0,a549+TGFB_MAPK14,a549+TGFB,MAPK14,False,True,8
a549+TGFB_MED15,0.123378664,0.010628768,11.607993,0.9637985,0.03106207,0.733539033562087,0.04416146112705649,0.9720003137512824,0.9975384385656042,0.9743988563979108,1964,1743,0.4314880073070526,0.3774113655090332,1.1432830095291138,0.5810871720314026,0.1881471425294876,0.43956043956043955,-0.07142857142857142,0.743158105721011,0.7973642325283403,0.9320183617523844,5.0,8.0,a549+TGFB_MED15,a549+TGFB,MED15,False,True,8
a549+TGFB_MYC,0.11000713,0.002565681,42.876385,0.96645683,-0.030901428,0.7727950461815102,0.07490054473746191,0.9742466217489005,0.9994185979104927,0.9748133802850779,1952,1687,0.235592320561409,0.14718392491340637,1.6006661653518677,,,,,,,,0.0,1.0,a549+TGFB_MYC,a549+TGFB,MYC,False,True,8
a549+TGFB_NFKB1,0.115609996,0.006140868,18.826328,0.9647963,0.070768416,0.7492283750774908,0.15675883731725637,0.9726486296805456,0.9986683736267442,0.9739455612760561,2044,1495,0.05152007192373276,0.07692132890224457,0.6697761416435242,-0.7422127723693848,0.9503408670425415,-0.7,0.7,0.766716307312818,0.9905777967957344,0.7740091790800773,2.0,3.0,a549+TGFB_NFKB1,a549+TGFB,NFKB1,False,True,8
a549+TGFB_NRAS,0.11751413,0.027607772,4.25656,0.9617133,0.3038914,0.7317551506657606,0.40959580521177186,0.9696835275226515,0.9949098211578592,0.9746446430633786,2430,1037,0.21333052217960358,0.274667888879776,0.776685357093811,0.8481709361076355,-0.07381485402584076,0.54,0.10999999999999999,0.9136196209843173,0.9597388377099645,0.9519460764600374,22.0,3.0,a549+TGFB_NRAS,a549+TGFB,NRAS,False,True,8
a549+TGFB_PAK1,0.1081072,0.0018209348,59.36907,0.9668982,-0.056007534,0.7720478602113702,0.04716111414391562,0.9746478686002731,0.9995809299858773,0.9750564855354368,1966,1742,,,,,,,,,,,,,a549+TGFB_PAK1,a549+TGFB,PAK1,False,True,8
a549+TGFB_PIK3CA,0.11327202,0.004719337,24.00168,0.96557957,0.050019618,0.757416989521101,0.13469653138800733,0.9733595320615921,0.9989550282179311,0.9743777292937804,2019,1550,0.20732325315475464,0.11734256893396378,1.7668204307556152,,,,,,,,0.0,1.0,a549+TGFB_PIK3CA,a549+TGFB,PIK3CA,False,True,8
a549+TGFB_PPP2CA,0.11750891,0.004704786,24.976463,0.96457124,0.01542879,0.7449723636960374,0.14248425942870738,0.9724951368258009,0.9989693302556343,0.9734984922679671,2024,1523,,,,,,,,,,,,,a549+TGFB_PPP2CA,a549+TGFB,PPP2CA,False,True,8
a549+TGFB_PRKCA,0.10973299,0.0021869973,50.175182,0.96652997,-0.04485742,0.7784798984197184,0.024002818821277912,0.9743223056756365,0.9995009385829774,0.9748087951342623,1877,1775,,,,,,,,,,,,,a549+TGFB_PRKCA,a549+TGFB,PRKCA,False,True,8
a549+TGFB_RAF1,0.11241374,0.00784151,14.335727,0.96496534,0.08169291,0.7542940319708382,0.18948388737214766,0.9727510844927936,0.998380333629525,0.9743291726875684,2075,1446,0.08021590113639832,0.0911610871553421,0.8799357414245605,0.6557839512825012,0.3312894105911255,0.6076856760775161,0.1714285714285714,0.8667888690428969,0.9461825145185945,0.9160905594243706,10.0,5.0,a549+TGFB_RAF1,a549+TGFB,RAF1,False,True,8
a549+TGFB_RBL1,0.11253669,0.01245326,9.036725,0.9644307,0.14388706,0.748299268553559,0.25383627584119717,0.9721919942165664,0.997483974351308,0.974644224082708,2153,1318,0.3193001449108124,0.1798163205385208,1.775701642036438,0.578040361404419,0.09427546709775925,0.4365738306961754,0.010769230769230769,0.7602513284249868,0.9425192693803494,0.8066162179631691,17.0,8.0,a549+TGFB_RBL1,a549+TGFB,RBL1,False,True,8
a549+TGFB_RBX1,0.116628125,0.0045360955,25.711126,0.9654552,0.09907064,0.7452183634077749,0.174534347392906,0.9731640211893086,0.9990016894796675,0.9741365119173957,2071,1503,,,,,,,,,,,,,a549+TGFB_RBX1,a549+TGFB,RBX1,False,True,8
a549+TGFB_RELA,0.10883506,0.005923785,18.372555,0.96647656,0.09162845,0.7646981183053314,0.15020289871292503,0.9741438801083843,0.9986954899535035,0.9754163204979905,2036,1542,0.031811486929655075,0.08914115279912949,0.3568664491176605,-0.8200136423110962,0.9948873519897461,-0.5,1.0,0.6069124299050154,0.993481921169548,0.6108942870249165,2.0,1.0,a549+TGFB_RELA,a549+TGFB,RELA,False,True,8
a549+TGFB_RHOA,0.13611221,0.021739487,6.2610593,0.9598216,0.26183456,0.6932185736442991,0.37731105441888,0.9680359340471137,0.99566318683654,0.9722524111017857,2381,1086,0.09649170190095901,0.26014670729637146,0.37091264128685,0.6684280633926392,0.5667409300804138,0.22081169864127295,0.4461538461538462,0.8236275491015127,0.9546565039490656,0.8627475387162461,22.0,3.0,a549+TGFB_RHOA,a549+TGFB,RHOA,False,True,8
a549+TGFB_RPS6KB1,0.1125411,0.002501941,44.981518,0.9658842,-0.0719183,0.7703894463542511,0.03360662182693291,0.9737809793431168,0.9994290529744525,0.9743372743117652,1924,1741,,,,,,,,,,,,,a549+TGFB_RPS6KB1,a549+TGFB,RPS6KB1,False,True,8
a549+TGFB_RUNX1,0.10631282,0.0014894567,71.37691,0.9675872,0.008236358,0.7769555764463949,0.06112924214189517,0.9752605893952168,0.9996551135566306,0.9755970595952622,2033,1754,,,,,,,,,,,,,a549+TGFB_RUNX1,a549+TGFB,RUNX1,False,True,8
a549+TGFB_RUNX2,0.10986552,0.005282064,20.799732,0.9661137,0.08713698,0.7636213169409606,0.17338388971874347,0.9737633924627607,0.9988794060831901,0.9748558099531609,2031,1498,,,,,,,,,,,,,a549+TGFB_RUNX2,a549+TGFB,RUNX2,False,True,8
a549+TGFB_RUNX3,0.10839626,0.0031525518,34.383656,0.9667034,0.017819906,0.7706531498697041,0.07879750241768117,0.974382590785589,0.9992952760447003,0.9750697457935377,1924,1692,,,,,,,,,,,,,a549+TGFB_RUNX3,a549+TGFB,RUNX3,False,True,8
a549+TGFB_SKP1,0.11376666,0.0138545055,8.211528,0.96340704,0.12723184,0.762459551873616,0.2319085466205139,0.9714022762366338,0.997300037131361,0.9740321268118874,2092,1385,0.22749397158622742,0.11611535400152206,1.9592065811157227,0.7133573889732361,-0.2912544906139374,0.6489709679578876,-0.06769230769230769,0.8428999453669969,0.9627077442147707,0.8755512256261171,20.0,5.0,a549+TGFB_SKP1,a549+TGFB,SKP1,False,False,8
a549+TGFB_SMAD1,0.11187941,0.0035645722,31.38649,0.9658911,-0.0006673455,0.7602546308550905,0.1048143358006917,0.9736809369416548,0.9992069828748419,0.9744536954097883,1951,1613,,,,,,,,,,,,,a549+TGFB_SMAD1,a549+TGFB,SMAD1,False,True,8
a549+TGFB_SMAD2,0.11963678,0.0034055542,35.1299,0.9656241,-0.0041448,0.735264302373544,0.05915315573468542,0.9733741649651076,0.9992136305004651,0.9741401991059554,2040,1731,0.13146018981933594,0.20981258153915405,0.6265600919723511,0.984440267086029,0.9227437376976013,0.5,1.0,0.9883225274899001,0.9321382890439567,1.0602745741767228,3.0,0.0,a549+TGFB_SMAD2,a549+TGFB,SMAD2,False,False,8
a549+TGFB_SMAD3,0.09599576,0.003183625,30.152975,0.9710544,0.36010075,0.7774704655455995,0.24419641196618125,0.9778411629604068,0.9992629540281087,0.9785624084417931,2174,1498,,,,,,,,,,,,,a549+TGFB_SMAD3,a549+TGFB,SMAD3,False,True,8
a549+TGFB_SMAD4,0.067153275,0.04388422,1.5302373,0.9812578,0.65696955,0.7547141698046212,0.3960530778275163,0.9854472548063503,0.9897945584830496,0.9956078727252633,2234,1286,1.1667451858520508,1.7724682092666626,0.65826016664505,0.7917877435684204,0.9121426343917847,0.8069230769230769,0.7753846153846154,0.9385342202282219,0.8963342351085282,1.0470806351768815,23.0,2.0,a549+TGFB_SMAD4,a549+TGFB,SMAD4,False,True,8
a549+TGFB_SMAD5,0.11687819,0.016721176,6.9898305,0.96314555,0.22544199,0.7335664246144448,0.3455391497505763,0.9709926782889284,0.9967874558231274,0.9741220885320049,2286,1171,0.06508775800466537,0.14691896736621857,0.4430180788040161,0.6301743984222412,0.3420204520225525,0.6376923076923077,0.17307692307692307,0.8953731828610207,0.9573673555358625,0.9352451571318284,22.0,3.0,a549+TGFB_SMAD5,a549+TGFB,SMAD5,False,True,8
a549+TGFB_SMAD6,0.108352445,0.00256247,42.284374,0.9668449,0.006758479,0.7709258585470968,0.07230366679165894,0.9745415681959511,0.9994176903725545,0.9751093837779374,1957,1692,,,,,,,,,,,,,a549+TGFB_SMAD6,a549+TGFB,SMAD6,False,True,8
a549+TGFB_SMAD7,0.11125476,0.0037740464,29.478907,0.965659,-0.02686461,0.7651546434830866,0.0927306919066575,0.9734952472123019,0.9991715859481468,0.9743023729888397,1947,1619,,,,,,,,,,,,,a549+TGFB_SMAD7,a549+TGFB,SMAD7,False,True,8
a549+TGFB_SMAD9,0.12223529,0.0026270007,46.53036,0.96498716,5.8365986e-06,0.7397818262588718,0.10226344622299748,0.9728554146162787,0.999407013106371,0.9734326474180282,1994,1618,,,,,,,,,,,,,a549+TGFB_SMAD9,a549+TGFB,SMAD9,False,False,8
a549+TGFB_SMURF1,0.11362513,0.0028656526,39.6507,0.965285,-0.17220536,0.7682073185604222,-0.012916981689996724,0.9734856846675494,0.9993371912611544,0.9741313474374144,1990,1853,1.8942761421203613,2.4476888179779053,0.7739039659500122,,,,,,,,1.0,0.0,a549+TGFB_SMURF1,a549+TGFB,SMURF1,False,True,8
a549+TGFB_SMURF2,0.10920706,0.0031135578,35.074684,0.96645594,-0.034724474,0.7766925470061908,0.05638976019082972,0.9742748187625632,0.9992854618082787,0.9749714731159432,1930,1707,1.5030697584152222,2.0716753005981445,0.7255334854125977,,,,,,,,1.0,0.0,a549+TGFB_SMURF2,a549+TGFB,SMURF2,False,True,8
a549+TGFB_SP1,0.11534292,0.005939328,19.420197,0.9643345,-0.022254616,0.766141833364348,0.09230867037078586,0.972429064405802,0.9987178975129376,0.9736774186458443,1939,1620,,,,,,,,,,,,,a549+TGFB_SP1,a549+TGFB,SP1,False,True,8
a549+TGFB_TGFBR1,0.072444335,0.072534926,0.99875104,0.9765396,0.60388666,0.7969257810118222,0.3926101147440989,0.9817676204695379,0.9832727659868601,0.9984692492567802,2180,1303,0.9589240550994873,1.9352126121520996,0.49551352858543396,0.7597863674163818,0.7697805166244507,0.7446153846153846,0.85,0.9510660282809151,0.8864811273900041,1.0728553591220416,23.0,2.0,a549+TGFB_TGFBR1,a549+TGFB,TGFBR1,False,True,8
a549+TGFB_TGFBR2,0.0741404,0.032741755,2.264399,0.97803605,0.56480515,0.7848859949846617,0.3664364708772693,0.9831944083555504,0.9923951361311224,0.9907287657500607,2208,1360,0.438461571931839,1.2316672801971436,0.3559902608394623,0.9121836423873901,0.7789876461029053,0.8915384615384616,0.7561538461538462,0.9594250500617447,0.9203371992973628,1.042471227713303,23.0,2.0,a549+TGFB_TGFBR2,a549+TGFB,TGFBR2,False,True,8
a549+TGFB_TGFBR3,0.11456277,0.0066635087,17.19256,0.96446306,0.015920399,0.763808323773213,0.14684387097073473,0.9724349094055067,0.9985961440269464,0.973801987141727,2024,1508,0.8159699440002441,0.48935678601264954,1.6674336194992065,1.0,-1.0,0.9999999999999999,-0.9999999999999999,0.9755781648595844,0.9897090906871561,0.9857221420308865,0.0,2.0,a549+TGFB_TGFBR3,a549+TGFB,TGFBR3,False,True,8
a549+TGFB_TGIF1,0.122172825,0.0060426984,20.218256,0.9635775,-0.050122388,0.746483966584779,0.09508993778533041,0.9717685416738255,0.9986269097024949,0.9731047022990089,1991,1583,0.026993025094270706,0.10490474104881287,0.25730985403060913,0.49143895506858826,0.6460999846458435,0.41208791208791207,0.4010989010989011,0.7796351733597788,0.9872109665999951,0.7897351222149427,12.0,1.0,a549+TGFB_TGIF1,a549+TGFB,TGIF1,False,True,8
a549+TNFA_CASP3,0.010444868,0.016569002,0.6303861,0.9969093,0.54998374,0.8229916402084343,0.5728454717990303,0.9975026427497111,0.9968172308673783,1.00068760035552,2631,872,0.05545266717672348,0.15520542860031128,0.35728561878204346,0.9715891480445862,0.9081236720085144,0.9135711642345892,0.6453846153846153,0.9599987899560641,0.9655001525499805,0.9943020593219103,25.0,0.0,a549+TNFA_CASP3,a549+TNFA,CASP3,True,False,8
a549+TNFA_CHUK,0.014787982,0.019421177,0.7614359,0.99524164,0.45733726,0.8150219471622526,0.4748308140517808,0.9963150680743071,0.9958447795163508,1.0004722508644217,2500,995,0.17700476944446564,0.37249645590782166,0.4751850962638855,0.9893048405647278,0.6489329934120178,0.8961538461538462,0.6030769230769231,0.9858381854322592,0.9645112555918606,1.022111644334634,25.0,0.0,a549+TNFA_CHUK,a549+TNFA,CHUK,True,False,8
a549+TNFA_JUNB,0.009216627,0.00772416,1.1932206,0.99720657,0.2945004,0.8360124493700732,0.33369379375193675,0.9977954882260089,0.9983227965205766,0.9994718058163096,2241,1325,0.03398733213543892,0.11031074076890945,0.30810537934303284,0.9729205369949341,0.8821938037872314,0.8,0.6315789473684211,0.9557621042282908,0.9621183031061881,0.993393537096866,17.0,2.0,a549+TNFA_JUNB,a549+TNFA,JUNB,True,False,8
a549+TNFA_MAP3K14,0.007314261,0.005012167,1.4593011,0.9977263,0.31157824,0.8345766999215724,0.34196090694917325,0.9982553684620609,0.9988628165683427,0.9993918603273583,2316,1246,0.012473960407078266,0.056698236614465714,0.22000613808631897,0.9604707956314087,0.8296768665313721,0.48571428571428577,0.5428571428571429,0.9544206408802564,0.9469814374587917,1.0078557014184224,6.0,0.0,a549+TNFA_MAP3K14,a549+TNFA,MAP3K14,True,False,8
a549+TNFA_ZFP36L1,0.02236132,0.047045384,0.47531378,0.9932643,0.6550094,0.7944383924282611,0.6586562835924199,0.9946035235999653,0.9919353474777588,1.0026898689808676,2827,659,0.18649965524673462,0.41536015272140503,0.4490070939064026,0.9651196002960205,0.5581175088882446,0.8543950917809533,0.4592307692307693,0.9497512231513823,0.8940270201722045,1.0623294394037939,25.0,0.0,a549+TNFA_ZFP36L1,a549+TNFA,ZFP36L1,True,False,8
bxpc3+IFNB_ELK1,0.017624982,0.003020989,5.834176,0.9979391,0.28077772,0.8625724734930924,0.2382702214024808,0.9983276670134218,0.9993123825617127,0.999014606878215,2506,1666,0.00022153840109240264,0.6419723629951477,0.0003450902586337179,0.993427038192749,0.9997187852859497,1.0,1.0,0.996982626906265,0.5293258162759653,1.8834951862360814,3.0,0.0,bxpc3+IFNB_ELK1,bxpc3+IFNB,ELK1,True,False,8
bxpc3+IFNB_MAP3K14,0.009530179,0.004111392,2.3179934,0.9981814,0.28316888,0.8846284167497716,0.2511327496153887,0.9986142901453275,0.9990610693159586,0.9995528009404501,2525,1630,0.007349849212914705,0.2670261859893799,0.027524825185537338,0.8570903539657593,0.9975107908248901,0.8571428571428572,0.9285714285714287,0.9763782424911137,0.6790731494786292,1.4378101140366777,8.0,0.0,bxpc3+IFNB_MAP3K14,bxpc3+IFNB,MAP3K14,True,False,8
bxpc3+INS_CHUK,0.0146987,0.008815369,1.6673949,0.9960687,0.26684707,0.8516542231150314,0.2657947507149382,0.9970012289628314,0.9979412627334748,0.9990580269543434,2598,1673,0.5077961683273315,0.5241492390632629,0.9688007235527039,0.3930629789829254,0.21425935626029968,0.6435853167715151,0.1323076923076923,0.5557774506669823,0.567593692995625,0.9791818646428585,18.0,7.0,bxpc3+INS_CHUK,bxpc3+INS,CHUK,True,False,8
bxpc3+INS_ELK1,0.017482745,0.0036585801,4.77856,0.9971372,0.22698997,0.8517474033790038,0.14580261400546576,0.9977356931572255,0.9991291134898067,0.9986053650986967,2506,1985,0.002812958089634776,0.2537345290184021,0.01108622457832098,0.9919168949127197,0.9913564920425415,0.5952380952380953,0.8571428571428572,0.9948491472525685,0.9887090899791315,1.0062101758097182,6.0,2.0,bxpc3+INS_ELK1,bxpc3+INS,ELK1,True,False,8
bxpc3+INS_MTOR,0.017207004,0.020608742,0.83493716,0.9950405,0.43094414,0.8756341470957135,0.26937076092520396,0.9959201640107618,0.9957191611475776,1.0002018670233808,2317,1928,0.14267529547214508,0.30017632246017456,0.4753049612045288,0.9356136918067932,0.8406516909599304,0.6484615384615384,0.6453846153846153,0.9432445379142476,0.9135173348854583,1.032541476656835,18.0,7.0,bxpc3+INS_MTOR,bxpc3+INS,MTOR,True,False,8
bxpc3+TGFB_CHUK,0.019873353,0.0322297,0.61661613,0.99333394,0.5586504,0.7989303595829208,0.47613004882840076,0.9947687422206688,0.9929560222669405,1.0018255792936226,2445,903,0.22609157860279083,0.5636795163154602,0.4010995030403137,0.9763966798782349,0.5820107460021973,0.8992611754167074,0.5269230769230769,0.9688728908256655,0.9577020464958613,1.0116642168309833,25.0,0.0,bxpc3+TGFB_CHUK,bxpc3+TGFB,CHUK,True,False,8
bxpc3+TGFB_HDAC4,0.039595973,0.052128844,0.75957894,0.9875456,0.3977079,0.8112197485039346,0.40992604194834453,0.9897477618585154,0.9891818053526911,1.0005721460936319,2315,992,0.4873260259628296,0.8209245204925537,0.5936307311058044,0.8979185223579407,0.6071044206619263,0.5976518329399877,0.4061538461538462,0.8419560472542942,0.8011655354061342,1.0509139622780728,24.0,1.0,bxpc3+TGFB_HDAC4,bxpc3+TGFB,HDAC4,True,False,8
bxpc3+TNFA_ARID5B,0.04476447,0.010233599,4.3742647,0.985029,0.34056842,0.8062150022746557,0.23201897752709602,0.988447099573387,0.9976552572584353,0.9907702008102955,2221,1623,0.08330491185188293,0.09227845072746277,0.902755856513977,0.6610557436943054,0.2848885953426361,0.6510108886307165,0.05153846153846154,0.8353068963432169,0.9677806498151587,0.8631159307667046,19.0,6.0,bxpc3+TNFA_ARID5B,bxpc3+TNFA,ARID5B,False,True,8
bxpc3+TNFA_BATF,0.047873408,0.004888845,9.792376,0.9846319,0.24604061,0.8167176321759477,0.13463315059857964,0.9882401920398997,0.9988597308575125,0.9893683382265336,2114,1784,0.05774596706032753,0.03133828938007355,1.8426649570465088,0.5925355553627014,0.1820961982011795,0.7585139318885449,-0.04231166150670795,0.8595844214953475,0.9660648529982817,0.889779209778245,10.0,8.0,bxpc3+TNFA_BATF,bxpc3+TNFA,BATF,False,True,8
bxpc3+TNFA_BIRC2,0.065468,0.021485096,3.0471356,0.98044074,0.11855991,0.8269296921387872,0.05405619758247363,0.98453647944399,0.9956146504599044,0.9888730333459869,1904,1910,0.1438147872686386,0.1634393334388733,0.8799276351928711,0.6295337677001953,0.467695415019989,0.5996922485207539,0.3876923076923077,0.8796418550518306,0.9686838971858661,0.9080793617064219,15.0,10.0,bxpc3+TNFA_BIRC2,bxpc3+TNFA,BIRC2,False,True,8
bxpc3+TNFA_BIRC3,0.047909427,0.0056744204,8.443052,0.98466027,0.26279375,0.8264810944892592,0.15891695007214807,0.9882398003327492,0.998683533143472,0.9895425002374376,2135,1727,0.053646020591259,0.12534727156162262,0.42797917127609253,0.7165319919586182,0.6904489994049072,0.6977443609022556,0.4646616541353384,0.8441565136443542,0.9578169318955595,0.8813338807591691,13.0,7.0,bxpc3+TNFA_BIRC3,bxpc3+TNFA,BIRC3,False,True,8
bxpc3+TNFA_CASP3,0.08950895,0.060327113,1.4837267,0.97468203,0.17138787,0.810752120758995,0.16345148464254236,0.9794157923103908,0.9896012612749686,0.9897075020382904,2141,1673,0.1094290167093277,0.1672840565443039,0.6541509032249451,0.26873376965522766,0.478314071893692,0.2780315529925321,0.4715384615384615,0.8105191173719869,0.845536359898161,0.9585857637980326,20.0,5.0,bxpc3+TNFA_CASP3,bxpc3+TNFA,CASP3,False,False,8
bxpc3+TNFA_CASP7,0.044190828,0.005196386,8.504147,0.9856349,0.3534661,0.8204611542980508,0.19545041285863005,0.9890304249209931,0.9987689309491581,0.9902494904212628,2163,1736,0.028294682502746582,0.05381658300757408,0.5257614254951477,0.6993923187255859,0.6737843155860901,0.21428571428571427,0.4428571428571427,0.8334367474354024,0.9708437590145036,0.858466400691928,11.0,4.0,bxpc3+TNFA_CASP7,bxpc3+TNFA,CASP7,False,True,8
bxpc3+TNFA_CASP8,0.05371006,0.030814838,1.7429934,0.98173785,0.3465607,0.7923273356264172,0.28682420843425505,0.9856078322324264,0.9935910792151693,0.9919652589986528,2385,1429,0.19249317049980164,0.30930909514427185,0.6223326921463013,0.2929432988166809,0.43277499079704285,0.005771450985117933,0.27076923076923076,0.7935779886261575,0.9419920551188009,0.8424465836137801,16.0,9.0,bxpc3+TNFA_CASP8,bxpc3+TNFA,CASP8,False,True,8
bxpc3+TNFA_CASP10,0.13428968,0.1966876,0.68275625,0.9604359,0.46382016,0.7576716036928101,0.4663742884720699,0.9673441554688769,0.9700637443020365,0.9971964844072011,2695,970,0.1758594661951065,0.4455474019050598,0.39470428228378296,-0.21017159521579742,0.6137776374816895,-0.31137618438976383,0.57,0.03823900830364535,0.044904809259662115,0.8515570811698194,22.0,3.0,bxpc3+TNFA_CASP10,bxpc3+TNFA,CASP10,False,True,8
bxpc3+TNFA_CEBPB,0.06471183,0.020080157,3.2226756,0.9811096,0.15971155,0.8263364576825851,0.09154946817626519,0.9851910234652218,0.9955280080546766,0.9896165808437134,1972,1849,0.13001112639904022,0.263923317193985,0.4926094710826874,0.8026958107948303,0.8049601912498474,0.6791073992488766,0.4738461538461538,0.8737112112812596,0.9127978004843473,0.9571793564989446,15.0,10.0,bxpc3+TNFA_CEBPB,bxpc3+TNFA,CEBPB,False,True,8
bxpc3+TNFA_CHUK,0.033482764,0.022967719,1.4578185,0.9886836,0.58470464,0.8013839791603232,0.3566739358312665,0.9912181612328584,0.994651741923965,0.9965479568914594,2377,1455,0.09359314292669296,0.8199787735939026,0.11414093524217606,0.9321292042732239,0.8609657287597656,0.883076923076923,0.9023076923076924,0.9596751260904295,0.9568435703331026,1.0029592671624905,25.0,0.0,bxpc3+TNFA_CHUK,bxpc3+TNFA,CHUK,False,False,8
bxpc3+TNFA_CREB1,0.050183326,0.004950891,10.136222,0.98355573,0.12673728,0.8253103826262884,0.11567029045518519,0.9874703608319157,0.9987989227856787,0.988657815206521,2120,1796,0.19002944231033325,0.3458355665206909,0.5494791865348816,0.9071835279464722,0.6455923914909363,0.7999999999999999,0.19999999999999998,0.9502712275597397,0.9949948885823583,0.955051366056423,3.0,1.0,bxpc3+TNFA_CREB1,bxpc3+TNFA,CREB1,False,True,8
bxpc3+TNFA_CSF1,0.049017046,0.0067726662,7.2374816,0.98392344,0.23131464,0.8095932603389896,0.16831839270416657,0.9876687957770439,0.9984665704960998,0.9891856422256673,2189,1701,0.09663555026054382,0.0804782584309578,1.2007659673690796,0.36974847316741943,0.5976718664169312,0.588825755818961,0.40307692307692305,0.5713691000529556,0.9602728658275388,0.5950070239260214,18.0,7.0,bxpc3+TNFA_CSF1,bxpc3+TNFA,CSF1,False,True,8
bxpc3+TNFA_CSF2,0.047855992,0.0024684663,19.386934,0.9845665,0.23537515,0.8235923380061564,0.16157243996961657,0.9882760846403374,0.9994061911672054,0.9888632803906596,2183,1776,0.05362425372004509,0.09732556343078613,0.5509781241416931,1.0,-1.0,0.9999999999999999,-0.9999999999999999,0.9994362496160554,0.9777876962439178,1.0221403413596821,2.0,0.0,bxpc3+TNFA_CSF2,bxpc3+TNFA,CSF2,False,True,8
bxpc3+TNFA_DNM1L,0.06263441,0.034577843,1.811403,0.9784603,0.2463484,0.7806678273454065,0.27511188197713293,0.9829758690921536,0.9930730033058807,0.9898324350978083,2389,1423,0.22597303986549377,0.3028377890586853,0.7461850643157959,0.7779730558395386,0.2134513109922409,0.3624478183858079,0.20615384615384616,0.8891126253775938,0.8918010189560619,0.9969854333855606,18.0,7.0,bxpc3+TNFA_DNM1L,bxpc3+TNFA,DNM1L,False,True,8
bxpc3+TNFA_FADD,0.06787774,0.016275013,4.170672,0.97806,-0.047002014,0.8238579110652741,0.043437795585172786,0.9829557571878415,0.9963951666428785,0.9865119684388695,2008,1839,0.25421369075775146,0.13329680263996124,1.9071252346038818,0.585253119468689,-0.07851257175207138,0.7359509494041601,-0.34153846153846157,0.6550772304732139,0.6976292370288744,0.9390048405412526,13.0,12.0,bxpc3+TNFA_FADD,bxpc3+TNFA,FADD,False,True,8
bxpc3+TNFA_FOS,0.05139315,0.011474423,4.478931,0.9831734,0.20354804,0.8204619272053373,0.1816904646998578,0.9869232873666745,0.9975926530139213,0.9893048875059247,2106,1727,0.056115031242370605,0.11607225239276886,0.48344913125038147,0.6364778280258179,0.7288229465484619,0.5762646769418587,0.3130769230769231,0.8909249716255602,0.9676128266993173,0.9207453095311359,19.0,6.0,bxpc3+TNFA_FOS,bxpc3+TNFA,FOS,False,True,8
bxpc3+TNFA_ID2,0.045039013,0.002966414,15.182983,0.98559964,0.3731439,0.831212776776632,0.2545366752937806,0.9890575118616679,0.9992743858721851,0.9897757070981062,2289,1661,0.2142624408006668,0.31599700450897217,0.6780521273612976,,,,,,,,1.0,0.0,bxpc3+TNFA_ID2,bxpc3+TNFA,ID2,False,True,8
bxpc3+TNFA_IKBKB,0.07360693,0.0918786,0.8011325,0.9776412,0.47485223,0.7908728463837966,0.37430178599834485,0.981760176958569,0.9838689285540616,0.9978566742639269,2533,1264,0.21154092252254486,0.5261116623878479,0.40208369493484497,0.05020880699157715,0.5076925158500671,0.06244828256093693,0.33153846153846156,0.5618744705657454,0.7997565665728045,0.7025568704906608,24.0,1.0,bxpc3+TNFA_IKBKB,bxpc3+TNFA,IKBKB,False,True,8
bxpc3+TNFA_IKBKE,0.055738557,0.0057006553,9.77757,0.981902,0.0015066843,0.8265568870680869,0.0368367650145164,0.9861517038365646,0.9986556307289565,0.9874792405833983,1970,1910,0.11588720232248306,0.10166038572788239,1.1399445533752441,0.620529294013977,0.11041413992643356,0.5262550587826854,0.1323076923076923,0.7765520040807716,0.8378743429617146,0.9268120101825996,19.0,6.0,bxpc3+TNFA_IKBKE,bxpc3+TNFA,IKBKE,False,True,8
bxpc3+TNFA_IKBKG,0.05215282,0.010759724,4.8470407,0.98292714,0.19451988,0.8203835403474267,0.15687789451589482,0.9867883694938163,0.9977391818886705,0.9890243737104473,2110,1734,0.04965038225054741,0.08046292513608932,0.6170591115951538,0.06522813439369202,0.9082724452018738,0.41801398067621226,0.11230769230769232,0.5841712029260373,0.966725040278942,0.6042785472459455,18.0,7.0,bxpc3+TNFA_IKBKG,bxpc3+TNFA,IKBKG,False,True,8
bxpc3+TNFA_IRF1,0.05528794,0.0023828922,23.20203,0.9829972,0.06287536,0.844310666198645,0.06539019928924002,0.9871189844291928,0.9994148729334824,0.9876969126262862,2065,1905,,,,,,,,,,,,,bxpc3+TNFA_IRF1,bxpc3+TNFA,IRF1,False,True,8
bxpc3+TNFA_ITCH,0.080076456,0.04737595,1.6902343,0.9743538,0.13529925,0.8028131608047147,0.1965988666275508,0.9794094874465481,0.99087446919529,0.9884294306643576,2272,1528,0.361496239900589,0.33866727352142334,1.0674082040786743,0.9519179463386536,0.2721864581108093,0.20493090582765408,0.10153846153846155,0.9008830182653242,0.9340272686319953,0.9645146865838135,14.0,11.0,bxpc3+TNFA_ITCH,bxpc3+TNFA,ITCH,False,True,8
bxpc3+TNFA_JUN,0.073114954,0.012884885,5.6744747,0.9774232,-0.11496501,0.8371586235568546,-0.027681180864108878,0.9827585986436159,0.996828065581443,0.9858857636300394,1900,1991,0.5573779940605164,0.44264206290245056,1.259207010269165,0.6346321105957031,0.014138048514723778,0.48538461538461536,0.006153846153846154,0.7449438640965274,0.803779309620911,0.9268014928723004,13.0,12.0,bxpc3+TNFA_JUN,bxpc3+TNFA,JUN,False,True,8
bxpc3+TNFA_JUNB,0.05918456,0.0061450014,9.631333,0.98215735,0.05544938,0.8413299113747882,0.039671684366304895,0.9863252103235474,0.9985456516929677,0.9877617599669065,1918,1942,0.03775712102651596,0.03694663196802139,1.0219367742538452,0.5978886485099792,0.3355768322944641,0.21153846153846154,0.24384615384615385,0.8340503258805989,0.964692888294987,0.864576007556884,14.0,11.0,bxpc3+TNFA_JUNB,bxpc3+TNFA,JUNB,False,False,8
bxpc3+TNFA_KLF6,0.05000871,0.002717062,18.405437,0.9837115,0.12718952,0.8207926965532545,0.13921066796065182,0.9876093674062817,0.9993449179505183,0.9882567566678538,2138,1787,0.18292169272899628,0.22172324359416962,0.8250000476837158,1.0,-1.0,0.9999999999999999,-0.9999999999999999,0.9942397709808343,0.9996623545809139,0.9945755848710008,2.0,0.0,bxpc3+TNFA_KLF6,bxpc3+TNFA,KLF6,False,True,8
bxpc3+TNFA_MAP2K3,0.04000841,0.0084671145,4.725153,0.98732764,0.47303164,0.835012614771244,0.26244512199336106,0.9903565904963898,0.9979125963658066,0.9924281887041668,2268,1652,0.09275365620851517,0.12904790043830872,0.7187536954879761,0.7782537341117859,0.5025730133056641,0.6285714285714287,0.44675324675324674,0.8137241035226307,0.7803053096146222,1.042827843789136,15.0,6.0,bxpc3+TNFA_MAP2K3,bxpc3+TNFA,MAP2K3,False,True,8
bxpc3+TNFA_MAP3K7,0.047349587,0.00518495,9.13212,0.98500603,0.310233,0.8349630169490062,0.21644461361291875,0.988502990322255,0.9988030137403535,0.9896876328200827,2175,1710,0.06582341343164444,0.04472501575946808,1.471735954284668,0.5449512600898743,-0.19156840443611145,0.6435853167715151,0.03615384615384615,0.8264908110474599,0.9672861164241747,0.8544429585144865,16.0,9.0,bxpc3+TNFA_MAP3K7,bxpc3+TNFA,MAP3K7,False,True,8
bxpc3+TNFA_MAP3K14,0.04798439,0.0029150068,16.461159,0.98425376,0.1975257,0.8157283019707724,0.1692796142768087,0.9880155743073598,0.999289507229769,0.98871805133463,2242,1718,0.26165077090263367,0.3205103874206543,0.8163565993309021,0.2961961030960083,0.4040675163269043,0.5,0.5,0.7498901298488303,0.8466418265751491,0.885722989711363,1.0,2.0,bxpc3+TNFA_MAP3K14,bxpc3+TNFA,MAP3K14,False,False,8
bxpc3+TNFA_MAPK8,0.05373468,0.00611247,8.790993,0.9825285,0.15075576,0.8256554178358552,0.12931133817037962,0.9866099596359179,0.9986234883157303,0.9879699117631667,2138,1733,0.05353960394859314,0.07214171439409256,0.7421448826789856,0.5670382380485535,0.29625383019447327,0.5481823528986307,0.25230769230769234,0.7940357360429211,0.9713454928525497,0.817459639114685,19.0,6.0,bxpc3+TNFA_MAPK8,bxpc3+TNFA,MAPK8,False,False,8
bxpc3+TNFA_MAPK9,0.0659531,0.00504315,13.077759,0.9787322,-0.32882592,0.8292716865609553,-0.09837367800948206,0.9838336269081359,0.9987658764670181,0.9850492994297094,1954,2037,0.6128318309783936,0.6964379549026489,0.8799517750740051,0.8579640984535217,0.21494317054748535,1.0,-0.39999999999999997,0.8732593950785282,0.946079337975767,0.9230297714216606,2.0,2.0,bxpc3+TNFA_MAPK9,bxpc3+TNFA,MAPK9,False,True,8
bxpc3+TNFA_MAPK14,0.035968024,0.010713305,3.3573227,0.98852926,0.5506562,0.8339585603316552,0.31438983245242547,0.9912545478927776,0.9973714019337604,0.9938670248323512,2327,1575,0.13778294622898102,0.21793146431446075,0.6322306394577026,0.7231571078300476,0.6642511487007141,0.7115384615384615,0.6492307692307692,0.8121985212837722,0.7706649778330698,1.0538931243086784,19.0,6.0,bxpc3+TNFA_MAPK14,bxpc3+TNFA,MAPK14,False,True,8
bxpc3+TNFA_MMP9,0.04804586,0.0026309635,18.261698,0.98462164,0.23860285,0.8278077030779609,0.17022737296338775,0.9883437273382671,0.9993530052397857,0.9889835945418737,2217,1764,0.16537611186504364,0.2064387947320938,0.8010903000831604,,,,,,,,1.0,0.0,bxpc3+TNFA_MMP9,bxpc3+TNFA,MMP9,False,True,8
bxpc3+TNFA_MTF1,0.053275347,0.0049370085,10.791018,0.98279274,0.04628469,0.8333206971311182,0.08217839751075204,0.986878742322744,0.9988241335005827,0.98804054610097,2061,1827,0.043819546699523926,0.03227989003062248,1.357487440109253,0.6179145574569702,0.2848924696445465,0.4769230769230769,0.3274725274725274,0.8428559039921721,0.9506465485616554,0.886613332018538,7.0,7.0,bxpc3+TNFA_MTF1,bxpc3+TNFA,MTF1,False,True,8
bxpc3+TNFA_MTOR,0.06005543,0.008414605,7.1370473,0.98098713,-0.027018184,0.8386568440974727,0.0011359800954718984,0.9852927310394429,0.998098141023844,0.9871701895253854,1920,1943,0.07167301326990128,0.1154727041721344,0.620692253112793,0.8191064596176147,0.5383443236351013,0.5892307692307692,0.31153846153846154,0.9129356231802647,0.9857432741782036,0.9261393377919445,16.0,9.0,bxpc3+TNFA_MTOR,bxpc3+TNFA,MTOR,False,False,8
bxpc3+TNFA_MYC,0.05309875,0.0019914962,26.662743,0.9832517,0.03603611,0.8383110203172105,0.07068239034362164,0.9872963332472019,0.999516455329146,0.9877739660845104,2117,1844,,,,,,,,,,,,,bxpc3+TNFA_MYC,bxpc3+TNFA,MYC,False,True,8
bxpc3+TNFA_NFAT5,0.06280701,0.027077906,2.3194928,0.978287,0.18546441,0.7817324614830251,0.23943026576168552,0.9829805756071376,0.9944753032902984,0.9884414146383227,2353,1454,0.24033723771572113,0.29623714089393616,0.8113001585006714,0.9065456390380859,0.2143259346485138,0.6440202443511913,0.19230769230769232,0.9028756747367294,0.9085402317368192,0.9937652106068422,17.0,8.0,bxpc3+TNFA_NFAT5,bxpc3+TNFA,NFAT5,False,True,8
bxpc3+TNFA_NFKB1,0.041726097,0.009129016,4.5707116,0.98608375,0.44229507,0.8007457494614441,0.3305986799807819,0.9892877556325798,0.9979250861378887,0.9913447105145572,2395,1456,0.030996333807706833,0.1728445589542389,0.17933069169521332,0.8755543231964111,0.8328886032104492,0.8414167235342542,0.7699999999999999,0.9259069956668294,0.9781378281492967,0.9466017661526376,23.0,2.0,bxpc3+TNFA_NFKB1,bxpc3+TNFA,NFKB1,False,True,8
bxpc3+TNFA_NFKBIA,0.048301812,0.003105933,15.551466,0.9846153,0.23296028,0.8311746323299761,0.1738417528803453,0.9883175772137622,0.999238697061702,0.9890705595369218,2214,1762,0.10561583191156387,0.38027694821357727,0.2777339816093445,0.9999628067016602,0.9999725818634033,0.5,1.0,0.999647565761517,0.9979453574650508,1.001705712926798,3.0,0.0,bxpc3+TNFA_NFKBIA,bxpc3+TNFA,NFKBIA,False,True,8
bxpc3+TNFA_NFKBIE,0.04739678,0.0025457307,18.618143,0.9845829,0.22555919,0.8176299913869434,0.1782881660233007,0.9882973421109773,0.9993753367828726,0.9889150809869324,2198,1763,0.006198288407176733,0.2773905396461487,0.022344987839460373,1.0,1.0,0.9999999999999999,0.9999999999999999,0.9979512206786632,0.6837948954528493,1.4594306382146374,2.0,0.0,bxpc3+TNFA_NFKBIE,bxpc3+TNFA,NFKBIE,False,True,8
bxpc3+TNFA_NKX3-1,0.04686262,0.0027494777,17.04419,0.9850657,0.29648435,0.8221025424262588,0.19962236537764305,0.9886795028273333,0.9993230454116891,0.9893492473397618,2240,1741,0.4126209020614624,0.24435435235500336,1.6886169910430908,,,,,,,,0.0,1.0,bxpc3+TNFA_NKX3-1,bxpc3+TNFA,NKX3-1,False,True,8
bxpc3+TNFA_PDCD5,0.055557042,0.014257288,3.8967469,0.9813887,0.1873849,0.788106862199255,0.200101569732538,0.985591270819111,0.9969507421373913,0.9886057847813761,2287,1572,0.08222447335720062,0.1202382817864418,0.6838460564613342,0.5339304208755493,0.28850385546684265,0.6216580226555698,0.41000000000000003,0.8102682501480524,0.9707079359030399,0.8347188893580724,19.0,6.0,bxpc3+TNFA_PDCD5,bxpc3+TNFA,PDCD5,False,True,8
bxpc3+TNFA_PIK3CA,0.06629099,0.010741623,6.171413,0.97759867,-0.14475152,0.8068869420038193,0.07035910848479172,0.9827564009335755,0.9975614873584625,0.9851587229333695,2152,1711,0.12020578235387802,0.11107759177684784,1.0821784734725952,0.7980483174324036,0.06746546924114227,0.6130769230769231,-0.046153846153846156,0.8954971374058349,0.9699913479158135,0.9232011598144234,16.0,9.0,bxpc3+TNFA_PIK3CA,bxpc3+TNFA,PIK3CA,False,True,8
bxpc3+TNFA_PTGS2,0.050293047,0.0069120973,7.2760906,0.9842327,0.22579107,0.8263147863414578,0.13982439766343766,0.9879135442838226,0.9983941796075846,0.9895025075888549,2068,1814,0.21764928102493286,0.26666030287742615,0.816204309463501,0.8875488042831421,0.4284142255783081,0.571304347826087,0.002608695652173913,0.903780016795533,0.8847279763406616,1.021534348369623,17.0,7.0,bxpc3+TNFA_PTGS2,bxpc3+TNFA,PTGS2,False,True,8
bxpc3+TNFA_RELB,0.048643794,0.0033971719,14.318909,0.9841433,0.19478652,0.8271078778491469,0.16778543942927526,0.9879289252307104,0.999188010113819,0.9887317654243809,2214,1712,0.16253134608268738,0.3518821597099304,0.46189141273498535,1.0,1.0,0.9999999999999999,0.9999999999999999,0.8346899490975417,0.9984899986838416,0.8359522380772839,2.0,0.0,bxpc3+TNFA_RELB,bxpc3+TNFA,RELB,False,True,8
bxpc3+TNFA_REPIN1,0.050024197,0.0019159252,26.109682,0.984136,0.17809176,0.8242650593860983,0.13822800868053411,0.9879825266494209,0.9995289356422873,0.988448149342023,2213,1823,,,,,,,,,,,,,bxpc3+TNFA_REPIN1,bxpc3+TNFA,REPIN1,False,True,8
bxpc3+TNFA_SOX4,0.054784715,0.01595413,3.4338894,0.9830459,0.2238745,0.8212000444461058,0.14632308922272536,0.9867584376053589,0.9965624999350771,0.9901621199569952,2124,1697,0.11539780348539352,0.10343340784311295,1.1156724691390991,0.5293741822242737,0.06002679467201233,0.555299682025604,0.03538461538461538,0.8067718756412221,0.9326975569374008,0.8649876582611974,16.0,9.0,bxpc3+TNFA_SOX4,bxpc3+TNFA,SOX4,False,True,8
bxpc3+TNFA_SOX9,0.06041993,0.03937696,1.5343981,0.9812664,0.32637763,0.8032715306004715,0.24610647775547484,0.985056636980636,0.9920816250265382,0.9929189414775076,2280,1523,0.15393729507923126,0.25710150599479675,0.5987412929534912,0.770314633846283,0.588294267654419,0.47970764495760865,0.4076923076923077,0.7791062955630834,0.8773344445117388,0.8880379659511464,20.0,5.0,bxpc3+TNFA_SOX9,bxpc3+TNFA,SOX9,False,True,8
bxpc3+TNFA_TNFRSF1A,0.11646948,0.1511702,0.7704527,0.97355926,0.47579712,0.7960667579319033,0.31935946081452043,0.9778144033138346,0.975587228079633,1.0022829073301682,2334,1427,0.2501915693283081,0.524260938167572,0.47722718119621277,0.2812935709953308,0.6334414482116699,0.263022278526265,0.33,0.6634438395719493,0.7909234634413246,0.8388217953293372,21.0,4.0,bxpc3+TNFA_TNFRSF1A,bxpc3+TNFA,TNFRSF1A,False,True,8
bxpc3+TNFA_TNFRSF1B,0.048065204,0.00240061,20.02208,0.98416007,0.17780904,0.8271809197870383,0.1283471294076866,0.9879703287993971,0.9994209140538561,0.9885427800304747,2190,1792,0.09666186571121216,0.05970701575279236,1.6189364194869995,1.0,-1.0,0.9999999999999999,-0.9999999999999999,0.9639908160252696,0.99988379881162,0.9641028459216862,1.0,1.0,bxpc3+TNFA_TNFRSF1B,bxpc3+TNFA,TNFRSF1B,False,True,8
bxpc3+TNFA_TRAF1,0.047238123,0.0064717773,7.2990956,0.9844581,0.26005408,0.8142929248154992,0.20701567848111985,0.9880766675203791,0.9984826949261268,0.9895781594827564,2214,1656,0.03678622841835022,0.08349230140447617,0.44059425592422485,0.8099247217178345,0.6170912384986877,0.46201193391667045,0.4115384615384615,0.8843525286302897,0.964496806372083,0.9169056058948988,21.0,4.0,bxpc3+TNFA_TRAF1,bxpc3+TNFA,TRAF1,False,True,8
bxpc3+TNFA_TRAF2,0.055655323,0.008554349,6.5060854,0.98259914,0.10796623,0.8239056741052899,0.09824814141518211,0.9865581134198125,0.9980905339029305,0.9884455166226037,2045,1813,0.09748023748397827,0.08805792778730392,1.1070013046264648,0.6046813130378723,0.47788020968437195,0.7569230769230769,0.27307692307692305,0.857526919684186,0.9729861083046065,0.8813352136942593,17.0,8.0,bxpc3+TNFA_TRAF2,bxpc3+TNFA,TRAF2,False,True,8
bxpc3+TNFA_TRAF3,0.055396434,0.0037421745,14.803274,0.98238146,-0.027449809,0.8296585735435114,0.00029526372894688455,0.9865699948686087,0.9991055550150262,0.9874532174468503,1971,1958,0.05837623402476311,0.2516207993030548,0.23200082778930664,0.9948838353157043,0.9125573635101318,0.9999999999999999,0.8999999999999998,0.9941112007681582,0.9829095242982464,1.0113964471734154,4.0,1.0,bxpc3+TNFA_TRAF3,bxpc3+TNFA,TRAF3,False,True,8
bxpc3+TNFA_ZFP36L1,0.056174498,0.0070054163,8.0187235,0.98159564,0.15462276,0.7784516325704698,0.1960755430085222,0.9857431877618787,0.9984414578731514,0.9872819082068947,2315,1589,0.018016023561358452,0.06783020496368408,0.26560473442077637,0.8841758370399475,0.6683235764503479,0.4200807925370559,0.6830769230769231,0.9254695055196445,0.9618681492472149,0.9621583854751226,21.0,4.0,bxpc3+TNFA_ZFP36L1,bxpc3+TNFA,ZFP36L1,False,False,8
bxpc3+TNFA_ZNF22,0.05763418,0.0038156284,15.104768,0.9816614,-0.09530187,0.8265097294633975,-0.02380050355066359,0.9860400550893244,0.9991012282217402,0.9869270772935963,1942,1966,0.022832771763205528,0.047950368374586105,0.47617509961128235,0.310515433549881,0.528136670589447,0.3142857142857143,0.028571428571428574,0.8577946060907681,0.8592579408971905,0.9982969784313026,5.0,1.0,bxpc3+TNFA_ZNF22,bxpc3+TNFA,ZNF22,False,True,8
bxpc3+TNFA_ZNF267,0.04605944,0.014491296,3.178421,0.98438233,0.35930693,0.7968819798434873,0.28182709293887814,0.9879143358552752,0.9967880601335952,0.9910976820116297,2333,1513,0.12940041720867157,0.17367859184741974,0.7450568079948425,0.6484111547470093,0.3583839237689972,0.7174456758989095,0.2846153846153846,0.7286852989537758,0.6533230095514727,1.1153522657254054,20.0,5.0,bxpc3+TNFA_ZNF267,bxpc3+TNFA,ZNF267,False,True,8
hap1+IFNB_ELK1,0.006873174,0.0058952486,1.1658837,0.9979675,0.38651025,0.8486176902484784,0.4286281115041324,0.9984250017017597,0.9986095646145262,0.9998151801071146,2645,1208,0.017771100625395775,0.05903825908899307,0.3010098934173584,0.9668938517570496,0.5961287021636963,0.8529640710667463,0.606923076923077,0.9815249173441033,0.9661322847306083,1.0159322205217343,25.0,0.0,hap1+IFNB_ELK1,hap1+IFNB,ELK1,True,False,8
hap1+IFNB_MAP3K14,0.0038502067,0.0029297213,1.3141887,0.99874604,0.36636978,0.8710129462545058,0.3785875531143571,0.9990281793666893,0.9993029794098834,0.9997250082819162,2511,1388,0.022718217223882675,0.04898139461874962,0.4638131856918335,,,,,,,,1.0,0.0,hap1+IFNB_MAP3K14,hap1+IFNB,MAP3K14,True,False,8
hap1+IFNB_MAPK8,0.0051554977,0.0024386852,2.114048,0.9985558,0.3575811,0.8498065465949488,0.35943568458785274,0.9988759818059506,0.9994086244029404,0.9994670422247877,2546,1405,,,,,,,,,,,,,hap1+IFNB_MAPK8,hap1+IFNB,MAPK8,True,False,8
hap1+INS_CHUK,0.0150019955,0.0020333943,7.3778095,0.9959836,0.18939152,0.8179453334066639,0.24974032321366516,0.9968439140775852,0.9994962468513167,0.997346330431868,2443,1580,0.09304983913898468,0.08017664402723312,1.1605603694915771,0.9498804807662964,-0.4606943726539612,0.8571428571428573,0.28571428571428575,0.8391219584764797,0.7647714266910939,1.0972192856460072,6.0,1.0,hap1+INS_CHUK,hap1+INS,CHUK,False,False,8
hap1+INS_COPS4,0.03114959,0.05493769,0.56699854,0.98960495,0.55813235,0.795808083729566,0.5721152677620993,0.9912369734240459,0.9895111994077649,1.0017440671892486,2825,1064,0.07203534245491028,0.1802968829870224,0.3995373845100403,-0.06306937336921692,0.21246489882469177,-0.11234619342658686,0.29384615384615387,0.7459379897672542,0.7808183303529106,0.9553284813768508,25.0,0.0,hap1+INS_COPS4,hap1+INS,COPS4,False,True,8
hap1+INS_DR1,0.027782053,0.040073384,0.69327945,0.99010706,0.45658833,0.8025443574645298,0.5057814361229586,0.9918196298855012,0.9916253818282149,1.0001958885490891,2757,1139,0.08419162034988403,0.16050706803798676,0.5245352983474731,0.3832526206970215,0.32880544662475586,0.3570265903330287,0.2646153846153846,0.8215797025034902,0.8571958013494225,0.9584504511222939,23.0,2.0,hap1+INS_DR1,hap1+INS,DR1,False,True,8
hap1+INS_EIF2B1,0.013953814,0.010045725,1.3890301,0.9956194,0.35351402,0.8351434268630361,0.31423421799334506,0.9964363575590547,0.9976691344642048,0.998764342944405,2367,1556,0.035556960850954056,0.08514369279146194,0.4176112115383148,0.8781736493110657,0.6984643936157227,0.646651461819555,0.2923076923076923,0.8941043503064472,0.9227873101865285,0.9689170412689319,22.0,3.0,hap1+INS_EIF2B1,hap1+INS,EIF2B1,False,True,8
hap1+INS_ELK1,0.0153587,0.0030284915,5.071403,0.99587154,0.16306043,0.8088229802647656,0.2189707758715695,0.9967604616130348,0.999231134997938,0.9975274255391288,2346,1657,0.008848187513649464,0.013468737713992596,0.65694260597229,0.16766898334026337,0.3485979437828064,0.26076923076923075,0.21384615384615382,0.6696159082305787,0.95438321955565,0.7016216279895872,23.0,2.0,hap1+INS_ELK1,hap1+INS,ELK1,False,False,8
hap1+INS_FOS,0.010521564,0.0016967171,6.2011304,0.9966846,0.20674884,0.8485578537774285,0.20937599995995357,0.9974322286354776,0.9995781491461322,0.9978531738489005,2356,1675,0.1018991470336914,0.06863296777009964,1.4846967458724976,0.9999343156814575,-0.9899891018867493,1.0,-1.0,0.9973379018187566,0.9955263112060467,1.0018197315252424,2.0,1.0,hap1+INS_FOS,hap1+INS,FOS,False,True,8
hap1+INS_FOXM1,0.013789521,0.009619333,1.4335215,0.99564654,0.36645973,0.8227460485985215,0.3531751032879097,0.9965703311399496,0.9977161915647775,0.9988515166592308,2467,1467,0.021125316619873047,0.06295304745435715,0.33557257056236267,0.797720193862915,0.7555400133132935,0.7069230769230769,0.6476923076923076,0.9389590374867987,0.963461625931409,0.9745681739831382,23.0,2.0,hap1+INS_FOXM1,hap1+INS,FOXM1,False,True,8
hap1+INS_FOXO1,0.013536143,0.0016853908,8.031457,0.9961647,0.10855374,0.8381924070217173,0.15403380277251136,0.9970311373514812,0.9995831483948235,0.997446924703122,2317,1789,0.00022744272428099066,0.021654555574059486,0.010503227822482586,,,,,,,,1.0,0.0,hap1+INS_FOXO1,hap1+INS,FOXO1,False,True,8
hap1+INS_FOXO3,0.013415242,0.0023767687,5.644319,0.9963007,0.18130532,0.8345190789398813,0.20634764071491188,0.9971268587841906,0.9994025840567659,0.9977229143601594,2298,1726,0.5441727638244629,0.6519811749458313,0.8346449136734009,1.0,1.0,0.9999999999999999,0.9999999999999999,0.9995824625189202,0.9995304830307999,1.0000520039048362,2.0,0.0,hap1+INS_FOXO3,hap1+INS,FOXO3,False,True,8
hap1+INS_FOXO4,0.02675177,0.04513863,0.592658,0.99010205,0.5576175,0.7552742842117076,0.5823586220975372,0.9919854542356475,0.9906590278576771,1.001338933316783,2946,958,0.06473653763532639,0.14579759538173676,0.4440164864063263,0.1783590018749237,-0.10765185952186584,0.1634643904478512,-0.2407692307692308,0.7134059220839809,0.7731539886210639,0.9227216474125097,24.0,1.0,hap1+INS_FOXO4,hap1+INS,FOXO4,False,True,8
hap1+INS_GRB2,0.011336879,0.0016474344,6.8815355,0.9965814,0.20458248,0.8410885082110651,0.1959486594827943,0.9973569517955844,0.9995847298132455,0.997771296468207,2324,1737,,,,,,,,,,,,,hap1+INS_GRB2,hap1+INS,GRB2,False,True,8
hap1+INS_GRB10,0.012682986,0.0019351471,6.5540166,0.9964881,0.16119108,0.8391988516115518,0.17805885402183824,0.9972833070499653,0.9995056414626607,0.9977765664139291,2348,1786,,,,,,,,,,,,,hap1+INS_GRB10,hap1+INS,GRB10,False,True,8
hap1+INS_HSF1,0.013424152,0.0033656182,3.9886138,0.99623877,0.31800777,0.809336719902786,0.2997113249820554,0.9970534218580774,0.999178369998418,0.9978733045028347,2481,1500,0.016881855204701424,0.03136880323290825,0.5381733775138855,0.982617974281311,0.08589273691177368,0.5823076923076923,0.5246153846153846,0.9875941062811564,0.9626877129440552,1.0258717266276656,25.0,0.0,hap1+INS_HSF1,hap1+INS,HSF1,False,False,8
hap1+INS_IGF2,0.011497502,0.0014113183,8.14664,0.996591,0.15131687,0.8456767932770637,0.1716369156219146,0.9973703641524071,0.9996397654594074,0.9977297808816586,2363,1829,0.0018719311337918043,0.13609760999679565,0.013754327781498432,,,,,,,,1.0,0.0,hap1+INS_IGF2,hap1+INS,IGF2,False,True,8
hap1+INS_IKBKB,0.020064322,0.007597308,2.6409779,0.9946478,0.3412497,0.7728554955094129,0.3601367020474806,0.9957408514930355,0.998224430038877,0.9975120038429186,2584,1348,0.02264382876455784,0.05752537399530411,0.39363202452659607,0.8808760046958923,0.1261686086654663,0.3861032639995152,0.16538461538461538,0.9187615188339253,0.9346793446728714,0.982969746865951,24.0,1.0,hap1+INS_IKBKB,hap1+INS,IKBKB,False,True,8
hap1+INS_INSR,0.01261351,0.0013737115,9.182066,0.9964466,0.14571968,0.8338393033825209,0.15304098409980046,0.9972493008174954,0.9996551146473092,0.9975933561539746,2280,1797,,,,,,,,,,,,,hap1+INS_INSR,hap1+INS,INSR,False,True,8
hap1+INS_IRS1,0.014253753,0.0045408416,3.1390114,0.9958867,0.13579905,0.8411405327390272,0.17788854780531957,0.9968188790440314,0.99884163199284,0.9979749012415783,2288,1760,0.07386872917413712,0.0819280594587326,0.9016292095184326,0.940453052520752,0.31563571095466614,0.8725274725274725,0.0857142857142857,0.9010929613206183,0.8751487615873463,1.029645473857741,10.0,4.0,hap1+INS_IRS1,hap1+INS,IRS1,False,True,8
hap1+INS_IRS2,0.011866077,0.0011960749,9.920848,0.99663025,0.19930308,0.8414094616105581,0.16999441220541223,0.9973980727546936,0.999697177875452,0.9977001984484497,2332,1813,,,,,,,,,,,,,hap1+INS_IRS2,hap1+INS,IRS2,False,True,8
hap1+INS_IRS4,0.015113541,0.0018647324,8.1049385,0.9960632,0.12784898,0.8259083456683606,0.1588483011480334,0.9969264920765634,0.9995345621085435,0.9973907155081477,2313,1735,0.005635557696223259,0.010892659425735474,0.5173720717430115,1.0,-1.0,0.9999999999999999,-0.9999999999999999,0.9984242133919606,0.9991901599632615,0.9992334326317535,2.0,0.0,hap1+INS_IRS4,hap1+INS,IRS4,False,True,8
hap1+INS_MAPK1,0.0125993425,0.0028850115,4.3671722,0.99596983,0.10284552,0.83315160242425,0.14535144120212687,0.9968730943364029,0.9992889648959655,0.9975824104493998,2233,1790,0.23101595044136047,0.24995580315589905,0.9242271780967712,0.9985411167144775,0.10363658517599106,0.5393939393939393,0.6727272727272726,0.9972340860401447,0.9961047611501029,1.0011337410823515,8.0,2.0,hap1+INS_MAPK1,hap1+INS,MAPK1,False,True,8
hap1+INS_MAPK3,0.009988809,0.0016074488,6.214076,0.99686164,0.25086528,0.8514204395014482,0.21434620036080762,0.9975739513265465,0.9995947952953139,0.9979783368438103,2285,1752,,,,,,,,,,,,,hap1+INS_MAPK3,hap1+INS,MAPK3,False,True,8
hap1+INS_MTOR,0.034324292,0.03296989,1.04108,0.99004203,0.23660474,0.8385553865493877,0.2432555288121005,0.9912456757678775,0.9934008120987482,0.9978305470414126,2092,1799,0.11533605307340622,0.1365668624639511,0.8445391058921814,0.40770065784454346,0.13759039342403412,0.5011740685808482,0.17384615384615384,0.8290869606412686,0.8816406466200174,0.9403910355310567,22.0,3.0,hap1+INS_MTOR,hap1+INS,MTOR,False,False,8
hap1+INS_PIK3CA,0.013640863,0.005199541,2.6234746,0.9964079,0.38125592,0.824267074719314,0.36779567006919056,0.9971892446529765,0.9987748108868529,0.9984124887646411,2540,1404,0.019892681390047073,0.03690715879201889,0.5389924645423889,0.2762073576450348,-0.02262737601995468,0.3039046026595917,0.19615384615384615,0.8120047747319793,0.9348969858829108,0.86854999747927,22.0,3.0,hap1+INS_PIK3CA,hap1+INS,PIK3CA,False,True,8
hap1+INS_POLR2G,0.059050824,0.19966944,0.29574293,0.972186,0.7826856,0.6925458959105323,0.7341359278587583,0.9768217982326122,0.9668236357983493,1.0103412474251388,3086,676,0.17158633470535278,0.5114267468452454,0.3355052173137665,-0.12764675915241241,0.3707094192504883,-0.22226495315660857,0.4723076923076923,0.06412331335100974,0.055850801000854045,1.1481180610109638,24.0,1.0,hap1+INS_POLR2G,hap1+INS,POLR2G,False,True,8
hap1+INS_POLR2L,0.03466245,0.078682706,0.44053456,0.9862978,0.6547742,0.7505820251124937,0.6214030831795863,0.9886442227052825,0.9858748755679079,1.0028090249645316,2902,926,0.07472739368677139,0.1975966840982437,0.37818142771720886,0.30351361632347107,0.17984333634376526,0.3955992829709547,0.22615384615384618,0.6066557817506488,0.637855157098264,0.9510870532276517,24.0,1.0,hap1+INS_POLR2L,hap1+INS,POLR2L,False,True,8
hap1+INS_PTEN,0.015609076,0.0019186242,8.135557,0.9959108,0.07418644,0.8275015295983111,0.11108688191507769,0.9968220273049404,0.9995148263076236,0.9973058938879068,2266,1900,2.0415337085723877,2.629000186920166,0.7765437960624695,,,,,,,,1.0,0.0,hap1+INS_PTEN,hap1+INS,PTEN,False,True,8
hap1+INS_RAD51,0.031781763,0.054184027,0.58655226,0.9899123,0.67124015,0.7083655301708763,0.67679083570536,0.9918051958322679,0.9893212550016834,1.0025107525164616,3102,791,0.053109560161828995,0.1906704157590866,0.2785411775112152,-0.007007250562310219,0.30824339389801025,0.21395075155060525,0.5915384615384616,0.4728764118003538,0.788083777532631,0.6000331757631873,25.0,0.0,hap1+INS_RAD51,hap1+INS,RAD51,False,True,8
hap1+INS_RPS6KB1,0.011954708,0.006057129,1.9736592,0.9961071,0.2829242,0.8449581787593117,0.27754406976319373,0.9968910114635321,0.9985939441134366,0.9982946695601921,2312,1632,0.024237191304564476,0.047016702592372894,0.5155017375946045,0.7964295148849487,0.39779454469680786,0.41084824764613154,0.036923076923076927,0.8895078303681611,0.9623155338817647,0.9243411324558861,22.0,3.0,hap1+INS_RPS6KB1,hap1+INS,RPS6KB1,False,True,8
hap1+INS_SGK1,0.013511736,0.0020412307,6.6194067,0.9961288,0.11584283,0.8374113655525177,0.12772989776379662,0.9970008833389126,0.9994933795237351,0.9975062404255142,2281,1797,,,,,,,,,,,,,hap1+INS_SGK1,hap1+INS,SGK1,False,True,8
hap1+INS_SHC1,0.01649292,0.0032769875,5.032952,0.9960148,0.25358373,0.8167998964212881,0.23725573990633633,0.9968895703339307,0.9992071406823165,0.9976805906863283,2363,1609,0.011638056486845016,0.019824068993330002,0.5870670080184937,0.7461212873458862,0.24064497649669647,0.49134286053304005,0.4707692307692308,0.8851059670929239,0.9675801206862057,0.9147624555010583,24.0,1.0,hap1+INS_SHC1,hap1+INS,SHC1,False,True,8
hap1+INS_SMARCE1,0.05815696,0.057674974,1.0083569,0.9848883,0.62409234,0.6499700611953838,0.61922304543701,0.9872159356266125,0.9882113659599887,0.9989926949156174,3040,847,0.1250443309545517,0.30245307087898254,0.41343382000923157,0.8973438739776611,0.3238911032676697,0.49264060061973364,0.16999999999999998,0.9004535106277956,0.854826353124341,1.053375936921797,24.0,1.0,hap1+INS_SMARCE1,hap1+INS,SMARCE1,False,True,8
hap1+INS_SP1,0.014931327,0.004434052,3.3674226,0.9954928,0.11750357,0.8351846281714956,0.18915895749147654,0.996489787849002,0.9989241049776456,0.9975630609807958,2288,1695,0.01358095370233059,0.022964952513575554,0.5913773775100708,0.5543564558029175,0.2835569381713867,0.45662628273029787,0.11307692307692309,0.880388982774256,0.925158536611529,0.9516087761550088,19.0,6.0,hap1+INS_SP1,hap1+INS,SP1,False,True,8
hap1+INS_SREBF1,0.012309237,0.0012541199,9.815041,0.99655014,0.16107494,0.837883809164878,0.1647055663549029,0.9973306387717943,0.9996817620983786,0.9976481282186752,2304,1803,0.021043043583631516,0.015932433307170868,1.3207677602767944,,,,,,,,0.0,1.0,hap1+INS_SREBF1,hap1+INS,SREBF1,False,True,8
hap1+INS_SREBF2,0.014219616,0.0026148346,5.4380555,0.9961559,0.10631779,0.8392481557455441,0.13676735988939956,0.9970284775514657,0.9993331589729816,0.9976937806968355,2216,1872,0.0002057712699752301,0.011266212910413742,0.01826445758342743,,,,,,,,1.0,0.0,hap1+INS_SREBF2,hap1+INS,SREBF2,False,True,8
hap1+INS_SRF,0.016579565,0.017460577,0.94954276,0.99443567,0.40880787,0.8186956090156159,0.4414437126670818,0.9954325654251639,0.9962323153382842,0.9991972254856553,2588,1322,0.048112787306308746,0.07560025155544281,0.6364104151725769,0.0941423550248146,-0.18662458658218384,0.23556588966283787,-0.07153846153846154,0.7287852414032732,0.8894167777099552,0.819396777380036,23.0,2.0,hap1+INS_SRF,hap1+INS,SRF,False,True,8
hap1+INS_TAF3,0.019100733,0.021461831,0.88998616,0.9935472,0.38105947,0.8228846093800032,0.3915226420377122,0.9946451023932193,0.9953111867795579,0.9993307777555543,2500,1407,0.03765353187918663,0.06903467327356339,0.5454292893409729,0.37967148423194885,0.43425026535987854,0.37258844974866767,0.45307692307692304,0.8326525330044865,0.8318364211085028,1.0009810966137984,20.0,5.0,hap1+INS_TAF3,hap1+INS,TAF3,False,True,8
hap1+INS_TAF7,0.012859992,0.001954247,6.5805354,0.99633723,0.14767568,0.8379940323028321,0.15744991010178394,0.9971623720092989,0.9995110984970847,0.9976501246546261,2270,1778,0.014353249222040176,0.017840592190623283,0.8045276403427124,0.9882639646530151,-0.0960480272769928,1.0,0.5,0.9842608761395992,0.8988029389912517,1.0950797259789327,2.0,1.0,hap1+INS_TAF7,hap1+INS,TAF7,False,True,8
hap1+INS_TAF8,0.021350391,0.019204218,1.1117553,0.99351895,0.45137286,0.7792109819788421,0.46914110372325923,0.9948527704122568,0.9957747290339339,0.9990741293238365,2757,1146,0.053847040981054306,0.08344551175832748,0.6452958583831787,0.4143948256969452,-0.11309971660375595,0.4839035826399556,0.002307692307692308,0.8056526604711989,0.91719559893315,0.8783869671946813,21.0,4.0,hap1+INS_TAF8,hap1+INS,TAF8,False,True,8
hap1+INS_TSC1,0.026081445,0.0066324347,3.9324088,0.99375415,0.09681616,0.798603123952087,0.15238456190977268,0.9950238918073745,0.9983177464768038,0.9967005948947079,2249,1752,0.12720268964767456,0.09969166666269302,1.27596116065979,0.8793177604675293,-0.40468233823776245,0.772071566503545,-0.19999999999999998,0.8919765693167822,0.9126064071898965,0.9773945945255438,18.0,7.0,hap1+INS_TSC1,hap1+INS,TSC1,False,True,8
hap1+INS_TSC2,0.020629782,0.0053756647,3.8376245,0.99453986,-0.005515163,0.8292308208365177,0.07043879549843984,0.9957371562744757,0.9986285121599789,0.99710467320901,2165,1921,0.5723133087158203,0.28813260793685913,1.9862843751907349,0.9681183099746704,-0.6690777540206909,0.8166666666666667,-0.6666666666666667,0.9784118814013887,0.9813192331361352,0.9970373028097542,4.0,5.0,hap1+INS_TSC2,hap1+INS,TSC2,False,True,8
hap1+INS_TTF1,0.015540771,0.0056509096,2.7501361,0.9954847,0.25565368,0.8100422517118384,0.2750861575038438,0.9964649434659615,0.9986710947299381,0.9977909130687584,2456,1493,0.025390351191163063,0.05184537544846535,0.4897322356700897,0.9326054453849792,0.4369707405567169,0.7089825097488955,0.36,0.9621600479659194,0.9697550656088166,0.9921681072754912,22.0,3.0,hap1+INS_TTF1,hap1+INS,TTF1,False,True,8
hap1+INS_TTF2,0.048260875,0.12500964,0.38605723,0.982224,0.7343087,0.7519678900356244,0.6902487604576829,0.9851258673979242,0.9780308341283172,1.0072544065299645,3059,781,0.12267082184553146,0.2932720482349396,0.4182833731174469,,0.5817281007766724,,0.4238461538461538,,,,24.0,1.0,hap1+INS_TTF2,hap1+INS,TTF2,False,True,8
hap1+INS_XBP1,0.023613991,0.018260114,1.2932006,0.99324405,0.49965736,0.7429357864757682,0.5004594357232709,0.9945744858430103,0.9959931143536789,0.9985756643392167,2826,1087,0.04848741367459297,0.13302060961723328,0.36451053619384766,0.5697636604309082,0.31728076934814453,0.4608488374593433,0.4038461538461539,0.7831696315941541,0.8941749758207247,0.8758572458095424,23.0,2.0,hap1+INS_XBP1,hap1+INS,XBP1,False,True,8
hap1+INS_ZNF593,0.012081732,0.0022760644,5.308168,0.99649376,0.18566534,0.8416635465320196,0.20307655546333558,0.9972857511862019,0.9994194152651427,0.9978650964286353,2299,1760,0.002911636605858803,0.017650917172431946,0.16495667397975922,0.6340554356575012,0.8200749754905701,0.642857142857143,0.7857142857142859,0.9130193430083111,0.9528689334522337,0.9581793580995993,7.0,0.0,hap1+INS_ZNF593,hap1+INS,ZNF593,False,True,8
hap1+TGFB_SKP1,0.10344341,0.17942886,0.5765149,0.9745271,0.72596574,0.779298008646184,0.7206674043784098,0.9777181168649206,0.9705065770561268,1.0074306964829325,2846,667,0.2709245979785919,0.5410884022712708,0.5007030367851257,0.45860862731933594,0.626933217048645,0.48139047052543277,0.5523076923076923,0.6757097231119245,0.6811018878815494,0.9920831745359034,25.0,0.0,hap1+TGFB_SKP1,hap1+TGFB,SKP1,True,False,8
hap1+TNFA_MAP3K14,0.0061719543,0.004442087,1.3894267,0.9979816,0.40501192,0.8510151190858335,0.35101644423598377,0.9984109575985638,0.9989179338715893,0.9994924745508766,2343,1353,0.02422427013516426,0.12904508411884308,0.1877194344997406,0.9563554525375366,0.9242411851882935,0.6,0.8999999999999998,0.9673215123247064,0.9743613095042807,0.9927749623154106,5.0,0.0,hap1+TNFA_MAP3K14,hap1+TNFA,MAP3K14,True,False,8
hap1+TNFA_MAPK8,0.009137292,0.0025524953,3.5797489,0.9974779,0.31231856,0.8205500434948138,0.2819730325448518,0.9980033986752245,0.999357885102513,0.9986446432779689,2321,1416,,,,,,,,,,,,,hap1+TNFA_MAPK8,hap1+TNFA,MAPK8,True,False,8
hap1+TNFA_ZFP36L1,0.017004676,0.0033682315,5.0485473,0.9965782,0.34117734,0.7800646996583144,0.2841057519637439,0.9971235901502795,0.9991566629383283,0.9979652111991428,2369,1403,0.04188625141978264,0.24859197437763214,0.16849398612976074,,,,,,,,1.0,0.0,hap1+TNFA_ZFP36L1,hap1+TNFA,ZFP36L1,True,False,8
ht29+IFNB_ELK1,0.0066860374,0.0030145447,2.217926,0.99812233,0.37863255,0.7917453296363215,0.32912804645170257,0.998492512111161,0.9992636238782454,0.9992283199861798,2385,1292,0.01306502241641283,0.03767969086766243,0.34673911333084106,,,,,,,,1.0,0.0,ht29+IFNB_ELK1,ht29+IFNB,ELK1,True,False,8
ht29+IFNB_MAP3K14,0.00461124,0.0028705369,1.6064032,0.9984859,0.33925807,0.8175821267694904,0.31045403280169637,0.9988148877025409,0.9993006350832183,0.9995139126668953,2308,1337,,,,,,,,,,,,,ht29+IFNB_MAP3K14,ht29+IFNB,MAP3K14,True,False,8
ht29+IFNB_MAPK8,0.0055785743,0.0031999145,1.7433511,0.99819064,0.3770027,0.8112468113066776,0.36021250660550574,0.9985741220094679,0.9992278296701647,0.9993457871755709,2422,1253,,,,,,,,,,,,,ht29+IFNB_MAPK8,ht29+IFNB,MAPK8,True,False,8
ht29+INS_HSF1,0.0060710832,0.0011532733,5.2642193,0.9979831,0.16944537,0.8303393047715011,0.1599670573509345,0.9984079194793837,0.9996999646078905,0.99870756709588,2408,1883,0.0024654767476022243,0.006671656388789415,0.3695449233055115,,,,,,,,1.0,0.0,ht29+INS_HSF1,ht29+INS,HSF1,True,False,8
ht29+TGFB_CHUK,0.007139494,0.008985933,0.79451895,0.99767375,0.4690488,0.825513428338571,0.41639751981076634,0.9981541456664264,0.9979715676047681,1.0001829491616645,2443,1136,0.04045996069908142,0.10756086558103561,0.376158744096756,0.7606515288352966,0.3080572783946991,0.6469230769230768,0.21153846153846154,0.944971152443957,0.9622893499988091,0.9820031287316299,25.0,0.0,ht29+TGFB_CHUK,ht29+TGFB,CHUK,True,False,8
ht29+TGFB_HDAC4,0.009054516,0.009226598,0.9813494,0.9973363,0.31880474,0.8476300740550856,0.30159767705664436,0.9977553152371601,0.9978841226792149,0.9998709194393143,2183,1390,0.14939452707767487,0.17222003638744354,0.8674631118774414,0.9906030297279358,-0.07416694611310959,0.5476923076923077,0.030769230769230767,0.9793321004218827,0.9725707399679514,1.0069520500422973,19.0,6.0,ht29+TGFB_HDAC4,ht29+TGFB,HDAC4,True,False,8
ht29+TGFB_SKP1,0.01983184,0.034236334,0.579263,0.99449706,0.59542435,0.8158707088180859,0.5388253514513003,0.9953052129607164,0.993155479027294,1.0021645492360651,2580,928,0.105939120054245,0.19363757967948914,0.5471000075340271,0.5446182489395142,0.0687907487154007,0.3458504971471517,0.05615384615384616,0.8770465319899133,0.897607849199052,0.9770932069862293,23.0,2.0,ht29+TGFB_SKP1,ht29+TGFB,SKP1,True,False,8
ht29+TGFB_SMAD2,0.0064783036,0.0017905142,3.6181247,0.9981619,0.24341668,0.8245903373612636,0.230683779505485,0.9984976883640284,0.9995490478206188,0.9989481662166727,2279,1509,,,,,,,,,,,,,ht29+TGFB_SMAD2,ht29+TGFB,SMAD2,True,False,8
ht29+TGFB_SMAD9,0.0054653664,0.0020014779,2.7306654,0.9983331,0.29579172,0.8299752150145558,0.2633969680722975,0.998673137119009,0.9994958985087784,0.9991768236458028,2298,1431,,,,,,,,,,,,,ht29+TGFB_SMAD9,ht29+TGFB,SMAD9,True,False,8
ht29+TNFA_CASP3,0.0038936217,0.0026468704,1.4710284,0.99874103,0.26824498,0.8430633328035313,0.27544298441210713,0.9990086968952618,0.999360467809227,0.9996480039732446,2414,1547,0.009348453022539616,0.020161375403404236,0.46368131041526794,0.8490258455276489,0.13573460280895233,0.6543496935078829,0.2369230769230769,0.9442553966243173,0.9551434461300526,0.9886006132902337,22.0,3.0,ht29+TNFA_CASP3,ht29+TNFA,CASP3,True,False,8
ht29+TNFA_CHUK,0.014330641,0.013367465,1.0720538,0.9952618,0.17101806,0.825833485206852,0.19777133131888386,0.99627894013814,0.9966499451551247,0.9996277479181249,2329,1624,0.5027093291282654,0.6308653354644775,0.7968568205833435,0.8696401119232178,0.31763720512390137,0.7953846153846152,0.33384615384615385,0.9653465099535279,0.9663187844829957,0.9989938366664496,19.0,6.0,ht29+TNFA_CHUK,ht29+TNFA,CHUK,True,False,8
ht29+TNFA_JUNB,0.003956129,0.00175439,2.2549882,0.9987578,0.1673496,0.860310903006563,0.1794851823119577,0.9989902072586139,0.9995602040019019,0.9994297524641277,2224,1762,0.009221544489264488,0.010531824082136154,0.8755885362625122,0.7411652207374573,0.1769297569990158,0.683338782386376,0.17142857142857143,0.9371107825571914,0.9758600663428677,0.9602921718777846,14.0,7.0,ht29+TNFA_JUNB,ht29+TNFA,JUNB,True,False,8
ht29+TNFA_MAP3K14,0.0029560071,0.0010510272,2.8124936,0.99903876,0.21329392,0.8497670608034252,0.2266065590669055,0.9992500198171543,0.9997367001617462,0.9995131914788032,2389,1648,,,,,,,,,,,,,ht29+TNFA_MAP3K14,ht29+TNFA,MAP3K14,True,False,8
ht29+TNFA_MTOR,0.009530052,0.0063645556,1.4973632,0.99718,0.036567234,0.8529649344554816,0.06345746849969804,0.9975957823579298,0.9984931178674196,0.9991013102710149,1969,1958,0.03565243259072304,0.02993132546544075,1.191141128540039,0.7009139060974121,0.14027240872383118,0.647816899846522,0.07999999999999999,0.9261131850392794,0.942028603248996,0.983105164583299,10.0,15.0,ht29+TNFA_MTOR,ht29+TNFA,MTOR,True,False,8
ht29+TNFA_ZFP36L1,0.009344692,0.0052076783,1.7944067,0.9972174,0.18518151,0.7934189074420493,0.17949986951004004,0.9977082270161197,0.9986904763926605,0.9990164626580913,2347,1664,0.014242377132177353,0.018513290211558342,0.7693055868148804,0.6529237627983093,0.1237422302365303,0.6720556263910376,0.2823076923076923,0.6832677931557317,0.617325737632643,1.1068188988457976,21.0,4.0,ht29+TNFA_ZFP36L1,ht29+TNFA,ZFP36L1,True,False,8
k562+IFNB_ELK1,0.017018713,0.007964444,2.1368363,0.99450904,0.20780897,0.8286719912613917,0.28590989943203815,0.9955699499738626,0.997717289168907,0.9978477478356288,2372,1307,0.5966907143592834,0.5255213379859924,1.1354262828826904,0.5747005939483643,0.5921553373336792,0.49999999999999994,0.6,0.9036320361172299,0.8661191502916703,1.0433114610304217,3.0,2.0,k562+IFNB_ELK1,k562+IFNB,ELK1,True,False,8
k562+IFNB_MAP3K14,0.0073391586,0.011681188,0.62828875,0.99718106,0.6067176,0.8404581083443784,0.559470342567935,0.9977736712084091,0.9970005417701523,1.0007754553842911,2633,940,0.09516777098178864,0.2916402518749237,0.32631903886795044,0.7664763331413269,0.885071873664856,0.7142857142857144,0.9523809523809524,0.965769376678557,0.9575924995579037,1.008538994535179,8.0,0.0,k562+IFNB_MAP3K14,k562+IFNB,MAP3K14,True,False,8
k562+INS_CHUK,0.010083479,0.005479564,1.8401973,0.99628156,0.2648322,0.8631179090514953,0.2748934979445143,0.9971053336911616,0.9984006543127287,0.9987026043943663,2478,1547,0.08021119236946106,0.1815892606973648,0.4417177140712738,0.6406778693199158,0.677748441696167,0.865612648221344,0.743647656691135,0.7703832709598264,0.702976205855027,1.0958881176110542,19.0,3.0,k562+INS_CHUK,k562+INS,CHUK,True,False,8
k562+INS_HSF1,0.010006524,0.0045244326,2.2116637,0.996763,0.29247308,0.8608799047121173,0.2809921872797471,0.9974399342597621,0.9986773296234068,0.9987609658025267,2470,1607,0.17012068629264832,0.2563154101371765,0.663716197013855,0.617607831954956,0.7162915468215942,0.7142857142857144,0.5952380952380953,0.8228913529294022,0.7220589636331212,1.1396456444345369,6.0,2.0,k562+INS_HSF1,k562+INS,HSF1,True,False,8
mcf7+IFNB_ELK1,0.006969,0.0038629996,1.8040385,0.998265,0.3896834,0.8068700544958096,0.3043503042105592,0.9985527383426516,0.9989875142577264,0.9995647834343577,2538,1605,0.010551241226494312,0.033569302409887314,0.3143121898174286,0.9857725501060486,0.9805775880813599,1.0,1.0,0.9557657066148677,0.744471500299381,1.2838177233520922,3.0,0.0,mcf7+IFNB_ELK1,mcf7+IFNB,ELK1,True,False,8
mcf7+INS_ELK1,0.0068572736,0.0036148545,1.8969709,0.9977392,0.34172267,0.8137487245323257,0.24222949434541927,0.9981924445816421,0.9990315281098109,0.9991601030552496,2386,1598,0.014338047243654728,0.18171976506710052,0.07890196889638901,0.05554366111755371,0.949576199054718,-0.5,1.0,0.8883443194680053,0.9109973699119344,0.9751337916089495,3.0,0.0,mcf7+INS_ELK1,mcf7+INS,ELK1,True,False,8
mcf7+INS_HSF1,0.006281265,0.0041386606,1.5177048,0.99800044,0.45736718,0.8179080652873484,0.2787559644003389,0.9984139889587921,0.9988934028765665,0.9995200549764431,2398,1612,0.0726199597120285,0.5078027248382568,0.14300821721553802,0.9729117155075073,0.9072653651237488,0.8333333333333335,0.9047619047619048,0.983547197941041,0.9523579046331234,1.0327495505168642,8.0,0.0,mcf7+INS_HSF1,mcf7+INS,HSF1,True,False,8
mcf7+INS_MTOR,0.0073567308,0.003880227,1.8959537,0.9976273,0.32883847,0.850787094157136,0.18577324880051405,0.9980470726085152,0.9989693538178408,0.9990767672643802,2155,1739,0.030317239463329315,0.17493820190429688,0.173302561044693,0.8285565972328186,0.9266176223754883,0.7857142857142858,0.6190476190476191,0.9096426504523389,0.987211155529651,0.9214266323442267,7.0,1.0,mcf7+INS_MTOR,mcf7+INS,MTOR,True,False,8
mcf7+TGFB_CHUK,0.028133545,0.044101868,0.63792187,0.99308515,0.57356966,0.7724710264634688,0.5295221676605688,0.9941577477192219,0.9918382321417523,1.0023386027099006,2253,710,0.4822300374507904,0.8619049787521362,0.5594932436943054,0.9828872680664062,0.22576361894607544,0.9723076923076923,0.18461538461538463,0.9807749268987482,0.9599345165098534,1.0217102417200985,24.0,1.0,mcf7+TGFB_CHUK,mcf7+TGFB,CHUK,True,False,8
mcf7+TGFB_SKP1,0.08788595,0.09503253,0.92479867,0.9857447,0.2837628,0.7792474362737444,0.28920653079916514,0.987755776037867,0.9845610446770808,1.003244828117117,1785,1067,0.8241136074066162,1.1006015539169312,0.7487847208976746,0.9404032826423645,0.038683608174324036,0.8715384615384615,0.06,0.9237118776032471,0.9114779680081184,1.013422057388687,19.0,6.0,mcf7+TGFB_SKP1,mcf7+TGFB,SKP1,True,False,8
mcf7+TGFB_SMAD2,0.013362946,0.005573409,2.3976252,0.99660325,0.33191288,0.7550416642891165,0.2610143043053907,0.9971980683735838,0.9984730357066142,0.9987230828600914,2025,1149,,,,,,,,,,,,,mcf7+TGFB_SMAD2,mcf7+TGFB,SMAD2,True,False,8
mcf7+TNFA_JUNB,0.007356633,0.007233425,1.0170331,0.99794936,0.40375084,0.8555900740635223,0.20043135254878472,0.9982736282727691,0.9981721835989948,1.0001016304355512,2058,1767,0.03950241208076477,0.16862644255161285,0.23425988852977753,0.9638172388076782,0.9652758240699768,0.8792307692307693,0.9123076923076923,0.9530723636863673,0.9569792308748415,0.9959175005450195,24.0,1.0,mcf7+TNFA_JUNB,mcf7+TNFA,JUNB,True,False,8
mcf7+TNFA_MAP3K14,0.0033930694,0.0040281806,0.84233296,0.99883974,0.5711075,0.8529200703244891,0.41734012710476104,0.9990944590225729,0.9989400552986577,1.0001545675569783,2576,1334,0.011773193255066872,0.12553605437278748,0.09378336369991302,0.9363476037979126,0.9299610257148743,0.9669762641898865,0.9752321981424149,0.9684522499658674,0.9821125641153484,0.9860908874923255,18.0,0.0,mcf7+TNFA_MAP3K14,mcf7+TNFA,MAP3K14,True,False,8
mcf7+TNFA_MTOR,0.00849056,0.008683646,0.97776437,0.9973914,0.38781017,0.8609732021114282,0.2106260361427282,0.997803682852113,0.9978157625335253,0.9999878938759379,2088,1722,0.04661187529563904,0.27988511323928833,0.16653931140899658,0.9737406969070435,0.9375110864639282,0.9453846153846153,0.9546153846153845,0.9769313196564152,0.9650438496074146,1.0123180620796004,24.0,1.0,mcf7+TNFA_MTOR,mcf7+TNFA,MTOR,True,False,8
mcf7+TNFA_ZFP36L1,0.009413803,0.004739144,1.9863932,0.99782157,0.47512847,0.7888784314912017,0.32065800040012954,0.9981771301867352,0.9987445722048429,0.9994318447039416,2439,1483,0.00483710877597332,0.16276060044765472,0.029719162732362747,0.9469215869903564,0.9538547396659851,0.9376923076923077,0.9415384615384615,0.9804941130023344,0.97292232044917,1.0077825252787587,25.0,0.0,mcf7+TNFA_ZFP36L1,mcf7+TNFA,ZFP36L1,True,False,8
a549+IFNG_HLA-DQB1,0.009657782,0.014686876,0.657579,0.997103,0.5797276,0.8178404964601645,0.520727430635121,0.9976914550307112,0.9970590422129642,1.0006342782031679,2359,859,0.12274950742721558,0.306059330701828,0.4010644257068634,0.9016438722610474,0.7479549646377563,0.7999999999999999,0.8999999999999998,0.991348898090395,0.9903124589964659,1.0010465778598598,5.0,0.0,a549+IFNG_HLA-DQB1,a549+IFNG,HLA-DQB1,True,False,9
a549+IFNG_IRF5,0.015042231,0.0068549463,2.1943617,0.99689454,0.50269216,0.7847167741746179,0.42849546864547855,0.9975713917383785,0.9985106772737629,0.9990593134788014,2319,943,,,,,,,,,,,,,a549+IFNG_IRF5,a549+IFNG,IRF5,True,False,9
a549+TNFA_ARID5B,0.0067361863,0.007547392,0.8925184,0.9978953,0.5264441,0.8149087366064633,0.4981556040637827,0.9983753078795242,0.9984199293218963,0.9999553079410161,2540,983,0.020275535061955452,0.07342071086168289,0.2761555314064026,0.9703327417373657,0.8937947750091553,0.9193332784675071,0.8769230769230769,0.9477576057976029,0.938366097165253,1.0100083631119252,14.0,0.0,a549+TNFA_ARID5B,a549+TNFA,ARID5B,True,False,9
a549+TNFA_CASP3,0.0085870605,0.016569002,0.5182606,0.9972514,0.6326419,0.8116904401822773,0.6039828068870564,0.9978269878419711,0.9968172308673783,1.0010129810594408,2694,809,0.044056087732315063,0.15520542860031128,0.2838566303253174,0.9770997762680054,0.9494256973266602,0.9262756936992927,0.6884615384615385,0.9617079673585894,0.9655001525499805,0.9960723101064506,25.0,0.0,a549+TNFA_CASP3,a549+TNFA,CASP3,True,False,9
a549+TNFA_CSF2,0.0060116164,0.0027307696,2.2014368,0.9981401,0.3113683,0.8234247458506948,0.32321170636470364,0.9985797391850335,0.9993805887875693,0.9991986540347884,2290,1341,0.254465788602829,0.3398832380771637,0.748685896396637,,,,,,,,1.0,0.0,a549+TNFA_CSF2,a549+TNFA,CSF2,True,False,9
a549+TNFA_IKBKE,0.0087136915,0.004405506,1.9779093,0.99770474,0.42635196,0.8025177806195355,0.39116322071462817,0.9982262841161007,0.9990155553938147,0.9992099509627727,2453,1122,,,,,,,,,,,,,a549+TNFA_IKBKE,a549+TNFA,IKBKE,True,False,9
a549+TNFA_MAPK9,0.0056251776,0.0035465409,1.5861026,0.99829674,0.37117136,0.8421379503391766,0.3678271416250538,0.9986897850346479,0.9992224164360539,0.9994669541108717,2327,1264,,,,,,,,,,,,,a549+TNFA_MAPK9,a549+TNFA,MAPK9,True,False,9
bxpc3+IFNG_PLEK,0.008778995,0.009920498,0.88493484,0.99743676,0.5101533,0.8588449158607836,0.42318190168277403,0.9980552782356705,0.9979137043739656,1.0001418698441402,2544,1389,0.05834917724132538,0.19538718461990356,0.2986336052417755,0.864025354385376,0.9398495554924011,0.8140027078831595,0.43999999999999995,0.8870971799818558,0.7943728808556028,1.1167264157184993,25.0,0.0,bxpc3+IFNG_PLEK,bxpc3+IFNG,PLEK,True,False,9
bxpc3+IFNG_SOX2,0.055919312,0.14173254,0.39454108,0.9866223,0.84669614,0.8127548181684738,0.8049196151215467,0.9886807222030086,0.9786195486098314,1.010280985708358,3200,600,0.19417327642440796,0.5283514857292175,0.3675077557563782,0.8965116143226624,0.8575233817100525,0.3939493407254875,0.5423076923076924,0.732181820367291,0.6781285325672379,1.0797095022612009,25.0,0.0,bxpc3+IFNG_SOX2,bxpc3+IFNG,SOX2,True,False,9
bxpc3+IFNG_TAPBPL,0.25481722,0.364997,0.6981351,0.95373976,0.73173004,0.7827391992352609,0.7110763543300826,0.9591087815663065,0.9487230145556962,1.0109471013681208,2786,869,0.5860211849212646,1.054772138595581,0.5555903315544128,,0.7439847588539124,,0.576923076923077,,,,25.0,0.0,bxpc3+IFNG_TAPBPL,bxpc3+IFNG,TAPBPL,True,False,9
bxpc3+TGFB_RELA,0.009338642,0.0070946715,1.3162895,0.99706733,0.40843314,0.8432391419360652,0.3254956899472156,0.9977399122220009,0.9982960561312565,0.999442906835262,2212,1268,0.2964394688606262,0.8946701288223267,0.33133941888809204,,,,,,,,1.0,0.0,bxpc3+TGFB_RELA,bxpc3+TGFB,RELA,True,False,9
bxpc3+TNFA_CASP3,0.027964145,0.060327113,0.4635419,0.992505,0.7370001,0.8260211647403922,0.7219212557635935,0.9937104050186453,0.9896012612749686,1.0041523226621423,3064,750,0.07534203678369522,0.1672840565443039,0.45038384199142456,0.44883689284324646,0.595787525177002,0.5072720535100517,0.6007692307692307,0.8420979554330403,0.845536359898161,0.9959334635053012,25.0,0.0,bxpc3+TNFA_CASP3,bxpc3+TNFA,CASP3,True,False,9
bxpc3+TNFA_IKBKE,0.010622062,0.0057006553,1.8633054,0.9972358,0.39611238,0.8314567634318369,0.3503245160842309,0.997829610138442,0.9986556307289565,0.9991728674378859,2562,1318,0.03468995913863182,0.10166038572788239,0.3412337899208069,0.7213729619979858,0.7237833142280579,0.47470668314169134,0.7007692307692307,0.8349028361201812,0.8378743429617146,0.9964535173245314,23.0,2.0,bxpc3+TNFA_IKBKE,bxpc3+TNFA,IKBKE,True,False,9
bxpc3+TNFA_MAPK9,0.01070713,0.00504315,2.1231036,0.9965832,0.024336835,0.8645159241303884,0.16772195216197675,0.9973915447825625,0.9987658764670181,0.9986239701246933,2367,1624,0.8775144815444946,0.6964379549026489,1.2600038051605225,0.9825686812400818,-0.8591336011886597,1.0,-0.39999999999999997,0.9473431771687667,0.946079337975767,1.0013358701984802,2.0,2.0,bxpc3+TNFA_MAPK9,bxpc3+TNFA,MAPK9,True,False,9
hap1+IFNG_HLA-DQB1,0.012476395,0.014089438,0.885514,0.99658585,0.61827254,0.7868142738165517,0.534432355740441,0.997284308148686,0.9968880654084169,1.0003974796710067,2385,803,,,,,,,,,,,,,hap1+IFNG_HLA-DQB1,hap1+IFNG,HLA-DQB1,True,False,9
hap1+IFNG_IRF5,0.026253765,0.0050313408,5.2180457,0.9952065,0.369735,0.7536293476957971,0.2994612178557907,0.9960570130085491,0.9987444261890452,0.9973092083319547,2192,1108,,,,,,,,,,,,,hap1+IFNG_IRF5,hap1+IFNG,IRF5,True,False,9
hap1+IFNG_PLEK,0.010440541,0.012126861,0.86094344,0.9965099,0.6186465,0.787863085411086,0.5579736815680211,0.9972481443340178,0.997538746235921,0.9997086810883289,2462,772,0.3193403482437134,0.6611617803573608,0.482998788356781,1.0,1.0,0.9999999999999999,0.9999999999999999,0.9926827100580529,0.9892607548377016,1.0034591033795863,2.0,0.0,hap1+IFNG_PLEK,hap1+IFNG,PLEK,True,False,9
hap1+IFNG_SOX2,0.20890488,0.29819247,0.7005706,0.9567621,0.6344191,0.7357762480738185,0.6633788050652466,0.9626239687131186,0.9506189119933413,1.0126286744018211,2228,435,1.6669349670410156,2.699877977371216,0.617411196231842,0.768815815448761,0.41809535026550293,0.6794603111696634,0.36923076923076925,0.6555230969333573,0.5940826854690954,1.1034206398655564,25.0,0.0,hap1+IFNG_SOX2,hap1+IFNG,SOX2,True,False,9
hap1+IFNG_TAPBPL,0.051569518,0.07124562,0.72382724,0.98983455,0.5442648,0.7944410420262041,0.49845030319561384,0.9910469419409721,0.9879865938433168,1.0030975603482133,2102,991,0.30673450231552124,0.6445503830909729,0.47588908672332764,0.904280960559845,0.7116629481315613,0.8224658740331734,0.5807692307692308,0.9627357801058669,0.961005860652273,1.001800113323367,25.0,0.0,hap1+IFNG_TAPBPL,hap1+IFNG,TAPBPL,True,False,9
hap1+TNFA_ARID5B,0.007180348,0.007657112,0.9377358,0.9977012,0.50169075,0.836057470348605,0.47329618183983463,0.9981935192915666,0.9982084569285639,0.9999850355535524,2605,1048,0.02783353626728058,0.06876429170370102,0.40476730465888977,0.8478907942771912,0.38672924041748047,0.816923076923077,0.24,0.9704692563015604,0.9705712548471724,0.9998949087507975,25.0,0.0,hap1+TNFA_ARID5B,hap1+TNFA,ARID5B,True,False,9
hap1+TNFA_IKBKE,0.010079341,0.0031648309,3.184796,0.9974645,0.3522721,0.8319284623992357,0.3374797018430002,0.9979466110385171,0.9992129797252453,0.9987326338704323,2439,1282,0.025127973407506943,0.11887253820896149,0.21138586103916168,1.0,1.0,0.9999999999999999,0.9999999999999999,0.9597794373491119,0.9063291829380943,1.0589744382253534,2.0,0.0,hap1+TNFA_IKBKE,hap1+TNFA,IKBKE,True,False,9
hap1+TNFA_MAPK9,0.0054613184,0.0035909999,1.520835,0.99820995,0.40594003,0.8571487199099365,0.35414921642757435,0.998609040422467,0.9991094172890893,0.9994991771091699,2377,1340,,,,,,,,,,,,,hap1+TNFA_MAPK9,hap1+TNFA,MAPK9,True,False,9
ht29+IFNG_HLA-DQB1,0.0040928842,0.0029978019,1.3652952,0.99864286,0.39845473,0.8177439283971274,0.34777815181956095,0.9989267987323285,0.9992629877021716,0.9996635630720035,2345,1343,0.024810664355754852,0.05395447462797165,0.4598444104194641,0.9458640217781067,0.1904757171869278,0.7999999999999999,0.6000000000000001,0.9768657841988845,0.9502706594152638,1.027986894596941,4.0,0.0,ht29+IFNG_HLA-DQB1,ht29+IFNG,HLA-DQB1,True,False,9
ht29+IFNG_IRF5,0.005765359,0.0016164436,3.5666935,0.99831575,0.2782471,0.7980690353852748,0.2466237258314027,0.9986095020696444,0.9995882017918674,0.999020897084951,2292,1446,,,,,,,,,,,,,ht29+IFNG_IRF5,ht29+IFNG,IRF5,True,False,9
ht29+IFNG_PLEK,0.004076915,0.002159922,1.8875288,0.99866015,0.34894913,0.8211914210911934,0.3159825832285066,0.9989452808559867,0.9994564970656281,0.9994885057917554,2327,1387,,,,,,,,,,,,,ht29+IFNG_PLEK,ht29+IFNG,PLEK,True,False,9
ht29+IFNG_ZC3H3,0.0075493394,0.002950635,2.5585473,0.99774766,0.24172151,0.7823947054303724,0.25032466371964507,0.9981320778471157,0.9992516307946545,0.998879608586029,2304,1401,0.004348255228251219,0.015267081558704376,0.28481248021125793,0.3933701813220978,0.023584336042404175,0.0,0.39999999999999997,0.8648049055771851,0.874463191939338,0.9889551825037561,4.0,0.0,ht29+IFNG_ZC3H3,ht29+IFNG,ZC3H3,True,False,9
ht29+TNFA_ARID5B,0.028685367,0.0018880573,15.193059,0.99077547,0.08174169,0.7956832374113354,0.13219799367775775,0.9927782841019689,0.9995315548439018,0.9932435642384622,2187,1766,0.005602487362921238,0.008731906302273273,0.6416110396385193,0.32707804441452026,0.16181011497974396,0.33879436309549504,0.19076923076923075,0.678441125516302,0.9234702780281145,0.7346648199279102,19.0,6.0,ht29+TNFA_ARID5B,ht29+TNFA,ARID5B,False,False,9
ht29+TNFA_BATF,0.02677818,0.001267947,21.119322,0.9912478,0.057886504,0.8129165002161154,0.11763197454111368,0.9931707783885194,0.9996820928424903,0.9934866148942844,2173,1838,,,,,,,,,,,,,ht29+TNFA_BATF,ht29+TNFA,BATF,False,True,9
ht29+TNFA_BIRC2,0.026629651,0.000990222,26.892607,0.99133533,0.10701696,0.7994919945369788,0.10242204985434186,0.9932499851818333,0.999749599432137,0.9934987578349663,2118,1947,,,,,,,,,,,,,ht29+TNFA_BIRC2,ht29+TNFA,BIRC2,False,True,9
ht29+TNFA_BIRC3,0.026223602,0.0014760265,17.76635,0.99141586,0.11892856,0.8113608762235055,0.10047822759292283,0.9933115926966891,0.9996281365428246,0.9936811063882406,2184,1852,0.007730561308562756,1.1021710634231567,0.0070139397867023945,1.0,1.0,0.9999999999999999,0.9999999999999999,0.9999890668157336,0.9994826229484969,1.0005067060253061,2.0,0.0,ht29+TNFA_BIRC3,ht29+TNFA,BIRC3,False,True,9
ht29+TNFA_CASP3,0.027864557,0.0026468704,10.52736,0.9909411,0.17695725,0.7893764627940667,0.19669646986839093,0.9928874789977187,0.999360467809227,0.9935228688546203,2294,1667,0.010554870590567589,0.020161375403404236,0.5235193967819214,0.5612144470214844,0.3601202964782715,0.3264050235851086,0.40461538461538454,0.8136530593771791,0.9551434461300526,0.8518647776664866,20.0,5.0,ht29+TNFA_CASP3,ht29+TNFA,CASP3,False,False,9
ht29+TNFA_CASP7,0.026037479,0.00085788337,30.350838,0.99149144,0.09956697,0.8136045967102463,0.11780304356970359,0.9933751385591811,0.9997845848797705,0.9935891726902749,2202,1850,,,,,,,,,,,,,ht29+TNFA_CASP7,ht29+TNFA,CASP7,False,True,9
ht29+TNFA_CASP8,0.02902146,0.007243245,4.0066934,0.9902673,0.26936114,0.7636495485089985,0.27289303595059355,0.9922886958873535,0.9983869591446175,0.9938918841022435,2414,1504,0.07575749605894089,0.036613594740629196,2.069108486175537,0.19748397171497345,-0.19586439430713654,0.22514183927985268,-0.10461538461538461,0.6236215819637871,0.9222948369720094,0.6761629328981198,18.0,7.0,ht29+TNFA_CASP8,ht29+TNFA,CASP8,False,True,9
ht29+TNFA_CASP10,0.045854628,0.01627737,2.8170786,0.9865627,0.44379264,0.6677946606744753,0.4499832027778981,0.988962264224637,0.9964961142679469,0.992439659387087,2777,1135,0.032089296728372574,0.07167526334524155,0.44770392775535583,0.2724913954734802,0.2263195663690567,0.36107653469410333,0.11230769230769232,0.490124810299124,0.875783219642106,0.5596417004877262,24.0,1.0,ht29+TNFA_CASP10,ht29+TNFA,CASP10,False,True,9
ht29+TNFA_CEBPB,0.031620108,0.007706795,4.1028867,0.9896319,0.0844636,0.8088038980051341,0.15436504517242494,0.9918774488707217,0.998052657769762,0.993812742392932,2220,1736,0.06168188899755478,0.08509690314531326,0.72484290599823,0.8486660718917847,0.5069876909255981,0.7212925696034613,0.22999999999999998,0.8319252635727236,0.7752408840260221,1.073118408374343,16.0,9.0,ht29+TNFA_CEBPB,ht29+TNFA,CEBPB,False,True,9
ht29+TNFA_CHUK,0.022820966,0.013367465,1.7072023,0.9924171,0.4717034,0.8023098069856773,0.22604157388695204,0.9940559942777685,0.9966499451551247,0.9973973300355197,2259,1694,0.29286372661590576,0.6308653354644775,0.4642254114151001,0.5840431451797485,0.622916579246521,0.5692307692307692,0.6484615384615384,0.8955023186114679,0.9663187844829957,0.9267152134381654,21.0,4.0,ht29+TNFA_CHUK,ht29+TNFA,CHUK,False,True,9
ht29+TNFA_CREB1,0.026843801,0.0024734351,10.852842,0.991241,0.13464665,0.8123661210361115,0.10392071418464574,0.9931767045954939,0.999376253019843,0.9937965822125393,2163,1892,0.0017931511392816901,0.0034576302859932184,0.518606960773468,-0.47031909227371216,0.7368416786193848,-0.42857142857142866,0.6785714285714287,0.6899694959835686,0.955937962314471,0.7217722521585477,5.0,2.0,ht29+TNFA_CREB1,ht29+TNFA,CREB1,False,True,9
ht29+TNFA_CSF1,0.0274017,0.0020222564,13.550063,0.99098617,0.10061599,0.7972959559123715,0.14461950328063192,0.9929500654490553,0.9995074023627712,0.9934394313656759,2214,1770,0.015334747731685638,0.010730705223977566,1.4290530681610107,0.5343128442764282,-0.10332608222961426,0.3233257309097775,0.08384615384615385,0.7754003848269616,0.9430145891293055,0.8222570400982835,20.0,5.0,ht29+TNFA_CSF1,ht29+TNFA,CSF1,False,True,9
ht29+TNFA_CSF2,0.027277347,0.0006699033,40.718334,0.99111354,0.06324327,0.8021989633230739,0.09212678475985868,0.9930892164071042,0.9998306531606178,0.9932574214121133,2181,1929,,,,,,,,,,,,,ht29+TNFA_CSF2,ht29+TNFA,CSF2,False,False,9
ht29+TNFA_DNM1L,0.030841434,0.0070525496,4.37309,0.9896541,0.20897475,0.76214728230798,0.25594423460994414,0.9917966991186785,0.9984281236617942,0.9933581352668687,2391,1519,0.024564700201153755,0.03941689059138298,0.623202383518219,0.19499336183071136,-0.1297413408756256,0.12076923076923077,0.02846153846153846,0.7535187854364825,0.9504793324050806,0.7927776646439942,20.0,5.0,ht29+TNFA_DNM1L,ht29+TNFA,DNM1L,False,True,9
ht29+TNFA_FADD,0.027420871,0.0054783737,5.005294,0.99092615,0.17824396,0.8141412899692003,0.20281338313443908,0.9929157487460039,0.9986321762991864,0.9942757426719746,2241,1760,0.25455525517463684,0.27063998579978943,0.9405677914619446,0.7945712804794312,0.3147333264350891,0.6907692307692308,0.31692307692307686,0.8348891522049171,0.8500917236388501,0.9821165516482647,21.0,4.0,ht29+TNFA_FADD,ht29+TNFA,FADD,False,True,9
ht29+TNFA_FOS,0.025985047,0.0016058884,16.181105,0.9914565,0.1446293,0.8102421929553983,0.16039008338370564,0.9933292524144596,0.9996059812438413,0.9937207970468811,2202,1795,0.00933681707829237,0.009355217218399048,0.9980331659317017,0.3214742839336395,0.28089797496795654,0.3382269904009035,0.16205533596837948,0.7881407798828692,0.9543175862205302,0.8258684438628173,18.0,4.0,ht29+TNFA_FOS,ht29+TNFA,FOS,False,True,9
ht29+TNFA_ID2,0.026918259,0.0014756161,18.242046,0.99120885,0.05378436,0.8180330086971028,0.10505094387737243,0.9931546257604924,0.9996262776460861,0.9935259286092067,2145,1895,0.007192505057901144,0.008551282808184624,0.8411024808883667,0.6640432476997375,-0.6079722046852112,0.7857142857142859,-0.5357142857142858,0.8373437115859308,0.9590769052123144,0.8730725419778146,5.0,2.0,ht29+TNFA_ID2,ht29+TNFA,ID2,False,True,9
ht29+TNFA_IKBKB,0.030322172,0.0144249145,2.1020694,0.98954034,0.3637576,0.7528038267955856,0.33034835130882667,0.9916680413501371,0.9969408547607537,0.9947110067909877,2498,1411,0.04310141131281853,0.06058160215616226,0.7114604115486145,0.4507025182247162,-0.12887592613697052,0.40831255600373395,0.11461538461538462,0.809630563048676,0.9500387585480893,0.8522079291649173,20.0,5.0,ht29+TNFA_IKBKB,ht29+TNFA,IKBKB,False,True,9
ht29+TNFA_IKBKE,0.028386382,0.001294589,21.926945,0.99084723,0.088517115,0.7832068836506692,0.13914995471540045,0.99281698396913,0.9996776166464368,0.9931371548556606,2251,1768,,,,,,,,,,,,,ht29+TNFA_IKBKE,ht29+TNFA,IKBKE,False,False,9
ht29+TNFA_IKBKG,0.02360362,0.0030984923,7.617776,0.9922787,0.3544252,0.7994025742013725,0.20404799959355238,0.9939618082195772,0.9992318926659385,0.9947258644514431,2241,1729,0.006655618082731962,0.009672841057181358,0.6880727410316467,0.16130031645298004,0.6235043406486511,0.27722214355165187,0.5253846153846153,0.6816587609613788,0.9209991276456723,0.7401296488780468,17.0,8.0,ht29+TNFA_IKBKG,ht29+TNFA,IKBKG,False,True,9
ht29+TNFA_IRF1,0.02673695,0.00075180596,35.563633,0.9912786,0.05579982,0.8252723596428367,0.0808571962629597,0.9932127310678153,0.9998099390959018,0.993401537862234,2194,1933,,,,,,,,,,,,,ht29+TNFA_IRF1,ht29+TNFA,IRF1,False,True,9
ht29+TNFA_ITCH,0.030372944,0.0039243307,7.7396493,0.99010515,0.13142711,0.7746011191985309,0.20595896710257186,0.992204471782048,0.99907000471753,0.9931280762078096,2294,1646,0.020047739148139954,0.026782579720020294,0.7485365271568298,0.484112024307251,-0.28778618574142456,0.4191539212220956,0.13307692307692306,0.7382685152207826,0.8951053322710338,0.8247839540265841,22.0,3.0,ht29+TNFA_ITCH,ht29+TNFA,ITCH,False,True,9
ht29+TNFA_JUN,0.023721758,0.0034565993,6.862745,0.9921957,0.31134194,0.8182386550487303,0.16701616178270476,0.9939040791066972,0.9991370658632931,0.9947624936203578,2194,1815,0.004711303859949112,0.006238811649382114,0.7551604509353638,0.13253460824489594,0.268350213766098,0.13970588235294118,0.27941176470588236,0.7692209068925482,0.9745053833026237,0.7893449539351325,11.0,6.0,ht29+TNFA_JUN,ht29+TNFA,JUN,False,True,9
ht29+TNFA_JUNB,0.025668427,0.00175439,14.63097,0.99166083,0.19517511,0.8063015706876236,0.15635946092066186,0.9934839271868907,0.9995602040019019,0.9939210496869685,2186,1800,0.01012902706861496,0.010531824082136154,0.961754322052002,0.4005346894264221,0.08512677997350693,0.38713870180825105,0.2727272727272727,0.8044068801989255,0.9758600663428677,0.824305561773339,16.0,5.0,ht29+TNFA_JUNB,ht29+TNFA,JUNB,False,True,9
ht29+TNFA_KLF6,0.026735181,0.0012825689,20.845026,0.9912488,0.056946546,0.815175807505653,0.08292069248859121,0.9931680667677477,0.9996778239579243,0.9934881448461034,2111,1927,0.0370093509554863,0.05320974439382553,0.6955370903015137,,,,,,,,1.0,0.0,ht29+TNFA_KLF6,ht29+TNFA,KLF6,False,True,9
ht29+TNFA_MAP2K3,0.026136748,0.0030084485,8.687783,0.9914789,0.16756171,0.8214722074548868,0.14937927645740506,0.9933722553173323,0.9992375134339619,0.9941302662902705,2206,1848,0.06973163783550262,0.07160636782646179,0.9738189578056335,0.9939549565315247,0.00997287780046463,0.6,0.19999999999999998,0.9919538151261185,0.9931305974289762,0.9988150779908461,7.0,2.0,ht29+TNFA_MAP2K3,ht29+TNFA,MAP2K3,False,True,9
ht29+TNFA_MAP3K7,0.022313282,0.002580197,8.647899,0.9926758,0.390767,0.8235631341101507,0.2385414145816871,0.9942472729544309,0.9993746841300631,0.9948693805666134,2205,1748,0.017504114657640457,0.013993632979691029,1.2508628368377686,0.685032844543457,0.12062462419271469,0.4150296721315582,0.015384615384615384,0.8380594213043123,0.9268728445860774,0.9041794958170045,14.0,11.0,ht29+TNFA_MAP3K7,ht29+TNFA,MAP3K7,False,True,9
ht29+TNFA_MAP3K14,0.026303403,0.0010510272,25.026377,0.9913722,0.075078756,0.8126225960722198,0.10818725777210686,0.9932782279425632,0.9997367001617462,0.9935398268182631,2162,1875,,,,,,,,,,,,,ht29+TNFA_MAP3K14,ht29+TNFA,MAP3K14,False,True,9
ht29+TNFA_MAPK8,0.025291706,0.0012903264,19.601015,0.9916849,0.16753201,0.8211855993860321,0.10863616779184453,0.9935149783622682,0.9996814873755397,0.9938315262499654,2133,1900,,,,,,,,,,,,,ht29+TNFA_MAPK8,ht29+TNFA,MAPK8,False,True,9
ht29+TNFA_MAPK9,0.026948595,0.0009946963,27.092285,0.9911815,0.027359791,0.8156032463098867,0.09955180265315645,0.9931306099553975,0.999750433813287,0.9933785236455063,2169,1885,,,,,,,,,,,,,ht29+TNFA_MAPK9,ht29+TNFA,MAPK9,False,False,9
ht29+TNFA_MAPK14,0.025849316,0.00542939,4.7609982,0.9916156,0.25179717,0.8116071025501466,0.15698103650415643,0.9934785846660663,0.9986236175891113,0.9948478757838051,2188,1817,0.02509407140314579,0.03476421907544136,0.7218362092971802,0.7987022995948792,0.5964564085006714,0.45652173913043476,0.27999999999999997,0.7886990031130814,0.7039119175128505,1.1204512716588337,14.0,10.0,ht29+TNFA_MAPK14,ht29+TNFA,MAPK14,False,True,9
ht29+TNFA_MMP9,0.02753211,0.00073220977,37.6014,0.99102515,-0.029893488,0.8170899954874871,0.06651074617572737,0.993024563653848,0.9998144470948149,0.9932088564426165,2209,1923,0.14885376393795013,0.14398683607578278,1.0338011980056763,,,,,,,,0.0,1.0,ht29+TNFA_MMP9,ht29+TNFA,MMP9,False,True,9
ht29+TNFA_MTF1,0.033790223,0.003766964,8.970148,0.98891795,-0.19424725,0.8141634215724808,-0.008148992327613753,0.9913790551451525,0.9990450992167843,0.9923266286200275,2017,2051,0.2348335236310959,0.18094339966773987,1.2978286743164062,0.5698343515396118,-0.7756306529045105,0.42857142857142866,-0.5357142857142858,0.6984831407696066,0.7680171359146571,0.9094629639191055,3.0,4.0,ht29+TNFA_MTF1,ht29+TNFA,MTF1,False,True,9
ht29+TNFA_MTOR,0.031523146,0.0063645556,4.952922,0.9896319,0.2068964,0.7619210619492844,0.23067050184896593,0.9918049664275694,0.9984931178674196,0.9933017550945823,2352,1575,0.03488755598664284,0.02993132546544075,1.1655867099761963,0.4138001799583435,-0.13442754745483398,0.45739566147120825,-0.039999999999999994,0.6685639494327179,0.942028603248996,0.7097066343069456,17.0,8.0,ht29+TNFA_MTOR,ht29+TNFA,MTOR,False,True,9
ht29+TNFA_MYC,0.026493536,0.0010359699,25.573654,0.99136037,0.074098945,0.822140275220827,0.11950055210451323,0.9932686291674581,0.9997376349174862,0.9935292965633308,2204,1854,,,,,,,,,,,,,ht29+TNFA_MYC,ht29+TNFA,MYC,False,True,9
ht29+TNFA_NFAT5,0.029374288,0.0049455934,5.939487,0.99031866,0.23058677,0.7622416772995733,0.24772941107825974,0.992341447853798,0.9988581622427535,0.9934758360743396,2381,1546,0.02790885977447033,0.04389245808124542,0.6358463764190674,0.7738718390464783,-0.20092543959617615,0.47421107200100693,0.28076923076923077,0.8381029806476944,0.9654852653357809,0.8680639785385177,23.0,2.0,ht29+TNFA_NFAT5,ht29+TNFA,NFAT5,False,True,9
ht29+TNFA_NFKB1,0.02572948,0.0056719016,4.5363054,0.991637,0.34040588,0.7841807474040896,0.22719977500313235,0.9934263712649507,0.9986050550535664,0.9948140821414749,2279,1680,0.20106574892997742,0.09458627551794052,2.125739097595215,0.4919111430644989,-0.5915830135345459,0.43016548009079,-0.14307692307692307,0.5586197239044849,0.8236293583434557,0.6782416365390643,20.0,5.0,ht29+TNFA_NFKB1,ht29+TNFA,NFKB1,False,True,9
ht29+TNFA_NFKBIA,0.02726106,0.001443402,18.886671,0.9911505,0.053663425,0.815729955232258,0.11785593931431314,0.9931170611934033,0.9996341111036665,0.9934805647007504,2227,1884,0.20494119822978973,1.0433582067489624,0.19642457365989685,,,,,,,,1.0,0.0,ht29+TNFA_NFKBIA,ht29+TNFA,NFKBIA,False,True,9
ht29+TNFA_NFKBIE,0.027883466,0.0013421467,20.775276,0.99102885,0.032310314,0.8051104805215706,0.10774483749550101,0.9930234393501685,0.9996598035736891,0.993361377340775,2182,1910,0.0007057234761305153,0.010646958835422993,0.06628404557704926,0.7927140593528748,0.20072758197784424,0.5,0.5,0.9330280132236185,0.999244598470017,0.9337333568299641,3.0,0.0,ht29+TNFA_NFKBIE,ht29+TNFA,NFKBIE,False,True,9
ht29+TNFA_NKX3-1,0.026712805,0.0008464327,31.559278,0.9912873,0.0150647415,0.8191750959453091,0.0790684619186535,0.9932143554278833,0.9997854648022979,0.9934274805888341,2183,1887,0.11903931200504303,0.022588064894080162,5.270009517669678,,,,,,,,0.0,1.0,ht29+TNFA_NKX3-1,ht29+TNFA,NKX3-1,False,True,9
ht29+TNFA_PDCD5,0.034690898,0.0020885307,16.610193,0.98923504,-0.03817125,0.7451235050951255,0.06353891532307143,0.9914763542064918,0.9994741089896481,0.9919980370564666,2117,1886,0.00529805151745677,0.008239971473813057,0.6429696679115295,-0.060988180339336395,0.6148134469985962,0.0035714285714285704,0.6642857142857141,0.699100674967454,0.970275172912265,0.7205179463358985,12.0,3.0,ht29+TNFA_PDCD5,ht29+TNFA,PDCD5,False,True,9
ht29+TNFA_PIK3CA,0.02762588,0.0024546348,11.254579,0.99098057,0.1250801,0.7965652383075805,0.15814884430994072,0.9929453597620242,0.9993846807082414,0.993556714375836,2237,1738,0.029134701937437057,0.02327628619968891,1.2516902685165405,0.2437065690755844,0.08732094615697861,0.5934500418594241,0.12230769230769231,0.4534484220807513,0.48581032659080736,0.9333857212604826,14.0,11.0,ht29+TNFA_PIK3CA,ht29+TNFA,PIK3CA,False,True,9
ht29+TNFA_PTGS2,0.026667582,0.0009105137,29.288502,0.9912767,0.020704797,0.8085427898064298,0.08163609132970523,0.9932050684444393,0.9997698494830777,0.9934337077258005,2181,1878,,,,,,,,,,,,,ht29+TNFA_PTGS2,ht29+TNFA,PTGS2,False,True,9
ht29+TNFA_RELB,0.022897499,0.0015688969,14.594648,0.9925086,0.38809472,0.8155174040418134,0.18741862521901045,0.9941659415183746,0.9996073732233386,0.9945564310040875,2208,1816,0.004351666197180748,0.006569981575012207,0.662355899810791,-0.9073184728622437,-0.924924910068512,-0.7999999999999999,-0.39999999999999997,0.8164705127754793,0.9099562568905415,0.897263474582265,3.0,1.0,ht29+TNFA_RELB,ht29+TNFA,RELB,False,True,9
ht29+TNFA_REPIN1,0.02639311,0.0007457367,35.391994,0.99139017,0.08365527,0.8164307232396919,0.11723729950142316,0.9933040068005424,0.9998111526568528,0.9934916250543729,2244,1874,,,,,,,,,,,,,ht29+TNFA_REPIN1,ht29+TNFA,REPIN1,False,True,9
ht29+TNFA_SOX4,0.027787674,0.0026904384,10.328307,0.99084175,0.09660732,0.792462587001204,0.11765919944690977,0.9928263508945153,0.9993480695824357,0.993474026831667,2193,1800,0.01786242611706257,0.010662526823580265,1.6752526760101318,0.8072452545166016,-0.527622640132904,0.5458046267024577,0.026153846153846153,0.9137351089377705,0.966305445334434,0.9455965640569591,17.0,8.0,ht29+TNFA_SOX4,ht29+TNFA,SOX4,False,True,9
ht29+TNFA_SOX9,0.030729137,0.0073569426,4.1768894,0.9897743,0.18515876,0.7692014055549778,0.23137993110278873,0.991914208178234,0.9982541701412844,0.9936489501845476,2360,1563,0.039650559425354004,0.03647715970873833,1.0869969129562378,0.319459468126297,-0.15650148689746857,0.1460503674446245,-0.07384615384615385,0.7850756718530862,0.8838932718951074,0.8882018868294452,18.0,7.0,ht29+TNFA_SOX9,ht29+TNFA,SOX9,False,True,9
ht29+TNFA_TNFRSF1A,0.01590835,0.016244441,0.97931033,0.9950118,0.7621682,0.7524520275527617,0.4573481636599199,0.9959924494560917,0.9960080187814879,0.9999843682730433,2598,1331,0.14097487926483154,0.5481963157653809,0.25716128945350647,0.8515311479568481,0.9509620070457458,0.8021557419237813,0.9323076923076923,0.9329867260051101,0.8885826438797672,1.0499718089602381,24.0,1.0,ht29+TNFA_TNFRSF1A,ht29+TNFA,TNFRSF1A,False,True,9
ht29+TNFA_TNFRSF1B,0.026134668,0.00090929854,28.74157,0.99144244,0.09861334,0.8205789773418103,0.11892630618097984,0.9933428920545648,0.9997703592614835,0.9935710564457356,2200,1883,0.003317933762446046,0.013827424496412277,0.23995313048362732,,,,,,,,1.0,0.0,ht29+TNFA_TNFRSF1B,ht29+TNFA,TNFRSF1B,False,True,9
ht29+TNFA_TRAF1,0.027424201,0.0017301105,15.851127,0.99098605,0.062485583,0.8012729741797059,0.1258930931294227,0.992953393293958,0.9995793455343044,0.9933712593502975,2176,1815,0.02393016405403614,0.015441237948834896,1.5497568845748901,0.920649528503418,-0.568207323551178,0.38733664630821996,-0.10846153846153846,0.9433041402648015,0.9557247819633177,0.9870039556021548,19.0,6.0,ht29+TNFA_TRAF1,ht29+TNFA,TRAF1,False,True,9
ht29+TNFA_TRAF2,0.03426733,0.0040305755,8.501845,0.9887675,-0.20215094,0.8081230295335649,0.02261457138218677,0.9912216050924177,0.9989815979033627,0.9922320963396809,2039,1945,0.046650320291519165,0.02743854746222496,1.7001745700836182,0.29691770672798157,0.356512188911438,0.4761538461538461,0.3038461538461538,0.5360421955996583,0.5459451229583924,0.981860947296183,13.0,12.0,ht29+TNFA_TRAF2,ht29+TNFA,TRAF2,False,True,9
ht29+TNFA_TRAF3,0.033677112,0.0029463577,11.430082,0.989078,-0.24699396,0.8171763720112685,-0.007568610682565948,0.9915043627555538,0.9992556221444342,0.992242966447118,2108,1973,0.061423834413290024,0.12967996299266815,0.47365710139274597,0.9824696779251099,0.785883903503418,0.6013986013986015,0.22377622377622378,0.9827662424348959,0.9919178397250557,0.9907738353685659,8.0,4.0,ht29+TNFA_TRAF3,ht29+TNFA,TRAF3,False,True,9
ht29+TNFA_ZFP36L1,0.025897376,0.0052076783,4.972922,0.9916881,0.3386805,0.7787050055120579,0.1991218352853066,0.9934821609006588,0.9986904763926605,0.994784855152705,2279,1732,0.009939637035131454,0.018513290211558342,0.5368919968605042,0.8759121894836426,0.8052552938461304,0.4565051391178524,0.43846153846153846,0.8642459711554661,0.617325737632643,1.3999837014243524,18.0,7.0,ht29+TNFA_ZFP36L1,ht29+TNFA,ZFP36L1,False,True,9
ht29+TNFA_ZNF22,0.026962021,0.0008176598,32.97462,0.99116874,0.003676896,0.8081824212693894,0.04907032933604115,0.993127390000563,0.9997943457717146,0.9933316728591763,2112,1979,,,,,,,,,,,,,ht29+TNFA_ZNF22,ht29+TNFA,ZNF22,False,True,9
ht29+TNFA_ZNF267,0.029298788,0.0028671774,10.218687,0.9903822,0.103128895,0.7816256851091447,0.15219647519021912,0.9924313869737126,0.9993080371295779,0.9931185881626471,2250,1696,0.04645361378788948,0.028637057170271873,1.6221504211425781,0.2577590346336365,-0.40673211216926575,0.5530730834107042,-0.2907692307692308,0.44742471828583485,0.6389901962420755,0.7002059200863422,18.0,7.0,ht29+TNFA_ZNF267,ht29+TNFA,ZNF267,False,True,9
k562+IFNG_HLA-DQB1,0.010691286,0.011637826,0.9186669,0.99622315,0.55078304,0.8115898293186808,0.5034125176277191,0.9969791170298925,0.9969632731727223,1.0000158921171889,2483,915,0.057270895689725876,0.2938481867313385,0.19489960372447968,0.7943717241287231,0.9451313614845276,0.8999999999999998,0.9999999999999999,0.8957468708497047,0.9133315029623458,0.980746714576683,5.0,0.0,k562+IFNG_HLA-DQB1,k562+IFNG,HLA-DQB1,True,False,9
k562+IFNG_PLEK,0.009567863,0.012532371,0.76345193,0.9963702,0.59014267,0.8089908868772396,0.5437630566246611,0.9970928960879164,0.9968297540985895,1.0002639788672487,2505,891,0.04931580275297165,0.2766323983669281,0.17827196419239044,0.6494961977005005,0.5420876741409302,0.6071428571428572,0.39285714285714296,0.9603285788066672,0.9655073442927804,0.9946362236219896,7.0,0.0,k562+IFNG_PLEK,k562+IFNG,PLEK,True,False,9
k562+IFNG_PPARG,0.036262814,0.095180966,0.3809881,0.98782194,0.76412547,0.7481844700180157,0.7403813298298464,0.9897147608099811,0.9824149463842706,1.0074304798115878,2806,477,0.22651101648807526,0.6493979096412659,0.3488015830516815,0.9194016456604004,0.5521646738052368,0.8771903954332539,0.6053846153846154,0.9300105355184716,0.8944672871979792,1.0397367783363387,25.0,0.0,k562+IFNG_PPARG,k562+IFNG,PPARG,True,False,9
k562+IFNG_SOX2,0.16796635,0.24632378,0.6818926,0.9526038,0.6286262,0.7194872891438218,0.7052063380588157,0.9579203445853615,0.9472837406638364,1.011228530022136,2588,481,1.4492284059524536,2.1168735027313232,0.6846079230308533,0.7254810929298401,0.17992517352104187,0.5633023594054257,0.17384615384615384,0.5562428097826186,0.5056504056965869,1.1000541154838694,25.0,0.0,k562+IFNG_SOX2,k562+IFNG,SOX2,True,False,9
k562+IFNG_TAPBPL,0.038591724,0.05716011,0.67515135,0.9901523,0.5550432,0.8046008725768348,0.5300444783284932,0.9912458183706353,0.9884599207660429,1.0028184224226646,2355,964,0.31653210520744324,0.6120450496673584,0.5171712636947632,0.7546907067298889,0.1532203108072281,0.6638461538461539,0.08461538461538462,0.9557787735791359,0.9511957934263372,1.0048181249165224,25.0,0.0,k562+IFNG_TAPBPL,k562+IFNG,TAPBPL,True,False,9
k562+IFNG_ZC3H3,0.016023882,0.03448216,0.46470067,0.993239,0.66648906,0.7711508005192674,0.6223160287289079,0.9945272279141936,0.9922489025469987,1.0022961228390848,2650,701,0.0896366536617279,0.3480975329875946,0.2575044333934784,0.7939689755439758,0.4446682631969452,0.7653846153846153,0.3638461538461538,0.9630367230590424,0.9623296361578089,1.0007347657961119,25.0,0.0,k562+IFNG_ZC3H3,k562+IFNG,ZC3H3,True,False,9
k562+TNFA_ARID5B,0.017487857,0.0053742332,3.254019,0.9933498,0.26463586,0.8589599476249468,0.2170874809200036,0.9947956975209179,0.9985257568800073,0.99626443350771,2203,1690,0.017339099198579788,0.036499809473752975,0.475046306848526,0.7799913883209229,0.31169822812080383,0.6543496935078829,0.27999999999999997,0.9118868242248434,0.9270025909732973,0.9836939325783509,23.0,2.0,k562+TNFA_ARID5B,k562+TNFA,ARID5B,False,False,9
k562+TNFA_BATF,0.018541282,0.0028526653,6.4996347,0.9930085,0.043407474,0.8741963088443242,0.11240564822555084,0.9945610378196477,0.9991876913827208,0.9953695851110109,2087,1837,0.00852866843342781,0.03240341320633888,0.2632027864456177,,,,,,,,1.0,0.0,k562+TNFA_BATF,k562+TNFA,BATF,False,True,9
k562+TNFA_BIRC2,0.019292956,0.007664244,2.517268,0.99290127,0.21928768,0.8637954890391174,0.18412793232084815,0.9943321138092075,0.9979411782081187,0.9963834898511839,2072,1794,0.07642796635627747,0.0781288668513298,0.9782295227050781,0.8903853297233582,0.34816041588783264,0.6492307692307692,0.34153846153846157,0.9204075172143211,0.957811243678349,0.9609487498597492,13.0,12.0,k562+TNFA_BIRC2,k562+TNFA,BIRC2,False,True,9
k562+TNFA_BIRC3,0.017016644,0.0035021508,4.8589125,0.9936004,0.19584782,0.8745584137684975,0.15660330653138754,0.995006021381346,0.9990097600921559,0.9959922926974801,2103,1800,0.08374278992414474,0.4786960184574127,0.17493939399719238,0.7061357498168945,0.994700014591217,0.7999999999999999,0.7999999999999999,0.817402133652897,0.9979970049220076,0.8190426720937666,4.0,0.0,k562+TNFA_BIRC3,k562+TNFA,BIRC3,False,True,9
k562+TNFA_CASP3,0.01888258,0.006487861,2.9104478,0.9927534,0.251293,0.8430814898480172,0.27118872730990784,0.9943137631912002,0.9982581586575806,0.9960487220343036,2286,1584,0.028026115149259567,0.04854019731283188,0.5773795247077942,0.868240237236023,0.40849387645721436,0.8554383172900366,0.42923076923076925,0.9557276162729247,0.9645546137080732,0.9908486286730676,21.0,4.0,k562+TNFA_CASP3,k562+TNFA,CASP3,False,False,9
k562+TNFA_CASP7,0.016231522,0.001850404,8.77188,0.99390215,0.16861944,0.8765050666117856,0.18578285888157647,0.9952747911313489,0.9994710172291033,0.9958015529961161,2197,1790,,,,,,,,,,,,,k562+TNFA_CASP7,k562+TNFA,CASP7,False,True,9
k562+TNFA_CASP8,0.021582363,0.018677277,1.1555412,0.9914184,0.42075542,0.8170176045597957,0.41376326663105545,0.9931310279995668,0.9954262737296632,0.997694208209417,2538,1303,0.06299219280481339,0.11574262380599976,0.5442436933517456,0.528600811958313,0.23790012300014496,0.44572761475419326,0.29000000000000004,0.8857090050707597,0.903935692454667,0.979836300816475,22.0,3.0,k562+TNFA_CASP8,k562+TNFA,CASP8,False,True,9
k562+TNFA_CASP10,0.032409236,0.058147706,0.55736053,0.98568976,0.6522805,0.7186358042625429,0.6783168978193894,0.9882913282982183,0.987712046031263,1.0005864890169993,3024,779,0.049079861491918564,0.22880446910858154,0.21450568735599518,0.3259904682636261,0.556475043296814,0.2968742058631026,0.21384615384615382,0.7532584698305166,0.8661245798741319,0.8696883650848272,25.0,0.0,k562+TNFA_CASP10,k562+TNFA,CASP10,False,True,9
k562+TNFA_CEBPB,0.015467615,0.0063831266,2.4232035,0.9941105,0.37374946,0.8667781028015774,0.2931650397865405,0.9953665983798683,0.9982909059937662,0.9970706859129536,2275,1620,0.06348185986280441,0.11589204519987106,0.547767162322998,0.5793246626853943,0.8646661043167114,0.6805154963352122,0.6361538461538461,0.6869467288483114,0.9649206350651395,0.7119204459773392,24.0,1.0,k562+TNFA_CEBPB,k562+TNFA,CEBPB,False,True,9
k562+TNFA_CHUK,0.012999185,0.009732083,1.3357043,0.995117,0.56350756,0.86245177119717,0.3251259350614854,0.9961462045729684,0.9973712635896466,0.9987717121382974,2289,1578,0.09849095344543457,0.2299797087907791,0.42825931310653687,0.7713271379470825,0.9518271684646606,0.8146153846153847,0.7407692307692308,0.838663723064487,0.9834348729609439,0.8527903027675059,20.0,5.0,k562+TNFA_CHUK,k562+TNFA,CHUK,False,True,9
k562+TNFA_CREB1,0.019550294,0.0033191626,5.890128,0.99273634,-0.0024822354,0.8734429209519431,0.06224954093200829,0.994336600788243,0.9990515797829764,0.9952805449787111,1973,1949,0.0271014291793108,0.02601727284491062,1.0416706800460815,0.7596113681793213,-0.5023404955863953,0.6586944440522925,-0.6190476190476191,0.943540564091221,0.9893469469072456,0.9537003849264225,6.0,2.0,k562+TNFA_CREB1,k562+TNFA,CREB1,False,True,9
k562+TNFA_CSF1,0.016841115,0.004967581,3.3902044,0.993579,0.2869209,0.861273773235491,0.2706771709248776,0.9949761890113337,0.9986391955320674,0.9963320020512693,2280,1601,0.027017034590244293,0.030512087047100067,0.8854535222053528,0.6269461512565613,-0.21802693605422974,0.5085661643294952,0.11692307692307692,0.8426299187295275,0.9117820906712011,0.9241571284968235,21.0,4.0,k562+TNFA_CSF1,k562+TNFA,CSF1,False,True,9
k562+TNFA_CSF2,0.017551675,0.0019747585,8.888011,0.99335575,0.09019224,0.8627683743731145,0.13108840991008616,0.9948622766290686,0.9994364740152607,0.9954232234813133,2189,1841,,,,,,,,,,,,,k562+TNFA_CSF2,k562+TNFA,CSF2,False,False,9
k562+TNFA_DNM1L,0.019587964,0.019382711,1.0105895,0.9921663,0.5019506,0.8217192398978862,0.4761352083755702,0.9937463748088462,0.9953143755109806,0.9984246176477363,2643,1178,0.07848885655403137,0.15491242706775665,0.5066660046577454,0.8676612377166748,0.30298519134521484,0.5304866418576923,0.6415384615384615,0.9479658814556247,0.9328344607209857,1.0162209066793522,22.0,3.0,k562+TNFA_DNM1L,k562+TNFA,DNM1L,False,True,9
k562+TNFA_FADD,0.015841434,0.0019336524,8.1924925,0.9940474,0.22142178,0.874487054373225,0.16572815958018952,0.9954052688526773,0.9994443984796441,0.9959586249789273,2279,1748,,,,,,,,,,,,,k562+TNFA_FADD,k562+TNFA,FADD,False,True,9
k562+TNFA_FOS,0.019007077,0.0037057824,5.129032,0.9928597,0.07687856,0.8772485805452317,0.12477655601305555,0.9944403738028689,0.9989639112499252,0.9954717709057213,2059,1839,0.03589611500501633,0.047343309968709946,0.7582088112831116,0.20423424243927002,-0.9403328895568848,0.5,-1.0,0.9101788268839316,0.9761620764340864,0.9324054364095037,2.0,1.0,k562+TNFA_FOS,k562+TNFA,FOS,False,True,9
k562+TNFA_ID2,0.015693191,0.002054121,7.639857,0.9942335,0.26303464,0.8810951724840831,0.23038111672832381,0.9955276654999011,0.9994126772529697,0.9961127051502418,2243,1733,,,,,,,,,,,,,k562+TNFA_ID2,k562+TNFA,ID2,False,True,9
k562+TNFA_IKBKB,0.034191124,0.057531975,0.59429777,0.98850757,0.5712877,0.8062005244876576,0.4799950667485678,0.990353354708714,0.9869796195450928,1.0034182419746176,2619,1195,0.08637340366840363,0.19263818860054016,0.44837114214897156,0.4950438141822815,0.3770870566368103,0.5053169436855588,0.24307692307692308,0.8576765288490517,0.880167530706306,0.9744469080344215,23.0,2.0,k562+TNFA_IKBKB,k562+TNFA,IKBKB,False,True,9
k562+TNFA_IKBKE,0.021685576,0.0027366776,7.9240522,0.99197274,-0.01610034,0.8602124301498912,0.11371412784752617,0.9937242448179439,0.9992119841767112,0.9945079328053807,2220,1713,,,,,,,,,,,,,k562+TNFA_IKBKE,k562+TNFA,IKBKE,False,False,9
k562+TNFA_IKBKG,0.014346039,0.009582185,1.4971573,0.9948538,0.49212733,0.867603913692,0.3186019602757535,0.9958748127665393,0.9975206994239372,0.9983500225525662,2255,1605,0.06348598003387451,0.09416213631629944,0.6742198467254639,0.4013531506061554,0.9029587507247925,0.6876923076923077,0.08461538461538462,0.6002633625887687,0.9619075494533752,0.6240343606096879,18.0,7.0,k562+TNFA_IKBKG,k562+TNFA,IKBKG,False,True,9
k562+TNFA_IRF1,0.01778647,0.0015082634,11.792681,0.9935744,0.050600916,0.879436847975517,0.11103695877740388,0.9950317414517693,0.999563690440145,0.9954660728158502,2217,1845,,,,,,,,,,,,,k562+TNFA_IRF1,k562+TNFA,IRF1,False,True,9
k562+TNFA_ITCH,0.02216299,0.013409773,1.6527492,0.991331,0.29139444,0.8330996273117907,0.3229502918636519,0.9931001563071613,0.9965928223810141,0.9964953931079814,2388,1463,0.09806821495294571,0.11973389983177185,0.8190513849258423,0.9783652424812317,-0.030817043036222458,0.6646153846153847,-0.14692307692307693,0.9600603544069846,0.9524062988640213,1.0080365444370671,22.0,3.0,k562+TNFA_ITCH,k562+TNFA,ITCH,False,True,9
k562+TNFA_JUN,0.01572392,0.0033305308,4.721145,0.9941863,0.2895759,0.8767412778750184,0.20472517103472926,0.995477918197128,0.9990440014076438,0.9964305043566738,2194,1751,0.03126286342740059,0.03135932236909866,0.996924102306366,0.7272166013717651,-0.2883133590221405,0.6000000000000001,-0.19999999999999998,0.9629495915113857,0.9866118072700585,0.9760166910791938,2.0,2.0,k562+TNFA_JUN,k562+TNFA,JUN,False,True,9
k562+TNFA_JUNB,0.015961856,0.003485418,4.5796103,0.9939774,0.26513028,0.873925206966467,0.24076499877450597,0.9952917887362328,0.9990295125925155,0.9962586452060028,2248,1664,0.07874945551156998,0.12323015928268433,0.6390436887741089,0.9794884324073792,0.12212145328521729,0.942857142857143,0.08571428571428573,0.9906528419690036,0.9923697379868532,0.9982699028878766,5.0,1.0,k562+TNFA_JUNB,k562+TNFA,JUNB,False,True,9
k562+TNFA_KLF6,0.016939215,0.0022283767,7.6015944,0.99366605,0.13913725,0.8744193546571233,0.15053042941819303,0.9950866388926994,0.9993580687319885,0.9957258264350547,2166,1813,,,,,,,,,,,,,k562+TNFA_KLF6,k562+TNFA,KLF6,False,True,9
k562+TNFA_MAP2K3,0.028831368,0.009842381,2.9293084,0.9893993,-0.110936,0.8732038213015401,0.0096307937665751,0.9916393044869701,0.9971945105488705,0.9944291650193273,1859,2027,0.07359543442726135,0.09945957362651825,0.7399532198905945,0.8101634979248047,0.5401542782783508,0.6107692307692307,0.3638461538461538,0.7804024874141069,0.7024425142353152,1.1109841326498575,13.0,12.0,k562+TNFA_MAP2K3,k562+TNFA,MAP2K3,False,True,9
k562+TNFA_MAP3K7,0.015392908,0.00472624,3.2569036,0.9944914,0.36106658,0.8797893115206198,0.25607901400063654,0.9956448848290839,0.9986916615042533,0.9969492318874674,2185,1709,0.026593608781695366,0.043361060321331024,0.6133062243461609,0.5921314358711243,0.2199726104736328,0.6249999999999999,0.2321428571428571,0.9039399741575419,0.971668606499207,0.9302965724233055,12.0,3.0,k562+TNFA_MAP3K7,k562+TNFA,MAP3K7,False,True,9
k562+TNFA_MAP3K14,0.017732363,0.0023883749,7.424447,0.9933559,0.099821016,0.8777072679818215,0.13563109337789062,0.9948575918217287,0.9993094240082758,0.9955450913605012,2139,1815,,,,,,,,,,,,,k562+TNFA_MAP3K14,k562+TNFA,MAP3K14,False,True,9
k562+TNFA_MAPK8,0.016590793,0.0021421951,7.7447624,0.9938736,0.18535285,0.8823670450671502,0.18690195749135316,0.9952447911338077,0.9993879858342394,0.9958542680528892,2167,1778,,,,,,,,,,,,,k562+TNFA_MAPK8,k562+TNFA,MAPK8,False,True,9
k562+TNFA_MAPK9,0.017440742,0.0023865905,7.307807,0.99346155,0.11478092,0.8787323258861239,0.1611963714357676,0.994933132870699,0.9993159678644112,0.995614164954175,2193,1769,,,,,,,,,,,,,k562+TNFA_MAPK9,k562+TNFA,MAPK9,False,False,9
k562+TNFA_MAPK14,0.026006794,0.008343038,3.117185,0.9901189,-0.062779404,0.8659048249550887,0.07756668944467275,0.9922647178088932,0.9976279730045361,0.99462399277008,2006,1880,0.046458709985017776,0.07152697443962097,0.6495271325111389,0.8792646527290344,0.5063156485557556,0.7476923076923078,-0.15615384615384614,0.9328849265545406,0.9736456318787908,0.958135995284448,17.0,8.0,k562+TNFA_MAPK14,k562+TNFA,MAPK14,False,True,9
k562+TNFA_MMP9,0.016903384,0.0016336407,10.347063,0.9936609,0.09569788,0.8724825072211734,0.13892996676202068,0.9951022080893409,0.9995272915640604,0.9955728237617253,2206,1812,,,,,,,,,,,,,k562+TNFA_MMP9,k562+TNFA,MMP9,False,True,9
k562+TNFA_MTF1,0.020820621,0.0043305247,4.807875,0.9922598,-0.011210404,0.8769485092693609,0.05066383863504194,0.9939770969884425,0.9987491412552997,0.9952219791039226,1992,1967,0.15364953875541687,0.18110835552215576,0.8483846187591553,0.6415824294090271,0.3475044369697571,0.8571428571428573,0.0,0.7753085055830301,0.7676657785615627,1.0099558000824111,4.0,3.0,k562+TNFA_MTF1,k562+TNFA,MTF1,False,True,9
k562+TNFA_MTOR,0.031536303,0.057943903,0.5442558,0.986572,0.5854223,0.7950343206853556,0.6033067343681363,0.9887911671101347,0.9879667139623673,1.0008344948631527,2828,975,0.07181132584810257,0.21806712448596954,0.3293083608150482,0.052261073142290115,0.48880696296691895,0.1516551642600623,0.6023076923076923,0.7645182773042829,0.8011785210072593,0.954242103673865,25.0,0.0,k562+TNFA_MTOR,k562+TNFA,MTOR,False,True,9
k562+TNFA_MYC,0.017528083,0.003023844,5.7966228,0.993667,0.16242963,0.8797951302565629,0.14163268861022432,0.9950285659943534,0.9991501587475292,0.9958749015680062,2085,1854,,,,,,,,,,,,,k562+TNFA_MYC,k562+TNFA,MYC,False,True,9
k562+TNFA_NFAT5,0.022555018,0.029877942,0.75490534,0.9911292,0.51449084,0.8189888133369008,0.4846906800079313,0.9927504262927425,0.9930136991005062,0.9997348749488529,2618,1203,0.0755157396197319,0.13000905513763428,0.580849826335907,0.35406023263931274,0.16064511239528656,0.19699886029202546,0.19230769230769232,0.8478768849143755,0.8945768734150301,0.9477965618288585,22.0,3.0,k562+TNFA_NFAT5,k562+TNFA,NFAT5,False,True,9
k562+TNFA_NFKB1,0.017681666,0.0069519943,2.5433948,0.99319655,0.34242278,0.8498195335456605,0.31532228490833386,0.9946620312594913,0.9981514601509398,0.9965041088143869,2388,1484,0.0401286743581295,0.11166871339082718,0.3593546748161316,0.9282484650611877,0.8222740292549133,0.5788064693979578,0.39384615384615385,0.9188352021463865,0.9741702661223619,0.9431977489969654,21.0,4.0,k562+TNFA_NFKB1,k562+TNFA,NFKB1,False,True,9
k562+TNFA_NFKBIA,0.017727362,0.0019473005,9.103558,0.9934942,0.07574561,0.8806466485847504,0.13801698359897016,0.9949645070388187,0.9994368238947686,0.9955251630227897,2230,1803,0.0072546955198049545,0.7268015146255493,0.009981673210859299,,,,,,,,1.0,0.0,k562+TNFA_NFKBIA,k562+TNFA,NFKBIA,False,True,9
k562+TNFA_NFKBIE,0.01899622,0.002567199,7.39959,0.99283576,-0.01154339,0.876798413517155,0.11555925946722886,0.9944463960284551,0.9992609663891732,0.9951818688784417,2165,1797,,,,,,,,,,,,,k562+TNFA_NFKBIE,k562+TNFA,NFKBIE,False,True,9
k562+TNFA_NKX3-1,0.017683346,0.0021943066,8.05874,0.99352735,0.08121014,0.8797212101406363,0.11141525044313053,0.9949678932976436,0.9993725537389629,0.9955925741358014,2076,1874,,,,,,,,,,,,,k562+TNFA_NKX3-1,k562+TNFA,NKX3-1,False,True,9
k562+TNFA_PDCD5,0.02163212,0.005403442,4.0033965,0.99221045,0.2453509,0.8271522129289134,0.2349362904948616,0.9938702175661943,0.9985140116129959,0.9953492950596656,2330,1556,0.01370839960873127,0.04940372332930565,0.27747705578804016,0.6853333115577698,0.6096527576446533,0.6315384615384615,0.5107692307692308,0.8905926332888202,0.9659151684108708,0.9220195131152442,23.0,2.0,k562+TNFA_PDCD5,k562+TNFA,PDCD5,False,True,9
k562+TNFA_PIK3CA,0.018205179,0.0033510854,5.4326215,0.99312663,0.15162472,0.8667864649801179,0.16586371242153172,0.9946571941332141,0.999055776622553,0.9955972603409502,2167,1756,0.13295283913612366,0.045302849262952805,2.9347567558288574,1.0,-1.0,0.9999999999999999,-0.9999999999999999,0.9585430281761927,0.9962395571079112,0.9621611803478757,0.0,2.0,k562+TNFA_PIK3CA,k562+TNFA,PIK3CA,False,True,9
k562+TNFA_PTGS2,0.018906016,0.002716778,6.9589844,0.9933245,0.10197405,0.8736172648598448,0.10571008406119835,0.9948083793858125,0.9992288189745244,0.9955761488211994,2100,1873,,,,,,,,,,,,,k562+TNFA_PTGS2,k562+TNFA,PTGS2,False,True,9
k562+TNFA_RELB,0.016226301,0.002522144,6.4335346,0.99400616,0.21989945,0.8791862293212361,0.19374271569089183,0.9953271466791463,0.9992926926512972,0.9960316471827393,2184,1762,,,,,,,,,,,,,k562+TNFA_RELB,k562+TNFA,RELB,False,True,9
k562+TNFA_REPIN1,0.015677873,0.001581104,9.915776,0.9941292,0.2067014,0.8792421530353918,0.19092208886540357,0.9954545960576835,0.9995471143327557,0.9959056274422801,2270,1726,,,,,,,,,,,,,k562+TNFA_REPIN1,k562+TNFA,REPIN1,False,True,9
k562+TNFA_SOX4,0.018427862,0.006780959,2.7175891,0.9931557,0.25470108,0.859250481942464,0.2126812828855727,0.9945846606511615,0.99818403608675,0.9963940763371658,2110,1756,0.03217427805066109,0.08580360561609268,0.3749758303165436,0.9376238584518433,0.6753049492835999,0.5504904891213617,0.5569230769230769,0.9607508833320755,0.9620857038544184,0.9986125762840097,24.0,1.0,k562+TNFA_SOX4,k562+TNFA,SOX4,False,True,9
k562+TNFA_SOX9,0.020728678,0.013613249,1.5226841,0.99187183,0.35933658,0.831670463646306,0.3705025150011724,0.993545591842169,0.9965578422468657,0.9969773451404433,2454,1375,0.06267278641462326,0.12080785632133484,0.5187807083129883,0.8300265073776245,0.3814601004123688,0.8192693435020361,-0.012307692307692308,0.9153201818119362,0.9443502062405836,0.9692592597144499,21.0,4.0,k562+TNFA_SOX9,k562+TNFA,SOX9,False,True,9
k562+TNFA_TNFRSF1A,0.015528401,0.019037234,0.8156858,0.99400115,0.66131973,0.7964333099892352,0.4564308823552043,0.9952269931962893,0.995036306486044,1.0001916379422562,2599,1234,0.1359756886959076,0.6261208057403564,0.21717165410518646,0.6532912254333496,0.9213554263114929,0.5046153846153847,0.8023076923076922,0.8142582556043262,0.9540105536011982,0.8535107421303305,24.0,1.0,k562+TNFA_TNFRSF1A,k562+TNFA,TNFRSF1A,False,True,9
k562+TNFA_TNFRSF1B,0.015586848,0.0018777286,8.300906,0.9943162,0.27278644,0.8813450635371167,0.22159032873099707,0.9955956179754032,0.9994624552284544,0.9961310830308604,2279,1713,,,,,,,,,,,,,k562+TNFA_TNFRSF1B,k562+TNFA,TNFRSF1B,False,True,9
k562+TNFA_TRAF1,0.018050889,0.005174484,3.4884422,0.9931346,0.20656493,0.8664714420829549,0.20246230713015045,0.9946025870659662,0.9985976748965499,0.9959993018900253,2171,1712,0.037466246634721756,0.0629279688000679,0.5953830480575562,0.8756017088890076,0.433804452419281,0.8159261547354354,0.44846153846153847,0.9365278704399337,0.963703503850833,0.9718008357318313,19.0,6.0,k562+TNFA_TRAF1,k562+TNFA,TRAF1,False,True,9
k562+TNFA_TRAF2,0.020381073,0.0090418,2.2540946,0.9925145,0.20148982,0.8690804806561184,0.1935067502093815,0.9940096905777592,0.997566490689599,0.9964345232673353,2067,1780,0.09335145354270935,0.1295526623725891,0.7205676436424255,0.11488208919763565,0.24263867735862732,0.45393345713711164,0.17615384615384613,0.5967396808275435,0.7125525215096988,0.8374676431755789,17.0,8.0,k562+TNFA_TRAF2,k562+TNFA,TRAF2,False,True,9
k562+TNFA_TRAF3,0.024345681,0.0052930433,4.599562,0.9908722,-0.14466693,0.8710995817846983,0.010790937601817303,0.9929496431882229,0.9984670609626161,0.9944741113752177,2014,1951,0.6773890256881714,0.28074678778648376,2.412811279296875,0.5099385380744934,-0.31970855593681335,0.28921568627450983,-0.25000000000000006,0.6567087914862201,0.8760326254039288,0.7496396509016078,9.0,8.0,k562+TNFA_TRAF3,k562+TNFA,TRAF3,False,True,9
k562+TNFA_ZFP36L1,0.02020773,0.002882634,7.010161,0.9926615,0.1687386,0.8422736176398332,0.18457107692002866,0.9942672538692313,0.9991878248068886,0.9950754294483038,2265,1681,0.03958114609122276,0.5123387575149536,0.07725580781698227,,,,,,,,1.0,0.0,k562+TNFA_ZFP36L1,k562+TNFA,ZFP36L1,False,True,9
k562+TNFA_ZNF22,0.017712042,0.0020459965,8.656927,0.9933461,0.051767424,0.8766148924582291,0.12426762374212416,0.9948392696405998,0.9994116380123322,0.9954249398367762,2144,1827,,,,,,,,,,,,,k562+TNFA_ZNF22,k562+TNFA,ZNF22,False,True,9
k562+TNFA_ZNF267,0.021470357,0.01077567,1.9924846,0.99219877,0.35163042,0.8293880502303084,0.3800166263335576,0.9938221298737082,0.9971799847999236,0.9966326490930429,2525,1328,0.059610094875097275,0.10280901193618774,0.5798138976097107,0.9400354623794556,0.3710784316062927,0.6756807119991515,0.4592307692307693,0.9474540050291517,0.9460571290832694,1.0014765238831145,21.0,4.0,k562+TNFA_ZNF267,k562+TNFA,ZNF267,False,True,9
mcf7+IFNG_ATF3,0.031490393,0.0030079188,10.469163,0.9913542,0.14289597,0.8241570575798021,0.1404862631462116,0.9931747306068521,0.9992164530514102,0.9939535398700574,1953,1621,,,,,,,,,,,,,mcf7+IFNG_ATF3,mcf7+IFNG,ATF3,False,True,9
mcf7+IFNG_ATF5,0.034441918,0.0039634528,8.6898775,0.98986614,-0.026076699,0.8050691775575864,0.0724262312024302,0.9920229816450945,0.9989889417018611,0.9930269898234313,1906,1674,0.010715230368077755,0.1231091171503067,0.08703847974538803,1.0,1.0,0.9999999999999999,0.9999999999999999,0.9998622228927552,0.9833439277780259,1.0167980852356044,2.0,0.0,mcf7+IFNG_ATF5,mcf7+IFNG,ATF5,False,True,9
mcf7+IFNG_BATF2,0.031033581,0.0030223094,10.268168,0.9912455,0.13342147,0.8222326673746619,0.1216513428894547,0.9931265221245915,0.9992069108544,0.9939147851523471,1965,1678,,,,,,,,,,,,,mcf7+IFNG_BATF2,mcf7+IFNG,BATF2,False,True,9
mcf7+IFNG_CEBPB,0.034139022,0.007190151,4.748026,0.989985,0.11199613,0.8067792675002678,0.11748294073851397,0.9920907217763942,0.9981446828830451,0.9939347859979932,1919,1626,0.13903549313545227,0.14063654839992523,0.9886156320571899,0.6594552993774414,0.034221310168504715,0.5208791208791209,0.1164835164835165,0.8104686950917939,0.7659448143013309,1.0581293586158373,11.0,3.0,mcf7+IFNG_CEBPB,mcf7+IFNG,CEBPB,False,True,9
mcf7+IFNG_CEBPE,0.03261454,0.0033493782,9.737491,0.9903789,0.018663552,0.812310754724616,0.10254741720385332,0.9924470070290484,0.9991296007911634,0.9933115846464529,1924,1646,,,,,,,,,,,,,mcf7+IFNG_CEBPE,mcf7+IFNG,CEBPE,False,True,9
mcf7+IFNG_CLK1,0.054743104,0.051639583,1.0600996,0.98384404,0.31589985,0.7397900868585063,0.3215859028966097,0.9868146856898213,0.9906041983863061,0.9961745440785958,2233,1166,0.33945274353027344,0.3331519663333893,1.018912672996521,0.4204745292663574,-0.10825693607330322,0.46153846153846156,0.009999999999999998,0.8593523634267005,0.9596839117040045,0.8954535477216072,18.0,7.0,mcf7+IFNG_CLK1,mcf7+IFNG,CLK1,False,True,9
mcf7+IFNG_CUL1,0.038580336,0.00854422,4.5153728,0.9884846,0.21636258,0.7612819094210272,0.1930948435115691,0.990780737637418,0.997744377139058,0.9930206176439625,2102,1527,0.29115504026412964,0.5657768845558167,0.5146110653877258,0.9463596940040588,0.8912699222564697,0.8909090909090909,0.8787878787878788,0.9723986843088401,0.9281144159224071,1.0477142339637309,8.0,2.0,mcf7+IFNG_CUL1,mcf7+IFNG,CUL1,False,True,9
mcf7+IFNG_EHF,0.03624804,0.0046869474,7.7338266,0.98950326,-0.017848317,0.8098581421052895,0.04600099326191324,0.9917299656944871,0.9988022223851913,0.9929192621600147,1854,1697,0.3610166013240814,0.2719675302505493,1.3274253606796265,1.0,-1.0,0.9999999999999999,-0.9999999999999999,0.9993923987432155,0.9970243193661847,1.0023751470561282,0.0,2.0,mcf7+IFNG_EHF,mcf7+IFNG,EHF,False,True,9
mcf7+IFNG_ETV7,0.03401239,0.002265238,15.01493,0.9907639,0.024586,0.8236460538168694,0.11791711303877439,0.9927685114440329,0.9994025042823668,0.9933620410095956,2102,1622,,,,,,,,,,,,,mcf7+IFNG_ETV7,mcf7+IFNG,ETV7,False,True,9
mcf7+IFNG_FBXO6,0.038367555,0.005812271,6.6011295,0.98912245,-0.052588712,0.7977454301073009,0.02110665166264737,0.9913948932145072,0.9985532011682102,0.9928313204090393,1783,1738,0.02979033812880516,0.11902613937854767,0.25028398633003235,0.4813847541809082,0.988623321056366,0.7999999999999999,1.0,0.9316702753967945,0.9871073906512426,0.9438388205989688,3.0,1.0,mcf7+IFNG_FBXO6,mcf7+IFNG,FBXO6,False,True,9
mcf7+IFNG_FMNL2,0.035704963,0.0044626687,8.00081,0.98969316,-0.042744685,0.8001652896948982,0.030532830629032864,0.9918771750760854,0.9988704732446133,0.9929987937817286,1802,1741,0.39092695713043213,0.17024457454681396,2.296266794204712,-1.0,1.0,-0.9999999999999999,0.9999999999999999,0.9933892740365554,0.9999136928450012,0.9934750180389247,0.0,2.0,mcf7+IFNG_FMNL2,mcf7+IFNG,FMNL2,False,True,9
mcf7+IFNG_FOXN3,0.032453984,0.002728201,11.895745,0.9910153,0.062851794,0.827264008638848,0.1159817150512759,0.9929297903920541,0.9992896363224584,0.9936356330544871,1983,1645,,,,,,,,,,,,,mcf7+IFNG_FOXN3,mcf7+IFNG,FOXN3,False,True,9
mcf7+IFNG_GUK1,0.03242314,0.0036968002,8.770596,0.99041724,0.08237551,0.8124428004535922,0.13720397229461284,0.9924835674930953,0.9990274701131006,0.9934497270437774,2022,1611,0.010095602832734585,0.04998072236776352,0.20198993384838104,,,,,,,,1.0,0.0,mcf7+IFNG_GUK1,mcf7+IFNG,GUK1,False,True,9
mcf7+IFNG_HLA-DQB1,0.03142607,0.006363287,4.938653,0.9906067,0.15018259,0.802869170926955,0.13342941340317765,0.9925583588223393,0.9984587593204998,0.9940904915269851,1909,1609,0.2478116750717163,0.26194334030151367,0.9460507035255432,0.9912129640579224,-0.6426450610160828,0.8999999999999998,-0.49999999999999994,0.9609894278774903,0.9949783803393522,0.9658395065325245,4.0,1.0,mcf7+IFNG_HLA-DQB1,mcf7+IFNG,HLA-DQB1,False,False,9
mcf7+IFNG_HLX,0.032594763,0.014485443,2.2501738,0.9888642,0.30684268,0.7449185534228796,0.2846257616820137,0.9910768650818051,0.9966340485126679,0.9944240481858351,2178,1274,0.14656014740467072,0.27125346660614014,0.5403069853782654,0.7893171310424805,0.4153836667537689,0.6415384615384615,0.3623076923076923,0.8817529961012438,0.9677416323167068,0.9111450480748543,22.0,3.0,mcf7+IFNG_HLX,mcf7+IFNG,HLX,False,True,9
mcf7+IFNG_IFI16,0.043648016,0.037989076,1.1489623,0.98498976,0.3606301,0.7261087070413481,0.3720390278357713,0.9878166879833683,0.9924861935724894,0.9952951430263095,2298,1068,0.09429886937141418,0.28105849027633667,0.33551332354545593,0.5753057599067688,0.16089151799678802,0.46153846153846156,0.1946153846153846,0.8738816524690114,0.9419017386894997,0.9277843076124618,25.0,0.0,mcf7+IFNG_IFI16,mcf7+IFNG,IFI16,False,True,9
mcf7+IFNG_IFNGR1,0.02951488,0.011333881,2.6041284,0.9917625,0.5297891,0.8204557505710465,0.17615559298314976,0.9935071065843779,0.9970599025158232,0.9964367277006319,1977,1562,0.2965606451034546,0.6762932538986206,0.4385089576244354,0.9126284718513489,0.894237220287323,0.9107692307692308,0.9238461538461539,0.9586187632818568,0.9808740644851549,0.9773107455797808,25.0,0.0,mcf7+IFNG_IFNGR1,mcf7+IFNG,IFNGR1,False,True,9
mcf7+IFNG_IFNGR2,0.031254362,0.006527069,4.788422,0.99078906,0.46771866,0.8259478981954536,0.2060825141585059,0.9928032637385942,0.998277780995783,0.9945160381595111,2175,1554,0.026407873257994652,0.10014890879392624,0.26368609070777893,-0.8151400089263916,0.8947262167930603,-0.7999999999999999,1.0,0.6211195632189592,0.8461491403431995,0.7340544752749285,4.0,0.0,mcf7+IFNG_IFNGR2,mcf7+IFNG,IFNGR2,False,True,9
mcf7+IFNG_IRF1,0.029454678,0.0025115884,11.72751,0.99148816,0.18140326,0.8299465104379896,0.16683699885112724,0.9933470054627526,0.9993380822086882,0.994004955027137,2113,1612,,,,,,,,,,,,,mcf7+IFNG_IRF1,mcf7+IFNG,IRF1,False,True,9
mcf7+IFNG_IRF2,0.038579717,0.016682856,2.3125367,0.9879699,0.14498842,0.7862890990191366,0.19333567360439324,0.9903477202236102,0.9963272960173585,0.993998382040068,1997,1434,0.25889304280281067,0.2391563355922699,1.0825263261795044,0.866359531879425,-0.13973715901374817,0.8278515252195459,0.01769230769230769,0.9411725447589667,0.954529918522644,0.9860063330604127,16.0,9.0,mcf7+IFNG_IRF2,mcf7+IFNG,IRF2,False,True,9
mcf7+IFNG_IRF5,0.031547848,0.0027855672,11.325466,0.99001276,0.057893448,0.7837672466921808,0.11903461038480168,0.9921248665040063,0.9992703197350886,0.9928493290654559,2025,1613,,,,,,,,,,,,,mcf7+IFNG_IRF5,mcf7+IFNG,IRF5,False,False,9
mcf7+IFNG_IRF7,0.033064235,0.0033289383,9.932366,0.98997843,-0.04533786,0.8129107768783933,0.04907430565759026,0.9921288245243998,0.999133682264193,0.9929890685659609,1889,1692,,,,,,,,,,,,,mcf7+IFNG_IRF7,mcf7+IFNG,IRF7,False,True,9
mcf7+IFNG_IRF9,0.042502936,0.028891787,1.4711078,0.987437,0.24848932,0.7847141962836753,0.21752513135831758,0.989793487774177,0.9940103713379377,0.9957577066745442,2020,1398,0.11761485040187836,0.20524419844150543,0.5730483531951904,0.4224063754081726,0.014730066061019897,0.37461538461538463,-0.05153846153846154,0.8658759960290165,0.9486868817882073,0.9127099917276204,20.0,5.0,mcf7+IFNG_IRF9,mcf7+IFNG,IRF9,False,True,9
mcf7+IFNG_JAK1,0.03237547,0.0035295892,9.172588,0.99038136,0.19402811,0.8257445540764481,0.1380678940371532,0.9924582916460396,0.9990780445249224,0.9933741383717118,2035,1616,,,,,,,,,,,,,mcf7+IFNG_JAK1,mcf7+IFNG,JAK1,False,True,9
mcf7+IFNG_JAK2,0.034246825,0.0044164793,7.7543273,0.9899228,0.28408763,0.8274925710425417,0.18787389662214804,0.9921119666867587,0.9988375438750221,0.9932665955244621,2124,1569,0.5108209252357483,0.1981937736272812,2.5773813724517822,,,,,,,,0.0,1.0,mcf7+IFNG_JAK2,mcf7+IFNG,JAK2,False,True,9
mcf7+IFNG_JUN,0.033833925,0.0037530125,9.015138,0.9902756,0.0046752035,0.8178797516311274,0.08935996325417715,0.9923371847016332,0.9990332547491422,0.9932974502943945,1885,1658,,,,,,,,,,,,,mcf7+IFNG_JUN,mcf7+IFNG,JUN,False,True,9
mcf7+IFNG_KIN,0.03957113,0.004210547,9.398097,0.98724973,0.22198565,0.6969345974652087,0.2109729990048907,0.9894309950942448,0.9989363470947814,0.990484526838791,2119,1438,,,,,,,,,,,,,mcf7+IFNG_KIN,mcf7+IFNG,KIN,False,True,9
mcf7+IFNG_KLF4,0.03320323,0.006275579,5.290863,0.9891641,0.041962147,0.7706384539519368,0.11397082066061678,0.9914256456952527,0.9984509789471842,0.992963767475756,1933,1572,0.2687567174434662,0.28866758942604065,0.9310249090194702,0.9948590397834778,0.3969806432723999,1.0,0.5,0.9807352083071866,0.9832673033624215,0.9974248151580185,2.0,1.0,mcf7+IFNG_KLF4,mcf7+IFNG,KLF4,False,True,9
mcf7+IFNG_MAFB,0.039843403,0.008091853,4.923891,0.9891725,-0.033831738,0.8172850159370019,0.0215549376288034,0.9913295971546101,0.9980402665015483,0.9932761537062414,1724,1758,0.046076446771621704,0.0781853049993515,0.5893236398696899,0.26094263792037964,0.19220075011253357,0.6000000000000001,-0.19999999999999998,0.8851996047421448,0.9852879296465928,0.8984171815234272,2.0,2.0,mcf7+IFNG_MAFB,mcf7+IFNG,MAFB,False,True,9
mcf7+IFNG_MAFF,0.03224573,0.0028352598,11.373113,0.99056804,0.016969863,0.8114838133493123,0.08570336678213185,0.992600524382162,0.999262290272463,0.9933333160320854,1915,1678,,,,,,,,,,,,,mcf7+IFNG_MAFF,mcf7+IFNG,MAFF,False,True,9
mcf7+IFNG_MCRS1,0.038757805,0.021597445,1.7945551,0.98610914,0.36110747,0.7222599833003711,0.3716042343821702,0.9887176547299086,0.9953357511850127,0.9933508904435263,2352,1073,0.1905771791934967,0.2491270899772644,0.7649797797203064,0.8457475304603577,-0.08473695814609528,0.6447393848828806,0.03923076923076923,0.8987921616217067,0.8979262026231708,1.0009643988514938,20.0,5.0,mcf7+IFNG_MCRS1,mcf7+IFNG,MCRS1,False,True,9
mcf7+IFNG_MYC,0.03423406,0.0043836106,7.8095584,0.9902796,0.018826488,0.8247344656648161,0.08693985877381936,0.9923045077282382,0.9988878311528272,0.9934093466560794,1886,1667,,,,,,,,,,,,,mcf7+IFNG_MYC,mcf7+IFNG,MYC,False,True,9
mcf7+IFNG_NFKB1,0.032855738,0.0036187482,9.07931,0.98979497,0.06752531,0.7882835308747477,0.12280594107241777,0.9919438328724234,0.9990648819159648,0.9928722857019207,1996,1583,0.16091743111610413,0.16896313428878784,0.9523819088935852,-1.0,1.0,-0.9999999999999999,0.9999999999999999,0.9846223006208572,0.9994465576764434,0.9851675340299832,1.0,1.0,mcf7+IFNG_NFKB1,mcf7+IFNG,NFKB1,False,True,9
mcf7+IFNG_PARP12,0.03101413,0.0025537198,12.144688,0.99099463,0.08381967,0.8286011816831356,0.13710173413886106,0.9929542846649722,0.9993263742705709,0.9936236150974701,2047,1635,,,,,,,,,,,,,mcf7+IFNG_PARP12,mcf7+IFNG,PARP12,False,True,9
mcf7+IFNG_PIK3CA,0.03312658,0.006516979,5.0831194,0.99014044,0.12210365,0.8006132334553152,0.15651366816211496,0.9921869219813653,0.9984131618740009,0.9937638643695872,1945,1541,0.10052891820669174,0.11980022490024567,0.8391379714012146,0.3253181576728821,0.4568961560726166,-0.09999999999999999,0.39999999999999997,0.7871849147385119,0.9597548356505065,0.8201937468801297,2.0,3.0,mcf7+IFNG_PIK3CA,mcf7+IFNG,PIK3CA,False,True,9
mcf7+IFNG_PLEK,0.034313112,0.004495941,7.63202,0.98974514,0.016693775,0.8067113245322357,0.08712523412804954,0.9919244985100679,0.9988440352745875,0.993072455238102,1863,1671,0.039319634437561035,0.09428836405277252,0.4170147180557251,1.0,1.0,0.9999999999999999,0.9999999999999999,0.985128862089302,0.9857685042853278,0.9993511233182586,2.0,0.0,mcf7+IFNG_PLEK,mcf7+IFNG,PLEK,False,False,9
mcf7+IFNG_PPARG,0.041366022,0.017559292,2.355791,0.98700136,0.12544839,0.776025239398786,0.1815999115605636,0.9895842437590167,0.9961614542867543,0.9933974452640844,2007,1434,0.15287461876869202,0.20510078966617584,0.7453634142875671,0.7253763675689697,0.15029355883598328,0.6316599462874045,0.31692307692307686,0.9112887339441617,0.9586768700542116,0.9505692297474849,20.0,5.0,mcf7+IFNG_PPARG,mcf7+IFNG,PPARG,False,False,9
mcf7+IFNG_PRDM1,0.033227812,0.0025112017,13.231837,0.9905813,5.4998323e-05,0.8276214604176115,0.08761420567411878,0.9925978895153335,0.9993379688116568,0.9932554556049359,1953,1672,,,,,,,,,,,,,mcf7+IFNG_PRDM1,mcf7+IFNG,PRDM1,False,True,9
mcf7+IFNG_PTGES3,0.066601306,0.044658605,1.4913431,0.98368,0.08820502,0.7832497043127392,0.13160565997420837,0.9865916925424602,0.9918110678396215,0.9947375306987345,1915,1495,0.4240034818649292,0.423857718706131,1.000343918800354,0.9286460876464844,-0.4455566108226776,0.7315384615384616,-0.2723076923076923,0.9271742094647821,0.9294100809927182,0.9975943110865035,18.0,7.0,mcf7+IFNG_PTGES3,mcf7+IFNG,PTGES3,False,True,9
mcf7+IFNG_PTPN11,0.032075234,0.0020955775,15.306154,0.9910155,0.0550922,0.8244744014575004,0.10385373608161518,0.9929813111043292,0.9994485296664994,0.9935292129907598,2112,1653,,,,,,,,,,,,,mcf7+IFNG_PTPN11,mcf7+IFNG,PTPN11,False,True,9
mcf7+IFNG_RARRES3,0.04423509,0.023926929,1.8487576,0.9869263,0.15918776,0.7721514134438996,0.18719083752150792,0.9894818175885802,0.9952369158695394,0.994217358511133,2013,1414,0.2249765843153,0.23504245281219482,0.9571742415428162,0.6359282732009888,-0.09959109127521515,0.7753846153846154,-0.052307692307692305,0.8356767559249816,0.9382435024855866,0.8906821669546486,18.0,7.0,mcf7+IFNG_RARRES3,mcf7+IFNG,RARRES3,False,True,9
mcf7+IFNG_RFX5,0.036333784,0.009266234,3.9210951,0.98953867,0.067229405,0.8107854397570468,0.11900562813285608,0.9916781647363975,0.9978820706551034,0.9937829267594386,1899,1575,0.045377518981695175,0.22424988448619843,0.20235247910022736,0.8100126385688782,0.8664141297340393,0.6747600225861097,0.6713721061547149,0.9157873905236692,0.9790177737709526,0.9354144685200817,20.0,2.0,mcf7+IFNG_RFX5,mcf7+IFNG,RFX5,False,True,9
mcf7+IFNG_RNF14,0.032980878,0.0048289266,6.829857,0.99037665,0.048479818,0.8132198921734631,0.09487000556267622,0.9923964689279071,0.9987810275259068,0.9936076493024553,1869,1669,,,,,,,,,,,,,mcf7+IFNG_RNF14,mcf7+IFNG,RNF14,False,True,9
mcf7+IFNG_RUNX1,0.030490497,0.0020583747,14.8129,0.9912294,0.10986294,0.8258853743314631,0.15871423014413338,0.9931482494700301,0.9994587258842399,0.9936861060384191,2157,1585,,,,,,,,,,,,,mcf7+IFNG_RUNX1,mcf7+IFNG,RUNX1,False,True,9
mcf7+IFNG_SOX2,0.09808577,0.071655594,1.3688501,0.9785687,0.041276142,0.781605870430745,0.08240981481689676,0.9819756022809055,0.9868864313018134,0.9950239167698051,1793,1564,1.0483955144882202,0.7630620002746582,1.3739322423934937,0.9114521741867065,-0.47199442982673645,0.6522837775185873,-0.44307692307692315,0.8913068922678347,0.8917373346142748,0.9995172991757417,15.0,10.0,mcf7+IFNG_SOX2,mcf7+IFNG,SOX2,False,False,9
mcf7+IFNG_SP100,0.03279134,0.0030985158,10.582918,0.99044085,0.008230682,0.8229712616370328,0.08510772562442731,0.992495479637366,0.9991907917116941,0.9932992656358867,1902,1712,1.0150758028030396,0.9605883955955505,1.0567229986190796,,,,,,,,0.0,1.0,mcf7+IFNG_SP100,mcf7+IFNG,SP100,False,True,9
mcf7+IFNG_SP110,0.032810237,0.006021821,5.4485574,0.9898826,0.12529276,0.7825407078223573,0.13416405234814072,0.9919908493680506,0.9985418123318317,0.9934394705530828,1953,1546,0.04414686560630798,0.1498691737651825,0.29456934332847595,0.8644585609436035,0.7087035179138184,0.3714285714285715,0.942857142857143,0.945076649186134,0.9893794921982594,0.9552215875086608,5.0,1.0,mcf7+IFNG_SP110,mcf7+IFNG,SP110,False,True,9
mcf7+IFNG_SRC,0.032414686,0.002347682,13.807103,0.9908064,0.06794871,0.8171531282387932,0.11434232553447359,0.9928087041730836,0.999380948807746,0.9934236842892563,2019,1647,,,,,,,,,,,,,mcf7+IFNG_SRC,mcf7+IFNG,SRC,False,True,9
mcf7+IFNG_STAT1,0.03615977,0.0037584282,9.620982,0.98911065,0.029652493,0.8273558774484872,0.09695630695315154,0.9914607235176118,0.9990129954182067,0.9924402666079101,1990,1619,,,,,,,,,,,,,mcf7+IFNG_STAT1,mcf7+IFNG,STAT1,False,True,9
mcf7+IFNG_STAT2,0.038461126,0.008609884,4.4670897,0.987159,0.102191776,0.764737760912726,0.1631183692662756,0.9897722661707307,0.9979497715635824,0.9918056944088085,1991,1476,0.07820998132228851,0.10233111679553986,0.7642834782600403,0.6653708219528198,0.05172330141067505,0.7023076923076923,-0.06230769230769231,0.8925306400833071,0.9678011584957337,0.9222252238988631,21.0,4.0,mcf7+IFNG_STAT2,mcf7+IFNG,STAT2,False,True,9
mcf7+IFNG_STAT3,0.034093857,0.0036207645,9.4162035,0.99041486,0.018549182,0.8188263199046709,0.07530989298944506,0.9924415842755799,0.9990650007699573,0.9933703848205343,1875,1702,0.011481886729598045,0.13127535581588745,0.08746414631605148,,,,,,,,1.0,0.0,mcf7+IFNG_STAT3,mcf7+IFNG,STAT3,False,True,9
mcf7+IFNG_TAPBPL,0.057539593,0.022097409,2.6039069,0.987334,-0.008335125,0.8085239735373622,-0.015031523957700646,0.9895042306977979,0.9956562637842078,0.9938211275214323,1641,1805,0.29129183292388916,0.2653636336326599,1.0977082252502441,0.8793257474899292,-0.5268820524215698,0.7907692307692307,-0.3992307692307692,0.9476978071553075,0.9514362681685489,0.9960707184092975,15.0,10.0,mcf7+IFNG_TAPBPL,mcf7+IFNG,TAPBPL,False,False,9
mcf7+IFNG_TBX21,0.031932957,0.0027173264,11.751609,0.9910493,0.071220726,0.8240504394340115,0.10240477094054397,0.9929607289321836,0.9992904050034406,0.9936658292328593,1898,1691,,,,,,,,,,,,,mcf7+IFNG_TBX21,mcf7+IFNG,TBX21,False,True,9
mcf7+IFNG_TRAFD1,0.03224922,0.002709466,11.902427,0.9905104,0.016159434,0.8144207474574225,0.08059029264067853,0.9925659175663195,0.9992902772671659,0.9932708644787018,1919,1694,0.06345883011817932,0.0862758532166481,0.7355340719223022,,,,,,,,1.0,0.0,mcf7+IFNG_TRAFD1,mcf7+IFNG,TRAFD1,False,True,9
mcf7+IFNG_TSC22D1,0.034471773,0.0056919525,6.0562296,0.9899394,0.057699718,0.792565853321255,0.06620749730047423,0.9920445120877764,0.9985986028977168,0.9934367114164572,1799,1690,,,,,,,,,,,,,mcf7+IFNG_TSC22D1,mcf7+IFNG,TSC22D1,False,True,9
mcf7+IFNG_ZC3H3,0.032905377,0.0052213906,6.3020334,0.9894431,0.08240442,0.7754375704766748,0.11555444908979327,0.9916451949396876,0.9987094385193261,0.9929266277986599,1925,1595,,,,,,,,,,,,,mcf7+IFNG_ZC3H3,mcf7+IFNG,ZC3H3,False,False,9
mcf7+IFNG_ZFP36,0.03495582,0.0049656243,7.0395617,0.9902468,0.046212547,0.7980943461558311,0.07753607706275674,0.9922942734043889,0.9987819637338382,0.9935043977914901,1824,1698,0.22325758635997772,0.16190654039382935,1.378928780555725,1.0,-1.0,0.9999999999999999,-0.9999999999999999,0.9989617726634683,0.9920854944091106,1.0069311347591603,0.0,2.0,mcf7+IFNG_ZFP36,mcf7+IFNG,ZFP36,False,True,9
mcf7+IFNG_ZNF267,0.037765138,0.009741378,3.8767757,0.98845375,0.06143544,0.7801222994938096,0.12731190739837234,0.9908238053251542,0.9976873519192201,0.9931205436443965,1902,1573,0.1739545613527298,0.13067089021205902,1.3312418460845947,0.9543768167495728,-0.4384826719760895,0.5493364210099961,-0.25461538461538463,0.9599413165709987,0.9593271481535929,1.0006402074814498,19.0,6.0,mcf7+IFNG_ZNF267,mcf7+IFNG,ZNF267,False,True,9
mcf7+IFNG_ZNFX1,0.032156225,0.0043813423,7.3393545,0.99050546,0.09048521,0.8035188339329271,0.12029753916400847,0.992506687448112,0.9988887246255518,0.9936108627316499,1925,1605,0.3947557210922241,0.3823418617248535,1.0324679613113403,0.9999176859855652,-0.7776378393173218,1.0,-0.5,0.9997858355934117,0.9937798858465743,1.0060435412633866,2.0,1.0,mcf7+IFNG_ZNFX1,mcf7+IFNG,ZNFX1,False,True,9
mcf7+TGFB_RBL1,0.015870914,0.019587459,0.8102589,0.9952732,0.47064143,0.8021607111825289,0.4382115670752626,0.9959860595992808,0.9954246173919141,1.0005640228276027,2048,930,,,,,,,,,,,,,mcf7+TGFB_RBL1,mcf7+TGFB,RBL1,True,False,9
mcf7+TGFB_RELA,0.010372316,0.007846214,1.3219517,0.9971771,0.41992825,0.8047442468955434,0.3303782194485262,0.9976324327437353,0.9979554719816525,0.9996762989462088,1918,1150,0.22123363614082336,0.5779908895492554,0.38276317715644836,,,,,,,,1.0,0.0,mcf7+TGFB_RELA,mcf7+TGFB,RELA,True,False,9
mcf7+TNFA_ARID5B,0.005391655,0.008507069,0.63378525,0.99819255,0.5929056,0.8398947403372283,0.42823754621795335,0.9985668555727298,0.9978287299353947,1.000739731794837,2517,1301,0.05030115693807602,0.2629472315311432,0.1912975311279297,0.9646656513214111,0.8899796605110168,0.9217157316106097,0.8946153846153846,0.9731276227672107,0.9727485218033194,1.0003897214494744,25.0,0.0,mcf7+TNFA_ARID5B,mcf7+TNFA,ARID5B,True,False,9
mcf7+TNFA_CASP3,0.011548818,0.011746705,0.9831539,0.99620104,0.2948897,0.8301226064540524,0.3338031283000022,0.9970090678370378,0.9971326832082931,0.9998760291650881,2430,1363,0.1142084151506424,0.2264770120382309,0.5042825937271118,0.9510941505432129,0.8486233353614807,0.8263127677377253,0.57,0.9722620981435285,0.962154650522726,1.0105050135290738,25.0,0.0,mcf7+TNFA_CASP3,mcf7+TNFA,CASP3,True,False,9
mcf7+TNFA_IKBKE,0.011032103,0.00469825,2.3481302,0.99636936,0.017297583,0.8265365360613777,0.19735826871460038,0.9970607740058592,0.9987460232583691,0.9983126348308133,2300,1584,0.014670563861727715,0.024599408730864525,0.596378743648529,0.7784680128097534,-0.37026625871658325,0.6071428571428572,-0.3214285714285715,0.9479660650788885,0.952834719553977,0.9948903473234397,6.0,1.0,mcf7+TNFA_IKBKE,mcf7+TNFA,IKBKE,True,False,9
mcf7+TNFA_MAPK9,0.0033070121,0.0030152022,1.0967796,0.9988563,0.54986864,0.8543858120544076,0.3855861495331318,0.9991079098398306,0.9992058860102931,0.9999019459634553,2585,1357,0.013525914400815964,0.13647599518299103,0.09910837560892105,0.9745228886604309,0.9520724415779114,0.9505494505494506,0.9120879120879121,0.9844624222025099,0.9850185578009839,0.9994354059686799,13.0,0.0,mcf7+TNFA_MAPK9,mcf7+TNFA,MAPK9,True,False,9
