,MSEPred_all,MSECtrl_all,NormMSE_all,Pearson_all,NormPearson_all,Spearman_all,NormSpearman_all,PredCosine_all,CtrlCosine_all,NormCosine_all,SameDirect_all,DiffDirect_all,MSEPred_degs,MSECtrl_degs,NormMSE_degs,Pearson_degs,NormPearson_degs,Spearman_degs,NormSpearman_degs,PredCosine_degs,CtrlCosine_degs,NormCosine_degs,SameDirect_degs,DiffDirect_degs,cov_pert,covariate,perturbation,cov_seen,pert_seen,split
a549+IFNB_CEBPB,0.014678647,0.021038009,0.69772035,0.9961301,0.50356984,0.8762168789469844,0.4353306704499647,0.9969547238405919,0.9958052851638549,1.001154280554504,2312,1059,0.2726832330226898,0.493488073348999,0.552562952041626,0.9873997569084167,0.39521709084510803,0.9223076923076923,0.4684615384615385,0.9891013595924847,0.9735909380270524,1.0159311482467817,25.0,0.0,a549+IFNB_CEBPB,a549+IFNB,CEBPB,True,False,0
a549+IFNB_NFKB1,0.009211029,0.023609543,0.3901401,0.99707246,0.7160994,0.8390206688874767,0.6265418996467642,0.9977128777518982,0.9955900617333183,1.0021322189726203,2591,753,0.11026684939861298,0.3070290684700012,0.35914140939712524,0.975368857383728,0.5603281855583191,0.8084615384615383,0.46615384615384614,0.9751822350075331,0.9414060172865764,1.0358784808050305,25.0,0.0,a549+IFNB_NFKB1,a549+IFNB,NFKB1,True,False,0
a549+INS_HSF1,0.0063642217,0.0029337609,2.1693048,0.9985482,0.3782,0.8605527133935138,0.31928801332140255,0.9988442580691005,0.9993328364793415,0.9995110954104518,2268,1269,,,,,,,,,,,,,a549+INS_HSF1,a549+INS,HSF1,True,False,0
a549+INS_MAPK1,0.007450447,0.008668268,0.85950816,0.99779207,0.43108523,0.8655571331170258,0.35898240917919494,0.998282063622298,0.9980928442240489,1.0001895809586694,2202,1186,0.02676195092499256,0.10716143250465393,0.24973490834236145,0.9406517744064331,0.8790467381477356,0.9833333333333333,0.9,0.9663471498032824,0.9716681542645353,0.9945238459880571,9.0,0.0,a549+INS_MAPK1,a549+INS,MAPK1,True,False,0
a549+TGFB_NFKB1,0.004259775,0.006140868,0.69367635,0.99883854,0.5968919,0.8644471897876688,0.4741015620444288,0.9990856451715463,0.9986683736267442,1.0004178279355005,2450,1089,0.021323159337043762,0.07692132890224457,0.2772073745727539,0.8395832180976868,0.6570845246315002,0.49999999999999994,0.6,0.9764937315926987,0.9905777967957344,0.9857819696256124,5.0,0.0,a549+TGFB_NFKB1,a549+TGFB,NFKB1,True,False,0
a549+TGFB_PRKCA,0.004114746,0.0021869973,1.8814591,0.9990978,0.44300848,0.8800105127163094,0.32966311596056186,0.9992562373426355,0.9995009385829774,0.999755176577734,2295,1357,,,,,,,,,,,,,a549+TGFB_PRKCA,a549+TGFB,PRKCA,True,False,0
a549+TGFB_RUNX3,0.0028173274,0.0031525518,0.8936657,0.9991634,0.4523216,0.9016563896916043,0.3410173229702371,0.9993386846931455,0.9992952760447003,1.000043439261133,2291,1325,,,,,,,,,,,,,a549+TGFB_RUNX3,a549+TGFB,RUNX3,True,False,0
a549+TGFB_SMAD4,0.04263136,0.04388422,0.9714508,0.9873252,0.17341,0.8850218199308713,0.25343864860483944,0.9902315088614586,0.9897945584830496,1.0004414556280028,2115,1405,1.84186589717865,1.7724682092666626,1.0391530990600586,0.29550838470458984,-0.22499847412109375,0.29692307692307696,-0.10076923076923076,0.8920206179445928,0.8963342351085282,0.9951874903412419,10.0,15.0,a549+TGFB_SMAD4,a549+TGFB,SMAD4,True,False,0
a549+TNFA_NFKB1,0.008145624,0.0093324,0.8728327,0.99755275,0.45281118,0.8558463574605317,0.4264343979683903,0.9981025360570749,0.9980255383122594,1.0000771500746821,2456,1087,0.013418017886579037,0.06317560374736786,0.2123923897743225,0.9516316056251526,0.7207198739051819,0.9271013827969822,0.5361538461538461,0.980851071662435,0.9676316282966364,1.013661648688633,25.0,0.0,a549+TNFA_NFKB1,a549+TNFA,NFKB1,True,False,0
a549+TNFA_SOX9,0.010996892,0.027197514,0.40433446,0.9963424,0.69489014,0.826638207212841,0.6339302074786837,0.9971120906316928,0.9949463089161201,1.0021767825018941,2738,742,0.07227172702550888,0.21559911966323853,0.33521345257759094,0.9557508826255798,0.4737371802330017,0.7393729700148547,0.5276923076923077,0.9698809121026294,0.9428861788379732,1.028629896026183,24.0,1.0,a549+TNFA_SOX9,a549+TNFA,SOX9,True,False,0
a549+TNFA_ZFP36L1,0.04129431,0.047045384,0.8777548,0.9918765,0.32734644,0.8602906727696248,0.2754642439769364,0.9932215954271394,0.9919353474777588,1.0012967054280817,2121,1365,0.3077489733695984,0.41536015272140503,0.7409207820892334,0.949891209602356,0.1510760486125946,0.8513175768173119,-0.10692307692307691,0.9240487836107208,0.8940270201722045,1.0335803759406887,21.0,4.0,a549+TNFA_ZFP36L1,a549+TNFA,ZFP36L1,True,False,0
bxpc3+IFNB_CEBPB,0.009784537,0.012821782,0.7631183,0.99699825,0.4191613,0.9077971774950405,0.3462492675511829,0.997663298434117,0.9972019458273477,1.0004626471184697,2561,1472,0.15980321168899536,0.2928478717803955,0.5456867814064026,0.6175947785377502,0.5602541565895081,0.8584615384615385,0.5800000000000001,0.7665816376312923,0.7010805217846579,1.09342880569538,24.0,1.0,bxpc3+IFNB_CEBPB,bxpc3+IFNB,CEBPB,True,False,0
bxpc3+IFNB_NFKB1,0.00931976,0.017404156,0.5354905,0.9970639,0.59904647,0.8809674003049446,0.5397620768055456,0.9977482841638969,0.996523255182374,1.0012293029541983,2897,1115,0.08613863587379456,0.25464490056037903,0.3382696211338043,0.990329921245575,0.7200281620025635,0.510482794594023,0.6961538461538461,0.9862197066299071,0.9329681747939513,1.0570775437733624,25.0,0.0,bxpc3+IFNB_NFKB1,bxpc3+IFNB,NFKB1,True,False,0
bxpc3+IFNG_CEBPB,0.013921588,0.015165759,0.9179618,0.9963547,0.43532157,0.8995194609365426,0.3956084714829607,0.9972337090284421,0.9966268322538404,1.000608930800337,2585,1356,0.071120984852314,0.2693198323249817,0.264076292514801,0.9824528098106384,0.9535675048828125,0.9263320040560719,0.7884615384615384,0.9715762947969022,0.9565208898269831,1.0157397555349181,25.0,0.0,bxpc3+IFNG_CEBPB,bxpc3+IFNG,CEBPB,True,False,0
bxpc3+INS_HSF1,0.0066962326,0.0038155415,1.7549888,0.9981849,0.34685358,0.8896453646440214,0.19127989876850718,0.9985927403602215,0.9990976367662685,0.9994946475825114,2557,1950,0.0091503681614995,0.22865507006645203,0.04001821577548981,0.9667446613311768,0.98271644115448,0.6333333333333333,0.9833333333333333,0.9808106669663086,0.9851375189412348,0.9956078700772899,9.0,0.0,bxpc3+INS_HSF1,bxpc3+INS,HSF1,True,False,0
bxpc3+INS_SMARCE1,0.18314202,0.22946194,0.79813683,0.9640852,0.54510933,0.8090938315478633,0.4954448844279314,0.9692084917373915,0.9634106907970812,1.006017995228508,2721,1244,0.3259069323539734,0.44268184900283813,0.736210286617279,-0.519782543182373,0.4853573441505432,-0.745637778068586,0.5569230769230769,0.07224280689706641,0.09861572948031172,0.7325688029462829,18.0,7.0,bxpc3+INS_SMARCE1,bxpc3+INS,SMARCE1,True,False,0
bxpc3+TGFB_NFKB1,0.018773416,0.015661243,1.1987181,0.9944931,0.3935055,0.8210367484174322,0.33706634747726666,0.9957311701572826,0.9963708457746441,0.9993579944454676,2234,1187,0.30786338448524475,0.6241929531097412,0.4932183027267456,0.9570950865745544,0.0305192768573761,1.0,0.028571428571428574,0.9684969231497552,0.961719477614957,1.0070472166702977,6.0,0.0,bxpc3+TGFB_NFKB1,bxpc3+TGFB,NFKB1,True,False,0
bxpc3+TGFB_PRKCA,0.016193436,0.0072229425,2.2419446,0.9956096,0.29645127,0.8398851758692573,0.30106581976573876,0.9965669922986452,0.998300552756283,0.9982634884325652,2229,1263,,,,,,,,,,,,,bxpc3+TGFB_PRKCA,bxpc3+TGFB,PRKCA,True,False,0
bxpc3+TGFB_SMAD4,0.014824437,0.010486436,1.4136773,0.9955827,0.31384665,0.8462674615704792,0.279757097706285,0.9965952287378993,0.9975483410793011,0.9990445452093373,2143,1284,,,,,,,,,,,,,bxpc3+TGFB_SMAD4,bxpc3+TGFB,SMAD4,True,False,0
bxpc3+TNFA_CEBPB,0.013350197,0.020080157,0.6648453,0.9958222,0.5196918,0.881885658866741,0.41444715022544804,0.9966005832517624,0.9955280080546766,1.001077393291206,2472,1349,0.13511362671852112,0.263923317193985,0.5119427442550659,0.8504420518875122,0.8844755291938782,0.762216293434575,0.673076923076923,0.9055971974849834,0.9127978004843473,0.9921115026837891,25.0,0.0,bxpc3+TNFA_CEBPB,bxpc3+TNFA,CEBPB,True,False,0
bxpc3+TNFA_SOX9,0.020038558,0.03937696,0.50889045,0.994922,0.70296574,0.8538548733977636,0.5746791325586501,0.9958411981747639,0.9920816250265382,1.0037895804673584,2757,1046,0.12601111829280853,0.25710150599479675,0.4901220500469208,0.9467577338218689,0.7676914930343628,0.5227928544485888,0.7207692307692307,0.9157825727131249,0.8773344445117388,1.0438237988282604,25.0,0.0,bxpc3+TNFA_SOX9,bxpc3+TNFA,SOX9,True,False,0
bxpc3+TNFA_TRAF2,0.0067223306,0.008554349,0.7858378,0.9984987,0.5885751,0.882322089566498,0.5238515430086497,0.9988390294136691,0.9980905339029305,1.0007499274718212,2792,1066,0.030086224898695946,0.08805792778730392,0.34166401624679565,0.9544024467468262,0.811444103717804,0.8969230769230769,0.5499999999999999,0.9762257908541497,0.9729861083046065,1.003329628780814,24.0,1.0,bxpc3+TNFA_TRAF2,bxpc3+TNFA,TRAF2,True,False,0
bxpc3+TNFA_ZFP36L1,0.0059764367,0.0070054163,0.8531166,0.9980842,0.45530415,0.8869109161290288,0.38113498382425154,0.9985308589681133,0.9984414578731514,1.0000895406478336,2540,1364,0.0331597775220871,0.06783020496368408,0.4888644814491272,0.9714078903198242,0.6731753349304199,0.6889786624852263,0.6838461538461539,0.9649986960108163,0.9618681492472149,1.0032546526943964,23.0,2.0,bxpc3+TNFA_ZFP36L1,bxpc3+TNFA,ZFP36L1,True,False,0
bxpc3+TNFA_ZNF22,0.0105514955,0.0038156284,2.7653363,0.99806166,0.33189023,0.8805632025970854,0.32983067689459566,0.9984213917595235,0.9991012282217402,0.9993195519702976,2507,1401,0.007894323207437992,0.047950368374586105,0.1646353006362915,0.3757780194282532,0.4946989119052887,0.14285714285714288,-0.08571428571428573,0.8757072180681036,0.8592579408971905,1.0191435847002328,6.0,0.0,bxpc3+TNFA_ZNF22,bxpc3+TNFA,ZNF22,True,False,0
hap1+IFNB_CEBPB,0.0078065535,0.004233586,1.8439577,0.9987564,0.15995762,0.9005274594582657,0.12396607457276371,0.9990011162047069,0.9990081748701216,0.9999929343266729,2051,1804,0.026586532592773438,0.035590335726737976,0.7470154762268066,0.8609622716903687,0.17126499116420746,0.8576923076923076,0.3030769230769231,0.9628105306949494,0.9756980135741187,0.9867915249391964,21.0,4.0,hap1+IFNB_CEBPB,hap1+IFNB,CEBPB,True,False,0
hap1+IFNB_NFKB1,0.008233385,0.0107481945,0.76602495,0.997828,0.42626843,0.8612914081949006,0.3673860685687543,0.9982823714939799,0.9976316094441428,1.0006523069674984,2516,1286,0.12147153913974762,0.17587865889072418,0.6906553506851196,0.9680298566818237,-0.0742705762386322,0.8806777051447271,0.21538461538461537,0.9691695397927288,0.9571446381295108,1.0125633067189486,25.0,0.0,hap1+IFNB_NFKB1,hap1+IFNB,NFKB1,True,False,0
hap1+IFNG_CEBPB,0.012843771,0.021381611,0.6006924,0.9971446,0.62201285,0.8640813361793558,0.44348601598582765,0.9976277519548998,0.9957432236036965,1.001892584660916,2126,1051,0.19718027114868164,0.5526854395866394,0.3567676246166229,0.9294935464859009,0.6812340617179871,0.8857142857142858,0.3714285714285715,0.9926987328614464,0.991470187418956,1.0012391148600126,6.0,0.0,hap1+IFNG_CEBPB,hap1+IFNG,CEBPB,True,False,0
hap1+INS_CHUK,0.011846161,0.0020333943,5.825806,0.9960973,0.15208347,0.8506462387470219,0.19656712707263266,0.9969376056132002,0.9994962468513167,0.9974400691886769,2358,1665,0.08985741436481476,0.08017664402723312,1.1207430362701416,0.9532089233398438,-0.4342370629310608,0.8214285714285715,0.14285714285714288,0.8402539568016499,0.7647714266910939,1.0986994642793382,6.0,1.0,hap1+INS_CHUK,hap1+INS,CHUK,False,True,0
hap1+INS_COPS4,0.040418312,0.05493769,0.7357119,0.988888,0.41039026,0.8064520139396553,0.4351623317193548,0.990675088331118,0.9895111994077649,1.0011762261246255,2702,1187,0.11095207929611206,0.1802968829870224,0.6153854727745056,-0.14382629096508026,-0.45492756366729736,-0.25679129926077,-0.16076923076923075,0.7084654574229166,0.7808183303529106,0.9073371229677814,24.0,1.0,hap1+INS_COPS4,hap1+INS,COPS4,False,True,0
hap1+INS_DR1,0.033139836,0.040073384,0.82697874,0.98950195,0.32976955,0.8136621042466103,0.3960654226481129,0.9913406338412736,0.9916253818282149,0.9997128472181538,2687,1209,0.09351910650730133,0.16050706803798676,0.5826479196548462,0.41477999091148376,0.2605404853820801,0.4085282568344309,0.3707692307692308,0.8267718228979374,0.8571958013494225,0.9645075507794242,20.0,5.0,hap1+INS_DR1,hap1+INS,DR1,False,True,0
hap1+INS_EIF2B1,0.014102613,0.010045725,1.4038422,0.99550235,0.29323825,0.8510345275479099,0.2356686707223352,0.9963738611667298,0.9976691344642048,0.998701700541061,2311,1612,0.040704868733882904,0.08514369279146194,0.4780726134777069,0.8604857921600342,0.580315113067627,0.5889147241570947,0.24461538461538462,0.8901471545871096,0.9227873101865285,0.9646287337947667,22.0,3.0,hap1+INS_EIF2B1,hap1+INS,EIF2B1,False,True,0
hap1+INS_ELK1,0.01279778,0.0030284915,4.225794,0.9958316,0.054136932,0.8710869517893595,0.13575096989742202,0.9967612192308997,0.999231134997938,0.9975281837399478,2224,1779,0.013870246708393097,0.013468737713992596,1.0298104286193848,0.2321980744600296,0.2587355673313141,0.3653846153846153,0.09615384615384616,0.7967919858749848,0.95438321955565,0.8348763573671822,18.0,7.0,hap1+INS_ELK1,hap1+INS,ELK1,False,True,0
hap1+INS_FOS,0.01098291,0.0016967171,6.4730353,0.9964359,0.17665777,0.8642331897188366,0.15834164519218139,0.997227616225409,0.9995781491461322,0.9976484750864841,2272,1759,0.08382939547300339,0.06863296777009964,1.2214158773422241,0.9894030690193176,-0.31055670976638794,1.0,-0.5,0.9941699938279762,0.9955263112060467,0.9986375876129006,1.0,2.0,hap1+INS_FOS,hap1+INS,FOS,False,True,0
hap1+INS_FOXM1,0.011643892,0.009619333,1.2104677,0.9960813,0.4113382,0.8432530731944031,0.3471568035642113,0.996914909761377,0.9977161915647775,0.9991968840335809,2520,1414,0.023405008018016815,0.06295304745435715,0.37178513407707214,0.7866790890693665,0.7454835176467896,0.726153846153846,0.3246153846153846,0.9357201268083081,0.963461625931409,0.9712064306699477,24.0,1.0,hap1+INS_FOXM1,hap1+INS,FOXM1,False,True,0
hap1+INS_FOXO1,0.011763959,0.0016853908,6.979959,0.996107,0.076672405,0.8618802344425573,0.13762518294000267,0.9969738784582416,0.9995831483948235,0.9973896419314671,2337,1769,3.8183694414328784e-05,0.021654555574059486,0.0017633100505918264,,,,,,,,1.0,0.0,hap1+INS_FOXO1,hap1+INS,FOXO1,False,True,0
hap1+INS_FOXO3,0.0121196965,0.0023767687,5.0992327,0.9959801,0.089255266,0.8597980024668564,0.14783733584059205,0.9968721667755096,0.9994025840567659,0.9974680701034564,2253,1771,0.5814327597618103,0.6519811749458313,0.8917937874794006,1.0,1.0,0.9999999999999999,0.9999999999999999,0.9997023450207215,0.9995304830307999,1.0001719427199462,2.0,0.0,hap1+INS_FOXO3,hap1+INS,FOXO3,False,True,0
hap1+INS_FOXO4,0.02970177,0.04513863,0.6580122,0.9897271,0.47926232,0.7613206072589018,0.5087624272360634,0.9916920515015043,0.9906590278576771,1.0010427640739934,2903,1001,0.08658144623041153,0.14579759538173676,0.59384685754776,-0.08953043818473816,-0.10845408588647842,-0.01890672467830568,-0.1476923076923077,0.6450415350326681,0.7731539886210639,0.8342989165497459,21.0,4.0,hap1+INS_FOXO4,hap1+INS,FOXO4,False,True,0
hap1+INS_GRB2,0.010724069,0.0016474344,6.5095572,0.99644095,0.17211044,0.8632504647515999,0.1680783934557522,0.9972393904587368,0.9995847298132455,0.9976536862913593,2288,1773,,,,,,,,,,,,,hap1+INS_GRB2,hap1+INS,GRB2,False,True,0
hap1+INS_GRB10,0.010050105,0.0019351471,5.193458,0.9966811,0.25922745,0.8679428770777283,0.22374574088007576,0.9974287222041025,0.9995056414626607,0.9979220534908448,2414,1720,,,,,,,,,,,,,hap1+INS_GRB10,hap1+INS,GRB10,False,True,0
hap1+INS_HSF1,0.011171155,0.0033656182,3.3191984,0.9963412,0.3181659,0.8371957396667483,0.26096907139586745,0.997143339603415,0.999178369998418,0.9979632961880407,2402,1579,0.018275223672389984,0.03136880323290825,0.5825923085212708,0.9745874404907227,0.1940724402666092,0.3569230769230769,0.5761538461538462,0.9799777235697901,0.9626877129440552,1.017960144700361,22.0,3.0,hap1+INS_HSF1,hap1+INS,HSF1,False,False,0
hap1+INS_IGF2,0.010443405,0.0014113183,7.3997517,0.99656373,0.1826959,0.8701521914222722,0.17929123802716745,0.9973364701608259,0.9996397654594074,0.9976958746758909,2379,1813,0.009640189819037914,0.13609760999679565,0.07083290815353394,,,,,,,,1.0,0.0,hap1+INS_IGF2,hap1+INS,IGF2,False,True,0
hap1+INS_IKBKB,0.01798208,0.007597308,2.3669016,0.9943744,0.30384994,0.7794194187236794,0.3404237682842063,0.9954931958804226,0.998224430038877,0.9972639077182793,2616,1316,0.014987144619226456,0.05752537399530411,0.2605310380458832,0.7757778167724609,0.5335308909416199,0.33513763315157913,0.24384615384615385,0.8488972303718069,0.9346793446728714,0.9082229485545255,24.0,1.0,hap1+INS_IKBKB,hap1+INS,IKBKB,False,True,0
hap1+INS_INSR,0.011027445,0.0013737115,8.027482,0.99636877,0.15232241,0.8539420723488594,0.16995622968953744,0.9971731292503946,0.9996551146473092,0.9975171583073525,2316,1761,,,,,,,,,,,,,hap1+INS_INSR,hap1+INS,INSR,False,True,0
hap1+INS_IRS1,0.011624843,0.0045408416,2.5600636,0.9962032,0.26237303,0.8595658138107011,0.19861177912469563,0.9970566523888528,0.99884163199284,0.9982129503348535,2298,1750,0.029918309301137924,0.0819280594587326,0.36517781019210815,0.9741442203521729,0.8389608263969421,0.7406593406593407,0.5384615384615385,0.9570275620108564,0.8751487615873463,1.093559865496465,11.0,3.0,hap1+INS_IRS1,hap1+INS,IRS1,False,True,0
hap1+INS_IRS2,0.010406656,0.0011960749,8.700673,0.99655294,0.1991595,0.8640266056182702,0.18512306093626638,0.9973258409476548,0.999697177875452,0.9976279447613958,2373,1772,,,,,,,,,,,,,hap1+INS_IRS2,hap1+INS,IRS2,False,True,0
hap1+INS_IRS4,0.0120360665,0.0018647324,6.4545813,0.9960418,0.10917622,0.8542335715396991,0.1373762203433788,0.9968998030711638,0.9995345621085435,0.9973640140748894,2284,1764,0.005206231493502855,0.010892659425735474,0.4779577851295471,-1.0,1.0,-0.9999999999999999,0.9999999999999999,0.796244938769788,0.9991901599632615,0.7968902924334889,1.0,1.0,hap1+INS_IRS4,hap1+INS,IRS4,False,True,0
hap1+INS_MAPK1,0.01302516,0.0028850115,4.5147686,0.9956838,0.05002033,0.8579409484014184,0.12408717817525235,0.9966327956725032,0.9992889648959655,0.9973419408031401,2250,1773,0.25015008449554443,0.24995580315589905,1.000777244567871,0.9986521601676941,-0.34409698843955994,0.6606060606060605,0.2121212121212121,0.9982286364821671,0.9961047611501029,1.0021321806851038,7.0,3.0,hap1+INS_MAPK1,hap1+INS,MAPK1,False,False,0
hap1+INS_MAPK3,0.00969323,0.0016074488,6.0301948,0.9968073,0.277798,0.8758007240694523,0.2198660361697435,0.9975265854378659,0.9995947952953139,0.9979309517544687,2333,1704,,,,,,,,,,,,,hap1+INS_MAPK3,hap1+INS,MAPK3,False,True,0
hap1+INS_MTOR,0.021514636,0.03296989,0.6525541,0.99248934,0.5722549,0.7675477685449386,0.5634642589973952,0.993963284662549,0.9934008120987482,1.0005662090839371,2965,926,0.06516025215387344,0.1365668624639511,0.4771307706832886,0.44274088740348816,-0.054044391959905624,0.4639926848221454,0.0,0.7898338389186408,0.8816406466200174,0.8958682224403557,24.0,1.0,hap1+INS_MTOR,hap1+INS,MTOR,False,True,0
hap1+INS_PIK3CA,0.011519489,0.005199541,2.215482,0.99617565,0.33253914,0.8481946263253126,0.32846839690888263,0.9970074818388054,0.9987748108868529,0.998230502983472,2537,1407,0.021363312378525734,0.03690715879201889,0.5788392424583435,0.2502334415912628,-0.17034964263439178,0.3504520164846684,-0.13,0.797933872466695,0.9348969858829108,0.8534992459229412,21.0,4.0,hap1+INS_PIK3CA,hap1+INS,PIK3CA,False,True,0
hap1+INS_POLR2G,0.0911361,0.19966944,0.4564349,0.96972656,0.6904582,0.7227115175274914,0.6864932728886193,0.9746163384226462,0.9668236357983493,1.0080601076926115,3045,717,0.3163524270057678,0.5114267468452454,0.6185684204101562,-0.18234418332576752,0.06083201989531517,-0.3432032364918221,0.2823076923076923,0.047756619116539833,0.055850801000854045,0.8550749185461022,23.0,2.0,hap1+INS_POLR2G,hap1+INS,POLR2G,False,True,0
hap1+INS_POLR2L,0.052379455,0.078682706,0.6657048,0.98569894,0.47364277,0.7890617380521547,0.49717454353348145,0.9879690215274585,0.9858748755679079,1.0021241498403581,2811,1017,0.10205043107271194,0.1975966840982437,0.5164582133293152,0.20174255967140198,0.1270708590745926,0.44667430776767414,0.27307692307692305,0.5739198975774377,0.637855157098264,0.8997652385352167,23.0,2.0,hap1+INS_POLR2L,hap1+INS,POLR2L,False,True,0
hap1+INS_PTEN,0.0118808,0.0019186242,6.192354,0.99606925,0.08116854,0.860067753255076,0.11964976000729362,0.9969418363892525,0.9995148263076236,0.9974257611286507,2308,1858,2.370643138885498,2.629000186920166,0.9017280340194702,,,,,,,,1.0,0.0,hap1+INS_PTEN,hap1+INS,PTEN,False,True,0
hap1+INS_RAD51,0.028438443,0.054184027,0.5248492,0.9891306,0.61519796,0.7307107708244065,0.6273824824301968,0.9911898884552107,0.9893212550016834,1.0018888035045037,3068,825,0.07348456233739853,0.1906704157590866,0.3854009509086609,-0.18967300653457642,0.261410117149353,-0.12646159664143583,0.5546153846153846,0.4154080767980295,0.788083777532631,0.5271115694052328,24.0,1.0,hap1+INS_RAD51,hap1+INS,RAD51,False,True,0
hap1+INS_RPS6KB1,0.013008136,0.006057129,2.1475747,0.9958726,0.20456241,0.8641220033086877,0.1830399622995052,0.9967315285943366,0.9985939441134366,0.998134962133429,2254,1690,0.023768721148371696,0.047016702592372894,0.5055378079414368,0.6707237958908081,0.5251285433769226,0.4593191083234842,0.14923076923076922,0.82627406720261,0.9623155338817647,0.8586311226522615,21.0,4.0,hap1+INS_RPS6KB1,hap1+INS,RPS6KB1,False,True,0
hap1+INS_SGK1,0.01165343,0.0020412307,5.7090216,0.9961162,0.09663711,0.8649269502514441,0.11112525580951543,0.9969838105149705,0.9994933795237351,0.9974891589477457,2260,1818,,,,,,,,,,,,,hap1+INS_SGK1,hap1+INS,SGK1,False,True,0
hap1+INS_SHC1,0.011900563,0.0032769875,3.6315558,0.9960531,0.21075378,0.8446769157328278,0.2003499250969692,0.9969165675813232,0.9992071406823165,0.9977076093557246,2328,1644,0.021163908764719963,0.019824068993330002,1.0675865411758423,0.6411629915237427,0.1052236333489418,0.41285112713543615,0.43461538461538457,0.8300777703982922,0.9675801206862057,0.8578904760978376,21.0,4.0,hap1+INS_SHC1,hap1+INS,SHC1,False,True,0
hap1+INS_SMARCE1,0.05262137,0.057674974,0.91237783,0.98687625,0.27495232,0.8159602070199601,0.2869931396724987,0.9891309616645954,0.9882113659599887,1.000930565804324,2505,1382,0.2197350263595581,0.30245307087898254,0.7265095114707947,0.9164073467254639,0.47507327795028687,0.6359684701164128,0.27384615384615385,0.8739154098079509,0.854826353124341,1.0223309174007569,17.0,8.0,hap1+INS_SMARCE1,hap1+INS,SMARCE1,False,False,0
hap1+INS_SP1,0.014330571,0.004434052,3.2319357,0.99529046,0.031942956,0.8579785549104394,0.1337015746021189,0.9963341234028699,0.9989241049776456,0.9974072288756775,2287,1696,0.01146115455776453,0.022964952513575554,0.49907156825065613,0.694495439529419,0.399605393409729,0.6585882022192671,0.22999999999999998,0.9146305222179202,0.925158536611529,0.9886203131928409,24.0,1.0,hap1+INS_SP1,hap1+INS,SP1,False,True,0
hap1+INS_SREBF1,0.010335529,0.0012541199,8.241261,0.9965825,0.19879565,0.8654987094732031,0.19180566101230678,0.9973448836069163,0.9996817620983786,0.9976623775884867,2354,1753,0.03854916989803314,0.015932433307170868,2.4195406436920166,,,,,,,,0.0,1.0,hap1+INS_SREBF1,hap1+INS,SREBF1,False,True,0
hap1+INS_SREBF2,0.01215463,0.0026148346,4.6483364,0.99600095,0.09083074,0.8657042086982608,0.1730067933707682,0.9968989321222387,0.9993331589729816,0.9975641488237571,2342,1746,0.0018122853944078088,0.011266212910413742,0.16086021065711975,,,,,,,,1.0,0.0,hap1+INS_SREBF2,hap1+INS,SREBF2,False,True,0
hap1+INS_SRF,0.01798584,0.017460577,1.0300827,0.9942306,0.32366762,0.8316501280591645,0.34336680912948486,0.9952892037207366,0.9962323153382842,0.999053321596753,2515,1395,0.05380335822701454,0.07560025155544281,0.7116822600364685,-0.05937325581908226,-0.14839640259742737,0.0446497437923026,-0.01923076923076923,0.6806566716167395,0.8894167777099552,0.7652842724299341,23.0,2.0,hap1+INS_SRF,hap1+INS,SRF,False,True,0
hap1+INS_TAF3,0.021678222,0.021461831,1.0100826,0.9931579,0.28559482,0.830629071999594,0.3019824831132808,0.9943877660128572,0.9953111867795579,0.9990722290887852,2521,1386,0.03968903049826622,0.06903467327356339,0.5749144554138184,0.33341312408447266,0.34090352058410645,0.3214640470804513,0.31692307692307686,0.8251647661555866,0.8318364211085028,0.9919796070674262,22.0,3.0,hap1+INS_TAF3,hap1+INS,TAF3,False,True,0
hap1+INS_TAF7,0.011161599,0.001954247,5.7114577,0.9962895,0.1418925,0.8594633892635333,0.14957537590467693,0.9971206980835514,0.9995110984970847,0.9976084303444678,2277,1771,0.018127990886569023,0.017840592190623283,1.0161092281341553,0.7607975602149963,0.5078058242797852,0.5,0.5,0.9194714668944673,0.8988029389912517,1.0229956167326426,2.0,1.0,hap1+INS_TAF7,hap1+INS,TAF7,False,True,0
hap1+INS_TAF8,0.019750107,0.019204218,1.0284255,0.99308836,0.3557834,0.7930559133113166,0.39318950876441805,0.994510980873452,0.9957747290339339,0.9987308895037857,2694,1209,0.05093363672494888,0.08344551175832748,0.6103819608688354,0.5138761401176453,-0.004971927963197231,0.512436542891236,0.009230769230769232,0.8570836062616763,0.91719559893315,0.9344610977839473,23.0,2.0,hap1+INS_TAF8,hap1+INS,TAF8,False,True,0
hap1+INS_TSC1,0.017304404,0.0066324347,2.6090574,0.9944907,0.10037206,0.839502103648345,0.13886803472309525,0.9956589366284995,0.9983177464768038,0.9973367098224111,2280,1721,0.120382159948349,0.09969166666269302,1.2075448036193848,0.8769879937171936,-0.2353762537240982,0.6758992238897501,-0.050769230769230775,0.884919996273653,0.9126064071898965,0.969662265465026,15.0,10.0,hap1+INS_TSC1,hap1+INS,TSC1,False,False,0
hap1+INS_TSC2,0.016951218,0.0053756647,3.153325,0.994596,-0.0017550145,0.8555004062678273,0.07043823867840604,0.9957503154351418,0.9986285121599789,0.9971178504420911,2192,1894,0.5731911659240723,0.28813260793685913,1.9893311262130737,0.9575974941253662,-0.5807413458824158,0.7166666666666667,-0.38333333333333336,0.9710935443514429,0.9813192331361352,0.9895796511069974,4.0,5.0,hap1+INS_TSC2,hap1+INS,TSC2,False,True,0
hap1+INS_TTF1,0.01415768,0.0056509096,2.5053806,0.9952511,0.19768295,0.8219519388773183,0.24099044491457505,0.9962742612112004,0.9986710947299381,0.9975999770781533,2454,1495,0.03714980557560921,0.05184537544846535,0.7165500521659851,0.9258983731269836,-0.04719799757003784,0.6862858368920399,-0.057692307692307696,0.9607355483113846,0.9697550656088166,0.9906991800122544,21.0,4.0,hap1+INS_TTF1,hap1+INS,TTF1,False,True,0
hap1+INS_TTF2,0.06323737,0.12500964,0.5058599,0.98173594,0.65516573,0.7563689657385183,0.6267808518062292,0.9846959143953158,0.9780308341283172,1.0068147956428581,3015,825,0.13528499007225037,0.2932720482349396,0.4612952172756195,,0.7040480971336365,,0.5276923076923077,,,,23.0,2.0,hap1+INS_TTF2,hap1+INS,TTF2,False,True,0
hap1+INS_XBP1,0.020761713,0.018260114,1.136998,0.9929426,0.44367397,0.7515033201683778,0.45002221897764366,0.9943307378916677,0.9959931143536789,0.9983309357885572,2790,1123,0.0689760372042656,0.13302060961723328,0.5185364484786987,0.5137923359870911,0.322207510471344,0.3869574626768325,0.3707692307692308,0.7717966333441263,0.8941749758207247,0.8631382606471708,22.0,3.0,hap1+INS_XBP1,hap1+INS,XBP1,False,True,0
hap1+INS_ZNF593,0.011707904,0.0022760644,5.1439247,0.99616325,0.11564895,0.8691509832668283,0.13856743402787644,0.9970150304434168,0.9994194152651427,0.9975942184182123,2270,1789,0.003660887945443392,0.017650917172431946,0.2074049711227417,0.8171499967575073,0.445382684469223,0.7142857142857144,0.4642857142857144,0.9522373453002614,0.9528689334522337,0.9993371720602916,7.0,0.0,hap1+INS_ZNF593,hap1+INS,ZNF593,False,True,0
hap1+TNFA_SOX9,0.0077146683,0.019676136,0.39208248,0.9973742,0.71432495,0.8279200319296557,0.5995498895878041,0.9978950095317531,0.9958047171662965,1.002099098678107,2750,876,0.0739908516407013,0.2112465649843216,0.3502582609653473,0.9673937559127808,0.7281849384307861,0.8047701629922351,0.6384615384615384,0.9688806261779623,0.9587682028865594,1.0105473077444136,24.0,1.0,hap1+TNFA_SOX9,hap1+TNFA,SOX9,True,False,0
hap1+TNFA_ZFP36L1,0.006702907,0.0033682315,1.9900374,0.9986616,0.29321992,0.9006201945693647,0.26942757236724824,0.9989616754454179,0.9991566629383283,0.9998048479281147,2295,1477,0.10205802321434021,0.24859197437763214,0.4105443060398102,,,,,,,,1.0,0.0,hap1+TNFA_ZFP36L1,hap1+TNFA,ZFP36L1,True,False,0
hap1+TNFA_ZNF22,0.003984787,0.003238958,1.2302681,0.998703,0.45997244,0.8816730755142789,0.34617860799166983,0.9989680166350082,0.9991932417969015,0.9997745929891517,2421,1320,,,,,,,,,,,,,hap1+TNFA_ZNF22,hap1+TNFA,ZNF22,True,False,0
ht29+IFNB_NFKB1,0.008187168,0.013447382,0.6088299,0.9973287,0.54948854,0.826847704541735,0.49312419414675557,0.9978646022299231,0.9970929397186176,1.0007739123210755,2548,992,0.08708195388317108,0.14589372277259827,0.5968862175941467,0.9861533641815186,0.15145187079906464,0.8478553724832153,0.07153846153846154,0.9774273778395781,0.9444127034875374,1.0349578888870552,25.0,0.0,ht29+IFNB_NFKB1,ht29+IFNB,NFKB1,True,False,0
ht29+INS_HSF1,0.005832373,0.0011532733,5.0572343,0.99823165,0.17515792,0.8525555281368454,0.16684717463436896,0.9986185687538759,0.9996999646078905,0.9989182795915785,2416,1875,0.010580286383628845,0.006671656388789415,1.5858559608459473,,,,,,,,0.0,1.0,ht29+INS_HSF1,ht29+INS,HSF1,True,False,0
ht29+INS_TSC1,0.015009062,0.0126033425,1.1908795,0.9949638,0.14054202,0.854005774568788,0.16470867141243684,0.9960206592855714,0.996762162646893,0.9992560879725284,2339,1847,0.36633163690567017,0.31675055623054504,1.1565303802490234,0.8824706077575684,-0.15909120440483093,0.8623680606344204,0.28384615384615386,0.8836785162251496,0.8897600263801027,0.993164999578937,18.0,7.0,ht29+INS_TSC1,ht29+INS,TSC1,True,False,0
ht29+TGFB_NFKB1,0.006869046,0.0067146104,1.0229999,0.9977779,0.41556317,0.8528367818465913,0.36686961915906435,0.9982486672669925,0.9984004839831476,0.9998479400615378,2382,1209,0.02573263645172119,0.07363729923963547,0.34945112466812134,0.9450942277908325,0.5208102464675903,0.7607692307692308,0.3561538461538461,0.9655235139530071,0.959825157023121,1.0059368697394424,24.0,1.0,ht29+TGFB_NFKB1,ht29+TGFB,NFKB1,True,False,0
ht29+TGFB_PRKCA,0.005919487,0.0017563713,3.3702936,0.99846715,0.31658977,0.8581653435686494,0.28816318485735876,0.9987374145649921,0.9995583947899633,0.9991786570657097,2291,1440,,,,,,,,,,,,,ht29+TGFB_PRKCA,ht29+TGFB,PRKCA,True,False,0
ht29+TGFB_RUNX3,0.004458857,0.0022553063,1.9770515,0.9985809,0.28564328,0.885117242088625,0.2644070172290694,0.9988903958852712,0.9994398034236326,0.9994502845129047,2245,1433,,,,,,,,,,,,,ht29+TGFB_RUNX3,ht29+TGFB,RUNX3,True,False,0
ht29+TGFB_SMAD4,0.0054083564,0.004741443,1.1406562,0.9983099,0.33483577,0.8776274614884092,0.293932145947636,0.9986393741317355,0.9988718310599719,0.9997672805248801,2190,1411,,,,,,,,,,,,,ht29+TGFB_SMAD4,ht29+TGFB,SMAD4,True,False,0
ht29+TNFA_TRAF2,0.0067131217,0.0040305755,1.6655492,0.9978173,-0.0438007,0.871070969081723,0.11496025372810158,0.9982921659740747,0.9989815979033627,0.9993098652360214,2263,1721,0.023201633244752884,0.02743854746222496,0.8455853462219238,0.3131970465183258,0.19503922760486603,0.6961538461538461,0.3776923076923077,0.5499206135152866,0.5459451229583924,1.0072818501159087,18.0,7.0,ht29+TNFA_TRAF2,ht29+TNFA,TRAF2,True,False,0
ht29+TNFA_ZFP36L1,0.0055323895,0.0052076783,1.0623524,0.9982048,0.31274638,0.8810068320553094,0.21302535445616294,0.9986008406810379,0.9986904763926605,0.9999102467543834,2302,1709,0.014456629753112793,0.018513290211558342,0.780878484249115,0.727439820766449,0.35475069284439087,0.5712087912739402,0.23615384615384616,0.6867984778246237,0.617325737632643,1.1125382208401011,17.0,8.0,ht29+TNFA_ZFP36L1,ht29+TNFA,ZFP36L1,True,False,0
k562+IFNB_CEBPB,0.013245453,0.023426777,0.56539804,0.99566144,0.6204032,0.8824773029899954,0.5245189952320131,0.9963648156743026,0.9941842647049304,1.0021933066603297,2505,1022,0.17579486966133118,0.3534829616546631,0.49732205271720886,0.8719360828399658,0.42672693729400635,0.9069230769230769,0.43769230769230766,0.9553262612428943,0.966563547139618,0.9883739812762663,24.0,1.0,k562+IFNB_CEBPB,k562+IFNB,CEBPB,True,False,0
k562+IFNB_NFKB1,0.010113486,0.028713964,0.3522149,0.9958917,0.73528767,0.8582541142714484,0.6817656403256618,0.9967113504106707,0.9935127476446944,1.00321948839968,2821,695,0.1077735647559166,0.33795616030693054,0.3188980519771576,0.8491708040237427,0.6259812712669373,0.8247740102559046,0.7584615384615384,0.946058761186334,0.9561832443619099,0.989411565999222,25.0,0.0,k562+IFNB_NFKB1,k562+IFNB,NFKB1,True,False,0
k562+IFNG_CEBPB,0.012521495,0.018784206,0.66659695,0.99575263,0.53378063,0.8699624072293808,0.41491914597718116,0.9964624220002143,0.99526669005549,1.0012014186314802,2191,1175,0.2453954666852951,0.4352550804615021,0.563796877861023,0.9666849970817566,0.36062681674957275,0.9061538461538461,0.3507692307692308,0.9653251638693413,0.9591533365417719,1.0064346617922655,25.0,0.0,k562+IFNG_CEBPB,k562+IFNG,CEBPB,True,False,0
k562+IFNG_NFKB1,0.008813598,0.02135927,0.41263574,0.9965627,0.7236009,0.8415069129679266,0.6447048348724126,0.9972267889952451,0.9949755683036315,1.0022625889150742,2625,735,0.06453263014554977,0.2732667922973633,0.23615248501300812,0.9286065697669983,0.7268461585044861,0.8538461538461539,0.8038461538461538,0.9735115788919201,0.9622339890925231,1.0117202155891758,25.0,0.0,k562+IFNG_NFKB1,k562+IFNG,NFKB1,True,False,0
k562+INS_HSF1,0.0072023612,0.0045244326,1.5918816,0.9973892,0.38308954,0.8931699602959526,0.3072633633002691,0.9979571086341601,0.9986773296234068,0.9992788251341218,2481,1596,0.14584781229496002,0.2563154101371765,0.5690169334411621,0.6853578090667725,0.789736270904541,0.7857142857142858,0.9047619047619048,0.8542844995501069,0.7220589636331212,1.1831229062674855,6.0,2.0,k562+INS_HSF1,k562+INS,HSF1,True,False,0
k562+INS_MAPK1,0.01637189,0.011989249,1.3655477,0.993849,0.136341,0.8924423739983521,0.17695177238512777,0.9952230448010595,0.9964841341270765,0.9987344612093381,2316,1723,0.4207839071750641,0.43873515725135803,0.9590840935707092,0.7978022694587708,0.24936236441135406,0.6830769230769231,0.26615384615384613,0.8594062685670687,0.857909214786047,1.0017450025657961,16.0,9.0,k562+INS_MAPK1,k562+INS,MAPK1,True,False,0
k562+INS_TSC1,0.03323125,0.03312362,1.0032494,0.98776716,0.24419454,0.8819222666390351,0.2566484757744013,0.990488120614071,0.9904087125818952,1.000080177033145,2440,1634,1.3291889429092407,1.4156450033187866,0.9389281272888184,0.37466129660606384,0.5021980404853821,0.42692307692307696,0.4792307692307692,0.8489904726527093,0.8266518998756106,1.027022949781474,18.0,7.0,k562+INS_TSC1,k562+INS,TSC1,True,False,0
k562+TGFB_NFKB1,0.016170574,0.044571802,0.3627983,0.99291366,0.7357341,0.816879715794516,0.6496841490623626,0.9941664812876062,0.9897897824492702,1.0044218468567192,2491,628,0.19056224822998047,0.6873440742492676,0.27724432945251465,0.9388554096221924,0.5477698445320129,0.9384615384615383,0.5492307692307692,0.9758748245361956,0.9646410023941742,1.0116455988436526,25.0,0.0,k562+TGFB_NFKB1,k562+TGFB,NFKB1,True,False,0
k562+TNFA_ARID5B,0.0147378575,0.0053742332,2.7423182,0.9943764,0.3024731,0.8844220060258147,0.22732736932105782,0.995600153520692,0.9985257568800073,0.9970700772221873,2274,1619,0.017727795988321304,0.036499809473752975,0.48569557070732117,0.682822585105896,0.3153233528137207,0.5050039987543191,0.1853846153846154,0.8815529588411163,0.9270025909732973,0.9509714076586759,22.0,3.0,k562+TNFA_ARID5B,k562+TNFA,ARID5B,False,True,0
k562+TNFA_BATF,0.016697388,0.0028526653,5.8532586,0.99373853,0.0391307,0.8933342657383603,0.10440371904908742,0.9951353797500412,0.9991876913827208,0.9959443939635887,2125,1799,0.013019369915127754,0.03240341320633888,0.4017900824546814,,,,,,,,1.0,0.0,k562+TNFA_BATF,k562+TNFA,BATF,False,True,0
k562+TNFA_BIRC2,0.01665576,0.007664244,2.173177,0.9936865,0.24855205,0.879443089539671,0.20209157417990342,0.9950056456320944,0.9979411782081187,0.9970584112168863,2198,1668,0.07406318187713623,0.0781288668513298,0.9479618072509766,0.8674497008323669,0.30554136633872986,0.6869230769230769,0.2407692307692308,0.9147739796190454,0.957811243678349,0.9550670715724482,14.0,11.0,k562+TNFA_BIRC2,k562+TNFA,BIRC2,False,True,0
k562+TNFA_BIRC3,0.01510062,0.0035021508,4.3118134,0.9942979,0.19659063,0.8972694893546809,0.1605519117375232,0.9955609502072889,0.9990097600921559,0.9965477715807812,2197,1706,0.05061648413538933,0.4786960184574127,0.10573825985193253,0.9042791724205017,0.99566650390625,1.0,0.7999999999999999,0.8961351365280229,0.9979970049220076,0.8979336932960584,4.0,0.0,k562+TNFA_BIRC3,k562+TNFA,BIRC3,False,True,0
k562+TNFA_CASP3,0.018125644,0.006487861,2.7937782,0.9931861,0.2804212,0.8539979607897625,0.2929461721872148,0.994627166267434,0.9982581586575806,0.9963626719615,2444,1426,0.026992667466402054,0.04854019731283188,0.556088924407959,0.8217257261276245,0.36350178718566895,0.8261794009470831,0.2846153846153846,0.9448605474926138,0.9645546137080732,0.9795822176001536,19.0,6.0,k562+TNFA_CASP3,k562+TNFA,CASP3,False,True,0
k562+TNFA_CASP7,0.014762809,0.001850404,7.9781547,0.9945387,0.17329562,0.8977853651003896,0.18539120461680236,0.9957696857318954,0.9994710172291033,0.9962967095259357,2270,1717,,,,,,,,,,,,,k562+TNFA_CASP7,k562+TNFA,CASP7,False,True,0
k562+TNFA_CASP8,0.019112619,0.018677277,1.0233086,0.9923805,0.44495565,0.8466808656737419,0.42481975717082626,0.9939091559469819,0.9954262737296632,0.9984759114534952,2655,1186,0.061420753598213196,0.11574262380599976,0.5306666493415833,0.6236913204193115,0.3630217909812927,0.5889147241570947,0.43,0.9117383446514055,0.903935692454667,1.0086318664722156,20.0,5.0,k562+TNFA_CASP8,k562+TNFA,CASP8,False,True,0
k562+TNFA_CASP10,0.027198834,0.058147706,0.46775422,0.98788303,0.68187684,0.7517560670844434,0.7015522754771569,0.9900883319159738,0.987712046031263,1.0024058488445686,3119,684,0.04948358237743378,0.22880446910858154,0.21627017855644226,0.4492282569408417,0.5816452503204346,0.40952212587439846,0.18692307692307694,0.8055582270435483,0.8661245798741319,0.9300720078405056,25.0,0.0,k562+TNFA_CASP10,k562+TNFA,CASP10,False,True,0
k562+TNFA_CEBPB,0.016312044,0.0063831266,2.5554943,0.9945018,0.2916101,0.8953920758517236,0.17425485996493825,0.995632033780056,0.9982909059937662,0.9973365757438576,2123,1772,0.06447421759366989,0.11589204519987106,0.5563299655914307,0.6383832097053528,0.8512301445007324,0.6985958967466056,0.5361538461538461,0.7149808567737623,0.9649206350651395,0.7409737451883757,21.0,4.0,k562+TNFA_CEBPB,k562+TNFA,CEBPB,False,False,0
k562+TNFA_CHUK,0.010524026,0.009732083,1.0813744,0.9960474,0.60345876,0.8898950806117648,0.32960320634876394,0.9968862266583928,0.9973712635896466,0.9995136846739416,2367,1500,0.08774842321872711,0.2299797087907791,0.38154855370521545,0.8124321699142456,0.9577661752700806,0.8415384615384615,0.7838461538461537,0.8574282471862789,0.9834348729609439,0.8718708993964369,20.0,5.0,k562+TNFA_CHUK,k562+TNFA,CHUK,False,True,0
k562+TNFA_CREB1,0.01735039,0.0033191626,5.2273397,0.9934659,0.004243061,0.8963462298866751,0.07632124760155232,0.9949244538147176,0.9990515797829764,0.9958689560661569,2089,1833,0.03454000502824783,0.02601727284491062,1.3275797367095947,0.6244510412216187,-0.35709887742996216,0.45509797952703834,-0.3571428571428572,0.9279586535124519,0.9893469469072456,0.9379506920330659,4.0,4.0,k562+TNFA_CREB1,k562+TNFA,CREB1,False,True,0
k562+TNFA_CSF1,0.014697531,0.004967581,2.9586897,0.9944089,0.30841714,0.8858200080377038,0.2808169813236014,0.9956281498345532,0.9986391955320674,0.9969848512746289,2352,1529,0.02498757094144821,0.030512087047100067,0.8189401030540466,0.5890392065048218,0.003887111321091652,0.4388837451443033,0.20615384615384616,0.8413178231727786,0.9117820906712011,0.922718083389255,22.0,3.0,k562+TNFA_CSF1,k562+TNFA,CSF1,False,True,0
k562+TNFA_CSF2,0.015572296,0.0019747585,7.8856716,0.99416375,0.07157448,0.8948985745599105,0.10222957275228384,0.9954854572824883,0.9994364740152607,0.9960467555112341,2151,1879,,,,,,,,,,,,,k562+TNFA_CSF2,k562+TNFA,CSF2,False,True,0
k562+TNFA_DNM1L,0.016997118,0.019382711,0.87692153,0.9933535,0.5610318,0.8332826880743088,0.5103817796194543,0.9947026427328542,0.9953143755109806,0.9993853873779204,2773,1048,0.06824073940515518,0.15491242706775665,0.44051170349121094,0.8631412982940674,0.35407453775405884,0.6008847966509901,0.6030769230769231,0.9440621289881828,0.9328344607209857,1.0120360779323259,22.0,3.0,k562+TNFA_DNM1L,k562+TNFA,DNM1L,False,True,0
k562+TNFA_FADD,0.014006552,0.0019336524,7.2435727,0.9947361,0.23082761,0.8980357640053631,0.16917891256221138,0.9959149825876232,0.9994443984796441,0.9964686220690318,2261,1766,,,,,,,,,,,,,k562+TNFA_FADD,k562+TNFA,FADD,False,True,0
k562+TNFA_FOS,0.017363071,0.0037057824,4.6853995,0.9934886,0.06898454,0.8994422124015039,0.13135872804328547,0.9949317433304936,0.9989639112499252,0.9959636500638082,2148,1750,0.041181840002536774,0.047343309968709946,0.869855523109436,0.0875667929649353,-0.7796863913536072,0.5,-0.5,0.9263320916192396,0.9761620764340864,0.9489531646252071,2.0,1.0,k562+TNFA_FOS,k562+TNFA,FOS,False,True,0
k562+TNFA_ID2,0.013749046,0.002054121,6.693396,0.99484575,0.26815385,0.9006085580948074,0.23564435657912855,0.9960105825318007,0.9994126772529697,0.9965959059769783,2317,1659,,,,,,,,,,,,,k562+TNFA_ID2,k562+TNFA,ID2,False,True,0
k562+TNFA_IKBKB,0.026227469,0.057531975,0.45587638,0.9898092,0.6603998,0.8219749570502082,0.5875523057081082,0.9915336797462505,0.9869796195450928,1.0046141380338296,2888,926,0.07942028343677521,0.19263818860054016,0.412276953458786,0.5621643662452698,0.2862268388271332,0.5539942639488465,0.2530769230769231,0.8697619645492172,0.880167530706306,0.9881777436748448,24.0,1.0,k562+TNFA_IKBKB,k562+TNFA,IKBKB,False,True,0
k562+TNFA_IKBKE,0.017850902,0.0027366776,6.5228367,0.9933611,-0.039422784,0.8965358433864948,0.05662375378915221,0.9948532719695096,0.9992119841767112,0.9956378503498505,2078,1855,,,,,,,,,,,,,k562+TNFA_IKBKE,k562+TNFA,IKBKE,False,True,0
k562+TNFA_IKBKG,0.011888867,0.009582185,1.2407261,0.9955942,0.5273657,0.8867241149542714,0.31152641951962695,0.9964914311071141,0.9975206994239372,0.9989681734750794,2331,1529,0.05460013821721077,0.09416213631629944,0.5798524022102356,0.5525751709938049,0.9216650128364563,0.6446153846153846,0.20076923076923076,0.6524238589807129,0.9619075494533752,0.6782604620906311,20.0,5.0,k562+TNFA_IKBKG,k562+TNFA,IKBKG,False,True,0
k562+TNFA_IRF1,0.01572434,0.0015082634,10.425461,0.9943255,0.07036525,0.9070969026326267,0.12493435985332511,0.9956224057065781,0.999563690440145,0.9960569948956115,2240,1822,,,,,,,,,,,,,k562+TNFA_IRF1,k562+TNFA,IRF1,False,True,0
k562+TNFA_ITCH,0.019944388,0.013409773,1.4873024,0.9921912,0.30938962,0.858024113591092,0.3208010387906658,0.9938023098695256,0.9965928223810141,0.9971999472113179,2485,1366,0.09303038567304611,0.11973389983177185,0.7769761681556702,0.9829049110412598,-0.00700240395963192,0.6476923076923076,0.1176923076923077,0.9661513420027552,0.9524062988640213,1.014431911207568,21.0,4.0,k562+TNFA_ITCH,k562+TNFA,ITCH,False,True,0
k562+TNFA_JUN,0.014144908,0.0033305308,4.247043,0.99477804,0.28433233,0.9025320738364443,0.19964798582609594,0.9959495006774427,0.9990440014076438,0.9969025381005832,2227,1718,0.028749993070960045,0.03135932236909866,0.9167925715446472,0.7445261478424072,0.2159101963043213,0.7999999999999999,-0.39999999999999997,0.965045873977412,0.9866118072700585,0.978141419823143,1.0,3.0,k562+TNFA_JUN,k562+TNFA,JUN,False,True,0
k562+TNFA_JUNB,0.014142421,0.003485418,4.057597,0.9946368,0.27247548,0.8892925857478858,0.22142973275137987,0.9958206039922303,0.9990295125925155,0.9967879741690934,2267,1645,0.07342361658811569,0.12323015928268433,0.5958250761032104,0.9596389532089233,0.5140435695648193,0.942857142857143,0.14285714285714288,0.9793246256967956,0.9923697379868532,0.9868545847472926,5.0,1.0,k562+TNFA_JUNB,k562+TNFA,JUNB,False,True,0
k562+TNFA_KLF6,0.014842667,0.0022283767,6.660753,0.99444,0.16007048,0.8976361596919845,0.1634234107616006,0.9956918821865397,0.9993580687319885,0.9963314585030563,2232,1747,,,,,,,,,,,,,k562+TNFA_KLF6,k562+TNFA,KLF6,False,True,0
k562+TNFA_MAP2K3,0.026933135,0.009842381,2.7364452,0.9901302,-0.116240114,0.891561850158076,0.012433828694011356,0.9922563408477401,0.9971945105488705,0.9950479373393136,1970,1916,0.0765467956662178,0.09945957362651825,0.7696272134780884,0.7678320407867432,0.45857611298561096,0.6115384615384616,0.3723076923076923,0.7642520498263312,0.7024425142353152,1.0879923044781854,15.0,10.0,k562+TNFA_MAP2K3,k562+TNFA,MAP2K3,False,True,0
k562+TNFA_MAP3K7,0.013322971,0.00472624,2.8189366,0.995247,0.38024697,0.9008076965595909,0.23659399756631144,0.9962638351797651,0.9986916615042533,0.9975689930955954,2196,1698,0.01804606057703495,0.043361060321331024,0.4161812663078308,0.6634361743927002,0.43381986021995544,0.6928571428571427,0.5535714285714285,0.9206894878246424,0.971668606499207,0.9475344594509072,12.0,3.0,k562+TNFA_MAP3K7,k562+TNFA,MAP3K7,False,True,0
k562+TNFA_MAP3K14,0.015451085,0.0023883749,6.469288,0.9941977,0.13283858,0.9022199887703108,0.1490676189766481,0.9955023972562119,0.9993094240082758,0.9961903423898538,2151,1803,,,,,,,,,,,,,k562+TNFA_MAP3K14,k562+TNFA,MAP3K14,False,True,0
k562+TNFA_MAPK8,0.014530945,0.0021421951,6.783203,0.9945376,0.18414281,0.9008274770810836,0.17191715594311707,0.9957661226027463,0.9993879858342394,0.9963759187794621,2204,1741,,,,,,,,,,,,,k562+TNFA_MAPK8,k562+TNFA,MAPK8,False,True,0
k562+TNFA_MAPK9,0.015546863,0.0023865905,6.5142565,0.9941978,0.11053179,0.90084146712539,0.14865169505157522,0.9955042813749806,0.9993159678644112,0.996185704409811,2185,1777,,,,,,,,,,,,,k562+TNFA_MAPK9,k562+TNFA,MAPK9,False,True,0
k562+TNFA_MAPK14,0.02403378,0.008343038,2.8806987,0.9908457,-0.061549276,0.8869317257401492,0.07297518251374031,0.9928498324876658,0.9976279730045361,0.9952104986566485,2080,1806,0.056236062198877335,0.07152697443962097,0.7862217426300049,0.9199867844581604,0.07978639006614685,0.763076923076923,-0.17846153846153845,0.9574652704921383,0.9736456318787908,0.9833816731089008,19.0,6.0,k562+TNFA_MAPK14,k562+TNFA,MAPK14,False,True,0
k562+TNFA_MMP9,0.015185089,0.0016336407,9.295244,0.99440587,0.10714459,0.9005067207909369,0.13112100505983654,0.9956809219735377,0.9995272915640604,0.9961518113382338,2203,1815,,,,,,,,,,,,,k562+TNFA_MMP9,k562+TNFA,MMP9,False,True,0
k562+TNFA_MTF1,0.018781874,0.0043305247,4.3370895,0.9929328,-0.016906865,0.8972464131504289,0.06165992747012919,0.9945197810267393,0.9987491412552997,0.9957653428134671,2090,1869,0.16221122443675995,0.18110835552215576,0.8956584334373474,0.6004515290260315,0.1981762945652008,0.7500000000000002,-0.10714285714285716,0.7604049406665898,0.7676657785615627,0.9905416678745559,4.0,3.0,k562+TNFA_MTF1,k562+TNFA,MTF1,False,True,0
k562+TNFA_MTOR,0.02790383,0.057943903,0.48156628,0.98785406,0.6272777,0.8074713594048384,0.6236490852004807,0.9899059834841886,0.9879667139623673,1.0019628895330324,2931,872,0.08802155405282974,0.21806712448596954,0.403644323348999,-0.00977625697851181,0.41751599311828613,0.2224788957926802,0.5276923076923077,0.7550504871140788,0.8011785210072593,0.9424247746492415,24.0,1.0,k562+TNFA_MTOR,k562+TNFA,MTOR,False,True,0
k562+TNFA_MYC,0.015628312,0.003023844,5.1683593,0.9943282,0.16126475,0.9015227106724831,0.13957517014294124,0.9955815751479568,0.9991501587475292,0.9964283810913409,2173,1766,,,,,,,,,,,,,k562+TNFA_MYC,k562+TNFA,MYC,False,True,0
k562+TNFA_NFAT5,0.020203931,0.029877942,0.67621565,0.9920224,0.538192,0.8433035434628874,0.4898561923616707,0.9935078765510194,0.9930136991005062,1.0004976542125863,2710,1111,0.07326354086399078,0.13000905513763428,0.563526451587677,0.3235305845737457,0.2176671028137207,0.20392460147416697,0.19307692307692306,0.8437000101908712,0.8945768734150301,0.9431274552963375,23.0,2.0,k562+TNFA_NFAT5,k562+TNFA,NFAT5,False,True,0
k562+TNFA_NFKB1,0.015564772,0.0069519943,2.238893,0.9941375,0.3960206,0.8687812573354541,0.34157178719709075,0.9953880604626174,0.9981514601509398,0.9972314825969352,2460,1412,0.027698028832674026,0.11166871339082718,0.24803750216960907,0.9582215547561646,0.8961451649665833,0.4562628893256871,0.3869230769230769,0.9416376216557875,0.9741702661223619,0.9666047655138674,19.0,6.0,k562+TNFA_NFKB1,k562+TNFA,NFKB1,False,False,0
k562+TNFA_NFKBIA,0.015862264,0.0019473005,8.145771,0.994061,0.06392875,0.9011334732378418,0.12764626345645966,0.9954100906718683,0.9994368238947686,0.9959709977392984,2202,1831,0.009595717303454876,0.7268015146255493,0.013202665373682976,,,,,,,,1.0,0.0,k562+TNFA_NFKBIA,k562+TNFA,NFKBIA,False,True,0
k562+TNFA_NFKBIE,0.017649757,0.002567199,6.8751025,0.99338543,-0.039155044,0.9013255817296398,0.09763421504871185,0.9948763709792366,0.9992609663891732,0.9956121618301771,2152,1810,,,,,,,,,,,,,k562+TNFA_NFKBIE,k562+TNFA,NFKBIE,False,True,0
k562+TNFA_NKX3-1,0.015878731,0.0021943066,7.2363324,0.99421334,0.08781982,0.9053930914460044,0.11500421980144188,0.995516288701868,0.9993725537389629,0.9961413138447044,2157,1793,,,,,,,,,,,,,k562+TNFA_NKX3-1,k562+TNFA,NKX3-1,False,True,0
k562+TNFA_PDCD5,0.019124297,0.005403442,3.5392807,0.99320644,0.25597262,0.8586902120988856,0.23282555571837624,0.9946387194364844,0.9985140116129959,0.996118940614312,2356,1530,0.01812097430229187,0.04940372332930565,0.366793692111969,0.6114559769630432,0.5813816785812378,0.6315384615384615,0.5815384615384616,0.8665226166668145,0.9659151684108708,0.8971001232876615,22.0,3.0,k562+TNFA_PDCD5,k562+TNFA,PDCD5,False,True,0
k562+TNFA_PIK3CA,0.016210973,0.0033510854,4.837529,0.99392617,0.1581509,0.8896290002241536,0.16112889940742825,0.9952710130150307,0.999055776622553,0.9962116593526769,2212,1711,0.143156036734581,0.045302849262952805,3.1599786281585693,1.0,-1.0,0.9999999999999999,-0.9999999999999999,0.9652441851621885,0.9962395571079112,0.9688876317703119,0.0,2.0,k562+TNFA_PIK3CA,k562+TNFA,PIK3CA,False,True,0
k562+TNFA_PTGS2,0.015885357,0.002716778,5.847131,0.99411094,0.11593944,0.8944322498395989,0.1267538428764907,0.9954297853803316,0.9992288189745244,0.9961980344020785,2162,1811,,,,,,,,,,,,,k562+TNFA_PTGS2,k562+TNFA,PTGS2,False,True,0
k562+TNFA_RELB,0.014049382,0.002522144,5.570412,0.9947538,0.23295656,0.8990423131300559,0.1900523962372195,0.9959244380025338,0.9992926926512972,0.9966293612736957,2231,1715,,,,,,,,,,,,,k562+TNFA_RELB,k562+TNFA,RELB,False,True,0
k562+TNFA_REPIN1,0.013689891,0.001581104,8.658439,0.99483275,0.22218242,0.8992816210203153,0.18694179541980036,0.9960017981882844,0.9995471143327557,0.996453077505168,2279,1717,,,,,,,,,,,,,k562+TNFA_REPIN1,k562+TNFA,REPIN1,False,True,0
k562+TNFA_SOX4,0.015987363,0.006780959,2.3576846,0.9939559,0.27468377,0.8769245054192726,0.21141255424581723,0.9952344847730904,0.99818403608675,0.9970450826630899,2220,1646,0.03888832405209541,0.08580360561609268,0.4532248377799988,0.912349283695221,0.6458561420440674,0.5077899690008368,0.5115384615384615,0.9441395389856769,0.9620857038544184,0.9813466047807972,21.0,4.0,k562+TNFA_SOX4,k562+TNFA,SOX4,False,True,0
k562+TNFA_SOX9,0.019207617,0.013613249,1.4109503,0.99251485,0.3778317,0.8603854708292583,0.3855459019389736,0.994061282918354,0.9965578422468657,0.9974948174379092,2541,1288,0.06949928402900696,0.12080785632133484,0.5752877593040466,0.8815099596977234,0.2410035878419876,0.8493272027650458,-0.010769230769230769,0.9378345348520618,0.9443502062405836,0.9931003653671444,21.0,4.0,k562+TNFA_SOX9,k562+TNFA,SOX9,False,False,0
k562+TNFA_TNFRSF1A,0.012930945,0.019037234,0.67924494,0.99496865,0.692824,0.8273449344121097,0.4703885863833117,0.9959823291703389,0.995036306486044,1.000950741875576,2675,1158,0.12358157336711884,0.6261208057403564,0.1973765641450882,0.6838949918746948,0.9289411902427673,0.5207692307692308,0.8261538461538462,0.8354068256739731,0.9540105536011982,0.875678809338618,24.0,1.0,k562+TNFA_TNFRSF1A,k562+TNFA,TNFRSF1A,False,True,0
k562+TNFA_TNFRSF1B,0.013426891,0.0018777286,7.1506023,0.9949749,0.28620297,0.9053747559327615,0.23354274590138302,0.9961119948391461,0.9994624552284544,0.9966477376195763,2304,1688,,,,,,,,,,,,,k562+TNFA_TNFRSF1B,k562+TNFA,TNFRSF1B,False,True,0
k562+TNFA_TRAF1,0.016025936,0.005174484,3.0971081,0.9938822,0.22837979,0.8833969625463354,0.20830253296973136,0.9952078977505867,0.9985976748965499,0.9966054626090388,2241,1642,0.03443000465631485,0.0629279688000679,0.5471335649490356,0.8504525423049927,0.4656173288822174,0.770148119651269,0.48,0.9286632340625685,0.963703503850833,0.9636399892204934,20.0,5.0,k562+TNFA_TRAF1,k562+TNFA,TRAF1,False,True,0
k562+TNFA_TRAF2,0.017688207,0.0090418,1.9562706,0.99323237,0.25277877,0.879031804703345,0.24659560905846525,0.9946604017729204,0.997566490689599,0.9970868218371391,2277,1570,0.0880543515086174,0.1295526623725891,0.6796799898147583,0.15565937757492065,0.22942881286144257,0.5000961815917332,0.25461538461538463,0.6089078094951346,0.7125525215096988,0.8545444596912376,19.0,6.0,k562+TNFA_TRAF2,k562+TNFA,TRAF2,False,False,0
k562+TNFA_TRAF3,0.022699513,0.0052930433,4.288556,0.99147165,-0.16249183,0.8931614900326255,0.014598172758803754,0.9933970024577737,0.9984670609626161,0.994922157472121,2072,1893,0.6421467661857605,0.28074678778648376,2.287280797958374,0.5368518233299255,-0.33351776003837585,0.27941176470588236,-0.3823529411764707,0.6782796803842587,0.8760326254039288,0.7742630362328247,9.0,8.0,k562+TNFA_TRAF3,k562+TNFA,TRAF3,False,True,0
k562+TNFA_ZFP36L1,0.016311228,0.002882634,5.658446,0.9939008,0.10506296,0.901683814151975,0.11259997867842886,0.9952663006547348,0.9991878248068886,0.9960752882943588,2158,1788,0.29529690742492676,0.5123387575149536,0.5763704180717468,,,,,,,,1.0,0.0,k562+TNFA_ZFP36L1,k562+TNFA,ZFP36L1,False,False,0
k562+TNFA_ZNF22,0.017573247,0.0020459965,8.589089,0.99372035,0.073636115,0.8880723081217792,0.1534083211071809,0.9950705856786677,0.9994116380123322,0.9956563920525299,2250,1721,,,,,,,,,,,,,k562+TNFA_ZNF22,k562+TNFA,ZNF22,False,False,0
k562+TNFA_ZNF267,0.019779194,0.01077567,1.8355418,0.99305356,0.3830288,0.851711163771746,0.40036266763228245,0.9944982986611008,0.9971799847999236,0.9973107300791232,2624,1229,0.05089288577437401,0.10280901193618774,0.49502357840538025,0.9313540458679199,0.3867020905017853,0.7019357339511185,0.4176923076923077,0.9492536961334567,0.9460571290832694,1.003378830888664,22.0,3.0,k562+TNFA_ZNF267,k562+TNFA,ZNF267,False,True,0
mcf7+IFNB_NFKB1,0.0070256623,0.012914182,0.5440269,0.99750185,0.59128535,0.82228727063975,0.529980813251619,0.9980111824050258,0.9971991794732524,1.000814283593978,2792,1094,0.03501283377408981,0.09756851196289062,0.358853816986084,0.9587202668190002,0.5841496586799622,0.7992307692307692,0.27,0.9755842397385864,0.9677997753014669,1.008043465844673,25.0,0.0,mcf7+IFNB_NFKB1,mcf7+IFNB,NFKB1,True,False,0
mcf7+IFNG_NFKB1,0.0057648523,0.0036187482,1.5930516,0.9986446,0.44121134,0.8375386676730724,0.335457625278887,0.9988816237178193,0.9990648819159648,0.9998165702734001,2255,1324,0.04411502555012703,0.16896313428878784,0.2610926032066345,1.0,-1.0,0.9999999999999999,-0.9999999999999999,0.9747067219978621,0.9994465576764434,0.9752464646673079,2.0,0.0,mcf7+IFNG_NFKB1,mcf7+IFNG,NFKB1,True,False,0
mcf7+INS_CHUK,0.032452043,0.009292554,3.492263,0.9887015,0.050454002,0.810607783286889,0.08631964227635833,0.9910302874751138,0.9975691445690942,0.9934452091571007,2094,1748,0.16240568459033966,0.274613618850708,0.5913970470428467,0.456971675157547,0.5070587396621704,0.5830769230769232,0.5646153846153846,0.7255521825300798,0.8312100242925812,0.8728867089248308,18.0,7.0,mcf7+INS_CHUK,mcf7+INS,CHUK,False,True,0
mcf7+INS_COPS4,0.025164802,0.005090682,4.943307,0.9915587,0.2927178,0.7891917340762196,0.19961446518252832,0.9933008059140083,0.9986657850760955,0.9946278532395315,2275,1603,0.04986776039004326,0.11248290538787842,0.4433363378047943,0.5203665494918823,0.7998917698860168,0.7770897832817338,0.47781217750258,0.7703424977559061,0.9634002704753489,0.7996079317850029,15.0,3.0,mcf7+INS_COPS4,mcf7+INS,COPS4,False,True,0
mcf7+INS_DR1,0.034997527,0.014215874,2.4618626,0.9876887,0.1047521,0.7973926011283478,0.130639559618057,0.9901972345975935,0.9963003000841949,0.9938742711549061,2102,1688,0.429939866065979,0.5097771286964417,0.8433879017829895,0.8065886497497559,0.11741127818822861,0.8376923076923077,0.20461538461538462,0.8823478721712851,0.909262497574141,0.9703994990724213,17.0,8.0,mcf7+INS_DR1,mcf7+INS,DR1,False,True,0
mcf7+INS_EIF2B1,0.026776623,0.004644157,5.7656584,0.99082935,0.12023848,0.8198922125504963,0.08430146653537239,0.9927835268884575,0.9987543164401386,0.9940217634573408,2094,1860,0.11167201399803162,0.3868318796157837,0.28868359327316284,0.5709319114685059,0.8397910594940186,0.7714285714285715,0.942857142857143,0.8467686614792586,0.7199121324889199,1.1762111280883172,5.0,1.0,mcf7+INS_EIF2B1,mcf7+INS,EIF2B1,False,True,0
mcf7+INS_ELK1,0.02695763,0.0036148545,7.457459,0.9907318,0.08789463,0.8319414964493053,0.13266419609336935,0.992709922590814,0.9990315281098109,0.9936722662487365,2189,1795,0.08447403460741043,0.18171976506710052,0.4648588001728058,-0.6390289068222046,0.8182076811790466,-0.5,0.5,0.660930948708253,0.9109973699119344,0.7255025870954434,2.0,1.0,mcf7+INS_ELK1,mcf7+INS,ELK1,False,True,0
mcf7+INS_FOS,0.03460742,0.009004515,3.843341,0.98802763,-0.014074576,0.824156557638523,0.038679787541808244,0.9904823813170859,0.9976340873211222,0.9928313335571358,1993,1849,0.04862320423126221,0.11221190541982651,0.4333159029483795,0.727371335029602,0.8570363521575928,0.44846153846153847,0.3884615384615384,0.7985541566672346,0.9489511765748836,0.8415123732176744,14.0,11.0,mcf7+INS_FOS,mcf7+INS,FOS,False,True,0
mcf7+INS_FOXM1,0.03192094,0.00973556,3.2787986,0.98883045,0.07644241,0.8128669085761145,0.1027927326616375,0.9911348953792748,0.9974696461541429,0.9936491794018069,2085,1776,0.07216981798410416,0.20976099371910095,0.3440573811531067,0.755084216594696,0.8023262023925781,0.7561538461538462,0.5184615384615384,0.863283738527709,0.9521136472969262,0.9067024099261601,18.0,7.0,mcf7+INS_FOXM1,mcf7+INS,FOXM1,False,True,0
mcf7+INS_FOXO1,0.022065476,0.0030325844,7.276129,0.99246436,0.32359755,0.8211218285479526,0.17680987009138655,0.9940756147987587,0.9991876317600581,0.9948838268221009,2217,1792,0.11892003566026688,0.7263824343681335,0.16371546685695648,0.9996462464332581,-0.42315441370010376,0.5,-0.5,0.9982792119321322,0.9784315082096126,1.020285225440908,3.0,0.0,mcf7+INS_FOXO1,mcf7+INS,FOXO1,False,True,0
mcf7+INS_FOXO3,0.023982339,0.0043308763,5.5375257,0.9917196,0.24504153,0.8197870265202096,0.11894562067587532,0.9934656731355287,0.9988558865731867,0.9946036124829274,2118,1805,0.06373462826013565,0.17323926091194153,0.36789944767951965,0.7246881127357483,0.7465795278549194,0.8636363636363636,0.6727272727272727,0.8528789264480963,0.9329745594081276,0.9141502497015102,10.0,1.0,mcf7+INS_FOXO3,mcf7+INS,FOXO3,False,True,0
mcf7+INS_FOXO4,0.03259722,0.00961766,3.389309,0.9889959,0.22165911,0.7405835532857256,0.1983147852565261,0.9911526584389679,0.9975424222008858,0.9935944942092587,2272,1561,0.06687147915363312,0.17294447124004364,0.3866644501686096,0.6963686943054199,0.6784874796867371,0.4476923076923077,0.6030769230769231,0.8338668954011271,0.9614118481672286,0.8673357801765761,22.0,3.0,mcf7+INS_FOXO4,mcf7+INS,FOXO4,False,True,0
mcf7+INS_GRB2,0.023783619,0.008460067,2.81128,0.9918461,0.31720144,0.8235544077206904,0.16879259231386384,0.9935920326445291,0.9977285706051483,0.9958540447948581,2208,1819,0.09056371450424194,0.34067317843437195,0.26583752036094666,0.9319266676902771,0.8384233117103577,0.8627450980392157,0.8799019607843139,0.9508804836039001,0.9169641252803764,1.036987661118316,15.0,2.0,mcf7+INS_GRB2,mcf7+INS,GRB2,False,True,0
mcf7+INS_GRB10,0.023605647,0.0043374603,5.4422736,0.9919135,0.2602834,0.8250883310596584,0.14146014862047757,0.9936376970103665,0.9988374497831868,0.9947941952177014,2132,1798,0.08252245932817459,0.4225151538848877,0.19531242549419403,0.9940478205680847,0.6958313584327698,1.0,0.6785714285714287,0.9954456250714243,0.9852893535036745,1.010307907551862,7.0,0.0,mcf7+INS_GRB10,mcf7+INS,GRB10,False,True,0
mcf7+INS_HSF1,0.026646908,0.0041386606,6.4385343,0.9912633,0.20072202,0.7996850043102692,0.13692859212296368,0.9931103356951574,0.9988934028765665,0.9942105262035416,2220,1790,0.11907818168401718,0.5078027248382568,0.23449693620204926,0.9512230157852173,0.7427845001220703,0.4761904761904762,0.7142857142857144,0.9694843427268018,0.9523579046331234,1.0179831951941178,6.0,2.0,mcf7+INS_HSF1,mcf7+INS,HSF1,False,False,0
mcf7+INS_IGF2,0.024677923,0.0031826538,7.7538824,0.99154234,0.1804437,0.8250522956866468,0.13920835215427,0.9933553299113109,0.9991461630732726,0.9942042181855059,2291,1821,0.09135830402374268,0.2559111714363098,0.356992244720459,0.7374709844589233,0.9157668948173523,0.8999999999999998,0.9999999999999999,0.9162409902590816,0.7595723560495461,1.2062589995038158,5.0,0.0,mcf7+INS_IGF2,mcf7+INS,IGF2,False,True,0
mcf7+INS_IKBKB,0.031516362,0.01753133,1.7977166,0.9886888,0.3065708,0.7741917989422156,0.2672227652584,0.9909141511566161,0.9957428872679003,0.9951506195293714,2342,1404,0.2184228152036667,0.5392922163009644,0.40501755475997925,0.6684539914131165,0.5615969300270081,0.5946153846153845,0.6592307692307691,0.8377227247503817,0.8564485974466233,0.978135438890238,21.0,4.0,mcf7+INS_IKBKB,mcf7+INS,IKBKB,False,True,0
mcf7+INS_INSR,0.023479138,0.0032295196,7.270164,0.9919363,0.24531597,0.8210456710580694,0.13977215098504067,0.9936551998865997,0.9991372184248772,0.9945132475928383,2195,1827,0.02110963873565197,0.3532293140888214,0.059761855751276016,0.944553017616272,0.9885165691375732,1.0,1.0,0.9762127984920429,0.9917996465177932,0.9842842774944761,4.0,0.0,mcf7+INS_INSR,mcf7+INS,INSR,False,True,0
mcf7+INS_IRS1,0.027028535,0.0033251327,8.128558,0.9907969,0.067285664,0.8171165265632641,0.06459192699551494,0.992770410597264,0.9991077061140532,0.9936570447029804,2157,2027,0.20040087401866913,0.21520213782787323,0.931221604347229,-0.6634345650672913,0.39306119084358215,-0.49999999999999994,0.49999999999999994,0.5211825859949925,0.5714177541425717,0.9120867915226777,3.0,2.0,mcf7+INS_IRS1,mcf7+INS,IRS1,False,True,0
mcf7+INS_IRS2,0.025268938,0.0030483366,8.289418,0.991381,0.14474098,0.8248634165093329,0.11005258516761166,0.993231889545948,0.9991827425538584,0.9940442796352743,2228,1883,0.02402872033417225,0.2770856022834778,0.08671948313713074,0.9999639391899109,0.9995678663253784,1.0,1.0,0.9751781658380155,0.9970596448280821,0.9780539919516655,2.0,1.0,mcf7+INS_IRS2,mcf7+INS,IRS2,False,True,0
mcf7+INS_IRS4,0.03088432,0.009274291,3.3301005,0.989234,0.0987573,0.8141858235764922,0.0766095307565874,0.9914070873822881,0.9976078141660127,0.993784404356427,2031,1788,0.15564629435539246,0.2500154674053192,0.6225466728210449,0.8751012682914734,0.5029309391975403,0.7046153846153845,0.45692307692307693,0.9297930802451102,0.9757303361985773,0.9529201314653826,18.0,7.0,mcf7+INS_IRS4,mcf7+INS,IRS4,False,True,0
mcf7+INS_MAPK1,0.036954395,0.015922854,2.32084,0.9872265,0.08574595,0.8178313638356052,0.08914246450127697,0.9896944147125166,0.9959819562728882,0.9936870929028669,2032,1750,0.4733783006668091,0.5797335505485535,0.8165445923805237,0.8455780148506165,0.056394293904304504,0.86,0.26384615384615384,0.9031100746759677,0.9148959569933954,0.9871177894848727,17.0,8.0,mcf7+INS_MAPK1,mcf7+INS,MAPK1,False,False,0
mcf7+INS_MAPK3,0.027117688,0.0066909166,4.052911,0.99060214,0.17312741,0.8325816039805582,0.1205486898852282,0.9925849592091888,0.9982242278369207,0.9943506995017024,2155,1817,0.07531438022851944,0.2934975028038025,0.2566099464893341,0.9745268225669861,0.7501735091209412,0.6615384615384616,0.7054945054945055,0.9803340901908693,0.9628339099369941,1.0181756999553748,13.0,1.0,mcf7+INS_MAPK3,mcf7+INS,MAPK3,False,True,0
mcf7+INS_MTOR,0.028146304,0.003880227,7.253778,0.99039567,0.2107286,0.7905485202061416,0.16698083124783059,0.9923771895880283,0.9989693538178408,0.9934010345716626,2247,1647,0.09397901594638824,0.17493820190429688,0.5372126698493958,0.17731434106826782,0.8938037157058716,0.2142857142857143,0.6190476190476191,0.5957598736640082,0.987211155529651,0.6034776555420666,7.0,1.0,mcf7+INS_MTOR,mcf7+INS,MTOR,False,True,0
mcf7+INS_PIK3CA,0.026701203,0.0045540077,5.8632317,0.99080455,0.16329181,0.8252550492510796,0.10903563526341285,0.9927495524365498,0.9987857181369703,0.9939564957820185,2172,1828,0.16525383293628693,0.17710019648075104,0.9331092834472656,-0.09502828121185303,0.653155505657196,0.3,0.8999999999999998,0.6104167495097051,0.9924528908736094,0.6150586643688287,4.0,1.0,mcf7+INS_PIK3CA,mcf7+INS,PIK3CA,False,True,0
mcf7+INS_POLR2G,0.080265455,0.13799411,0.58165854,0.9700331,0.5519792,0.7212284740632346,0.5251704568101225,0.9747274617399979,0.9732410883046415,1.0015272407353306,2680,947,0.45406603813171387,0.992024838924408,0.4577164053916931,0.7543449997901917,0.5004656314849854,0.756015502856549,0.36076923076923073,0.7222094029795182,0.6958307552568637,1.0379095743086506,22.0,3.0,mcf7+INS_POLR2G,mcf7+INS,POLR2G,False,True,0
mcf7+INS_POLR2L,0.13657841,0.15970144,0.8552109,0.9623256,0.3102669,0.75730525382734,0.3153095678633493,0.9672204924804134,0.9697303423577799,0.9974118063880892,2251,1242,0.2825409770011902,0.4912729561328888,0.5751201510429382,,0.5019888877868652,,0.3592307692307692,,,,19.0,6.0,mcf7+INS_POLR2L,mcf7+INS,POLR2L,False,True,0
mcf7+INS_PTEN,0.026672058,0.0054075723,4.9323535,0.9907601,0.14643563,0.8207529180586784,0.09332496030329612,0.9926998986148325,0.9985733860079375,0.9941181214366369,2114,1803,0.1468542069196701,0.42260295152664185,0.3474992513656616,0.9701446294784546,0.6134520769119263,0.7941176470588236,0.6838235294117648,0.9809279440455297,0.9786579497767222,1.0023194970922429,14.0,3.0,mcf7+INS_PTEN,mcf7+INS,PTEN,False,True,0
mcf7+INS_RAD51,0.04057615,0.048950467,0.8289226,0.98383284,0.48500592,0.7141913169329062,0.4241663603449242,0.9868761347318559,0.9904919805031203,0.9963494446775554,2569,1179,0.4852543771266937,1.094792127609253,0.4432388246059418,0.968199610710144,0.47326958179473877,0.8799999999999999,0.4746153846153846,0.9795000217608733,0.9665346837085652,1.013414250177304,22.0,3.0,mcf7+INS_RAD51,mcf7+INS,RAD51,False,True,0
mcf7+INS_RPS6KB1,0.024982335,0.0031680015,7.885834,0.99145365,0.17482035,0.8344258892498866,0.154264339142633,0.9932957049186076,0.9991507372888808,0.9941399909425475,2224,1812,0.1084357425570488,0.1417188048362732,0.7651471495628357,0.04771775007247925,0.8963062763214111,0.19999999999999998,0.39999999999999997,0.9039282777222836,0.6228145822906637,1.451360169502945,2.0,2.0,mcf7+INS_RPS6KB1,mcf7+INS,RPS6KB1,False,True,0
mcf7+INS_SGK1,0.024907432,0.0054888767,4.5378013,0.9915454,0.2401894,0.8179396343846669,0.10202385939527844,0.9933295890854731,0.9985336301667928,0.9947883166634554,2115,1824,0.06711884588003159,0.23008261620998383,0.2917162775993347,0.9400119185447693,0.7926186919212341,0.7035714285714285,0.5678571428571427,0.9536272625655134,0.9639571413170125,0.9892838817113946,11.0,4.0,mcf7+INS_SGK1,mcf7+INS,SGK1,False,True,0
mcf7+INS_SHC1,0.028675104,0.0055227433,5.192185,0.99011564,0.08042726,0.8093033105328586,0.08779713746752484,0.9921750874725429,0.9985488388310428,0.9936169858592381,2093,1801,0.07407194375991821,0.09595984220504761,0.7719056606292725,0.6130678653717041,0.6508215665817261,0.6200980392156864,0.5318627450980392,0.8486209350713078,0.9800372882067308,0.8659067826124369,11.0,6.0,mcf7+INS_SHC1,mcf7+INS,SHC1,False,True,0
mcf7+INS_SMARCE1,0.054852758,0.044488426,1.2329669,0.9833447,0.21895586,0.8003832384747064,0.14362392703122195,0.9861379904553891,0.9902883037481869,0.9958089848409911,2061,1666,0.44929584860801697,0.5839396715164185,0.7694216966629028,0.8226572871208191,0.3460817039012909,0.7961505131214202,0.3707692307692308,0.877575105284461,0.878275081988602,0.9992030097192828,18.0,7.0,mcf7+INS_SMARCE1,mcf7+INS,SMARCE1,False,False,0
mcf7+INS_SP1,0.027752416,0.0048185163,5.759536,0.9905757,0.11100052,0.8152414451874279,0.10181150626747872,0.9925917750983426,0.9987078973826742,0.9938759648338016,2201,1870,0.2619064748287201,0.358842134475708,0.7298654317855835,0.24982017278671265,0.5965471863746643,0.2703296703296703,0.5076923076923077,0.705427127951953,0.7062433641378199,0.9988442564881819,8.0,6.0,mcf7+INS_SP1,mcf7+INS,SP1,False,True,0
mcf7+INS_SREBF1,0.023999935,0.0026698154,8.989361,0.9918554,0.22546293,0.8163237745180218,0.12053121415500533,0.9936004150980905,0.9992849619912075,0.9943113855313205,2194,1888,0.14588496088981628,0.3053792417049408,0.4777173399925232,-0.3036712408065796,0.7700756788253784,-0.3,0.8999999999999998,0.6562622635258216,0.6105881695656161,1.0748034374670228,5.0,0.0,mcf7+INS_SREBF1,mcf7+INS,SREBF1,False,True,0
mcf7+INS_SREBF2,0.027336502,0.002921444,9.357189,0.99078023,0.03700465,0.8178146100816516,0.0672709323935751,0.9927528224240009,0.9992162683411083,0.9935314845025112,2156,1950,0.008037007413804531,0.3175927698612213,0.025306014344096184,,,,,,,,1.0,0.0,mcf7+INS_SREBF2,mcf7+INS,SREBF2,False,True,0
mcf7+INS_SRF,0.024893954,0.0051735835,4.8117433,0.9915486,0.25284904,0.8086281272036453,0.1682603890456109,0.993317941977608,0.9986378512012972,0.9946728343840666,2157,1707,0.07679340243339539,0.1759263575077057,0.43650880455970764,0.7813130021095276,0.7653111815452576,0.7939393939393938,0.7818181818181817,0.8740939039972021,0.7988582162918239,1.094179024726829,8.0,2.0,mcf7+INS_SRF,mcf7+INS,SRF,False,True,0
mcf7+INS_TAF3,0.023813898,0.00348162,6.83989,0.9919713,0.27190283,0.8155617979177072,0.18758746067613477,0.9936766952214628,0.9990670465897654,0.9946046149888518,2346,1759,0.07920987904071808,0.695993185043335,0.11380840837955475,0.9989571571350098,-0.18066883087158203,1.0,-0.19999999999999998,0.9946543666113294,0.9767582296740133,1.0183219720025178,4.0,0.0,mcf7+INS_TAF3,mcf7+INS,TAF3,False,True,0
mcf7+INS_TAF7,0.02656105,0.003725488,7.129549,0.99094045,0.10579869,0.823409149408429,0.1339170539266084,0.9928830543647758,0.9990005965320171,0.9938763378235427,2232,1814,0.03138808533549309,0.13974907994270325,0.22460316121578217,-1.0,1.0,-0.9999999999999999,0.9999999999999999,0.6924914619351346,0.9894788301633733,0.6998547526487221,2.0,0.0,mcf7+INS_TAF7,mcf7+INS,TAF7,False,True,0
mcf7+INS_TAF8,0.032692723,0.007968656,4.102665,0.9891148,0.13066542,0.7686469596728763,0.17877757478187217,0.9913111703056389,0.9979130699604649,0.9933842938292334,2189,1657,0.10868361592292786,0.14123059809207916,0.7695472240447998,0.5470862984657288,0.36402109265327454,0.6269230769230768,0.3884615384615384,0.6886842294865299,0.6884223221860122,1.0003804456829435,18.0,7.0,mcf7+INS_TAF8,mcf7+INS,TAF8,False,True,0
mcf7+INS_TSC1,0.03286,0.014649628,2.2430604,0.9884836,0.15627939,0.8056563829963084,0.12671023142846904,0.9907453246467346,0.9964116388612226,0.9943132797796662,2028,1746,0.22055523097515106,0.3409608006477356,0.6468638777732849,0.9265247583389282,0.4800197184085846,0.518945960744037,0.4038461538461539,0.9370587368215496,0.9544850362257737,0.9817427212131777,18.0,7.0,mcf7+INS_TSC1,mcf7+INS,TSC1,False,False,0
mcf7+INS_TSC2,0.028144684,0.0036401236,7.7317934,0.9903145,0.03135339,0.819963070165442,0.0927279323788576,0.9923708933481407,0.9990288217224494,0.9933355993045029,2093,1837,0.05832454562187195,0.16499672830104828,0.35348910093307495,0.11019425094127655,0.8507130146026611,0.1785714285714286,0.8571428571428573,0.675035105104197,0.991434337435016,0.6808671836509218,5.0,2.0,mcf7+INS_TSC2,mcf7+INS,TSC2,False,True,0
mcf7+INS_TTF1,0.028199967,0.0052827294,5.3381433,0.99036586,0.112782866,0.8023542705456597,0.09752604324208258,0.9923837664110051,0.9985863091441572,0.9937886763754371,2128,1837,0.18963102996349335,0.22304360568523407,0.8501971364021301,0.8421903848648071,0.4125449061393738,0.7714285714285715,0.6,0.9039531148191877,0.9548594661307426,0.9466870747819716,3.0,3.0,mcf7+INS_TTF1,mcf7+INS,TTF1,False,True,0
mcf7+INS_TTF2,0.03398551,0.007562765,4.4937944,0.98937446,0.24953306,0.743960537915404,0.16851513394082845,0.9914068255870311,0.99802575877343,0.9933679735936539,2206,1611,0.06712336838245392,0.21567483246326447,0.3112248480319977,0.8115224242210388,0.698780357837677,0.7884615384615384,0.643076923076923,0.8867835136192543,0.8872701268297095,0.9994515613726409,23.0,2.0,mcf7+INS_TTF2,mcf7+INS,TTF2,False,True,0
mcf7+INS_XBP1,0.029634552,0.01543024,1.9205503,0.99063265,0.44695368,0.7338013565506175,0.24740734060627373,0.9924099732535883,0.9959859307783847,0.9964096304834329,2316,1481,0.1582707315683365,0.899369478225708,0.17597965896129608,0.8807108998298645,0.5545917749404907,0.8869230769230768,0.733076923076923,0.9491155205855228,0.9653634633973109,0.9831690928568932,22.0,3.0,mcf7+INS_XBP1,mcf7+INS,XBP1,False,True,0
mcf7+INS_ZNF593,0.026447577,0.0032978242,8.019705,0.99092764,0.09426053,0.8236185313863845,0.09924000600999364,0.9928599089151632,0.9991163450169872,0.993738030477604,2189,1842,0.009296887554228306,0.44318145513534546,0.020977608859539032,1.0,1.0,0.9999999999999999,0.9999999999999999,0.995746761338919,0.9967377179749382,0.999005800003202,2.0,0.0,mcf7+INS_ZNF593,mcf7+INS,ZNF593,False,True,0
mcf7+TNFA_CEBPB,0.006949762,0.00900612,0.771671,0.9976195,0.44703588,0.8908112610574273,0.2974136490938031,0.9981089445992188,0.9976456177201154,1.000464420302033,2352,1517,0.055253028869628906,0.15430854260921478,0.3580684959888458,0.9268532395362854,0.7905073165893555,0.9023076923076924,0.6992307692307692,0.9524903069005024,0.9727932149887806,0.9791292663482317,23.0,2.0,mcf7+TNFA_CEBPB,mcf7+TNFA,CEBPB,True,False,0
mcf7+TNFA_NFKB1,0.00651745,0.0052437577,1.2428968,0.9982933,0.48506275,0.8576532905137338,0.3821507039283768,0.9985724107498535,0.9986314264894182,0.9999409033823699,2529,1356,0.06502977758646011,0.09243905544281006,0.7034881114959717,0.6432381868362427,0.5767838358879089,0.9285714285714285,0.8461538461538461,0.7616572365249006,0.63420444142824,1.200964841573223,11.0,2.0,mcf7+TNFA_NFKB1,mcf7+TNFA,NFKB1,True,False,0
mcf7+TNFA_SOX9,0.0072667464,0.008323587,0.87303066,0.998426,0.5882897,0.8267821057639476,0.41740992046923087,0.9987452352159941,0.9978695020226378,1.000877602924612,2578,1252,0.018869321793317795,0.1937282532453537,0.0974009782075882,0.9494381546974182,0.937593936920166,0.7838461538461537,0.9323076923076923,0.9715162026159131,0.9536265469679658,1.0187596032270987,25.0,0.0,mcf7+TNFA_SOX9,mcf7+TNFA,SOX9,True,False,0
mcf7+TNFA_TRAF2,0.003099466,0.0033797608,0.9170667,0.9989699,0.5280638,0.8921482367239048,0.3832947765280067,0.9991817732047562,0.9991233513967659,1.000058473068324,2494,1372,0.00707277562469244,0.022135140374302864,0.3195270299911499,1.0,1.0,0.9999999999999999,0.9999999999999999,0.9701480990754376,0.9796342317171485,0.9903166586726119,2.0,0.0,mcf7+TNFA_TRAF2,mcf7+TNFA,TRAF2,True,False,0
mcf7+TNFA_ZFP36L1,0.0031091922,0.004739144,0.65606624,0.9989736,0.60166055,0.8871894670476101,0.38124164420162954,0.9991976324970283,0.9987445722048429,1.0004536297916344,2482,1440,0.02846076712012291,0.16276060044765472,0.17486275732517242,0.9466705918312073,0.9371293187141418,0.9446153846153846,0.9146153846153846,0.9735471139892111,0.97292232044917,1.00064218234787,25.0,0.0,mcf7+TNFA_ZFP36L1,mcf7+TNFA,ZFP36L1,True,False,0
a549+IFNB_ADAR,0.015158502,0.029053777,0.5217395,0.9955843,0.6624906,0.800143527125085,0.6023763680253921,0.9965266891789976,0.9945886773540078,1.0019485560906902,2575,756,0.061955422163009644,0.30168843269348145,0.20536227524280548,0.9324957132339478,0.5532952547073364,0.846923076923077,0.4715384615384615,0.9715077450842569,0.950027477348327,1.0226101541777344,25.0,0.0,a549+IFNB_ADAR,a549+IFNB,ADAR,True,False,1
a549+IFNB_ETS1,0.004246429,0.006631622,0.6403304,0.9988021,0.6039952,0.8906448514626404,0.48775336285200344,0.9990807773470077,0.9986003550899855,1.000481095620058,2444,988,,,,,,,,,,,,,a549+IFNB_ETS1,a549+IFNB,ETS1,True,False,1
a549+IFNB_RNF114,0.0043917075,0.005039391,0.8714758,0.99878466,0.5662079,0.8882884389014438,0.4460831513343224,0.9990534003547137,0.9988991633186383,1.000154407012979,2357,1085,,,,,,,,,,,,,a549+IFNB_RNF114,a549+IFNB,RNF114,True,False,1
a549+IFNB_STAT2,0.017526546,0.028591223,0.61300445,0.9949623,0.63790643,0.881447481461756,0.4754927059663567,0.9960469945088058,0.9939957838213731,1.0020636009939066,2344,1023,0.5832403302192688,0.9724242687225342,0.5997796654701233,0.9387345910072327,0.4806838035583496,0.8561538461538462,0.10076923076923076,0.9753759798755985,0.9659665181681168,1.009740981214676,24.0,1.0,a549+IFNB_STAT2,a549+IFNB,STAT2,True,False,1
a549+IFNG_PIK3CA,0.006814163,0.007997785,0.8520063,0.9978811,0.48371047,0.8722894184138177,0.40312268402580553,0.9983712433132411,0.9982361019964316,1.0001353801135215,2201,1089,,,,,,,,,,,,,a549+IFNG_PIK3CA,a549+IFNG,PIK3CA,True,False,1
a549+IFNG_STAT2,0.03397516,0.04286036,0.7926943,0.99397755,0.48251063,0.8610020086892856,0.30251493834790244,0.9948457266448558,0.9928534608345587,1.002006606099376,1886,1271,0.36072590947151184,0.6488674283027649,0.5559316277503967,0.9883496165275574,0.42135733366012573,0.91,0.45384615384615384,0.9773215985246773,0.9605468118030448,1.017463788870575,24.0,1.0,a549+IFNG_STAT2,a549+IFNG,STAT2,True,False,1
a549+INS_COPS4,0.011575241,0.019154686,0.6043033,0.99712,0.5741486,0.8475732615985164,0.4589377737081661,0.9976584706031408,0.9963395720251306,1.0013237440477543,2321,1023,0.1516714096069336,0.27353614568710327,0.554483950138092,0.9562554359436035,0.29184800386428833,0.6661536982250991,0.48923076923076925,0.9418594403755658,0.9178656541991587,1.0261408475920606,23.0,2.0,a549+INS_COPS4,a549+INS,COPS4,True,False,1
a549+INS_DR1,0.014598528,0.024741389,0.5900448,0.995444,0.5769148,0.8330463195050225,0.46847270937838115,0.996423102623929,0.9947626264306731,1.0016692185141833,2372,968,0.12352841347455978,0.28903770446777344,0.42737820744514465,0.7849192023277283,0.7286279797554016,0.7015384615384616,0.6707692307692308,0.8133077404023895,0.7394187900418892,1.0999284185844322,25.0,0.0,a549+INS_DR1,a549+INS,DR1,True,False,1
a549+INS_FOXM1,0.008697442,0.0063599506,1.3675328,0.99839735,0.30392224,0.8763342689282076,0.21482139028752603,0.9987125712336777,0.998664580405368,1.0000480550019009,1941,1488,0.0787251740694046,0.19776597619056702,0.39807239174842834,1.0,-1.0,0.9999999999999999,-0.9999999999999999,0.9922149057116855,0.9936534048156449,0.998552313012779,2.0,0.0,a549+INS_FOXM1,a549+INS,FOXM1,True,False,1
a549+INS_PIK3CA,0.005670539,0.0062590567,0.90597343,0.99838567,0.4398612,0.8666523847188098,0.31100875086165275,0.9987267742699224,0.9986640002009299,1.000062858047331,2136,1320,0.06623365730047226,0.1988832801580429,0.33302778005599976,0.9796267747879028,0.7920920848846436,1.0,0.5,0.9980114987404075,0.9990410133453714,0.9989694971565617,3.0,0.0,a549+INS_PIK3CA,a549+INS,PIK3CA,True,False,1
a549+INS_POLR2L,0.04823331,0.011935945,4.0410132,0.9948976,0.52895916,0.7023706086969741,0.47047034769281715,0.9953568245439626,0.9974930223078138,0.9978584333763971,2446,924,0.024643564596772194,0.13794256746768951,0.17865090072155,0.7773380875587463,0.37942907214164734,0.6712829514442881,0.3446153846153846,0.8560802262615247,0.9699578363367156,0.8825952986726951,25.0,0.0,a549+INS_POLR2L,a549+INS,POLR2L,True,False,1
a549+INS_SGK1,0.005553804,0.0051306067,1.0824848,0.9986005,0.3995465,0.8805421161200979,0.2895126645454958,0.9988779980129823,0.9988992628527441,0.9999787117274458,2060,1389,,,,,,,,,,,,,a549+INS_SGK1,a549+INS,SGK1,True,False,1
a549+INS_TSC2,0.0054757027,0.003687368,1.4849895,0.9985744,0.43582064,0.8734856008195135,0.33783255063341966,0.9988747051553712,0.999155532554428,0.9997189352509125,2227,1246,,,,,,,,,,,,,a549+INS_TSC2,a549+INS,TSC2,True,False,1
a549+TGFB_PIK3CA,0.003498253,0.004719337,0.7412594,0.9989326,0.5003476,0.8868805694241462,0.380780545371608,0.9991721418165737,0.9989550282179311,1.0002173407135553,2320,1249,0.09857410937547684,0.11734256893396378,0.8400541543960571,,,,,,,,1.0,0.0,a549+TGFB_PIK3CA,a549+TGFB,PIK3CA,True,False,1
a549+TGFB_RBX1,0.004170097,0.0045360955,0.9193142,0.9988028,0.5172993,0.8607580851615048,0.396427092229797,0.9990459840032095,0.9990016894796675,1.00004433878742,2335,1239,,,,,,,,,,,,,a549+TGFB_RBX1,a549+TGFB,RBX1,True,False,1
a549+TGFB_SMAD4,0.042212892,0.04388422,0.961915,0.98729265,0.18615568,0.8850703046234693,0.26600983977492626,0.9902038530914729,0.9897945584830496,1.0004135147085982,2175,1345,1.84037184715271,1.7724682092666626,1.038310170173645,0.30002638697624207,-0.1620868742465973,0.2976923076923077,-0.08230769230769232,0.8916584436835272,0.8963342351085282,0.9947834287235109,11.0,14.0,a549+TGFB_SMAD4,a549+TGFB,SMAD4,True,False,1
a549+TNFA_ARID5B,0.043326817,0.007547392,5.7406344,0.98619246,0.2296493,0.8270709506324271,0.20486214677112705,0.9893783639142205,0.9984199293218963,0.9909441256708321,2052,1471,0.03235753998160362,0.07342071086168289,0.4407140612602234,0.7600134015083313,0.34852391481399536,0.5821694844085192,0.6087912087912088,0.8765680975001312,0.938366097165253,0.9341429748455216,13.0,1.0,a549+TNFA_ARID5B,a549+TNFA,ARID5B,False,True,1
a549+TNFA_BATF,0.04432652,0.004016788,11.035315,0.986061,0.11011161,0.8358824122966898,0.14280050582496256,0.989347729069841,0.9991091207025851,0.9902299043913445,1956,1638,,,,,,,,,,,,,a549+TNFA_BATF,a549+TNFA,BATF,False,True,1
a549+TNFA_BIRC2,0.046009798,0.0052506933,8.762614,0.9857804,0.14404126,0.8224962697635853,0.14587513881789904,0.9890972566169388,0.9987807894844848,0.9903046464554609,2083,1580,0.5815573334693909,0.19894945621490479,2.9231410026550293,0.4162496328353882,-0.6263819336891174,0.7380952380952381,-0.5476190476190477,0.6330263850821647,0.920731019016622,0.6875258593527809,6.0,2.0,a549+TNFA_BIRC2,a549+TNFA,BIRC2,False,True,1
a549+TNFA_BIRC3,0.047788393,0.003932592,12.151882,0.98532915,0.07438533,0.8204363727249059,0.14503017434363813,0.9887381903383731,0.9990990208429988,0.9896298261849124,2044,1534,0.7573586702346802,0.9984472990036011,0.7585364580154419,1.0,-1.0,0.9999999999999999,-0.9999999999999999,0.9965681811414573,0.992800991746253,1.0037945060757625,1.0,1.0,a549+TNFA_BIRC3,a549+TNFA,BIRC3,False,False,1
a549+TNFA_CASP3,0.049116943,0.016569002,2.9643877,0.98392034,0.2626866,0.7988600265478294,0.2701137313064258,0.9875055985671781,0.9968172308673783,0.9906586362957454,2167,1336,0.04181687533855438,0.15520542860031128,0.26942920684814453,0.5408604145050049,0.8906599283218384,0.6540907745615536,0.3715384615384616,0.7890297765969311,0.9655001525499805,0.81722387563899,23.0,2.0,a549+TNFA_CASP3,a549+TNFA,CASP3,False,True,1
a549+TNFA_CASP7,0.043279637,0.0027184957,15.920436,0.986495,0.112439044,0.8401102301158822,0.12159436051588475,0.9896995382201402,0.9993794563673218,0.9903140713114441,1994,1638,,,,,,,,,,,,,a549+TNFA_CASP7,a549+TNFA,CASP7,False,True,1
a549+TNFA_CASP8,0.05074972,0.034243684,1.4820169,0.98311293,0.359272,0.7945849254277962,0.3254102613045716,0.986727107429302,0.9938128094521418,0.9928701844497799,2232,1246,0.10613648593425751,0.30045029520988464,0.35325804352760315,0.2929598093032837,0.7686203718185425,0.2588959463163357,0.4753846153846154,0.7462054281027063,0.9655443353976885,0.772833934958936,22.0,3.0,a549+TNFA_CASP8,a549+TNFA,CASP8,False,True,1
a549+TNFA_CASP10,0.065500565,0.12640195,0.5181927,0.9750774,0.624933,0.745188609344126,0.6078093116219865,0.9798921309634024,0.9805922462849116,0.9992860280874526,2688,713,0.14314693212509155,0.5464986562728882,0.26193463802337646,0.3606725335121155,0.4277190864086151,0.34839063466781295,0.4476923076923077,0.7480006166454548,0.8418166803718953,0.8885552330882839,25.0,0.0,a549+TNFA_CASP10,a549+TNFA,CASP10,False,True,1
a549+TNFA_CEBPB,0.050739422,0.019777302,2.5655382,0.9835953,0.20733081,0.8267446131618472,0.18360151100207067,0.9873278646140219,0.995791275626609,0.9915008182741294,2017,1490,0.2751525044441223,0.584060788154602,0.4711025059223175,0.8938024044036865,0.4818255603313446,0.8984615384615385,0.5161538461538462,0.9439936686119548,0.9694565704161664,0.9737348710801135,21.0,4.0,a549+TNFA_CEBPB,a549+TNFA,CEBPB,False,True,1
a549+TNFA_CHUK,0.03317802,0.019421177,1.7083424,0.9893054,0.5396094,0.828506041632963,0.34012730353811726,0.9917352072872864,0.9958447795163508,0.9958732803408777,2166,1329,0.09131687134504318,0.37249645590782166,0.24514830112457275,0.8361273407936096,0.8805811405181885,0.6592307692307691,0.7884615384615384,0.8924300132203858,0.9645112555918606,0.9252665617393516,23.0,2.0,a549+TNFA_CHUK,a549+TNFA,CHUK,False,True,1
a549+TNFA_CREB1,0.042199325,0.005075445,8.314409,0.986783,0.21133922,0.8383011208667278,0.1637422883518407,0.9899134428375038,0.9988414646111422,0.9910616228000565,2036,1595,0.005253257695585489,0.03213321790099144,0.16348370909690857,0.3794611394405365,-0.28095102310180664,0.5,-0.5,0.9213616267683632,0.9944329275860196,0.9265196286339425,3.0,0.0,a549+TNFA_CREB1,a549+TNFA,CREB1,False,True,1
a549+TNFA_CSF1,0.046648633,0.011511556,4.052331,0.9850479,0.18110952,0.8233607731708716,0.1778626483236077,0.9884499097368173,0.9977194115291691,0.9907093099670731,2000,1515,0.20564475655555725,0.11723066121339798,1.754189133644104,0.9282995462417603,-0.6467263698577881,0.44461538461538463,-0.050769230769230775,0.9552301365435142,0.9514385321302232,1.0039851280826326,17.0,8.0,a549+TNFA_CSF1,a549+TNFA,CSF1,False,True,1
a549+TNFA_CSF2,0.04371281,0.0027307696,16.007505,0.98633504,0.071737304,0.8417024164436486,0.09932964870462481,0.9895908004561923,0.9993805887875693,0.9902041440055847,1962,1669,0.006338184699416161,0.3398832380771637,0.018648123368620872,,,,,,,,1.0,0.0,a549+TNFA_CSF2,a549+TNFA,CSF2,False,True,1
a549+TNFA_DNM1L,0.05028574,0.018335553,2.7425265,0.98350304,0.32942018,0.7833276623327057,0.3510434961957914,0.9871218043014348,0.9965111833632829,0.9905777484301196,2339,1163,0.1281343400478363,0.1405978798866272,0.9113532900810242,0.8033868670463562,-0.45729103684425354,0.6166283582350756,-0.09923076923076923,0.8976853486439457,0.9200763499054515,0.9756639747736079,22.0,3.0,a549+TNFA_DNM1L,a549+TNFA,DNM1L,False,True,1
a549+TNFA_FADD,0.04349654,0.0030389759,14.312895,0.9864136,0.14302257,0.836938610129135,0.1525389948526655,0.9896243888939409,0.999309901218792,0.9903077990991199,2040,1573,,,,,,,,,,,,,a549+TNFA_FADD,a549+TNFA,FADD,False,True,1
a549+TNFA_FOS,0.04429445,0.0046916297,9.441165,0.9860382,0.15434405,0.835296470169765,0.14023772424444556,0.989313768051412,0.9989746762358417,0.9903291760899964,1971,1587,1.4354815483093262,1.6299160718917847,0.8807088732719421,,,,,,,,1.0,0.0,a549+TNFA_FOS,a549+TNFA,FOS,False,True,1
a549+TNFA_ID2,0.042753138,0.0025809635,16.564796,0.98668206,0.12456557,0.842853470545478,0.13071118961887992,0.9898539436927127,0.9994083456832554,0.9904399417597312,1968,1640,,,,,,,,,,,,,a549+TNFA_ID2,a549+TNFA,ID2,False,True,1
a549+TNFA_IKBKB,0.046139393,0.067968436,0.6788356,0.98470235,0.5857278,0.7844972446941624,0.46589158893547233,0.9878053819925164,0.9884079260947904,0.9993903892447983,2435,1023,0.11555100232362747,0.3757131099700928,0.30755114555358887,0.3439050614833832,0.7077752351760864,0.1316397618704094,0.6607692307692308,0.8366208037207106,0.958580245714978,0.87277075389416,21.0,4.0,a549+TNFA_IKBKB,a549+TNFA,IKBKB,False,True,1
a549+TNFA_IKBKE,0.04437811,0.004405506,10.073329,0.9860624,0.10963096,0.8430488171822046,0.11386559700711474,0.9893384703754512,0.9990155553938147,0.9903133790398801,1966,1609,,,,,,,,,,,,,a549+TNFA_IKBKE,a549+TNFA,IKBKE,False,True,1
a549+TNFA_IKBKG,0.044042293,0.005993284,7.348608,0.98603237,0.19638498,0.8334882325714718,0.1927028709976015,0.9892776851298296,0.9987417440998496,0.9905240178194916,2035,1503,0.06763961166143417,0.09600090980529785,0.7045726180076599,1.0,-1.0,0.9999999999999999,-0.9999999999999999,0.9987439402842834,0.9517518426848314,1.0493743174343537,2.0,0.0,a549+TNFA_IKBKG,a549+TNFA,IKBKG,False,True,1
a549+TNFA_IRF1,0.04308546,0.0038695182,11.13458,0.98663574,0.13714057,0.8521483851775824,0.13555102664383967,0.9898649456391041,0.9990954192862748,0.9907611690845659,2075,1646,,,,,,,,,,,,,a549+TNFA_IRF1,a549+TNFA,IRF1,False,True,1
a549+TNFA_ITCH,0.046903476,0.017069282,2.7478294,0.9845406,0.3067367,0.8029506962196663,0.293231255844309,0.9879832716928904,0.9967382160265399,0.9912164054785109,2212,1288,0.09079898148775101,0.14765886962413788,0.6149240136146545,0.6996338367462158,0.0236787348985672,0.42538461538461536,0.08384615384615385,0.8930833152434398,0.9594520863976315,0.9308263830001344,21.0,4.0,a549+TNFA_ITCH,a549+TNFA,ITCH,False,True,1
a549+TNFA_JUN,0.044921122,0.009081279,4.9465632,0.9858015,0.17032108,0.8402271954637559,0.16488276998299356,0.9891150963542639,0.9979600384436984,0.9911369776857718,1942,1598,0.079991914331913,0.1358351856470108,0.588889479637146,0.5870848298072815,0.6603199243545532,0.7995383431383377,0.41000000000000003,0.7637586126399025,0.89064514691855,0.8575341316149884,15.0,10.0,a549+TNFA_JUN,a549+TNFA,JUN,False,True,1
a549+TNFA_JUNB,0.044422846,0.00772416,5.751156,0.9858688,0.18588057,0.8354595655882263,0.16266519984002864,0.9891707982789716,0.9983227965205766,0.9908326262071724,2012,1554,0.07312045246362686,0.11031074076890945,0.6628588438034058,0.4073484539985657,0.8507541418075562,0.6912280701754386,0.18596491228070175,0.6492672005834703,0.9621183031061881,0.6748309417743312,14.0,5.0,a549+TNFA_JUNB,a549+TNFA,JUNB,False,True,1
a549+TNFA_KLF6,0.042586133,0.0035749457,11.912386,0.9867085,0.17557134,0.8413973582813294,0.17097318042473897,0.9898627027670466,0.9991825922103695,0.990672486174218,2007,1580,0.013447556644678116,0.059089548885822296,0.2275792807340622,,,,,,,,1.0,0.0,a549+TNFA_KLF6,a549+TNFA,KLF6,False,True,1
a549+TNFA_MAP2K3,0.044553705,0.002011807,22.146114,0.98620373,0.023366876,0.8491800671627644,0.08062955815218702,0.9895058241943208,0.9995294000420211,0.9899717048370174,1968,1683,,,,,,,,,,,,,a549+TNFA_MAP2K3,a549+TNFA,MAP2K3,False,True,1
a549+TNFA_MAP3K7,0.029128876,0.011708601,2.4878185,0.9908886,0.57396454,0.8446593233845179,0.30766636035921,0.9930583652151473,0.9972693412154213,0.9957774937760125,2170,1438,0.0693761557340622,0.12260136008262634,0.5658677220344543,0.5865588784217834,0.7406651377677917,0.6353846153846153,0.3853846153846154,0.7296447884666789,0.7361932061176746,0.9911050284129503,21.0,4.0,a549+TNFA_MAP3K7,a549+TNFA,MAP3K7,False,True,1
a549+TNFA_MAP3K14,0.043704547,0.005012167,8.71969,0.9863034,0.15351523,0.8364365421385171,0.1485637892540183,0.9895285769145645,0.9988628165683427,0.9906551335188885,1991,1571,0.019026825204491615,0.056698236614465714,0.3355805575847626,0.7149693369865417,0.7274900674819946,0.4285714285714286,0.6,0.8629874382026445,0.9469814374587917,0.9113034364416438,4.0,2.0,a549+TNFA_MAP3K14,a549+TNFA,MAP3K14,False,True,1
a549+TNFA_MAPK8,0.042053003,0.003440226,12.223907,0.986832,0.17814748,0.8423656472959707,0.16782032084050705,0.9899572072577695,0.9992226934024019,0.9907273061292443,2018,1564,,,,,,,,,,,,,a549+TNFA_MAPK8,a549+TNFA,MAPK8,False,True,1
a549+TNFA_MAPK9,0.043923378,0.0035465409,12.3848505,0.98617613,0.10814665,0.8376968609379577,0.10320581461338678,0.9894447658075602,0.9992224164360539,0.9902147405145615,1936,1655,,,,,,,,,,,,,a549+TNFA_MAPK9,a549+TNFA,MAPK9,False,True,1
a549+TNFA_MAPK14,0.04455072,0.0032858474,13.558366,0.9861984,0.09427791,0.844023155863864,0.09672058975922447,0.9894796758675231,0.9992325904061071,0.9902395952331576,1975,1654,0.05695051699876785,0.07711640000343323,0.738500714302063,1.0,-1.0,0.9999999999999999,-0.9999999999999999,0.9952845978518401,0.9894684357871701,1.0058780673079712,2.0,0.0,a549+TNFA_MAPK14,a549+TNFA,MAPK14,False,True,1
a549+TNFA_MMP9,0.042424895,0.002101898,20.184088,0.98679817,0.1264719,0.8457361733110308,0.15331305469983758,0.9899642156286051,0.9995132998771007,0.9904462659479671,2079,1609,,,,,,,,,,,,,a549+TNFA_MMP9,a549+TNFA,MMP9,False,True,1
a549+TNFA_MTF1,0.0469368,0.0034435554,13.63033,0.9854675,-0.01938584,0.8376323300199005,0.04296715993255479,0.9889455416879954,0.9991944758525267,0.9897428034159348,1932,1756,0.020227309316396713,0.031088637188076973,0.6506335139274597,,,,,,,,1.0,0.0,a549+TNFA_MTF1,a549+TNFA,MTF1,False,True,1
a549+TNFA_MTOR,0.051376015,0.011732327,4.379013,0.98360354,0.22683945,0.7898175413564805,0.23499680736489065,0.9872575336872276,0.9975247629277318,0.9897072938717131,2138,1386,0.05323653668165207,0.09155067801475525,0.5814980268478394,0.7813165783882141,0.22707191109657288,0.6855164581511296,0.15846153846153843,0.899465969309425,0.9595756429863305,0.9373580664367054,22.0,3.0,a549+TNFA_MTOR,a549+TNFA,MTOR,False,True,1
a549+TNFA_MYC,0.04522868,0.0039690775,11.395262,0.9858589,0.04461422,0.8499145854521624,0.0888001693721481,0.9892128614601947,0.9990937079959192,0.9901101904089212,1895,1674,,,,,,,,,,,,,a549+TNFA_MYC,a549+TNFA,MYC,False,True,1
a549+TNFA_NFAT5,0.05094046,0.03597576,1.4159662,0.9832708,0.36447707,0.809900648794742,0.323327929008255,0.9868414953006429,0.9936992883377698,0.9930987240127762,2237,1237,0.08588829636573792,0.23813506960868835,0.3606705069541931,0.5418358445167542,0.3571857511997223,0.2989036408436744,0.4176923076923077,0.8631850811849026,0.946984480426471,0.9115092158597682,23.0,2.0,a549+TNFA_NFAT5,a549+TNFA,NFAT5,False,True,1
a549+TNFA_NFKB1,0.04862174,0.0093324,5.2099934,0.9844948,0.16839996,0.818034368402038,0.1654546859781379,0.9880463063760574,0.9980255383122594,0.9900010254716751,2024,1519,0.04104138910770416,0.06317560374736786,0.6496398448944092,0.8291544318199158,0.04543451964855194,0.6897480412261366,0.44076923076923075,0.9302961268454167,0.9676316282966364,0.9614155838240396,22.0,3.0,a549+TNFA_NFKB1,a549+TNFA,NFKB1,False,True,1
a549+TNFA_NFKBIA,0.052074537,0.0036935674,14.09871,0.98378193,-0.2244474,0.8462821628347575,-0.0098030090210216,0.9876519079735824,0.999140666546445,0.9885013602613396,1885,1764,,,,,,,,,,,,,a549+TNFA_NFKBIA,a549+TNFA,NFKBIA,False,True,1
a549+TNFA_NFKBIE,0.047014847,0.005223291,9.001001,0.9855067,0.0358549,0.8466778901025797,0.08107944587293837,0.9889174841747743,0.9988649846809251,0.9900411960988618,1842,1717,,,,,,,,,,,,,a549+TNFA_NFKBIE,a549+TNFA,NFKBIE,False,True,1
a549+TNFA_NKX3-1,0.042574465,0.0027482302,15.491593,0.98672575,0.13915461,0.8384116208863351,0.13835885575998863,0.9898933532101962,0.9993658406298117,0.9905215017018735,2001,1632,0.01698214001953602,0.5134926438331604,0.03307182714343071,,,,,,,,1.0,0.0,a549+TNFA_NKX3-1,a549+TNFA,NKX3-1,False,True,1
a549+TNFA_PDCD5,0.045745302,0.014229729,3.2147698,0.985171,0.34086925,0.793540194057068,0.3167746963109244,0.9884888726785965,0.9971575538265933,0.9913066083541856,2191,1292,0.04841959848999977,0.09680435061454773,0.5001800060272217,0.6066777110099792,-0.11122792959213257,0.5405445695993212,-0.19307692307692306,0.8584054366521198,0.9274078984932851,0.9255964263909437,23.0,2.0,a549+TNFA_PDCD5,a549+TNFA,PDCD5,False,True,1
a549+TNFA_PIK3CA,0.04468868,0.008642066,5.1710644,0.98576957,0.19238558,0.8293615225088118,0.17484842787549723,0.9890423449250554,0.9982586854093722,0.9907675829732077,1980,1541,0.04385719820857048,0.09198790788650513,0.47677135467529297,0.7535983324050903,0.12545612454414368,0.763076923076923,0.14384615384615382,0.9412887129031525,0.979449637032598,0.9610384008665721,22.0,3.0,a549+TNFA_PIK3CA,a549+TNFA,PIK3CA,False,False,1
a549+TNFA_PTGS2,0.044771485,0.0034331267,13.041023,0.98606867,0.101061895,0.8362551242649168,0.11838917809376925,0.9893639506936245,0.9992054620818241,0.9901506629400373,1989,1651,0.4700521230697632,1.6207530498504639,0.29002082347869873,1.0,-1.0,0.9999999999999999,-0.9999999999999999,0.970516127838497,0.9997125742356133,0.9707951593792444,2.0,0.0,a549+TNFA_PTGS2,a549+TNFA,PTGS2,False,True,1
a549+TNFA_RELB,0.043460425,0.004216411,10.307445,0.98643506,0.14569241,0.8431027329482711,0.11951710658776048,0.9896497481363188,0.9990314030954162,0.9906092491887352,1950,1617,0.01680487021803856,0.09494145214557648,0.1770024597644806,1.0,1.0,0.9999999999999999,0.9999999999999999,0.9839182503937308,0.9560233603731217,1.0291780422705592,2.0,0.0,a549+TNFA_RELB,a549+TNFA,RELB,False,True,1
a549+TNFA_REPIN1,0.043132167,0.0024836634,17.36635,0.9865598,0.113992125,0.8431372300635406,0.10362473747784053,0.9897709076078732,0.9994258364327745,0.9903395244820142,1958,1688,,,,,,,,,,,,,a549+TNFA_REPIN1,a549+TNFA,REPIN1,False,True,1
a549+TNFA_SOX4,0.047340307,0.009488834,4.989054,0.9847763,0.18395674,0.8124145313999541,0.2019792431977677,0.9882530764829955,0.9980982765693778,0.9901360413924151,2102,1436,0.09366358071565628,0.13624295592308044,0.6874746680259705,0.468451589345932,0.6591339111328125,0.8368603928421003,0.32615384615384607,0.6993092971457449,0.9596619346641057,0.7287037985835213,23.0,2.0,a549+TNFA_SOX4,a549+TNFA,SOX4,False,True,1
a549+TNFA_SOX9,0.05163276,0.027197514,1.8984367,0.9827567,0.29620486,0.8023303613165563,0.3015474602924666,0.9865224741776722,0.9949463089161201,0.9915333775672531,2231,1249,0.12752194702625275,0.21559911966323853,0.59147709608078,0.7801083922386169,0.3078586459159851,0.5693402682736655,0.1476923076923077,0.8789800185580934,0.9428861788379732,0.9322228263451282,21.0,4.0,a549+TNFA_SOX9,a549+TNFA,SOX9,False,True,1
a549+TNFA_TNFRSF1A,0.029859997,0.06463382,0.46198723,0.9901209,0.7543882,0.7794500768380268,0.4973698191038697,0.992258153410019,0.985714644051603,1.0066383404141386,2421,1070,0.4552823305130005,2.203436851501465,0.20662371814250946,0.8244035243988037,0.8621155023574829,0.8115384615384615,0.8776923076923077,0.9625442205652676,0.8805000262284385,1.093179093575113,25.0,0.0,a549+TNFA_TNFRSF1A,a549+TNFA,TNFRSF1A,False,True,1
a549+TNFA_TNFRSF1B,0.041356005,0.0026024417,15.891232,0.9871048,0.20528296,0.840623267291372,0.18583654876761704,0.9901781975886219,0.9994020848042288,0.9907705943825266,2061,1566,,,,,,,,,,,,,a549+TNFA_TNFRSF1B,a549+TNFA,TNFRSF1B,False,True,1
a549+TNFA_TRAF1,0.04575478,0.008939938,5.11802,0.9853708,0.166531,0.8362970041787743,0.1650539212941649,0.9887343831531196,0.9981794626998624,0.9905376939721883,1999,1523,0.06474622339010239,0.05840970203280449,1.1084840297698975,0.35456085205078125,0.07210032641887665,0.36645962732919257,0.059288537549407126,0.8207577019265895,0.9549743485201899,0.8594552337436289,15.0,7.0,a549+TNFA_TRAF1,a549+TNFA,TRAF1,False,True,1
a549+TNFA_TRAF2,0.048415776,0.010171106,4.760129,0.9847438,0.12229319,0.8337699703905521,0.11663874048591011,0.9883255602698606,0.9977104597779389,0.9905935640785333,1962,1616,0.38116055727005005,0.2850346565246582,1.337242841720581,0.36512383818626404,0.09865878522396088,0.7883116883116883,0.0038961038961038965,0.5542718405845021,0.7355708146435146,0.7535261453421356,17.0,4.0,a549+TNFA_TRAF2,a549+TNFA,TRAF2,False,True,1
a549+TNFA_TRAF3,0.050485045,0.007858148,6.4245477,0.9841944,0.004652567,0.83816047653932,0.07439028590099848,0.9879416260244589,0.9981898215127628,0.9897332198070576,1926,1691,0.4890381991863251,0.243491992354393,2.008436441421509,0.26621711254119873,0.06070438027381897,0.6428571428571428,0.09285714285714285,0.5981856400742205,0.8242806413534824,0.7257062826223721,8.0,7.0,a549+TNFA_TRAF3,a549+TNFA,TRAF3,False,True,1
a549+TNFA_ZFP36L1,0.07156369,0.047045384,1.5211629,0.9791473,0.18019867,0.8229606418347615,0.15681222342587833,0.9833747062364364,0.9919353474777588,0.9913697588627223,1918,1568,0.28065961599349976,0.41536015272140503,0.6757018566131592,0.9275162816047668,0.4168540835380554,0.7886132094331177,0.2815384615384615,0.9057948120984102,0.8940270201722045,1.0131626803896139,18.0,7.0,a549+TNFA_ZFP36L1,a549+TNFA,ZFP36L1,False,True,1
a549+TNFA_ZNF22,0.043810185,0.0027190517,16.112303,0.98632944,0.09363119,0.8409077984117562,0.13846169067258876,0.9895779308873492,0.9993780746192052,0.9901937575170536,2033,1608,,,,,,,,,,,,,a549+TNFA_ZNF22,a549+TNFA,ZNF22,False,True,1
a549+TNFA_ZNF267,0.045070335,0.012317676,3.6589966,0.98539114,0.29181406,0.8084949137750208,0.2677806697368783,0.988682182398038,0.9975662246846049,0.9910942831997187,2139,1370,0.08397126942873001,0.10752297192811966,0.7809612154960632,0.6014965772628784,0.09321769326925278,0.7174456758989095,0.07999999999999999,0.8741758436425129,0.9587723933555788,0.9117657639087948,22.0,3.0,a549+TNFA_ZNF267,a549+TNFA,ZNF267,False,True,1
bxpc3+IFNB_ADAR,0.047527544,0.05173739,0.9186305,0.98494524,0.2955549,0.8555180113340874,0.3771715786777688,0.9885586367715734,0.9881995359537664,1.0003633889763572,2661,1371,1.8598076105117798,1.7587848901748657,1.0574389696121216,0.6072229146957397,0.32687094807624817,0.5761538461538462,0.27,0.8739019441316073,0.8725480913806126,1.0015516081742297,12.0,13.0,bxpc3+IFNB_ADAR,bxpc3+IFNB,ADAR,True,False,1
bxpc3+IFNB_ETS1,0.011477008,0.012408826,0.9249069,0.99661183,0.31695622,0.9161669018990624,0.2572145909434341,0.9974454043732628,0.9971778164078197,1.0002683452851038,2390,1679,0.2949022948741913,0.39191731810569763,0.7524604797363281,0.7190296649932861,0.22499537467956543,0.849394129965036,0.39076923076923076,0.8196137131397542,0.8262096141976149,0.9920166735601759,24.0,1.0,bxpc3+IFNB_ETS1,bxpc3+IFNB,ETS1,True,False,1
bxpc3+IFNB_IFNAR1,0.005002069,0.012713591,0.39344266,0.9984604,0.77797294,0.9016906357738298,0.5048100425157492,0.9988241743224431,0.9971495005516925,1.0016794610736144,2733,1353,0.025929920375347137,0.23187857866287231,0.11182542145252228,0.9849129319190979,0.9560965299606323,0.93,0.8584615384615385,0.9783475870302052,0.9235056208237871,1.0593845505320236,23.0,2.0,bxpc3+IFNB_IFNAR1,bxpc3+IFNB,IFNAR1,True,False,1
bxpc3+IFNB_RNF114,0.005095271,0.0045867097,1.1108772,0.9986087,0.40309533,0.9058243030247748,0.3167221468110843,0.9989539456840505,0.9989747156770185,0.9999792086900279,2548,1539,0.009309510700404644,0.30613306164741516,0.03041001409292221,0.6833813786506653,0.9948864579200745,0.42857142857142866,0.8928571428571429,0.8994187077076486,0.6195279602511808,1.4517806546503391,7.0,0.0,bxpc3+IFNB_RNF114,bxpc3+IFNB,RNF114,True,False,1
bxpc3+IFNB_STAT2,0.022599405,0.03303445,0.68411624,0.9940326,0.65336764,0.916204802664801,0.4454604898172233,0.9954821406868593,0.9924757032547249,1.0030292302595167,2635,1498,1.0989378690719604,1.602108120918274,0.6859323978424072,0.9723201394081116,0.41223064064979553,0.9730769230769231,0.5553846153846154,0.9934162035389966,0.991549123320315,1.0018829931616797,25.0,0.0,bxpc3+IFNB_STAT2,bxpc3+IFNB,STAT2,True,False,1
bxpc3+IFNG_PIK3CA,0.04313571,0.069335006,0.6221346,0.9919266,0.6706491,0.8628622771564165,0.5492180430679476,0.9931186997989927,0.9883307216099702,1.0048445101263503,2672,1205,0.11962274461984634,0.21399033069610596,0.5590100288391113,0.6541173458099365,0.4353059232234955,0.6057467104021997,0.3376923076923077,0.9053889851379341,0.8975277969279319,1.008758712807458,24.0,1.0,bxpc3+IFNG_PIK3CA,bxpc3+IFNG,PIK3CA,True,False,1
bxpc3+IFNG_STAT2,0.2122031,0.22628362,0.9377749,0.97015274,0.24159256,0.8171710376358038,0.18001756323243642,0.9738357306400949,0.9685256572521256,1.0054826357445552,2065,1693,0.39824020862579346,0.5195977687835693,0.7664394378662109,,0.21373072266578674,,0.25230769230769234,,,,21.0,4.0,bxpc3+IFNG_STAT2,bxpc3+IFNG,STAT2,True,False,1
bxpc3+INS_DR1,0.007981729,0.008775467,0.9095503,0.99745065,0.46424687,0.8726379137097493,0.34134928927713476,0.9980491714847749,0.9980032882462778,1.0000459750373947,2715,1558,0.11753695458173752,0.337616890668869,0.3481370806694031,0.7494759559631348,0.757176399230957,0.9138461538461539,0.7638461538461538,0.7863867764640287,0.6962241992923133,1.1295022167620177,22.0,3.0,bxpc3+INS_DR1,bxpc3+INS,DR1,True,False,1
bxpc3+INS_FOXM1,0.012602534,0.0111783445,1.1274061,0.9960487,0.22756472,0.9038452483279588,0.09885011761099011,0.9969475264515217,0.9973610789765494,0.9995853532549596,2329,1981,0.2983834445476532,0.46030932664871216,0.6482237577438354,0.7275176048278809,0.4569688141345978,0.7576923076923077,0.4884615384615385,0.8590424722571066,0.8439475906803888,1.0178860414359951,19.0,6.0,bxpc3+INS_FOXM1,bxpc3+INS,FOXM1,True,False,1
bxpc3+INS_IRS2,0.007399598,0.0068528564,1.0797831,0.9977267,0.37344837,0.9021612268530679,0.19885641096303644,0.9982670160211651,0.9983945638643893,0.9998722470575856,2355,1949,0.1819937825202942,0.2508403956890106,0.7255361676216125,0.5039610862731934,0.4392605125904083,0.5384615384615384,0.5523076923076923,0.6731273813336477,0.711808878255199,0.9456574677512196,20.0,5.0,bxpc3+INS_IRS2,bxpc3+INS,IRS2,True,False,1
bxpc3+INS_TSC2,0.012513412,0.016936542,0.738841,0.99641037,0.51901686,0.8683773610580852,0.4141715019155978,0.997239364996777,0.9962490424518599,1.0009940511887268,2746,1491,0.1148824617266655,0.3138958215713501,0.36598914861679077,0.8369314074516296,0.802449643611908,0.7798308700276299,0.6830769230769231,0.8418513418257011,0.7103313909560199,1.1851529476863907,21.0,4.0,bxpc3+INS_TSC2,bxpc3+INS,TSC2,True,False,1
bxpc3+TGFB_SMAD2,0.008688721,0.0056200414,1.5460243,0.997221,0.38102543,0.8743860497236106,0.342207725379586,0.9978858237985794,0.9986431508460194,0.9992416439778329,2306,1254,,,,,,,,,,,,,bxpc3+TGFB_SMAD2,bxpc3+TGFB,SMAD2,True,False,1
bxpc3+TNFA_BIRC3,0.0059298715,0.0056744204,1.045018,0.9988064,0.57208097,0.8939107211338196,0.4249601715709749,0.9990646063944758,0.998683533143472,1.0003815755826115,2552,1310,0.05757899209856987,0.12534727156162262,0.45935577154159546,0.8536642789840698,0.5733702778816223,0.7488721804511278,0.7488721804511278,0.9039860024342246,0.9578169318955595,0.9437983108580036,20.0,0.0,bxpc3+TNFA_BIRC3,bxpc3+TNFA,BIRC3,True,False,1
bxpc3+TNFA_PIK3CA,0.01166278,0.010741623,1.0857558,0.99680424,0.19644377,0.8836188099183491,0.16507664671122035,0.9975117912184852,0.9975614873584625,0.9999501823791245,2141,1722,0.05630964785814285,0.11107759177684784,0.5069397687911987,0.9749228954315186,0.8025745153427124,0.8084615384615383,0.6838461538461539,0.975579540352439,0.9699913479158135,1.0057610745174508,23.0,2.0,bxpc3+TNFA_PIK3CA,bxpc3+TNFA,PIK3CA,True,False,1
hap1+IFNB_ETS1,0.0033150741,0.0037689896,0.8795658,0.99898,0.43476945,0.9025610479115619,0.32753039860422895,0.9992022370278696,0.9990949321247112,1.0001074021093572,2389,1542,0.017331158742308617,0.04135744646191597,0.4190577566623688,0.8809637427330017,0.30166804790496826,0.6833333333333333,-0.15,0.9887272595510486,0.9936806021795376,0.9950151561602145,9.0,0.0,hap1+IFNB_ETS1,hap1+IFNB,ETS1,True,False,1
hap1+IFNB_RNF114,0.0024692228,0.0017740711,1.3918397,0.9992258,0.41121268,0.8983128943243345,0.3232810175745194,0.99938597157315,0.9995616720906878,0.9998242224342493,2490,1525,,,,,,,,,,,,,hap1+IFNB_RNF114,hap1+IFNB,RNF114,True,False,1
hap1+IFNG_PIK3CA,0.02094215,0.069602154,0.30088365,0.99310553,0.8587512,0.8182123932848996,0.7470701300088436,0.9941265517651484,0.9876646684249022,1.0065425883367394,2527,527,0.16771259903907776,0.5085284113883972,0.3297998607158661,0.6245601773262024,0.1540510058403015,0.5876923076923077,0.10692307692307691,0.9299615746934785,0.9397248313569507,0.989610515400158,25.0,0.0,hap1+IFNG_PIK3CA,hap1+IFNG,PIK3CA,True,False,1
hap1+INS_COPS4,0.035444673,0.05493769,0.6451795,0.99100757,0.5484808,0.8312273975558452,0.5344425484291562,0.9922582117191656,0.9895111994077649,1.0027761305915939,2833,1056,0.09938802570104599,0.1802968829870224,0.5512465238571167,0.003564523532986641,0.28793424367904663,-0.11704359524233265,0.27307692307692305,0.7755694132797365,0.7808183303529106,0.9932776718102895,25.0,0.0,hap1+INS_COPS4,hap1+INS,COPS4,True,False,1
hap1+INS_DR1,0.025007583,0.040073384,0.6240447,0.99276316,0.52801067,0.8194822178502906,0.515462312420987,0.9939936364922454,0.9916253818282149,1.002388255391027,2810,1086,0.08422248810529709,0.16050706803798676,0.5247275829315186,0.5118143558502197,0.48116716742515564,0.5111443592620368,0.3392307692307693,0.8584001046074641,0.8571958013494225,1.0014049336874327,24.0,1.0,hap1+INS_DR1,hap1+INS,DR1,True,False,1
hap1+INS_FOXM1,0.011531765,0.009619333,1.1988113,0.9967627,0.2569126,0.8750022314880991,0.2092639757503354,0.9973810817008186,0.9977161915647775,0.9996641230574465,2222,1712,0.031242838129401207,0.06295304745435715,0.4962879419326782,0.8883767127990723,0.8056931495666504,0.7384615384615385,0.4738461538461538,0.9578859074662145,0.963461625931409,0.9942128276673143,24.0,1.0,hap1+INS_FOXM1,hap1+INS,FOXM1,True,False,1
hap1+INS_IRS2,0.004821633,0.0011960749,4.0312133,0.9984047,0.27779582,0.8836194042458094,0.2387757348475073,0.9987634857524179,0.999697177875452,0.9990660250486869,2418,1727,,,,,,,,,,,,,hap1+INS_IRS2,hap1+INS,IRS2,True,False,1
hap1+TGFB_PIK3CA,0.010874653,0.01474512,0.73750865,0.99628544,0.4795655,0.8637774745163721,0.4357486223972447,0.9970114541001006,0.9967184925608158,1.0002939260598367,2450,1145,0.06566348671913147,0.1281588226556778,0.5123602747917175,0.8044110536575317,0.4889184534549713,0.7439892424603168,0.46076923076923076,0.9387162923224865,0.9580037727306923,0.9798670099667471,22.0,3.0,hap1+TGFB_PIK3CA,hap1+TGFB,PIK3CA,True,False,1
hap1+TGFB_SMAD4,0.026166085,0.025587395,1.0226163,0.9925295,0.19180852,0.855381530965842,0.20796536154764145,0.9939521067090995,0.9940508608624092,0.999900654828442,2075,1514,0.7805944681167603,0.7031255960464478,1.1101778745651245,0.3737936317920685,-0.3141091465950012,0.7243700845671027,-0.2723076923076923,0.6197993560974329,0.6648187364602285,0.9322832256465913,16.0,9.0,hap1+TGFB_SMAD4,hap1+TGFB,SMAD4,True,False,1
hap1+TGFB_TGFBR3,0.007900521,0.004606963,1.7149087,0.997369,0.28474614,0.8822453413289095,0.2344083220297872,0.9979398445788117,0.998883316622668,0.9990554732187876,2129,1532,1.042757272720337,1.120798945426941,0.9303696155548096,,,,,,,,1.0,0.0,hap1+TGFB_TGFBR3,hap1+TGFB,TGFBR3,True,False,1
hap1+TNFA_BIRC3,0.0048622726,0.0050715813,0.9587291,0.998378,0.5105841,0.8749586468987456,0.39901150172920574,0.9987310124370643,0.9987727526432909,0.999958208505272,2427,1261,0.03547237813472748,0.05564993619918823,0.6374199390411377,0.8261879086494446,-0.25483790040016174,0.8060606060606059,-0.17575757575757575,0.943300308776691,0.9488693019067294,0.9941309165352409,8.0,2.0,hap1+TNFA_BIRC3,hap1+TNFA,BIRC3,True,False,1
hap1+TNFA_PIK3CA,0.010802838,0.018081171,0.59746337,0.9963307,0.54664636,0.856306004831139,0.5024905512852128,0.9969910795459104,0.9960755727447148,1.000919113796429,2558,1074,0.046320077031850815,0.11964385211467743,0.3871496617794037,0.7677435874938965,0.5627381801605225,0.7406695430901348,0.546923076923077,0.9357648681628984,0.9363173771639687,0.9994099126914169,23.0,2.0,hap1+TNFA_PIK3CA,hap1+TNFA,PIK3CA,True,False,1
ht29+IFNB_ADAR,0.008559536,0.017638635,0.48527202,0.9971264,0.63445437,0.7953858015193606,0.5482938478004338,0.9977046153038376,0.996206546424055,1.0015037733742667,2654,894,0.047405511140823364,0.1262892335653305,0.3753725588321686,0.9142916202545166,0.3986459970474243,0.806167199720724,0.3869230769230769,0.9580619971694853,0.9134002357316141,1.0488961571179123,23.0,2.0,ht29+IFNB_ADAR,ht29+IFNB,ADAR,True,False,1
ht29+IFNB_STAT2,0.018513246,0.02853353,0.6488242,0.9938996,0.65422964,0.874846731433797,0.34564180633423863,0.9951827755753334,0.992831085804773,1.0023686705666093,2264,1337,1.5480276346206665,2.5851855278015137,0.598807156085968,0.9789894223213196,0.4475724697113037,0.9607692307692307,0.5576923076923077,0.9891724710507753,0.9855256875625904,1.0037003434148979,25.0,0.0,ht29+IFNB_STAT2,ht29+IFNB,STAT2,True,False,1
ht29+IFNG_STAT2,0.006367391,0.007907696,0.8052144,0.9980784,0.46350807,0.8718948032932438,0.2678605672750102,0.9983745914188845,0.9981007353752637,1.0002743771584517,2086,1546,0.11232740432024002,0.17735029757022858,0.6333646178245544,0.976279079914093,0.6589367985725403,0.8093864354376973,0.5223076923076923,0.9711934916999418,0.9803165218754291,0.9906937912685241,18.0,7.0,ht29+IFNG_STAT2,ht29+IFNG,STAT2,True,False,1
ht29+INS_COPS4,0.0045903,0.002587514,1.7740194,0.9984526,0.28070694,0.8497366232068518,0.24385916032727376,0.9987831439492182,0.9993582300414321,0.9994245445977965,2405,1797,0.019743990153074265,0.029663855209946632,0.6655908226966858,-0.1736970692873001,0.36513257026672363,0.16772456551845819,0.3676923076923077,0.3773105014444451,0.4019762448237644,0.9386388034195073,21.0,4.0,ht29+INS_COPS4,ht29+INS,COPS4,True,False,1
ht29+INS_DR1,0.0062709334,0.004069484,1.5409653,0.9979624,0.23305872,0.8475744859199243,0.21419749856001,0.9983876359951757,0.9989481205117529,0.999438925300455,2441,1760,0.036124732345342636,0.04403606429696083,0.8203442692756653,0.42454880475997925,0.15536350011825562,0.7193691227511854,0.33153846153846156,0.584452599822664,0.5923919558292591,0.9865977990948894,20.0,5.0,ht29+INS_DR1,ht29+INS,DR1,True,False,1
ht29+INS_PIK3CA,0.004577412,0.002106319,2.1731808,0.9985019,0.18336096,0.8735262689510982,0.1590687548782631,0.9988150821800018,0.9994520360379358,0.9993626969229469,2325,1896,0.004270492121577263,0.00632843840867281,0.6748097538948059,0.45649904012680054,0.5711950659751892,0.36825627701378555,0.43692307692307686,0.8386615419418988,0.9358348251706666,0.8961640659065594,17.0,8.0,ht29+INS_PIK3CA,ht29+INS,PIK3CA,True,False,1
ht29+INS_POLR2L,0.012121466,0.02680101,0.45227644,0.9955394,0.66271704,0.7467399074283967,0.6008636161087313,0.9964058111965377,0.9945496830425467,1.00186630008097,3085,1061,0.024236593395471573,0.06777860969305038,0.357584685087204,-0.1256827563047409,0.5612489581108093,-0.1189788091943812,0.5546153846153846,0.5159640666494844,0.4991154501059516,1.0337569525045882,23.0,2.0,ht29+INS_POLR2L,ht29+INS,POLR2L,True,False,1
ht29+INS_TSC2,0.0047156694,0.0020464098,2.3043623,0.99852574,0.18228605,0.8649604975282207,0.17522126700891086,0.9988276825891939,0.999465690623315,0.9993616508899638,2443,1919,0.24160079658031464,0.19567541778087616,1.2347018718719482,0.9846100807189941,-0.2340453714132309,0.9285714285714288,0.21428571428571433,0.9897267718985362,0.9534852666788088,1.0380095073162108,6.0,1.0,ht29+INS_TSC2,ht29+INS,TSC2,True,False,1
ht29+TGFB_AKT1,0.017885692,0.0017782823,10.057847,0.9944544,0.064949974,0.8620086642200702,0.10655304809042875,0.995686898161854,0.9995514083513374,0.9961337554454978,2068,1657,,,,,,,,,,,,,ht29+TGFB_AKT1,ht29+TGFB,AKT1,False,True,1
ht29+TGFB_ATF2,0.018535528,0.005345672,3.4673898,0.9939875,0.22390486,0.8251020202732047,0.25051647573768504,0.9952728265091235,0.9987439153502418,0.9965245456940771,2216,1363,0.01567729562520981,0.05771699175238609,0.2716235816478729,0.5280519723892212,0.5785257816314697,0.2833333333333333,0.3666666666666667,0.859618106282593,0.9098892068661598,0.9447503056369791,9.0,0.0,ht29+TGFB_ATF2,ht29+TGFB,ATF2,False,True,1
ht29+TGFB_CHUK,0.01837341,0.008985933,2.0446858,0.9939345,0.3255836,0.8237611681847566,0.3153225215938483,0.9952105825884603,0.9979715676047681,0.9972334031289745,2323,1256,0.046595677733421326,0.10756086558103561,0.4332028925418854,0.6617977023124695,0.11862809211015701,0.5307692307692308,0.16153846153846155,0.9036568285918726,0.9622893499988091,0.9390697596237462,22.0,3.0,ht29+TGFB_CHUK,ht29+TGFB,CHUK,False,True,1
ht29+TGFB_CREBBP,0.02371159,0.005522122,4.293927,0.9926735,0.022892218,0.83401257160455,0.11508523310639088,0.9942615374472366,0.9986100596587713,0.9956454251892669,2072,1557,0.04803181439638138,0.07452208548784256,0.64453125,0.8121150135993958,0.651211142539978,0.8296703296703297,-0.03296703296703297,0.848265854457446,0.6625593102601215,1.280286672183983,11.0,2.0,ht29+TGFB_CREBBP,ht29+TGFB,CREBBP,False,True,1
ht29+TGFB_CUL1,0.034263078,0.06030762,0.5681385,0.9876359,0.57227033,0.7448186157787674,0.5329005768132403,0.9899313532899917,0.9890859626413011,1.0008547190847124,2611,874,0.14330796897411346,0.3063197135925293,0.4678378999233246,0.4445483684539795,-0.072341687977314,0.4740626429234608,-0.18076923076923077,0.7953747482141625,0.8718499022281435,0.9122840367148781,23.0,2.0,ht29+TGFB_CUL1,ht29+TGFB,CUL1,False,True,1
ht29+TGFB_EP300,0.02312414,0.017877262,1.2934945,0.9921336,0.3793061,0.783935695666953,0.36199386018291707,0.9937258635462478,0.9960778684107057,0.9976387339393349,2426,1126,0.1007697582244873,0.14182926714420319,0.7105004787445068,0.8086299300193787,-0.11404793709516525,0.7236007058261925,0.059230769230769226,0.9426802356230812,0.9691399666470227,0.9726977196952413,21.0,4.0,ht29+TGFB_EP300,ht29+TGFB,EP300,False,True,1
ht29+TGFB_FOS,0.01763312,0.004037839,4.3669696,0.9943832,0.21085033,0.8405426039698555,0.20109621879184683,0.9956002687374379,0.9990281233618701,0.9965688106828294,2138,1488,0.029916340485215187,0.08118953555822372,0.3684753179550171,0.9082568287849426,0.3780328631401062,0.7,0.49999999999999994,0.9744873569386131,0.9440187518153558,1.0322754236233824,5.0,0.0,ht29+TGFB_FOS,ht29+TGFB,FOS,False,True,1
ht29+TGFB_FOXP2,0.018028699,0.0047203223,3.8193789,0.99422765,0.2478542,0.8286372750039773,0.2623119563711305,0.9954630124264634,0.9988808783934309,0.9965783047399359,2240,1379,0.07852424681186676,0.4751262962818146,0.16527025401592255,0.9932481050491333,0.9579454064369202,0.5,1.0,0.9942490158993038,0.9928524650590175,1.0014066045957828,3.0,0.0,ht29+TGFB_FOXP2,ht29+TGFB,FOXP2,False,True,1
ht29+TGFB_HDAC4,0.024064783,0.009226598,2.6081967,0.9927774,0.32986578,0.7762540743083111,0.3407131586805274,0.9942362861251427,0.9978841226792149,0.9963444287055313,2405,1168,0.11504647880792618,0.17222003638744354,0.6680203080177307,0.967746376991272,0.1456894427537918,0.49846153846153846,-0.15307692307692308,0.971512650939651,0.9725707399679514,0.9989120698527952,19.0,6.0,ht29+TGFB_HDAC4,ht29+TGFB,HDAC4,False,True,1
ht29+TGFB_HDAC5,0.016984994,0.0014558163,11.666989,0.9946856,0.107759595,0.8561471325655093,0.13505517847492182,0.9958744398472702,0.9996320556284893,0.9962410011162991,2101,1675,,,,,,,,,,,,,ht29+TGFB_HDAC5,ht29+TGFB,HDAC5,False,True,1
ht29+TGFB_HRAS,0.01675275,0.001290935,12.9772215,0.9948216,0.15155031,0.8625463250256836,0.14628725749999438,0.9959857780084866,0.9996738300549378,0.9963107446293272,2142,1703,,,,,,,,,,,,,ht29+TGFB_HRAS,ht29+TGFB,HRAS,False,True,1
ht29+TGFB_IKBKB,0.022489319,0.023096396,0.9737155,0.99211115,0.46639192,0.7754926448707352,0.4529978362095188,0.9936898462387537,0.9951763070289352,0.9985063342247171,2546,1005,0.05495714768767357,0.1487562209367752,0.3694443702697754,0.23105616867542267,0.27276352047920227,0.04778428908478479,0.3046153846153846,0.7695253217045864,0.9183265961941091,0.8379647555605912,22.0,3.0,ht29+TGFB_IKBKB,ht29+TGFB,IKBKB,False,True,1
ht29+TGFB_IRF7,0.017253255,0.0021547212,8.007187,0.99461067,0.15393586,0.8529927944973859,0.17452534995030392,0.9958001924978737,0.9994649548086069,0.9963332758261294,2109,1578,,,,,,,,,,,,,ht29+TGFB_IRF7,ht29+TGFB,IRF7,False,True,1
ht29+TGFB_JUN,0.018632868,0.0033398566,5.578943,0.99404407,0.103341274,0.8505443388867966,0.13429274755740767,0.995356941994379,0.999179250887048,0.9961745513737644,2061,1603,0.06282129883766174,0.11452484130859375,0.5485386252403259,1.0,-1.0,0.9999999999999999,-0.9999999999999999,0.9391157539037781,0.9959188179151468,0.9429641623498188,2.0,0.0,ht29+TGFB_JUN,ht29+TGFB,JUN,False,True,1
ht29+TGFB_KRAS,0.017763222,0.002040427,8.70564,0.9945499,0.11335561,0.8589329040268817,0.14374926351414324,0.9957642976551311,0.9994842794436803,0.9962780987504678,2152,1648,,,,,,,,,,,,,ht29+TGFB_KRAS,ht29+TGFB,KRAS,False,True,1
ht29+TGFB_MAP3K7,0.018206624,0.002175338,8.36956,0.9943593,0.07344333,0.8513798592214246,0.10795402721980267,0.9956036382953627,0.9994561728242337,0.9961453692181572,2059,1631,,,,,,,,,,,,,ht29+TGFB_MAP3K7,ht29+TGFB,MAP3K7,False,True,1
ht29+TGFB_MAPK1,0.020884499,0.012585021,1.6594727,0.99306023,0.29945627,0.8272114584954374,0.3087469004032733,0.9945198966789909,0.9970554863597284,0.9974569221919685,2287,1269,0.1594252735376358,0.23209938406944275,0.6868836283683777,0.7475401163101196,0.41122758388519287,0.8223076923076923,0.2538461538461539,0.8168527712382895,0.7723943916426463,1.0575591693527109,21.0,4.0,ht29+TGFB_MAPK1,ht29+TGFB,MAPK1,False,True,1
ht29+TGFB_MAPK3,0.01730867,0.0026456334,6.5423536,0.9947537,0.21519911,0.8524158790454208,0.19393761730500272,0.9959073248425865,0.9993463875176856,0.9965586880404487,2162,1503,,,,,,,,,,,,,ht29+TGFB_MAPK3,ht29+TGFB,MAPK3,False,True,1
ht29+TGFB_MAPK14,0.021742366,0.0034465226,6.3084936,0.99322563,-0.04169544,0.8408005384324496,0.07180066336154657,0.9947084432515491,0.9991391695463093,0.9955654563149875,2019,1649,,,,,,,,,,,,,ht29+TGFB_MAPK14,ht29+TGFB,MAPK14,False,True,1
ht29+TGFB_MED15,0.031938396,0.012071173,2.6458404,0.99021494,0.009338115,0.8054148895262485,0.0906517306661038,0.9922802558300838,0.9969450357253928,0.9953209256998659,2036,1582,0.175985187292099,0.1786821484565735,0.9849063754081726,0.6452957391738892,-0.03655184432864189,0.6953846153846154,-0.10307692307692308,0.74157724810272,0.757631950259708,0.9788093649542041,20.0,5.0,ht29+TGFB_MED15,ht29+TGFB,MED15,False,True,1
ht29+TGFB_MYC,0.018032549,0.0019865055,9.077523,0.99435157,0.063867815,0.8619385967765292,0.12186480924465357,0.9956089862855295,0.9994996556644228,0.9961073829722263,2088,1627,,,,,,,,,,,,,ht29+TGFB_MYC,ht29+TGFB,MYC,False,True,1
ht29+TGFB_NFKB1,0.021797583,0.0067146104,3.2462914,0.99311936,0.18829404,0.808668263685979,0.22108685060234964,0.9945707218709561,0.9984004839831476,0.9961641023080111,2190,1401,0.04343140497803688,0.07363729923963547,0.5898017287254333,0.9228510856628418,-0.020398054271936417,0.6476923076923076,0.07538461538461538,0.9586777048642899,0.959825157023121,0.9988045196039768,21.0,4.0,ht29+TGFB_NFKB1,ht29+TGFB,NFKB1,False,True,1
ht29+TGFB_NRAS,0.021142289,0.01414518,1.4946638,0.9928475,0.40126032,0.7787106634493376,0.37921913577128785,0.9943048432139774,0.996947222202577,0.9973495297145603,2403,1139,0.06419073790311813,0.1714482456445694,0.3744029998779297,0.8762121796607971,0.5158095955848694,0.628582431323763,0.5046153846153847,0.9139157029196152,0.934966012711247,0.9774854812844058,21.0,4.0,ht29+TGFB_NRAS,ht29+TGFB,NRAS,False,True,1
ht29+TGFB_PAK1,0.016839763,0.0015078518,11.16805,0.9947478,0.12011869,0.8606441655082864,0.1346371218932862,0.9959242835764509,0.9996192397749188,0.9963036363732856,2076,1665,,,,,,,,,,,,,ht29+TGFB_PAK1,ht29+TGFB,PAK1,False,True,1
ht29+TGFB_PIK3CA,0.020574402,0.0042352905,4.857849,0.9934896,0.09039916,0.8303064572635854,0.1414768752949823,0.9949006150328126,0.9989687504036988,0.9959276650353255,2054,1562,,,,,,,,,,,,,ht29+TGFB_PIK3CA,ht29+TGFB,PIK3CA,False,False,1
ht29+TGFB_PPP2CA,0.019720191,0.008006253,2.4630985,0.9933834,0.2033831,0.8233019448422789,0.20698189811029413,0.994779868151624,0.99818259659152,0.9965910761703167,2158,1428,0.03772609680891037,0.06940904259681702,0.5435329079627991,0.49177467823028564,0.07374607026576996,0.41692307692307695,0.21384615384615382,0.89114620607089,0.970268208570777,0.9184534731727064,20.0,5.0,ht29+TGFB_PPP2CA,ht29+TGFB,PPP2CA,False,True,1
ht29+TGFB_PRKCA,0.016649392,0.0017563713,9.479425,0.9947828,0.14778781,0.8574158125828006,0.1589726192565359,0.9959437743750367,0.9995583947899633,0.9963837826446486,2111,1620,,,,,,,,,,,,,ht29+TGFB_PRKCA,ht29+TGFB,PRKCA,False,True,1
ht29+TGFB_RAF1,0.018086253,0.0052562105,3.4409301,0.9942072,0.26958838,0.8190802706966949,0.2765468829633105,0.9954379377027895,0.9987659986670067,0.9966678271300196,2269,1335,0.05819687247276306,0.07243108749389648,0.8034791946411133,0.794048011302948,-0.11434894055128098,0.7453846153846154,0.13384615384615384,0.9069443332986526,0.9686132329835566,0.9363327925069233,22.0,3.0,ht29+TGFB_RAF1,ht29+TGFB,RAF1,False,True,1
ht29+TGFB_RBL1,0.019776415,0.0062969956,3.1406112,0.9937992,0.287898,0.8012721144609474,0.2730894731310762,0.9950901822087411,0.9985210935200863,0.9965640071766033,2276,1301,0.08651382476091385,0.12872561812400818,0.67207932472229,0.9766421318054199,0.052119698375463486,0.8140027078831595,0.10307692307692308,0.9790471956714172,0.9736413565050954,1.0055521872917623,22.0,3.0,ht29+TGFB_RBL1,ht29+TGFB,RBL1,False,True,1
ht29+TGFB_RBX1,0.018810125,0.010755194,1.748934,0.9936244,0.3440378,0.7999813216128896,0.3235807250968604,0.9949521958390013,0.9976672698347294,0.9972785776602876,2326,1249,0.05031263828277588,0.10290016233921051,0.4889461398124695,0.7004019618034363,0.5327752232551575,0.6836029739235295,0.546923076923077,0.9108070450425109,0.9541898306023769,0.9545344289275451,20.0,5.0,ht29+TGFB_RBX1,ht29+TGFB,RBX1,False,False,1
ht29+TGFB_RELA,0.017997498,0.0038534515,4.670488,0.9941823,0.13810533,0.8452505416010754,0.1694945985243529,0.9954516641783777,0.9990657315722603,0.9963825529395398,2061,1559,0.5107192397117615,0.17072133719921112,2.99153733253479,1.0,-1.0,0.9999999999999999,-0.9999999999999999,0.9286460023478277,0.9999359020425622,0.9287055304753923,1.0,1.0,ht29+TGFB_RELA,ht29+TGFB,RELA,False,True,1
ht29+TGFB_RHOA,0.031385873,0.020104244,1.5611565,0.9898105,0.3265189,0.751045373234112,0.3334681931142733,0.9918317583578375,0.9953711968619843,0.9964441019437721,2382,1168,0.2934221625328064,0.4616391360759735,0.6356093883514404,0.7571261525154114,0.34102433919906616,0.7946153846153846,0.20384615384615384,0.8431202719257659,0.8221199350655778,1.0255441280091486,22.0,3.0,ht29+TGFB_RHOA,ht29+TGFB,RHOA,False,True,1
ht29+TGFB_RPS6KB1,0.018533142,0.0020331882,9.115311,0.9943713,0.07865676,0.8498664880481585,0.11642194514675426,0.9956085913502126,0.9994868712471352,0.996119729024471,2084,1654,,,,,,,,,,,,,ht29+TGFB_RPS6KB1,ht29+TGFB,RPS6KB1,False,True,1
ht29+TGFB_RUNX1,0.01743171,0.0012552034,13.887558,0.99453795,0.08182974,0.8670156020289107,0.1207588839567999,0.9957748052108929,0.9996827654900446,0.9960907995875711,2165,1714,,,,,,,,,,,,,ht29+TGFB_RUNX1,ht29+TGFB,RUNX1,False,True,1
ht29+TGFB_RUNX2,0.016993023,0.003860535,4.4017277,0.99452233,0.2465141,0.8317457197300832,0.24787128351967422,0.9957039771656557,0.9990789030461453,0.9966219626195693,2199,1412,,,,,,,,,,,,,ht29+TGFB_RUNX2,ht29+TGFB,RUNX2,False,True,1
ht29+TGFB_RUNX3,0.017283265,0.0022553063,7.663378,0.99450886,0.1140762,0.8567497649003597,0.14509452344024157,0.995724438282757,0.9994398034236326,0.9962825523576824,2048,1630,,,,,,,,,,,,,ht29+TGFB_RUNX3,ht29+TGFB,RUNX3,False,True,1
ht29+TGFB_SKP1,0.02633439,0.034236334,0.7691942,0.9909469,0.6128225,0.7291358833181668,0.5638922407375607,0.9926715023746956,0.993155479027294,0.9995126879297164,2704,804,0.07190275192260742,0.19363757967948914,0.3713264465332031,0.410564124584198,0.2168903797864914,0.42287733392825455,0.09769230769230769,0.8182939903578136,0.897607849199052,0.9116386304865635,23.0,2.0,ht29+TGFB_SKP1,ht29+TGFB,SKP1,False,True,1
ht29+TGFB_SMAD1,0.017190937,0.0032243035,5.3316746,0.9944432,0.14977813,0.8496291604695282,0.17344064899854103,0.9956591163688333,0.9992102957968331,0.9964460139742978,2106,1544,0.025323536247015,0.06774556636810303,0.37380358576774597,-1.0,1.0,-0.9999999999999999,0.9999999999999999,0.990186820055894,0.9999783319497815,0.9902082759385438,2.0,0.0,ht29+TGFB_SMAD1,ht29+TGFB,SMAD1,False,True,1
ht29+TGFB_SMAD2,0.017113935,0.0017905142,9.558112,0.99455875,0.10282306,0.8507820061062059,0.12838564719163806,0.9957666812898361,0.9995490478206188,0.996215927033266,2100,1688,,,,,,,,,,,,,ht29+TGFB_SMAD2,ht29+TGFB,SMAD2,False,False,1
ht29+TGFB_SMAD3,0.016407745,0.0019331009,8.487785,0.9948444,0.19181706,0.8575106200887601,0.1720909468409321,0.9960013036879689,0.9995119093316546,0.9964876800257106,2188,1628,,,,,,,,,,,,,ht29+TGFB_SMAD3,ht29+TGFB,SMAD3,False,True,1
ht29+TGFB_SMAD4,0.017342057,0.004741443,3.6575484,0.9943669,0.20609725,0.8405205787136596,0.22247349716863393,0.9955734193819287,0.9988718310599719,0.9966978629535052,2148,1453,,,,,,,,,,,,,ht29+TGFB_SMAD4,ht29+TGFB,SMAD4,False,False,1
ht29+TGFB_SMAD5,0.020351497,0.009912322,2.0531514,0.9933794,0.34193802,0.7939793714534724,0.35826170124961293,0.9947463761741379,0.9977648417779716,0.9969747725341224,2395,1168,0.020868398249149323,0.08920463919639587,0.23393848538398743,0.7045473456382751,0.18125107884407043,0.6015384615384615,0.1176923076923077,0.9053529533233076,0.9670671167260702,0.9361841982470761,24.0,1.0,ht29+TGFB_SMAD5,ht29+TGFB,SMAD5,False,True,1
ht29+TGFB_SMAD6,0.017616969,0.0022181144,7.942317,0.9944264,0.08910218,0.850207479310484,0.11840477656688782,0.9956626617667605,0.9994406797391607,0.9962198677230286,2074,1670,,,,,,,,,,,,,ht29+TGFB_SMAD6,ht29+TGFB,SMAD6,False,True,1
ht29+TGFB_SMAD7,0.016825614,0.003370333,4.9922705,0.99469817,0.2363975,0.8429879068542572,0.23671939737927308,0.9958535393316127,0.9991850670986921,0.9966657550470074,2148,1469,0.03242029622197151,0.08777068555355072,0.36937499046325684,0.9852232336997986,-0.49573707580566406,0.7999999999999999,-0.19999999999999998,0.9971728044876961,0.9854048250000571,1.0119422791416088,4.0,0.0,ht29+TGFB_SMAD7,ht29+TGFB,SMAD7,False,True,1
ht29+TGFB_SMAD9,0.01676514,0.0020014779,8.37638,0.99457633,0.106967315,0.8564059441605966,0.12093656785066953,0.9957840726935252,0.9994958985087784,0.9962863021040995,2047,1682,,,,,,,,,,,,,ht29+TGFB_SMAD9,ht29+TGFB,SMAD9,False,True,1
ht29+TGFB_SMURF1,0.01778966,0.0021721001,8.190074,0.9944773,0.09260742,0.8693331997353962,0.12846646227450634,0.9957258503449462,0.9994537882473202,0.9962700247413024,2127,1719,1.1764341592788696,1.7311965227127075,0.6795497536659241,,,,,,,,1.0,0.0,ht29+TGFB_SMURF1,ht29+TGFB,SMURF1,False,True,1
ht29+TGFB_SMURF2,0.017237587,0.0022237792,7.751483,0.9946236,0.14054972,0.8538376199558957,0.14909973777500396,0.9958154599546941,0.9994438427767504,0.9963695981037058,2079,1614,0.8061355352401733,1.1199040412902832,0.7198255658149719,,,,,,,,1.0,0.0,ht29+TGFB_SMURF2,ht29+TGFB,SMURF2,False,True,1
ht29+TGFB_SP1,0.020143151,0.003964613,5.0807357,0.9937528,0.0957313,0.8348886620178294,0.14111904406841697,0.995106278864505,0.9990118342783568,0.9960905814327284,2089,1531,0.014799161814153194,0.03549739345908165,0.4169084131717682,0.9386255741119385,0.437897652387619,0.9642857142857145,0.21428571428571433,0.9763080859467406,0.9559713405261947,1.0212733840005621,6.0,1.0,ht29+TGFB_SP1,ht29+TGFB,SP1,False,True,1
ht29+TGFB_TGFBR1,0.018534267,0.004153443,4.462386,0.9940349,0.23568736,0.8522538643344115,0.16136010994324887,0.9953563589370172,0.9989701092533625,0.9963825240786772,2087,1615,0.023392969742417336,0.09180586785078049,0.25480908155441284,0.7410382032394409,0.9281445741653442,0.6666666666666669,0.9285714285714287,0.8839056522155905,0.8215053797775174,1.0759584464985155,8.0,0.0,ht29+TGFB_TGFBR1,ht29+TGFB,TGFBR1,False,True,1
ht29+TGFB_TGFBR2,0.01802265,0.0028357948,6.3554144,0.9942538,0.18892667,0.8569961298697754,0.14552920773370595,0.995541004217814,0.9992882488079201,0.996250086404422,2101,1678,,,,,,,,,,,,,ht29+TGFB_TGFBR2,ht29+TGFB,TGFBR2,False,True,1
ht29+TGFB_TGFBR3,0.019541482,0.0047772233,4.0905523,0.99365854,0.14875954,0.8505648538456808,0.1752755688771962,0.9950033216995582,0.9988790428766757,0.9961199294301382,2089,1517,0.1115456074476242,0.14591406285762787,0.7644609808921814,0.945824146270752,0.30264073610305786,0.5515151515151515,0.7939393939393938,0.967009436228398,0.9850236777265772,0.9817118695666729,7.0,3.0,ht29+TGFB_TGFBR3,ht29+TGFB,TGFBR3,False,False,1
ht29+TGFB_TGIF1,0.017925922,0.006763777,2.6502826,0.9941924,0.27295184,0.8271282273322424,0.22664199659848283,0.9954427803876584,0.9983553019374841,0.9970826803401821,2180,1444,0.06662318110466003,0.08916042000055313,0.74722820520401,0.7272105813026428,0.1788858026266098,0.6130769230769231,0.12538461538461537,0.8859808246527191,0.9774445919256199,0.9064256245024466,21.0,4.0,ht29+TGFB_TGIF1,ht29+TGFB,TGIF1,False,True,1
ht29+TNFA_BIRC3,0.002190401,0.0014760265,1.483985,0.9993123,0.27526847,0.8858962962805988,0.26245823449649897,0.9994542327449366,0.9996281365428246,0.9998260315095877,2420,1616,0.8578044772148132,1.1021710634231567,0.7782861590385437,1.0,1.0,0.9999999999999999,0.9999999999999999,0.9999252459089906,0.9994826229484969,1.0004428520819981,2.0,0.0,ht29+TNFA_BIRC3,ht29+TNFA,BIRC3,True,False,1
ht29+TNFA_PIK3CA,0.0033111142,0.0024546348,1.3489233,0.9989763,0.19622035,0.8761536644311179,0.22101614948302528,0.9991981817498686,0.9993846807082414,0.999813386214565,2369,1606,0.02276005782186985,0.02327628619968891,0.9778217077255249,0.26286953687667847,0.015074416995048523,0.761465767996248,-0.05538461538461539,0.46515549124929745,0.48581032659080736,0.9574837457934334,16.0,9.0,ht29+TNFA_PIK3CA,ht29+TNFA,PIK3CA,True,False,1
k562+IFNB_ETS1,0.006915605,0.012667988,0.54591185,0.99739873,0.61137366,0.8875954531348269,0.5192255565623903,0.9979419448886129,0.9967198164439377,1.0012261504431963,2534,1030,0.08286785334348679,0.26086708903312683,0.31766313314437866,0.9597555994987488,0.661522626876831,0.8531468531468532,0.6853146853146854,0.9805086764932789,0.9721086159237116,1.0086410720283407,12.0,0.0,k562+IFNB_ETS1,k562+IFNB,ETS1,True,False,1
k562+IFNB_RNF114,0.006901189,0.007969666,0.86593205,0.99779606,0.58026373,0.8815677871685855,0.49357451618324905,0.9982481059525509,0.9978775516608167,1.0003713424468939,2576,1046,0.03213987872004509,0.17802269756793976,0.1805380880832672,,,,,,,,1.0,0.0,k562+IFNB_RNF114,k562+IFNB,RNF114,True,False,1
k562+INS_IRS2,0.006289825,0.0039397683,1.5964961,0.9976528,0.38605085,0.9058221298210399,0.28524988359489845,0.998189203127284,0.998866636629038,0.9993217978487697,2539,1699,0.17057114839553833,0.25642985105514526,0.6651766300201416,0.6184424161911011,0.8483707904815674,0.8999999999999998,0.39999999999999997,0.7837338145698911,0.6655153738003322,1.1776344250238564,5.0,0.0,k562+INS_IRS2,k562+INS,IRS2,True,False,1
k562+INS_PIK3CA,0.00724846,0.0046998453,1.5422763,0.99741185,0.3965723,0.8949914771045427,0.29831081717192115,0.9979947208625061,0.9986272504389773,0.999366600925227,2464,1618,0.0316849984228611,0.08232493698596954,0.3848772943019867,0.48712512850761414,0.7585763335227966,0.5636363636363636,0.8060606060606059,0.7516762657456272,0.5591408788760516,1.344341460521716,9.0,1.0,k562+INS_PIK3CA,k562+INS,PIK3CA,True,False,1
k562+INS_SGK1,0.0059194663,0.005427062,1.0907313,0.99777967,0.50093496,0.9037841496873038,0.3277270341241223,0.998291564594653,0.9984269134277802,0.9998644379159787,2523,1624,0.047995928674936295,0.05910646170377731,0.8120250701904297,0.1294693797826767,0.5227950811386108,-0.3,0.39999999999999997,0.6482690752413187,0.5764521090744419,1.1245844451539728,2.0,3.0,k562+INS_SGK1,k562+INS,SGK1,True,False,1
k562+INS_TSC2,0.020314088,0.015291262,1.3284769,0.9926504,0.12602903,0.8883876229720294,0.19201147223145257,0.9941572368661487,0.9955828028247417,0.9985681090969548,2384,1803,1.0171527862548828,0.9434965252876282,1.0780673027038574,0.8862221240997314,0.2397642731666565,0.8753846153846153,0.28538461538461535,0.9658127700734552,0.9500823091668947,1.0165569453875571,13.0,12.0,k562+INS_TSC2,k562+INS,TSC2,True,False,1
k562+TGFB_SMAD2,0.010988507,0.006264997,1.7539525,0.99641824,0.29965895,0.8771868965753045,0.3037240889633457,0.997149007477218,0.998113822244655,0.999033361981435,2157,1155,,,,,,,,,,,,,k562+TGFB_SMAD2,k562+TGFB,SMAD2,True,False,1
k562+TGFB_SMAD4,0.017655918,0.03190988,0.5533057,0.9935765,0.6185376,0.8435389999780232,0.4986295412380493,0.994630390044549,0.9921310323567044,1.0025191810419514,2219,908,0.2487879991531372,0.5790255665779114,0.4296666979789734,0.8845045566558838,0.5625606775283813,0.8853846153846154,0.4107692307692308,0.9757571932255972,0.9763148852745793,0.99942877850436,25.0,0.0,k562+TGFB_SMAD4,k562+TGFB,SMAD4,True,False,1
k562+TGFB_TGFBR3,0.012288482,0.016731655,0.7344451,0.9951684,0.5020627,0.8510515424581298,0.41495296901345985,0.9960296728457301,0.9953980383039135,1.0006345547384168,2142,1041,0.6124293804168701,1.1966623067855835,0.5117812752723694,1.0,1.0,0.9999999999999999,0.9999999999999999,0.9944064617187894,0.9977951983263591,0.9966037753907278,2.0,0.0,k562+TGFB_TGFBR3,k562+TGFB,TGFBR3,True,False,1
mcf7+IFNG_STAT2,0.007370117,0.008609884,0.8560065,0.9979555,0.4157063,0.8694739112638499,0.24935457183362889,0.9982860219447116,0.9979497715635824,1.0003369411875334,1985,1482,0.05417085811495781,0.10233111679553986,0.5293684005737305,0.8848671913146973,0.7401087284088135,0.816923076923077,0.39076923076923076,0.961910347267567,0.9678011584957337,0.9939132008920893,22.0,3.0,mcf7+IFNG_STAT2,mcf7+IFNG,STAT2,True,False,1
mcf7+INS_CHUK,0.035830345,0.009292554,3.8558123,0.98749506,0.033274688,0.8205435636255204,0.08307607851403645,0.9900725945716234,0.9975691445690942,0.9924851825677619,2080,1762,0.11927220970392227,0.274613618850708,0.4343273639678955,0.5543091297149658,0.6261959671974182,0.7284615384615384,0.733076923076923,0.7711678032420248,0.8312100242925812,0.9277652827855913,21.0,4.0,mcf7+INS_CHUK,mcf7+INS,CHUK,False,True,1
mcf7+INS_COPS4,0.02918742,0.005090682,5.733499,0.9903127,0.2607924,0.8327628752563934,0.15376688786801296,0.9923358959242184,0.9986657850760955,0.9936616541324736,2147,1731,0.05880853161215782,0.11248290538787842,0.5228219628334045,0.24219313263893127,0.8326806426048279,0.6037151702786379,0.5376676986584108,0.647317670461747,0.9634002704753489,0.6719093717322246,13.0,5.0,mcf7+INS_COPS4,mcf7+INS,COPS4,False,False,1
mcf7+INS_DR1,0.039961193,0.014215874,2.811026,0.9861032,0.07996918,0.8078343542753139,0.14003037454981812,0.9889273888748639,0.9963003000841949,0.9925997099381502,2114,1676,0.5083134174346924,0.5097771286964417,0.9971287250518799,0.7811607122421265,0.025689950212836266,0.8223076923076923,0.12923076923076923,0.8666425747777291,0.909262497574141,0.9531269320904366,18.0,7.0,mcf7+INS_DR1,mcf7+INS,DR1,False,False,1
mcf7+INS_EIF2B1,0.0310432,0.004644157,6.684356,0.9895005,0.06909312,0.838909933826076,0.08410443662490236,0.991735072886676,0.9987543164401386,0.9929720017847018,2127,1827,0.15145432949066162,0.3868318796157837,0.39152494072914124,0.20842677354812622,0.7107374668121338,0.3142857142857143,0.7714285714285715,0.7328782396530311,0.7199121324889199,1.0180106801635416,5.0,1.0,mcf7+INS_EIF2B1,mcf7+INS,EIF2B1,False,True,1
mcf7+INS_ELK1,0.03234361,0.0036148545,8.947417,0.9892978,-0.00884487,0.850152387057264,0.05574807548516622,0.9915872466645514,0.9990315281098109,0.9925485019883765,2099,1885,0.1357240378856659,0.18171976506710052,0.7468864917755127,-0.7384330034255981,0.7830531597137451,-1.0,0.5,0.5981892040712792,0.9109973699119344,0.6566310988681623,2.0,1.0,mcf7+INS_ELK1,mcf7+INS,ELK1,False,True,1
mcf7+INS_FOS,0.040384818,0.009004515,4.484952,0.9866454,-0.084760144,0.8410910918054878,-0.011667174888982163,0.989393107927487,0.9976340873211222,0.9917394769300996,1907,1935,0.07332322001457214,0.11221190541982651,0.6534352898597717,0.5453265309333801,0.8175219893455505,0.47,0.29384615384615387,0.7036728361837439,0.9489511765748836,0.7415269126105727,14.0,11.0,mcf7+INS_FOS,mcf7+INS,FOS,False,True,1
mcf7+INS_FOXM1,0.040887207,0.00973556,4.1997795,0.98685086,-0.0376564,0.8451891413207651,-0.025280941602248683,0.9895474784964001,0.9974696461541429,0.9920577356029955,1898,1963,0.09907882660627365,0.20976099371910095,0.47234150767326355,0.6222355961799622,0.7539068460464478,0.8423076923076923,0.5038461538461538,0.7987121992731494,0.9521136472969262,0.8388832588848115,19.0,6.0,mcf7+INS_FOXM1,mcf7+INS,FOXM1,False,False,1
mcf7+INS_FOXO1,0.025394738,0.0030325844,8.373959,0.9914298,0.29669726,0.8455561329169562,0.16386896956022687,0.9932611495334501,0.9991876317600581,0.9940686993731412,2238,1771,0.06795462965965271,0.7263824343681335,0.0935521349310875,0.9997681379318237,0.35805192589759827,1.0,0.5,0.9994615944922912,0.9784315082096126,1.021493672378929,3.0,0.0,mcf7+INS_FOXO1,mcf7+INS,FOXO1,False,True,1
mcf7+INS_FOXO3,0.027730238,0.0043308763,6.402916,0.9906495,0.21024674,0.8403890675147592,0.11608497735801569,0.9926230423834321,0.9988558865731867,0.9937600165614102,2127,1796,0.08522883802652359,0.17323926091194153,0.49197185039520264,0.7683815360069275,0.7157379388809204,0.6636363636363638,0.6000000000000001,0.8849073649644965,0.9329745594081276,0.9484796300618051,10.0,1.0,mcf7+INS_FOXO3,mcf7+INS,FOXO3,False,True,1
mcf7+INS_FOXO4,0.038103472,0.00961766,3.9618235,0.9871069,0.19732454,0.7470529751957071,0.22562579020586113,0.9895650652076983,0.9975424222008858,0.9920029897319182,2298,1535,0.06739752739667892,0.17294447124004364,0.38970616459846497,0.6962590217590332,0.6591930389404297,0.5599999999999999,0.5923076923076923,0.8179950041173734,0.9614118481672286,0.8508268393787163,22.0,3.0,mcf7+INS_FOXO4,mcf7+INS,FOXO4,False,True,1
mcf7+INS_GRB2,0.024158841,0.008460067,2.8556323,0.99188864,0.3932173,0.8410625062739036,0.2248354467562101,0.9936250161329566,0.9977285706051483,0.9958871033735129,2310,1717,0.10342949628829956,0.34067317843437195,0.30360329151153564,0.9117259383201599,0.8075957894325256,0.8480392156862745,0.8357843137254902,0.9389031207832454,0.9169641252803764,1.0239256857471506,14.0,3.0,mcf7+INS_GRB2,mcf7+INS,GRB2,False,True,1
mcf7+INS_GRB10,0.026086254,0.0043374603,6.014177,0.99117583,0.26595908,0.8416860381859412,0.1363787269165948,0.9930583673293935,0.9988374497831868,0.9942141912529934,2142,1788,0.04687505587935448,0.4225151538848877,0.11094290018081665,0.995754063129425,0.8331992626190186,0.9285714285714288,0.8571428571428573,0.9966316387336842,0.9852893535036745,1.0115116287308663,7.0,0.0,mcf7+INS_GRB10,mcf7+INS,GRB10,False,True,1
mcf7+INS_HSF1,0.028802155,0.0041386606,6.959294,0.99020755,0.13917865,0.8413195727708978,0.09540399540835215,0.9922957312970294,0.9988934028765665,0.9933950193678951,2140,1870,0.1488102823495865,0.5078027248382568,0.2930474281311035,0.9333724975585938,0.7023286819458008,0.5714285714285715,0.8095238095238096,0.9604702377002011,0.9523579046331234,1.0085181558609553,6.0,2.0,mcf7+INS_HSF1,mcf7+INS,HSF1,False,True,1
mcf7+INS_IGF2,0.028072394,0.0031826538,8.8204365,0.9904023,0.12916283,0.8453468914215811,0.12355628018948896,0.9924571342438654,0.9991461630732726,0.9933052549500541,2291,1821,0.12074573338031769,0.2559111714363098,0.4718267321586609,0.4084703028202057,0.839153528213501,0.39999999999999997,0.7,0.8496408897594099,0.7595723560495461,1.1185779511227878,4.0,1.0,mcf7+INS_IGF2,mcf7+INS,IGF2,False,True,1
mcf7+INS_IKBKB,0.034503464,0.01753133,1.968103,0.9877766,0.3258365,0.7817006010804078,0.30845586670268277,0.9901664536137201,0.9957428872679003,0.994399725345284,2376,1370,0.2061663120985031,0.5392922163009644,0.3822905421257019,0.6608039736747742,0.562877893447876,0.5992307692307692,0.6492307692307692,0.8286746404505121,0.8564485974466233,0.9675707834901999,22.0,3.0,mcf7+INS_IKBKB,mcf7+INS,IKBKB,False,True,1
mcf7+INS_INSR,0.027263341,0.0032295196,8.441918,0.99080855,0.20218748,0.836219964410219,0.1082676233026885,0.9927654913605004,0.9991372184248772,0.9936227707797516,2164,1858,0.03558032587170601,0.3532293140888214,0.10072869062423706,0.8610662221908569,0.9707276821136475,0.7999999999999999,1.0,0.9576339318600838,0.9917996465177932,0.9655517979083124,4.0,0.0,mcf7+INS_INSR,mcf7+INS,INSR,False,True,1
mcf7+INS_IRS1,0.030798536,0.0033251327,9.262348,0.9895672,0.012124441,0.8412170661086695,0.06226508684789306,0.9917999491011619,0.9991077061140532,0.9926857164966586,2243,1941,0.2144557535648346,0.21520213782787323,0.9965317249298096,-0.8489736318588257,0.32614293694496155,-0.7,0.49999999999999994,0.5193309901592598,0.5714177541425717,0.9088464374694315,3.0,2.0,mcf7+INS_IRS1,mcf7+INS,IRS1,False,True,1
mcf7+INS_IRS2,0.028258521,0.0030483366,9.270144,0.99054027,0.15629907,0.8468322797588156,0.13569779853940941,0.9925710301491968,0.9991827425538584,0.9933828797045049,2301,1810,0.05823693051934242,0.2770856022834778,0.21017667651176453,0.9958277344703674,0.9973259568214417,1.0,1.0,0.9560619464239192,0.9970596448280821,0.9588813983026744,2.0,1.0,mcf7+INS_IRS2,mcf7+INS,IRS2,False,False,1
mcf7+INS_IRS4,0.034918275,0.009274291,3.7650614,0.9879854,0.047275282,0.8342456284072202,0.047204744014577305,0.9904321238942415,0.9976078141660127,0.9928071029818767,2004,1815,0.17852917313575745,0.2500154674053192,0.7140725255012512,0.8495856523513794,0.4500245153903961,0.6492307692307692,0.44076923076923075,0.9161988931047254,0.9757303361985773,0.9389878116060375,19.0,6.0,mcf7+INS_IRS4,mcf7+INS,IRS4,False,True,1
mcf7+INS_MAPK1,0.04233883,0.015922854,2.6589975,0.9859086,0.028101709,0.8342363987375286,0.048587931524307904,0.9886681699836295,0.9959819562728882,0.9926567080425553,1961,1821,0.5266106128692627,0.5797335505485535,0.9083666205406189,0.8261309266090393,-0.043496984988451004,0.8346153846153845,0.1476923076923077,0.8945343516032003,0.9148959569933954,0.9777443487048417,18.0,7.0,mcf7+INS_MAPK1,mcf7+INS,MAPK1,False,True,1
mcf7+INS_MAPK3,0.031827442,0.0066909166,4.7568135,0.98939526,0.11305676,0.8482238891480356,0.07304932151900119,0.991637350168574,0.9982242278369207,0.9934014047298572,2087,1885,0.13814838230609894,0.2934975028038025,0.47069695591926575,0.9350288510322571,0.6455643177032471,0.7098901098901099,0.6615384615384616,0.9508540258276416,0.9628339099369941,0.9875576836402277,10.0,4.0,mcf7+INS_MAPK3,mcf7+INS,MAPK3,False,True,1
mcf7+INS_MTOR,0.030919202,0.003880227,7.9684005,0.98954713,0.21276939,0.8095737056301935,0.15494031796658983,0.9916800099802642,0.9989693538178408,0.9927031356770672,2176,1718,0.05617227777838707,0.17493820190429688,0.32109782099723816,0.31177908182144165,0.9573865532875061,0.38095238095238104,0.6190476190476191,0.6888803048029061,0.987211155529651,0.6978044169621577,6.0,2.0,mcf7+INS_MTOR,mcf7+INS,MTOR,False,True,1
mcf7+INS_PIK3CA,0.030723374,0.0045540077,6.7464476,0.98995864,0.1618559,0.8465132430179578,0.11289844611964062,0.9920846213618362,0.9987857181369703,0.9932907563119409,2205,1795,0.16325117647647858,0.17710019648075104,0.9218012094497681,-0.12369224429130554,0.6677441000938416,0.09999999999999999,0.8999999999999998,0.6431682601173894,0.9924528908736094,0.6480592338758152,4.0,1.0,mcf7+INS_PIK3CA,mcf7+INS,PIK3CA,False,False,1
mcf7+INS_POLR2G,0.08227051,0.13799411,0.59618855,0.9705505,0.5423032,0.7198143899996144,0.5245830296826152,0.9752292289403259,0.9732410883046415,1.0020428038433393,2669,958,0.48117777705192566,0.992024838924408,0.4850460886955261,0.8106563091278076,0.46238017082214355,0.6777620293003794,0.45692307692307693,0.7638662246824512,0.6958307552568637,1.097775887184625,23.0,2.0,mcf7+INS_POLR2G,mcf7+INS,POLR2G,False,True,1
mcf7+INS_POLR2L,0.10185059,0.15970144,0.6377563,0.9655813,0.5003551,0.7374644923520436,0.5206330800424529,0.9707834702559632,0.9697303423577799,1.0010860007696807,2613,880,0.15018784999847412,0.4912729561328888,0.30571162700653076,,0.6267044544219971,,0.5930769230769232,,,,24.0,1.0,mcf7+INS_POLR2L,mcf7+INS,POLR2L,False,False,1
mcf7+INS_PTEN,0.03164972,0.0054075723,5.852852,0.9892343,0.053355604,0.8428930292789971,0.047689539290953785,0.9915010438993428,0.9985733860079375,0.9929175539748076,2049,1868,0.1952780783176422,0.42260295152664185,0.462084025144577,0.9617534279823303,0.5394504070281982,0.7549019607843138,0.5441176470588236,0.9756958507332917,0.9786579497767222,0.9969733050816108,13.0,4.0,mcf7+INS_PTEN,mcf7+INS,PTEN,False,True,1
mcf7+INS_RAD51,0.044112075,0.048950467,0.9011574,0.98356545,0.43605864,0.7302825352243337,0.38407252103793005,0.9866592502165868,0.9904919805031203,0.9961304782249861,2502,1246,0.542472243309021,1.094792127609253,0.4955025017261505,0.9539114236831665,0.33383166790008545,0.8407692307692308,0.39307692307692305,0.9729062577755583,0.9665346837085652,1.0065921835753948,23.0,2.0,mcf7+INS_RAD51,mcf7+INS,RAD51,False,True,1
mcf7+INS_RPS6KB1,0.028498996,0.0031680015,8.995891,0.9907099,0.19609661,0.8503605627076578,0.16180036634211817,0.9927122447879823,0.9991507372888808,0.9935560348798131,2202,1834,0.10594102740287781,0.1417188048362732,0.7475438714027405,-0.7605712413787842,0.8331730961799622,-0.6000000000000001,0.19999999999999998,0.7985296375355226,0.6228145822906637,1.2821306055465058,2.0,2.0,mcf7+INS_RPS6KB1,mcf7+INS,RPS6KB1,False,True,1
mcf7+INS_SGK1,0.028898377,0.0054888767,5.2648983,0.990373,0.20530863,0.8403028756849107,0.1059470148984838,0.9924027305680191,0.9985336301667928,0.9938600970327364,2110,1829,0.13971683382987976,0.23008261620998383,0.6072463989257812,0.9259011149406433,0.5608363747596741,0.7178571428571427,0.3571428571428571,0.9448418127620235,0.9639571413170125,0.9801699393721255,10.0,5.0,mcf7+INS_SGK1,mcf7+INS,SGK1,False,False,1
mcf7+INS_SHC1,0.032882556,0.0055227433,5.9540257,0.9888094,0.01727951,0.832165635412909,0.051204708626658005,0.9911422726257497,0.9985488388310428,0.9925826700535112,2039,1855,0.08277443051338196,0.09595984220504761,0.862594485282898,0.44359251856803894,0.650384247303009,0.5686274509803922,0.5980392156862745,0.7666022217601116,0.9800372882067308,0.7822174023223525,11.0,6.0,mcf7+INS_SHC1,mcf7+INS,SHC1,False,True,1
mcf7+INS_SMARCE1,0.039463144,0.044488426,0.88704294,0.9849986,0.57109094,0.6888355096344144,0.5058983125674784,0.9876133611262267,0.9902883037481869,0.9972988243809043,2716,1011,0.3833346664905548,0.5839396715164185,0.6564627885818481,0.8267852067947388,0.36098986864089966,0.7715114256747225,0.22230769230769232,0.874944800452655,0.878275081988602,0.9962081566422144,19.0,6.0,mcf7+INS_SMARCE1,mcf7+INS,SMARCE1,False,True,1
mcf7+INS_SP1,0.031898104,0.0048185163,6.6199017,0.9892967,0.06344883,0.8464192362267108,0.10097012238795416,0.9915819521856086,0.9987078973826742,0.992864835438129,2211,1860,0.26363661885261536,0.358842134475708,0.7346869111061096,0.27787989377975464,0.5683654546737671,0.389010989010989,0.5252747252747253,0.7149491593856184,0.7062433641378199,1.0123269055539044,9.0,5.0,mcf7+INS_SP1,mcf7+INS,SP1,False,True,1
mcf7+INS_SREBF1,0.027344659,0.0026698154,10.242153,0.9907389,0.17696056,0.8422970716288722,0.12159145487567134,0.9927195570598407,0.9992849619912075,0.9934298971954062,2265,1817,0.16879303753376007,0.3053792417049408,0.552732527256012,-0.5245099663734436,0.7207361459732056,-0.49999999999999994,0.8999999999999998,0.595304668029566,0.6105881695656161,0.9749692144429803,4.0,1.0,mcf7+INS_SREBF1,mcf7+INS,SREBF1,False,True,1
mcf7+INS_SREBF2,0.030969458,0.002921444,10.600737,0.98949564,-0.02274232,0.843399194799613,0.048596251755983845,0.9917410913039648,0.9992162683411083,0.9925189598348376,2197,1909,0.0014626794727519155,0.3175927698612213,0.004605518653988838,,,,,,,,1.0,0.0,mcf7+INS_SREBF2,mcf7+INS,SREBF2,False,True,1
mcf7+INS_SRF,0.027230365,0.0051735835,5.263347,0.9906134,0.25565758,0.8272231634805467,0.17152003101683072,0.9925733213683555,0.9986378512012972,0.9939271981072554,2165,1699,0.0842827707529068,0.1759263575077057,0.47907984256744385,0.8425421118736267,0.7854135632514954,0.8545454545454544,0.8060606060606059,0.9080678376409882,0.7988582162918239,1.1367071391668204,9.0,1.0,mcf7+INS_SRF,mcf7+INS,SRF,False,True,1
mcf7+INS_TAF3,0.027105808,0.00348162,7.7854013,0.9907583,0.24674118,0.8267249420337772,0.18493704633736036,0.9926982117975061,0.9990670465897654,0.9936252178329784,2356,1749,0.06374827027320862,0.695993185043335,0.09159323573112488,0.9963734745979309,0.20812349021434784,0.7999999999999999,0.39999999999999997,0.9917780766312982,0.9767582296740133,1.0153772412670612,4.0,0.0,mcf7+INS_TAF3,mcf7+INS,TAF3,False,True,1
mcf7+INS_TAF7,0.029489173,0.003725488,7.9155197,0.9899875,0.09391451,0.8457090164060876,0.1526268066175067,0.9921299664611712,0.9990005965320171,0.9931224965283335,2260,1786,0.02066309191286564,0.13974907994270325,0.14785851538181305,-1.0,1.0,-0.9999999999999999,0.9999999999999999,0.846155926121267,0.9894788301633733,0.8551531375174118,2.0,0.0,mcf7+INS_TAF7,mcf7+INS,TAF7,False,True,1
mcf7+INS_TAF8,0.036148626,0.007968656,4.5363517,0.9875537,0.08472152,0.7926223946109009,0.19287520464244742,0.9900409908461925,0.9979130699604649,0.9921114580505651,2241,1605,0.13138160109519958,0.14123059809207916,0.9302629828453064,0.41436663269996643,0.20489516854286194,0.6261538461538462,0.30846153846153845,0.6150795775867391,0.6884223221860122,0.8934625705244698,19.0,6.0,mcf7+INS_TAF8,mcf7+INS,TAF8,False,True,1
mcf7+INS_TSC1,0.03776914,0.014649628,2.5781636,0.9869423,0.10922738,0.8152684460031167,0.11060934210348111,0.9895514775122066,0.9964116388612226,0.9931151332627384,2040,1734,0.27697649598121643,0.3409608006477356,0.8123411536216736,0.8813796043395996,0.3864779472351074,0.5535680040850031,0.3823076923076923,0.9072338664997261,0.9544850362257737,0.9504956411753837,19.0,6.0,mcf7+INS_TSC1,mcf7+INS,TSC1,False,True,1
mcf7+INS_TSC2,0.033233494,0.0036401236,9.12977,0.98859024,-0.040578794,0.8203026323184691,0.07468897769274144,0.9909787212407265,0.9990288217224494,0.9919420738354239,2116,1814,0.06420829892158508,0.16499672830104828,0.38914892077445984,-0.018804170191287994,0.8626782894134521,0.14285714285714288,0.7857142857142859,0.6442739644170109,0.991434337435016,0.6498402769505047,5.0,2.0,mcf7+INS_TSC2,mcf7+INS,TSC2,False,False,1
mcf7+INS_TTF1,0.030464035,0.0052827294,5.7667227,0.98966634,0.14189437,0.8275702589923988,0.13620698896235717,0.9918290189297192,0.9985863091441572,0.9932331435424652,2203,1762,0.21477335691452026,0.22304360568523407,0.9629209041595459,0.7802573442459106,0.4911305010318756,0.48571428571428577,0.6,0.8693043699260012,0.9548594661307426,0.9104003267083631,3.0,3.0,mcf7+INS_TTF1,mcf7+INS,TTF1,False,True,1
mcf7+INS_TTF2,0.037700992,0.007562765,4.9850807,0.9878944,0.2477117,0.7493351875083306,0.1789260697987685,0.9901408794238987,0.99802575877343,0.9920995232034674,2209,1608,0.06908739358186722,0.21567483246326447,0.32033127546310425,0.7804727554321289,0.6861521005630493,0.733076923076923,0.6776923076923077,0.8668039453460725,0.8872701268297095,0.9769335393306159,23.0,2.0,mcf7+INS_TTF2,mcf7+INS,TTF2,False,True,1
mcf7+INS_XBP1,0.030264886,0.01543024,1.9614009,0.99029684,0.48971608,0.7414821813830964,0.27725911760264543,0.9920907608719431,0.9959859307783847,0.9960891315970725,2371,1426,0.15509168803691864,0.899369478225708,0.1724449098110199,0.8656684756278992,0.6043756008148193,0.8092307692307691,0.7453846153846154,0.9375446752282675,0.9653634633973109,0.9711830940119243,24.0,1.0,mcf7+INS_XBP1,mcf7+INS,XBP1,False,True,1
mcf7+INS_ZNF593,0.030432241,0.0032978242,9.227976,0.98979455,0.058759384,0.8496163860299559,0.06905920779770654,0.9919688726274094,0.9991163450169872,0.992846206124817,2138,1893,0.015150133520364761,0.44318145513534546,0.03418494388461113,-1.0,1.0,-0.9999999999999999,0.9999999999999999,0.8855351564661825,0.9967377179749382,0.8884334770287566,2.0,0.0,mcf7+INS_ZNF593,mcf7+INS,ZNF593,False,True,1
mcf7+TGFB_SMAD2,0.0045435163,0.005573409,0.81521314,0.99847484,0.56495076,0.885814609053512,0.44159716368818447,0.9987835697651914,0.9984730357066142,1.0003110089581513,2189,985,,,,,,,,,,,,,mcf7+TGFB_SMAD2,mcf7+TGFB,SMAD2,True,False,1
mcf7+TGFB_SMAD4,0.019714346,0.02948165,0.6686989,0.992835,0.5380225,0.8527752237843353,0.4813480998691718,0.994195280196454,0.992493023651978,1.0017151319998325,2143,843,0.7030546069145203,1.0516241788864136,0.668541669845581,0.6341040134429932,0.5486685037612915,0.5446153846153846,0.3423076923076923,0.8928233974022255,0.8824348013678758,1.0117726499660329,21.0,4.0,mcf7+TGFB_SMAD4,mcf7+TGFB,SMAD4,True,False,1
mcf7+TGFB_TGFBR3,0.010130374,0.014202324,0.71328986,0.9970548,0.5672686,0.8479979085486749,0.3863429505236159,0.997497086088982,0.9963804970241983,1.0011206452435777,1926,1090,0.15752972662448883,0.4895833134651184,0.3217628598213196,0.9784389734268188,0.7746488451957703,0.6,0.7999999999999999,0.9950317673420358,0.9879819839914804,1.0071355383648537,5.0,0.0,mcf7+TGFB_TGFBR3,mcf7+TGFB,TGFBR3,True,False,1
mcf7+TNFA_BIRC3,0.0034405529,0.006139624,0.5603849,0.99881065,0.6314652,0.8890439703785336,0.40420653130389095,0.9990667000048736,0.998400644323673,1.0006671226475938,2473,1382,0.11976408958435059,0.3406084477901459,0.35161808133125305,0.9385054111480713,0.5155484676361084,0.9423076923076923,0.7538461538461538,0.975692338434908,0.9724899464837499,1.0032929820639658,25.0,0.0,mcf7+TNFA_BIRC3,mcf7+TNFA,BIRC3,True,False,1
a549+IFNG_ATF3,0.043013122,0.0060365554,7.1254416,0.98656327,0.11090975,0.8390338786510252,0.18556912749442994,0.9896994931494568,0.9986703950654469,0.991017154448238,1942,1357,,,,,,,,,,,,,a549+IFNG_ATF3,a549+IFNG,ATF3,False,True,2
a549+IFNG_ATF5,0.044891894,0.010859599,4.1338444,0.98566484,0.16788176,0.8268184920023015,0.25523850149171456,0.9889154098580274,0.9978156887406481,0.9910802375798944,2028,1204,,,,,,,,,,,,,a549+IFNG_ATF5,a549+IFNG,ATF5,False,True,2
a549+IFNG_BATF2,0.042148825,0.005343186,7.8883314,0.98700094,0.14281029,0.8317529585478721,0.17979222496901429,0.9900511192716732,0.9987895524890712,0.9912509765489427,1938,1348,,,,,,,,,,,,,a549+IFNG_BATF2,a549+IFNG,BATF2,False,True,2
a549+IFNG_CEBPB,0.05123606,0.020390501,2.5127416,0.9834451,0.18357968,0.810693825643911,0.26243907384473775,0.9871177474163403,0.9957899041693267,0.9912911782729705,2049,1167,0.27950483560562134,0.34647706151008606,0.8067051768302917,0.7007064819335938,0.04532758519053459,0.6715384615384616,0.015384615384615384,0.9097260806654388,0.9621258287069903,0.9455375310815926,16.0,9.0,a549+IFNG_CEBPB,a549+IFNG,CEBPB,False,True,2
a549+IFNG_CEBPE,0.045755934,0.009158959,4.995757,0.9855344,0.13388836,0.8241670130302932,0.2342303750914418,0.9888406409444241,0.9981193494895927,0.9907038085676694,2014,1220,,,,,,,,,,,,,a549+IFNG_CEBPE,a549+IFNG,CEBPE,False,True,2
a549+IFNG_CLK1,0.099694334,0.14761528,0.6753659,0.97011566,0.47554988,0.7670768876561442,0.481646860899073,0.9757239430810333,0.9796628961929545,0.9959792770276099,2309,770,0.7056747674942017,0.9058020710945129,0.7790606617927551,0.6259839534759521,-0.1939864307641983,0.6135795458760112,-0.23615384615384616,0.9067975311000941,0.9553057070897908,0.9492223529811517,20.0,5.0,a549+IFNG_CLK1,a549+IFNG,CLK1,False,True,2
a549+IFNG_CUL1,0.07938833,0.020190377,3.9319885,0.9803572,0.35015285,0.692568021457709,0.30712614336848837,0.9838617614936844,0.9957424870527958,0.9880684758222219,2077,1194,0.444536417722702,0.6842995882034302,0.6496224999427795,0.8396412134170532,0.7008589506149292,0.6879120879120879,0.6703296703296703,0.9092402520240558,0.850674658749914,1.0688460537430435,9.0,5.0,a549+IFNG_CUL1,a549+IFNG,CUL1,False,True,2
a549+IFNG_EHF,0.04765012,0.015518599,3.0705168,0.98471624,0.15424077,0.8214252497116743,0.2133353696308952,0.9881049992121644,0.996957082785248,0.9911208980547558,1952,1260,,,,,,,,,,,,,a549+IFNG_EHF,a549+IFNG,EHF,False,False,2
a549+IFNG_ETV7,0.04150904,0.0047678854,8.705964,0.98718655,0.14138204,0.8317590643217896,0.17953925861251369,0.990196995628482,0.9989221896358685,0.9912653917413056,1927,1357,0.0936383306980133,0.43956470489501953,0.21302513778209686,,,,,,,,1.0,0.0,a549+IFNG_ETV7,a549+IFNG,ETV7,False,True,2
a549+IFNG_FBXO6,0.044125516,0.010157838,4.343987,0.98629284,0.24238472,0.8045423051230308,0.2684129104366879,0.9893994457168868,0.9978587429454469,0.9915225503726207,2050,1174,,,,,,,,,,,,,a549+IFNG_FBXO6,a549+IFNG,FBXO6,False,True,2
a549+IFNG_FMNL2,0.04669987,0.011753165,3.9733868,0.9852657,0.18506634,0.8049615983891817,0.24929448425512174,0.9885939944514907,0.9975988382133023,0.99097348210836,2026,1196,,,,,,,,,,,,,a549+IFNG_FMNL2,a549+IFNG,FMNL2,False,True,2
a549+IFNG_FOXN3,0.044034407,0.004525032,9.731292,0.9864135,0.043000292,0.8330607647983949,0.11326319272592683,0.9896204581157477,0.9989672735013292,0.990643521931583,1864,1449,,,,,,,,,,,,,a549+IFNG_FOXN3,a549+IFNG,FOXN3,False,True,2
a549+IFNG_GUK1,0.043183513,0.005338846,8.088549,0.98683643,0.15425801,0.8223153456209843,0.18753956852140824,0.9899164191752742,0.998801861915086,0.9911038985021764,1952,1352,,,,,,,,,,,,,a549+IFNG_GUK1,a549+IFNG,GUK1,False,True,2
a549+IFNG_HLA-DQB1,0.050150983,0.014686876,3.41468,0.98401785,0.094582506,0.8313972898757518,0.17520039222045747,0.9875576309505603,0.9970590422129642,0.9904705630658385,1918,1300,0.12173610925674438,0.306059330701828,0.3977532982826233,-0.2743675112724304,0.13309842348098755,-0.39999999999999997,-0.09999999999999999,0.8342564573291537,0.9903124589964659,0.8424174105358103,5.0,0.0,a549+IFNG_HLA-DQB1,a549+IFNG,HLA-DQB1,False,True,2
a549+IFNG_HLX,0.06308417,0.07568191,0.8335436,0.97716075,0.45751783,0.7563388278213626,0.48647072163502136,0.9817072986474762,0.9870217090264923,0.994615710748391,2345,761,0.31285494565963745,0.6169131994247437,0.5071296095848083,0.5728917717933655,0.2472909390926361,0.6113199512521558,0.2069230769230769,0.8437580576372644,0.9187478819999116,0.9183782342992607,22.0,3.0,a549+IFNG_HLX,a549+IFNG,HLX,False,True,2
a549+IFNG_IFI16,0.106566116,0.2048523,0.52020955,0.9600899,0.5930541,0.7383021458884513,0.6092981502233598,0.9671389358946613,0.968742603711167,0.9983445883247395,2380,498,0.763011634349823,1.390175461769104,0.5488599538803101,0.4985629618167877,-0.052218563854694366,0.5241395735012969,-0.07692307692307691,0.8105202027804846,0.8055821701393014,1.0061297690343982,22.0,3.0,a549+IFNG_IFI16,a549+IFNG,IFI16,False,True,2
a549+IFNG_IFNGR1,0.038961012,0.024619833,1.5825051,0.9882167,0.49729168,0.8368642923962009,0.2720618910731347,0.9910005386737465,0.9942775977898627,0.996704080305741,2016,1273,0.4682554006576538,0.9565063714981079,0.48954761028289795,0.46065136790275574,0.7066527009010315,0.47307692307692306,0.8461538461538461,0.899893542211124,0.9523491214249376,0.9449198009073315,25.0,0.0,a549+IFNG_IFNGR1,a549+IFNG,IFNGR1,False,True,2
a549+IFNG_IFNGR2,0.03928606,0.026965497,1.456901,0.98808455,0.49631,0.8396856804851031,0.260694389765518,0.9909665390112722,0.9937407302421213,0.9972083349847468,2107,1357,0.42297184467315674,0.8163797855377197,0.5181066989898682,0.8704848289489746,0.86164790391922,0.7923076923076923,0.8253846153846154,0.9506474878269893,0.9490999469754315,1.0016305351786072,24.0,1.0,a549+IFNG_IFNGR2,a549+IFNG,IFNGR2,False,True,2
a549+IFNG_IRF1,0.03987344,0.0046179495,8.634447,0.9877824,0.20289335,0.8446474366223999,0.20861786377406938,0.9907050566744795,0.9989285476267444,0.9917676885180604,2059,1356,,,,,,,,,,,,,a549+IFNG_IRF1,a549+IFNG,IRF1,False,True,2
a549+IFNG_IRF2,0.06336029,0.052468367,1.2075902,0.9797401,0.29261014,0.8066159530474641,0.3316281613635825,0.9838392612334883,0.9911338288066659,0.9926401789938294,2054,1079,0.5126686692237854,0.583382785320282,0.8787860870361328,0.6912941336631775,0.2889237403869629,0.6720523301851983,0.4230769230769231,0.8895184099614755,0.9550504945109225,0.9313836441883571,18.0,7.0,a549+IFNG_IRF2,a549+IFNG,IRF2,False,True,2
a549+IFNG_IRF5,0.04523607,0.0068549463,6.599041,0.9863489,0.17063811,0.8064587615112052,0.20302857174476277,0.9894905668626922,0.9985106772737629,0.9909664356963129,1948,1314,,,,,,,,,,,,,a549+IFNG_IRF5,a549+IFNG,IRF5,False,True,2
a549+IFNG_IRF7,0.04308045,0.009839384,4.3783684,0.9863143,0.18609807,0.8347912861098293,0.23324557029567242,0.9894181047516856,0.9979961018253816,0.9914047789785888,1990,1239,0.0011136963730677962,0.40131497383117676,0.002775117987766862,,,,,,,,1.0,0.0,a549+IFNG_IRF7,a549+IFNG,IRF7,False,True,2
a549+IFNG_IRF9,0.072546616,0.07464306,0.97191375,0.9767549,0.34340626,0.7955535135708588,0.37870457201316104,0.9813219459168803,0.9886616855336593,0.9925760857084118,2149,976,0.41981303691864014,0.47401750087738037,0.885648787021637,0.3863477110862732,-0.1578090637922287,0.5000961815917332,-0.23923076923076922,0.8398313343892941,0.9217335440615844,0.9111432905963353,18.0,7.0,a549+IFNG_IRF9,a549+IFNG,IRF9,False,True,2
a549+IFNG_JAK1,0.03983843,0.0150614865,2.645053,0.98767686,0.36780703,0.8407643511489574,0.20678841169353232,0.9906058415295022,0.9965044605691058,0.994080689778112,1974,1368,0.14610125124454498,0.2368527501821518,0.6168442368507385,0.6168351769447327,0.6124506592750549,0.7714285714285715,0.14285714285714288,0.8494097516489024,0.7460828263661186,1.1384925662825527,5.0,1.0,a549+IFNG_JAK1,a549+IFNG,JAK1,False,True,2
a549+IFNG_JAK2,0.039386507,0.019794933,1.9897267,0.9881001,0.43077493,0.8445021764290664,0.2379171277971017,0.990971556576684,0.9954134154962282,0.9955376742463031,2073,1349,0.42098093032836914,0.45483794808387756,0.9255624413490295,0.7967512607574463,0.6807682514190674,0.7243478260869565,0.7147826086956521,0.8855666228111319,0.9227100482784899,0.9597452899351677,21.0,3.0,a549+IFNG_JAK2,a549+IFNG,JAK2,False,True,2
a549+IFNG_JUN,0.045027025,0.011976546,3.7596004,0.9857162,0.1785581,0.8279659163303759,0.23574351573470861,0.9889729949678541,0.9974657386031609,0.9914856788492806,1976,1231,0.6111788749694824,0.65233314037323,0.9369121789932251,,,,,,,,1.0,0.0,a549+IFNG_JUN,a549+IFNG,JUN,False,True,2
a549+IFNG_KIN,0.07198403,0.027670087,2.6015108,0.98126817,0.49547145,0.688002421760647,0.4655661331572218,0.9847106443678526,0.9949557921501335,0.9897029115633964,2351,846,0.24852584302425385,0.38000422716140747,0.6540080904960632,0.3722592294216156,-0.0868433266878128,0.6555106872556257,-0.07461538461538461,0.6802906585299434,0.7881824676447485,0.8631131577473322,19.0,6.0,a549+IFNG_KIN,a549+IFNG,KIN,False,True,2
a549+IFNG_KLF4,0.06140897,0.032346074,1.8984984,0.98197615,0.13794622,0.8214691826566473,0.19716011124881225,0.985690049839372,0.9946185576302188,0.9910231839911374,1886,1291,0.4842331111431122,0.4148215353488922,1.1673287153244019,0.8874346017837524,-0.29835331439971924,0.8411764705882352,-0.3205882352941176,0.9518269745807666,0.9689698585589782,0.9823081349468331,9.0,7.0,a549+IFNG_KLF4,a549+IFNG,KLF4,False,False,2
a549+IFNG_MAFB,0.04272171,0.008063615,5.298084,0.9865417,0.15432559,0.8338462568416992,0.21101521364670325,0.9896346454554268,0.9982988337345212,0.9913210473794879,1930,1303,,,,,,,,,,,,,a549+IFNG_MAFB,a549+IFNG,MAFB,False,True,2
a549+IFNG_MAFF,0.044592924,0.010317398,4.322109,0.98578274,0.15791497,0.8220858183650536,0.2143005265191294,0.9890294806120361,0.9978993499142642,0.9911114589833231,1983,1272,,,,,,,,,,,,,a549+IFNG_MAFF,a549+IFNG,MAFF,False,True,2
a549+IFNG_MCRS1,0.06384572,0.08407206,0.7594166,0.9755519,0.5510354,0.7169144885092178,0.5587500750254168,0.9804047575839597,0.9868247818504553,0.9934942612056651,2486,653,0.3659992516040802,0.7198819518089294,0.5084156394004822,0.6462466716766357,0.18675969541072845,0.44846153846153847,0.2530769230769231,0.812085232060233,0.8661457061429222,0.9375850117373107,19.0,6.0,a549+IFNG_MCRS1,a549+IFNG,MCRS1,False,True,2
a549+IFNG_MYC,0.04177257,0.0064537902,6.472564,0.9869515,0.17427714,0.8326915806704757,0.20983084870440682,0.9899863607609664,0.9985925344714849,0.9913816963241434,1966,1307,,,,,,,,,,,,,a549+IFNG_MYC,a549+IFNG,MYC,False,True,2
a549+IFNG_NFKB1,0.044442736,0.010433231,4.259729,0.98648274,0.29216748,0.7900781068382059,0.31522361452586806,0.9895147310482406,0.9978144174203055,0.9916821342454417,2094,1141,0.0014096994418650866,0.17106270790100098,0.008240834809839725,,,,,,,,1.0,0.0,a549+IFNG_NFKB1,a549+IFNG,NFKB1,False,True,2
a549+IFNG_PARP12,0.041922156,0.004053232,10.342896,0.9872183,0.12626196,0.8404281703198196,0.183183698682656,0.9902486003128093,0.9990637237725513,0.9911766154150254,1968,1364,1.2132482528686523,1.4695298671722412,0.8256030082702637,,,,,,,,1.0,0.0,a549+IFNG_PARP12,a549+IFNG,PARP12,False,True,2
a549+IFNG_PIK3CA,0.04502086,0.007997785,5.629166,0.986251,0.1785492,0.8102496448439881,0.22781347203714725,0.9894185613273442,0.9982361019964316,0.9911668786057198,2013,1277,,,,,,,,,,,,,a549+IFNG_PIK3CA,a549+IFNG,PIK3CA,False,True,2
a549+IFNG_PLEK,0.042984545,0.007436299,5.780368,0.98661983,0.17065153,0.8279351658640924,0.2282232703978946,0.9897081296253369,0.9983876690027802,0.9913064437323102,1987,1264,,,,,,,,,,,,,a549+IFNG_PLEK,a549+IFNG,PLEK,False,True,2
a549+IFNG_PPARG,0.06559216,0.089293554,0.7345677,0.97507405,0.51062447,0.7440486359492094,0.5465204427819332,0.980056210735436,0.98593349814012,0.9940388602113925,2465,660,0.34285056591033936,0.7101876139640808,0.48276054859161377,0.8235663175582886,0.022866908460855484,0.6281757057675676,0.057692307692307696,0.9026971358101584,0.9173017163604389,0.9840787602488886,23.0,2.0,a549+IFNG_PPARG,a549+IFNG,PPARG,False,True,2
a549+IFNG_PRDM1,0.04482191,0.005970198,7.5076084,0.98629105,0.0913517,0.8303833304656109,0.18042801632861066,0.9895355819106093,0.9986320382161975,0.9908910830441243,1969,1372,1.0766645669937134,2.041809320449829,0.5273090600967407,,,,,,,,1.0,0.0,a549+IFNG_PRDM1,a549+IFNG,PRDM1,False,True,2
a549+IFNG_PTGES3,0.05488081,0.03986528,1.3766568,0.98137575,0.3111623,0.7817634593377685,0.3487976823073899,0.9853160623989926,0.9929861154093297,0.9922757701328228,2148,1018,0.33272916078567505,0.49276110529899597,0.6752341985702515,0.5979424715042114,0.29907768964767456,0.43999999999999995,0.3423076923076923,0.828080852139155,0.9319645976299687,0.8885325196311157,19.0,6.0,a549+IFNG_PTGES3,a549+IFNG,PTGES3,False,True,2
a549+IFNG_PTPN11,0.043111265,0.0038292,11.258556,0.98693365,0.06484135,0.8437269330959073,0.11927084640167346,0.9900617399264925,0.9991132187544395,0.9909404873661554,1924,1461,,,,,,,,,,,,,a549+IFNG_PTPN11,a549+IFNG,PTPN11,False,True,2
a549+IFNG_RARRES3,0.07564793,0.06996264,1.0812618,0.9759852,0.28411174,0.7933094232388644,0.35713212500721675,0.9806980986290875,0.988998559292482,0.9916072065167288,2143,992,0.47027939558029175,0.5641378164291382,0.8336250185966492,0.885252833366394,0.10905859619379044,0.49846153846153846,0.21769230769230768,0.9205605265169736,0.9129107137007239,1.0083795848832129,16.0,9.0,a549+IFNG_RARRES3,a549+IFNG,RARRES3,False,True,2
a549+IFNG_RFX5,0.04654053,0.019467358,2.3906958,0.9848871,0.23399967,0.8254535901819366,0.29266572649815703,0.9881951717852847,0.996387253031501,0.9917782155268527,2034,1150,0.35721471905708313,0.41695505380630493,0.856722354888916,0.6761301159858704,0.6157201528549194,0.6470588235294119,0.26715686274509803,0.8655045175220816,0.9734345081572474,0.8891245484614246,10.0,7.0,a549+IFNG_RFX5,a549+IFNG,RFX5,False,True,2
a549+IFNG_RNF14,0.043437,0.009730159,4.4641614,0.98628956,0.18637201,0.8238140676586854,0.24834700974388674,0.9894070982339986,0.99797369544132,0.9914160090126093,2049,1220,,,,,,,,,,,,,a549+IFNG_RNF14,a549+IFNG,RNF14,False,True,2
a549+IFNG_RUNX1,0.042730965,0.0035587456,12.007311,0.9869093,0.059464097,0.8429305060059642,0.13200321077138785,0.990043247651597,0.9991743923254318,0.9908613103538578,1932,1488,,,,,,,,,,,,,a549+IFNG_RUNX1,a549+IFNG,RUNX1,False,True,2
a549+IFNG_SOX2,0.1284679,0.30865794,0.41621447,0.95313,0.6860962,0.7187934372880967,0.6614819892527065,0.9612559699434938,0.9595840993140523,1.0017422867163355,2508,463,0.6908566355705261,1.4075512886047363,0.49082162976264954,0.2806452512741089,0.24530525505542755,0.24350051614265253,0.11461538461538462,0.7531345173517467,0.8390016265082616,0.8976556106167819,21.0,4.0,a549+IFNG_SOX2,a549+IFNG,SOX2,False,True,2
a549+IFNG_SP100,0.04164371,0.0069156587,6.0216546,0.986996,0.1917032,0.8338528922174854,0.23760410341406993,0.9900155089001015,0.9985016274848112,0.9915011469674958,1999,1254,0.8833473324775696,1.2586843967437744,0.7018020749092102,,,,,,,,1.0,0.0,a549+IFNG_SP100,a549+IFNG,SP100,False,True,2
a549+IFNG_SP110,0.056981187,0.029603632,1.924804,0.9820231,0.16607997,0.8167465854794568,0.2299159044077916,0.985721415213175,0.9946415081609753,0.9910318513005827,1944,1230,0.371944785118103,0.31872686743736267,1.1669702529907227,0.6601214408874512,-0.29004281759262085,0.553076923076923,-0.2369230769230769,0.8560269005155643,0.9393203591589365,0.911325824218318,18.0,7.0,a549+IFNG_SP110,a549+IFNG,SP110,False,False,2
a549+IFNG_SRC,0.043475237,0.0046491423,9.351238,0.9870926,0.15502521,0.8213995179972834,0.1958528563601459,0.9901238133216262,0.9989255189838592,0.9911888268995407,1993,1346,,,,,,,,,,,,,a549+IFNG_SRC,a549+IFNG,SRC,False,True,2
a549+IFNG_STAT1,0.039058294,0.014455844,2.7019033,0.9880049,0.380256,0.8302288730092381,0.23790224898932572,0.9908310537077457,0.9966489767746654,0.9941625153865632,1997,1327,0.1310630440711975,0.3030600845813751,0.4324655532836914,0.5525232553482056,0.5024113655090332,0.5,0.4505494505494505,0.8266815547241991,0.7963076865686296,1.038143381845846,11.0,2.0,a549+IFNG_STAT1,a549+IFNG,STAT1,False,True,2
a549+IFNG_STAT2,0.05774836,0.04286036,1.3473606,0.9808472,0.337769,0.7865555061683235,0.3328979972941316,0.9848769423591316,0.9928534608345587,0.9919660667056321,2095,1062,0.27460163831710815,0.6488674283027649,0.42320144176483154,0.9054223299026489,0.42253395915031433,0.7569230769230769,0.27999999999999997,0.9399236839437859,0.9605468118030448,0.9785298044761117,21.0,4.0,a549+IFNG_STAT2,a549+IFNG,STAT2,False,True,2
a549+IFNG_STAT3,0.04477789,0.00880647,5.084658,0.9858243,0.12439157,0.8334076305060188,0.21442043386303486,0.9891004708452003,0.9981426327924316,0.9909410121858688,1974,1290,,,,,,,,,,,,,a549+IFNG_STAT3,a549+IFNG,STAT3,False,True,2
a549+IFNG_TAPBPL,0.061521497,0.047744296,1.2885622,0.9789715,0.43980438,0.7371514305646324,0.47642071152068705,0.9832964968036407,0.9915262427018581,0.9916999212488903,2349,793,0.3315901458263397,0.49911603331565857,0.6643548011779785,0.4742034673690796,0.1283840537071228,0.43846153846153846,0.4015384615384615,0.8334229699611942,0.9753943569843462,0.8544471925569789,20.0,5.0,a549+IFNG_TAPBPL,a549+IFNG,TAPBPL,False,True,2
a549+IFNG_TBX21,0.04257926,0.0071321027,5.970085,0.98669,0.13668081,0.8470477508007476,0.20053892348772723,0.9897393712663558,0.9984914576968489,0.9912346907296724,1971,1301,,,,,,,,,,,,,a549+IFNG_TBX21,a549+IFNG,TBX21,False,True,2
a549+IFNG_TRAFD1,0.041409362,0.005481771,7.5540113,0.9872882,0.20412093,0.829151489114431,0.24836259229853128,0.9902655332670308,0.9987863722062003,0.9914688073683385,2033,1261,,,,,,,,,,,,,a549+IFNG_TRAFD1,a549+IFNG,TRAFD1,False,True,2
a549+IFNG_TSC22D1,0.048003845,0.0077165985,6.2208557,0.98577905,0.20512599,0.7906613460399307,0.25118238822449807,0.9889837042856893,0.9983586893388088,0.9906096023871657,2073,1176,,,,,,,,,,,,,a549+IFNG_TSC22D1,a549+IFNG,TSC22D1,False,True,2
a549+IFNG_ZC3H3,0.049562078,0.009930457,4.9909163,0.98530525,0.22943127,0.7845965633515909,0.2730355782648226,0.9885649760443403,0.9979067611995214,0.9906386192393848,2063,1176,0.5911476016044617,0.6633493304252625,0.8911557793617249,,,,,,,,1.0,0.0,a549+IFNG_ZC3H3,a549+IFNG,ZC3H3,False,True,2
a549+IFNG_ZFP36,0.04550909,0.010763221,4.2282033,0.98601544,0.25696543,0.7943281012955535,0.302767442052623,0.9891716804011979,0.9978184100618591,0.9913343654782585,2108,1127,0.6381247639656067,0.333323210477829,1.914432406425476,-0.9086569547653198,0.5541267991065979,-0.5,0.5,0.7364855243075776,0.9823283688251246,0.7497345568757444,2.0,1.0,a549+IFNG_ZFP36,a549+IFNG,ZFP36,False,True,2
a549+IFNG_ZNF267,0.04705786,0.021653812,2.1731906,0.9846472,0.34116456,0.7805760351613953,0.371926760470066,0.9880092719582707,0.995932481669762,0.9920444308652255,2179,1003,0.06806856393814087,0.35705137252807617,0.19064080715179443,0.7400999069213867,-0.039996981620788574,0.6190476190476191,-0.04761904761904763,0.8936100909462469,0.9360049884905728,0.9547065474376445,8.0,0.0,a549+IFNG_ZNF267,a549+IFNG,ZNF267,False,True,2
a549+IFNG_ZNFX1,0.045643214,0.012670854,3.6022208,0.9853487,0.20575324,0.808123780780368,0.2452897237161651,0.9886717177907247,0.9974884107510685,0.9911611073719592,1996,1233,2.2721195220947266,1.4487190246582031,1.5683645009994507,1.0,1.0,0.9999999999999999,0.9999999999999999,0.9547274403423025,0.9926561531252599,0.9617906838500488,0.0,2.0,a549+IFNG_ZNFX1,a549+IFNG,ZNFX1,False,True,2
a549+INS_CHUK,0.048804145,0.00935561,5.2165647,0.9850652,0.24557047,0.8051091221451029,0.24235262269885377,0.988394597973863,0.9979768309695748,0.9903983412256151,2067,1344,0.28525134921073914,0.14826063811779022,1.9239857196807861,0.678517758846283,-0.6285057663917542,0.80910807093079,-0.7202797202797203,0.8201137546775192,0.965752910834375,0.8491962545253642,8.0,4.0,a549+INS_CHUK,a549+INS,CHUK,False,True,2
a549+INS_COPS4,0.05471311,0.019154686,2.8563826,0.9823332,0.2641335,0.7837527544100381,0.3072003124955187,0.9861025667644692,0.9963395720251306,0.9897253852520843,2182,1162,0.2635195851325989,0.27353614568710327,0.9633812308311462,0.7648730874061584,0.2114119827747345,0.41470955664071196,0.3130769230769231,0.8555519803157533,0.9178656541991587,0.9321102455481088,18.0,7.0,a549+INS_COPS4,a549+INS,COPS4,False,False,2
a549+INS_DR1,0.0457096,0.024741389,1.8474953,0.9854263,0.4071045,0.7983680336683934,0.3268979411638762,0.9885561928456938,0.9947626264306731,0.993760889864501,2152,1188,0.23814496397972107,0.28903770446777344,0.8239235281944275,0.7746140956878662,0.35355231165885925,0.5723076923076923,-0.07384615384615385,0.8272104235092699,0.7394187900418892,1.118730595772941,20.0,5.0,a549+INS_DR1,a549+INS,DR1,False,True,2
a549+INS_EIF2B1,0.05045622,0.0037246018,13.5467415,0.9845425,0.122334756,0.8357319425418855,0.16334563277734643,0.9881013350127443,0.9991627822949286,0.9889292841184719,1994,1507,,,,,,,,,,,,,a549+INS_EIF2B1,a549+INS,EIF2B1,False,False,2
a549+INS_ELK1,0.047584154,0.0022784732,20.884228,0.9857057,0.1501481,0.8367613113473796,0.14320048612917516,0.9890666660828263,0.9994762564434088,0.9895849548266165,2034,1588,,,,,,,,,,,,,a549+INS_ELK1,a549+INS,ELK1,False,True,2
a549+INS_FOS,0.050501518,0.004073682,12.397021,0.9845309,0.094907045,0.8212198741054955,0.15181460892809126,0.9880864174323495,0.999102162765533,0.9889743554325898,1987,1480,,,,,,,,,,,,,a549+INS_FOS,a549+INS,FOS,False,True,2
a549+INS_FOXM1,0.051871605,0.0063599506,8.155976,0.98396873,0.09205737,0.8083466799174811,0.15577680818012457,0.9875731787390658,0.998664580405368,0.9888937668523299,1985,1444,0.21074995398521423,0.19776597619056702,1.0656532049179077,1.0,-1.0,0.9999999999999999,-0.9999999999999999,0.9566560634048283,0.9936534048156449,0.9627663516961623,1.0,1.0,a549+INS_FOXM1,a549+INS,FOXM1,False,True,2
a549+INS_FOXO1,0.04739428,0.0035072295,13.51331,0.9857088,0.18017493,0.8229817947286082,0.1755295690853163,0.9890148863207688,0.9992007470728991,0.9898059916568627,2022,1500,,,,,,,,,,,,,a549+INS_FOXO1,a549+INS,FOXO1,False,True,2
a549+INS_FOXO3,0.04908539,0.004743683,10.3475275,0.9848541,0.12358278,0.8235087287955788,0.15079876785886534,0.9882976268273941,0.9989773155584751,0.9893093781362687,1961,1499,,,,,,,,,,,,,a549+INS_FOXO3,a549+INS,FOXO3,False,True,2
a549+INS_FOXO4,0.056456544,0.032040223,1.762052,0.98203516,0.29435933,0.8031014108636947,0.27522934554627865,0.9855557687337549,0.9939870885586899,0.9915176767163438,2032,1282,0.35614249110221863,0.29225727915763855,1.2185924053192139,0.5154650211334229,0.06581781804561615,0.5458046267024577,0.10230769230769231,0.8664813751875347,0.9458831046558377,0.9160554522250468,16.0,9.0,a549+INS_FOXO4,a549+INS,FOXO4,False,False,2
a549+INS_GRB2,0.048369035,0.003483482,13.885255,0.9852806,0.09978661,0.8197188510643796,0.10852918001006047,0.9886639056955675,0.9992060148934949,0.9894495138732216,1948,1577,0.06273294240236282,0.2055860012769699,0.3051421046257019,,,,,,,,1.0,0.0,a549+INS_GRB2,a549+INS,GRB2,False,True,2
a549+INS_GRB10,0.04877142,0.0038326622,12.725206,0.98507595,0.11532165,0.8256692374211583,0.1634650579263697,0.9884971991862496,0.9991493712613803,0.9893387591670274,2034,1494,,,,,,,,,,,,,a549+INS_GRB10,a549+INS,GRB10,False,True,2
a549+INS_HSF1,0.04958901,0.0029337609,16.902882,0.98493254,0.07474126,0.821556029009894,0.12739266682401856,0.9884356894025873,0.9993328364793415,0.9890955778906005,1991,1546,,,,,,,,,,,,,a549+INS_HSF1,a549+INS,HSF1,False,True,2
a549+INS_IGF2,0.04803026,0.0026835531,17.89801,0.9855293,0.13364682,0.820555548376824,0.1452492191281956,0.9889064301779009,0.9993831235862667,0.9895168397773515,2045,1539,,,,,,,,,,,,,a549+INS_IGF2,a549+INS,IGF2,False,True,2
a549+INS_IKBKB,0.056167576,0.022596035,2.485727,0.98242116,0.21092954,0.8080590832993538,0.21249081711568257,0.9859833316277212,0.9956205409262734,0.990320399286272,1977,1356,0.3097932040691376,0.21409425139427185,1.4469945430755615,0.584359347820282,0.0015529878437519073,0.7015384615384616,-0.15307692307692308,0.8430729481940619,0.9728488956209506,0.8666021537249572,18.0,7.0,a549+INS_IKBKB,a549+INS,IKBKB,False,False,2
a549+INS_INSR,0.050375786,0.0037598908,13.398205,0.98465747,0.04497475,0.8223595919677227,0.09853932095346299,0.9881574306331518,0.9991546600694754,0.9889934663012442,1897,1580,,,,,,,,,,,,,a549+INS_INSR,a549+INS,INSR,False,True,2
a549+INS_IRS1,0.051850617,0.0038866717,13.340622,0.98415303,0.025804425,0.8348635990069012,0.062135028746476605,0.9877678863523175,0.9991229628152382,0.9886349559708594,1893,1667,,,,,,,,,,,,,a549+INS_IRS1,a549+INS,IRS1,False,False,2
a549+INS_IRS2,0.049329974,0.0024426444,20.195314,0.9850496,0.05772811,0.8274649222151912,0.10150674716500958,0.9885429503150913,0.9994364448335951,0.9891003629347161,2015,1632,,,,,,,,,,,,,a549+INS_IRS2,a549+INS,IRS2,False,True,2
a549+INS_IRS4,0.05281363,0.007974858,6.6225166,0.9835752,0.075030714,0.8134545615388952,0.134906712146115,0.9872116727930017,0.9983250005635822,0.9888680261795441,1932,1467,,,,,,,,,,,,,a549+INS_IRS4,a549+INS,IRS4,False,True,2
a549+INS_MAPK1,0.05098445,0.008668268,5.8817344,0.9844076,0.17488408,0.810122797067991,0.20409096896790455,0.9878976204542745,0.9980928442240489,0.9897852951969609,2017,1371,0.04373382776975632,0.10716143250465393,0.4081116318702698,0.7775126099586487,0.14567682147026062,0.7999999999999999,0.03333333333333333,0.9356710195676978,0.9716681542645353,0.9629532628615537,8.0,1.0,a549+INS_MAPK1,a549+INS,MAPK1,False,True,2
a549+INS_MAPK3,0.048370183,0.003265387,14.813002,0.98524714,0.13572899,0.8256579517691278,0.15382669864032042,0.9886541780271754,0.9992610254682526,0.9893853085722953,2019,1533,,,,,,,,,,,,,a549+INS_MAPK3,a549+INS,MAPK3,False,True,2
a549+INS_MTOR,0.053780604,0.0065592118,8.199248,0.9841044,0.23508778,0.7626565886448536,0.2245463403055733,0.9876183003925706,0.9985488133562965,0.9890536017693651,2089,1354,0.11255890130996704,0.16843226552009583,0.6682739853858948,1.0,-1.0,0.9999999999999999,-0.9999999999999999,0.9859256540912053,0.9799068942768859,1.0061421751897774,2.0,0.0,a549+INS_MTOR,a549+INS,MTOR,False,True,2
a549+INS_PIK3CA,0.052681487,0.0062590567,8.4168415,0.98370564,0.08214709,0.8114161674257666,0.1353910337731628,0.9873785777793158,0.9986640002009299,0.9886994800860515,1971,1485,0.05956755205988884,0.1988832801580429,0.29951009154319763,0.9576623439788818,0.9213709831237793,1.0,1.0,0.9955060813486295,0.9990410133453714,0.9964616747966083,3.0,0.0,a549+INS_PIK3CA,a549+INS,PIK3CA,False,True,2
a549+INS_POLR2G,0.089353025,0.1412663,0.6325148,0.9669894,0.53431976,0.7362931673478524,0.5160229757299308,0.9730412341955833,0.9793795147184167,0.993528269248458,2480,765,0.700797438621521,0.673531174659729,1.040482521057129,0.03873606398701668,-0.014347240328788757,-0.025482815423968002,-0.17076923076923078,0.7299502691042768,0.8758814997547864,0.8333892990189145,16.0,9.0,a549+INS_POLR2G,a549+INS,POLR2G,False,True,2
a549+INS_POLR2L,0.061160583,0.011935945,5.1240673,0.98293453,0.2680822,0.764249637391305,0.2878036340124961,0.9866374291999036,0.9974930223078138,0.9891171237641397,2195,1175,0.09708984196186066,0.13794256746768951,0.7038425207138062,0.6708415150642395,-0.0328996367752552,0.6020388647623557,0.046153846153846156,0.815122682174147,0.9699578363367156,0.8403691909461326,23.0,2.0,a549+INS_POLR2L,a549+INS,POLR2L,False,True,2
a549+INS_PTEN,0.0491052,0.0040858383,12.018391,0.9850136,0.13534787,0.8234919110523731,0.1614361946002651,0.9884401150874857,0.9990979110701055,0.9893325810568411,1967,1500,,,,,,,,,,,,,a549+INS_PTEN,a549+INS,PTEN,False,True,2
a549+INS_RAD51,0.09456222,0.12953375,0.7300199,0.9705411,0.45956352,0.7668590454805615,0.45940223866000357,0.9757970213404716,0.9818677907001736,0.9938171213912895,2435,845,0.36522090435028076,0.5114811062812805,0.7140457630157471,-0.0352364145219326,0.2806597352027893,0.009297159135038638,0.2630769230769231,0.704812927470004,0.894455782699578,0.7879796196775558,20.0,5.0,a549+INS_RAD51,a549+INS,RAD51,False,True,2
a549+INS_RPS6KB1,0.04821323,0.0039480943,12.211772,0.9852518,0.14185673,0.8305489572979006,0.17876100522956964,0.9886246166489192,0.999111937148879,0.9895033578220604,2036,1482,,,,,,,,,,,,,a549+INS_RPS6KB1,a549+INS,RPS6KB1,False,True,2
a549+INS_SGK1,0.050101027,0.0051306067,9.765127,0.98456275,0.09888627,0.8300269806562517,0.1498300603448199,0.9880180024781443,0.9988992628527441,0.9891067490193914,1971,1478,,,,,,,,,,,,,a549+INS_SGK1,a549+INS,SGK1,False,True,2
a549+INS_SHC1,0.057137437,0.011634977,4.910834,0.98207635,0.050063398,0.8101664375607528,0.12463546047652656,0.985928837106948,0.9976558382381912,0.9882454442887314,1904,1478,0.3504745066165924,0.12360753864049911,2.835381269454956,0.5422417521476746,-0.5243619680404663,0.5338461538461539,-0.6084615384615384,0.7954687385490038,0.9607114674800169,0.8279996288953945,14.0,11.0,a549+INS_SHC1,a549+INS,SHC1,False,True,2
a549+INS_SMARCE1,0.069564894,0.06677855,1.0417252,0.97698057,0.6010332,0.6980472618017156,0.5728961577685132,0.9813041961525769,0.9888429340851203,0.9923762028602467,2588,711,0.31219929456710815,0.37663787603378296,0.8289110660552979,-0.10775474458932877,0.0036153187975287437,-0.009230769230769232,0.09769230769230769,0.6423177383173093,0.9280132467004338,0.6921428552890602,19.0,6.0,a549+INS_SMARCE1,a549+INS,SMARCE1,False,True,2
a549+INS_SP1,0.048546147,0.0059507918,8.15793,0.98532474,0.21791552,0.8039241233663587,0.21531249314201856,0.9886685431616549,0.9986698351512874,0.9899853869240804,2075,1371,0.09052044153213501,0.29272332787513733,0.30923548340797424,,,,,,,,1.0,0.0,a549+INS_SP1,a549+INS,SP1,False,True,2
a549+INS_SREBF1,0.049304835,0.004122689,11.959388,0.9848331,0.09691915,0.819876725611625,0.13444336371049448,0.988312906862718,0.9990979405899191,0.9892052287478112,1946,1578,,,,,,,,,,,,,a549+INS_SREBF1,a549+INS,SREBF1,False,True,2
a549+INS_SREBF2,0.048297834,0.002769836,17.437073,0.98543566,0.13000323,0.8225649431908884,0.14899416942715774,0.9888242517123428,0.9993648915989606,0.9894526614100351,2014,1552,,,,,,,,,,,,,a549+INS_SREBF2,a549+INS,SREBF2,False,True,2
a549+INS_SRF,0.052612476,0.020266272,2.5960608,0.98328024,0.2488493,0.8076498538951989,0.2211696354801267,0.9867799546346105,0.9961684958590536,0.9905753481830935,1976,1366,0.24377189576625824,0.2280435711145401,1.0689706802368164,0.45598074793815613,-0.0593075156211853,0.6638461538461539,-0.12692307692307694,0.7375981513851569,0.9340968447102705,0.7896377721026756,19.0,6.0,a549+INS_SRF,a549+INS,SRF,False,True,2
a549+INS_TAF3,0.051079426,0.007870558,6.4899373,0.9845036,0.22209327,0.7907190273754215,0.2375379702513374,0.9879539151426734,0.998354608847178,0.9895821648817603,2099,1285,0.23033061623573303,0.34913066029548645,0.6597261428833008,1.0,1.0,0.9999999999999999,0.9999999999999999,0.973392173112324,0.9951176353896988,0.9781679456732099,1.0,1.0,a549+INS_TAF3,a549+INS,TAF3,False,False,2
a549+INS_TAF7,0.048435632,0.0027971875,17.315832,0.9853401,0.10319421,0.8220045538401657,0.13194154401250274,0.9887475556577378,0.9993557800827264,0.9893849371400939,1968,1559,,,,,,,,,,,,,a549+INS_TAF7,a549+INS,TAF7,False,True,2
a549+INS_TAF8,0.053929724,0.028196272,1.9126544,0.98230666,0.31246763,0.7856245141087871,0.3149977098215493,0.9859637202397717,0.99471382714506,0.9912033927080294,2149,1171,0.3480026125907898,0.258163183927536,1.3479946851730347,-0.05685506761074066,0.3171006739139557,0.057692307692307696,0.26615384615384613,0.7594978901195623,0.9496919298009705,0.7997308035235513,16.0,9.0,a549+INS_TAF8,a549+INS,TAF8,False,True,2
a549+INS_TSC1,0.05188642,0.01915086,2.709352,0.98376995,0.24840046,0.815021309713855,0.22631198289155943,0.9871939826524387,0.996082034814182,0.9910769877870538,1978,1368,0.21985971927642822,0.1867208629846573,1.1774780750274658,0.5377063751220703,-0.01976284757256508,0.5130769230769231,-0.006153846153846154,0.8306626189410762,0.9305644858318293,0.8926438001752763,18.0,7.0,a549+INS_TSC1,a549+INS,TSC1,False,True,2
a549+INS_TSC2,0.049067028,0.003687368,13.306789,0.9850935,0.1076535,0.8277117918234705,0.14427253808916013,0.9885312353074646,0.999155532554428,0.9893667232970211,1962,1511,,,,,,,,,,,,,a549+INS_TSC2,a549+INS,TSC2,False,True,2
a549+INS_TTF1,0.059151337,0.011761376,5.0292873,0.98203695,0.15426743,0.7651835304549485,0.2145424938451904,0.9859578115355928,0.9975920957017195,0.9883376339725878,2103,1271,0.35086125135421753,0.22858455777168274,1.5349297523498535,0.40235525369644165,0.14164119958877563,0.25,0.07142857142857144,0.8009870573521009,0.9698452470472124,0.825891614967216,5.0,2.0,a549+INS_TTF1,a549+INS,TTF1,False,False,2
a549+INS_TTF2,0.066522546,0.07176589,0.9269382,0.9763854,0.45559412,0.7487758084224765,0.42840923861611374,0.9809441354273828,0.9879000881328547,0.9929588500000858,2362,935,0.33291274309158325,0.5499141812324524,0.6053903698921204,0.22042299807071686,0.05889799818396568,0.18150322708817448,0.11846153846153845,0.8011451902425344,0.918747324811566,0.8719973039451825,20.0,5.0,a549+INS_TTF2,a549+INS,TTF2,False,True,2
a549+INS_XBP1,0.072178416,0.068192005,1.0584586,0.9751367,0.36586756,0.7594026810759519,0.3878318636880176,0.9799399766720345,0.9888416942720605,0.9909978334736592,2275,981,0.2496570348739624,0.35235992074012756,0.708528459072113,0.20853281021118164,0.21510650217533112,0.13217750932323535,0.26,0.814816531242316,0.9103699698473523,0.8950388943287987,20.0,5.0,a549+INS_XBP1,a549+INS,XBP1,False,True,2
a549+INS_ZNF593,0.04783738,0.0040892386,11.698359,0.98529404,0.1618978,0.8228018454747419,0.15271482164832847,0.9886572869807349,0.9990970895814875,0.9895507626740002,1966,1517,,,,,,,,,,,,,a549+INS_ZNF593,a549+INS,ZNF593,False,True,2
a549+TNFA_IKBKB,0.047984,0.067968436,0.70597476,0.9901514,0.654453,0.8516855125035597,0.5528187297373168,0.9917276863110028,0.9884079260947904,1.0033586944505077,2475,983,0.24080173671245575,0.3757131099700928,0.6409191489219666,0.7929905652999878,0.22055532038211823,0.6712858032222047,0.30076923076923073,0.9537250250989581,0.958580245714978,0.9949349878242081,24.0,1.0,a549+TNFA_IKBKB,a549+TNFA,IKBKB,True,False,2
bxpc3+IFNB_SP110,0.008616209,0.0108242035,0.79601324,0.9974999,0.43930727,0.908683091782447,0.2918375207702473,0.9980864300756422,0.9976208395978919,1.0004667008338939,2434,1647,0.07988128066062927,0.22223688662052155,0.3594420552253723,0.949481725692749,0.7900479435920715,0.8215384615384616,0.71,0.9552347478142676,0.8918748011107688,1.0710413015645115,22.0,3.0,bxpc3+IFNB_SP110,bxpc3+IFNB,SP110,True,False,2
bxpc3+IFNG_EHF,0.012304155,0.0062874407,1.9569417,0.9969602,0.22521779,0.9119972393539402,0.2234863572854228,0.997577510263943,0.9985770685295494,0.9989990174047575,2425,1699,0.35899874567985535,0.48152029514312744,0.745552659034729,0.8813983201980591,0.786023736000061,0.9761904761904763,0.8095238095238096,0.9076002196784024,0.8737751659193325,1.0387113929056124,8.0,0.0,bxpc3+IFNG_EHF,bxpc3+IFNG,EHF,True,False,2
bxpc3+IFNG_KLF4,0.027799483,0.04616991,0.6021126,0.9942906,0.64647543,0.8653639659356881,0.48803008816453786,0.9951909294821337,0.9916791422556536,1.0035412534930324,2562,1324,0.10330533981323242,0.169102281332016,0.6109044551849365,0.7056728005409241,0.17945559322834015,0.688036016447136,0.2369230769230769,0.9153550417904186,0.9105900137585734,1.0052329017009278,24.0,1.0,bxpc3+IFNG_KLF4,bxpc3+IFNG,KLF4,True,False,2
bxpc3+IFNG_SP110,0.03398246,0.060776055,0.55914223,0.992019,0.7031702,0.8614862459859458,0.5977583260824316,0.9932604631030089,0.989247952048326,1.0040561226802387,2735,1144,0.1686333864927292,0.3060329556465149,0.551030158996582,0.717458188533783,0.3384770452976227,0.45770980913670695,0.20846153846153848,0.9146391934569332,0.9158692611630864,0.9986569396328564,25.0,0.0,bxpc3+IFNG_SP110,bxpc3+IFNG,SP110,True,False,2
bxpc3+INS_COPS4,0.014720485,0.0125168655,1.176052,0.99546397,0.36469215,0.8446353998594724,0.2921255479947939,0.99648071144294,0.9971273414278263,0.9993515071164728,2648,1628,0.16247980296611786,0.49917879700660706,0.3254941999912262,0.7652871012687683,0.7216391563415527,0.8192307692307693,0.9076923076923077,0.8592818953816426,0.7999276362922692,1.0741995355535974,23.0,2.0,bxpc3+INS_COPS4,bxpc3+INS,COPS4,True,False,2
bxpc3+INS_EIF2B1,0.011469999,0.0047912905,2.3939269,0.9969058,0.12580764,0.9074371396673657,0.11590135423447309,0.9976652792035535,0.9988673496856081,0.9987965664485551,2399,2035,0.23215271532535553,0.2853739857673645,0.8135034441947937,0.25782281160354614,0.5422659516334534,0.521978021978022,0.7362637362637362,0.5920887814114354,0.44511519162551794,1.3301922570855962,11.0,2.0,bxpc3+INS_EIF2B1,bxpc3+INS,EIF2B1,True,False,2
bxpc3+INS_IRS1,0.008621803,0.0057734745,1.4933473,0.99786115,0.35180998,0.9118351837523041,0.16744276470592478,0.9983570483388614,0.9986400156578986,0.9997166473257625,2390,1989,0.15842948853969574,0.3304317891597748,0.47946199774742126,0.888651430606842,0.8420158624649048,0.7812177502579979,0.8121775025799793,0.9012732923220146,0.7257754050908788,1.2418074324372574,16.0,2.0,bxpc3+INS_IRS1,bxpc3+INS,IRS1,True,False,2
bxpc3+TGFB_IKBKB,0.08672409,0.111124,0.78042626,0.97856843,0.41792363,0.7991145829004562,0.39615830162502863,0.9819141931824925,0.9792422437116977,1.002728588853221,2217,993,0.5669264197349548,0.7772367596626282,0.7294127941131592,0.5608981847763062,0.14753088355064392,0.3396831102433787,-0.005384615384615384,0.4480755692451459,0.41136396096394323,1.0892436182187104,21.0,4.0,bxpc3+TGFB_IKBKB,bxpc3+TGFB,IKBKB,True,False,2
bxpc3+TNFA_IKBKB,0.06507664,0.0918786,0.70828944,0.98657465,0.6615623,0.8482616037597671,0.5600615212085626,0.9885072336492573,0.9838689285540616,1.0047143526546898,2744,1053,0.2889717221260071,0.5261116623878479,0.5492593050003052,0.482353538274765,0.7990824580192566,0.29195566496641856,0.6684615384615384,0.7764209507979494,0.7997565665728045,0.9708216015345079,25.0,0.0,bxpc3+TNFA_IKBKB,bxpc3+TNFA,IKBKB,True,False,2
hap1+IFNB_SP110,0.004314774,0.005859123,0.7364198,0.99863327,0.4749481,0.8911079791482295,0.3608293746864217,0.9988918562583076,0.9986699512732625,1.0002222005225672,2371,1481,0.038498662412166595,0.07420352101325989,0.5188252925872803,0.9392485618591309,0.5889637470245361,0.7307692307692306,0.11307692307692309,0.9485418402482615,0.9607369637763747,0.9873064907587423,22.0,3.0,hap1+IFNB_SP110,hap1+IFNB,SP110,True,False,2
hap1+INS_EIF2B1,0.010600217,0.010045725,1.0551968,0.9966445,0.33510828,0.8700481219421878,0.2777680485263075,0.9971547447759299,0.9976691344642048,0.9994844085373543,2333,1590,0.03954905644059181,0.08514369279146194,0.46449777483940125,0.9464588761329651,0.8271896839141846,0.6874520897676935,0.5030769230769231,0.9153101616044557,0.9227873101865285,0.9918972134753766,22.0,3.0,hap1+INS_EIF2B1,hap1+INS,EIF2B1,True,False,2
hap1+INS_FOXO4,0.032733995,0.04513863,0.725188,0.9908439,0.44483185,0.8294933845933323,0.44333887669272076,0.9921991161588902,0.9906590278576771,1.0015546098686887,2653,1251,0.0951024740934372,0.14579759538173676,0.6522911190986633,0.07437174022197723,0.0770963579416275,0.07090021754364631,-0.08384615384615385,0.7196288178693637,0.7731539886210639,0.9307703619984379,22.0,3.0,hap1+INS_FOXO4,hap1+INS,FOXO4,True,False,2
hap1+INS_IKBKB,0.0094970735,0.007597308,1.2500577,0.99687266,0.26616517,0.8685981248003022,0.2924962288943053,0.9975204690470246,0.998224430038877,0.9992947868528674,2429,1503,0.032342579215765,0.05752537399530411,0.5622315406799316,0.9275102019309998,0.1432257890701294,0.6540589292151787,0.03846153846153846,0.9385282522687863,0.9346793446728714,1.0041178909300301,24.0,1.0,hap1+INS_IKBKB,hap1+INS,IKBKB,True,False,2
hap1+INS_IRS1,0.008430201,0.0045408416,1.8565283,0.99726295,0.17601192,0.892591311644637,0.16275823536402292,0.9978657093126714,0.99884163199284,0.9990229455311934,2240,1808,0.06622055172920227,0.0819280594587326,0.8082768321037292,0.9293736815452576,0.44890162348747253,0.7010989010989012,0.24395604395604395,0.9125031488707283,0.8751487615873463,1.0426834715684548,9.0,5.0,hap1+INS_IRS1,hap1+INS,IRS1,True,False,2
hap1+INS_TAF3,0.012533101,0.021461831,0.5839717,0.99580073,0.57567704,0.8087227637239898,0.5561611585400248,0.996623948230792,0.9953111867795579,1.0013189457414637,2890,1017,0.01728803850710392,0.06903467327356339,0.25042542815208435,0.4502817392349243,0.3799726366996765,0.4217763220127849,0.3992307692307692,0.8375061000294375,0.8318364211085028,1.0068158579945072,24.0,1.0,hap1+INS_TAF3,hap1+INS,TAF3,True,False,2
hap1+TGFB_IKBKB,0.015033197,0.025493875,0.58967876,0.99566424,0.57519454,0.8636046807920597,0.493293344237251,0.9963839196629455,0.9947599692050182,1.001632504833528,2482,1081,0.13626417517662048,0.20892851054668427,0.6522048115730286,0.8074658513069153,0.1595783680677414,0.8244138945976336,0.27076923076923076,0.9238349015550933,0.9310260070548908,0.992276149704405,19.0,6.0,hap1+TGFB_IKBKB,hap1+TGFB,IKBKB,True,False,2
hap1+TNFA_IKBKB,0.02304329,0.040454026,0.56961673,0.99380624,0.6376524,0.8399012512216903,0.5522944632216473,0.9946904430415117,0.9920070371922061,1.0027050270297484,2579,1029,0.19412106275558472,0.314701110124588,0.6168426275253296,0.9599002003669739,0.05665979161858559,0.7548595515178309,0.29923076923076924,0.9125670916790527,0.8661522079047462,1.053587444967191,23.0,2.0,hap1+TNFA_IKBKB,hap1+TNFA,IKBKB,True,False,2
ht29+IFNB_SP110,0.007242898,0.005401315,1.3409508,0.9977261,0.1646936,0.8617856525139507,0.17060715445148084,0.9982025436021301,0.9987020254801049,0.9994998689646848,2055,1568,0.04339232295751572,0.07530877739191055,0.5761920809745789,0.9491316676139832,0.6754823327064514,0.7746153846153846,0.1392307692307692,0.9305820738038331,0.9630553997909351,0.9662809366998497,19.0,6.0,ht29+IFNB_SP110,ht29+IFNB,SP110,True,False,2
ht29+IFNG_SP110,0.029205542,0.030517329,0.95701504,0.9942492,0.24500807,0.8437048198708795,0.12252117769391213,0.9948921887339244,0.9943121245389142,1.0005833824014558,1795,1792,0.11610769480466843,0.13170494139194489,0.8815743327140808,0.48162397742271423,0.08379323035478592,0.5661538461538461,0.030769230769230767,0.9053747222550518,0.9228452292479655,0.9810688656784295,17.0,8.0,ht29+IFNG_SP110,ht29+IFNG,SP110,True,False,2
ht29+INS_EIF2B1,0.007121012,0.0019865725,3.5845718,0.99776244,0.17677665,0.876810826746822,0.1494557131027601,0.998194299781086,0.9994879084980552,0.9987057284975931,2281,1947,0.014216660521924496,0.01917410083115101,0.7414512038230896,0.794400155544281,0.5526112914085388,0.6089301265467475,0.03461538461538462,0.7654446120148739,0.6461405046740555,1.184641121362607,16.0,9.0,ht29+INS_EIF2B1,ht29+INS,EIF2B1,True,False,2
ht29+INS_IKBKB,0.0071880408,0.003285418,2.187862,0.9976632,0.11655816,0.8619879041011315,0.09067706521247917,0.9981362496298549,0.999204832615965,0.998930566635359,2212,1981,0.01817084476351738,0.0200421791523695,0.9066302180290222,0.6853135228157043,0.1357327252626419,0.5956021313829554,0.1776923076923077,0.8907393030369897,0.9185707773718809,0.9697013283891747,15.0,10.0,ht29+INS_IKBKB,ht29+INS,IKBKB,True,False,2
ht29+INS_IRS1,0.005992482,0.0024726163,2.423539,0.99814165,0.30551392,0.8870851785438022,0.19764161718766404,0.9985073334940278,0.9993563846312798,0.9991504020484491,2368,1912,0.019351407885551453,0.030458321794867516,0.6353405714035034,0.8967234492301941,0.7861855626106262,0.7545189279550685,0.5804511278195488,0.8542364711692914,0.7386911964283092,1.156418914019366,14.0,6.0,ht29+INS_IRS1,ht29+INS,IRS1,True,False,2
ht29+INS_TAF3,0.006393796,0.0019714648,3.24317,0.9979838,0.22496518,0.8360611008882322,0.17388808815653523,0.9983683962838565,0.9994877288344997,0.9988800937536788,2425,1870,0.001140796928666532,0.003095108550041914,0.36858057975769043,0.3979012072086334,0.47601059079170227,0.25,0.11666666666666665,0.6513866920943188,0.9750996601183318,0.668020632901534,8.0,1.0,ht29+INS_TAF3,ht29+INS,TAF3,True,False,2
ht29+INS_TTF1,0.0083577335,0.003554013,2.3516328,0.99760336,0.33985248,0.8008219679224672,0.3015628213145109,0.9980818529495245,0.9991198111549373,0.9989611273905048,2659,1535,0.009464025497436523,0.02132512629032135,0.44379693269729614,0.4268243908882141,0.4132689833641052,0.41501462918031484,0.22384615384615386,0.7496260858878108,0.9332574290445745,0.8032361303089149,23.0,2.0,ht29+INS_TTF1,ht29+INS,TTF1,True,False,2
ht29+TGFB_IKBKB,0.017303286,0.023096396,0.7491769,0.9954933,0.44149268,0.8535584913264573,0.3952489437726276,0.9961724758713822,0.9951763070289352,1.0010009973463105,2338,1213,0.09588578343391418,0.1487562209367752,0.6445833444595337,0.6109490990638733,0.18036970496177673,0.47630146216769365,0.15000000000000002,0.8935214392818295,0.9183265961941091,0.9729887416796144,23.0,2.0,ht29+TGFB_IKBKB,ht29+TGFB,IKBKB,True,False,2
ht29+TNFA_IKBKB,0.012672721,0.0144249145,0.8785301,0.9967186,0.2974636,0.8603001315333297,0.272182016957413,0.9972254651405591,0.9969408547607537,1.000285483715956,2391,1518,0.05517646670341492,0.06058160215616226,0.9107792377471924,0.6620904803276062,-0.29523512721061707,0.519530584924638,-0.2530769230769231,0.9373815198054186,0.9500387585480893,0.9866771343497456,18.0,7.0,ht29+TNFA_IKBKB,ht29+TNFA,IKBKB,True,False,2
k562+IFNG_EHF,0.011847975,0.021277808,0.5568231,0.9954495,0.60658133,0.8640508493531707,0.45973289150786767,0.9962940090754963,0.9943868847305962,1.0019178896807521,2296,1078,0.23763436079025269,0.5859698057174683,0.4055402874946594,0.9725608229637146,0.7338285446166992,0.9207692307692308,0.7530769230769231,0.9703772992015842,0.9504380173067826,1.0209790449579266,24.0,1.0,k562+IFNG_EHF,k562+IFNG,EHF,True,False,2
k562+INS_COPS4,0.013246329,0.021565787,0.61422884,0.9949346,0.6000106,0.8407189736190431,0.558176617211573,0.9959674232346447,0.9946124063625739,1.0013623566963399,2891,1007,0.06788165867328644,0.2589329183101654,0.2621592581272125,0.933315634727478,0.8136151432991028,0.528868516988136,0.6130769230769231,0.9373693879209658,0.8868029256222746,1.057021081953703,25.0,0.0,k562+INS_COPS4,k562+INS,COPS4,True,False,2
k562+INS_FOXO4,0.023328122,0.029470462,0.7915764,0.9920745,0.38779283,0.8588312120636398,0.3277796424866683,0.9934048686839587,0.9923243634485696,1.0010888629516603,2488,1407,0.1847585141658783,0.4211936593055725,0.4386545419692993,-0.14397430419921875,0.6873607039451599,0.4373918142075389,0.6638461538461539,0.4314902099663209,0.4362153836082078,0.9891677968740992,21.0,4.0,k562+INS_FOXO4,k562+INS,FOXO4,True,False,2
k562+INS_IRS1,0.008441273,0.0031025158,2.7207832,0.9971807,0.33823383,0.9065051117899741,0.2604591670899554,0.9978120553370862,0.9990916747662153,0.9987192172035378,2503,1698,0.08566949516534805,0.13357649743556976,0.641351580619812,0.3927178978919983,0.8380160331726074,0.2571428571428572,0.6571428571428573,0.8655365643594135,0.6611728500296792,1.309092719582422,5.0,1.0,k562+INS_IRS1,k562+INS,IRS1,True,False,2
k562+INS_TTF1,0.016020827,0.011423546,1.4024391,0.99490786,0.4626867,0.818181779982591,0.4540755690901357,0.9958964088235683,0.9970483272523271,0.9988446714193552,2733,1176,0.06251528859138489,0.21849679946899414,0.2861153483390808,0.880211591720581,0.6978263854980469,0.7543758554626068,0.586923076923077,0.9421895868433263,0.9727148959066465,0.9686184418561122,22.0,3.0,k562+INS_TTF1,k562+INS,TTF1,True,False,2
mcf7+INS_CHUK,0.03096001,0.009292554,3.3317008,0.9892411,0.14038087,0.8097554105710897,0.14611180504468227,0.9914543862956823,0.9975691445690942,0.9938703414127216,2165,1677,0.14347921311855316,0.274613618850708,0.5224766731262207,0.6162227392196655,0.617956817150116,0.6946153846153846,0.6261538461538462,0.7968890277162951,0.8312100242925812,0.9587095973662063,21.0,4.0,mcf7+INS_CHUK,mcf7+INS,CHUK,False,True,2
mcf7+INS_COPS4,0.026668988,0.005090682,5.2387853,0.99088395,0.3877311,0.7836140534246971,0.2801878952078561,0.9927043724923191,0.9986657850760955,0.9940306229843229,2351,1527,0.03266214579343796,0.11248290538787842,0.2903743088245392,0.641531765460968,0.8118013739585876,0.7812177502579979,0.5954592363261093,0.8143561224366397,0.9634002704753489,0.8452936410686601,16.0,2.0,mcf7+INS_COPS4,mcf7+INS,COPS4,False,False,2
mcf7+INS_DR1,0.033713117,0.014215874,2.3715122,0.9887799,0.2200623,0.8108403952021308,0.1781084093214664,0.9910617386908581,0.9963003000841949,0.9947419855309748,2155,1635,0.19656714797019958,0.5097771286964417,0.38559427857398987,0.8872407674789429,0.6112611889839172,0.8846153846153847,0.7707692307692308,0.9293700452079502,0.909262497574141,1.0221141284144621,23.0,2.0,mcf7+INS_DR1,mcf7+INS,DR1,False,True,2
mcf7+INS_EIF2B1,0.031311262,0.004644157,6.742077,0.9902707,0.20677266,0.849281587990893,0.16303428668429576,0.9923373508603514,0.9987543164401386,0.9935750309418845,2192,1762,0.11135115474462509,0.3868318796157837,0.2878541350364685,0.4836457669734955,0.7908326983451843,0.3714285714285715,0.8285714285714287,0.8240612481565174,0.7199121324889199,1.1446692047090905,5.0,1.0,mcf7+INS_EIF2B1,mcf7+INS,EIF2B1,False,False,2
mcf7+INS_ELK1,0.03269041,0.0036148545,9.043354,0.9898337,0.031994842,0.8493937390197286,0.08021548678385346,0.9920083875586364,0.9990315281098109,0.992970051140966,2107,1877,0.028158003464341164,0.18171976506710052,0.15495289862155914,-0.5475809574127197,0.9252816438674927,-0.5,1.0,0.8088638296056849,0.9109973699119344,0.8878882160591499,2.0,1.0,mcf7+INS_ELK1,mcf7+INS,ELK1,False,True,2
mcf7+INS_FOS,0.034289856,0.009004515,3.8080738,0.9889989,0.11227462,0.832070141649757,0.10527784895871947,0.9912627264700713,0.9976340873211222,0.9936135293169869,2067,1775,0.028127800673246384,0.11221190541982651,0.2506668269634247,0.8357307314872742,0.909862220287323,0.6176923076923077,0.48923076923076925,0.85916571315126,0.9489511765748836,0.9053845280558136,21.0,4.0,mcf7+INS_FOS,mcf7+INS,FOS,False,True,2
mcf7+INS_FOXM1,0.03218817,0.00973556,3.3062475,0.9893973,0.14930055,0.8293172066702069,0.1293697154370836,0.9915876558239163,0.9974696461541429,0.9941030883968196,2126,1735,0.0551690012216568,0.20976099371910095,0.26300886273384094,0.7625093460083008,0.8255881071090698,0.8953846153846154,0.6707692307692308,0.868111733255199,0.9521136472969262,0.9117732276181413,22.0,3.0,mcf7+INS_FOXM1,mcf7+INS,FOXM1,False,True,2
mcf7+INS_FOXO1,0.026533099,0.0030325844,8.749335,0.9915842,0.2592202,0.8417836401886605,0.1617776953431598,0.9933825973976212,0.9991876317600581,0.9941902459779137,2238,1771,0.054965440183877945,0.7263824343681335,0.07567011564970016,0.9997265934944153,0.61836177110672,1.0,0.5,0.9998356828175021,0.9784315082096126,1.0218760070871553,3.0,0.0,mcf7+INS_FOXO1,mcf7+INS,FOXO1,False,True,2
mcf7+INS_FOXO3,0.028136877,0.0043308763,6.4968095,0.9910619,0.21000007,0.8412059087193879,0.14085269443513235,0.9929481837969509,0.9988558865731867,0.9940855303996821,2167,1756,0.04424488916993141,0.17323926091194153,0.25539758801460266,0.8386067748069763,0.8446800112724304,0.8000000000000002,0.5818181818181819,0.9214157487587795,0.9329745594081276,0.987610797601297,9.0,2.0,mcf7+INS_FOXO3,mcf7+INS,FOXO3,False,True,2
mcf7+INS_FOXO4,0.030718783,0.00961766,3.1939976,0.9894827,0.18305798,0.820779149064225,0.16811749499608833,0.9916249486243331,0.9975424222008858,0.9940679479440113,2207,1626,0.08258049190044403,0.17294447124004364,0.4774971604347229,0.6296077966690063,0.7049056887626648,0.5184615384615384,0.6338461538461537,0.8100529073940816,0.9614118481672286,0.8425659710126441,20.0,5.0,mcf7+INS_FOXO4,mcf7+INS,FOXO4,False,False,2
mcf7+INS_GRB2,0.031119803,0.008460067,3.6784344,0.9900719,0.1820005,0.8424900912272854,0.1354187702799229,0.992198936466414,0.9977285706051483,0.9944577770932425,2239,1788,0.1378248929977417,0.34067317843437195,0.40456631779670715,0.8971633315086365,0.7351271510124207,0.8137254901960784,0.6838235294117648,0.9224680153063604,0.9169641252803764,1.0060022959178485,14.0,3.0,mcf7+INS_GRB2,mcf7+INS,GRB2,False,True,2
mcf7+INS_GRB10,0.029138992,0.0043374603,6.7179847,0.99063706,0.1408173,0.8446386104729202,0.08994661373335895,0.9926357263842917,0.9988374497831868,0.9937910583946954,2090,1840,0.11128527671098709,0.4225151538848877,0.26338765025138855,0.9824302792549133,0.6420981884002686,0.8928571428571429,0.8214285714285715,0.9886476055586523,0.9852893535036745,1.0034083917004033,7.0,0.0,mcf7+INS_GRB10,mcf7+INS,GRB10,False,True,2
mcf7+INS_HSF1,0.02723494,0.0041386606,6.580617,0.9914426,0.2592178,0.8408722365381267,0.18541192649772822,0.9932670292446479,0.9988934028765665,0.9943673933417561,2261,1749,0.08931639790534973,0.5078027248382568,0.17588798701763153,0.9628934264183044,0.8083036541938782,0.6190476190476191,0.880952380952381,0.9761530048527425,0.9523579046331234,1.0249854598821078,7.0,1.0,mcf7+INS_HSF1,mcf7+INS,HSF1,False,True,2
mcf7+INS_IGF2,0.028358674,0.0031826538,8.910386,0.99074155,0.119271114,0.8457695863184879,0.12488587082197056,0.9927244384301519,0.9991461630732726,0.9935727875655668,2312,1800,0.1179123967885971,0.2559111714363098,0.4607551693916321,0.5565801858901978,0.8577798008918762,0.7,0.9999999999999999,0.8920772356271589,0.7595723560495461,1.1744466850620479,4.0,1.0,mcf7+INS_IGF2,mcf7+INS,IGF2,False,True,2
mcf7+INS_IKBKB,0.04007823,0.01753133,2.2860918,0.98751193,0.12703641,0.8230167419990204,0.10193237652204924,0.9899033589486608,0.9957428872679003,0.9941355058681244,1991,1755,0.25769785046577454,0.5392922163009644,0.47784456610679626,0.631537675857544,0.5015901923179626,0.5415384615384615,0.6776923076923077,0.8260408362694326,0.8564485974466233,0.9644955210763997,20.0,5.0,mcf7+INS_IKBKB,mcf7+INS,IKBKB,False,False,2
mcf7+INS_INSR,0.027758198,0.0032295196,8.595148,0.9913946,0.22122681,0.8416795864762179,0.14456808073687813,0.9932293077312397,0.9991372184248772,0.9940869876682692,2244,1778,0.03714337199926376,0.3532293140888214,0.10515370965003967,0.8282784223556519,0.9536145329475403,0.7999999999999999,1.0,0.9503975560573655,0.9917996465177932,0.9582555906268062,4.0,0.0,mcf7+INS_INSR,mcf7+INS,INSR,False,True,2
mcf7+INS_IRS1,0.03312713,0.0033251327,9.962649,0.99022424,0.07830861,0.8563173673561145,0.10161918006241863,0.9923076254753599,0.9991077061140532,0.9931938462719483,2298,1886,0.11835332959890366,0.21520213782787323,0.5499635338783264,-0.6605205535888672,0.7233038544654846,-0.49999999999999994,0.6,0.675366489523093,0.5714177541425717,1.1819137305884015,4.0,1.0,mcf7+INS_IRS1,mcf7+INS,IRS1,False,False,2
mcf7+INS_IRS2,0.031809922,0.0030483366,10.435174,0.9900898,0.03699412,0.8457496726889614,0.08650453014285307,0.9922185982582524,0.9991827425538584,0.9930301595503881,2251,1860,0.015289895236492157,0.2770856022834778,0.055181123316287994,0.9969708919525146,0.9962645769119263,1.0,1.0,0.9852420716363102,0.9970596448280821,0.9881475764734119,3.0,0.0,mcf7+INS_IRS2,mcf7+INS,IRS2,False,True,2
mcf7+INS_IRS4,0.032648597,0.009274291,3.5203335,0.98961806,0.14362036,0.8366518642226493,0.09115628451849644,0.991706471116712,0.9976078141660127,0.9940845059897268,2011,1808,0.16356056928634644,0.2500154674053192,0.6542018055915833,0.8825096487998962,0.5272535085678101,0.7515384615384615,0.6369230769230769,0.9332387697594656,0.9757303361985773,0.9564515267561959,20.0,5.0,mcf7+INS_IRS4,mcf7+INS,IRS4,False,True,2
mcf7+INS_MAPK1,0.03720384,0.015922854,2.336506,0.9882579,0.16183215,0.8278842863944522,0.1399273958506023,0.9905465889180872,0.9959819562728882,0.9945427049952381,2050,1732,0.34625399112701416,0.5797335505485535,0.5972639918327332,0.8714753985404968,0.2064475417137146,0.8761538461538461,0.4715384615384615,0.913989012892473,0.9148959569933954,0.9990086915413826,22.0,3.0,mcf7+INS_MAPK1,mcf7+INS,MAPK1,False,True,2
mcf7+INS_MAPK3,0.033536296,0.0066909166,5.0122128,0.9892459,0.06448249,0.8415107522418902,0.06837126542814058,0.9915217528424205,0.9982242278369207,0.9932856017640206,2067,1905,0.17797806859016418,0.2934975028038025,0.6064040064811707,0.9056815505027771,0.5769417881965637,0.7626373626373627,0.6439560439560439,0.9304556654915899,0.9628339099369941,0.9663719317410383,11.0,3.0,mcf7+INS_MAPK3,mcf7+INS,MAPK3,False,True,2
mcf7+INS_MTOR,0.030997705,0.003880227,7.9886317,0.9895965,0.24133182,0.7763327568853112,0.19346117638365726,0.9916295129677849,0.9989693538178408,0.9926525865663399,2252,1642,0.1144740954041481,0.17493820190429688,0.6543687582015991,0.18324396014213562,0.8317462205886841,0.7380952380952381,0.8333333333333335,0.5407217335153514,0.987211155529651,0.5477265228280848,7.0,1.0,mcf7+INS_MTOR,mcf7+INS,MTOR,False,True,2
mcf7+INS_PIK3CA,0.031098865,0.0045540077,6.8289003,0.9897987,0.11271658,0.8283606067969498,0.12485864710930052,0.9919478584987511,0.9987857181369703,0.9931538271782923,2239,1761,0.06553007662296295,0.17710019648075104,0.3700169622898102,-0.08220937848091125,0.7972620129585266,0.09999999999999999,0.8999999999999998,0.7230893697536216,0.9924528908736094,0.7285881036802867,4.0,1.0,mcf7+INS_PIK3CA,mcf7+INS,PIK3CA,False,True,2
mcf7+INS_POLR2G,0.08453847,0.13799411,0.61262375,0.972388,0.53040266,0.7167532639595698,0.48900824371266643,0.9767623833142096,0.9732410883046415,1.003618111742181,2650,977,0.4351520240306854,0.992024838924408,0.43865033984184265,0.6047216057777405,0.5476500988006592,0.6360268434037556,0.44076923076923075,0.6250062483450294,0.6958307552568637,0.8982159003798421,23.0,2.0,mcf7+INS_POLR2G,mcf7+INS,POLR2G,False,True,2
mcf7+INS_POLR2L,0.13017844,0.15970144,0.8151363,0.9665333,0.35192227,0.7538719374175364,0.3456730790256892,0.9711735252344829,0.9697303423577799,1.0014882311232978,2366,1127,0.2541036605834961,0.4912729561328888,0.5172351598739624,,0.38883259892463684,,0.2746153846153846,,,,22.0,3.0,mcf7+INS_POLR2L,mcf7+INS,POLR2L,False,True,2
mcf7+INS_PTEN,0.029981693,0.0054075723,5.5443907,0.9907004,0.17065229,0.8430850243713378,0.11618629916221744,0.9926537302237619,0.9985733860079375,0.9940718870869961,2132,1785,0.09708798676729202,0.42260295152664185,0.22973807156085968,0.9699549674987793,0.7466864585876465,0.8578431372549021,0.8014705882352942,0.9806749244649472,0.9786579497767222,1.0020609597956929,14.0,3.0,mcf7+INS_PTEN,mcf7+INS,PTEN,False,True,2
mcf7+INS_RAD51,0.040969197,0.048950467,0.8369521,0.98714364,0.4582677,0.7407585173882802,0.3355187492323366,0.989573623106495,0.9904919805031203,0.9990728270246481,2451,1297,0.30335941910743713,1.094792127609253,0.27709317207336426,0.9744866490364075,0.6828002333641052,0.8638461538461538,0.6830769230769231,0.9825658927232598,0.9665346837085652,1.016586273917438,25.0,0.0,mcf7+INS_RAD51,mcf7+INS,RAD51,False,True,2
mcf7+INS_RPS6KB1,0.030676838,0.0031680015,9.683341,0.99029803,0.09615536,0.8459574969789445,0.13386923532703018,0.992384896268806,0.9991507372888808,0.9932284081194461,2236,1800,0.10859212279319763,0.1417188048362732,0.7662506103515625,-0.6864234209060669,0.8283730745315552,-0.6000000000000001,0.19999999999999998,0.7718212691864149,0.6228145822906637,1.2392472673772605,2.0,2.0,mcf7+INS_RPS6KB1,mcf7+INS,RPS6KB1,False,True,2
mcf7+INS_SGK1,0.028592255,0.0054888767,5.209127,0.9910899,0.24452211,0.8398989179686351,0.15400613377706562,0.9929681419244238,0.9985336301667928,0.9944263387088532,2157,1782,0.03788962587714195,0.23008261620998383,0.16467835009098053,0.9463470578193665,0.8594728708267212,0.782142857142857,0.7071428571428571,0.9594335675732885,0.9639571413170125,0.9953072874821554,12.0,3.0,mcf7+INS_SGK1,mcf7+INS,SGK1,False,True,2
mcf7+INS_SHC1,0.03160837,0.0055227433,5.7233095,0.9899978,0.10982551,0.8430882385243096,0.10970907858759207,0.9920787603413076,0.9985488388310428,0.9935205187386633,2124,1770,0.01706704869866371,0.09595984220504761,0.17785616219043732,0.7905080318450928,0.8756053447723389,0.786764705882353,0.6691176470588236,0.9205375737243161,0.9800372882067308,0.9392883156606346,15.0,2.0,mcf7+INS_SHC1,mcf7+INS,SHC1,False,True,2
mcf7+INS_SMARCE1,0.0414271,0.044488426,0.9311882,0.9845884,0.5690229,0.649839176630061,0.49112499579788393,0.9870423878385275,0.9902883037481869,0.9967222515934261,2723,1004,0.2842344045639038,0.5839396715164185,0.48675301671028137,0.8540188074111938,0.6020051836967468,0.761116810658147,0.5007692307692309,0.89031151073592,0.878275081988602,1.0137046228387407,21.0,4.0,mcf7+INS_SMARCE1,mcf7+INS,SMARCE1,False,True,2
mcf7+INS_SP1,0.03130748,0.0048185163,6.4973283,0.9895139,0.05921358,0.8274578698164774,0.09845052472951077,0.9917119800290798,0.9987078973826742,0.9929950315082832,2221,1850,0.3032045066356659,0.358842134475708,0.8449523448944092,0.22696557641029358,0.5859079360961914,0.12087912087912088,0.410989010989011,0.641964656301448,0.7062433641378199,0.9089850452402577,7.0,7.0,mcf7+INS_SP1,mcf7+INS,SP1,False,True,2
mcf7+INS_SREBF1,0.028476465,0.0026698154,10.66608,0.9910356,0.1566467,0.8468093081933635,0.12391072234891175,0.9929559344946612,0.9992849619912075,0.9936664437700184,2267,1815,0.15919794142246246,0.3053792417049408,0.5213122367858887,-0.7490229606628418,0.8477115631103516,-0.8999999999999998,0.9999999999999999,0.6072700391556917,0.6105881695656161,0.9945656817879635,4.0,1.0,mcf7+INS_SREBF1,mcf7+INS,SREBF1,False,True,2
mcf7+INS_SREBF2,0.02998896,0.002921444,10.265116,0.9902217,0.035345875,0.8428998064401877,0.08486193012996303,0.9923122962553301,0.9992162683411083,0.9930906128087365,2258,1848,0.007977855391800404,0.3175927698612213,0.025119764730334282,,,,,,,,1.0,0.0,mcf7+INS_SREBF2,mcf7+INS,SREBF2,False,True,2
mcf7+INS_SRF,0.025911048,0.0051735835,5.0083365,0.99131584,0.29286814,0.8264464350825728,0.21728960721384039,0.9931289007303524,0.9986378512012972,0.9944835352832683,2247,1617,0.07515094429254532,0.1759263575077057,0.4271727502346039,0.8046449422836304,0.7950543165206909,0.8060606060606059,0.9151515151515152,0.8805565347268294,0.7988582162918239,1.1022688591903536,9.0,1.0,mcf7+INS_SRF,mcf7+INS,SRF,False,True,2
mcf7+INS_TAF3,0.029257948,0.00348162,8.403544,0.9901525,0.16572015,0.7953833559445959,0.14590413059525495,0.9921104798390058,0.9990670465897654,0.9930369370359023,2289,1816,0.04847707599401474,0.695993185043335,0.06965165585279465,0.9935880303382874,0.4676589369773865,0.7999999999999999,0.39999999999999997,0.9915072419748904,0.9767582296740133,1.0150999621531722,4.0,0.0,mcf7+INS_TAF3,mcf7+INS,TAF3,False,False,2
mcf7+INS_TAF7,0.030686634,0.003725488,8.236943,0.9900244,0.05094447,0.8410177330581572,0.12383377070292086,0.9921586220259045,0.9990005965320171,0.9931511807601876,2228,1818,0.011968153528869152,0.13974907994270325,0.0856403037905693,1.0,1.0,0.9999999999999999,0.9999999999999999,0.9169609727166703,0.9894788301633733,0.9267110571383023,2.0,0.0,mcf7+INS_TAF7,mcf7+INS,TAF7,False,True,2
mcf7+INS_TAF8,0.029969556,0.007968656,3.76093,0.98970765,0.22132877,0.7857275019207485,0.23136814065966482,0.9917560672602855,0.9979130699604649,0.993830121194401,2286,1560,0.127765491604805,0.14123059809207916,0.9046587347984314,0.416454553604126,0.21036481857299805,0.6553846153846155,0.3707692307692308,0.6172303756321289,0.6884223221860122,0.8965868126881464,17.0,8.0,mcf7+INS_TAF8,mcf7+INS,TAF8,False,True,2
mcf7+INS_TSC1,0.036914725,0.014649628,2.5198405,0.9889066,0.17736912,0.8192035433013986,0.12228619820465812,0.991090735617973,0.9964116388612226,0.9946599346738555,1997,1777,0.20712898671627045,0.3409608006477356,0.6074861884117126,0.9164243340492249,0.49514204263687134,0.5631852383463826,0.5415384615384615,0.9314266831751747,0.9544850362257737,0.975842101054013,20.0,5.0,mcf7+INS_TSC1,mcf7+INS,TSC1,False,True,2
mcf7+INS_TSC2,0.030831214,0.0036401236,8.469826,0.99026525,0.10114029,0.8412211695993513,0.1354706328253302,0.9923321153737178,0.9990288217224494,0.9932967836331431,2177,1753,0.013380555436015129,0.16499672830104828,0.08109588176012039,0.6436089277267456,0.9336354732513428,0.7142857142857144,0.8214285714285715,0.8701033439173772,0.991434337435016,0.8776207470970396,7.0,0.0,mcf7+INS_TSC2,mcf7+INS,TSC2,False,True,2
mcf7+INS_TTF1,0.034135405,0.0052827294,6.4616985,0.9884921,0.04594998,0.7720616476513396,0.08142897898585341,0.9907344599506486,0.9985863091441572,0.9921370350047778,2165,1800,0.08167693018913269,0.22304360568523407,0.36619266867637634,0.9057333469390869,0.7080981731414795,0.48571428571428577,0.6,0.9391177599348982,0.9548594661307426,0.9835141120194028,4.0,2.0,mcf7+INS_TTF1,mcf7+INS,TTF1,False,False,2
mcf7+INS_TTF2,0.037144374,0.007562765,4.911481,0.9878065,0.21142553,0.7212718000699194,0.16851419308059043,0.990009868311054,0.99802575877343,0.9919682529314399,2237,1580,0.07361140847206116,0.21567483246326447,0.3413073718547821,0.8109939694404602,0.5980039238929749,0.7784615384615384,0.6192307692307693,0.8733109979338315,0.8872701268297095,0.9842673291100703,22.0,3.0,mcf7+INS_TTF2,mcf7+INS,TTF2,False,True,2
mcf7+INS_XBP1,0.032275204,0.01543024,2.091685,0.9887853,0.3352567,0.7468310610049861,0.20292824911459073,0.990940951057848,0.9959859307783847,0.994934687765525,2259,1538,0.1458347886800766,0.899369478225708,0.1621522605419159,0.9166644215583801,0.5985538363456726,0.8807692307692306,0.6953846153846154,0.9646968342021823,0.9653634633973109,0.9993094526358159,23.0,2.0,mcf7+INS_XBP1,mcf7+INS,XBP1,False,True,2
mcf7+INS_ZNF593,0.030690014,0.0032978242,9.30614,0.9900964,0.061695218,0.8469467365155962,0.09309120609473423,0.9922043310279709,0.9991163450169872,0.9930818727733868,2188,1843,0.007656789850443602,0.44318145513534546,0.01727687381207943,-1.0,1.0,-0.9999999999999999,0.9999999999999999,0.9417971303982007,0.9967377179749382,0.9448795941139263,2.0,0.0,mcf7+INS_ZNF593,mcf7+INS,ZNF593,False,True,2
mcf7+TNFA_IKBKB,0.017921604,0.030002074,0.59734553,0.9943845,0.6106759,0.8557889354613522,0.5689705628306693,0.9953637820246873,0.9934403867607039,1.0019360953003482,2738,1030,0.1661946177482605,0.2694258987903595,0.6168472170829773,0.8378859162330627,0.5308741927146912,0.47883001101400374,0.5015384615384615,0.9103491751195651,0.9088740889128633,1.0016229819121218,23.0,2.0,mcf7+TNFA_IKBKB,mcf7+TNFA,IKBKB,True,False,2
a549+IFNB_FOS,0.0050244643,0.009269104,0.5420658,0.9985426,0.64350975,0.8795530864761982,0.545723391280082,0.9988771783342381,0.9981178087704146,1.0007608015378053,2486,911,,,,,,,,,,,,,a549+IFNB_FOS,a549+IFNB,FOS,True,False,3
a549+IFNB_ID2,0.024229074,0.0068749893,3.5242345,0.9966352,0.51293314,0.7604772909310074,0.41222591787514024,0.9970065348789491,0.9985343574086972,0.998469934941735,2325,1090,,,,,,,,,,,,,a549+IFNB_ID2,a549+IFNB,ID2,True,False,3
a549+IFNB_STAT1,0.006432146,0.007620528,0.8440552,0.9980488,0.56366456,0.8735383435454687,0.4659299938320966,0.9985009672833653,0.9983595460694652,1.0001416535900889,2340,1073,,,,,,,,,,,,,a549+IFNB_STAT1,a549+IFNB,STAT1,True,False,3
a549+IFNG_ATF3,0.0050945934,0.0060365554,0.843957,0.99848706,0.56602854,0.8833205894976915,0.4605284997758812,0.9988323733448614,0.9986703950654469,1.0001621939332686,2289,1010,,,,,,,,,,,,,a549+IFNG_ATF3,a549+IFNG,ATF3,True,False,3
a549+IFNG_RFX5,0.0075850557,0.019467358,0.38962945,0.99763656,0.7259011,0.8588051787801294,0.6322149698654214,0.9981526638474267,0.996387253031501,1.0017718119240833,2482,702,0.18507519364356995,0.41695505380630493,0.44387325644493103,0.9774753451347351,0.3239895701408386,0.8137254901960784,0.4730392156862746,0.9874593497116857,0.9734345081572474,1.0144075861672377,17.0,0.0,a549+IFNG_RFX5,a549+IFNG,RFX5,True,False,3
a549+INS_FOS,0.003837463,0.004073682,0.94201344,0.9988501,0.48882324,0.8817448456280076,0.3750967224906479,0.9991081763809734,0.999102162765533,1.0000060190195403,2231,1236,,,,,,,,,,,,,a549+INS_FOS,a549+INS,FOS,True,False,3
a549+INS_TAF7,0.0060183792,0.0027971875,2.1515822,0.9987043,0.4046931,0.8777606469875594,0.353119184329617,0.998948538976819,0.9993557800827264,0.9995924963721392,2296,1231,,,,,,,,,,,,,a549+INS_TAF7,a549+INS,TAF7,True,False,3
a549+TGFB_RHOA,0.012858283,0.021739487,0.5914713,0.9965402,0.6556869,0.867092395686356,0.5413457181603534,0.9970656674672825,0.99566318683654,1.0014085894198805,2512,955,0.18082858622074127,0.26014670729637146,0.695102334022522,0.9489038586616516,-0.007807563990354538,0.8140027078831595,0.32076923076923075,0.9688471813480911,0.9546565039490656,1.014864694620865,24.0,1.0,a549+TGFB_RHOA,a549+TGFB,RHOA,True,False,3
a549+TGFB_TGFBR2,0.02902704,0.032741755,0.886545,0.9913422,0.36273134,0.8862346667425818,0.3612290199991972,0.9933479885219185,0.9923951361311224,1.0009601542330315,2253,1315,1.2246750593185425,1.2316672801971436,0.9943229556083679,0.8526896238327026,0.5879420042037964,0.943076923076923,0.5938461538461539,0.9376870117779332,0.9203371992973628,1.018851582326365,17.0,8.0,a549+TGFB_TGFBR2,a549+TGFB,TGFBR2,True,False,3
bxpc3+IFNB_FOS,0.018341111,0.022416279,0.818205,0.9961117,0.4375673,0.8942681814772718,0.2881390173055697,0.9967441190577792,0.9956516114713105,1.0010972789818058,2352,1644,0.076080322265625,0.1749199628829956,0.43494361639022827,0.6743467450141907,0.9141789674758911,0.7532217873512412,0.5092307692307693,0.9244063605086058,0.853373876287103,1.0832372377398685,23.0,2.0,bxpc3+IFNB_FOS,bxpc3+IFNB,FOS,True,False,3
bxpc3+IFNB_ID2,0.080268905,0.004580922,17.522434,0.9940413,0.11358532,0.7597743041561119,0.1248565866470423,0.9945765321169121,0.9989501767789438,0.995621758958856,2310,1891,0.8412241339683533,0.8824751377105713,0.9532553553581238,0.9850946068763733,0.6504615545272827,0.8285714285714287,0.7714285714285715,0.9866741353732905,0.751293066457935,1.3133012660759522,4.0,2.0,bxpc3+IFNB_ID2,bxpc3+IFNB,ID2,True,False,3
bxpc3+IFNB_STAT1,0.009604619,0.0072096586,1.3321878,0.99812245,0.48371997,0.9002384705733094,0.3236717160587313,0.9985842844674783,0.9983571012269601,1.0002275570937884,2554,1583,0.0762692466378212,0.23154763877391815,0.3293890058994293,0.9523959159851074,0.7906420230865479,0.700592885375494,0.775691699604743,0.9590237467092805,0.9184200914106029,1.0442103299769,22.0,1.0,bxpc3+IFNB_STAT1,bxpc3+IFNB,STAT1,True,False,3
bxpc3+IFNG_ATF3,0.02104531,0.0033918084,6.2047462,0.99705595,0.22591156,0.900301945470693,0.1812354250559608,0.9975134376597601,0.9992321459340229,0.9982799709944717,2404,1817,0.25479215383529663,0.9455640912055969,0.2694604694843292,0.9812808632850647,0.9136766791343689,0.8999999999999998,0.8999999999999998,0.9924925863933823,0.9766353061998523,1.0162366444187152,4.0,1.0,bxpc3+IFNG_ATF3,bxpc3+IFNG,ATF3,True,False,3
bxpc3+IFNG_IRF2,0.028697696,0.013842621,2.0731404,0.9942298,0.25609538,0.8835382805681441,0.30184663504903997,0.9953228734207619,0.996869385452457,0.9984486312306671,2600,1368,0.3308781385421753,0.5207743644714355,0.6353579759597778,0.5076873898506165,0.6963450908660889,0.54,0.8215384615384616,0.723897121491494,0.7248718028820236,0.9986553741135269,19.0,6.0,bxpc3+IFNG_IRF2,bxpc3+IFNG,IRF2,True,False,3
bxpc3+IFNG_RFX5,0.0077019823,0.0085326135,0.9026522,0.99776304,0.5611322,0.8920378286022616,0.45330929655742086,0.9982626972094153,0.9981622869756738,1.0001005950986646,2650,1302,0.05733436718583107,0.19658401608467102,0.29165324568748474,0.8000574707984924,0.8458771705627441,0.8330769230769232,0.7723076923076923,0.8455998322696364,0.7408981637230424,1.1413172196573738,25.0,0.0,bxpc3+IFNG_RFX5,bxpc3+IFNG,RFX5,True,False,3
bxpc3+IFNG_SOX2,0.06010372,0.14173254,0.42406434,0.9869005,0.8663547,0.8291492425860725,0.8078058245162926,0.9889478061082898,0.9786195486098314,1.0105539047458536,3215,585,0.2022591233253479,0.5283514857292175,0.38281169533729553,0.8956763744354248,0.7737268805503845,0.3769478278705034,0.5246153846153846,0.7395710973714436,0.6781285325672379,1.090606075181055,25.0,0.0,bxpc3+IFNG_SOX2,bxpc3+IFNG,SOX2,True,False,3
bxpc3+IFNG_STAT1,0.037992146,0.057446666,0.6613464,0.988887,0.5613563,0.8567811116154874,0.45250451292575766,0.9914539977574325,0.9878535360156133,1.0036447323520663,2695,1215,0.9952235221862793,2.230699062347412,0.44614872336387634,0.8994408249855042,0.27507099509239197,0.9538461538461538,0.09999999999999999,0.9875053258657769,0.9836243284174656,1.003945609452905,24.0,1.0,bxpc3+IFNG_STAT1,bxpc3+IFNG,STAT1,True,False,3
bxpc3+INS_CHUK,0.025625391,0.008815369,2.9068995,0.99211824,0.14811082,0.8535147689928951,0.17797806157242632,0.9939842981930526,0.9979412627334748,0.9960348723034222,2462,1809,0.5234998464584351,0.5241492390632629,0.9987610578536987,0.3610524535179138,0.18869996070861816,0.4789382662166984,0.2346153846153846,0.5378190795192733,0.567593692995625,0.9475423813834006,12.0,13.0,bxpc3+INS_CHUK,bxpc3+INS,CHUK,False,True,3
bxpc3+INS_COPS4,0.03136254,0.0125168655,2.5056226,0.99125314,0.31871927,0.8055883869647179,0.27345926485529914,0.993138620810533,0.9971273414278263,0.9959997881398159,2579,1697,0.13157516717910767,0.49917879700660706,0.263583242893219,0.7730955481529236,0.7278100848197937,0.816923076923077,0.8892307692307693,0.8632328120989505,0.7999276362922692,1.0791386282140547,23.0,2.0,bxpc3+INS_COPS4,bxpc3+INS,COPS4,False,True,3
bxpc3+INS_DR1,0.02666874,0.008775467,3.039011,0.9925108,0.31452936,0.8209171765405725,0.28053033965422336,0.9941961773879547,0.9980032882462778,0.9961852722299012,2660,1613,0.10903403908014297,0.337616890668869,0.3229519724845886,0.7383535504341125,0.7178364992141724,0.846923076923077,0.7453846153846154,0.7879654624954768,0.6962241992923133,1.1317697134003892,24.0,1.0,bxpc3+INS_DR1,bxpc3+INS,DR1,False,True,3
bxpc3+INS_EIF2B1,0.02360033,0.0047912905,4.925673,0.992805,0.014565254,0.8674617928725189,0.03562307175120958,0.9945439451142772,0.9988673496856081,0.9956716929703512,2355,2079,0.259704053401947,0.2853739857673645,0.9100481271743774,0.10356654226779938,0.45001354813575745,0.15384615384615383,0.521978021978022,0.5457670140858382,0.44511519162551794,1.226125336438753,10.0,3.0,bxpc3+INS_EIF2B1,bxpc3+INS,EIF2B1,False,True,3
bxpc3+INS_ELK1,0.019587167,0.0036585801,5.3537617,0.9937886,0.10681015,0.8861159749572356,0.08021335374594878,0.9953285883232807,0.9991291134898067,0.9961961621223795,2430,2061,0.00514984829351306,0.2537345290184021,0.020296206697821617,0.9955424666404724,0.9905197620391846,0.8333333333333335,0.9761904761904763,0.9971735103248442,0.9887090899791315,1.0085610827608467,8.0,0.0,bxpc3+INS_ELK1,bxpc3+INS,ELK1,False,True,3
bxpc3+INS_FOS,0.01968267,0.00509247,3.8650537,0.9938991,0.21565947,0.8753744632745023,0.14093900823597125,0.9953757255285075,0.9988211619189161,0.9965504972043351,2328,1984,0.05515546351671219,0.0242124255746603,2.277981758117676,0.017968829721212387,0.08066873252391815,0.36846153846153845,0.2976923076923077,0.43398387485897527,0.5925543331723581,0.732395074280456,15.0,10.0,bxpc3+INS_FOS,bxpc3+INS,FOS,False,False,3
bxpc3+INS_FOXM1,0.029640809,0.0111783445,2.6516278,0.9908155,0.06527378,0.8494556604609269,0.0453968223438108,0.9929929748302591,0.9973610789765494,0.9956203382723009,2312,1998,0.3652673661708832,0.46030932664871216,0.7935258746147156,0.6153191328048706,0.2383619248867035,0.6076923076923076,0.4553846153846154,0.794717042356701,0.8439475906803888,0.9416663441340022,17.0,8.0,bxpc3+INS_FOXM1,bxpc3+INS,FOXM1,False,True,3
bxpc3+INS_FOXO1,0.020541923,0.004944346,4.154629,0.9934717,0.10528433,0.8709370795546078,0.038239752071801116,0.9950697048150957,0.998829614947716,0.9962356841683983,2244,2122,0.04596724733710289,0.17571388185024261,0.26160281896591187,0.827950656414032,0.8701367974281311,0.5686274509803922,0.7420020639834881,0.8805111149860779,0.918005601572005,0.9591565819187585,14.0,4.0,bxpc3+INS_FOXO1,bxpc3+INS,FOXO1,False,True,3
bxpc3+INS_FOXO3,0.023114776,0.009488648,2.4360454,0.99272597,0.19466741,0.8642454263299999,0.14064280289645276,0.9944852666171625,0.9977553282046999,0.9967225816840073,2344,1967,0.10623175650835037,0.18071980774402618,0.5878257751464844,0.8113845586776733,0.6806882619857788,0.52,0.6861538461538461,0.867809426262801,0.7971411982551204,1.0886520834230722,16.0,9.0,bxpc3+INS_FOXO3,bxpc3+INS,FOXO3,False,True,3
bxpc3+INS_FOXO4,0.07014366,0.13690042,0.51236993,0.9791503,0.63422334,0.794697257801109,0.5702025477688955,0.9828693776831204,0.9762273129701449,1.00680380954797,3002,1069,0.1556447446346283,0.27178695797920227,0.5726718902587891,-0.2815733551979065,0.2529072165489197,-0.388963668024065,0.10307692307692308,0.035923964301406874,0.033305717099197496,1.078612545540191,21.0,4.0,bxpc3+INS_FOXO4,bxpc3+INS,FOXO4,False,True,3
bxpc3+INS_GRB2,0.023787694,0.009540859,2.4932446,0.99244535,0.12653631,0.8714642914513717,0.03349297918077513,0.9942966093586536,0.9977273373025475,0.9965614574086251,2278,2124,0.16667087376117706,0.2664189338684082,0.6255969405174255,0.9076663255691528,0.5634990930557251,0.6692307692307693,0.5492307692307692,0.9419169395566152,0.9488435959562852,0.9926998965591488,18.0,7.0,bxpc3+INS_GRB2,bxpc3+INS,GRB2,False,True,3
bxpc3+INS_GRB10,0.01933767,0.004580601,4.221645,0.993921,0.16829556,0.8715882944104545,0.09641236227876082,0.9954134271698323,0.9989097328907921,0.9964998782113759,2424,2045,0.8008008599281311,0.935441792011261,0.8560670018196106,0.7058823704719543,0.33681488037109375,0.7714285714285715,0.14285714285714288,0.8300774940983923,0.8192650073278916,1.0131977890838602,5.0,1.0,bxpc3+INS_GRB10,bxpc3+INS,GRB10,False,True,3
bxpc3+INS_HSF1,0.019709613,0.0038155415,5.1656137,0.99403656,0.17176324,0.8692371855661021,0.09935897354908846,0.9954831731316749,0.9990976367662685,0.9963822718605437,2424,2083,0.009927458129823208,0.22865507006645203,0.043416742235422134,0.9263761043548584,0.9687054753303528,0.5166666666666667,0.9,0.9599498729520061,0.9851375189412348,0.9744323553768424,8.0,1.0,bxpc3+INS_HSF1,bxpc3+INS,HSF1,False,True,3
bxpc3+INS_IGF2,0.019854238,0.0045057028,4.406469,0.9936724,0.13381135,0.8746252229940983,0.03839846610554121,0.9952284015012524,0.9989329639459553,0.99629148043121,2339,2122,0.11967659741640091,0.3457868993282318,0.34609928727149963,0.8973997831344604,0.8435046672821045,0.9370629370629372,0.9440559440559443,0.941904369382424,0.805252845150275,1.1697001445634723,11.0,1.0,bxpc3+INS_IGF2,bxpc3+INS,IGF2,False,True,3
bxpc3+INS_IKBKB,0.058801256,0.008135202,7.2280016,0.989574,0.22240973,0.7608567181230589,0.20140113688566869,0.9914561750642206,0.9980875718982452,0.9933558967962977,2538,1767,0.17660871148109436,0.4992022216320038,0.35378190875053406,0.6517831087112427,0.7145856618881226,0.696923076923077,0.7923076923076923,0.8109942043242739,0.7798423813669123,1.039946306717466,23.0,2.0,bxpc3+INS_IKBKB,bxpc3+INS,IKBKB,False,True,3
bxpc3+INS_INSR,0.019790325,0.004556199,4.343604,0.9938619,0.18546943,0.8682571783257427,0.12781892541399753,0.9953556387657306,0.9989250872429184,0.9964267105483959,2373,1986,0.1282126009464264,0.2676149308681488,0.47909361124038696,0.834471583366394,0.7084174156188965,0.8461538461538461,0.6373626373626374,0.8494366222850664,0.6861430619919312,1.2379876287301954,11.0,2.0,bxpc3+INS_INSR,bxpc3+INS,INSR,False,True,3
bxpc3+INS_IRS1,0.018223621,0.0057734745,3.156439,0.9941621,0.2583387,0.8725067769150923,0.14354850630692848,0.9955943269335332,0.9986400156578986,0.9969501635458109,2414,1965,0.19163258373737335,0.3304317891597748,0.579945981502533,0.876653790473938,0.661245584487915,0.7564499484004128,0.7275541795665634,0.8863263332327272,0.7257754050908788,1.2212129634259856,12.0,6.0,bxpc3+INS_IRS1,bxpc3+INS,IRS1,False,True,3
bxpc3+INS_IRS2,0.018785229,0.0068528564,2.7412262,0.99396944,0.2562899,0.8720065833363219,0.16273270139909918,0.9954396404596436,0.9983945638643893,0.9970403250261015,2338,1966,0.19359640777111053,0.2508403956890106,0.7717912197113037,0.3933986723423004,0.41319897770881653,0.5676923076923077,0.5761538461538462,0.6108310887060422,0.711808878255199,0.8581391822525792,20.0,5.0,bxpc3+INS_IRS2,bxpc3+INS,IRS2,False,True,3
bxpc3+INS_IRS4,0.021606674,0.006363449,3.3954344,0.9933728,0.19050112,0.8590078114187037,0.1421492572072833,0.9949583804486354,0.9984938918692373,0.9964591556849854,2424,1884,0.11663419008255005,0.21171070635318756,0.5509130358695984,0.9720515012741089,0.6250582337379456,0.680130806964757,0.34076923076923077,0.9783731866953433,0.9567798628846669,1.0225687482025103,16.0,9.0,bxpc3+INS_IRS4,bxpc3+INS,IRS4,False,True,3
bxpc3+INS_MAPK1,0.034090344,0.018702189,1.8227997,0.9892375,0.09183104,0.8641744251845035,0.07261712076751296,0.9918277015207355,0.9955398422217163,0.9962712283893164,2306,2006,0.7011969685554504,0.9502356052398682,0.7379190921783447,0.7262744903564453,0.2769821882247925,0.6323076923076923,0.21384615384615382,0.8916237717001404,0.9002843808925174,0.9903801405687044,17.0,8.0,bxpc3+INS_MAPK1,bxpc3+INS,MAPK1,False,True,3
bxpc3+INS_MAPK3,0.018283106,0.0028522408,6.410085,0.9942316,0.173448,0.8806490760166551,0.08066643362149586,0.9956524324427891,0.9993212010459795,0.9963287393489196,2421,2056,0.04230077937245369,0.022533724084496498,1.8772209882736206,0.07646718621253967,0.2069096863269806,0.07142857142857144,0.21428571428571433,0.4888622066954892,0.4944680977680729,0.9886627851263053,4.0,3.0,bxpc3+INS_MAPK3,bxpc3+INS,MAPK3,False,True,3
bxpc3+INS_MTOR,0.018973095,0.020608742,0.9206334,0.99387884,0.5603906,0.8184706628767747,0.40182414137909395,0.9952735948101848,0.9957191611475776,0.9995525180645521,2729,1516,0.034311071038246155,0.30017632246017456,0.11430305242538452,0.9820770025253296,0.9441444873809814,0.5638461538461538,0.8676923076923077,0.983288132411126,0.9135173348854583,1.0763759973251257,23.0,2.0,bxpc3+INS_MTOR,bxpc3+INS,MTOR,False,True,3
bxpc3+INS_PIK3CA,0.030219626,0.037173245,0.8129402,0.99103487,0.4562876,0.8522499017880704,0.37007531884598543,0.9927066564304224,0.9927945469844165,0.99991147155848,2591,1641,0.06208944693207741,0.2742297351360321,0.22641398012638092,0.5943927764892578,0.9298983812332153,0.1882513138581678,0.6799999999999999,0.8631319196019988,0.8706131659862697,0.9914069225270722,22.0,3.0,bxpc3+INS_PIK3CA,bxpc3+INS,PIK3CA,False,True,3
bxpc3+INS_POLR2G,0.13365711,0.015661368,8.534191,0.9821648,0.47158438,0.6447807101466303,0.4756608481577157,0.983924371327422,0.9966457942612588,0.9872357631898039,3022,1227,0.04896309971809387,0.38244959712028503,0.12802498042583466,0.9002852439880371,0.8715002536773682,0.46628217574669034,0.5838461538461539,0.915970687512006,0.9084851558362729,1.0082395751076887,24.0,1.0,bxpc3+INS_POLR2G,bxpc3+INS,POLR2G,False,True,3
bxpc3+INS_POLR2L,0.057212915,0.0190991,2.9955819,0.9891423,0.49181932,0.7457730987624169,0.4566566393463835,0.9913080171739306,0.9960241929116334,0.9952649988110066,2897,1347,0.12268368899822235,0.27332380414009094,0.4488584101200104,0.6702887415885925,0.5883768200874329,0.676623723192227,0.5753846153846153,0.7199354803430119,0.681136332482177,1.0569623818471763,23.0,2.0,bxpc3+INS_POLR2L,bxpc3+INS,POLR2L,False,True,3
bxpc3+INS_PTEN,0.021079928,0.005423659,3.8866618,0.9932359,0.101595536,0.8710768235656832,0.0759892377558487,0.994871950292504,0.9987441903828784,0.9961228909988553,2265,2033,0.08411890268325806,0.13246776163578033,0.6350141763687134,0.9755173325538635,0.5306891202926636,0.5653846153846154,0.41000000000000003,0.9793684479449785,0.9845637866076686,0.9947232076444831,17.0,8.0,bxpc3+INS_PTEN,bxpc3+INS,PTEN,False,True,3
bxpc3+INS_RAD51,0.06880173,0.013960891,4.928176,0.9870393,0.3856969,0.7037089764780685,0.33897054424261197,0.9890436014216901,0.9969019428943118,0.992117237278316,2814,1460,0.18113237619400024,0.3364771604537964,0.5383199453353882,0.6952170729637146,0.4790807068347931,0.713076923076923,0.6684615384615384,0.8200707589995793,0.8623506447731845,0.9509713525120334,21.0,4.0,bxpc3+INS_RAD51,bxpc3+INS,RAD51,False,True,3
bxpc3+INS_RPS6KB1,0.016850848,0.0029952289,5.6258965,0.9946604,0.26802272,0.8800722876722967,0.20597537693879436,0.9959734865114157,0.9992869563195513,0.9966841658572835,2500,1899,0.11859997361898422,0.07201408594846725,1.646899700164795,0.981334388256073,-0.9111447930335999,0.8999999999999998,-0.09999999999999999,0.9801406390221674,0.9531250143469371,1.0283442615276874,4.0,1.0,bxpc3+INS_RPS6KB1,bxpc3+INS,RPS6KB1,False,True,3
bxpc3+INS_SGK1,0.017432554,0.0039971215,4.361277,0.99448633,0.29091036,0.8700514401424712,0.2029238998938148,0.9958245446215156,0.9990669464200658,0.9967545700414085,2440,1933,0.002971701556816697,0.02308415062725544,0.12873341143131256,0.6751408576965332,0.8808339238166809,0.3666666666666667,0.7333333333333334,0.8438994422886879,0.991306348529675,0.8513003508354163,8.0,1.0,bxpc3+INS_SGK1,bxpc3+INS,SGK1,False,True,3
bxpc3+INS_SHC1,0.02413099,0.006200818,3.891582,0.9928249,0.13081813,0.8540606628356883,0.10323944447542657,0.9945241541196457,0.9985233124422712,0.9959949274365523,2367,1973,0.15667150914669037,0.16501790285110474,0.9494212865829468,0.6992603540420532,0.2580174505710602,0.6384615384615384,0.30538461538461537,0.7720226442154724,0.758638176146663,1.0176427557822003,17.0,8.0,bxpc3+INS_SHC1,bxpc3+INS,SHC1,False,True,3
bxpc3+INS_SMARCE1,0.16181736,0.22946194,0.7052035,0.96569276,0.5258355,0.7996454826379891,0.47861305272289045,0.9708575343085276,0.9634106907970812,1.0077296666754707,2749,1216,0.2940618395805359,0.44268184900283813,0.6642735600471497,-0.4974941909313202,0.47628602385520935,-0.7514668681902948,0.5169230769230769,0.08192182739546394,0.09861572948031172,0.8307176535343618,17.0,8.0,bxpc3+INS_SMARCE1,bxpc3+INS,SMARCE1,False,False,3
bxpc3+INS_SP1,0.017221939,0.004166517,4.133414,0.99467313,0.32861993,0.8726049389111737,0.20974794714831133,0.995939501787331,0.9990080725580522,0.9969283824074976,2418,1904,0.026532983407378197,0.08331605792045593,0.3184618055820465,0.9582834839820862,0.8143248558044434,0.8245479640738487,0.1753846153846154,0.9619371060203636,0.9366770574195595,1.0269677242553508,18.0,7.0,bxpc3+INS_SP1,bxpc3+INS,SP1,False,True,3
bxpc3+INS_SREBF1,0.021448962,0.006731469,3.1863716,0.9932076,0.1680781,0.8648029547270325,0.06795441456930382,0.9948598566108221,0.9984084154354166,0.9964457843406228,2341,2068,0.11256763339042664,0.26217472553253174,0.42936110496520996,0.7460918426513672,0.7136483788490295,0.7339130434782607,0.7643478260869565,0.8154441691806641,0.7348436838286488,1.1096838513084502,17.0,7.0,bxpc3+INS_SREBF1,bxpc3+INS,SREBF1,False,False,3
bxpc3+INS_SREBF2,0.019825976,0.0035218403,5.6294365,0.9937228,0.103461176,0.8756028004156277,0.07682796669446362,0.995259473985122,0.9991676972537443,0.9960885211968279,2408,2087,0.15214964747428894,0.19686251878738403,0.7728726267814636,0.28913000226020813,0.4844198226928711,0.43333333333333335,0.7666666666666667,0.5480804943261295,0.5170609423121157,1.0599920618163599,9.0,0.0,bxpc3+INS_SREBF2,bxpc3+INS,SREBF2,False,True,3
bxpc3+INS_SRF,0.020647446,0.008708381,2.3709855,0.99410325,0.4024493,0.8407809764986575,0.3051469900064777,0.9954627587661157,0.9979376668148264,0.9975199773182126,2583,1732,0.1346183717250824,0.2208274006843567,0.6096090078353882,0.7942625284194946,0.6124677658081055,0.5861538461538462,0.5484615384615384,0.8571198089568763,0.7769585546828557,1.103173140691837,20.0,5.0,bxpc3+INS_SRF,bxpc3+INS,SRF,False,True,3
bxpc3+INS_TAF3,0.031654406,0.0044610174,7.095782,0.9918283,0.102675125,0.8196090254028708,0.08136020446355247,0.9935924248288971,0.9989451231168756,0.9946416493117488,2397,2005,0.15311355888843536,0.16188542544841766,0.9458143711090088,0.11215992271900177,0.2680210769176483,0.8406593406593407,0.5164835164835164,0.37751652685291526,0.38454432100860614,0.9817243584893987,11.0,2.0,bxpc3+INS_TAF3,bxpc3+INS,TAF3,False,False,3
bxpc3+INS_TAF7,0.020661714,0.0036876327,5.602975,0.993742,0.2285947,0.8529115116511817,0.18371012514094595,0.9952001359557939,0.9991257039004425,0.9960709969433038,2481,1895,0.08911585807800293,0.14714185893535614,0.6056458353996277,0.6385611295700073,0.44592082500457764,0.8058823529411765,0.5882352941176471,0.7570615121725203,0.7906000104884149,0.9575784241450044,13.0,3.0,bxpc3+INS_TAF7,bxpc3+INS,TAF7,False,False,3
bxpc3+INS_TAF8,0.02722981,0.034500565,0.78925693,0.9906094,0.5111105,0.8218244191893537,0.4700427431304607,0.9927107438325659,0.9929536546805093,0.9997553653719905,2874,1356,0.11481251567602158,0.40810126066207886,0.28133338689804077,0.8761430978775024,0.8497647643089294,0.7274185493750865,0.6661538461538461,0.8806372805272014,0.6356914310466792,1.3853219306058817,23.0,2.0,bxpc3+INS_TAF8,bxpc3+INS,TAF8,False,True,3
bxpc3+INS_TSC1,0.038964093,0.046517532,0.8376217,0.98788005,0.4061793,0.8400702658669091,0.3037261222099259,0.9904458002804574,0.9903334311234298,1.000113465983775,2464,1758,0.529376745223999,0.46924757957458496,1.1281394958496094,0.8590586185455322,0.024692878127098083,0.5129617017796403,0.11923076923076922,0.8893286489240356,0.8941262847036162,0.9946342749769728,16.0,9.0,bxpc3+INS_TSC1,bxpc3+INS,TSC1,False,True,3
bxpc3+INS_TSC2,0.023813106,0.016936542,1.4060193,0.9926152,0.3135491,0.8630312877244518,0.20434532286070559,0.9942710535473416,0.9962490424518599,0.9980145638086133,2273,1964,0.11842942237854004,0.3138958215713501,0.37728893756866455,0.8394571542739868,0.8026765584945679,0.7305621872223306,0.5361538461538461,0.8392283552310515,0.7103313909560199,1.181460323894108,21.0,4.0,bxpc3+INS_TSC2,bxpc3+INS,TSC2,False,True,3
bxpc3+INS_TTF1,0.026581451,0.015585736,1.7054986,0.99143267,0.24275562,0.8455682965899882,0.1827874708692882,0.993449634809942,0.9963881701008195,0.9970508127464217,2429,1846,0.33236855268478394,0.6502349972724915,0.5111514329910278,0.8637825846672058,0.5907512903213501,0.8628582579309673,0.5607692307692308,0.9244073375137126,0.8942850453904186,1.033683099453087,23.0,2.0,bxpc3+INS_TTF1,bxpc3+INS,TTF1,False,True,3
bxpc3+INS_TTF2,0.07713325,0.004859859,15.8715,0.98735523,0.20958784,0.7094946341038308,0.21359256616416522,0.9890538349258274,0.9988578247280956,0.9901847995184531,2582,1756,0.09303322434425354,0.2720990478992462,0.34190940856933594,0.9757561683654785,0.8073609471321106,0.6976923076923077,0.7569230769230769,0.9811037486154681,0.9854371264637378,0.9956025831259067,23.0,2.0,bxpc3+INS_TTF2,bxpc3+INS,TTF2,False,True,3
bxpc3+INS_XBP1,0.053204853,0.113736756,0.46778944,0.9834466,0.65112776,0.7962529367038245,0.613903968486119,0.9863783280714628,0.9811903808246351,1.0052874012507822,3105,1043,0.0923362448811531,0.23957166075706482,0.3854222297668457,-0.34767699241638184,0.432594358921051,-0.4281868950517018,0.3946153846153846,0.045313750575256995,0.02959619469757946,1.5310667820063708,23.0,2.0,bxpc3+INS_XBP1,bxpc3+INS,XBP1,False,True,3
bxpc3+INS_ZNF593,0.016235821,0.0036423947,4.457458,0.99484056,0.36340654,0.8730960095008221,0.24146652990198553,0.9960955835016753,0.9991578878904864,0.996935114634108,2475,1874,0.0068461960181593895,0.10301639139652252,0.0664573460817337,0.969041109085083,0.9776389598846436,0.7007223942208461,0.7812177502579979,0.9672554764348207,0.9928101563415839,0.9742602553534203,14.0,4.0,bxpc3+INS_ZNF593,bxpc3+INS,ZNF593,False,True,3
bxpc3+TGFB_FOS,0.020242315,0.021575378,0.93821365,0.99502087,0.33058462,0.8564180830321575,0.2450296565807951,0.9959234139695731,0.9953291751978383,1.0005970273820384,1946,1406,0.2850702404975891,0.2931840717792511,0.9723251461982727,0.1427910178899765,-0.03592313081026077,0.11180339887498948,-0.09999999999999999,0.5835576136701028,0.6647300878341705,0.8778865653147361,4.0,1.0,bxpc3+TGFB_FOS,bxpc3+TGFB,FOS,True,False,3
bxpc3+TGFB_TGFBR2,0.020159366,0.022931516,0.87911177,0.9938015,0.3965514,0.8717774333958078,0.34303458015164945,0.9952571532275178,0.9944618941832618,1.0007996877999124,2245,1256,0.5664082169532776,0.7124427556991577,0.7950227856636047,0.8051480054855347,0.6306920647621155,0.7838461538461537,0.6346153846153846,0.9043028234822534,0.8922572978024066,1.0135000584579297,17.0,8.0,bxpc3+TGFB_TGFBR2,bxpc3+TGFB,TGFBR2,True,False,3
bxpc3+TNFA_FOS,0.00867481,0.011474423,0.75601274,0.9980321,0.49335635,0.8891983781155245,0.29355400201234255,0.9983752343600959,0.9975926530139213,1.000784469837273,2236,1597,0.054450441151857376,0.11607225239276886,0.4691081643104553,0.9347952008247375,0.8038837909698486,0.9001731268651197,0.5684615384615384,0.9765370144286647,0.9676128266993173,1.0092228911017946,24.0,1.0,bxpc3+TNFA_FOS,bxpc3+TNFA,FOS,True,False,3
bxpc3+TNFA_ITCH,0.0429281,0.04737595,0.90611583,0.99131876,0.32033077,0.8610094786664604,0.19051270379397145,0.992398598386429,0.99087446919529,1.0015381657702582,2019,1781,0.3100281357765198,0.33866727352142334,0.915435791015625,0.9919495582580566,-0.038135185837745667,0.5123272645691351,0.09153846153846153,0.9450744814360041,0.9340272686319953,1.011827505657505,17.0,8.0,bxpc3+TNFA_ITCH,bxpc3+TNFA,ITCH,True,False,3
bxpc3+TNFA_NFKBIE,0.003621875,0.0025457307,1.4227252,0.9988581,0.3907695,0.9068333998738785,0.2947350993975637,0.9991043837385086,0.9993753367828726,0.9997288775954426,2416,1545,0.1462569683790207,0.2773905396461487,0.5272601246833801,-1.0,1.0,-0.9999999999999999,0.9999999999999999,0.6689538942810493,0.6837948954528493,0.9782961217311057,1.0,1.0,bxpc3+TNFA_NFKBIE,bxpc3+TNFA,NFKBIE,True,False,3
hap1+IFNB_FOS,0.0028787784,0.003389147,0.8494109,0.9990753,0.4382146,0.8977505970043854,0.3155768383688079,0.9992714539163856,0.9991943604484936,1.0000771556275172,2363,1510,0.07225394248962402,0.13762116432189941,0.5250205993652344,0.9792154431343079,0.8975169062614441,0.8999999999999998,0.39999999999999997,0.9895626865378044,0.9924110424275705,0.9971298627604963,5.0,0.0,hap1+IFNB_FOS,hap1+IFNB,FOS,True,False,3
hap1+IFNB_ID2,0.010123621,0.0020827733,4.860645,0.9975585,0.31441346,0.7857241194160541,0.26035408937251314,0.9978147949184065,0.9994913802070572,0.9983225615329435,2423,1547,,,,,,,,,,,,,hap1+IFNB_ID2,hap1+IFNB,ID2,True,False,3
hap1+IFNB_STAT1,0.0065621613,0.013699846,0.47899523,0.9978776,0.73067135,0.8832455506667188,0.3406363009922316,0.9983529104981976,0.9966126350946167,1.0017461903876181,2504,1530,0.4832242727279663,1.6389285326004028,0.29484158754348755,0.9642487168312073,0.6674642562866211,0.9346153846153846,0.5876923076923077,0.9958684585169197,0.9926405176103825,1.003251873008678,25.0,0.0,hap1+IFNB_STAT1,hap1+IFNB,STAT1,True,False,3
hap1+INS_SMARCE1,0.040608287,0.057674974,0.7040885,0.9891741,0.4886991,0.8181916897144756,0.45670572115637814,0.991053730330781,0.9882113659599887,1.0028762716850874,2691,1196,0.20135967433452606,0.30245307087898254,0.6657550930976868,0.9196373224258423,0.5995299220085144,0.5580388361551037,0.29846153846153844,0.887558064506046,0.854826353124341,1.0382904800045911,23.0,2.0,hap1+INS_SMARCE1,hap1+INS,SMARCE1,True,False,3
hap1+INS_TAF3,0.011367839,0.021461831,0.52967703,0.99613595,0.5919043,0.8265446997906987,0.5454019855406246,0.9968682939336917,0.9953111867795579,1.001564442532965,2837,1070,0.0185248926281929,0.06903467327356339,0.26834186911582947,0.646226704120636,0.633378267288208,0.6820460083237047,0.6276923076923077,0.8843147765994145,0.8318364211085028,1.063087350059738,24.0,1.0,hap1+INS_TAF3,hap1+INS,TAF3,True,False,3
hap1+INS_TAF7,0.0059317476,0.001954247,3.035311,0.99806297,0.25342336,0.8699356665891879,0.23954179050741503,0.9984691554748827,0.9995110984970847,0.9989575473211165,2410,1638,0.008185027167201042,0.017840592190623283,0.4587867558002472,0.8369084596633911,0.7396859526634216,1.0,0.5,0.8800104646133512,0.8988029389912517,0.9790916634084532,3.0,0.0,hap1+INS_TAF7,hap1+INS,TAF7,True,False,3
hap1+TGFB_RHOA,0.09817269,0.10434346,0.940861,0.9815063,0.2100396,0.8230556584727516,0.17777774423548526,0.9840555560220964,0.9816879912461968,1.0024117283668654,2003,1540,0.41514256596565247,0.46753066778182983,0.8879472613334656,0.9479570984840393,-0.19901995360851288,0.4840877481830623,-0.2376923076923077,0.8387110630428258,0.8011890054593849,1.0468329661637414,21.0,4.0,hap1+TGFB_RHOA,hap1+TGFB,RHOA,True,False,3
hap1+TGFB_TGFBR2,0.005374788,0.0026362243,2.0388205,0.9982587,0.375269,0.8881098425276749,0.2771966678721887,0.9986480095001588,0.9993256929076826,0.9993218593174044,2353,1497,,,,,,,,,,,,,hap1+TGFB_TGFBR2,hap1+TGFB,TGFBR2,True,False,3
hap1+TNFA_FOS,0.0047622463,0.003997208,1.1913931,0.99841416,0.39418733,0.8833967775900933,0.308208730442464,0.9987544359205326,0.9990296020413001,0.9997245665992226,2282,1423,,,,,,,,,,,,,hap1+TNFA_FOS,hap1+TNFA,FOS,True,False,3
hap1+TNFA_ITCH,0.010029883,0.009811502,1.0222577,0.99741954,0.34627384,0.8728349111394208,0.20735706665023185,0.9978356781694276,0.9977159242787176,1.000120028043851,2012,1635,0.11740919947624207,0.1486702561378479,0.7897289395332336,0.9845495223999023,0.013112956658005714,0.6799999999999999,0.24307692307692308,0.9705862854017896,0.9599656497933295,1.011063557962461,20.0,5.0,hap1+TNFA_ITCH,hap1+TNFA,ITCH,True,False,3
ht29+IFNB_FOS,0.0032827752,0.0037946969,0.8650955,0.9990276,0.43734807,0.8746597571028857,0.3315867199239176,0.9992286242610361,0.9991130567884025,1.000115670065413,2262,1374,0.03146607056260109,0.051608242094516754,0.609710156917572,0.9454512596130371,-0.5305959582328796,0.7999999999999999,-0.3,0.9760905981616502,0.9550054590078068,1.0220785535359658,5.0,0.0,ht29+IFNB_FOS,ht29+IFNB,FOS,True,False,3
ht29+IFNB_ID2,0.0110781705,0.004767817,2.323531,0.997438,0.43824124,0.7526356172549173,0.3868757025443267,0.9977724539730074,0.9988390670313746,0.9989321472361536,2411,1203,0.00454836105927825,0.03824860230088234,0.11891574412584305,0.7297913432121277,0.6732796430587769,0.5166666666666667,0.48333333333333334,0.9024958924742394,0.9709525960028299,0.9294953185043126,9.0,0.0,ht29+IFNB_ID2,ht29+IFNB,ID2,True,False,3
ht29+IFNG_ATF3,0.003190768,0.0020647377,1.5453624,0.99905944,0.25647885,0.874588531650853,0.21740791348852162,0.9992618942610481,0.9994785408034201,0.9997832404263548,2151,1578,0.7224134802818298,0.7491250038146973,0.9643430113792419,1.0,-1.0,0.9999999999999999,-0.9999999999999999,0.9996550999628008,0.9990427821996567,1.0006129044461898,2.0,0.0,ht29+IFNG_ATF3,ht29+IFNG,ATF3,True,False,3
ht29+IFNG_IRF2,0.006114984,0.010824037,0.56494486,0.9979852,0.58253753,0.8448176467969624,0.492411804419009,0.9983813633105236,0.9974697360049105,1.0009139398146196,2548,1056,0.04346933960914612,0.09354781359434128,0.46467509865760803,0.9742515683174133,0.6137465834617615,0.6885939731147711,0.6199999999999999,0.9461906557119846,0.9225330994427365,1.0256441273310828,24.0,1.0,ht29+IFNG_IRF2,ht29+IFNG,IRF2,True,False,3
ht29+IFNG_RFX5,0.0044865026,0.0060780025,0.7381541,0.9985037,0.4801497,0.8571962417127926,0.37937740443285234,0.9988163399590183,0.9984842217630737,1.0003326223777058,2381,1277,0.2791929841041565,0.43799740076065063,0.6374306678771973,0.9640138745307922,0.6630546450614929,0.9223076923076923,0.6946153846153846,0.966011761189402,0.9443399781811468,1.0229491322076572,24.0,1.0,ht29+IFNG_RFX5,ht29+IFNG,RFX5,True,False,3
ht29+IFNG_STAT1,0.012627139,0.017556012,0.7192487,0.9958781,0.5386338,0.8615793750493006,0.27232896163645914,0.9967284877861456,0.9954689157469983,1.001265305243813,2289,1593,0.29354342818260193,0.44161224365234375,0.6647085547447205,0.8246192932128906,0.8759881854057312,0.5446153846153846,0.7338461538461539,0.9026756291971769,0.8850975383501491,1.019860060711268,20.0,5.0,ht29+IFNG_STAT1,ht29+IFNG,STAT1,True,False,3
ht29+INS_CHUK,0.022234274,0.0019184921,11.589453,0.99279237,0.010310123,0.7903181342233232,0.09847860944988586,0.9943352755809151,0.9995082268219494,0.9948245035886475,2330,1911,0.018522098660469055,0.019710849970579147,0.9396905303001404,0.6276863217353821,0.2556982636451721,0.7999999999999999,-0.016153846153846154,0.7000081544168478,0.6129956823139932,1.1419463050284333,19.0,6.0,ht29+INS_CHUK,ht29+INS,CHUK,False,True,3
ht29+INS_COPS4,0.023894964,0.002587514,9.234718,0.9925918,0.22451824,0.745343842789128,0.23708283884831366,0.994057829340428,0.9993582300414321,0.9946961954765866,2533,1669,0.023920660838484764,0.029663855209946632,0.8063908219337463,-0.24837909638881683,0.22521178424358368,0.26081939316861164,0.43153846153846154,0.2159645624748786,0.4019762448237644,0.5372570276374476,19.0,6.0,ht29+INS_COPS4,ht29+INS,COPS4,False,True,3
ht29+INS_DR1,0.024484148,0.004069484,6.0165243,0.9925062,0.19172248,0.7639760564658732,0.1959856705266928,0.9940108347629097,0.9989481205117529,0.9950575153529356,2470,1731,0.03543395921587944,0.04403606429696083,0.8046576976776123,0.5261836647987366,0.3174839913845062,0.5935756986123417,0.1723076923076923,0.6465162443771199,0.5923919558292591,1.0913656710143793,20.0,5.0,ht29+INS_DR1,ht29+INS,DR1,False,True,3
ht29+INS_EIF2B1,0.019472659,0.0019865725,9.802138,0.99351203,0.14091215,0.8023913155009145,0.1512924635562414,0.9949261464294982,0.9994879084980552,0.9954359006949748,2352,1876,0.021405719220638275,0.01917410083115101,1.116387128829956,0.5715479850769043,0.1338956356048584,0.4441879684165276,-0.15307692307692308,0.6381245151931245,0.6461405046740555,0.9875940458415084,16.0,9.0,ht29+INS_EIF2B1,ht29+INS,EIF2B1,False,True,3
ht29+INS_ELK1,0.018633312,0.00096079655,19.393608,0.99380183,0.19572294,0.8219540380492277,0.13608349845689538,0.9951751064761065,0.9997495952214263,0.995424365493935,2398,1934,0.007030576001852751,0.0060789636336266994,1.1565418243408203,-0.3597014248371124,0.3182244300842285,-0.5,0.5,0.734437557743053,0.955246288916619,0.7688462821206105,2.0,1.0,ht29+INS_ELK1,ht29+INS,ELK1,False,True,3
ht29+INS_FOS,0.019601876,0.0010697962,18.323,0.99339473,0.14924452,0.8120466525141361,0.12934100772522625,0.9948449663508788,0.9997259621390503,0.9951176662675361,2300,1986,,,,,,,,,,,,,ht29+INS_FOS,ht29+INS,FOS,False,False,3
ht29+INS_FOXM1,0.020076355,0.0019267937,10.419566,0.993368,0.1398355,0.7830715605551375,0.16819891956773175,0.9947917403807218,0.9995148505291108,0.9952745973250035,2416,1821,0.009588419459760189,0.008967739529907703,1.069212555885315,0.3808431625366211,0.2859020233154297,0.3212379156475966,0.04923076923076923,0.6737914924550431,0.9305010809632619,0.7241168293512663,18.0,7.0,ht29+INS_FOXM1,ht29+INS,FOXM1,False,True,3
ht29+INS_FOXO1,0.019519458,0.001120743,17.416533,0.9935194,0.06400843,0.8084798766442617,0.08989345377566693,0.9949493682629662,0.9997078386715434,0.9952401389440934,2331,2001,0.016036055982112885,0.013078897260129452,1.2261015176773071,-0.9435935020446777,-0.2529296576976776,-0.39999999999999997,0.19999999999999998,0.27864414382748837,0.43058497533956974,0.6471292771136355,1.0,3.0,ht29+INS_FOXO1,ht29+INS,FOXO1,False,True,3
ht29+INS_FOXO3,0.019082736,0.0014448295,13.207604,0.9936668,0.15413243,0.8048172365067586,0.1253943886751043,0.9950555379128768,0.9996231814157404,0.9954306346753639,2346,1969,0.002442422555759549,0.004564619157463312,0.5350769758224487,0.12355819344520569,0.592600405216217,-0.19999999999999998,0.39999999999999997,0.6009244475635221,0.973436732361056,0.6173225517245369,3.0,1.0,ht29+INS_FOXO3,ht29+INS,FOXO3,False,True,3
ht29+INS_FOXO4,0.02308496,0.005810317,3.9730983,0.9924911,0.3001508,0.7475647958584218,0.30898593788269096,0.9939963760909099,0.9986191688525712,0.9953708151156632,2632,1539,0.020381202921271324,0.024718794971704483,0.8245224952697754,-0.06920317560434341,0.15459880232810974,-0.14274722103191687,0.25076923076923074,0.45733983744887496,0.9163520950363948,0.4990874576771833,19.0,6.0,ht29+INS_FOXO4,ht29+INS,FOXO4,False,True,3
ht29+INS_GRB2,0.018539822,0.0009702983,19.107342,0.99382484,0.12148063,0.8137209686830186,0.10245185497212952,0.9951893503469387,0.9997466965738487,0.9954414990891911,2303,2033,0.0013503050431609154,0.006025837734341621,0.22408586740493774,-1.0,-1.0,-0.9999999999999999,-0.9999999999999999,0.8721655645851268,0.9910321446113983,0.8800577956299478,2.0,0.0,ht29+INS_GRB2,ht29+INS,GRB2,False,True,3
ht29+INS_GRB10,0.019421192,0.0009279563,20.928993,0.9935591,0.0504044,0.8093015627890507,0.08721155905425526,0.9949814204969416,0.9997584292318391,0.9952218370005963,2310,2053,0.6359829902648926,0.44768956303596497,1.4205893278121948,1.0,-1.0,0.9999999999999999,-0.9999999999999999,0.9999973921308523,0.9997740044224466,1.0002234382044517,1.0,1.0,ht29+INS_GRB10,ht29+INS,GRB10,False,True,3
ht29+INS_HSF1,0.019232638,0.0011532733,16.676567,0.9935915,0.10123849,0.8101169462657185,0.10878596423459243,0.9949993956548376,0.9996999646078905,0.9952980202866202,2357,1934,0.004239562898874283,0.006671656388789415,0.6354588270187378,,,,,,,,1.0,0.0,ht29+INS_HSF1,ht29+INS,HSF1,False,True,3
ht29+INS_IGF2,0.018780176,0.00061103713,30.734917,0.9937658,0.08443376,0.81026476949611,0.07022391747557978,0.9951470290008021,0.9998405323823698,0.9953057480372552,2329,2093,,,,,,,,,,,,,ht29+INS_IGF2,ht29+INS,IGF2,False,True,3
ht29+INS_IKBKB,0.02806596,0.003285418,8.542584,0.9917775,0.21935958,0.7320764087064536,0.2479266205759589,0.9933432006456512,0.999204832615965,0.9941337033419185,2565,1628,0.02032175473868847,0.0200421791523695,1.0139493942260742,0.4142318069934845,0.028866924345493317,0.38277672645947386,0.09153846153846153,0.7495182761590407,0.9185707773718809,0.8159613767634589,20.0,5.0,ht29+INS_IKBKB,ht29+INS,IKBKB,False,True,3
ht29+INS_INSR,0.018585695,0.00088356656,21.034855,0.99380875,0.12833494,0.8052794878643577,0.11386222295167538,0.9951673648478065,0.999772053885367,0.9953942611021527,2350,1956,,,,,,,,,,,,,ht29+INS_INSR,ht29+INS,INSR,False,True,3
ht29+INS_IRS1,0.018499505,0.0024726163,7.4817533,0.9938844,0.19861199,0.808421798195498,0.1509981626473532,0.9952376889888972,0.9993563846312798,0.9958786517945725,2311,1969,0.020779866725206375,0.030458321794867516,0.6822394132614136,0.7917510271072388,0.5731162428855896,0.552711470178663,0.35939849624060144,0.8311231658385452,0.7386911964283092,1.1251293772785698,14.0,6.0,ht29+INS_IRS1,ht29+INS,IRS1,False,True,3
ht29+INS_IRS2,0.0185455,0.00059965556,30.92692,0.9938717,0.1294993,0.810981974792797,0.11563434439261323,0.9952284383480907,0.9998439722097371,0.9953837458744231,2417,2009,,,,,,,,,,,,,ht29+INS_IRS2,ht29+INS,IRS2,False,True,3
ht29+INS_IRS4,0.019342883,0.001437346,13.45736,0.99357307,0.122876525,0.7960684851839794,0.12372537495748255,0.9949635640089924,0.9996309139996032,0.9953309267198066,2328,1962,0.02782197669148445,0.03162653371691704,0.8797036409378052,0.17517097294330597,0.4442301094532013,0.0303030303030303,0.7696969696969697,0.44761028876481634,0.3118438453178116,1.4353667564246462,8.0,2.0,ht29+INS_IRS4,ht29+INS,IRS4,False,True,3
ht29+INS_MAPK1,0.022432907,0.006020816,3.7258914,0.9923566,0.13950852,0.8018084306610124,0.1416756316875889,0.9940001795391672,0.9984950670642437,0.9954983377751757,2322,1861,0.1382746547460556,0.10874240845441818,1.2715798616409302,0.8612701296806335,-0.15690146386623383,0.42923076923076925,0.18076923076923077,0.8441680020140304,0.8563286422886741,0.9857990966620683,19.0,6.0,ht29+INS_MAPK1,ht29+INS,MAPK1,False,True,3
ht29+INS_MAPK3,0.018632043,0.0012710731,14.658514,0.9938641,0.20096761,0.8152182948218335,0.13322525102520008,0.995221881585378,0.9996681084674495,0.9955522969629513,2381,1959,0.04356124624609947,0.06531807035207748,0.6669095754623413,0.7939414978027344,0.5964988470077515,0.7380952380952381,0.6190476190476191,0.8823302495239248,0.9049283064912587,0.9750277930248918,6.0,2.0,ht29+INS_MAPK3,ht29+INS,MAPK3,False,True,3
ht29+INS_MTOR,0.02536763,0.004738416,5.35361,0.9916017,0.19489276,0.746079554389742,0.2359019946465956,0.9933127273208551,0.9988297695475037,0.9944764939984237,2553,1631,0.018946249037981033,0.02495005913078785,0.7593668699264526,0.04748273640871048,0.06994009763002396,-0.1285604691950782,-0.1176923076923077,0.5184678191364868,0.795793831071496,0.6515102265097935,20.0,5.0,ht29+INS_MTOR,ht29+INS,MTOR,False,True,3
ht29+INS_PIK3CA,0.020347835,0.002106319,9.6603775,0.99324524,0.13132124,0.7966072480062814,0.13440589925555105,0.9947163468437574,0.9994520360379358,0.9952617143960687,2281,1940,0.006615343037992716,0.00632843840867281,1.0453357696533203,0.4634830355644226,-0.20159566402435303,0.24240634007426895,0.07153846153846154,0.7581515492369183,0.9358348251706666,0.8101339347984357,19.0,6.0,ht29+INS_PIK3CA,ht29+INS,PIK3CA,False,True,3
ht29+INS_POLR2G,0.04262672,0.05065915,0.8414417,0.9851726,0.62619305,0.6586175979128085,0.6290248039350889,0.9876624287448712,0.9901669875110528,0.9974705693102562,3168,949,0.016255132853984833,0.09405753016471863,0.17282117903232574,-0.11685772985219955,0.6377012729644775,-0.16984155512168936,0.5807692307692308,-0.019759917546625205,0.02557814246079937,-0.7725313742743016,23.0,2.0,ht29+INS_POLR2G,ht29+INS,POLR2G,False,True,3
ht29+INS_POLR2L,0.029005773,0.02680101,1.0822642,0.9896509,0.512628,0.7150218772795889,0.47902071405398405,0.9916654247974431,0.9945496830425467,0.9970999354840877,2881,1265,0.030233627185225487,0.06777860969305038,0.44606444239616394,-0.05529210343956947,0.2834654152393341,-0.13316171360165843,0.1376923076923077,0.4325047260616224,0.4991154501059516,0.8665424521917942,22.0,3.0,ht29+INS_POLR2L,ht29+INS,POLR2L,False,True,3
ht29+INS_PTEN,0.022230754,0.0027217118,8.167931,0.9925984,-0.023338683,0.8037385082497484,0.010763010808667928,0.994230780850089,0.9992896511476689,0.9949375335852124,2325,2186,0.6109723448753357,0.7864125967025757,0.776910662651062,0.9970256686210632,0.9246658086776733,0.39999999999999997,0.39999999999999997,0.9942290109694322,0.9956025975472719,0.99862034653061,3.0,1.0,ht29+INS_PTEN,ht29+INS,PTEN,False,True,3
ht29+INS_RAD51,0.034227937,0.0160718,2.129689,0.9897443,0.4748169,0.6949075314315919,0.5119304677577522,0.9915710164204226,0.9965094861405961,0.9950442321032991,3050,1106,0.019435405731201172,0.04608367010951042,0.42174169421195984,-0.017269762232899666,0.26883894205093384,0.08317794370246429,0.31076923076923074,0.24028389566503838,0.5013305927976528,0.4792923055506047,22.0,3.0,ht29+INS_RAD51,ht29+INS,RAD51,False,True,3
ht29+INS_RPS6KB1,0.019751132,0.0015957823,12.377084,0.9934997,0.09626344,0.8100846238174485,0.10129251499028406,0.9949351655974014,0.9995835258528752,0.9953497030160559,2300,2040,0.00686067808419466,0.005381000228226185,1.27498197555542,0.5055487751960754,0.2672233581542969,0.39560439560439564,0.30769230769230765,0.826419430340183,0.9839515360789648,0.8398985112960488,7.0,6.0,ht29+INS_RPS6KB1,ht29+INS,RPS6KB1,False,True,3
ht29+INS_SGK1,0.018967675,0.0011239381,16.876085,0.9937193,0.10862981,0.8058335901616603,0.12459214846870653,0.9950960950198673,0.9997065173213099,0.9953882242222486,2359,1942,0.003623583819717169,0.005408956669270992,0.6699228882789612,-0.4149072766304016,0.8470165133476257,-0.09999999999999999,0.7999999999999999,0.3409023671333524,0.9264146079697451,0.36798034508592903,3.0,2.0,ht29+INS_SGK1,ht29+INS,SGK1,False,True,3
ht29+INS_SHC1,0.01942841,0.0016003483,12.140114,0.9936142,0.15159646,0.7921775555473969,0.1450845223706461,0.9949919463676599,0.9995950263334301,0.9953950551528307,2365,1866,0.011936133727431297,0.009062396362423897,1.3171056509017944,-0.21614323556423187,0.6332564353942871,-0.0916089570911036,0.6061538461538462,0.29265178272271175,0.9434453578585135,0.3101947349521011,16.0,9.0,ht29+INS_SHC1,ht29+INS,SHC1,False,True,3
ht29+INS_SMARCE1,0.051049985,0.056539685,0.90290534,0.9846465,0.32298505,0.7765483912324753,0.3720658453117264,0.9871564617677417,0.9893485286771952,0.9977843329767878,2697,1448,0.058741603046655655,0.057758625596761703,1.0170186758041382,,0.03802861273288727,,0.03846153846153846,,,,21.0,4.0,ht29+INS_SMARCE1,ht29+INS,SMARCE1,False,False,3
ht29+INS_SP1,0.020447338,0.0013066621,15.648527,0.9934247,0.073751695,0.7982251385181464,0.08585147187459648,0.99484867137373,0.9996596145703242,0.9951874186708423,2294,2015,0.002522665075957775,0.004063925705850124,0.620745837688446,0.775114119052887,-0.07222169637680054,0.6,-0.2571428571428572,-0.14033607974629225,0.9484176731218809,-0.14796864685613856,6.0,0.0,ht29+INS_SP1,ht29+INS,SP1,False,True,3
ht29+INS_SREBF1,0.019381689,0.00059858605,32.37912,0.9936292,0.109295614,0.8068750668810911,0.10166675817465164,0.9950277265941345,0.9998438645016186,0.9951831100049959,2348,2038,,,,,,,,,,,,,ht29+INS_SREBF1,ht29+INS,SREBF1,False,False,3
ht29+INS_SREBF2,0.01919046,0.0007405728,25.912996,0.9936409,0.083232924,0.8040126403145892,0.07668195528608164,0.9950448355367935,0.9998070337989875,0.9952368826171396,2327,2116,0.0017787525430321693,0.00660143606364727,0.2694493234157562,,,,,,,,1.0,0.0,ht29+INS_SREBF2,ht29+INS,SREBF2,False,True,3
ht29+INS_SRF,0.022440804,0.0037379707,6.0034723,0.99292135,0.14457299,0.7787669746785991,0.1370276481652078,0.9944102829306224,0.9990235277735604,0.9953822460485799,2356,1881,0.009558903984725475,0.019654173403978348,0.48635491728782654,0.907357931137085,0.6205442547798157,0.43426391624804744,0.2923076923076923,0.9193570670087597,0.9825816770070227,0.9356546010598862,19.0,6.0,ht29+INS_SRF,ht29+INS,SRF,False,True,3
ht29+INS_TAF3,0.023659432,0.0019714648,12.00094,0.99283564,0.16151357,0.7644194751042337,0.14365048387056759,0.9942591893107346,0.9994877288344997,0.9947687806734136,2416,1879,0.007213843986392021,0.003095108550041914,2.330724000930786,0.04135714843869209,-0.19665101170539856,-0.03333333333333333,-0.31666666666666665,0.45186165885254514,0.9750996601183318,0.4634004885179738,6.0,3.0,ht29+INS_TAF3,ht29+INS,TAF3,False,False,3
ht29+INS_TAF7,0.021278253,0.0009791153,21.732122,0.9932347,0.12943384,0.7815271775235096,0.11941986880144301,0.9946642838245583,0.9997447305285599,0.9949182560819144,2359,1964,0.003313597058877349,0.005460735876113176,0.6068041324615479,-1.0,1.0,-0.9999999999999999,0.9999999999999999,0.6679730084693003,0.974064925043818,0.6857581987558496,1.0,1.0,ht29+INS_TAF7,ht29+INS,TAF7,False,False,3
ht29+INS_TAF8,0.022821734,0.0050969715,4.4775085,0.9925075,0.21935791,0.7703590834492564,0.2579356930422058,0.9940538515155378,0.9987684585155333,0.9952795796064657,2579,1602,0.03071310929954052,0.027330467477440834,1.1237682104110718,0.47395598888397217,-0.21928292512893677,0.3517414478674956,-0.12615384615384617,0.7965554101621269,0.933294670596222,0.8534875803515077,15.0,10.0,ht29+INS_TAF8,ht29+INS,TAF8,False,True,3
ht29+INS_TSC1,0.02582369,0.0126033425,2.0489557,0.9911869,0.18729137,0.8052212791484953,0.2186985147549659,0.9930674935609456,0.996762162646893,0.9962933293172603,2421,1765,0.3383927643299103,0.31675055623054504,1.0683257579803467,0.7165903449058533,0.1341332346200943,0.6155922004260885,0.22230769230769232,0.808651485870771,0.8897600263801027,0.9088422292476844,18.0,7.0,ht29+INS_TSC1,ht29+INS,TSC1,False,True,3
ht29+INS_TSC2,0.019406257,0.0020464098,9.483075,0.9935761,0.15615153,0.8145850280413568,0.14528034169285453,0.9950038034488713,0.999465690623315,0.9955357275229116,2396,1966,0.3500557839870453,0.19567541778087616,1.7889615297317505,0.8686837553977966,-0.6029390096664429,0.3214285714285715,-0.07142857142857144,0.911410135094819,0.9534852666788088,0.9558722792534106,5.0,2.0,ht29+INS_TSC2,ht29+INS,TSC2,False,True,3
ht29+INS_TTF1,0.02027741,0.003554013,5.705497,0.99318224,0.16871631,0.7880900766657214,0.17887803386370035,0.9946318196065554,0.9991198111549373,0.995508054691465,2403,1791,0.024854719638824463,0.02132512629032135,1.1655133962631226,0.5467202067375183,0.20197580754756927,0.6113573572711873,0.2653846153846154,0.8032427276587075,0.9332574290445745,0.8606872044737217,21.0,4.0,ht29+INS_TTF1,ht29+INS,TTF1,False,True,3
ht29+INS_TTF2,0.027896667,0.017086308,1.6326913,0.9906202,0.49618557,0.6956384957355148,0.4810427795751763,0.9923485570683293,0.9965298432782406,0.9958041535453105,2948,1215,0.0227799229323864,0.04194578155875206,0.54308021068573,-0.012952654622495174,0.23499321937561035,0.17547487012807164,0.18076923076923077,0.31158641237885387,0.3959948470958753,0.7868446134184542,20.0,5.0,ht29+INS_TTF2,ht29+INS,TTF2,False,True,3
ht29+INS_XBP1,0.024455661,0.0057938616,4.2209606,0.9922564,0.29047763,0.747471462538587,0.30186156245108325,0.9937966416959249,0.9986117584492678,0.9951781894088447,2617,1557,0.03414459154009819,0.0531616248190403,0.6422789096832275,0.9619541168212891,0.30699679255485535,-0.09888419354502058,0.3569230769230769,0.9678013264140087,0.979474189741316,0.9880825207549471,21.0,4.0,ht29+INS_XBP1,ht29+INS,XBP1,False,True,3
ht29+INS_ZNF593,0.019336069,0.0007581984,25.502651,0.9935724,0.077775545,0.801189110393294,0.07288882950128887,0.9949868900770529,0.9998023933630856,0.9951835449504831,2323,2033,,,,,,,,,,,,,ht29+INS_ZNF593,ht29+INS,ZNF593,False,True,3
ht29+TGFB_AKT1,0.024212778,0.0017782823,13.615823,0.99254036,0.019059237,0.8160428265075252,0.09095175073667258,0.9941843116305598,0.9995514083513374,0.9946304945639263,2053,1672,,,,,,,,,,,,,ht29+TGFB_AKT1,ht29+TGFB,AKT1,False,True,3
ht29+TGFB_ATF2,0.025316909,0.005345672,4.735964,0.9920093,0.21256948,0.7888986660864757,0.27475282256518135,0.9936919777628521,0.9987439153502418,0.9949417087706431,2299,1280,0.021242018789052963,0.05771699175238609,0.36803752183914185,0.4385313391685486,0.49496376514434814,0.2333333333333333,0.26666666666666666,0.8427551064985218,0.9098892068661598,0.9262172802347428,8.0,1.0,ht29+TGFB_ATF2,ht29+TGFB,ATF2,False,True,3
ht29+TGFB_CHUK,0.024529481,0.008985933,2.7297645,0.9921495,0.3146276,0.7732919734216643,0.31990866649798266,0.99379628878324,0.9979715676047681,0.9958162346933899,2327,1252,0.07797504216432571,0.10756086558103561,0.7249387502670288,0.5616534948348999,0.024201011285185814,0.4115384615384615,0.12461538461538461,0.8409594939207853,0.9622893499988091,0.873915412159374,21.0,4.0,ht29+TGFB_CHUK,ht29+TGFB,CHUK,False,True,3
ht29+TGFB_CREBBP,0.030046994,0.005522122,5.441204,0.99093676,0.02757097,0.7904009227526547,0.12192672827883645,0.9928845754586093,0.9986100596587713,0.9942665466417209,2069,1560,0.039454106241464615,0.07452208548784256,0.5294283628463745,0.7784032821655273,0.6484965085983276,0.6923076923076923,-0.2912087912087912,0.8182241160404736,0.6625593102601215,1.2349447111674243,12.0,1.0,ht29+TGFB_CREBBP,ht29+TGFB,CREBBP,False,True,3
ht29+TGFB_CUL1,0.03829506,0.06030762,0.6349954,0.98569393,0.5453718,0.7240946580659705,0.5284691617181585,0.988374771859677,0.9890859626413011,0.9992809616064868,2610,875,0.1888769119977951,0.3063197135925293,0.6166005730628967,0.32582995295524597,0.0585063099861145,0.30674641600929814,0.024615384615384615,0.7334908000596508,0.8718499022281435,0.841303988433221,22.0,3.0,ht29+TGFB_CUL1,ht29+TGFB,CUL1,False,True,3
ht29+TGFB_EP300,0.02872021,0.017877262,1.6065217,0.9904389,0.38236052,0.7555556586101764,0.39377966918485846,0.9923694342904408,0.9960778684107057,0.9962769636412243,2456,1096,0.17598606646060944,0.14182926714420319,1.240830421447754,0.7770484089851379,-0.2859894335269928,0.7628390216126207,-0.022307692307692306,0.8661236976095585,0.9691399666470227,0.8937034147978912,21.0,4.0,ht29+TGFB_EP300,ht29+TGFB,EP300,False,True,3
ht29+TGFB_FOS,0.022814218,0.004037839,5.650106,0.99262965,0.19111311,0.8106180250444857,0.19984163550994843,0.9942297545666003,0.9990281233618701,0.9951969632455165,2155,1471,0.06336958706378937,0.08118953555822372,0.7805142402648926,0.867819607257843,0.0673137903213501,0.6,-0.19999999999999998,0.957741258133334,0.9440187518153558,1.0145362645515141,4.0,1.0,ht29+TGFB_FOS,ht29+TGFB,FOS,False,False,3
ht29+TGFB_FOXP2,0.025584146,0.0047203223,5.42,0.9920645,0.2119647,0.7848916414576317,0.2687175587100506,0.9937383751228555,0.9988808783934309,0.994851735195045,2284,1335,0.12614233791828156,0.4751262962818146,0.2654922306537628,0.9999334812164307,0.9440039992332458,1.0,1.0,0.9998243706339776,0.9928524650590175,1.0070220962532894,3.0,0.0,ht29+TGFB_FOXP2,ht29+TGFB,FOXP2,False,True,3
ht29+TGFB_HDAC4,0.033553697,0.009226598,3.6366272,0.99045336,0.31838718,0.735302518183306,0.34378142744373363,0.992329196863331,0.9978841226792149,0.9944332957207802,2395,1178,0.09387647360563278,0.17222003638744354,0.5450960993766785,0.9588472843170166,0.25820979475975037,0.5876923076923077,0.01769230769230769,0.9678826056622893,0.9725707399679514,0.995179646977847,23.0,2.0,ht29+TGFB_HDAC4,ht29+TGFB,HDAC4,False,True,3
ht29+TGFB_HDAC5,0.023170572,0.0014558163,15.915862,0.99291545,0.08663058,0.8161110094443493,0.12615568706512886,0.9944888855778371,0.9996320556284893,0.9948549368523215,2116,1660,,,,,,,,,,,,,ht29+TGFB_HDAC5,ht29+TGFB,HDAC5,False,True,3
ht29+TGFB_HRAS,0.022277517,0.001290935,17.256886,0.9931526,0.12215258,0.8243719549710425,0.1418025710269396,0.994685436114426,0.9996738300549378,0.9950099784644381,2174,1671,,,,,,,,,,,,,ht29+TGFB_HRAS,ht29+TGFB,HRAS,False,True,3
ht29+TGFB_IKBKB,0.030577833,0.023096396,1.3239223,0.9899179,0.48185185,0.7241042371315616,0.4816034281835868,0.9918831470566187,0.9951763070289352,0.9966908778383721,2580,971,0.05172935500741005,0.1487562209367752,0.3477458357810974,0.16160064935684204,0.24966514110565186,0.14373822442439296,0.33,0.6494303441293833,0.9183265961941091,0.7071888659447162,23.0,2.0,ht29+TGFB_IKBKB,ht29+TGFB,IKBKB,False,True,3
ht29+TGFB_IRF7,0.023667693,0.0021547212,10.984109,0.9928193,0.12812129,0.8067760463810417,0.15953127147858415,0.9943876059080675,0.9994649548086069,0.9949199330340586,2118,1569,,,,,,,,,,,,,ht29+TGFB_IRF7,ht29+TGFB,IRF7,False,True,3
ht29+TGFB_JUN,0.0245769,0.0033398566,7.3586693,0.9923143,0.10379629,0.809870004819572,0.14230423258188993,0.9939966973548107,0.999179250887048,0.9948131893975617,2068,1596,0.17595957219600677,0.11452484130859375,1.5364314317703247,1.0,-1.0,0.9999999999999999,-0.9999999999999999,0.8853744335483171,0.9959188179151468,0.8890026150944281,1.0,1.0,ht29+TGFB_JUN,ht29+TGFB,JUN,False,True,3
ht29+TGFB_KRAS,0.024036573,0.002040427,11.780169,0.9927895,0.09223997,0.8142501839877362,0.12318848318893866,0.9943832571116464,0.9994842794436803,0.9948963456084841,2111,1689,,,,,,,,,,,,,ht29+TGFB_KRAS,ht29+TGFB,KRAS,False,True,3
ht29+TGFB_MAP3K7,0.024904361,0.002175338,11.448502,0.99235654,0.021433389,0.8029058448479692,0.07975647675616648,0.9940250392172431,0.9994561728242337,0.9945659111878378,2005,1685,,,,,,,,,,,,,ht29+TGFB_MAP3K7,ht29+TGFB,MAP3K7,False,True,3
ht29+TGFB_MAPK1,0.026712608,0.012585021,2.1225717,0.9911902,0.2676782,0.7963893469764161,0.29528555809010854,0.9930462734687682,0.9970554863597284,0.995978947063821,2281,1275,0.18637146055698395,0.23209938406944275,0.8029812574386597,0.6980489492416382,0.21465590596199036,0.7838461538461537,0.006153846153846154,0.7858694335166656,0.7723943916426463,1.0174458049149762,21.0,4.0,ht29+TGFB_MAPK1,ht29+TGFB,MAPK1,False,True,3
ht29+TGFB_MAPK3,0.022400916,0.0026456334,8.467128,0.99320537,0.21548077,0.8059414678353175,0.20248520698599648,0.9946887131080244,0.9993463875176856,0.995339279285103,2148,1517,,,,,,,,,,,,,ht29+TGFB_MAPK3,ht29+TGFB,MAPK3,False,True,3
ht29+TGFB_MAPK14,0.027618203,0.0034465226,8.013353,0.99150133,0.0013054088,0.7987454736406024,0.1003115870867935,0.9933380608394997,0.9991391695463093,0.9941938932196565,2055,1613,,,,,,,,,,,,,ht29+TGFB_MAPK14,ht29+TGFB,MAPK14,False,True,3
ht29+TGFB_MED15,0.03862086,0.012071173,3.199429,0.9886348,0.06666133,0.7640360904588881,0.12889970030388842,0.990956422026202,0.9969450357253928,0.9939930352380627,2077,1541,0.1913740187883377,0.1786821484565735,1.0710303783416748,0.604705810546875,-0.07819866389036179,0.5738461538461538,-0.06230769230769231,0.7147363460859399,0.757631950259708,0.9433820020934124,20.0,5.0,ht29+TGFB_MED15,ht29+TGFB,MED15,False,True,3
ht29+TGFB_MYC,0.024682332,0.0019865055,12.425001,0.99244845,0.032652386,0.8138559476454142,0.10515723437683366,0.9941099345431739,0.9994996556644228,0.9946075808123555,2074,1641,,,,,,,,,,,,,ht29+TGFB_MYC,ht29+TGFB,MYC,False,True,3
ht29+TGFB_NFKB1,0.029147904,0.0067146104,4.340967,0.9910648,0.17382003,0.7720565165108686,0.23099095506986,0.9929238057829352,0.9984004839831476,0.9945145477310237,2206,1385,0.04529606178402901,0.07363729923963547,0.6151238679885864,0.7485338449478149,0.27352145314216614,0.4930769230769231,0.14615384615384616,0.8685843974891446,0.959825157023121,0.9049402290965598,22.0,3.0,ht29+TGFB_NFKB1,ht29+TGFB,NFKB1,False,True,3
ht29+TGFB_NRAS,0.02983512,0.01414518,2.1092076,0.99051917,0.39743823,0.7352676440540564,0.40920087254556575,0.9923889478240716,0.996947222202577,0.9954277676119757,2469,1073,0.051618918776512146,0.1714482456445694,0.30107581615448,0.8128970265388489,0.637287437915802,0.5954991454646177,0.5453846153846154,0.8758157042780379,0.934966012711247,0.936735338366276,22.0,3.0,ht29+TGFB_NRAS,ht29+TGFB,NRAS,False,True,3
ht29+TGFB_PAK1,0.022855248,0.0015078518,15.15749,0.99301887,0.09037773,0.8205800434532158,0.12835420666009073,0.9945720615698508,0.9996192397749188,0.9949508992982122,2080,1661,,,,,,,,,,,,,ht29+TGFB_PAK1,ht29+TGFB,PAK1,False,True,3
ht29+TGFB_PIK3CA,0.025310198,0.0042352905,5.976024,0.99207133,0.13395181,0.797895624748283,0.17306526048346269,0.9937731413216447,0.9989687504036988,0.9947990274170694,2165,1451,,,,,,,,,,,,,ht29+TGFB_PIK3CA,ht29+TGFB,PIK3CA,False,True,3
ht29+TGFB_PPP2CA,0.024947045,0.008006253,3.115945,0.9917097,0.21875893,0.7909357271312009,0.24316520923007456,0.9934605845911516,0.99818259659152,0.9952693905739365,2231,1355,0.03239624574780464,0.06940904259681702,0.4667438864707947,0.4568786025047302,0.34479331970214844,0.39,0.33076923076923076,0.8900980383477936,0.970268208570777,0.9173731865943793,20.0,5.0,ht29+TGFB_PPP2CA,ht29+TGFB,PPP2CA,False,True,3
ht29+TGFB_PRKCA,0.022574162,0.0017563713,12.852727,0.99307823,0.120175205,0.8161162051956928,0.14516105166023519,0.9946106030181636,0.9995583947899633,0.995050022292255,2117,1614,,,,,,,,,,,,,ht29+TGFB_PRKCA,ht29+TGFB,PRKCA,False,True,3
ht29+TGFB_RAF1,0.024544818,0.0052562105,4.6696796,0.9923043,0.24765907,0.7789958585692747,0.2742325860468152,0.9939190287349833,0.9987659986670067,0.9951470415107319,2258,1346,0.1113487184047699,0.07243108749389648,1.5373055934906006,0.7966099381446838,-0.3341940641403198,0.7892307692307692,-0.08461538461538462,0.8779489457100951,0.9686132329835566,0.9063978436530397,20.0,5.0,ht29+TGFB_RAF1,ht29+TGFB,RAF1,False,True,3
ht29+TGFB_RBL1,0.026931085,0.0062969956,4.276815,0.9918716,0.27595097,0.7651942196336751,0.2911428515081145,0.9935277966694902,0.9985210935200863,0.9949993075929991,2320,1257,0.09992432594299316,0.12872561812400818,0.7762582898139954,0.9733148217201233,-0.15148994326591492,0.772071566503545,-0.036923076923076927,0.9771613011688299,0.9736413565050954,1.0036152374179845,21.0,4.0,ht29+TGFB_RBL1,ht29+TGFB,RBL1,False,True,3
ht29+TGFB_RBX1,0.025301117,0.010755194,2.3524556,0.9915118,0.33389366,0.7528774157565861,0.3327505846559398,0.9932656077403857,0.9976672698347294,0.9955880460074902,2315,1260,0.052765339612960815,0.10290016233921051,0.5127819180488586,0.408496618270874,0.5836532711982727,0.4526560232736885,0.48615384615384616,0.8277392861546087,0.9541898306023769,0.8674786291026174,20.0,5.0,ht29+TGFB_RBX1,ht29+TGFB,RBX1,False,True,3
ht29+TGFB_RELA,0.024120364,0.0038534515,6.259418,0.9923514,0.110371575,0.8084080382372091,0.16608315624372724,0.9940200480746045,0.9990657315722603,0.9949495980712748,2097,1523,0.9024511575698853,0.17072133719921112,5.286106586456299,1.0,-1.0,0.9999999999999999,-0.9999999999999999,0.9346130746037649,0.9999359020425622,0.9346729852329906,1.0,1.0,ht29+TGFB_RELA,ht29+TGFB,RELA,False,True,3
ht29+TGFB_RHOA,0.03097863,0.020104244,1.5409,0.9894071,0.22551197,0.7964013330568501,0.23981012327502518,0.9915647418407618,0.9953711968619843,0.9961758437121521,2163,1387,0.32752177119255066,0.4616391360759735,0.7094757556915283,0.7381662130355835,0.33288174867630005,0.7953846153846152,0.19384615384615386,0.8316802275605053,0.8221199350655778,1.0116288294288411,21.0,4.0,ht29+TGFB_RHOA,ht29+TGFB,RHOA,False,False,3
ht29+TGFB_RPS6KB1,0.024605367,0.0020331882,12.101864,0.992676,0.06851103,0.8026358101228551,0.1176630404321875,0.9942628172363983,0.9994868712471352,0.9947732640007383,2091,1647,,,,,,,,,,,,,ht29+TGFB_RPS6KB1,ht29+TGFB,RPS6KB1,False,True,3
ht29+TGFB_RUNX1,0.023270084,0.0012552034,18.538895,0.9928881,0.058096435,0.8249537647063019,0.11564111857668928,0.994486633391434,0.9996827654900446,0.9948022189858764,2137,1742,,,,,,,,,,,,,ht29+TGFB_RUNX1,ht29+TGFB,RUNX1,False,True,3
ht29+TGFB_RUNX2,0.023797564,0.003860535,6.1643176,0.9925883,0.22202307,0.7887370539318425,0.24705114236864736,0.9941645067815508,0.9990789030461453,0.9950810729266619,2223,1388,,,,,,,,,,,,,ht29+TGFB_RUNX2,ht29+TGFB,RUNX2,False,True,3
ht29+TGFB_RUNX3,0.023330668,0.0022553063,10.344789,0.9927621,0.088046744,0.8155717076637891,0.1361387752239539,0.9943538004425244,0.9994398034236326,0.9949111462604493,2073,1605,,,,,,,,,,,,,ht29+TGFB_RUNX3,ht29+TGFB,RUNX3,False,True,3
ht29+TGFB_SKP1,0.038025435,0.034236334,1.1106749,0.98815656,0.59093213,0.7010369494072134,0.5739035776775004,0.9903156242664312,0.993155479027294,0.9971405738367932,2733,775,0.07928874343633652,0.19363757967948914,0.4094698131084442,0.5235900282859802,0.007663160562515259,0.5311000396057041,0.02846153846153846,0.7801688267587185,0.897607849199052,0.8691644435316312,22.0,3.0,ht29+TGFB_SKP1,ht29+TGFB,SKP1,False,True,3
ht29+TGFB_SMAD1,0.023469789,0.0032243035,7.279026,0.9926146,0.12607878,0.8125905457158111,0.18463954262846524,0.994223964396859,0.9992102957968331,0.9950097277610639,2165,1485,0.01152852550148964,0.06774556636810303,0.17017386853694916,1.0,1.0,0.9999999999999999,0.9999999999999999,0.9999996183234595,0.9999783319497815,1.0000212868349223,2.0,0.0,ht29+TGFB_SMAD1,ht29+TGFB,SMAD1,False,True,3
ht29+TGFB_SMAD2,0.022482984,0.0017905142,12.556719,0.99293363,0.08264512,0.8201811341049327,0.12718670210613162,0.9945102178550673,0.9995490478206188,0.994958896737946,2125,1663,,,,,,,,,,,,,ht29+TGFB_SMAD2,ht29+TGFB,SMAD2,False,True,3
ht29+TGFB_SMAD3,0.022009695,0.0019331009,11.385694,0.99317235,0.15997832,0.8154135755738021,0.15227021122507528,0.994691434547559,0.9995119093316546,0.9951771712381908,2143,1673,,,,,,,,,,,,,ht29+TGFB_SMAD3,ht29+TGFB,SMAD3,False,True,3
ht29+TGFB_SMAD4,0.025195545,0.004741443,5.313898,0.9920695,0.22200927,0.7847821614482057,0.2584775432077837,0.9937458773791755,0.9988718310599719,0.994868256845969,2227,1374,,,,,,,,,,,,,ht29+TGFB_SMAD4,ht29+TGFB,SMAD4,False,True,3
ht29+TGFB_SMAD5,0.029975953,0.009912322,3.02411,0.9908321,0.30556595,0.7427591476690484,0.3633629699574793,0.9926750743022091,0.9977648417779716,0.994898830603519,2436,1127,0.03047117218375206,0.08920463919639587,0.3415873050689697,0.4736160933971405,0.37338894605636597,0.6438461538461538,0.33230769230769236,0.8269733104461997,0.9670671167260702,0.8551353842387414,22.0,3.0,ht29+TGFB_SMAD5,ht29+TGFB,SMAD5,False,True,3
ht29+TGFB_SMAD6,0.02399889,0.0022181144,10.8195,0.9926381,0.065057166,0.8085791041291253,0.1206632452136244,0.9942528891464089,0.9994406797391607,0.9948093061470084,2105,1639,,,,,,,,,,,,,ht29+TGFB_SMAD6,ht29+TGFB,SMAD6,False,True,3
ht29+TGFB_SMAD7,0.022773653,0.003370333,6.757093,0.992883,0.21103525,0.80125889523673,0.2396419557993105,0.9944183934608445,0.9991850670986921,0.9952294386747707,2185,1432,0.054536327719688416,0.08777068555355072,0.6213501691818237,0.9341951012611389,-0.4907662570476532,0.7999999999999999,-0.19999999999999998,0.9862622806238887,0.9854048250000571,1.0008701556985289,3.0,1.0,ht29+TGFB_SMAD7,ht29+TGFB,SMAD7,False,True,3
ht29+TGFB_SMAD9,0.021750007,0.0020014779,10.866974,0.9930555,0.11732944,0.8196681681834664,0.13411073452639188,0.9945932568068859,0.9994958985087784,0.9950948856226353,2105,1624,,,,,,,,,,,,,ht29+TGFB_SMAD9,ht29+TGFB,SMAD9,False,True,3
ht29+TGFB_SMURF1,0.02380395,0.0021721001,10.958956,0.9926028,0.06099863,0.8306067404942307,0.12429791655048225,0.9942649763988689,0.9994537882473202,0.9948083524126207,2155,1691,1.2636752128601074,1.7311965227127075,0.7299432754516602,,,,,,,,1.0,0.0,ht29+TGFB_SMURF1,ht29+TGFB,SMURF1,False,False,3
ht29+TGFB_SMURF2,0.022638716,0.0022237792,10.180289,0.9929367,0.11554976,0.8168568416042481,0.1469325611608669,0.9944985871154557,0.9994438427767504,0.995051992468576,2105,1588,0.7135061621665955,1.1199040412902832,0.637113630771637,,,,,,,,1.0,0.0,ht29+TGFB_SMURF2,ht29+TGFB,SMURF2,False,True,3
ht29+TGFB_SP1,0.027093798,0.003964613,6.833907,0.9919137,0.08572069,0.7939162039155667,0.14337585134036454,0.9936263005480486,0.9990118342783568,0.9946091392058448,2104,1516,0.00869231391698122,0.03549739345908165,0.24487189948558807,0.8320878744125366,-0.1655915379524231,0.7142857142857144,-0.3571428571428572,0.9175143883292392,0.9559713405261947,0.9597718565749181,7.0,0.0,ht29+TGFB_SP1,ht29+TGFB,SP1,False,True,3
ht29+TGFB_TGFBR1,0.024427453,0.004153443,5.8812537,0.99219495,0.2149074,0.8185368706469615,0.17046661072065034,0.9939013503894678,0.9989701092533625,0.9949260154864061,2113,1589,0.043512485921382904,0.09180586785078049,0.4739619195461273,0.6079006791114807,0.7235796451568604,0.6428571428571429,0.6428571428571429,0.8345072411779653,0.8215053797775174,1.0158268731045548,7.0,1.0,ht29+TGFB_TGFBR1,ht29+TGFB,TGFBR1,False,True,3
ht29+TGFB_TGFBR2,0.024086602,0.0028357948,8.493774,0.9926471,0.15776697,0.8051045547133225,0.12593569211933575,0.9942347119143781,0.9992882488079201,0.9949428636836563,2094,1685,,,,,,,,,,,,,ht29+TGFB_TGFBR2,ht29+TGFB,TGFBR2,False,False,3
ht29+TGFB_TGFBR3,0.023217758,0.0047772233,4.8600945,0.9925404,0.19170544,0.8022352666513985,0.22424083818789883,0.9941428263097289,0.9988790428766757,0.9952584683794077,2182,1424,0.06351011246442795,0.14591406285762787,0.4352569580078125,0.9380003809928894,0.6685627102851868,0.22424242424242422,0.5272727272727272,0.9631525475692965,0.9850236777265772,0.9777963406851712,8.0,2.0,ht29+TGFB_TGFBR3,ht29+TGFB,TGFBR3,False,True,3
ht29+TGFB_TGIF1,0.023787849,0.006763777,3.5169473,0.992424,0.2527721,0.7887181428825896,0.22083434237284005,0.9940406681173739,0.9983553019374841,0.9956782582195568,2170,1454,0.0731172263622284,0.08916042000055313,0.8200637102127075,0.7243930101394653,0.03577336668968201,0.6023076923076923,-0.07692307692307691,0.8655081843852881,0.9774445919256199,0.8854805597524348,20.0,5.0,ht29+TGFB_TGIF1,ht29+TGFB,TGIF1,False,True,3
ht29+TNFA_FOS,0.0020600313,0.0016058884,1.2827985,0.999382,0.27696657,0.8913139123753863,0.23281847538975495,0.9995082363809773,0.9996059812438413,0.9999022166086458,2310,1687,0.007744648028165102,0.009355217218399048,0.827842652797699,0.8474534153938293,0.1337667554616928,0.8001129305477132,0.06041784302653869,0.9508971715382954,0.9543175862205302,0.9964158528233972,18.0,4.0,ht29+TNFA_FOS,ht29+TNFA,FOS,True,False,3
ht29+TNFA_ID2,0.00917439,0.0014756161,6.217328,0.9980327,0.18276535,0.7635542382579295,0.1583294415401864,0.9982359629447428,0.9996262776460861,0.9986091655127182,2272,1768,0.0007447450188919902,0.008551282808184624,0.08709161728620529,0.31674724817276,0.8042415380477905,0.21428571428571433,0.8571428571428573,0.8375566264589206,0.9590769052123144,0.8732945417693148,7.0,0.0,ht29+TNFA_ID2,ht29+TNFA,ID2,True,False,3
ht29+TNFA_ITCH,0.004829573,0.0039243307,1.2306743,0.99861526,0.14480689,0.875162200280417,0.12537771285343763,0.9988440932605981,0.99907000471753,0.9997738782509081,2101,1839,0.0217413492500782,0.026782579720020294,0.8117720484733582,0.6801496148109436,0.22783559560775757,0.5622417162218463,0.13615384615384615,0.889703113823738,0.8951053322710338,0.9939647120260255,17.0,8.0,ht29+TNFA_ITCH,ht29+TNFA,ITCH,True,False,3
ht29+TNFA_NFKBIE,0.0018561702,0.0013421467,1.3829862,0.99939877,0.2717318,0.8941825934048481,0.25105229884578434,0.9995294735778661,0.9996598035736891,0.9998696256512896,2414,1678,0.0061330427415668964,0.010646958835422993,0.5760370492935181,0.7222457528114319,-0.4872574210166931,1.0,-0.5,0.9940674922998761,0.999244598470017,0.9948189800794843,3.0,0.0,ht29+TNFA_NFKBIE,ht29+TNFA,NFKBIE,True,False,3
k562+IFNB_FOS,0.0063770674,0.012678007,0.50300235,0.99758935,0.6467658,0.8879471048606739,0.5307379962495447,0.998104974341091,0.9967035518889802,1.0014060574475276,2559,1024,0.12594422698020935,0.3351411819458008,0.37579452991485596,0.9699870944023132,0.6905274391174316,0.8251748251748254,0.3706293706293707,0.9763326640258548,0.9622833237022862,1.0146000039463587,12.0,0.0,k562+IFNB_FOS,k562+IFNB,FOS,True,False,3
k562+IFNB_ID2,0.031524822,0.009952736,3.1674528,0.99468875,0.55359006,0.7360041394404226,0.46899537142477793,0.9949673231188778,0.9973679909146774,0.9975929969503052,2579,1051,0.027667786926031113,0.25419914722442627,0.10884295403957367,1.0,1.0,0.9999999999999999,0.9999999999999999,0.9837009756493499,0.9586355966908697,1.026146931164463,2.0,0.0,k562+IFNB_ID2,k562+IFNB,ID2,True,False,3
k562+IFNB_STAT1,0.006580931,0.011234418,0.585783,0.99759364,0.67976916,0.8767292355415911,0.4904101320880185,0.9980853946046321,0.9968912304081144,1.0011978881547876,2513,1105,0.12510095536708832,0.48170194029808044,0.25970613956451416,0.9986075758934021,0.8219623565673828,0.9545454545454546,0.8909090909090911,0.9976614836823083,0.9804105528711998,1.0175956192643867,11.0,0.0,k562+IFNB_STAT1,k562+IFNB,STAT1,True,False,3
k562+IFNG_IRF2,0.009705551,0.03198603,0.3034309,0.9959615,0.7841847,0.8372818781364699,0.6950563214814853,0.9967272342468892,0.9929829650095275,1.0037707285716888,2673,666,0.06220773234963417,0.30713602900505066,0.2025413066148758,0.95180344581604,0.778361439704895,0.7584615384615384,0.6499999999999999,0.952440910341294,0.9008389050472296,1.0572821677715605,25.0,0.0,k562+IFNG_IRF2,k562+IFNG,IRF2,True,False,3
k562+IFNG_IRF5,0.014859512,0.0070661698,2.102909,0.9968672,0.53125393,0.8302063290899904,0.42972624103588614,0.9972602830559796,0.998035253617214,0.999223503820706,2347,1124,0.020299557596445084,0.16461944580078125,0.12331202626228333,,,,,,,,1.0,0.0,k562+IFNG_IRF5,k562+IFNG,IRF5,True,False,3
k562+IFNG_RFX5,0.00643794,0.012722651,0.5060219,0.9975239,0.67114806,0.8660082209943304,0.5622979022295796,0.9980198073904617,0.9967756220515254,1.0012482100398639,2522,896,0.04149724170565605,0.24902455508708954,0.16663914918899536,0.9863616228103638,0.9344750642776489,0.9020979020979022,0.7132867132867133,0.9775859872756859,0.9479077277719143,1.0313092283502439,12.0,0.0,k562+IFNG_RFX5,k562+IFNG,RFX5,True,False,3
k562+IFNG_SOX2,0.17274286,0.24632378,0.70128375,0.9532281,0.6679242,0.7332006485716478,0.7074535928361153,0.9584800673627125,0.9472837406638364,1.0118194013242854,2532,537,1.4992318153381348,2.1168735027313232,0.7082293033599854,0.7373035550117493,0.24782972037792206,0.5646646383882684,0.24230769230769234,0.5559195611377953,0.5056504056965869,1.0994148424976684,25.0,0.0,k562+IFNG_SOX2,k562+IFNG,SOX2,True,False,3
k562+IFNG_STAT1,0.008042978,0.00892338,0.9013376,0.99731016,0.5755829,0.8682827114473785,0.3786908579809653,0.9977972855982603,0.9974250696883941,1.0003731768141566,2277,1236,0.13974475860595703,0.7375702857971191,0.18946635723114014,0.9973777532577515,0.8828725218772888,0.9166666666666666,0.9,0.9973754689567987,0.9859713868953426,1.011566341795542,9.0,0.0,k562+IFNG_STAT1,k562+IFNG,STAT1,True,False,3
k562+INS_FOS,0.008219706,0.0059399786,1.3837938,0.99722123,0.3959515,0.9054404302367324,0.261474566146005,0.997822904733387,0.9982652106435795,0.9995569254487919,2346,1694,0.07000142335891724,0.15291321277618408,0.45778530836105347,0.7805404663085938,0.7194231152534485,0.78,0.6199999999999999,0.8338023923143132,0.772446668796122,1.0794303684600202,20.0,5.0,k562+INS_FOS,k562+INS,FOS,True,False,3
k562+INS_SMARCE1,0.16289537,0.23683637,0.68779707,0.9604168,0.65206075,0.7695974594677253,0.6520290049532774,0.9648468689623444,0.9565237188512502,1.0087014571066675,2840,847,0.4712652564048767,0.6920910477638245,0.6809295415878296,-0.25617924332618713,0.2557602524757385,-0.31137618438976383,0.14615384615384616,0.08969419886443464,0.05333157338488026,1.681821727199658,23.0,2.0,k562+INS_SMARCE1,k562+INS,SMARCE1,True,False,3
k562+INS_SREBF1,0.007304802,0.0061782966,1.1823326,0.9974263,0.4463826,0.907092312027519,0.35169665253619387,0.9980037557980498,0.9981965290189799,0.9998068784900308,2603,1554,0.21576203405857086,0.2927219569683075,0.737088680267334,0.9535766243934631,0.7068814039230347,0.9666666666666667,0.9333333333333332,0.9430889383359673,0.836578306255112,1.1273169902739208,9.0,0.0,k562+INS_SREBF1,k562+INS,SREBF1,True,False,3
k562+INS_TAF7,0.012972815,0.00904656,1.4340053,0.99631447,0.36298108,0.8938684618445997,0.28383808283686796,0.9970569312052547,0.9973575573714271,0.9996985773417463,2491,1620,0.019770056009292603,0.07906336337327957,0.2500533163547516,0.3129897713661194,0.9486121535301208,0.41958041958041964,0.9300699300699302,0.8257949339062841,0.6808531313860438,1.2128826259859828,12.0,0.0,k562+INS_TAF7,k562+INS,TAF7,True,False,3
k562+TGFB_TGFBR2,0.0093715405,0.005259336,1.7818867,0.9969001,0.42893052,0.8658032713848186,0.35151032227401047,0.9974778471970952,0.9984162403633408,0.9990601182870342,2160,1173,,,,,,,,,,,,,k562+TGFB_TGFBR2,k562+TGFB,TGFBR2,True,False,3
k562+TNFA_ID2,0.024445456,0.002054121,11.900688,0.9959899,0.27805835,0.7901729226276772,0.2481918299173,0.9962411847556192,0.9994126772529697,0.9968266437183209,2416,1560,,,,,,,,,,,,,k562+TNFA_ID2,k562+TNFA,ID2,True,False,3
mcf7+IFNB_FOS,0.004188094,0.0037332817,1.1218263,0.998962,0.4640778,0.8733321842538098,0.34748189075238417,0.9991845070324317,0.9990302049373178,1.0001544518817862,2494,1505,0.0653485655784607,0.08338523656129837,0.7836946845054626,0.5687345862388611,0.7549174427986145,0.7999999999999999,1.0,0.7777661649883706,0.6983185770232128,1.1137698331094477,3.0,1.0,mcf7+IFNB_FOS,mcf7+IFNB,FOS,True,False,3
mcf7+IFNG_ATF3,0.003146114,0.0030079188,1.0459439,0.9989948,0.44980565,0.8719960440901942,0.34621099631320573,0.9992097467640796,0.9992164530514102,0.9999932884538579,2268,1306,,,,,,,,,,,,,mcf7+IFNG_ATF3,mcf7+IFNG,ATF3,True,False,3
mcf7+IFNG_IRF5,0.006472326,0.0027855672,2.3235216,0.998717,0.40222535,0.8395192827603221,0.29768283025918746,0.9989134370238834,0.9992703197350886,0.9996428566883685,2221,1417,,,,,,,,,,,,,mcf7+IFNG_IRF5,mcf7+IFNG,IRF5,True,False,3
mcf7+IFNG_SOX2,0.05377032,0.071655594,0.7503995,0.98791456,0.564814,0.8235696479682931,0.5202429385394117,0.9895039775150342,0.9868864313018134,1.0026523276946546,2405,952,0.5640041828155518,0.7630620002746582,0.739132821559906,0.9639785885810852,0.23086489737033844,0.7462927803033099,-0.12307692307692307,0.9205954325362538,0.8917373346142748,1.0323616571851415,23.0,2.0,mcf7+IFNG_SOX2,mcf7+IFNG,SOX2,True,False,3
mcf7+INS_SMARCE1,0.034820665,0.044488426,0.7826904,0.9904264,0.42508873,0.8282311444986341,0.31908331794767747,0.9919018133896614,0.9902883037481869,1.001629333230906,2312,1415,0.3954678475856781,0.5839396715164185,0.6772409081459045,0.8328395485877991,0.4717128574848175,0.7815210549499435,0.3153846153846154,0.8844054310924856,0.878275081988602,1.0069799875114334,20.0,5.0,mcf7+INS_SMARCE1,mcf7+INS,SMARCE1,True,False,3
mcf7+INS_SREBF1,0.003189645,0.0026698154,1.1947062,0.9989078,0.51240796,0.8886464679500384,0.31828177186942563,0.9991403086179698,0.9992849619912075,0.9998552431200911,2530,1552,0.1445215493440628,0.3053792417049408,0.47325268387794495,-0.7606832385063171,0.8816308975219727,-0.7,0.9999999999999999,0.6531565513348139,0.6105881695656161,1.0697170104024152,4.0,1.0,mcf7+INS_SREBF1,mcf7+INS,SREBF1,True,False,3
mcf7+TGFB_RHOA,0.026432144,0.044089727,0.599508,0.993333,0.6852801,0.8252859097427618,0.5151734433275087,0.9941901651458236,0.9909411506812448,1.0032787158574907,2068,817,0.3379260003566742,0.7437090873718262,0.45437929034233093,0.947529673576355,0.48134154081344604,0.9053846153846155,0.4123076923076923,0.9498962152642253,0.9300908789347485,1.021293979736862,24.0,1.0,mcf7+TGFB_RHOA,mcf7+TGFB,RHOA,True,False,3
mcf7+TGFB_SMURF1,0.004972585,0.00488804,1.0172963,0.99833465,0.47255522,0.8875278017076151,0.4246689783729286,0.998686900595602,0.9986783126431765,1.0000085993180354,2301,1048,0.8886053562164307,1.1212396621704102,0.7925204634666443,,,,,,,,1.0,0.0,mcf7+TGFB_SMURF1,mcf7+TGFB,SMURF1,True,False,3
mcf7+TGFB_TGFBR2,0.009825817,0.014243214,0.6898595,0.9966481,0.5636615,0.8628683349629231,0.41659769120598145,0.9973311253161642,0.9960680676332333,1.0012680435443855,2142,984,0.22686515748500824,0.48141226172447205,0.47124922275543213,0.12678956985473633,0.8576674461364746,0.16666666666666669,0.8833333333333333,0.8316965417974581,0.8067485385896537,1.0309241380857264,7.0,2.0,mcf7+TGFB_TGFBR2,mcf7+TGFB,TGFBR2,True,False,3
mcf7+TNFA_FOS,0.004267942,0.0029305783,1.4563481,0.99859035,0.29612565,0.8890637590924659,0.303965666080643,0.9989012677980675,0.9992427620138371,0.9996582469958738,2378,1494,0.023742951452732086,0.049071054905653,0.4838483929634094,0.8135824203491211,0.03439649939537048,0.5,0.5,0.9735543649719105,0.9997681484318668,0.9737801374237892,3.0,0.0,mcf7+TNFA_FOS,mcf7+TNFA,FOS,True,False,3
mcf7+TNFA_ITCH,0.010259645,0.013527597,0.7584233,0.99710536,0.49752986,0.877563309226114,0.239675852643767,0.9974966906393128,0.9966490743249674,1.0008504661632476,2158,1620,0.11589265614748001,0.21284650266170502,0.5444893836975098,0.9389261603355408,0.440800279378891,0.8370840701104703,0.5223076923076923,0.9396277506216971,0.8969120294966053,1.0476253185600222,24.0,1.0,mcf7+TNFA_ITCH,mcf7+TNFA,ITCH,True,False,3
mcf7+TNFA_NFKBIE,0.0026605104,0.0045110956,0.5897703,0.999158,0.64621353,0.895652606539687,0.37346819059853575,0.999341735869217,0.9988119316002726,1.0005304344613661,2459,1449,0.020088814198970795,0.17023107409477234,0.11800909042358398,0.97940993309021,0.9634982347488403,0.9476923076923076,0.9546153846153845,0.9871229123266928,0.9804140295683487,1.0068429077471464,25.0,0.0,mcf7+TNFA_NFKBIE,mcf7+TNFA,NFKBIE,True,False,3
a549+IFNB_MAPK14,0.0064973915,0.008519141,0.76268154,0.99819887,0.50228786,0.8819820399790614,0.38710961311657305,0.9986136695103279,0.9981542739177975,1.0004602450788767,2207,1211,0.11107932776212692,0.22298957407474518,0.49813687801361084,0.9914151430130005,0.7998160719871521,1.0,0.5,0.9711121922542527,0.9659210863208751,1.0053742546952258,3.0,0.0,a549+IFNB_MAPK14,a549+IFNB,MAPK14,True,False,4
a549+IFNG_CUL1,0.017545553,0.020190377,0.86900574,0.99446994,0.4217801,0.8563945067841663,0.4220294448022888,0.9956913008893831,0.9957424870527958,0.999948594979045,2260,1011,0.6503719091415405,0.6842995882034302,0.9504198431968689,0.7140369415283203,0.6114363670349121,0.3318681318681319,0.5164835164835165,0.875597480053362,0.850674658749914,1.0292977121712696,7.0,7.0,a549+IFNG_CUL1,a549+IFNG,CUL1,True,False,4
a549+INS_FOXO1,0.0071408553,0.0035072295,2.0360389,0.99870193,0.43793494,0.863267182934706,0.37176092678115824,0.998951268239129,0.9992007470728991,0.999750321610046,2308,1214,,,,,,,,,,,,,a549+INS_FOXO1,a549+INS,FOXO1,True,False,4
a549+INS_POLR2G,0.09225553,0.1412663,0.65306115,0.9832951,0.6946949,0.8051782163976295,0.6323887645119948,0.9856941578718948,0.9793795147184167,1.0064475957058319,2550,695,0.37228232622146606,0.673531174659729,0.5527321100234985,0.3781221807003021,0.21309083700180054,0.2440172628476936,0.22999999999999998,0.8433091269852008,0.8758814997547864,0.9628118954690736,25.0,0.0,a549+INS_POLR2G,a549+INS,POLR2G,True,False,4
a549+TGFB_AKT1,0.11041191,0.002042514,54.05687,0.9673372,0.020637408,0.8103129729106169,0.06865644954659274,0.9748502875111267,0.9995311849170673,0.9753075263899961,1986,1682,,,,,,,,,,,,,a549+TGFB_AKT1,a549+TGFB,AKT1,False,True,4
a549+TGFB_ATF2,0.118634254,0.0071075684,16.691257,0.96482295,0.069543,0.7775102767947236,0.18129370159337257,0.9725863901671352,0.998496795364446,0.9740505875255677,2112,1396,0.030321624130010605,0.18499958515167236,0.16390104591846466,0.26124107837677,0.7536971569061279,0.19999999999999998,0.3,0.7319718781408693,0.9894041429589062,0.7398108076966794,5.0,0.0,a549+TGFB_ATF2,a549+TGFB,ATF2,False,True,4
a549+TGFB_CHUK,0.11825515,0.0098116305,12.052548,0.9644617,0.110460855,0.7747987083589024,0.22402466374703287,0.972196346268996,0.9979508702157989,0.9741925933275316,2183,1319,0.11925341933965683,0.1132090836763382,1.0533908605575562,0.6541628241539001,0.018217328935861588,0.6932102455602331,0.23153846153846153,0.8441332500666665,0.9709108033490361,0.8694240986452451,21.0,4.0,a549+TGFB_CHUK,a549+TGFB,CHUK,False,True,4
a549+TGFB_CREBBP,0.112405226,0.003800361,29.577513,0.96735907,0.14357059,0.7757564959487215,0.10264387609683735,0.9746339397517778,0.9991351362877265,0.9754775949257649,1989,1681,,,,,,,,,,,,,a549+TGFB_CREBBP,a549+TGFB,CREBBP,False,True,4
a549+TGFB_CUL1,0.12426112,0.04168423,2.9810104,0.9569855,0.15612105,0.7764896152529532,0.2791181032547645,0.9659155553550135,0.9926890151321162,0.9730293582693272,2178,1272,0.3287688195705414,0.21449026465415955,1.5327913761138916,0.5720816850662231,-0.32026317715644836,0.5847278430918726,-0.21923076923076923,0.8532852432717887,0.9356501102913735,0.9119704405379322,16.0,9.0,a549+TGFB_CUL1,a549+TGFB,CUL1,False,False,4
a549+TGFB_EP300,0.12012564,0.019583946,6.133883,0.9620949,0.21409477,0.7484631401142975,0.3354090289038133,0.9701671987760448,0.9964033187303618,0.9736691764658637,2298,1191,0.49892863631248474,0.23744899034500122,2.101203441619873,0.6399742364883423,-0.12857487797737122,0.6484615384615384,0.07615384615384616,0.8141749503648902,0.9736644069472736,0.836196685999409,19.0,6.0,a549+TGFB_EP300,a549+TGFB,EP300,False,True,4
a549+TGFB_FOS,0.1154866,0.0041634943,27.737902,0.96568334,-0.0046451837,0.797832909714343,0.12031775024752606,0.9733999566990386,0.9990761091206304,0.9743001036785961,2056,1507,0.009143396280705929,1.3537551164627075,0.006754098925739527,,,,,,,,1.0,0.0,a549+TGFB_FOS,a549+TGFB,FOS,False,True,4
a549+TGFB_FOXP2,0.12002556,0.00593173,20.234495,0.9652857,0.101431474,0.7693400768954374,0.24567062531223977,0.9728789899904666,0.9987502964716914,0.9740963216004831,2180,1332,0.007000526413321495,0.0914907157421112,0.07651624828577042,,,,,,,,1.0,0.0,a549+TGFB_FOXP2,a549+TGFB,FOXP2,False,True,4
a549+TGFB_HDAC4,0.13525324,0.016508982,8.192706,0.9607141,0.16251984,0.730325361376023,0.3062118666071736,0.968867572697175,0.9966628642646315,0.9721116411937706,2330,1159,0.2647687792778015,0.23073352873325348,1.1475088596343994,0.7590786814689636,0.0136688482016325,0.5353846153846153,-0.026153846153846153,0.832596792979131,0.9590198103246347,0.8681747592860375,23.0,2.0,a549+TGFB_HDAC4,a549+TGFB,HDAC4,False,True,4
a549+TGFB_HDAC5,0.10807949,0.0016330989,66.18062,0.96776676,0.023691209,0.8080280607179047,0.09947165118747159,0.9752184967004597,0.9996221590485561,0.9755871134636271,2047,1667,,,,,,,,,,,,,a549+TGFB_HDAC5,a549+TGFB,HDAC5,False,True,4
a549+TGFB_HRAS,0.109111875,0.0018494648,58.99646,0.9680858,0.058724456,0.8039144716706738,0.10408937254339548,0.9755048179727026,0.9995721107153936,0.9759224047122863,2127,1734,,,,,,,,,,,,,a549+TGFB_HRAS,a549+TGFB,HRAS,False,True,4
a549+TGFB_IKBKB,0.12538765,0.03365536,3.725637,0.9600568,0.31382456,0.7293338938767495,0.44071074091707785,0.9681274504833696,0.9937909864331663,0.9741761232491087,2514,935,0.36868759989738464,0.2608118951320648,1.4136149883270264,0.3868812620639801,-0.27422481775283813,0.4938461538461539,-0.07307692307692308,0.7048190375784995,0.9552320006343049,0.7378511577401897,21.0,4.0,a549+TGFB_IKBKB,a549+TGFB,IKBKB,False,True,4
a549+TGFB_IRF7,0.1130457,0.0027493015,41.11797,0.96685433,0.042550012,0.7967638120810315,0.13087579874254746,0.9743894194052076,0.9993828498729814,0.974991135308205,2040,1585,,,,,,,,,,,,,a549+TGFB_IRF7,a549+TGFB,IRF7,False,True,4
a549+TGFB_JUN,0.11546999,0.0066060075,17.479544,0.96452594,-0.023072824,0.8028202245907172,0.10742123893338293,0.9725711842403874,0.9985721187731007,0.9739618861333126,1952,1597,0.14712852239608765,0.04915587604045868,2.9931013584136963,0.9837945103645325,-0.9884575605392456,1.0,-0.7999999999999999,0.9893137282276192,0.9856585900852861,1.0037083206894355,1.0,3.0,a549+TGFB_JUN,a549+TGFB,JUN,False,True,4
a549+TGFB_KRAS,0.120011985,0.011814985,10.157608,0.9627461,-0.03530768,0.81134824790349,0.04871768162983759,0.9713318887345513,0.9973139062500938,0.9739480043818551,1955,1659,0.26351290941238403,0.3545069396495819,0.7433223128318787,0.9509981274604797,0.41475024819374084,0.6121212121212121,0.43030303030303024,0.9666264791795137,0.9590986756618598,1.0078488311043272,7.0,3.0,a549+TGFB_KRAS,a549+TGFB,KRAS,False,True,4
a549+TGFB_MAP3K7,0.11274,0.0023504153,47.965992,0.9666374,-0.024758492,0.7969452917083844,0.05012767502716329,0.9742508534333071,0.9994618982998056,0.9747753817235202,1941,1700,,,,,,,,,,,,,a549+TGFB_MAP3K7,a549+TGFB,MAP3K7,False,True,4
a549+TGFB_MAPK1,0.11987478,0.011608931,10.326082,0.96353257,0.070549265,0.7872946227941847,0.1704458138682798,0.9715777762510666,0.9975179645063692,0.9739952670745741,2092,1440,0.19370220601558685,0.26181259751319885,0.7398505806922913,0.9322618842124939,0.1272008717060089,0.5853846153846154,0.12461538461538461,0.9569030765416916,0.9832558854077448,0.9731984224481657,18.0,7.0,a549+TGFB_MAPK1,a549+TGFB,MAPK1,False,True,4
a549+TGFB_MAPK3,0.112710685,0.003035262,37.13376,0.9666929,0.0343273,0.804578422844474,0.11320768057566352,0.9742508839933176,0.9993203401466759,0.9749134935553511,2021,1591,,,,,,,,,,,,,a549+TGFB_MAPK3,a549+TGFB,MAPK3,False,True,4
a549+TGFB_MAPK14,0.10536433,0.0033758201,31.211477,0.968071,0.091031514,0.8190723496387183,0.12306991304577375,0.9754800606789112,0.9992186464272951,0.9762428515187731,2014,1642,0.02600632794201374,0.7015281319618225,0.037070970982313156,,,,,,,,1.0,0.0,a549+TGFB_MAPK14,a549+TGFB,MAPK14,False,False,4
a549+TGFB_MED15,0.127264,0.010628768,11.973541,0.9640025,0.022179745,0.7759471430479503,0.04327762381248578,0.9720478611917941,0.9975384385656042,0.9744465211681829,1981,1726,0.4145798087120056,0.3774113655090332,1.098482608795166,0.5774449706077576,0.261684775352478,0.39560439560439564,0.010989010989010988,0.7531115561051599,0.7973642325283403,0.9445013023936867,8.0,5.0,a549+TGFB_MED15,a549+TGFB,MED15,False,False,4
a549+TGFB_MYC,0.112110056,0.002565681,43.696022,0.96656424,-0.024597948,0.8019678161172605,0.0858007265246364,0.9742445321315875,0.9994185979104927,0.9748112894521502,1965,1674,0.08548017591238022,0.14718392491340637,0.5807711482048035,,,,,,,,1.0,0.0,a549+TGFB_MYC,a549+TGFB,MYC,False,True,4
a549+TGFB_NFKB1,0.118327685,0.006140868,19.268885,0.965077,0.062562265,0.7709037646255414,0.17037312684737116,0.9727328364245308,0.9986683736267442,0.9740298803014794,2098,1441,0.05171431973576546,0.07692132890224457,0.6723014116287231,-0.3507525622844696,0.8398224115371704,-0.6,0.6,0.8320653759547214,0.9905777967957344,0.8399798366632484,3.0,2.0,a549+TGFB_NFKB1,a549+TGFB,NFKB1,False,True,4
a549+TGFB_NRAS,0.118558645,0.027607772,4.2943935,0.96206266,0.28844768,0.749457245611789,0.39650011288331827,0.9699191803203824,0.9949098211578592,0.9748815015129781,2425,1042,0.19660010933876038,0.274667888879776,0.7157739400863647,0.8079807162284851,0.025860529392957687,0.5,0.17153846153846153,0.8926230536423877,0.9597388377099645,0.9300687005355311,22.0,3.0,a549+TGFB_NRAS,a549+TGFB,NRAS,False,True,4
a549+TGFB_PAK1,0.11055186,0.0018209348,60.711594,0.96693337,-0.063475594,0.8098816895988841,0.05037484084348479,0.974588119574864,0.9995809299858773,0.9749967114605054,2001,1707,,,,,,,,,,,,,a549+TGFB_PAK1,a549+TGFB,PAK1,False,True,4
a549+TGFB_PIK3CA,0.11506328,0.004719337,24.381239,0.9659978,0.055040047,0.7878906134465462,0.15705249529200271,0.973567187483885,0.9989550282179311,0.97458560193712,2093,1476,0.2117682546377182,0.11734256893396378,1.8047009706497192,,,,,,,,0.0,1.0,a549+TGFB_PIK3CA,a549+TGFB,PIK3CA,False,True,4
a549+TGFB_PPP2CA,0.12053483,0.004704786,25.61962,0.9649029,0.0079800645,0.7686556395204327,0.15241988978180562,0.9726363894031889,0.9989693302556343,0.9736398905803175,2112,1435,,,,,,,,,,,,,a549+TGFB_PPP2CA,a549+TGFB,PPP2CA,False,True,4
a549+TGFB_PRKCA,0.13563657,0.0021869973,62.01954,0.96463645,-0.007140951,0.7361573058269462,0.08082343466816458,0.9721124865450401,0.9995009385829774,0.9725978726175418,2020,1632,,,,,,,,,,,,,a549+TGFB_PRKCA,a549+TGFB,PRKCA,False,False,4
a549+TGFB_RAF1,0.11731194,0.00784151,14.960377,0.96499026,0.098723814,0.7683797299694869,0.224869743165278,0.9726589148114058,0.998380333629525,0.9742368534798644,2207,1314,0.07930762320756912,0.0911610871553421,0.8699723482131958,0.7086207866668701,0.2814400792121887,0.6881146626171873,0.1464285714285714,0.8848587707817681,0.9461825145185945,0.9351882508967869,9.0,6.0,a549+TGFB_RAF1,a549+TGFB,RAF1,False,True,4
a549+TGFB_RBL1,0.11662784,0.01245326,9.365246,0.96450293,0.15477589,0.7653853345747292,0.2853472442562778,0.9721635920104212,0.997483974351308,0.9746157502356333,2258,1213,0.31469857692718506,0.1798163205385208,1.7501113414764404,0.5735762119293213,0.07836800813674927,0.42579422993824506,0.015384615384615384,0.7564136849884627,0.9425192693803494,0.8025445309842418,19.0,6.0,a549+TGFB_RBL1,a549+TGFB,RBL1,False,True,4
a549+TGFB_RBX1,0.11965183,0.0045360955,26.377714,0.96587884,0.0963496,0.763726289768284,0.1828074217020517,0.9733448607722489,0.9990016894796675,0.9743175322148033,2125,1449,,,,,,,,,,,,,a549+TGFB_RBX1,a549+TGFB,RBX1,False,True,4
a549+TGFB_RELA,0.111053236,0.005923785,18.747007,0.96651244,0.08727898,0.7983635171868148,0.15174608844491325,0.974089879505607,0.9986954899535035,0.9753622493588691,2049,1529,0.03349481523036957,0.08914115279912949,0.3757503032684326,-0.9909090995788574,0.9772803783416748,-1.0,1.0,0.6041486775865816,0.993481921169548,0.6081124021616467,2.0,1.0,a549+TGFB_RELA,a549+TGFB,RELA,False,True,4
a549+TGFB_RHOA,0.13441828,0.021739487,6.1831393,0.96072006,0.23189858,0.716814437852833,0.3607734085083278,0.968729007337036,0.99566318683654,0.9729485032131395,2402,1065,0.11107457429170609,0.26014670729637146,0.4269689917564392,0.6844693422317505,0.526077151298523,0.2792844829504602,0.2884615384615385,0.8362874997471433,0.9546565039490656,0.8760088013727734,21.0,4.0,a549+TGFB_RHOA,a549+TGFB,RHOA,False,True,4
a549+TGFB_RPS6KB1,0.11554473,0.002501941,46.182034,0.9659158,-0.07778947,0.8030231034879608,0.042607019818938295,0.9736810219637207,0.9994290529744525,0.9742372598293979,1967,1698,,,,,,,,,,,,,a549+TGFB_RPS6KB1,a549+TGFB,RPS6KB1,False,True,4
a549+TGFB_RUNX1,0.107760794,0.0014894567,72.34906,0.96778643,0.010163252,0.8210226700632737,0.07367895172205961,0.9753378218380003,0.9996551135566306,0.975674318683658,2029,1758,,,,,,,,,,,,,a549+TGFB_RUNX1,a549+TGFB,RUNX1,False,True,4
a549+TGFB_RUNX2,0.11443371,0.005282064,21.664583,0.96622884,0.10264963,0.7868685770470563,0.21173817963519606,0.9737382624841265,0.9988794060831901,0.9748306517824337,2142,1387,,,,,,,,,,,,,a549+TGFB_RUNX2,a549+TGFB,RUNX2,False,True,4
a549+TGFB_RUNX3,0.11097727,0.0031525518,35.202362,0.966866,0.02359215,0.7976713772754377,0.09919392291126433,0.9744280650187668,0.9992952760447003,0.9751152520960971,1984,1632,,,,,,,,,,,,,a549+TGFB_RUNX3,a549+TGFB,RUNX3,False,True,4
a549+TGFB_SKP1,0.18153979,0.0138545055,13.103303,0.9576056,0.31626147,0.6282306779482552,0.4225014415164517,0.9649168536968784,0.997300037131361,0.9675291464666644,2478,999,0.14997819066047668,0.11611535400152206,1.2916309833526611,0.6817576885223389,-0.2638334333896637,0.7362954550512134,0.01769230769230769,0.6934380422586235,0.9627077442147707,0.7202996407016793,23.0,2.0,a549+TGFB_SKP1,a549+TGFB,SKP1,False,True,4
a549+TGFB_SMAD1,0.11533784,0.0035645722,32.356712,0.9660383,-0.0051218094,0.7915209939091409,0.10787149363640026,0.973713563727377,0.9992069828748419,0.974486348089645,1988,1576,,,,,,,,,,,,,a549+TGFB_SMAD1,a549+TGFB,SMAD1,False,True,4
a549+TGFB_SMAD2,0.11197813,0.0034055542,32.88103,0.96714973,-0.004612347,0.8093300704409119,0.061961316610384794,0.9747753267008646,0.9992136305004651,0.9755424635396934,1996,1775,0.09135854989290237,0.20981258153915405,0.43542933464050293,0.9695501327514648,0.9964461922645569,0.5,1.0,0.982633343266851,0.9321382890439567,1.0541712048699172,3.0,0.0,a549+TGFB_SMAD2,a549+TGFB,SMAD2,False,True,4
a549+TGFB_SMAD3,0.09729747,0.003183625,30.56185,0.97123975,0.35121214,0.8129492925104207,0.23427165392037402,0.9779372465958376,0.9992629540281087,0.978658562947515,2157,1515,,,,,,,,,,,,,a549+TGFB_SMAD3,a549+TGFB,SMAD3,False,True,4
a549+TGFB_SMAD4,0.06995278,0.04388422,1.5940303,0.9819057,0.65319794,0.7839192981882657,0.4045175747849295,0.9858912223328907,0.9897945584830496,0.9960564178528712,2295,1225,1.1567703485488892,1.7724682092666626,0.652632474899292,0.779472291469574,0.9080145955085754,0.8038461538461538,0.7861538461538461,0.9402247196340504,0.8963342351085282,1.0489666497232564,23.0,2.0,a549+TGFB_SMAD4,a549+TGFB,SMAD4,False,True,4
a549+TGFB_SMAD5,0.12136167,0.016721176,7.2579627,0.96342766,0.22876723,0.7570278488403701,0.3658762490706465,0.9711428969284138,0.9967874558231274,0.9742727913108248,2387,1070,0.07494527101516724,0.14691896736621857,0.510113000869751,0.605798065662384,0.13607557117938995,0.7084615384615385,0.12846153846153846,0.8673357486915537,0.9573673555358625,0.9059591845035119,23.0,2.0,a549+TGFB_SMAD5,a549+TGFB,SMAD5,False,True,4
a549+TGFB_SMAD6,0.1107681,0.00256247,43.22708,0.96700954,0.00930836,0.8011811234859684,0.07493802234628533,0.974576004119964,0.9994176903725545,0.9751438397660039,1982,1667,,,,,,,,,,,,,a549+TGFB_SMAD6,a549+TGFB,SMAD6,False,True,4
a549+TGFB_SMAD7,0.11406511,0.0037740464,30.223558,0.96582294,-0.021964367,0.7959992194133297,0.1147457854990524,0.9735352646147041,0.9991715859481468,0.9743424235697059,2033,1533,,,,,,,,,,,,,a549+TGFB_SMAD7,a549+TGFB,SMAD7,False,False,4
a549+TGFB_SMAD9,0.13005094,0.0026270007,49.505486,0.9649514,0.008106265,0.7543019449921649,0.12447859145877342,0.9725928696056829,0.999407013106371,0.9731699466293077,2058,1554,,,,,,,,,,,,,a549+TGFB_SMAD9,a549+TGFB,SMAD9,False,False,4
a549+TGFB_SMURF1,0.11488364,0.0028656526,40.08987,0.96550226,-0.16899419,0.8118107914968744,0.003233167215894005,0.9735723953817839,0.9993371912611544,0.9742181156623866,2032,1811,1.4775500297546387,2.4476888179779053,0.6036511063575745,,,,,,,,1.0,0.0,a549+TGFB_SMURF1,a549+TGFB,SMURF1,False,True,4
a549+TGFB_SMURF2,0.112058654,0.0031135578,35.990547,0.9665344,-0.032378044,0.8089848327111897,0.07411192594083323,0.9742405266689578,0.9992854618082787,0.9749371565018065,1997,1640,1.3416868448257446,2.0716753005981445,0.6476337313652039,,,,,,,,1.0,0.0,a549+TGFB_SMURF2,a549+TGFB,SMURF2,False,True,4
a549+TGFB_SP1,0.117412515,0.005939328,19.768652,0.9644879,-0.02063067,0.7900425239168126,0.10320816976013888,0.9724599513301116,0.9987178975129376,0.9737083452211932,1990,1569,,,,,,,,,,,,,a549+TGFB_SP1,a549+TGFB,SP1,False,True,4
a549+TGFB_TGFBR1,0.0721455,0.072534926,0.9946312,0.97714585,0.61261356,0.811148865697383,0.40248856868644856,0.9822513336723989,0.9832727659868601,0.9989611912891373,2235,1248,0.985532820224762,1.9352126121520996,0.5092633366584778,0.76435387134552,0.7761867046356201,0.7407692307692308,0.8284615384615385,0.9523153454393761,0.8864811273900041,1.0742646583387538,24.0,1.0,a549+TGFB_TGFBR1,a549+TGFB,TGFBR1,False,True,4
a549+TGFB_TGFBR2,0.07640633,0.032741755,2.3336053,0.9786036,0.5645201,0.816416689578196,0.37075253253119544,0.9835612561816396,0.9923951361311224,0.9910984247827715,2232,1336,0.44570621848106384,1.2316672801971436,0.36187225580215454,0.913275420665741,0.7806236743927002,0.8892307692307693,0.7769230769230768,0.9601694819491052,0.9203371992973628,1.0432800963409419,24.0,1.0,a549+TGFB_TGFBR2,a549+TGFB,TGFBR2,False,True,4
a549+TGFB_TGFBR3,0.116186745,0.0066635087,17.436272,0.96475816,0.019729074,0.7918794689245999,0.1687696945764228,0.9725911584037334,0.9985961440269464,0.9739584557994135,2111,1421,0.6771236658096313,0.48935678601264954,1.3837014436721802,1.0,-1.0,0.9999999999999999,-0.9999999999999999,0.9813567095979828,0.9897090906871561,0.9915607715764496,0.0,2.0,a549+TGFB_TGFBR3,a549+TGFB,TGFBR3,False,True,4
a549+TGFB_TGIF1,0.12575357,0.0060426984,20.81083,0.9638532,-0.045320913,0.7707892464512429,0.10519584714394332,0.9718586049983777,0.9986269097024949,0.9731948894586749,2050,1524,0.02017180249094963,0.10490474104881287,0.19228684902191162,0.572673499584198,0.6265339851379395,0.48901098901098894,0.40659340659340654,0.7801837634864514,0.9872109665999951,0.7902908191685147,12.0,1.0,a549+TGFB_TGIF1,a549+TGFB,TGIF1,False,True,4
a549+TNFA_MAPK14,0.004464603,0.0032858474,1.3587372,0.9986745,0.30084777,0.8936936124500517,0.255657188581592,0.9989919644273295,0.9992325904061071,0.99975918922072,2200,1429,0.040383391082286835,0.07711640000343323,0.5236679911613464,1.0,-1.0,0.9999999999999999,-0.9999999999999999,0.9993311078320837,0.9894684357871701,1.009967646958912,2.0,0.0,a549+TNFA_MAPK14,a549+TNFA,MAPK14,True,False,4
a549+TNFA_TRAF2,0.0085273655,0.010171106,0.8383912,0.99733967,0.420097,0.8809131798627414,0.36611511604857894,0.9979594493652125,0.9977104597779389,1.0002495609671458,2332,1246,0.19946254789829254,0.2850346565246582,0.6997835040092468,0.7043796181678772,0.5598544478416443,0.8506493506493505,0.5883116883116883,0.7845642394798392,0.7355708146435146,1.066605993414881,19.0,2.0,a549+TNFA_TRAF2,a549+TNFA,TRAF2,True,False,4
bxpc3+INS_CHUK,0.024690058,0.008815369,2.800797,0.9926939,0.15838721,0.8524661291590919,0.1664641604916911,0.9944121655856792,0.9979412627334748,0.9964636223798092,2496,1775,0.5284494161605835,0.5241492390632629,1.0082041025161743,0.3526850938796997,0.17201855778694153,0.5551067615668239,0.08153846153846152,0.5316648311350182,0.567593692995625,0.936699680944334,13.0,12.0,bxpc3+INS_CHUK,bxpc3+INS,CHUK,False,True,4
bxpc3+INS_COPS4,0.022990596,0.0125168655,1.8367693,0.9929547,0.32715267,0.83477777447804,0.2642779680972211,0.9945537832959951,0.9971273414278263,0.9974190276157245,2612,1664,0.14528204500675201,0.49917879700660706,0.2910420894622803,0.7691158056259155,0.7168347239494324,0.72,0.8861538461538463,0.8620356478185384,0.7999276362922692,1.0776420374899722,22.0,3.0,bxpc3+INS_COPS4,bxpc3+INS,COPS4,False,True,4
bxpc3+INS_DR1,0.020170977,0.008775467,2.2985644,0.9937679,0.29730403,0.846677674142047,0.23807819667040678,0.9952176382710011,0.9980032882462778,0.9972087767564656,2610,1663,0.11280402541160583,0.337616890668869,0.33411842584609985,0.7401434779167175,0.7244809865951538,0.8661538461538462,0.6799999999999999,0.78521811071846,0.6962241992923133,1.127823640023725,22.0,3.0,bxpc3+INS_DR1,bxpc3+INS,DR1,False,True,4
bxpc3+INS_EIF2B1,0.021029614,0.0047912905,4.3891335,0.99362093,0.040768463,0.8693264225492419,0.03349920177837643,0.9951552363074387,0.9988673496856081,0.9962836773277876,2326,2108,0.25988131761550903,0.2853739857673645,0.9106692671775818,-0.02018143981695175,0.4139709174633026,0.20329670329670327,0.37912087912087916,0.5204500267017088,0.44511519162551794,1.1692479530996802,7.0,6.0,bxpc3+INS_EIF2B1,bxpc3+INS,EIF2B1,False,True,4
bxpc3+INS_ELK1,0.017879307,0.0036585801,4.8869524,0.99432504,0.10411483,0.8817904487300582,0.0521727736797573,0.995726584176646,0.9991291134898067,0.9965945048870849,2304,2187,0.004131579305976629,0.2537345290184021,0.016283078119158745,0.9937139749526978,0.9917516112327576,0.5714285714285715,0.9285714285714287,0.9958005259896305,0.9887090899791315,1.0071724191497509,7.0,1.0,bxpc3+INS_ELK1,bxpc3+INS,ELK1,False,True,4
bxpc3+INS_FOS,0.018408433,0.00509247,3.6148338,0.99442947,0.2482144,0.8695230278813265,0.1929933263849613,0.9957686848306999,0.9988211619189161,0.9969439202886412,2503,1809,0.033468469977378845,0.0242124255746603,1.3822848796844482,-0.038752131164073944,0.027462556958198547,0.30846153846153845,0.20846153846153848,0.4200527684134848,0.5925543331723581,0.7088848142661422,17.0,8.0,bxpc3+INS_FOS,bxpc3+INS,FOS,False,True,4
bxpc3+INS_FOXM1,0.026650213,0.0111783445,2.384093,0.9917447,0.08958413,0.8571109881230135,0.061258581597179076,0.9936976617170971,0.9973610789765494,0.9963268896925359,2347,1963,0.3407411277294159,0.46030932664871216,0.7402437925338745,0.6465696692466736,0.3054913282394409,0.6776923076923077,0.4938461538461539,0.8127076438835279,0.8439475906803888,0.9629835464407507,19.0,6.0,bxpc3+INS_FOXM1,bxpc3+INS,FOXM1,False,True,4
bxpc3+INS_FOXO1,0.018978607,0.004944346,3.8384464,0.9940255,0.16623965,0.8587656726612926,0.06858165550555957,0.9954338097155238,0.998829614947716,0.996600215711095,2288,2078,0.028704719617962837,0.17571388185024261,0.1633605659008026,0.8617538809776306,0.9053472280502319,0.5521155830753354,0.7420020639834881,0.9047166267445124,0.918005601572005,0.9855240808936935,15.0,3.0,bxpc3+INS_FOXO1,bxpc3+INS,FOXO1,False,False,4
bxpc3+INS_FOXO3,0.021836504,0.009488648,2.3013294,0.9932403,0.20383787,0.8603606523358214,0.14185414241812427,0.9948572047255523,0.9977553282046999,0.9970953565496239,2393,1918,0.10798978805541992,0.18071980774402618,0.5975536704063416,0.8069911599159241,0.7100740671157837,0.6592307692307691,0.7676923076923077,0.8652493194873689,0.7971411982551204,1.0854404732578518,17.0,8.0,bxpc3+INS_FOXO3,bxpc3+INS,FOXO3,False,True,4
bxpc3+INS_FOXO4,0.07786436,0.13690042,0.56876636,0.9781692,0.59704965,0.8040820578403408,0.5476246651758951,0.9819576534055987,0.9762273129701449,1.0058698833348756,2959,1112,0.1659308224916458,0.27178695797920227,0.6105179786682129,-0.3249873220920563,0.29147082567214966,-0.4069409804117319,0.20153846153846153,0.026087487798779008,0.033305717099197496,0.7832735659490601,20.0,5.0,bxpc3+INS_FOXO4,bxpc3+INS,FOXO4,False,True,4
bxpc3+INS_GRB2,0.02307667,0.009540859,2.4187205,0.9928348,0.13110855,0.8695527111241931,0.028106747514993636,0.9945747784065667,0.9977273373025475,0.9968402600809716,2300,2102,0.14624512195587158,0.2664189338684082,0.5489291548728943,0.9048194289207458,0.6162169575691223,0.6615384615384615,0.6407692307692306,0.9403013661160475,0.9488435959562852,0.9909972203252018,19.0,6.0,bxpc3+INS_GRB2,bxpc3+INS,GRB2,False,True,4
bxpc3+INS_GRB10,0.01859158,0.004580601,4.0587645,0.9944531,0.19561422,0.869135024476115,0.11056613300726872,0.9957895546227662,0.9989097328907921,0.9968764161912846,2467,2002,0.7227191925048828,0.935441792011261,0.7725966572761536,0.7233361005783081,0.44403383135795593,0.7714285714285715,0.7714285714285715,0.8407245809280601,0.8192650073278916,1.0261936899638382,5.0,1.0,bxpc3+INS_GRB10,bxpc3+INS,GRB10,False,True,4
bxpc3+INS_HSF1,0.017357092,0.0038155415,4.549051,0.99471354,0.18770391,0.8729742675027192,0.09285075020567662,0.9959898985170705,0.9990976367662685,0.9968894549092753,2379,2128,0.010496366769075394,0.22865507006645203,0.04590480774641037,0.9310608506202698,0.9690960645675659,0.7166666666666667,0.8833333333333333,0.9621361421276665,0.9851375189412348,0.9766516081548811,8.0,1.0,bxpc3+INS_HSF1,bxpc3+INS,HSF1,False,True,4
bxpc3+INS_IGF2,0.018339304,0.0045057028,4.070243,0.9942994,0.16754717,0.8734237299607279,0.050804558125674915,0.9956820783983453,0.9989329639459553,0.9967456419350019,2321,2140,0.13789765536785126,0.3457868993282318,0.3987937569618225,0.8878245949745178,0.8174338936805725,0.8601398601398602,0.8531468531468532,0.9366389623613365,0.805252845150275,1.1631613200777235,10.0,2.0,bxpc3+INS_IGF2,bxpc3+INS,IGF2,False,True,4
bxpc3+INS_IKBKB,0.045638405,0.008135202,5.60999,0.99133056,0.23430265,0.7827122678819394,0.20150449587655841,0.9929423174418378,0.9980875718982452,0.994844886760165,2615,1690,0.17370454967021942,0.4992022216320038,0.3479642868041992,0.6650164127349854,0.7265790700912476,0.6646153846153847,0.7884615384615384,0.8187531887846543,0.7798423813669123,1.0498957332243715,21.0,4.0,bxpc3+INS_IKBKB,bxpc3+INS,IKBKB,False,True,4
bxpc3+INS_INSR,0.019090993,0.004556199,4.190114,0.99438965,0.21145347,0.8662000490996056,0.12694078828452005,0.9957322588757365,0.9989250872429184,0.9968037359277918,2419,1940,0.11655763536691666,0.2676149308681488,0.43554234504699707,0.8743695020675659,0.7515162229537964,0.8461538461538461,0.521978021978022,0.8716484652278382,0.6861430619919312,1.2703596574996607,10.0,3.0,bxpc3+INS_INSR,bxpc3+INS,INSR,False,True,4
bxpc3+INS_IRS1,0.016828597,0.0057734745,2.9148126,0.99464333,0.26578516,0.8734044372484967,0.1352841091570608,0.9959396559143348,0.9986400156578986,0.9972959628081948,2402,1977,0.18398338556289673,0.3304317891597748,0.5567968487739563,0.8995529413223267,0.6910640597343445,0.7543859649122806,0.7502579979360166,0.902320630811811,0.7257754050908788,1.243250493861563,14.0,4.0,bxpc3+INS_IRS1,bxpc3+INS,IRS1,False,True,4
bxpc3+INS_IRS2,0.017634999,0.0068528564,2.5733793,0.99439275,0.26374668,0.8692217494275272,0.1840984070414926,0.9957511760440823,0.9983945638643893,0.9973523615652758,2441,1863,0.19508831202983856,0.2508403956890106,0.7777388095855713,0.39323797821998596,0.40115225315093994,0.606923076923077,0.46153846153846156,0.6032714412915929,0.711808878255199,0.8475188491190847,18.0,7.0,bxpc3+INS_IRS2,bxpc3+INS,IRS2,False,True,4
bxpc3+INS_IRS4,0.0211879,0.006363449,3.3296251,0.99375683,0.19070885,0.8515947658988996,0.1278467982925821,0.9952261751904106,0.9984938918692373,0.9967273543629702,2426,1882,0.11696338653564453,0.21171070635318756,0.5524680018424988,0.9726532101631165,0.624362587928772,0.6924408668193228,0.23923076923076922,0.9788402710509069,0.9567798628846669,1.0230569319255198,16.0,9.0,bxpc3+INS_IRS4,bxpc3+INS,IRS4,False,True,4
bxpc3+INS_MAPK1,0.032689348,0.018702189,1.7478889,0.989833,0.098968156,0.8646968805964164,0.06560889166681245,0.9922728203157087,0.9955398422217163,0.9967183413787672,2327,1985,0.679625391960144,0.9502356052398682,0.7152177691459656,0.74163818359375,0.2996756136417389,0.6261538461538462,0.30538461538461537,0.8963940509743358,0.9002843808925174,0.9956787766168677,18.0,7.0,bxpc3+INS_MAPK1,bxpc3+INS,MAPK1,False,True,4
bxpc3+INS_MAPK3,0.016767224,0.0028522408,5.8786144,0.9947858,0.18485229,0.8776606669606768,0.06716846220416448,0.9960512933191835,0.9993212010459795,0.9967278711555669,2371,2106,0.038676537573337555,0.022533724084496498,1.7163846492767334,-0.15998052060604095,0.11172433942556381,-0.14285714285714288,0.10714285714285716,0.3749600634029826,0.4944680977680729,0.7583099194780717,5.0,2.0,bxpc3+INS_MAPK3,bxpc3+INS,MAPK3,False,True,4
bxpc3+INS_MTOR,0.019822553,0.020608742,0.96185166,0.99387,0.5894979,0.8035120079475088,0.4629000817750839,0.9952158264253208,0.9957191611475776,0.9994945013193512,2899,1346,0.03554387018084526,0.30017632246017456,0.11840997636318207,0.9798320531845093,0.942055344581604,0.5923076923076923,0.7561538461538462,0.9807556915471947,0.9135173348854583,1.0736038103427639,23.0,2.0,bxpc3+INS_MTOR,bxpc3+INS,MTOR,False,True,4
bxpc3+INS_PIK3CA,0.026218839,0.037173245,0.70531476,0.9915636,0.501232,0.8445859821638804,0.4332373112741289,0.9932324628179808,0.9927945469844165,1.0004410941164963,2821,1411,0.059772901237010956,0.2742297351360321,0.21796652674674988,0.6575534343719482,0.9337625503540039,0.2903013074075647,0.7076923076923076,0.8811663767006962,0.8706131659862697,1.0121215841050042,23.0,2.0,bxpc3+INS_PIK3CA,bxpc3+INS,PIK3CA,False,True,4
bxpc3+INS_POLR2G,0.021482581,0.015661368,1.3716925,0.993102,0.4230644,0.8276150834135578,0.35094186466738003,0.9946845207566335,0.9966457942612588,0.9980321258405761,2757,1492,0.10761891305446625,0.38244959712028503,0.28139370679855347,0.9569603204727173,0.8848568797111511,0.6447025454745562,0.5800000000000001,0.9528838918462593,0.9084851558362729,1.0488711738708782,24.0,1.0,bxpc3+INS_POLR2G,bxpc3+INS,POLR2G,False,False,4
bxpc3+INS_POLR2L,0.035371277,0.0190991,1.8519866,0.99147034,0.48750755,0.7833965398737042,0.4273786460317131,0.9933256615249617,0.9960241929116334,0.9972906969470459,2862,1382,0.11802893877029419,0.27332380414009094,0.43182823061943054,0.6847253441810608,0.6069850921630859,0.7517611028712723,0.5584615384615385,0.7270994324363941,0.681136332482177,1.067480029712583,23.0,2.0,bxpc3+INS_POLR2L,bxpc3+INS,POLR2L,False,True,4
bxpc3+INS_PTEN,0.019143214,0.005423659,3.5295756,0.99393976,0.14585051,0.8712889764721532,0.10767914760100777,0.9954038728282274,0.9987441903828784,0.996655482367942,2364,1934,0.07563024759292603,0.13246776163578033,0.5709332227706909,0.976875364780426,0.6136560440063477,0.6784615384615386,0.5253846153846153,0.9806633216980214,0.9845637866076686,0.9960383827206499,19.0,6.0,bxpc3+INS_PTEN,bxpc3+INS,PTEN,False,True,4
bxpc3+INS_RAD51,0.051684644,0.013960891,3.702102,0.98934305,0.391545,0.7230164210595047,0.33070496111122627,0.9910587279970021,0.9969019428943118,0.9941386262320394,2818,1456,0.19092875719070435,0.3364771604537964,0.567434549331665,0.7011286616325378,0.4678451120853424,0.726153846153846,0.633076923076923,0.8250150495150205,0.8623506447731845,0.9567048560994768,19.0,6.0,bxpc3+INS_RAD51,bxpc3+INS,RAD51,False,True,4
bxpc3+INS_RPS6KB1,0.015734637,0.0029952289,5.253234,0.9950583,0.24631347,0.8803549213781671,0.17992566119260436,0.9962582880782198,0.9992869563195513,0.9969691706449504,2462,1937,0.10923264175653458,0.07201408594846725,1.5168232917785645,0.9840454459190369,-0.7112809419631958,0.3,-0.09999999999999999,0.9743154597099578,0.9531250143469371,1.0222325980790044,3.0,2.0,bxpc3+INS_RPS6KB1,bxpc3+INS,RPS6KB1,False,True,4
bxpc3+INS_SGK1,0.015690912,0.0039971215,3.9255528,0.99501926,0.28956315,0.8729026704248946,0.19088107336196364,0.9962143086647576,0.9990669464200658,0.9971446980950276,2470,1903,0.0009195304592140019,0.02308415062725544,0.03983384370803833,0.9557955861091614,0.9815619587898254,0.75,0.9,0.9738851186166094,0.991306348529675,0.9824259877494933,9.0,0.0,bxpc3+INS_SGK1,bxpc3+INS,SGK1,False,True,4
bxpc3+INS_SHC1,0.024931733,0.006200818,4.0207167,0.9931445,0.12143898,0.8497876436931812,0.09731902437934392,0.9947150474819707,0.9985233124422712,0.9961861031056091,2351,1989,0.15064357221126556,0.16501790285110474,0.9128922820091248,0.7114415764808655,0.30373886227607727,0.6753846153846154,0.4646153846153846,0.7820918157264304,0.758638176146663,1.0309154486515497,16.0,9.0,bxpc3+INS_SHC1,bxpc3+INS,SHC1,False,True,4
bxpc3+INS_SMARCE1,0.06779124,0.22946194,0.29543567,0.9703692,0.78375506,0.7276814788653341,0.7219744872198817,0.9758044329550406,0.9634106907970812,1.0128644432497478,3229,736,0.19273266196250916,0.44268184900283813,0.4353751242160797,-0.4478082060813904,0.5882357358932495,-0.5819374971505968,0.6484615384615384,-0.03375994909172464,0.09861572948031172,-0.3423383801918201,17.0,8.0,bxpc3+INS_SMARCE1,bxpc3+INS,SMARCE1,False,True,4
bxpc3+INS_SP1,0.015399876,0.004166517,3.696103,0.9952154,0.32822612,0.8748857082271062,0.21132965402287618,0.9963615455183478,0.9990080725580522,0.9973508451909424,2437,1885,0.028663530945777893,0.08331605792045593,0.34403368830680847,0.9539677500724792,0.7944866418838501,0.7502886280653314,0.13538461538461538,0.9584476328427449,0.9366770574195595,1.023242349378302,19.0,6.0,bxpc3+INS_SP1,bxpc3+INS,SP1,False,True,4
bxpc3+INS_SREBF1,0.019949857,0.006731469,2.9636705,0.99378383,0.17721702,0.8703600508128722,0.06745539875226608,0.995287775253545,0.9984084154354166,0.9968743851377588,2362,2047,0.11257416009902954,0.26217472553253174,0.4293860197067261,0.7446074485778809,0.7144296765327454,0.677391304347826,0.7078260869565216,0.8151839949857212,0.7348436838286488,1.1093297975135161,17.0,7.0,bxpc3+INS_SREBF1,bxpc3+INS,SREBF1,False,True,4
bxpc3+INS_SREBF2,0.018085383,0.0035218403,5.135208,0.994304,0.12146272,0.8718289066550812,0.07289794139607217,0.9956856227357497,0.9991676972537443,0.9965150249276821,2397,2098,0.15739503502845764,0.19686251878738403,0.7995175123214722,0.24763557314872742,0.4860486388206482,-0.13333333333333333,0.8166666666666667,0.5096487326738884,0.5170609423121157,0.9856647272464973,8.0,1.0,bxpc3+INS_SREBF2,bxpc3+INS,SREBF2,False,True,4
bxpc3+INS_SRF,0.01815126,0.008708381,2.084344,0.99455506,0.36196697,0.8598910266073886,0.28013136725228127,0.9958352662912527,0.9979376668148264,0.9978932546656105,2597,1718,0.14256004989147186,0.2208274006843567,0.645572304725647,0.778700053691864,0.578459620475769,0.5961538461538461,0.4938461538461539,0.8466432480687789,0.7769585546828557,1.0896890741030165,19.0,6.0,bxpc3+INS_SRF,bxpc3+INS,SRF,False,True,4
bxpc3+INS_TAF3,0.022103848,0.0044610174,4.9548893,0.9936525,0.112517245,0.8577435789916152,0.05565951482202643,0.9951374262833994,0.9989451231168756,0.9961882822736093,2343,2059,0.162607342004776,0.16188542544841766,1.0044593811035156,-0.03649233281612396,0.1395784616470337,0.6868131868131868,0.4175824175824176,0.3169319843350338,0.38454432100860614,0.8241754383571843,9.0,4.0,bxpc3+INS_TAF3,bxpc3+INS,TAF3,False,True,4
bxpc3+INS_TAF7,0.01633117,0.0036876327,4.4286323,0.9948311,0.2214814,0.8698655390164103,0.14684024892247238,0.9960889944075112,0.9991257039004425,0.9969606332005307,2393,1982,0.08644421398639679,0.14714185893535614,0.5874889492988586,0.7177671790122986,0.5543792247772217,0.8588235294117647,0.5794117647058823,0.811564041633247,0.7906000104884149,1.0265166087360422,15.0,1.0,bxpc3+INS_TAF7,bxpc3+INS,TAF7,False,True,4
bxpc3+INS_TAF8,0.025787283,0.034500565,0.7474452,0.99111867,0.49841928,0.8271941355516405,0.4501930662055107,0.9931036866785354,0.9929536546805093,1.0001510966773917,2865,1365,0.11290678381919861,0.40810126066207886,0.2766636610031128,0.8782768845558167,0.8698254227638245,0.6270317007352126,0.7907692307692307,0.8823319028658971,0.6356914310466792,1.387987724505141,23.0,2.0,bxpc3+INS_TAF8,bxpc3+INS,TAF8,False,True,4
bxpc3+INS_TSC1,0.036366068,0.046517532,0.78177124,0.9879747,0.42608815,0.8376623148763214,0.3523536832079707,0.9905965765260263,0.9903334311234298,1.0002657139447448,2676,1546,0.5360516905784607,0.46924757957458496,1.142364263534546,0.8603461384773254,0.018634572625160217,0.5075170741640869,0.07846153846153846,0.8913432224980893,0.8941262847036162,0.9968873947079528,16.0,9.0,bxpc3+INS_TSC1,bxpc3+INS,TSC1,False,True,4
bxpc3+INS_TSC2,0.021353263,0.016936542,1.2607806,0.9930085,0.3426358,0.8540644965175828,0.24784262745828045,0.9946237984622096,0.9962490424518599,0.9983686368363774,2490,1747,0.10938011854887009,0.3138958215713501,0.348459929227829,0.856021523475647,0.8093095421791077,0.6866822665988607,0.5823076923076923,0.8503734642964905,0.7103313909560199,1.1971503373263441,18.0,7.0,bxpc3+INS_TSC2,bxpc3+INS,TSC2,False,True,4
bxpc3+INS_TTF1,0.026558347,0.015585736,1.7040162,0.99183816,0.26285368,0.8368782528749357,0.2126857744920993,0.9937362346318854,0.9963881701008195,0.997338451470509,2537,1738,0.3088923990726471,0.6502349972724915,0.4750473201274872,0.8605238795280457,0.6009344458580017,0.8613195004491465,0.6476923076923076,0.9229152592411295,0.8942850453904186,1.0320146400728547,21.0,4.0,bxpc3+INS_TTF1,bxpc3+INS,TTF1,False,True,4
bxpc3+INS_TTF2,0.054079626,0.004859859,11.127817,0.9905304,0.21803015,0.7479865830479607,0.20838597236745454,0.9919573187077472,0.9988578247280956,0.9930916033798636,2610,1728,0.12028037011623383,0.2720990478992462,0.44204628467559814,0.9719324707984924,0.7139881253242493,0.6900000000000001,0.47846153846153844,0.9783641234430999,0.9854371264637378,0.9928224715400975,25.0,0.0,bxpc3+INS_TTF2,bxpc3+INS,TTF2,False,True,4
bxpc3+INS_XBP1,0.053946447,0.113736756,0.4743097,0.9833492,0.646838,0.7973384411423771,0.6180476232614835,0.9863009980970828,0.9811903808246351,1.0052085888450646,3129,1019,0.1006094291806221,0.23957166075706482,0.41995546221733093,-0.4136497676372528,0.431164026260376,-0.4281868950517018,0.39384615384615385,0.033408998638158494,0.02959619469757946,1.128827505682373,22.0,3.0,bxpc3+INS_XBP1,bxpc3+INS,XBP1,False,True,4
bxpc3+INS_ZNF593,0.015629733,0.0036423947,4.2910595,0.99529797,0.3713445,0.864821528164741,0.24128345851055755,0.9964271241449967,0.9991578878904864,0.997266934707131,2465,1884,0.0065465811640024185,0.10301639139652252,0.06354892998933792,0.969677746295929,0.9774394631385803,0.8452012383900928,0.651186790505676,0.9702731206374925,0.9928101563415839,0.9772997530694707,15.0,3.0,bxpc3+INS_ZNF593,bxpc3+INS,ZNF593,False,True,4
bxpc3+TGFB_PRKCA,0.014663821,0.0072229425,2.0301728,0.9964448,0.3786823,0.8167735565819884,0.32148461005459683,0.9970404190519137,0.998300552756283,0.998737721119266,2223,1269,,,,,,,,,,,,,bxpc3+TGFB_PRKCA,bxpc3+TGFB,PRKCA,True,False,4
bxpc3+TGFB_SMAD9,0.009567017,0.0066054026,1.4483624,0.9970162,0.3706898,0.8502880380527398,0.2932986016000206,0.9976483557865337,0.9984311954397151,0.9992159302946892,2216,1326,,,,,,,,,,,,,bxpc3+TGFB_SMAD9,bxpc3+TGFB,SMAD9,True,False,4
bxpc3+TNFA_ARID5B,0.047561433,0.010233599,4.6475763,0.9852916,0.28835937,0.8340428063082626,0.17196618004728648,0.9886421853224064,0.9976552572584353,0.9909657450602758,2145,1699,0.10925845801830292,0.09227845072746277,1.1840083599090576,0.6329264044761658,0.2700311541557312,0.6779598905255422,-0.09,0.8288116107738792,0.9677806498151587,0.8564044041717286,16.0,9.0,bxpc3+TNFA_ARID5B,bxpc3+TNFA,ARID5B,False,True,4
bxpc3+TNFA_BATF,0.0498911,0.004888845,10.205089,0.98498076,0.21374357,0.841833898119958,0.10879358217169699,0.9885060764553959,0.9988597308575125,0.9896345261679255,2079,1819,0.06752055883407593,0.03133828938007355,2.1545705795288086,0.5923464894294739,0.11822149157524109,0.7874097007223942,0.09803921568627451,0.8610825314998163,0.9660648529982817,0.8913299441826892,9.0,9.0,bxpc3+TNFA_BATF,bxpc3+TNFA,BATF,False,True,4
bxpc3+TNFA_BIRC2,0.06776082,0.021485096,3.1538522,0.981273,0.096350074,0.8399406721831975,0.017991696401210604,0.98522922813617,0.9956146504599044,0.9895688333644578,1906,1908,0.147074893116951,0.1634393334388733,0.8998745083808899,0.5944641828536987,0.48207995295524597,0.5496537425466217,0.2530769230769231,0.8666500667045763,0.9686838971858661,0.8946675682565702,15.0,10.0,bxpc3+TNFA_BIRC2,bxpc3+TNFA,BIRC2,False,True,4
bxpc3+TNFA_BIRC3,0.048523303,0.0056744204,8.551235,0.98505735,0.23405565,0.8350929320663892,0.14064963138496778,0.9885494267573837,0.998683533143472,0.9898525348123143,2100,1762,0.08798883110284805,0.12534727156162262,0.7019605040550232,0.6312260031700134,0.453266441822052,0.6496240601503759,0.38195488721804516,0.7893168940691838,0.9578169318955595,0.8240790779372557,14.0,6.0,bxpc3+TNFA_BIRC3,bxpc3+TNFA,BIRC3,False,False,4
bxpc3+TNFA_CASP3,0.08582734,0.060327113,1.4226993,0.9760457,0.1810003,0.8095085578537465,0.17393006899895017,0.9806565895998615,0.9896012612749686,0.9909613376365516,2240,1574,0.10995164513587952,0.1672840565443039,0.6572750806808472,0.265541672706604,0.5195889472961426,0.20794281888160135,0.47307692307692306,0.8116669091816547,0.845536359898161,0.9599432356515271,19.0,6.0,bxpc3+TNFA_CASP3,bxpc3+TNFA,CASP3,False,True,4
bxpc3+TNFA_CASP7,0.0448283,0.005196386,8.626822,0.98613405,0.33571208,0.8395356528168796,0.1868779107984205,0.9894113786994382,0.9987689309491581,0.9906309137581731,2181,1718,0.03032664582133293,0.05381658300757408,0.5635185837745667,0.7130430340766907,0.664130687713623,0.4535714285714285,0.2821428571428571,0.8407267888708893,0.9708437590145036,0.8659753756096705,11.0,4.0,bxpc3+TNFA_CASP7,bxpc3+TNFA,CASP7,False,True,4
bxpc3+TNFA_CASP8,0.054488014,0.030814838,1.7682395,0.98189706,0.30331892,0.8043461938222515,0.2646079072907605,0.9857403574785061,0.9935910792151693,0.992098639067025,2396,1418,0.22101597487926483,0.30930909514427185,0.7145472764968872,0.29488250613212585,0.41666606068611145,0.11427472950533507,0.20076923076923076,0.8011550404344663,0.9419920551188009,0.8504902308686959,17.0,8.0,bxpc3+TNFA_CASP8,bxpc3+TNFA,CASP8,False,True,4
bxpc3+TNFA_CASP10,0.128332,0.1966876,0.6524662,0.96110404,0.4790577,0.7594771725901293,0.4878171432426105,0.9679604903198815,0.9700637443020365,0.9978318394079677,2756,909,0.15958954393863678,0.4455474019050598,0.35818758606910706,-0.22805945575237274,0.6063646078109741,-0.28306925853614895,0.5653846153846154,0.010894454040990431,0.044904809259662115,0.2426121883291662,22.0,3.0,bxpc3+TNFA_CASP10,bxpc3+TNFA,CASP10,False,True,4
bxpc3+TNFA_CEBPB,0.06676339,0.020080157,3.3248444,0.9815395,0.12644276,0.8383209237561507,0.05846679209162212,0.9855321861579822,0.9955280080546766,0.9899592760667509,1964,1857,0.12801295518875122,0.263923317193985,0.4850384294986725,0.7465705275535583,0.8225579857826233,0.6660254436826094,0.4930769230769231,0.8471160816723977,0.9127978004843473,0.9280435176584587,17.0,8.0,bxpc3+TNFA_CEBPB,bxpc3+TNFA,CEBPB,False,True,4
bxpc3+TNFA_CHUK,0.0359464,0.022967719,1.5650836,0.98863506,0.5554397,0.8358682925641598,0.3199819606042274,0.9911694206405605,0.994651741923965,0.9964989542202293,2334,1498,0.0862656682729721,0.8199787735939026,0.1052047610282898,0.9385055303573608,0.8528218865394592,0.9261538461538461,0.8846153846153847,0.9624270618168765,0.9568435703331026,1.005835323198995,25.0,0.0,bxpc3+TNFA_CHUK,bxpc3+TNFA,CHUK,False,True,4
bxpc3+TNFA_CREB1,0.05245703,0.004950891,10.595473,0.9838292,0.10167713,0.8498799243777014,0.07389358942475587,0.9876796464038168,0.9987989227856787,0.9888673524488293,2061,1855,0.14724101126194,0.3458355665206909,0.4257543981075287,0.8815460801124573,0.8095249533653259,0.7999999999999999,0.19999999999999998,0.9318769198112296,0.9949948885823583,0.9365645296318481,2.0,2.0,bxpc3+TNFA_CREB1,bxpc3+TNFA,CREB1,False,True,4
bxpc3+TNFA_CSF1,0.047224652,0.0067726662,6.9728303,0.9845515,0.21031997,0.8246035324309382,0.14289747985958148,0.9881437178356672,0.9984665704960998,0.989661293662237,2174,1716,0.09583468735218048,0.0804782584309578,1.1908146142959595,0.3961029648780823,0.5819717645645142,0.532948966163366,0.39538461538461533,0.5864557376310102,0.9602728658275388,0.6107178058453391,21.0,4.0,bxpc3+TNFA_CSF1,bxpc3+TNFA,CSF1,False,False,4
bxpc3+TNFA_CSF2,0.050873756,0.0024684663,20.609459,0.9849955,0.21783948,0.8526090927166488,0.15770077632097046,0.9886016455321057,0.9994061911672054,0.989189034718225,2188,1771,0.062204547226428986,0.09732556343078613,0.6391388177871704,1.0,-1.0,0.9999999999999999,-0.9999999999999999,0.9936105204108592,0.9777876962439178,1.0161822696560034,2.0,0.0,bxpc3+TNFA_CSF2,bxpc3+TNFA,CSF2,False,True,4
bxpc3+TNFA_DNM1L,0.06610027,0.034577843,1.9116366,0.9785802,0.17459339,0.7946792750840098,0.20245654023231593,0.9830597278538051,0.9930730033058807,0.9899168788007106,2319,1493,0.2504679560661316,0.3028377890586853,0.8270696997642517,0.7464421391487122,0.28369373083114624,0.36825627701378555,0.2453846153846154,0.8737646783639911,0.8918010189560619,0.9797753756626292,16.0,9.0,bxpc3+TNFA_DNM1L,bxpc3+TNFA,DNM1L,False,True,4
bxpc3+TNFA_FADD,0.07283755,0.016275013,4.475422,0.97824645,-0.08623232,0.8373685140722167,-0.02817171398905085,0.9830729483104166,0.9963951666428785,0.9866295835443,1882,1965,0.27822333574295044,0.13329680263996124,2.087246894836426,0.6338409185409546,0.04250842332839966,0.7074674921573464,-0.29923076923076924,0.6745574439582557,0.6976292370288744,0.9669282881995043,8.0,17.0,bxpc3+TNFA_FADD,bxpc3+TNFA,FADD,False,False,4
bxpc3+TNFA_FOS,0.052570045,0.011474423,4.5814977,0.9836664,0.16609877,0.8389843469738866,0.1447589164309048,0.987309225125987,0.9975926530139213,0.9896917565933689,2096,1737,0.06757193803787231,0.11607225239276886,0.5821540951728821,0.5423839092254639,0.7104038596153259,0.5170225138917611,0.3392307692307693,0.8615586150024735,0.9676128266993173,0.890396025382785,17.0,8.0,bxpc3+TNFA_FOS,bxpc3+TNFA,FOS,False,True,4
bxpc3+TNFA_ID2,0.04469292,0.002966414,15.066312,0.98623574,0.36547062,0.8524532528031736,0.24658709340321763,0.9895384270491211,0.9992743858721851,0.9902569714978071,2308,1642,0.2399822622537613,0.31599700450897217,0.7594447135925293,,,,,,,,1.0,0.0,bxpc3+TNFA_ID2,bxpc3+TNFA,ID2,False,True,4
bxpc3+TNFA_IKBKB,0.064061224,0.0918786,0.69723773,0.97858036,0.52068603,0.7832955251480447,0.43684323017156007,0.982661030727906,0.9838689285540616,0.9987722980255808,2666,1131,0.24620981514453888,0.5261116623878479,0.46798014640808105,0.11124562472105026,0.4106627404689789,0.11057721370662717,0.3038461538461538,0.5794549007956575,0.7997565665728045,0.7245390972890597,23.0,2.0,bxpc3+TNFA_IKBKB,bxpc3+TNFA,IKBKB,False,True,4
bxpc3+TNFA_IKBKE,0.053341407,0.0057006553,9.357066,0.98242533,0.0504694,0.8036071570821013,0.08780397044128103,0.9864602031940346,0.9986556307289565,0.987788155236235,2140,1740,0.06698000431060791,0.10166038572788239,0.658860445022583,0.5883989334106445,0.4325362741947174,0.48009233432806386,0.3507692307692308,0.7585593348441303,0.8378743429617146,0.9053378244794775,20.0,5.0,bxpc3+TNFA_IKBKE,bxpc3+TNFA,IKBKE,False,False,4
bxpc3+TNFA_IKBKG,0.05294491,0.010759724,4.9206567,0.9834836,0.1565808,0.8387189825083121,0.13576574118958312,0.9872273564689021,0.9977391818886705,0.9894643554041147,2164,1680,0.04378831386566162,0.08046292513608932,0.544204831123352,0.20715101063251495,0.877203106880188,0.37259441371507684,-0.07461538461538461,0.6324863026541601,0.966725040278942,0.6542566668922327,17.0,8.0,bxpc3+TNFA_IKBKG,bxpc3+TNFA,IKBKG,False,True,4
bxpc3+TNFA_IRF1,0.055946246,0.0023828922,23.478294,0.983703,0.055786345,0.8632758187301552,0.053780915422250664,0.9876523592381709,0.9994148729334824,0.9882305997100221,2077,1893,,,,,,,,,,,,,bxpc3+TNFA_IRF1,bxpc3+TNFA,IRF1,False,True,4
bxpc3+TNFA_ITCH,0.08801763,0.04737595,1.8578546,0.97443324,0.056113128,0.8135837725250153,0.11686327398698393,0.9794593483076868,0.99087446919529,0.9884797507227392,2148,1652,0.4423159062862396,0.33866727352142334,1.3060485124588013,0.9424390196800232,0.2693358063697815,0.23882925115252918,0.07769230769230769,0.8801544992265439,0.9340272686319953,0.9423220593073743,11.0,14.0,bxpc3+TNFA_ITCH,bxpc3+TNFA,ITCH,False,True,4
bxpc3+TNFA_JUN,0.076035395,0.012884885,5.901131,0.9778724,-0.13026807,0.8532884440784059,-0.05195850527959494,0.9830997582211848,0.996828065581443,0.9862280087868006,1886,2005,0.581560492515564,0.44264206290245056,1.3138391971588135,0.6154187917709351,-0.0449187271296978,0.4646153846153846,-0.12615384615384617,0.7325998010768796,0.803779309620911,0.9114439651630221,12.0,13.0,bxpc3+TNFA_JUN,bxpc3+TNFA,JUN,False,True,4
bxpc3+TNFA_JUNB,0.05454873,0.0061450014,8.876927,0.9832187,0.06280833,0.8408409728973759,0.0602850151252627,0.9871649066599681,0.9985456516929677,0.9886026792929253,2013,1847,0.023280443623661995,0.03694663196802139,0.6301100254058838,0.678266167640686,0.5544660687446594,0.19076923076923075,0.4684615384615385,0.8672523508990703,0.964692888294987,0.8989932043884612,16.0,9.0,bxpc3+TNFA_JUNB,bxpc3+TNFA,JUNB,False,True,4
bxpc3+TNFA_KLF6,0.04990934,0.002717062,18.368864,0.9843291,0.11460741,0.8458415444372127,0.12629562523131482,0.9880818977101995,0.9993449179505183,0.9887295967208026,2160,1765,0.17537382245063782,0.22172324359416962,0.7909582257270813,1.0,-1.0,0.9999999999999999,-0.9999999999999999,0.9897015943076775,0.9996623545809139,0.9900358753857323,2.0,0.0,bxpc3+TNFA_KLF6,bxpc3+TNFA,KLF6,False,True,4
bxpc3+TNFA_MAP2K3,0.0403751,0.0084671145,4.7684603,0.9876107,0.45497856,0.8520848582176506,0.24980548591797172,0.9905731303631206,0.9979125963658066,0.9926451815224951,2278,1642,0.12252850830554962,0.12904790043830872,0.9494808316230774,0.6992791295051575,0.3457314670085907,0.751948051948052,0.34935064935064936,0.7592190228138286,0.7803053096146222,0.9729768764341643,17.0,4.0,bxpc3+TNFA_MAP2K3,bxpc3+TNFA,MAP2K3,False,True,4
bxpc3+TNFA_MAP3K7,0.049327515,0.00518495,9.513596,0.98543626,0.27188295,0.8508173341666094,0.18504990181112138,0.9888350832882659,0.9988030137403535,0.9900201237731959,2139,1746,0.08544117957353592,0.04472501575946808,1.9103666543960571,0.5694681406021118,-0.27618682384490967,0.7174456758989095,-0.15999999999999998,0.8442654934976624,0.9672861164241747,0.8728187856336758,12.0,13.0,bxpc3+TNFA_MAP3K7,bxpc3+TNFA,MAP3K7,False,True,4
bxpc3+TNFA_MAP3K14,0.052489623,0.0029150068,18.00669,0.98439085,0.15111178,0.8529450548601708,0.1289624013449891,0.9881327323730862,0.999289507229769,0.9888352926994984,2180,1780,0.3229711055755615,0.3205103874206543,1.0076775550842285,0.11252707988023758,0.32075363397598267,0.5,0.5,0.6864538428657959,0.8466418265751491,0.8107960430476858,1.0,2.0,bxpc3+TNFA_MAP3K14,bxpc3+TNFA,MAP3K14,False,True,4
bxpc3+TNFA_MAPK8,0.056576513,0.00611247,9.255917,0.98358524,0.086906224,0.8553419887625495,0.05794203730389209,0.9874078833159968,0.9986234883157303,0.9887689353084919,2001,1870,0.0653185322880745,0.07214171439409256,0.9054197669029236,0.4870753586292267,0.3496832847595215,0.5081746583712919,0.2776923076923077,0.7699043886110678,0.9713454928525497,0.7926164215268968,14.0,11.0,bxpc3+TNFA_MAPK8,bxpc3+TNFA,MAPK8,False,True,4
bxpc3+TNFA_MAPK9,0.06816675,0.00504315,13.516701,0.97924244,-0.33706236,0.8523281715674951,-0.10310108393754742,0.9842210044918265,0.9987658764670181,0.9854371556759209,1958,2033,0.6411389708518982,0.6964379549026489,0.9205973744392395,0.8566800951957703,0.13143815100193024,1.0,-0.39999999999999997,0.8637390356483785,0.946079337975767,0.9129668104753624,2.0,2.0,bxpc3+TNFA_MAPK9,bxpc3+TNFA,MAPK9,False,True,4
bxpc3+TNFA_MAPK14,0.037342697,0.010713305,3.4856374,0.98859644,0.52065176,0.854204676260733,0.2688461108335191,0.9912970503864738,0.9973714019337604,0.9939096393424662,2240,1662,0.14146238565444946,0.21793146431446075,0.6491140723228455,0.7195056080818176,0.6364695429801941,0.6846153846153846,0.653076923076923,0.8096397419333752,0.7706649778330698,1.0505729016127,16.0,9.0,bxpc3+TNFA_MAPK14,bxpc3+TNFA,MAPK14,False,False,4
bxpc3+TNFA_MMP9,0.04965761,0.0026309635,18.874306,0.98510337,0.23543677,0.8512849272880265,0.16400138065206502,0.9887072384051019,0.9993530052397857,0.989347340950729,2208,1773,0.205985888838768,0.2064387947320938,0.9978060722351074,,,,,,,,1.0,0.0,bxpc3+TNFA_MMP9,bxpc3+TNFA,MMP9,False,True,4
bxpc3+TNFA_MTF1,0.058356397,0.0049370085,11.820193,0.9831151,0.024240378,0.8529384823054734,0.03535731482066281,0.9871206947857952,0.9988241335005827,0.9882827834027493,2007,1881,0.05351302772760391,0.03227989003062248,1.6577821969985962,0.723223090171814,-0.053696081042289734,0.5296703296703297,-0.2,0.8830602836326987,0.9506465485616554,0.928904948920063,7.0,7.0,bxpc3+TNFA_MTF1,bxpc3+TNFA,MTF1,False,True,4
bxpc3+TNFA_MTOR,0.054121856,0.008414605,6.4318953,0.9820429,0.11095227,0.7762596261341856,0.14896292457218518,0.9860243998246254,0.998098141023844,0.9879032524929529,2284,1579,0.06432382762432098,0.1154727041721344,0.5570479035377502,0.6304788589477539,0.5301558375358582,0.5107692307692308,0.25769230769230766,0.8042792933859403,0.9857432741782036,0.8159115202246279,21.0,4.0,bxpc3+TNFA_MTOR,bxpc3+TNFA,MTOR,False,True,4
bxpc3+TNFA_MYC,0.05516587,0.0019914962,27.700714,0.98374355,0.023722425,0.8596006543200462,0.05843632253460314,0.987668418451082,0.999516455329146,0.9881462312952493,2075,1886,,,,,,,,,,,,,bxpc3+TNFA_MYC,bxpc3+TNFA,MYC,False,True,4
bxpc3+TNFA_NFAT5,0.062807254,0.027077906,2.3195019,0.97898173,0.14760697,0.8025970325221635,0.21824593368191847,0.9835235867348837,0.9944753032902984,0.9889874424038685,2391,1416,0.2452968955039978,0.29623714089393616,0.8280423283576965,0.9050073623657227,0.18285632133483887,0.5536720805753048,0.22846153846153847,0.9029042539663319,0.9085402317368192,0.9937966668138479,17.0,8.0,bxpc3+TNFA_NFAT5,bxpc3+TNFA,NFAT5,False,True,4
bxpc3+TNFA_NFKB1,0.04003713,0.009129016,4.3857007,0.9865873,0.413543,0.8199975185497511,0.3026745590069235,0.9896723958342756,0.9979250861378887,0.9917301504709616,2393,1458,0.026928549632430077,0.1728445589542389,0.1557963341474533,0.8998110890388489,0.8798472881317139,0.8237107906510996,0.7715384615384615,0.9357684959271507,0.9781378281492967,0.9566836789225178,22.0,3.0,bxpc3+TNFA_NFKB1,bxpc3+TNFA,NFKB1,False,True,4
bxpc3+TNFA_NFKBIA,0.048547905,0.003105933,15.630699,0.98525447,0.23675257,0.849304257264817,0.16075040577277333,0.9887991551410894,0.999238697061702,0.9895525043702667,2208,1768,0.05482574179768562,0.38027694821357727,0.14417318999767303,0.9994587302207947,0.9986112117767334,0.5,0.5,0.999588200015893,0.9979453574650508,1.0016462249546563,3.0,0.0,bxpc3+TNFA_NFKBIA,bxpc3+TNFA,NFKBIA,False,True,4
bxpc3+TNFA_NFKBIE,0.049263448,0.0025457307,19.351398,0.9849484,0.2087479,0.8480179351303694,0.16085637486789503,0.9885741451270037,0.9993753367828726,0.9891920570196985,2208,1753,0.02778368629515171,0.2773905396461487,0.10016090422868729,1.0,1.0,0.9999999999999999,0.9999999999999999,0.9945458661525851,0.6837948954528493,1.454450556396649,2.0,0.0,bxpc3+TNFA_NFKBIE,bxpc3+TNFA,NFKBIE,False,True,4
bxpc3+TNFA_NKX3-1,0.04715532,0.0027494777,17.150646,0.98557186,0.28756902,0.8492135251168302,0.20556491071390787,0.989060317158169,0.9993230454116891,0.9897303196392392,2258,1723,0.5734591484069824,0.24435435235500336,2.346834182739258,,,,,,,,0.0,1.0,bxpc3+TNFA_NKX3-1,bxpc3+TNFA,NKX3-1,False,True,4
bxpc3+TNFA_PDCD5,0.05387258,0.014257288,3.7785997,0.9823365,0.161302,0.80751648682688,0.16086806565210776,0.9863343125924975,0.9969507421373913,0.9893510992106461,2235,1624,0.1115049198269844,0.1202382817864418,0.9273661971092224,0.4445033669471741,0.3343234062194824,0.5251009906713199,0.4130769230769231,0.7928963268903383,0.9707079359030399,0.8168227512765873,18.0,7.0,bxpc3+TNFA_PDCD5,bxpc3+TNFA,PDCD5,False,True,4
bxpc3+TNFA_PIK3CA,0.06519718,0.010741623,6.0695834,0.97852093,-0.17781785,0.8266111398133441,0.03227495224009953,0.9834667917342774,0.9975614873584625,0.9858708502655733,2069,1794,0.10567103326320648,0.11107759177684784,0.951326310634613,0.7928302884101868,0.2086406946182251,0.5638461538461538,0.04076923076923076,0.8930757119821112,0.9699913479158135,0.9207048226780906,15.0,10.0,bxpc3+TNFA_PIK3CA,bxpc3+TNFA,PIK3CA,False,True,4
bxpc3+TNFA_PTGS2,0.051700123,0.0069120973,7.4796576,0.98460865,0.19525331,0.8489018685521024,0.10788835053703184,0.9882035777111596,0.9983941796075846,0.9897930075068844,2056,1826,0.23719657957553864,0.26666030287742615,0.8895084261894226,0.877830982208252,0.3044491708278656,0.48869565217391303,0.07739130434782608,0.8963675079617731,0.8847279763406616,1.0131560569263944,16.0,8.0,bxpc3+TNFA_PTGS2,bxpc3+TNFA,PTGS2,False,True,4
bxpc3+TNFA_RELB,0.049183745,0.0033971719,14.47785,0.9845967,0.15836862,0.8494679573892939,0.13634063580779146,0.9882724450550613,0.999188010113819,0.9890755644100311,2160,1766,0.10763432085514069,0.3518821597099304,0.30588170886039734,1.0,1.0,0.9999999999999999,0.9999999999999999,0.8633190355768836,0.9984899986838416,0.8646246198909019,1.0,1.0,bxpc3+TNFA_RELB,bxpc3+TNFA,RELB,False,True,4
bxpc3+TNFA_REPIN1,0.04926561,0.0019159252,25.713743,0.98481077,0.18348181,0.8516204212091433,0.1508017433398016,0.9884885867486377,0.9995289356422873,0.9889544479404639,2228,1808,,,,,,,,,,,,,bxpc3+TNFA_REPIN1,bxpc3+TNFA,REPIN1,False,True,4
bxpc3+TNFA_SOX4,0.054506935,0.01595413,3.4164782,0.9835394,0.20601076,0.830187536904803,0.12093524683410829,0.987159331231067,0.9965624999350771,0.99056439640803,2079,1742,0.11713214218616486,0.10343340784311295,1.1324400901794434,0.5748586654663086,-0.03136836364865303,0.5348757520135589,-0.10076923076923076,0.8273733036292981,0.9326975569374008,0.8870756629255633,16.0,9.0,bxpc3+TNFA_SOX4,bxpc3+TNFA,SOX4,False,True,4
bxpc3+TNFA_SOX9,0.06697161,0.03937696,1.7007816,0.981002,0.24787828,0.8197702005446417,0.17411780822655457,0.9848243513562784,0.9920816250265382,0.9926848018477656,2207,1596,0.18296264111995697,0.25710150599479675,0.7116358280181885,0.7109777331352234,0.5456207990646362,0.41854203505523513,0.16307692307692304,0.7435434942497317,0.8773344445117388,0.8475029094104864,19.0,6.0,bxpc3+TNFA_SOX9,bxpc3+TNFA,SOX9,False,True,4
bxpc3+TNFA_TNFRSF1A,0.12784691,0.1511702,0.84571505,0.9733467,0.41388574,0.7992793394200775,0.23187246538693276,0.9776488292307217,0.975587228079633,1.0021131899759972,2257,1504,0.2917628884315491,0.524260938167572,0.5565222501754761,0.34200847148895264,0.5930172204971313,0.31427138593637455,0.24769230769230768,0.6909963736313268,0.7909234634413246,0.8736576996019149,20.0,5.0,bxpc3+TNFA_TNFRSF1A,bxpc3+TNFA,TNFRSF1A,False,True,4
bxpc3+TNFA_TNFRSF1B,0.050371807,0.00240061,20.982922,0.98466474,0.1614936,0.8555059578304735,0.10590894762756016,0.9883600674215424,0.9994209140538561,0.9889327444755497,2173,1809,0.07944198697805405,0.05970701575279236,1.3305301666259766,1.0,-1.0,0.9999999999999999,-0.9999999999999999,0.9486031326652131,0.99988379881162,0.9487133742867372,1.0,1.0,bxpc3+TNFA_TNFRSF1B,bxpc3+TNFA,TNFRSF1B,False,True,4
bxpc3+TNFA_TRAF1,0.048403066,0.0064717773,7.4790993,0.98479784,0.22492713,0.8355389825438564,0.18334328249202272,0.9883373926638377,0.9984826949261268,0.9898392808269554,2180,1690,0.04423249140381813,0.08349230140447617,0.5297792553901672,0.7863909602165222,0.5934114456176758,0.5170225138917611,0.2784615384615384,0.8716089154116659,0.964496806372083,0.9036928993992097,20.0,5.0,bxpc3+TNFA_TRAF1,bxpc3+TNFA,TRAF1,False,True,4
bxpc3+TNFA_TRAF2,0.054714654,0.008554349,6.3961215,0.9832828,0.09680739,0.8377290241124667,0.0928429112356824,0.9871007388562796,0.9980905339029305,0.9889891801661755,2084,1774,0.10707232356071472,0.08805792778730392,1.2159305810928345,0.522372841835022,0.4732617139816284,0.6653846153846155,0.12076923076923077,0.8175994439136683,0.9729861083046065,0.8402991953690954,16.0,9.0,bxpc3+TNFA_TRAF2,bxpc3+TNFA,TRAF2,False,False,4
bxpc3+TNFA_TRAF3,0.057379242,0.0037421745,15.333129,0.98284364,-0.042176925,0.8528154173483343,-0.006115093232497746,0.9869229331385394,0.9991055550150262,0.9878064716832612,1989,1940,0.021144123747944832,0.2516207993030548,0.08403170108795166,0.9987671971321106,0.9797199964523315,0.9999999999999999,0.9999999999999999,0.998885076549851,0.9829095242982464,1.0162533293824887,5.0,0.0,bxpc3+TNFA_TRAF3,bxpc3+TNFA,TRAF3,False,True,4
bxpc3+TNFA_ZFP36L1,0.05308087,0.0070054163,7.577119,0.9827429,0.07250341,0.8261185893143755,0.11481425082658002,0.986774596007672,0.9984414578731514,0.9883149264551456,2170,1734,0.022732434794306755,0.06783020496368408,0.33513733744621277,0.869084894657135,0.7796672582626343,0.5804962600168657,0.6353846153846153,0.9014067134575862,0.9618681492472149,0.9371416593459847,21.0,4.0,bxpc3+TNFA_ZFP36L1,bxpc3+TNFA,ZFP36L1,False,True,4
bxpc3+TNFA_ZNF22,0.055267006,0.0038156284,14.484379,0.9825568,-0.08556418,0.8436954780091884,-0.022220249071212225,0.9867178868827651,0.9991012282217402,0.9876055188511621,1947,1961,0.03092271089553833,0.047950368374586105,0.6448899507522583,0.07631313055753708,0.2623152732849121,0.3142857142857143,0.2,0.7885290940583398,0.8592579408971905,0.9176861295398684,5.0,1.0,bxpc3+TNFA_ZNF22,bxpc3+TNFA,ZNF22,False,True,4
bxpc3+TNFA_ZNF267,0.04586379,0.014491296,3.1649196,0.9846813,0.31288785,0.8144171064013567,0.2501512241118389,0.9881469342282297,0.9967880601335952,0.991331029883918,2342,1504,0.12613078951835632,0.17367859184741974,0.7262310981750488,0.6756894588470459,0.42049387097358704,0.6951336924125091,0.29692307692307696,0.7457362698039074,0.6533230095514727,1.1414511029021912,21.0,4.0,bxpc3+TNFA_ZNF267,bxpc3+TNFA,ZNF267,False,True,4
hap1+TGFB_MAPK14,0.0068754586,0.002968298,2.3162966,0.9977747,0.3063408,0.8846374646342428,0.24869290661490537,0.9982850482352835,0.999244715096582,0.9990396077689481,2199,1526,,,,,,,,,,,,,hap1+TGFB_MAPK14,hap1+TGFB,MAPK14,True,False,4
hap1+TGFB_PRKCA,0.018467274,0.0019950022,9.256769,0.9969869,0.3329112,0.8107146652091662,0.23378166528260394,0.9973366839943085,0.999491563811105,0.9978440240069862,2243,1549,,,,,,,,,,,,,hap1+TGFB_PRKCA,hap1+TGFB,PRKCA,True,False,4
hap1+TGFB_SMAD9,0.010272406,0.0024130456,4.2570295,0.9975998,0.38976157,0.8525454000059256,0.3065020718726675,0.9980197887350892,0.9993887162825598,0.9986302351375723,2335,1407,,,,,,,,,,,,,hap1+TGFB_SMAD9,hap1+TGFB,SMAD9,True,False,4
hap1+TNFA_CSF1,0.010856194,0.016018342,0.6777352,0.9962998,0.49129543,0.8500993635599882,0.4479248099925996,0.9970375719098623,0.9962819549913993,1.0007584368206985,2527,1110,0.1390959620475769,0.22314254939556122,0.6233502626419067,0.965964138507843,0.014140883460640907,0.8624293465463578,0.40923076923076923,0.9584261639944861,0.9105616052131518,1.0525659752259484,24.0,1.0,hap1+TNFA_CSF1,hap1+TNFA,CSF1,True,False,4
hap1+TNFA_FADD,0.005604538,0.0022704955,2.4684207,0.9982146,0.32565078,0.8732955633098535,0.25805491821361615,0.9986162511347518,0.9994290803170486,0.9991867064924318,2293,1490,,,,,,,,,,,,,hap1+TNFA_FADD,hap1+TNFA,FADD,True,False,4
hap1+TNFA_MAPK14,0.0051711346,0.004007342,1.2904152,0.9984354,0.43444768,0.8909606520179371,0.2694194570476382,0.9987692323805175,0.9990117501119123,0.9997572423633979,2167,1532,0.02834790013730526,0.14924435317516327,0.189942866563797,0.9891437292098999,0.9667654037475586,0.49999999999999994,0.9999999999999999,0.9695375148866081,0.9773269528768913,0.9920298545258023,4.0,1.0,hap1+TNFA_MAPK14,hap1+TNFA,MAPK14,True,False,4
hap1+TNFA_TRAF2,0.0060653244,0.0048038955,1.2625846,0.9980352,0.38616735,0.8751727409053096,0.30709824458941715,0.9984677554831544,0.9988290655756653,0.9996382663410954,2293,1391,0.020617704838514328,0.09309716522693634,0.2214643657207489,0.49258968234062195,0.748056948184967,0.19999999999999998,0.9999999999999999,0.9302254403430432,0.9304439663612593,0.9997651379060787,5.0,0.0,hap1+TNFA_TRAF2,hap1+TNFA,TRAF2,True,False,4
ht29+IFNB_MAPK14,0.008214997,0.008090529,1.0153844,0.9974078,0.30859977,0.8640021467278981,0.2253215392637255,0.9979032349576125,0.9980684605439073,0.9998344546563421,2087,1493,0.10788768529891968,0.1875595599412918,0.5752182602882385,0.7945565581321716,0.5898264646530151,0.8707692307692307,0.5669230769230769,0.8629836538884988,0.8384392088830229,1.0292739709038348,22.0,3.0,ht29+IFNB_MAPK14,ht29+IFNB,MAPK14,True,False,4
ht29+IFNG_CUL1,0.015509819,0.025297398,0.6130994,0.9955673,0.5861372,0.8251555392536535,0.5134987735074806,0.9962218484496385,0.9948328761036228,1.001396186615239,2552,1042,0.06937937438488007,0.12127291411161423,0.5720928907394409,0.6153262853622437,0.2519195079803467,0.5475925386248323,0.3492307692307692,0.8959277159033411,0.9189809573965697,0.9749143425577202,25.0,0.0,ht29+IFNG_CUL1,ht29+IFNG,CUL1,True,False,4
ht29+INS_FOXO1,0.00489355,0.001120743,4.3663445,0.9983895,0.12525445,0.863053858602251,0.14873649347614057,0.99873823646401,0.9997078386715434,0.9990301144294098,2423,1909,0.01289756316691637,0.013078897260129452,0.9861353635787964,-0.25487565994262695,0.5925978422164917,0.39999999999999997,0.39999999999999997,0.3891104633726963,0.43058497533956974,0.9036786828565821,3.0,1.0,ht29+INS_FOXO1,ht29+INS,FOXO1,True,False,4
ht29+TGFB_CUL1,0.047050383,0.06030762,0.7801731,0.989261,0.4234647,0.821582062238506,0.4094532990984794,0.9907237168759941,0.9890859626413011,1.0016558259813126,2365,1120,0.22298817336559296,0.3063197135925293,0.7279589176177979,0.6032959222793579,0.11940242350101471,0.6049720982405601,0.10923076923076921,0.8609901508536905,0.8718499022281435,0.9875440126256833,21.0,4.0,ht29+TGFB_CUL1,ht29+TGFB,CUL1,True,False,4
ht29+TGFB_MED15,0.016286092,0.012071173,1.3491724,0.9947481,0.055178102,0.8653699795745757,0.1552396337299325,0.9958907689964084,0.9969450357253928,0.9989425026544042,2092,1526,0.14818580448627472,0.1786821484565735,0.8293262720108032,0.7209460735321045,0.2612125873565674,0.7653846153846153,0.35230769230769227,0.7879975624847145,0.757631950259708,1.0400796352564032,21.0,4.0,ht29+TGFB_MED15,ht29+TGFB,MED15,True,False,4
ht29+TGFB_SMAD7,0.0046297144,0.003370333,1.3736668,0.9985034,0.37497002,0.8757486413197638,0.33715793711397885,0.9988269540179174,0.9991850670986921,0.9996415948430709,2276,1341,0.05932460352778435,0.08777068555355072,0.6759045124053955,0.9799135327339172,-0.6501173973083496,0.7999999999999999,-0.19999999999999998,0.9959444491642818,0.9854048250000571,1.0106957302185162,3.0,1.0,ht29+TGFB_SMAD7,ht29+TGFB,SMAD7,True,False,4
ht29+TNFA_BIRC3,0.0034923058,0.0014760265,2.3660183,0.998874,0.18345025,0.8676738658095289,0.17944578199710345,0.9991215113376243,0.9996281365428246,0.9994931863293159,2293,1743,0.8341277241706848,1.1021710634231567,0.7568042278289795,1.0,1.0,0.9999999999999999,0.9999999999999999,0.99999827363191,0.9994826229484969,1.0005159176073435,2.0,0.0,ht29+TNFA_BIRC3,ht29+TNFA,BIRC3,True,False,4
ht29+TNFA_CSF1,0.0040160934,0.0020222564,1.9859468,0.99873376,0.26636678,0.8527461526048901,0.25501689444871706,0.9990055782971242,0.9995074023627712,0.9994979286151751,2407,1577,0.005513306241482496,0.010730705223977566,0.5137878656387329,0.6734678149223328,0.04023747518658638,0.39183999293589694,0.003846153846153846,0.8759206984345654,0.9430145891293055,0.9288516938463397,21.0,4.0,ht29+TNFA_CSF1,ht29+TNFA,CSF1,True,False,4
ht29+TNFA_FADD,0.00822305,0.0054783737,1.5010021,0.9974774,0.14230353,0.8717799985929489,0.11896884984058256,0.9980051058254001,0.9986321762991864,0.9993720706295384,2139,1862,0.2620539367198944,0.27063998579978943,0.9682750105857849,0.8502421379089355,0.18737460672855377,0.586923076923077,0.32846153846153847,0.8427925148145604,0.8500917236388501,0.991413622058282,15.0,10.0,ht29+TNFA_FADD,ht29+TNFA,FADD,True,False,4
ht29+TNFA_MAPK14,0.0066506034,0.00542939,1.2249265,0.99784386,0.24653783,0.8818914324109185,0.1734981252619862,0.9983127448735407,0.9986236175891113,0.9996886988149538,2252,1753,0.025291332975029945,0.03476421907544136,0.7275104522705078,0.9131478071212769,0.7225863337516785,0.5730434782608694,0.18521739130434778,0.8223207053430761,0.7039119175128505,1.1682153475233128,19.0,5.0,ht29+TNFA_MAPK14,ht29+TNFA,MAPK14,True,False,4
k562+IFNG_CUL1,0.07078631,0.13591178,0.52082545,0.98247766,0.8030596,0.8019793525004344,0.7565389199866567,0.9847368431142518,0.9767445794396278,1.0081825523712753,2683,574,0.3361424207687378,0.7854355573654175,0.42796945571899414,0.8957648873329163,0.6114820241928101,0.6121273287538967,0.5507692307692308,0.929678398893661,0.9121823676658405,1.0191804093654986,25.0,0.0,k562+IFNG_CUL1,k562+IFNG,CUL1,True,False,4
k562+INS_FOXO1,0.008617709,0.0049039954,1.7572833,0.99688566,0.2937464,0.8876888592740378,0.26011552644883085,0.9975381894036235,0.998573411697158,0.9989632987606039,2445,1695,0.05179138481616974,0.0796326994895935,0.6503783464431763,0.42943036556243896,0.7352175712585449,0.41666666666666663,0.6666666666666667,0.7662167086023723,0.5495916799917577,1.3941563100334113,8.0,1.0,k562+INS_FOXO1,k562+INS,FOXO1,True,False,4
k562+INS_POLR2G,0.059577186,0.073424034,0.8114126,0.9846568,0.3522318,0.8350891257073644,0.3031397772522142,0.9868052030241145,0.9842693457583849,1.0025763854951468,2458,1407,0.41044071316719055,0.618781328201294,0.6633049249649048,0.9536664485931396,0.440227210521698,0.6906203702417147,0.1476923076923077,0.9070845735327709,0.8731893280256587,1.0388177505372767,24.0,1.0,k562+INS_POLR2G,k562+INS,POLR2G,True,False,4
k562+TNFA_BIRC3,0.0063094343,0.0035021508,1.8015884,0.99777067,0.28950226,0.8921406843218941,0.24770749548773918,0.9982639185752445,0.9990097600921559,0.9992534191889751,2365,1538,0.10642875730991364,0.4786960184574127,0.22233057022094727,0.9976794719696045,0.9956582188606262,1.0,1.0,0.9969968132706989,0.9979970049220076,0.9989978009489248,4.0,0.0,k562+TNFA_BIRC3,k562+TNFA,BIRC3,True,False,4
k562+TNFA_FADD,0.006348769,0.0019336524,3.2833042,0.99802357,0.2638384,0.9018087153131491,0.18177352432446223,0.9984727874092932,0.9994443984796441,0.999027848800965,2260,1767,,,,,,,,,,,,,k562+TNFA_FADD,k562+TNFA,FADD,True,False,4
k562+TNFA_IKBKE,0.009412198,0.0027366776,3.439279,0.9968182,0.1024154,0.8728430248913885,0.1684467565447793,0.997445801146347,0.9992119841767112,0.9982324240918513,2289,1644,,,,,,,,,,,,,k562+TNFA_IKBKE,k562+TNFA,IKBKE,True,False,4
k562+TNFA_MAPK14,0.01316702,0.008343038,1.5782044,0.9953234,0.011081897,0.8953652130757958,0.04197709349135523,0.9962802980749693,0.9976279730045361,0.9986491207483807,1971,1915,0.05690580978989601,0.07152697443962097,0.7955853343009949,0.8537955284118652,0.4942376911640167,0.7107692307692308,-0.22230769230769232,0.9168068375117214,0.9736456318787908,0.9416227090164306,17.0,8.0,k562+TNFA_MAPK14,k562+TNFA,MAPK14,True,False,4
k562+TNFA_TRAF2,0.009236206,0.0090418,1.0215008,0.99669325,0.3133585,0.8903664170975749,0.25927312741663977,0.9973252684130934,0.997566490689599,0.9997581892748434,2268,1579,0.0936456024646759,0.1295526623725891,0.7228381037712097,0.2927807867527008,0.12225765734910965,0.6624350959238189,0.2353846153846154,0.6564942776473115,0.7125525215096988,0.9213275622916671,21.0,4.0,k562+TNFA_TRAF2,k562+TNFA,TRAF2,True,False,4
mcf7+IFNB_MAPK14,0.0054220674,0.0048915367,1.1084589,0.99817336,0.3373903,0.8640242127547219,0.29747331397685084,0.9985398255261962,0.9987840990039156,0.9997554291483385,2388,1570,0.01828867942094803,0.03040475770831108,0.6015071868896484,0.7479574084281921,0.3833734393119812,0.7530769230769231,0.3230769230769231,0.9385619169768276,0.9712705627463457,0.9663238576107652,21.0,4.0,mcf7+IFNB_MAPK14,mcf7+IFNB,MAPK14,True,False,4
mcf7+IFNG_CUL1,0.010751245,0.00854422,1.2583061,0.99641293,0.1612193,0.8502896619729827,0.22532486944372002,0.9971643758276796,0.997744377139058,0.9994186874667823,2179,1450,0.7106735706329346,0.5657768845558167,1.256102204322815,0.835286021232605,-0.4048902690410614,0.8424242424242423,-0.5393939393939393,0.9201818526290665,0.9281144159224071,0.9914530329911353,5.0,5.0,mcf7+IFNG_CUL1,mcf7+IFNG,CUL1,True,False,4
mcf7+TGFB_CUL1,0.008445272,0.010665103,0.79186034,0.99697757,0.5090265,0.8293928786216137,0.40357578133553895,0.9975794936451025,0.9972101929450043,1.0003703338601138,2114,979,0.25935932993888855,0.8982142806053162,0.28874996304512024,0.7496182322502136,-0.9729355573654175,1.0,-1.0,0.9825715945235869,0.9871696244441276,0.9953422088700006,3.0,0.0,mcf7+TGFB_CUL1,mcf7+TGFB,CUL1,True,False,4
mcf7+TGFB_MAPK14,0.0053326483,0.006508165,0.81937814,0.9981805,0.5803824,0.8593708977853268,0.44642080247443905,0.9985476330167513,0.9982129964513164,1.0003352356327002,2175,962,,,,,,,,,,,,,mcf7+TGFB_MAPK14,mcf7+TGFB,MAPK14,True,False,4
mcf7+TGFB_MED15,0.011585521,0.019359356,0.59844553,0.9957644,0.58666515,0.8222641770738504,0.48230369147143726,0.9965584066846489,0.9952957445556468,1.001268630089005,2135,859,0.08865898102521896,0.25374603271484375,0.34940046072006226,-1.0,1.0,-0.9999999999999999,0.9999999999999999,0.7855610582057745,0.8916612231510759,0.8810084343801001,2.0,0.0,mcf7+TGFB_MED15,mcf7+TGFB,MED15,True,False,4
mcf7+TGFB_SMAD7,0.0078153275,0.012774031,0.6118137,0.99718547,0.59124434,0.841094143710713,0.4841116691753194,0.9977088186316219,0.9969237548378761,1.00078748629465,2151,872,0.9732763767242432,1.1444534063339233,0.8504289984703064,,,,,,,,1.0,0.0,mcf7+TGFB_SMAD7,mcf7+TGFB,SMAD7,True,False,4
mcf7+TNFA_BIRC3,0.003897512,0.006139624,0.63481283,0.9987135,0.59544015,0.8839026795148304,0.38804074225828494,0.9989892948851633,0.998400644323673,1.0005895935312512,2475,1380,0.12041263282299042,0.3406084477901459,0.3535221517086029,0.9118323922157288,0.26657822728157043,0.9615384615384615,0.6692307692307693,0.9660996612691805,0.9724899464837499,0.9934289447025392,25.0,0.0,mcf7+TNFA_BIRC3,mcf7+TNFA,BIRC3,True,False,4
mcf7+TNFA_CSF1,0.0035219504,0.005955267,0.5914009,0.9989105,0.65463644,0.8724304154048553,0.4237087663272862,0.9991428394770038,0.9984501907477122,1.0006937238689622,2546,1291,0.028599388897418976,0.222516268491745,0.1285271793603897,0.9634528756141663,0.9517238140106201,0.9338461538461538,0.9161538461538462,0.9776292249129411,0.9623265211310014,1.0159017791216591,25.0,0.0,mcf7+TNFA_CSF1,mcf7+TNFA,CSF1,True,False,4
mcf7+TNFA_IKBKE,0.01158606,0.00469825,2.4660373,0.9969028,0.083192274,0.8524186452179044,0.1932105763603898,0.9974201111118594,0.9987460232583691,0.9986724231029386,2272,1612,0.012364008463919163,0.024599408730864525,0.5026140213012695,0.823223888874054,-0.48165765404701233,0.6785714285714287,-0.28571428571428575,0.905429720182647,0.952834719553977,0.9502484550589001,6.0,1.0,mcf7+TNFA_IKBKE,mcf7+TNFA,IKBKE,True,False,4
mcf7+TNFA_MAPK14,0.0037581215,0.002409114,1.55996,0.99869865,0.29438663,0.9003011547808002,0.2282166482704959,0.9989895787406473,0.9993625127021506,0.99962682814618,2283,1625,,,,,,,,,,,,,mcf7+TNFA_MAPK14,mcf7+TNFA,MAPK14,True,False,4
mcf7+TNFA_TRAF2,0.0032665657,0.0033797608,0.966508,0.9988724,0.49308324,0.8936906932721786,0.34516020802014913,0.9991181347428004,0.9991233513967659,0.9999947787688496,2437,1429,0.0073136938735842705,0.022135140374302864,0.33041098713874817,1.0,1.0,0.9999999999999999,0.9999999999999999,0.9652928046022017,0.9796342317171485,0.9853604267280366,2.0,0.0,mcf7+TNFA_TRAF2,mcf7+TNFA,TRAF2,True,False,4
a549+IFNB_BATF2,0.005442327,0.006192891,0.8788023,0.9983809,0.52164304,0.883147724757088,0.4252825832287879,0.9987334635459825,0.9986783717732237,1.000055164679957,2346,1090,0.05088884010910988,0.1649920642375946,0.30843204259872437,,,,,,,,1.0,0.0,a549+IFNB_BATF2,a549+IFNB,BATF2,True,False,5
a549+IFNB_DTX3L,0.0059105307,0.007910435,0.7471815,0.9985454,0.5260391,0.8853471066038168,0.4009340148504043,0.9988769763483528,0.9983537229190155,1.0005241162699403,2250,1148,,,,,,,,,,,,,a549+IFNB_DTX3L,a549+IFNB,DTX3L,True,False,5
a549+IFNB_NFE2L3,0.006636977,0.010874292,0.6103365,0.9982672,0.5829216,0.8804124245014979,0.4230001941346068,0.9986430789128257,0.9978535678581834,1.000791209331783,2232,1137,0.08688058704137802,0.30102577805519104,0.2886151075363159,0.9988592267036438,0.9879010915756226,1.0,1.0,0.9844504277615209,0.9721146886135853,1.0126895923828994,3.0,0.0,a549+IFNB_NFE2L3,a549+IFNB,NFE2L3,True,False,5
a549+IFNB_VAV1,0.008597409,0.0048508,1.7723693,0.9980071,0.5282682,0.8451312302240113,0.42250010480184413,0.9983187671803244,0.9989349243840618,0.9993831858425439,2352,1124,,,,,,,,,,,,,a549+IFNB_VAV1,a549+IFNB,VAV1,True,False,5
a549+IFNG_BATF2,0.0056114923,0.005343186,1.0502146,0.9983388,0.5208781,0.878705477051023,0.4129689253946645,0.9987041448210905,0.9987895524890712,0.9999144888252306,2204,1082,,,,,,,,,,,,,a549+IFNG_BATF2,a549+IFNG,BATF2,True,False,5
a549+IFNG_IRF2,0.022857867,0.052468367,0.43565044,0.9936973,0.77247524,0.8498362280084764,0.7031136551470892,0.9948191280776554,0.9911338288066659,1.00371826605437,2546,587,0.29485660791397095,0.583382785320282,0.5054256319999695,0.9667456746101379,0.5011478662490845,0.8736295603037123,0.6292307692307691,0.9683730150701106,0.9550504945109225,1.0139495457420924,25.0,0.0,a549+IFNG_IRF2,a549+IFNG,IRF2,True,False,5
a549+TGFB_FOXP2,0.004792431,0.00593173,0.8079314,0.9987661,0.60255194,0.8478292960673566,0.495905844549493,0.9990157248430099,0.9987502964716914,1.0002657604931444,2509,1003,0.04071337357163429,0.0914907157421112,0.4450000524520874,,,,,,,,1.0,0.0,a549+TGFB_FOXP2,a549+TGFB,FOXP2,True,False,5
a549+TGFB_RBX1,0.004297374,0.0045360955,0.94737285,0.99871767,0.4796532,0.8613922912940912,0.38130506108654794,0.9989820808144668,0.9990016894796675,0.9999803717397006,2332,1242,,,,,,,,,,,,,a549+TGFB_RBX1,a549+TGFB,RBX1,True,False,5
a549+TGFB_RELA,0.0043081557,0.005923785,0.72726405,0.9986995,0.4952554,0.8879535043959629,0.3829899582159513,0.9989948420712019,0.9986954899535035,1.0002997431356302,2318,1260,0.05392734706401825,0.08914115279912949,0.6049658060073853,0.9740334749221802,-0.6664890646934509,1.0,-0.5,0.995456647633559,0.993481921169548,1.001987682334155,3.0,0.0,a549+TGFB_RELA,a549+TGFB,RELA,True,False,5
a549+TGFB_SMAD9,0.002362026,0.0026270007,0.8991341,0.99928325,0.501243,0.8913477895381622,0.37362716990963146,0.9994474175942011,0.999407013106371,1.0000404284613778,2304,1308,,,,,,,,,,,,,a549+TGFB_SMAD9,a549+TGFB,SMAD9,True,False,5
a549+TNFA_DNM1L,0.00831898,0.018335553,0.45370764,0.99749887,0.6864168,0.8607741878439713,0.5913035101642703,0.9980064651765366,0.9965111833632829,1.0015005168413735,2648,854,0.06500900536775589,0.1405978798866272,0.4623754322528839,0.8733747005462646,0.520635724067688,0.6666668642092077,0.43076923076923074,0.9178158422940463,0.9200763499054515,0.9975431304025612,25.0,0.0,a549+TNFA_DNM1L,a549+TNFA,DNM1L,True,False,5
a549+TNFA_MTF1,0.0050849193,0.0034435554,1.476648,0.9984884,0.20126063,0.8857975298244842,0.21025677791238914,0.9988448853576036,0.9991944758525267,0.9996501276744701,2182,1506,0.010728482156991959,0.031088637188076973,0.34509336948394775,,,,,,,,1.0,0.0,a549+TNFA_MTF1,a549+TNFA,MTF1,True,False,5
a549+TNFA_NFKBIA,0.0059438995,0.0036935674,1.6092571,0.99820423,0.15881783,0.8955295394937651,0.23160685142919707,0.9986031807603964,0.999140666546445,0.9994620519371848,2245,1404,,,,,,,,,,,,,a549+TNFA_NFKBIA,a549+TNFA,NFKBIA,True,False,5
a549+TNFA_TRAF2,0.009045721,0.010171106,0.8893547,0.9974415,0.35191888,0.8918771925384903,0.28576210502293625,0.9980419873075221,0.9977104597779389,1.0003322883170505,2210,1368,0.1755775362253189,0.2850346565246582,0.6159866452217102,0.7532955408096313,0.7222871780395508,0.9272727272727272,0.8805194805194804,0.8133559657856753,0.7355708146435146,1.1057480117395064,19.0,2.0,a549+TNFA_TRAF2,a549+TNFA,TRAF2,True,False,5
bxpc3+IFNB_BATF2,0.0067692995,0.0068717645,0.985089,0.9981235,0.424025,0.9006872762846804,0.37895933654903535,0.9985901402968307,0.9984774855155089,1.0001128265613959,2669,1394,0.10149219632148743,0.22086888551712036,0.4595133364200592,0.9836816191673279,0.6128630042076111,0.7876923076923077,0.576923076923077,0.9844556622880428,0.9214982696753158,1.068320684568306,25.0,0.0,bxpc3+IFNB_BATF2,bxpc3+IFNB,BATF2,True,False,5
bxpc3+TGFB_AKT1,0.024300952,0.006590751,3.6871293,0.9922965,0.07169844,0.8769629382514478,0.14016577318415993,0.9940944525261295,0.9984173042629076,0.9956702956586179,1984,1507,,,,,,,,,,,,,bxpc3+TGFB_AKT1,bxpc3+TGFB,AKT1,False,True,5
bxpc3+TGFB_ATF2,0.02918566,0.020204194,1.4445348,0.9907893,0.24376069,0.8485353597913128,0.24961618827992965,0.9926853396432508,0.995618016258501,0.99705441588304,2065,1303,,,,,,,,,,,,,bxpc3+TGFB_ATF2,bxpc3+TGFB,ATF2,False,True,5
bxpc3+TGFB_CHUK,0.03597423,0.0322297,1.1161827,0.98833126,0.28542972,0.836116580328112,0.2742358555577397,0.9907473913507682,0.9929560222669405,0.9977757011724145,2081,1267,0.3484167754650116,0.5636795163154602,0.6181114912033081,0.9229152202606201,0.4392540454864502,0.8327940450598204,0.39307692307692305,0.9285917191039323,0.9577020464958613,0.9696039833072918,19.0,6.0,bxpc3+TGFB_CHUK,bxpc3+TGFB,CHUK,False,True,5
bxpc3+TGFB_CREBBP,0.026323786,0.01625312,1.6196144,0.9913286,0.27046067,0.8423479520943613,0.2864181296257697,0.9932809021670866,0.9963072499997565,0.9969624351999139,2124,1263,0.5498522520065308,0.64933842420578,0.8467884063720703,0.9082282781600952,-0.2708306908607483,0.9276336570439174,-0.14285714285714288,0.9573037400275353,0.9698315049044165,0.9870825346325329,5.0,1.0,bxpc3+TGFB_CREBBP,bxpc3+TGFB,CREBBP,False,True,5
bxpc3+TGFB_CUL1,0.045757066,0.01869331,2.4477777,0.98891145,0.37806976,0.7702939801928692,0.3717806371554014,0.9912613339531975,0.9959861895260018,0.9952561033250341,2307,1070,0.016402961686253548,0.21444492042064667,0.07649032771587372,-0.33158087730407715,0.8739413022994995,-0.5,1.0,0.7106893282825597,0.8942740055797919,0.7947109318265299,3.0,0.0,bxpc3+TGFB_CUL1,bxpc3+TGFB,CUL1,False,True,5
bxpc3+TGFB_EP300,0.027206909,0.01704646,1.5960444,0.9918132,0.34425196,0.8361917238895813,0.3188588489812701,0.9936831440566511,0.9959902102105044,0.9976836457525364,2187,1202,0.3423634469509125,0.6073151230812073,0.5637328028678894,0.6001371145248413,0.020750150084495544,0.39999999999999997,0.39999999999999997,0.8962997128391336,0.9684215813342549,0.9255263721036096,4.0,0.0,bxpc3+TGFB_EP300,bxpc3+TGFB,EP300,False,True,5
bxpc3+TGFB_FOS,0.03337526,0.021575378,1.5469142,0.9891505,0.15992363,0.8453466017272177,0.22137658421583267,0.9913615912412999,0.9953291751978383,0.9960137971885032,2043,1309,0.2613929212093353,0.2931840717792511,0.8915659189224243,0.14961092174053192,-0.10357392579317093,0.11180339887498948,-0.19999999999999998,0.5695646828943675,0.6647300878341705,0.856836020090693,4.0,1.0,bxpc3+TGFB_FOS,bxpc3+TGFB,FOS,False,True,5
bxpc3+TGFB_FOXP2,0.032833815,0.012707616,2.5837903,0.990232,0.1823006,0.8265824652925036,0.269385656819118,0.9924557415846426,0.9970524022273266,0.99538975019526,2170,1226,0.03124469891190529,0.17051154375076294,0.18324096500873566,,,,,,,,1.0,0.0,bxpc3+TGFB_FOXP2,bxpc3+TGFB,FOXP2,False,False,5
bxpc3+TGFB_HDAC4,0.051867284,0.052128844,0.9949824,0.9824967,0.2579772,0.8107002537850778,0.33829049811937634,0.9859854435823546,0.9891818053526911,0.9967686811938511,2236,1071,0.9110856652259827,0.8209245204925537,1.1098288297653198,0.70412677526474,-0.33704128861427307,0.4507011844979208,-0.14692307692307693,0.7364945265908016,0.8011655354061342,0.9192788431886939,18.0,7.0,bxpc3+TGFB_HDAC4,bxpc3+TGFB,HDAC4,False,True,5
bxpc3+TGFB_HDAC5,0.024621204,0.0077315574,3.1845076,0.9924064,0.12301786,0.8741101318531416,0.1742404837891198,0.9941230633422371,0.9981830127876709,0.9959326602502527,1954,1494,,,,,,,,,,,,,bxpc3+TGFB_HDAC5,bxpc3+TGFB,HDAC5,False,True,5
bxpc3+TGFB_HRAS,0.017314753,0.0045511904,3.8044448,0.9944658,0.36058342,0.8778916172587614,0.299177445368933,0.9957943465170598,0.9989028224224045,0.9968881097985023,2262,1370,,,,,,,,,,,,,bxpc3+TGFB_HRAS,bxpc3+TGFB,HRAS,False,True,5
bxpc3+TGFB_IKBKB,0.070670985,0.111124,0.6359651,0.9769758,0.5047843,0.7866139730503492,0.5223528258011322,0.9810271135506597,0.9792422437116977,1.0018227051073663,2451,759,0.6024944186210632,0.7772367596626282,0.7751749157905579,0.736840009689331,-0.19898903369903564,0.3396831102433787,0.022307692307692306,0.5942730656999959,0.41136396096394323,1.444640566731817,20.0,5.0,bxpc3+TGFB_IKBKB,bxpc3+TGFB,IKBKB,False,True,5
bxpc3+TGFB_IRF7,0.024594128,0.008282267,2.9694924,0.9924531,0.14228107,0.8762504408993327,0.2051471635910763,0.9941813673997947,0.9980225333146162,0.9961512232573905,2015,1444,,,,,,,,,,,,,bxpc3+TGFB_IRF7,bxpc3+TGFB,IRF7,False,True,5
bxpc3+TGFB_JUN,0.023225004,0.012728321,1.8246714,0.992681,0.28808784,0.8693331844376697,0.23795365677811406,0.9943359333705878,0.9969352586207584,0.9973926840005973,2103,1386,0.1726795881986618,0.38100147247314453,0.4532255232334137,0.9026521444320679,0.7602217793464661,0.9369749612033815,0.9285714285714288,0.9415133294856911,0.8800593190934293,1.0698293956543374,7.0,0.0,bxpc3+TGFB_JUN,bxpc3+TGFB,JUN,False,True,5
bxpc3+TGFB_KRAS,0.019605637,0.0053706416,3.6505203,0.99374473,0.25429165,0.87645912111828,0.25681631406190336,0.9952434255194686,0.9987029420762206,0.9965359904221771,2186,1378,,,,,,,,,,,,,bxpc3+TGFB_KRAS,bxpc3+TGFB,KRAS,False,True,5
bxpc3+TGFB_MAP3K7,0.020399047,0.0064041014,3.18531,0.99341476,0.23815835,0.8706218067299498,0.23729570719822451,0.9949843455094566,0.9984750742086783,0.9965039400688213,2126,1394,,,,,,,,,,,,,bxpc3+TGFB_MAP3K7,bxpc3+TGFB,MAP3K7,False,True,5
bxpc3+TGFB_MAPK1,0.027453369,0.016225342,1.6920055,0.9912032,0.22875139,0.8589278995463538,0.24856955984604617,0.9932486816177707,0.9960857270282472,0.9971518059806553,2083,1354,0.4440467059612274,0.6271322965621948,0.7080590724945068,0.8397632837295532,0.48814523220062256,0.8794117647058824,0.27058823529411763,0.9204198096093482,0.9000463614479993,1.022635998581864,12.0,4.0,bxpc3+TGFB_MAPK1,bxpc3+TGFB,MAPK1,False,True,5
bxpc3+TGFB_MAPK3,0.03188021,0.01273535,2.503285,0.9897858,-0.00803742,0.8627450429222713,0.08881737640862429,0.9921029109190441,0.9970008773314676,0.9950872997970341,1876,1532,,,,,,,,,,,,,bxpc3+TGFB_MAPK3,bxpc3+TGFB,MAPK3,False,True,5
bxpc3+TGFB_MAPK14,0.029463904,0.010091201,2.9197617,0.9905672,-0.0052317507,0.8711641267611115,0.14677654692189984,0.9928244837785176,0.997559632968572,0.9952532670393214,2048,1479,1.6271780729293823,0.901439368724823,1.805088758468628,-0.3530597984790802,-0.7668673396110535,0.0,-0.39999999999999997,0.5593751180221329,0.698126852211547,0.8012514004440995,1.0,3.0,bxpc3+TGFB_MAPK14,bxpc3+TGFB,MAPK14,False,True,5
bxpc3+TGFB_MED15,0.055091724,0.03898655,1.4130957,0.9851872,0.07115798,0.8383628296795826,0.09034658121635174,0.9879250744982044,0.992005294542688,0.9958868969077785,1781,1552,0.4229823648929596,0.38621917366981506,1.0951874256134033,0.9037498831748962,0.17504960298538208,0.6797714324626829,0.19846153846153847,0.8309933495783396,0.8519167336850232,0.9754396371389747,13.0,12.0,bxpc3+TGFB_MED15,bxpc3+TGFB,MED15,False,True,5
bxpc3+TGFB_MYC,0.02867941,0.010072622,2.8472636,0.9911084,0.03924369,0.8663569162585998,0.1145677835336579,0.9931111552319326,0.9976767098493134,0.9954238135737674,1903,1543,,,,,,,,,,,,,bxpc3+TGFB_MYC,bxpc3+TGFB,MYC,False,True,5
bxpc3+TGFB_NFKB1,0.031465974,0.015661243,2.009162,0.9900968,0.1807267,0.8373988931968024,0.23512417650053455,0.992368113442478,0.9963708457746441,0.9959826882238269,2148,1273,0.8230966925621033,0.6241929531097412,1.318657398223877,0.8538540601730347,-0.30025991797447205,1.0,-0.08571428571428573,0.9141716233437143,0.961719477614957,0.9505595390568979,4.0,2.0,bxpc3+TGFB_NFKB1,bxpc3+TGFB,NFKB1,False,True,5
bxpc3+TGFB_NRAS,0.03946706,0.04438491,0.8891999,0.98653793,0.37498885,0.8136154054118295,0.3978525637245013,0.9892489096095843,0.9906718113066798,0.9985637002276074,2339,971,0.19915330410003662,0.35128265619277954,0.5669317841529846,0.5140916109085083,-0.022073501721024513,0.3629807267787375,-0.13999999999999999,0.7075669939561628,0.7070339693266859,1.000753888289108,24.0,1.0,bxpc3+TGFB_NRAS,bxpc3+TGFB,NRAS,False,True,5
bxpc3+TGFB_PAK1,0.024044592,0.005270057,4.562492,0.9923838,0.035880424,0.8792379583284067,0.13412339627347383,0.9941925090420345,0.998728703885279,0.9954580309691734,2056,1541,,,,,,,,,,,,,bxpc3+TGFB_PAK1,bxpc3+TGFB,PAK1,False,True,5
bxpc3+TGFB_PIK3CA,0.026998103,0.014770058,1.8278942,0.9913217,0.25124082,0.8503672719035046,0.27744552647516785,0.9932601397240631,0.9966789333392302,0.9965698145101624,2128,1259,1.5949082374572754,1.4735019207000732,1.0823930501937866,,,,,,,,0.0,1.0,bxpc3+TGFB_PIK3CA,bxpc3+TGFB,PIK3CA,False,True,5
bxpc3+TGFB_PPP2CA,0.023163276,0.008637692,2.681651,0.9927933,0.25440753,0.8493542314303189,0.2773633365086736,0.9944777755164563,0.9979680209411281,0.9965026480293624,2156,1304,1.0044432878494263,1.7746731042861938,0.565987765789032,,,,,,,,1.0,0.0,bxpc3+TGFB_PPP2CA,bxpc3+TGFB,PPP2CA,False,True,5
bxpc3+TGFB_PRKCA,0.023849951,0.0072229425,3.3019717,0.99236834,0.11990969,0.8703413872988688,0.16933132452806188,0.9941467514436219,0.998300552756283,0.9958391275040441,2012,1480,,,,,,,,,,,,,bxpc3+TGFB_PRKCA,bxpc3+TGFB,PRKCA,False,True,5
bxpc3+TGFB_RAF1,0.030590128,0.02158657,1.4170907,0.990085,0.22726113,0.8430676476618335,0.23421547947323665,0.9921827842115027,0.9953770780341671,0.9967908706226459,2047,1301,0.27360999584198,0.3284372389316559,0.8330662846565247,0.8266326189041138,0.04175253212451935,0.6809923420975011,0.3588235294117647,0.9008150275343241,0.9024998626244443,0.998133146430382,13.0,3.0,bxpc3+TGFB_RAF1,bxpc3+TGFB,RAF1,False,True,5
bxpc3+TGFB_RBL1,0.034166187,0.03176317,1.0756541,0.98925,0.3146698,0.8389921613257679,0.32738867249452464,0.991331620285512,0.9931266920502863,0.9981925047638501,2164,1186,0.4737270474433899,0.46181192994117737,1.0258008241653442,0.7496019005775452,-0.22940027713775635,0.5023625846186898,-0.09769230769230769,0.8187872679982626,0.8129972278880282,1.0071218448373749,22.0,3.0,bxpc3+TGFB_RBL1,bxpc3+TGFB,RBL1,False,True,5
bxpc3+TGFB_RBX1,0.028579917,0.010726849,2.6643348,0.9920491,0.29267526,0.830310812189046,0.3111448275893256,0.9938764663378896,0.9975328496521629,0.9963345735275302,2207,1198,,,,,,,,,,,,,bxpc3+TGFB_RBX1,bxpc3+TGFB,RBX1,False,False,5
bxpc3+TGFB_RELA,0.02001933,0.0070946715,2.8217416,0.9939875,0.34610364,0.8553808161125973,0.279656559632376,0.9954128897721889,0.9982960561312565,0.9971119125019478,2169,1311,2.628826223372016e-06,0.8946701288223267,2.9383190849330276e-06,,,,,,,,1.0,0.0,bxpc3+TGFB_RELA,bxpc3+TGFB,RELA,False,False,5
bxpc3+TGFB_RHOA,0.03545826,0.032294355,1.0979708,0.98814523,0.38581213,0.7913684630699681,0.39268145352526346,0.9907038327062806,0.9930332388494669,0.9976542515879073,2348,996,0.3550605773925781,0.5454564094543457,0.6509421467781067,0.9057296514511108,0.22228576242923737,0.3473563766180082,0.24692307692307694,0.907460292587687,0.9031552405140798,1.004766680057303,21.0,4.0,bxpc3+TGFB_RHOA,bxpc3+TGFB,RHOA,False,True,5
bxpc3+TGFB_RPS6KB1,0.020981595,0.0062239524,3.3711047,0.9932041,0.19898595,0.8723763302201953,0.22244424225355008,0.9948282420217868,0.9985243207196354,0.9962984590148142,2130,1406,,,,,,,,,,,,,bxpc3+TGFB_RPS6KB1,bxpc3+TGFB,RPS6KB1,False,True,5
bxpc3+TGFB_RUNX1,0.025788583,0.0059772525,4.3144546,0.992204,0.05715242,0.8786515144287982,0.13789710777558817,0.9940332809689628,0.9985751820436768,0.995451618309381,2070,1527,,,,,,,,,,,,,bxpc3+TGFB_RUNX1,bxpc3+TGFB,RUNX1,False,True,5
bxpc3+TGFB_RUNX2,0.02481319,0.012667557,1.9587983,0.991956,0.2156355,0.8516242491613244,0.2615894414674685,0.9937406953139676,0.997144473326509,0.9965864745745555,2103,1309,,,,,,,,,,,,,bxpc3+TGFB_RUNX2,bxpc3+TGFB,RUNX2,False,True,5
bxpc3+TGFB_RUNX3,0.030794354,0.010396428,2.9620128,0.9904889,-0.026779372,0.8760578174083838,0.10466619862641205,0.9926288685714917,0.9975924670912627,0.9950244226139321,1942,1486,0.39166194200515747,0.6020517945289612,0.6505452394485474,1.0,1.0,0.9999999999999999,0.9999999999999999,0.9608731100792456,0.9980048190581697,0.9627940584355436,1.0,1.0,bxpc3+TGFB_RUNX3,bxpc3+TGFB,RUNX3,False,True,5
bxpc3+TGFB_SKP1,0.19812742,0.31405914,0.6308602,0.9283232,0.5455445,0.730757303161456,0.5442723283057651,0.9403254496425031,0.9353361957695145,1.0053341823993927,2063,527,0.9187516570091248,2.003178596496582,0.45864689350128174,0.7888333201408386,0.6294308304786682,0.6713026046951384,0.6453846153846153,0.7489641180997476,0.7230083055651275,1.0358997432461472,25.0,0.0,bxpc3+TGFB_SKP1,bxpc3+TGFB,SKP1,False,True,5
bxpc3+TGFB_SMAD1,0.020461773,0.008168025,2.5051067,0.9933896,0.2794378,0.8579456215241603,0.2687697965138273,0.9949076290822872,0.9980982108926135,0.9968033388142507,2144,1313,,,,,,,,,,,,,bxpc3+TGFB_SMAD1,bxpc3+TGFB,SMAD1,False,True,5
bxpc3+TGFB_SMAD2,0.021818858,0.0056200414,3.8823304,0.99306357,0.16127218,0.8760834980848892,0.23380897539539638,0.9947145549339437,0.9986431508460194,0.9960660663333569,2148,1412,,,,,,,,,,,,,bxpc3+TGFB_SMAD2,bxpc3+TGFB,SMAD2,False,True,5
bxpc3+TGFB_SMAD3,0.01979127,0.0096384175,2.0533733,0.9937691,0.35496137,0.8685436369789866,0.27383865827417875,0.9952120085618267,0.9976716784954613,0.9975345897987763,2105,1355,0.7498857975006104,1.4924873113632202,0.502440333366394,,,,,,,,1.0,0.0,bxpc3+TGFB_SMAD3,bxpc3+TGFB,SMAD3,False,True,5
bxpc3+TGFB_SMAD4,0.025544142,0.010486436,2.4359221,0.99177796,0.14186773,0.8558704567671921,0.19005381706715502,0.9936269158263225,0.9975483410793011,0.9960689371216478,2017,1410,,,,,,,,,,,,,bxpc3+TGFB_SMAD4,bxpc3+TGFB,SMAD4,False,False,5
bxpc3+TGFB_SMAD5,0.038478892,0.037671704,1.0214269,0.9878251,0.29947013,0.8308786359338476,0.34251825268647057,0.9903290765949837,0.9930992380863031,0.9972105894505997,2233,1108,0.5980455875396729,0.43971651792526245,1.360070824623108,0.6416526436805725,-0.4706009328365326,0.6833275264747879,0.005384615384615384,0.7183208269622371,0.816189894103262,0.8800903223035461,18.0,7.0,bxpc3+TGFB_SMAD5,bxpc3+TGFB,SMAD5,False,True,5
bxpc3+TGFB_SMAD6,0.02230116,0.006327861,3.524281,0.99280083,0.14886251,0.8663131783094449,0.20120994373452739,0.9945191052366296,0.9984900066005655,0.9960230935335496,2041,1458,,,,,,,,,,,,,bxpc3+TGFB_SMAD6,bxpc3+TGFB,SMAD6,False,True,5
bxpc3+TGFB_SMAD7,0.030444726,0.018867286,1.6136252,0.99025106,0.18286951,0.8465595617441787,0.22181363968690024,0.9922517118529207,0.9958334459727696,0.9964032799517493,2018,1353,0.20234112441539764,0.28211989998817444,0.7172167897224426,0.9157677888870239,0.12643800675868988,0.6360293321068051,0.1032967032967033,0.9015085743632912,0.8658721213479365,1.0411567160285495,12.0,2.0,bxpc3+TGFB_SMAD7,bxpc3+TGFB,SMAD7,False,True,5
bxpc3+TGFB_SMAD9,0.023380088,0.0066054026,3.53954,0.9930527,0.16567677,0.8666625987832725,0.18576426777543956,0.9946955086123223,0.9984311954397151,0.9962584434015529,2071,1471,,,,,,,,,,,,,bxpc3+TGFB_SMAD9,bxpc3+TGFB,SMAD9,False,False,5
bxpc3+TGFB_SMURF1,0.034833305,0.009862219,3.5319946,0.98888457,-0.18011564,0.8747007817394828,0.02819604197699327,0.991535566508986,0.9976390574208659,0.9938820649948701,1936,1623,0.6300098896026611,0.6161398887634277,1.0225111246109009,0.8760749101638794,-0.0867958813905716,0.7,0.09999999999999999,0.9335403664476025,0.9545507943422162,0.9779891986690011,2.0,3.0,bxpc3+TGFB_SMURF1,bxpc3+TGFB,SMURF1,False,True,5
bxpc3+TGFB_SMURF2,0.026183734,0.0068844575,3.803311,0.99158394,-9.755418e-05,0.8655525439231436,0.10811157365951027,0.9935623246238104,0.9983728961934616,0.9951815883744515,1942,1569,0.7291252017021179,1.2004033327102661,0.6074001789093018,,,,,,,,1.0,0.0,bxpc3+TGFB_SMURF2,bxpc3+TGFB,SMURF2,False,True,5
bxpc3+TGFB_SP1,0.026630908,0.0084970975,3.1341183,0.9914337,0.03845585,0.8660803749451836,0.15948501110067653,0.9934470563282054,0.9979639905149331,0.9954738505300206,2038,1432,,,,,,,,,,,,,bxpc3+TGFB_SP1,bxpc3+TGFB,SP1,False,True,5
bxpc3+TGFB_TGFBR1,0.022882711,0.02609775,0.8768078,0.99326867,0.5278599,0.8658832212259184,0.34764367825308884,0.9948798011333976,0.993707552319707,1.001179671837005,2242,1252,0.30595195293426514,0.9493371844291687,0.32227954268455505,0.8073411583900452,0.8266667723655701,0.633076923076923,0.8646153846153846,0.9432467256164927,0.8919743435184764,1.0574819023333872,23.0,2.0,bxpc3+TGFB_TGFBR1,bxpc3+TGFB,TGFBR1,False,False,5
bxpc3+TGFB_TGFBR2,0.016304933,0.022931516,0.71102726,0.99488163,0.62376976,0.8690261121321885,0.3997474807774355,0.9961040205661201,0.9944618941832618,1.001651271298039,2279,1222,0.14729447662830353,0.7124427556991577,0.2067456990480423,0.9425041675567627,0.890889048576355,0.916923076923077,0.9269230769230768,0.9755105315814553,0.8922572978024066,1.0933063074789056,23.0,2.0,bxpc3+TGFB_TGFBR2,bxpc3+TGFB,TGFBR2,False,True,5
bxpc3+TGFB_TGFBR3,0.027711628,0.013548026,2.0454366,0.9910375,0.14570755,0.8534127365631137,0.23745020543545314,0.9929692418761028,0.9969181138650027,0.996038920414847,2071,1316,1.8028686046600342,1.112280249595642,1.6208761930465698,1.0,-1.0,0.9999999999999999,-0.9999999999999999,0.9977011980287913,0.9737316158367506,1.0246162102597882,1.0,1.0,bxpc3+TGFB_TGFBR3,bxpc3+TGFB,TGFBR3,False,True,5
bxpc3+TGFB_TGIF1,0.040046647,0.03672562,1.090428,0.9877881,0.28007823,0.8314463075406652,0.2515567478903243,0.9900790343514675,0.9922900154218305,0.9977718398492369,2009,1326,0.3160285949707031,0.6413609385490417,0.49274685978889465,0.9424082040786743,0.6112395524978638,0.8283085201765081,0.3992307692307692,0.9172473676238058,0.8910181296643709,1.0294373785293403,22.0,3.0,bxpc3+TGFB_TGIF1,bxpc3+TGFB,TGIF1,False,True,5
bxpc3+TNFA_DNM1L,0.016783297,0.034577843,0.48537722,0.99524975,0.73079896,0.8586893532193309,0.6395501450449209,0.9960320299944964,0.9930730033058807,1.002979666830903,2858,954,0.1594000607728958,0.3028377890586853,0.5263546109199524,0.8803730607032776,0.6825000047683716,0.6129860005392456,0.6161538461538462,0.9233426949456425,0.8918010189560619,1.035368513064162,24.0,1.0,bxpc3+TNFA_DNM1L,bxpc3+TNFA,DNM1L,True,False,5
bxpc3+TNFA_SOX9,0.020293308,0.03937696,0.51535994,0.99510217,0.7025137,0.8507397961111137,0.5650905610725143,0.9959769281354001,0.9920816250265382,1.0039263937670024,2771,1032,0.12424011528491974,0.25710150599479675,0.4832337200641632,0.9527838230133057,0.7043114304542542,0.5612617914941067,0.696923076923077,0.9230321925730167,0.8773344445117388,1.0520870328836913,25.0,0.0,bxpc3+TNFA_SOX9,bxpc3+TNFA,SOX9,True,False,5
bxpc3+TNFA_TRAF2,0.004367553,0.008554349,0.5105652,0.99855465,0.6369057,0.8942799810825973,0.5194853220492159,0.9988776634366945,0.9980905339029305,1.0007886354063353,2685,1173,0.038178518414497375,0.08805792778730392,0.43356138467788696,0.9514949321746826,0.7350419163703918,0.9261538461538461,0.4807692307692307,0.9750536788105106,0.9729861083046065,1.0021249743323744,24.0,1.0,bxpc3+TNFA_TRAF2,bxpc3+TNFA,TRAF2,True,False,5
hap1+TGFB_FOXP2,0.011561494,0.014218112,0.81315255,0.9969573,0.6314392,0.8053960676113839,0.5673850776074971,0.9975899729612662,0.9968529684063739,1.0007393312537058,2719,874,0.03090524673461914,0.12539614737033844,0.2464608997106552,0.6303133964538574,0.2595265209674835,0.3476923076923077,0.39615384615384613,0.9039532501722083,0.9461069062440428,0.9554451449475402,25.0,0.0,hap1+TGFB_FOXP2,hap1+TGFB,FOXP2,True,False,5
hap1+TGFB_RELA,0.007445503,0.0031369282,2.3735013,0.99756813,0.33133808,0.8724396539631586,0.30557382571834746,0.9980990011431562,0.9992145847805544,0.9988835394775155,2311,1371,,,,,,,,,,,,,hap1+TGFB_RELA,hap1+TGFB,RELA,True,False,5
hap1+TGFB_TGFBR1,0.012550721,0.011790675,1.0644616,0.99600565,0.38440263,0.8836428279027054,0.2938562035744915,0.9968315395533115,0.9969829692808175,0.9998481120217979,2463,1466,0.5081944465637207,0.7611602544784546,0.6676576137542725,0.60904461145401,0.7492125630378723,0.6253846153846154,0.7007692307692307,0.8697045543725517,0.7839668053767809,1.109364004199852,21.0,4.0,hap1+TGFB_TGFBR1,hap1+TGFB,TGFBR1,True,False,5
hap1+TNFA_MTF1,0.0073233442,0.0050503053,1.4500796,0.9977634,0.34671885,0.8765944272691173,0.26665928022709934,0.9982462462868702,0.9987156388600431,0.9995300037819487,2315,1522,0.09767390787601471,0.19832541048526764,0.4924931526184082,0.1293056607246399,0.7882928252220154,-0.25,0.8571428571428573,0.7452096524248482,0.7100920076239641,1.0494550627578405,5.0,2.0,hap1+TNFA_MTF1,hap1+TNFA,MTF1,True,False,5
hap1+TNFA_SOX9,0.010279927,0.019676136,0.52245665,0.9968506,0.66512525,0.8136418316109242,0.6082218403045219,0.9974959267515771,0.9958047171662965,1.0016983345791866,2784,842,0.06438067555427551,0.2112465649843216,0.3047655522823334,0.9382578134536743,0.628943145275116,0.7628390216126207,0.5753846153846153,0.9585041079349591,0.9587682028865594,0.9997245476531187,23.0,2.0,hap1+TNFA_SOX9,hap1+TNFA,SOX9,True,False,5
hap1+TNFA_TRAF2,0.006132971,0.0048038955,1.2766662,0.99804,0.3959587,0.8719829262331213,0.3469690359052032,0.9984707206110266,0.9988290655756653,0.9996412349450081,2383,1301,0.019736919552087784,0.09309716522693634,0.2120034396648407,0.6285138130187988,0.857650637626648,0.09999999999999999,0.9999999999999999,0.9387678222410072,0.9304439663612593,1.0089461119429906,5.0,0.0,hap1+TNFA_TRAF2,hap1+TNFA,TRAF2,True,False,5
ht29+IFNB_DTX3L,0.00416954,0.0036906707,1.1297513,0.9986329,0.35302556,0.8718819039534061,0.3166098506795619,0.9989244927056838,0.9991089963927564,0.999815331772871,2277,1358,2.0008790493011475,1.408450722694397,1.4206241369247437,,,,,,,,0.0,1.0,ht29+IFNB_DTX3L,ht29+IFNB,DTX3L,True,False,5
ht29+IFNB_NFE2L3,0.0036739109,0.0028036903,1.310384,0.9988023,0.37173325,0.8653828750690181,0.2872672112043659,0.9990630938460725,0.9993079923985364,0.9997549318585193,2248,1417,,,,,,,,,,,,,ht29+IFNB_NFE2L3,ht29+IFNB,NFE2L3,True,False,5
ht29+IFNB_VAV1,0.006410551,0.0023381389,2.7417324,0.99820304,0.3655936,0.8053239714945124,0.29577267060579476,0.9984868575693774,0.99942272268742,0.9990635943162007,2301,1397,,,,,,,,,,,,,ht29+IFNB_VAV1,ht29+IFNB,VAV1,True,False,5
ht29+IFNG_IRF2,0.0067137647,0.010824037,0.6202644,0.99776703,0.52677524,0.8523847491171994,0.47729078470082104,0.998177180666394,0.9974697360049105,1.0007092392239558,2530,1074,0.04516814276576042,0.09354781359434128,0.4828348457813263,0.9790615439414978,0.6666367650032043,0.7386035912739444,0.6830769230769231,0.9447852160695288,0.9225330994427365,1.0241206701854209,25.0,0.0,ht29+IFNG_IRF2,ht29+IFNG,IRF2,True,False,5
ht29+TGFB_FOXP2,0.0071304194,0.0047203223,1.5105789,0.99789953,0.4619496,0.8248122784247144,0.38397880565524495,0.998308266361065,0.9988808783934309,0.9994267464271747,2431,1188,0.13582198321819305,0.4751262962818146,0.28586500883102417,0.9968108534812927,0.7583587169647217,0.5,1.0,0.9982202699369827,0.9928524650590175,1.0054064476514606,3.0,0.0,ht29+TGFB_FOXP2,ht29+TGFB,FOXP2,True,False,5
ht29+TGFB_RBX1,0.007532089,0.010755194,0.7003211,0.9974761,0.5136914,0.8299379481210271,0.4432631357675045,0.9979934699332682,0.9976672698347294,1.0003269628145592,2467,1108,0.04597502201795578,0.10290016233921051,0.44679251313209534,0.8603516221046448,0.7331106662750244,0.8444960162095854,0.7546153846153847,0.9386424412995653,0.9541898306023769,0.9837061884289874,25.0,0.0,ht29+TGFB_RBX1,ht29+TGFB,RBX1,True,False,5
ht29+TGFB_RELA,0.0052175247,0.0038534515,1.3539875,0.99834394,0.3551037,0.8639053012883279,0.3071804313017737,0.9987040846018673,0.9990657315722603,0.9996380148382992,2302,1318,0.10178995132446289,0.17072133719921112,0.5962345004081726,1.0,-1.0,0.9999999999999999,-0.9999999999999999,0.9832854200843578,0.9999359020425622,0.983348450711498,2.0,0.0,ht29+TGFB_RELA,ht29+TGFB,RELA,True,False,5
ht29+TGFB_SMAD4,0.0050913454,0.004741443,1.0737966,0.99837565,0.3676601,0.872110288791628,0.30474020023769344,0.9987001673307141,0.9988718310599719,0.9998281423863203,2234,1367,,,,,,,,,,,,,ht29+TGFB_SMAD4,ht29+TGFB,SMAD4,True,False,5
ht29+TGFB_TGFBR1,0.0058577815,0.004153443,1.4103435,0.9981147,0.31205004,0.8701677116058056,0.26018228503349855,0.9985203272140443,0.9989701092533625,0.9995497542567571,2250,1452,0.050041988492012024,0.09180586785078049,0.5450848340988159,0.6647855043411255,0.7826431393623352,0.8095238095238096,0.7857142857142858,0.8370953246974189,0.8215053797775174,1.0189772888938642,7.0,1.0,ht29+TGFB_TGFBR1,ht29+TGFB,TGFBR1,True,False,5
ht29+TNFA_ARID5B,0.026875116,0.0018880573,14.234269,0.99137986,0.057453163,0.831052454004905,0.11081763943489323,0.9932594902507704,0.9995315548439018,0.9937249959115989,2156,1797,0.007031161338090897,0.008731906302273273,0.8052263855934143,0.4196171164512634,0.2811119556427002,0.4178078379926241,0.37461538461538463,0.7627293970857114,0.9234702780281145,0.8259382193808846,17.0,8.0,ht29+TNFA_ARID5B,ht29+TNFA,ARID5B,False,True,5
ht29+TNFA_BATF,0.026416324,0.001267947,20.833933,0.99158555,0.060069818,0.8346171304559594,0.11938879364080447,0.9934326629665918,0.9996820928424903,0.9937485827538144,2173,1838,,,,,,,,,,,,,ht29+TNFA_BATF,ht29+TNFA,BATF,False,True,5
ht29+TNFA_BIRC2,0.026009876,0.000990222,26.266712,0.99179137,0.10874435,0.8285026875857809,0.11381206724483135,0.9936040754931023,0.999749599432137,0.9938529368328575,2208,1857,,,,,,,,,,,,,ht29+TNFA_BIRC2,ht29+TNFA,BIRC2,False,True,5
ht29+TNFA_BIRC3,0.02548634,0.0014760265,17.26686,0.99177796,0.11495155,0.8317475679222199,0.09102058111381103,0.9935934755594693,0.9996281365428246,0.9939630941119506,2164,1872,0.02717570774257183,1.1021710634231567,0.024656524881720543,1.0,1.0,0.9999999999999999,0.9999999999999999,0.9996729254946012,0.9994826229484969,1.000190401055241,2.0,0.0,ht29+TNFA_BIRC3,ht29+TNFA,BIRC3,False,True,5
ht29+TNFA_CASP3,0.028020376,0.0026468704,10.586229,0.99118394,0.19915146,0.793467971260588,0.191310595688879,0.993058027915664,0.999360467809227,0.9936935269138881,2297,1664,0.012366550043225288,0.020161375403404236,0.6133782863616943,0.5815630555152893,0.23421315848827362,0.30869909070195417,0.2646153846153846,0.8104742474437974,0.9551434461300526,0.8485366786817097,21.0,4.0,ht29+TNFA_CASP3,ht29+TNFA,CASP3,False,True,5
ht29+TNFA_CASP7,0.036207538,0.00085788337,42.205666,0.98994267,0.14623508,0.7427451744576046,0.14205267428950036,0.9918212381145326,0.9997845848797705,0.992034937439853,2303,1749,,,,,,,,,,,,,ht29+TNFA_CASP7,ht29+TNFA,CASP7,False,False,5
ht29+TNFA_CASP8,0.027941788,0.007243245,3.857634,0.990713,0.26699692,0.785398644158812,0.26968195820493424,0.9926444755898489,0.9983869591446175,0.9942482386191337,2422,1496,0.07248024642467499,0.036613594740629196,1.9795993566513062,0.13729065656661987,-0.1515299379825592,0.22552801739182501,-0.1746153846153846,0.5876569525061832,0.9222948369720094,0.6371682123208263,18.0,7.0,ht29+TNFA_CASP8,ht29+TNFA,CASP8,False,True,5
ht29+TNFA_CASP10,0.041107457,0.01627737,2.5254362,0.9874939,0.4273926,0.6927289798049082,0.4335553547589995,0.9898166569027861,0.9964961142679469,0.9932970562859968,2736,1176,0.026875164359807968,0.07167526334524155,0.3749573230743408,0.33576539158821106,0.3288505971431732,0.3896537149800538,0.2407692307692308,0.6615869222760057,0.875783219642106,0.7554231543125102,23.0,2.0,ht29+TNFA_CASP10,ht29+TNFA,CASP10,False,True,5
ht29+TNFA_CEBPB,0.030553006,0.007706795,3.9644244,0.99009013,0.09278002,0.8236563819994933,0.13308606979113147,0.9922355445149106,0.998052657769762,0.9941715367324904,2177,1779,0.058074042201042175,0.08509690314531326,0.6824460029602051,0.8493078947067261,0.5547788739204407,0.6508944148101635,0.3592307692307692,0.8423620310130131,0.7752408840260221,1.0865810206479487,16.0,9.0,ht29+TNFA_CEBPB,ht29+TNFA,CEBPB,False,True,5
ht29+TNFA_CHUK,0.021856632,0.013367465,1.6350619,0.9928924,0.48283514,0.8242372305599004,0.20618455431313368,0.9944312961328047,0.9966499451551247,0.9977738933984743,2198,1755,0.28173157572746277,0.6308653354644775,0.44657957553863525,0.5900071859359741,0.623421311378479,0.5576923076923077,0.6661538461538461,0.8996796609448825,0.9663187844829957,0.9310381577920306,22.0,3.0,ht29+TNFA_CHUK,ht29+TNFA,CHUK,False,True,5
ht29+TNFA_CREB1,0.025971359,0.0024734351,10.500117,0.99165714,0.14494143,0.8345388904451619,0.1073257016341376,0.9935016092460757,0.999376253019843,0.9941216896479022,2193,1862,0.004362388979643583,0.0034576302859932184,1.2616701126098633,0.3392033278942108,0.08883675932884216,0.4642857142857144,0.1785714285714286,0.760385308538436,0.955937962314471,0.7954337399651203,4.0,3.0,ht29+TNFA_CREB1,ht29+TNFA,CREB1,False,True,5
ht29+TNFA_CSF1,0.026358893,0.0020222564,13.034397,0.99143845,0.094494775,0.8285732374066869,0.1393244756654221,0.9933056130671312,0.9995074023627712,0.9937951542119854,2207,1777,0.020926065742969513,0.010730705223977566,1.950110912322998,0.5925347805023193,-0.20153173804283142,0.5511933888842874,-0.18307692307692305,0.8346782400663278,0.9430145891293055,0.8851169957370377,14.0,11.0,ht29+TNFA_CSF1,ht29+TNFA,CSF1,False,True,5
ht29+TNFA_CSF2,0.02587393,0.0006699033,38.62338,0.9916689,0.060224723,0.8433367433486149,0.08642708339947702,0.9935166791481517,0.9998306531606178,0.9936849565548859,2190,1920,,,,,,,,,,,,,ht29+TNFA_CSF2,ht29+TNFA,CSF2,False,True,5
ht29+TNFA_DNM1L,0.029139936,0.0070525496,4.13183,0.9902908,0.13614975,0.8054216421137153,0.1868710596481357,0.9922684438871835,0.9984281236617942,0.9938306227272328,2259,1651,0.04408932849764824,0.03941689059138298,1.1185389757156372,0.16541580855846405,-0.25630006194114685,0.09923076923076923,-0.04384615384615385,0.7886063020465398,0.9504793324050806,0.8296932665027661,16.0,9.0,ht29+TNFA_DNM1L,ht29+TNFA,DNM1L,False,False,5
ht29+TNFA_FADD,0.026903741,0.0054783737,4.910899,0.99120784,0.18103968,0.8320840476261961,0.18864997537622363,0.9931354764657124,0.9986321762991864,0.9944957713521267,2232,1769,0.25095874071121216,0.27063998579978943,0.9272788763046265,0.791146457195282,0.34451979398727417,0.3861538461538461,0.16923076923076924,0.832199777591293,0.8500917236388501,0.9789529229022841,14.0,11.0,ht29+TNFA_FADD,ht29+TNFA,FADD,False,True,5
ht29+TNFA_FOS,0.025465522,0.0016058884,15.857592,0.99180216,0.15504378,0.830863545810308,0.1612634987985157,0.9935987997255777,0.9996059812438413,0.9939904506065594,2233,1764,0.012160896323621273,0.009355217218399048,1.2999053001403809,0.3886013627052307,0.32341018319129944,0.2603049124788256,0.27272727272727276,0.8195457455663099,0.9543175862205302,0.8587767399446453,11.0,11.0,ht29+TNFA_FOS,ht29+TNFA,FOS,False,True,5
ht29+TNFA_ID2,0.026246924,0.0014756161,17.787094,0.99160665,0.063172385,0.840231275287586,0.10321345246127456,0.9934640431609806,0.9996262776460861,0.9938354616891261,2173,1867,0.006605679634958506,0.008551282808184624,0.7724782228469849,0.4059278070926666,-0.2978250980377197,0.3214285714285715,-0.28571428571428575,0.7277098170132092,0.9590769052123144,0.7587606510576057,5.0,2.0,ht29+TNFA_ID2,ht29+TNFA,ID2,False,True,5
ht29+TNFA_IKBKB,0.029010916,0.0144249145,2.0111673,0.99001443,0.35261047,0.773455158859055,0.32527041827120257,0.99204991913597,0.9969408547607537,0.9950940563811507,2493,1416,0.04492882639169693,0.06058160215616226,0.7416249513626099,0.5538502931594849,-0.2205401510000229,0.4668078514915451,-0.24384615384615385,0.8642160711118629,0.9500387585480893,0.9096640145846406,21.0,4.0,ht29+TNFA_IKBKB,ht29+TNFA,IKBKB,False,True,5
ht29+TNFA_IKBKE,0.026053924,0.001294589,20.125248,0.9915678,0.06433306,0.8389240638152928,0.10325617825545579,0.9934172173016902,0.9996776166464368,0.9937375817558584,2201,1818,,,,,,,,,,,,,ht29+TNFA_IKBKE,ht29+TNFA,IKBKE,False,True,5
ht29+TNFA_IKBKG,0.022818418,0.0030984923,7.364362,0.992685,0.35348174,0.8243640838235584,0.20300217356122863,0.9942800881014124,0.9992318926659385,0.9950443889943157,2229,1741,0.00691164331510663,0.009672841057181358,0.7145411968231201,0.29865914583206177,0.4014612138271332,0.3451763180155666,0.42923076923076925,0.7400412008744279,0.9209991276456723,0.8035199802698807,18.0,7.0,ht29+TNFA_IKBKG,ht29+TNFA,IKBKG,False,True,5
ht29+TNFA_IRF1,0.026121072,0.00075180596,34.744434,0.9916064,0.07664761,0.8480165014258398,0.1015237443350118,0.9934673184966754,0.9998099390959018,0.9936561736874092,2223,1904,,,,,,,,,,,,,ht29+TNFA_IRF1,ht29+TNFA,IRF1,False,True,5
ht29+TNFA_ITCH,0.028931133,0.0039243307,7.3722467,0.9905844,0.10665788,0.7953995251790039,0.16145996158643272,0.9925882886486942,0.99907000471753,0.9935122503546001,2264,1676,0.02583172358572483,0.026782579720020294,0.9644972085952759,0.5823692083358765,-0.2899627089500427,0.5008072824991272,0.04692307692307692,0.8265306891253015,0.8951053322710338,0.9233893032770267,18.0,7.0,ht29+TNFA_ITCH,ht29+TNFA,ITCH,False,True,5
ht29+TNFA_JUN,0.023114733,0.0034565993,6.6871314,0.9925269,0.32761073,0.8439069484862276,0.1610684306368934,0.9941629969192635,0.9991370658632931,0.9950216350549143,2225,1784,0.00796651840209961,0.006238811649382114,1.2769287824630737,0.3431246280670166,0.02602468803524971,0.35784313725490197,-0.03186274509803922,0.7944169864014117,0.9745053833026237,0.8152002031113591,10.0,7.0,ht29+TNFA_JUN,ht29+TNFA,JUN,False,True,5
ht29+TNFA_JUNB,0.025276871,0.00175439,14.4077835,0.99197173,0.17987934,0.8322874115657903,0.13319205186631874,0.9937259058847838,0.9995602040019019,0.9941631348529488,2202,1784,0.011982284486293793,0.010531824082136154,1.1377216577529907,0.49341922998428345,0.12379767745733261,0.5092562788887061,0.04675324675324675,0.8496647604220663,0.9758600663428677,0.8706829900379767,11.0,10.0,ht29+TNFA_JUNB,ht29+TNFA,JUNB,False,True,5
ht29+TNFA_KLF6,0.026040945,0.0012825689,20.30374,0.99156433,0.053587742,0.8410273461677809,0.07007843031172271,0.9934133401933444,0.9996778239579243,0.9937334973183884,2146,1892,0.06183506175875664,0.05320974439382553,1.1621003150939941,,,,,,,,0.0,1.0,ht29+TNFA_KLF6,ht29+TNFA,KLF6,False,True,5
ht29+TNFA_MAP2K3,0.025348116,0.0030084485,8.425644,0.9919026,0.1869327,0.8437977855372565,0.1548049882890311,0.9937032679174528,0.9992375134339619,0.9944615314756446,2229,1825,0.058308880776166916,0.07160636782646179,0.8142974376678467,0.9955695867538452,0.3432069420814514,0.6833333333333333,0.48333333333333334,0.9939086815840796,0.9931305974289762,1.000783466099139,5.0,4.0,ht29+TNFA_MAP2K3,ht29+TNFA,MAP2K3,False,True,5
ht29+TNFA_MAP3K7,0.02168162,0.002580197,8.403087,0.99290514,0.39594162,0.8406160091627456,0.23253679946002415,0.9944214724768533,0.9993746841300631,0.9950436890869199,2237,1716,0.0178225114941597,0.013993632979691029,1.2736157178878784,0.6853040456771851,0.03401942551136017,0.3822743126782783,0.020769230769230772,0.8384112664743192,0.9268728445860774,0.9045591003895864,17.0,8.0,ht29+TNFA_MAP3K7,ht29+TNFA,MAP3K7,False,True,5
ht29+TNFA_MAP3K14,0.025742881,0.0010510272,24.493069,0.9916851,0.08652088,0.8365372580746306,0.10611995045224422,0.9935210576929479,0.9997367001617462,0.9937827205225208,2157,1880,,,,,,,,,,,,,ht29+TNFA_MAP3K14,ht29+TNFA,MAP3K14,False,True,5
ht29+TNFA_MAPK8,0.0247943,0.0012903264,19.215525,0.9919906,0.18478155,0.8406311792513936,0.11386641772875947,0.9937533781567833,0.9996814873755397,0.9940700020020182,2172,1861,,,,,,,,,,,,,ht29+TNFA_MAPK8,ht29+TNFA,MAPK8,False,True,5
ht29+TNFA_MAPK9,0.026460785,0.0009946963,26.601873,0.99151367,0.031576373,0.841706394152103,0.09541693085467591,0.9933864248357857,0.999750433813287,0.9936344023845757,2165,1889,,,,,,,,,,,,,ht29+TNFA_MAPK9,ht29+TNFA,MAPK9,False,True,5
ht29+TNFA_MAPK14,0.024784904,0.00542939,4.564952,0.9921348,0.27257115,0.8384252478469215,0.16747947931024745,0.9938836903972715,0.9986236175891113,0.995253539863915,2202,1803,0.018881402909755707,0.03476421907544136,0.5431274771690369,0.8443998694419861,0.7026491165161133,0.6556521739130434,0.22869565217391302,0.8443743025673054,0.7039119175128505,1.199545399871555,17.0,7.0,ht29+TNFA_MAPK14,ht29+TNFA,MAPK14,False,True,5
ht29+TNFA_MMP9,0.02653968,0.00073220977,36.246006,0.9915059,-0.016531402,0.840003323472425,0.049586137890481746,0.9933979321224086,0.9998144470948149,0.9935822942036385,2144,1988,0.16677585244178772,0.14398683607578278,1.1582715511322021,,,,,,,,0.0,1.0,ht29+TNFA_MMP9,ht29+TNFA,MMP9,False,True,5
ht29+TNFA_MTF1,0.0334185,0.003766964,8.871468,0.98924935,-0.18361282,0.821143021976614,-0.005322766057498306,0.9916384526141531,0.9990450992167843,0.9925862740246283,2036,2032,0.22247569262981415,0.18094339966773987,1.22953200340271,0.5550057888031006,-0.6131084561347961,0.9285714285714288,-0.25,0.6849602516235487,0.7680171359146571,0.8918554282096932,5.0,2.0,ht29+TNFA_MTF1,ht29+TNFA,MTF1,False,False,5
ht29+TNFA_MTOR,0.030370664,0.0063645556,4.7718434,0.9902304,0.21502969,0.7681403064759432,0.23685781243014184,0.9922742347053385,0.9984931178674196,0.9937717315715071,2373,1554,0.026000481098890305,0.02993132546544075,0.8686712384223938,0.5325508117675781,-0.2546849250793457,0.5481823528986307,-0.19153846153846155,0.7910499649319916,0.942028603248996,0.8397303035212639,19.0,6.0,ht29+TNFA_MTOR,ht29+TNFA,MTOR,False,True,5
ht29+TNFA_MYC,0.026153833,0.0010359699,25.245745,0.9916277,0.06164715,0.8472361804636219,0.09908815368120995,0.9934791890026979,0.9997376349174862,0.9937399116566169,2184,1874,,,,,,,,,,,,,ht29+TNFA_MYC,ht29+TNFA,MYC,False,True,5
ht29+TNFA_NFAT5,0.02836302,0.0049455934,5.7350082,0.9908074,0.22865936,0.7842506510875172,0.24800682128482954,0.9927308862520385,0.9988581622427535,0.9938657196563752,2412,1515,0.029964841902256012,0.04389245808124542,0.6826876997947693,0.7565589547157288,-0.1466415822505951,0.5273288706504704,0.2892307692307692,0.8469933715467344,0.9654852653357809,0.8772721883561455,22.0,3.0,ht29+TNFA_NFAT5,ht29+TNFA,NFAT5,False,True,5
ht29+TNFA_NFKB1,0.024385085,0.0056719016,4.2992787,0.9922513,0.34542027,0.813608422238144,0.2247994217937524,0.9939200740320885,0.9986050550535664,0.9953084745588168,2315,1644,0.16574572026729584,0.09458627551794052,1.7523231506347656,0.6134446859359741,-0.49346867203712463,0.575221281516754,-0.1346153846153846,0.6550010173445147,0.8236293583434557,0.7952618622797774,19.0,6.0,ht29+TNFA_NFKB1,ht29+TNFA,NFKB1,False,True,5
ht29+TNFA_NFKBIA,0.027211152,0.001443402,18.852095,0.991424,0.052084126,0.8265108626029922,0.11979773941137749,0.9933149808481372,0.9996341111036665,0.9936785567985945,2246,1865,0.17660389840602875,1.0433582067489624,0.16926488280296326,,,,,,,,1.0,0.0,ht29+TNFA_NFKBIA,ht29+TNFA,NFKBIA,False,False,5
ht29+TNFA_NFKBIE,0.026425932,0.0013421467,19.689302,0.9915664,0.044759493,0.8397824922120556,0.10725549411223494,0.9934403966414964,0.9996598035736891,0.9937784765277559,2195,1897,0.0001958496286533773,0.010646958835422993,0.018394889310002327,0.9468944072723389,0.7700281143188477,0.5,0.5,0.9957674684487384,0.999244598470017,0.9965202413637236,3.0,0.0,ht29+TNFA_NFKBIE,ht29+TNFA,NFKBIE,False,True,5
ht29+TNFA_NKX3-1,0.026568567,0.0008464327,31.388872,0.9915877,0.01918258,0.8373642725273138,0.06985586192875248,0.9934512774501832,0.9997854648022979,0.9936644534501538,2181,1889,0.08934926986694336,0.022588064894080162,3.955596446990967,,,,,,,,0.0,1.0,ht29+TNFA_NKX3-1,ht29+TNFA,NKX3-1,False,True,5
ht29+TNFA_PDCD5,0.032592054,0.0020885307,15.605255,0.99006593,-0.044911526,0.7812224510974114,0.07184422179326584,0.9921833082749448,0.9994741089896481,0.992705363101328,2133,1870,0.011954794637858868,0.008239971473813057,1.4508296251296997,-0.08922392129898071,0.3968827426433563,0.03214285714285714,0.5892857142857142,0.6019978214405913,0.970275172912265,0.6204403021399638,12.0,3.0,ht29+TNFA_PDCD5,ht29+TNFA,PDCD5,False,True,5
ht29+TNFA_PIK3CA,0.02672974,0.0024546348,10.889498,0.9914026,0.11574468,0.8276779278459553,0.13909171153303626,0.9932815742846827,0.9993846807082414,0.9938931359051516,2200,1775,0.028766486793756485,0.02327628619968891,1.2358709573745728,0.3048105835914612,0.12478166818618774,0.6246639726325496,0.04461538461538461,0.48506845944066534,0.48581032659080736,0.9984729284053139,11.0,14.0,ht29+TNFA_PIK3CA,ht29+TNFA,PIK3CA,False,True,5
ht29+TNFA_PTGS2,0.026420975,0.0009105137,29.017658,0.99151766,0.009257853,0.8315152867779381,0.06968808083366212,0.9933925280921572,0.9997698494830777,0.9936212105273851,2151,1908,,,,,,,,,,,,,ht29+TNFA_PTGS2,ht29+TNFA,PTGS2,False,True,5
ht29+TNFA_RELB,0.022263477,0.0015688969,14.190529,0.99286824,0.39988375,0.8325620886887278,0.18426907681870217,0.9944454700268758,0.9996073732233386,0.9948360693060739,2220,1804,0.005150723271071911,0.006569981575012207,0.7839783430099487,-0.9880579113960266,-0.9977523684501648,-1.0,-1.0,0.6848827524479948,0.9099562568905415,0.7526545889011665,3.0,1.0,ht29+TNFA_RELB,ht29+TNFA,RELB,False,True,5
ht29+TNFA_REPIN1,0.025710547,0.0007457367,34.476707,0.9917565,0.07608671,0.8420542419653854,0.10423916887737356,0.9935906581343285,0.9998111526568528,0.9937783305317266,2228,1890,,,,,,,,,,,,,ht29+TNFA_REPIN1,ht29+TNFA,REPIN1,False,True,5
ht29+TNFA_SOX4,0.027471682,0.0026904384,10.210857,0.99124587,0.10354987,0.8166987172419977,0.1047576295050342,0.9931430118046854,0.9993480695824357,0.9937908943173893,2178,1815,0.019017115235328674,0.010662526823580265,1.783546805381775,0.7927416563034058,-0.7035905122756958,0.25481146888365797,-0.06692307692307692,0.893933284345333,0.966305445334434,0.925104260419382,15.0,10.0,ht29+TNFA_SOX4,ht29+TNFA,SOX4,False,True,5
ht29+TNFA_SOX9,0.030114625,0.0073569426,4.0933614,0.9901522,0.18043047,0.7974749516219161,0.22851690178488696,0.9922179748359835,0.9982541701412844,0.9939532480946746,2358,1565,0.04528851807117462,0.03647715970873833,1.2415581941604614,0.2946501672267914,-0.12733019888401031,0.31483680792152563,-0.09769230769230769,0.7960480256120221,0.8838932718951074,0.9006155504558362,18.0,7.0,ht29+TNFA_SOX9,ht29+TNFA,SOX9,False,False,5
ht29+TNFA_TNFRSF1A,0.01382095,0.016244441,0.85081106,0.9955067,0.77490455,0.787121080014683,0.45622438065190113,0.9964353859757582,0.9960080187814879,1.0004290800738664,2564,1365,0.13479842245578766,0.5481963157653809,0.2458944320678711,0.8561683893203735,0.939803421497345,0.8190918516381028,0.9361538461538461,0.936526964342259,0.8885826438797672,1.0539559497281596,24.0,1.0,ht29+TNFA_TNFRSF1A,ht29+TNFA,TNFRSF1A,False,True,5
ht29+TNFA_TNFRSF1B,0.025499484,0.00090929854,28.043028,0.991795,0.10581741,0.8450687240349771,0.1255127481393476,0.9936168610751164,0.9997703592614835,0.9938450883951865,2220,1863,0.0018163033528253436,0.013827424496412277,0.1313551515340805,,,,,,,,1.0,0.0,ht29+TNFA_TNFRSF1B,ht29+TNFA,TNFRSF1B,False,True,5
ht29+TNFA_TRAF1,0.026851574,0.0017301105,15.52015,0.9913608,0.057815023,0.8239806926069492,0.1144879385649948,0.9932460553780462,0.9995793455343044,0.9936640445958066,2188,1803,0.028908338397741318,0.015441237948834896,1.8721516132354736,0.9071594476699829,-0.5148712396621704,0.5286778352900829,-0.30153846153846153,0.9349656292383184,0.9557247819633177,0.9782791519935746,14.0,11.0,ht29+TNFA_TRAF1,ht29+TNFA,TRAF1,False,True,5
ht29+TNFA_TRAF2,0.0335364,0.0040305755,8.320499,0.9891617,-0.18267928,0.8218642130876277,0.02538299658541088,0.9915300858642754,0.9989815979033627,0.9925408915892682,2051,1933,0.03902757912874222,0.02743854746222496,1.4223631620407104,0.29192206263542175,0.36233091354370117,0.44846153846153847,0.26076923076923075,0.5346538683684497,0.5459451229583924,0.9793179678412419,14.0,11.0,ht29+TNFA_TRAF2,ht29+TNFA,TRAF2,False,False,5
ht29+TNFA_TRAF3,0.03275016,0.0029463577,11.115473,0.989493,-0.23138168,0.8379541036381921,-0.008791346578270375,0.9918269080404948,0.9992556221444342,0.9925657520064814,2103,1978,0.05566667020320892,0.12967996299266815,0.4292619228363037,0.9876384139060974,0.8350877165794373,0.5524475524475525,0.1188811188811189,0.9872490487362804,0.9919178397250557,0.9952931676376852,9.0,3.0,ht29+TNFA_TRAF3,ht29+TNFA,TRAF3,False,True,5
ht29+TNFA_ZFP36L1,0.023786068,0.0052076783,4.5674996,0.99239254,0.3544513,0.8176054710017561,0.19417128860581467,0.9940619872863267,0.9986904763926605,0.9953654418303334,2269,1742,0.009115184657275677,0.018513290211558342,0.4923589825630188,0.8975653648376465,0.8330022096633911,0.5388762181829624,0.5576923076923077,0.8711961156634762,0.617325737632643,1.4112421733854648,15.0,10.0,ht29+TNFA_ZFP36L1,ht29+TNFA,ZFP36L1,False,True,5
ht29+TNFA_ZNF22,0.026418008,0.0008176598,32.30929,0.99151987,0.015634544,0.8340188012523075,0.04352642746011241,0.9934007550379967,0.9997943457717146,0.9936050941268499,2100,1991,,,,,,,,,,,,,ht29+TNFA_ZNF22,ht29+TNFA,ZNF22,False,True,5
ht29+TNFA_ZNF267,0.027898898,0.0028671774,9.73044,0.9909529,0.10233456,0.8036117748739809,0.14074439248865125,0.9928916848379833,0.9993080371295779,0.9935792047564983,2222,1724,0.041144952178001404,0.028637057170271873,1.4367730617523193,0.3886091113090515,-0.2332853376865387,0.5964513644625241,-0.30615384615384617,0.5329985247347099,0.6389901962420755,0.8341262946901118,15.0,10.0,ht29+TNFA_ZNF267,ht29+TNFA,ZNF267,False,True,5
k562+IFNB_BATF2,0.010415185,0.011277285,0.9235543,0.99692214,0.56641674,0.8589981074392086,0.4923064733582331,0.9975375776838853,0.9970172870358711,1.0005218471683284,2560,1029,,,,,,,,,,,,,k562+IFNB_BATF2,k562+IFNB,BATF2,True,False,5
k562+IFNB_DTX3L,0.0068007736,0.008565306,0.79399073,0.9977329,0.58274966,0.8811419883784011,0.4988678814514838,0.9982251716405184,0.9977151132010381,1.0005112265342397,2573,1035,0.7289228439331055,1.0220459699630737,0.7131996750831604,1.0,-1.0,0.9999999999999999,-0.9999999999999999,0.9997788188661634,0.994306244450923,1.005503912346706,2.0,0.0,k562+IFNB_DTX3L,k562+IFNB,DTX3L,True,False,5
k562+IFNB_NFE2L3,0.008454565,0.01770691,0.47747263,0.9968234,0.6507269,0.86956843945007,0.5681334351829702,0.9974511862306192,0.9957225124655577,1.0017360999107885,2599,949,0.09644532948732376,0.2633558213710785,0.3662168085575104,0.9798473715782166,0.4227784276008606,0.8684615384615384,0.44230769230769235,0.9789868610829856,0.9536377905374176,1.026581445069708,25.0,0.0,k562+IFNB_NFE2L3,k562+IFNB,NFE2L3,True,False,5
k562+IFNG_BATF2,0.012931241,0.0069966707,1.8481991,0.9972112,0.46790716,0.8629463241212304,0.37940227029616197,0.9976328073641535,0.9980133532522021,0.9996186965967855,2312,1184,,,,,,,,,,,,,k562+IFNG_BATF2,k562+IFNG,BATF2,True,False,5
k562+IFNG_IRF2,0.010334847,0.03198603,0.323105,0.9958681,0.78331196,0.848447809957186,0.6874549841563299,0.996616271982024,0.9929829650095275,1.0036589821784723,2623,716,0.07184135168790817,0.30713602900505066,0.2339072823524475,0.9594537615776062,0.7734445333480835,0.7761538461538461,0.606923076923077,0.9526096177878765,0.9008389050472296,1.0574694459248877,25.0,0.0,k562+IFNG_IRF2,k562+IFNG,IRF2,True,False,5
k562+TGFB_AKT1,0.013549262,0.006645346,2.03891,0.99481463,0.35454994,0.8749418596095533,0.32929126466112174,0.9959167540192787,0.9980429020987311,0.9978696826809935,2135,1137,,,,,,,,,,,,,k562+TGFB_AKT1,k562+TGFB,AKT1,False,True,5
k562+TGFB_ATF2,0.023344759,0.03216686,0.7257394,0.9911467,0.48716438,0.8375006128549457,0.43233440712420074,0.9926043303266268,0.9924252401640212,1.0001804570816597,2184,952,0.2719007730484009,0.7120470404624939,0.38185787200927734,0.9356108903884888,0.5888707637786865,0.9272727272727272,0.6242424242424242,0.9377865978013491,0.9416758172980139,0.9958698955359985,9.0,1.0,k562+TGFB_ATF2,k562+TGFB,ATF2,False,True,5
k562+TGFB_CHUK,0.020250756,0.022733994,0.89076984,0.9916972,0.4232273,0.8331900772968412,0.42409593068065005,0.9932615501051929,0.994303262628222,0.9989523191141146,2193,942,0.3744974434375763,0.8008306622505188,0.46763625741004944,0.8673295974731445,0.22299864888191223,0.7142857142857143,0.028571428571428574,0.9584307127330786,0.9785899012687779,0.9793997582546456,6.0,0.0,k562+TGFB_CHUK,k562+TGFB,CHUK,False,True,5
k562+TGFB_CREBBP,0.026246518,0.012346749,2.1257837,0.9909953,0.17643534,0.8284395545451367,0.24636247492560062,0.9928485743133514,0.9962904717613608,0.9965452871972926,2021,1242,1.0240899324417114,0.534694254398346,1.9152812957763672,-0.12713617086410522,-0.5636733770370483,0.5,-1.0,0.6615729558043174,0.810009357800035,0.8167472998103785,1.0,2.0,k562+TGFB_CREBBP,k562+TGFB,CREBBP,False,True,5
k562+TGFB_CUL1,0.099766165,0.26225308,0.38041943,0.956172,0.78068304,0.6933329593916057,0.7234422517735052,0.9623214180508104,0.9490287176840194,1.0140066365949705,2517,405,1.3293793201446533,3.260903835296631,0.40767204761505127,0.8618355989456177,0.4278837740421295,0.7849173339760389,0.30769230769230765,0.9147256279675934,0.8817843390120946,1.037357534601266,25.0,0.0,k562+TGFB_CUL1,k562+TGFB,CUL1,False,True,5
k562+TGFB_EP300,0.061449736,0.10392719,0.5912768,0.9799378,0.5749446,0.7803780537553311,0.5673868071741545,0.9828409476806755,0.9794064912229195,1.0035066711202494,2373,703,0.4770040810108185,1.0579866170883179,0.45086023211479187,0.7599029541015625,0.5584132075309753,0.5676923076923077,0.016153846153846154,0.8744971025181022,0.8880738180687,0.9847121767646262,23.0,2.0,k562+TGFB_EP300,k562+TGFB,EP300,False,True,5
k562+TGFB_FOS,0.014086606,0.012324972,1.142932,0.9943806,0.44679564,0.8538823999072799,0.3729496098933629,0.9954844519052095,0.9966469078182056,0.9988336331514429,2149,1042,,,,,,,,,,,,,k562+TGFB_FOS,k562+TGFB,FOS,False,True,5
k562+TGFB_FOXP2,0.01885082,0.020671116,0.9119401,0.9923731,0.4959965,0.8031455979821454,0.4478560181345143,0.9938685940515876,0.9945528615582158,0.9993119847792141,2230,924,0.14070381224155426,0.5565394759178162,0.25281909108161926,0.874714732170105,0.6186341643333435,0.7619047619047621,0.4285714285714286,0.9632624485241557,0.9728533431335338,0.9901414795178828,8.0,0.0,k562+TGFB_FOXP2,k562+TGFB,FOXP2,False,False,5
k562+TGFB_HDAC4,0.04792785,0.083673075,0.57279897,0.9826669,0.57143176,0.783077280232843,0.5564886230699705,0.9853608601310743,0.982610756038459,1.0027987726327185,2340,747,0.4642212986946106,0.8512493968009949,0.5453411340713501,0.9287452697753906,0.31329357624053955,0.69745979096252,0.21384615384615382,0.9107989975273504,0.8885146899939482,1.0250804041670418,23.0,2.0,k562+TGFB_HDAC4,k562+TGFB,HDAC4,False,True,5
k562+TGFB_HDAC5,0.01330368,0.005902291,2.253986,0.9948915,0.32386845,0.8774113267019785,0.3013301133420154,0.9959727377567124,0.9982357244762807,0.9977330136919758,2089,1203,,,,,,,,,,,,,k562+TGFB_HDAC5,k562+TGFB,HDAC5,False,True,5
k562+TGFB_HRAS,0.013077439,0.0046326392,2.8228917,0.99514437,0.31577492,0.8839778382851731,0.3296720776593203,0.9962131500373006,0.9986125322653466,0.997597284081141,2199,1183,,,,,,,,,,,,,k562+TGFB_HRAS,k562+TGFB,HRAS,False,True,5
k562+TGFB_IKBKB,0.053096406,0.1122156,0.4731642,0.98010826,0.6636212,0.7612425299433916,0.6454872535942299,0.9831337618722522,0.9772393704927189,1.0060316761251251,2493,555,0.49193087220191956,1.1294993162155151,0.43553003668785095,0.7001268863677979,0.2443705052137375,0.5674168214213896,0.20230769230769227,0.8996781307877011,0.9011248246589022,0.9983945688415046,23.0,2.0,k562+TGFB_IKBKB,k562+TGFB,IKBKB,False,True,5
k562+TGFB_IRF7,0.01733225,0.008612652,2.0124173,0.9932672,0.21731439,0.8752615810573882,0.2650359771750861,0.9946767931031351,0.9974573080259337,0.9972123970615829,2062,1185,,,,,,,,,,,,,k562+TGFB_IRF7,k562+TGFB,IRF7,False,True,5
k562+TGFB_JUN,0.016059678,0.009580327,1.6763183,0.99385226,0.32038158,0.8678286467180134,0.29519968245316336,0.9951397442994758,0.9971541536542474,0.9979798415847846,2082,1151,0.14162704348564148,0.4953914284706116,0.2858891785144806,,,,,,,,1.0,0.0,k562+TGFB_JUN,k562+TGFB,JUN,False,True,5
k562+TGFB_KRAS,0.014358224,0.008280939,1.7338884,0.99437255,0.3405429,0.8663387932902274,0.2983583451300157,0.9955305970667983,0.9976001220092372,0.9979254965022751,2022,1217,,,,,,,,,,,,,k562+TGFB_KRAS,k562+TGFB,KRAS,False,True,5
k562+TGFB_MAP3K7,0.015333809,0.009744312,1.5736164,0.99398416,0.34444848,0.8566224416714855,0.3145856270653525,0.9952018729444594,0.9972555748558326,0.9979406463466799,2092,1138,,,,,,,,,,,,,k562+TGFB_MAP3K7,k562+TGFB,MAP3K7,False,True,5
k562+TGFB_MAPK1,0.035588175,0.048815437,0.72903526,0.9874467,0.46356493,0.8291565440594054,0.39159507125866233,0.9893797365711139,0.9883689588723235,1.0010226724440472,2087,1017,0.5421426892280579,1.1767840385437012,0.46069854497909546,0.9671940803527832,0.2300211638212204,0.883076923076923,0.26384615384615384,0.9785953673677628,0.9503768841584831,1.0296918871656542,25.0,0.0,k562+TGFB_MAPK1,k562+TGFB,MAPK1,False,True,5
k562+TGFB_MAPK3,0.014325241,0.0075925463,1.8867505,0.99442637,0.32741314,0.8721621929313271,0.30590184911398965,0.995600758099532,0.9977843892735466,0.9978115200062365,2071,1172,,,,,,,,,,,,,k562+TGFB_MAPK3,k562+TGFB,MAPK3,False,True,5
k562+TGFB_MAPK14,0.02301217,0.026141247,0.8803012,0.99073595,0.4113014,0.8539908274517135,0.39268031414877497,0.9923619752622589,0.9932874325353507,0.9990682885509489,2162,993,0.1554953157901764,0.6456106901168823,0.24084997177124023,0.7723065614700317,0.9023783206939697,0.7747252747252747,0.8351648351648352,0.9199464081654817,0.9664845966081259,0.9518479770852326,13.0,0.0,k562+TGFB_MAPK14,k562+TGFB,MAPK14,False,True,5
k562+TGFB_MED15,0.047204632,0.06387847,0.73897564,0.985327,0.46069354,0.8240823569720374,0.4306758148968478,0.9874871738042645,0.9866963240517993,1.0008015128192813,2116,972,0.49002188444137573,0.8672299981117249,0.5650426149368286,0.8462175726890564,0.5001268982887268,0.633076923076923,0.4646153846153846,0.9256936751260813,0.9370909134518306,0.9878376386302083,21.0,4.0,k562+TGFB_MED15,k562+TGFB,MED15,False,True,5
k562+TGFB_MYC,0.016588878,0.008018281,2.068882,0.9936291,0.23661183,0.8720901758737298,0.25880978965537266,0.9949510396876818,0.997630549317685,0.9973141263247844,2023,1218,,,,,,,,,,,,,k562+TGFB_MYC,k562+TGFB,MYC,False,True,5
k562+TGFB_NFKB1,0.02880465,0.044571802,0.64625275,0.98849607,0.51403266,0.8156922701172019,0.4897643436476999,0.9904377739431616,0.9897897824492702,1.000654675877021,2262,857,0.31450894474983215,0.6873440742492676,0.4575713276863098,0.8704896569252014,0.06564551591873169,0.8976923076923078,0.023076923076923078,0.9593861930284251,0.9646410023941742,0.9945525751520959,24.0,1.0,k562+TGFB_NFKB1,k562+TGFB,NFKB1,False,True,5
k562+TGFB_NRAS,0.039553136,0.083247475,0.47512716,0.9845305,0.6510761,0.7803296339654032,0.6099529587904184,0.9869260089440953,0.9822307415261876,1.0047802081724833,2440,640,0.3886469006538391,0.9247742295265198,0.4202613830566406,0.7330784797668457,0.40159910917282104,0.7461538461538462,0.3492307692307692,0.9489601227976322,0.9633889283691918,0.9850228654838452,23.0,2.0,k562+TGFB_NRAS,k562+TGFB,NRAS,False,True,5
k562+TGFB_PAK1,0.014134114,0.005493189,2.573025,0.9946792,0.28459066,0.8812450618754164,0.29970018813192634,0.9958375013806743,0.9983458718463507,0.9974874734934924,2140,1187,,,,,,,,,,,,,k562+TGFB_PAK1,k562+TGFB,PAK1,False,True,5
k562+TGFB_PIK3CA,0.015644385,0.0090496205,1.7287338,0.99395275,0.34441906,0.8568706226651881,0.34430500592897484,0.9952202800168849,0.9973809024920963,0.9978337037837672,2138,1097,,,,,,,,,,,,,k562+TGFB_PIK3CA,k562+TGFB,PIK3CA,False,True,5
k562+TGFB_PPP2CA,0.019380465,0.021419706,0.90479606,0.9919845,0.44121724,0.8284988545747994,0.4105487637713479,0.9935422900864881,0.99447082655445,0.9990663009480338,2200,966,,,,,,,,,,,,,k562+TGFB_PPP2CA,k562+TGFB,PPP2CA,False,True,5
k562+TGFB_PRKCA,0.01536174,0.007050547,2.1788013,0.994118,0.2609687,0.8667740349881331,0.2723571613110601,0.9953436624077295,0.9979019886411511,0.9974362950845451,2046,1215,,,,,,,,,,,,,k562+TGFB_PRKCA,k562+TGFB,PRKCA,False,True,5
k562+TGFB_RAF1,0.027655328,0.040797144,0.6778741,0.9896412,0.50035286,0.8253141246455064,0.48231874304940825,0.9913103212444058,0.9907934787423622,1.0005216450381764,2275,855,0.23727531731128693,0.5682325959205627,0.41756725311279297,0.6923790574073792,0.7141045928001404,0.7276923076923076,0.20923076923076922,0.9244098828197307,0.9609764237320493,0.961948555646861,24.0,1.0,k562+TGFB_RAF1,k562+TGFB,RAF1,False,True,5
k562+TGFB_RBL1,0.03804873,0.059767652,0.63661075,0.98711485,0.52857107,0.8132620647793911,0.500375903789578,0.9889818273068568,0.9871919863168599,1.0018130627221506,2261,822,0.34100407361984253,0.7485164403915405,0.45557326078414917,0.9190054535865784,0.6814414858818054,0.7538461538461538,0.4715384615384615,0.9204103855401025,0.9005783511323123,1.022021442535072,23.0,2.0,k562+TGFB_RBL1,k562+TGFB,RBL1,False,True,5
k562+TGFB_RBX1,0.050053235,0.08117007,0.61664647,0.9830044,0.541659,0.7930840535061977,0.5278253125591041,0.9853677429775779,0.9828118977598079,1.0026005436275198,2288,769,0.37749186158180237,0.8234735131263733,0.45841407775878906,0.6230429410934448,0.6792985200881958,0.5238461538461539,0.5069230769230769,0.8980645802017448,0.9464884859030225,0.9488383573360879,24.0,1.0,k562+TGFB_RBX1,k562+TGFB,RBX1,False,False,5
k562+TGFB_RELA,0.016004048,0.007251283,2.2070644,0.99440205,0.35748932,0.8470831004211882,0.31981327731418946,0.9955748786293842,0.9978579833944339,0.9977119942887231,2109,1142,,,,,,,,,,,,,k562+TGFB_RELA,k562+TGFB,RELA,False,False,5
k562+TGFB_RHOA,0.048560087,0.104959436,0.46265575,0.9796155,0.65380865,0.7470664045738468,0.6360921147006662,0.9828708800023702,0.9779958545351208,1.0049847097455915,2453,557,0.40652260184288025,1.0173934698104858,0.3995726406574249,0.5240856409072876,0.3469202518463135,0.45547221461893234,0.2946153846153846,0.9011473264850007,0.9365721288794391,0.962176108703104,24.0,1.0,k562+TGFB_RHOA,k562+TGFB,RHOA,False,True,5
k562+TGFB_RPS6KB1,0.014312971,0.008369934,1.7100459,0.9944436,0.36727172,0.8617895857982096,0.3390129195673874,0.9956065112452199,0.9976038229547577,0.997997890882553,2115,1122,,,,,,,,,,,,,k562+TGFB_RPS6KB1,k562+TGFB,RPS6KB1,False,True,5
k562+TGFB_RUNX1,0.013970853,0.004751577,2.9402559,0.9947758,0.25876564,0.8885879603240325,0.2890277186145497,0.9959352969972969,0.9985892254199518,0.9973423221930531,2135,1256,,,,,,,,,,,,,k562+TGFB_RUNX1,k562+TGFB,RUNX1,False,True,5
k562+TGFB_RUNX2,0.021654705,0.0304654,0.71079665,0.9916707,0.50413,0.8388601431169342,0.4381379494308445,0.9930391758467942,0.9927703097408045,1.0002708240802043,2181,951,0.2559753656387329,0.4890318810939789,0.5234328508377075,0.9283472299575806,0.4620760977268219,0.8999999999999998,0.6,0.9823818412692924,0.970988290749873,1.0117339731364015,5.0,0.0,k562+TGFB_RUNX2,k562+TGFB,RUNX2,False,True,5
k562+TGFB_RUNX3,0.015121011,0.0073148897,2.0671551,0.9941368,0.2766678,0.8710959325977827,0.2989513415330284,0.9953713531633092,0.9978420142704866,0.9975239957109004,2136,1146,,,,,,,,,,,,,k562+TGFB_RUNX3,k562+TGFB,RUNX3,False,True,5
k562+TGFB_SKP1,0.04740932,0.13376443,0.35442394,0.9783672,0.74336344,0.7201313973856279,0.7017126927102929,0.9818653508186197,0.9743187780208188,1.0077454863521471,2562,497,0.4383925199508667,1.1638243198394775,0.37668272852897644,0.7540406584739685,0.45495232939720154,0.6443546955124254,0.3707692307692308,0.9233610184070503,0.9172033648202012,1.006713509591252,23.0,2.0,k562+TGFB_SKP1,k562+TGFB,SKP1,False,True,5
k562+TGFB_SMAD1,0.0150836455,0.0087114535,1.7314728,0.99410295,0.3393392,0.8550605849317651,0.32146110100881375,0.9953292431195434,0.9975319245650061,0.9977918687199678,2074,1154,,,,,,,,,,,,,k562+TGFB_SMAD1,k562+TGFB,SMAD1,False,True,5
k562+TGFB_SMAD2,0.01706466,0.006264997,2.7238097,0.9936642,0.1631795,0.87425753889935,0.234767999844604,0.9950455578610663,0.998113822244655,0.9969259373878938,2053,1259,,,,,,,,,,,,,k562+TGFB_SMAD2,k562+TGFB,SMAD2,False,True,5
k562+TGFB_SMAD3,0.015368506,0.008609743,1.7850134,0.9939866,0.3051917,0.8748783384458803,0.30136193526685623,0.9951886270164856,0.9975337489552197,0.9976490801026128,2068,1162,,,,,,,,,,,,,k562+TGFB_SMAD3,k562+TGFB,SMAD3,False,True,5
k562+TGFB_SMAD4,0.029635413,0.03190988,0.9287222,0.98912513,0.3376798,0.8423505610746979,0.33107841621834855,0.9909136977294075,0.9921310323567044,0.9987730102299036,2029,1098,0.3893800377845764,0.5790255665779114,0.6724746823310852,0.8362656235694885,0.06440083682537079,0.823076923076923,0.03230769230769231,0.9661363299254434,0.9763148852745793,0.9895745158630115,22.0,3.0,k562+TGFB_SMAD4,k562+TGFB,SMAD4,False,False,5
k562+TGFB_SMAD5,0.039903205,0.06802724,0.5865768,0.98533213,0.5526382,0.8002163943840351,0.5551970133367888,0.9876885319984411,0.9858648381622838,1.0018498416472148,2359,730,0.6831142902374268,0.9892749190330505,0.690520167350769,0.9135786890983582,-0.38073599338531494,0.8400000000000001,-0.5192307692307693,0.9490274857299892,0.9358104226919624,1.0141236544470262,21.0,4.0,k562+TGFB_SMAD5,k562+TGFB,SMAD5,False,True,5
k562+TGFB_SMAD6,0.01428168,0.011615865,1.2294978,0.994384,0.42731392,0.8601619268107603,0.3712680774256382,0.9954684390405599,0.9967504699151509,0.9987137895458428,2109,1064,,,,,,,,,,,,,k562+TGFB_SMAD6,k562+TGFB,SMAD6,False,True,5
k562+TGFB_SMAD7,0.01723717,0.016617132,1.0373131,0.99310195,0.4094403,0.8469553910997165,0.3643693667837126,0.9943688187376213,0.995617541950102,0.9987457802219567,2100,1060,,,,,,,,,,,,,k562+TGFB_SMAD7,k562+TGFB,SMAD7,False,True,5
k562+TGFB_SMAD9,0.016578158,0.006406053,2.5878897,0.99382854,0.22864419,0.8562710077965512,0.26018163478771605,0.9951460222544254,0.9980850117128873,0.9970553716126664,2043,1227,,,,,,,,,,,,,k562+TGFB_SMAD9,k562+TGFB,SMAD9,False,False,5
k562+TGFB_SMURF1,0.014754173,0.006277228,2.3504283,0.99450034,0.27667606,0.8812519567958411,0.28742700949535704,0.995714906908652,0.998116853239148,0.997593521918099,2143,1250,1.59538733959198,1.9439544677734375,0.820691704750061,,,,,,,,1.0,0.0,k562+TGFB_SMURF1,k562+TGFB,SMURF1,False,True,5
k562+TGFB_SMURF2,0.015352612,0.007566202,2.0291042,0.99415004,0.29015243,0.8701042008545957,0.27754236749113914,0.9953712273679562,0.9977628338515282,0.9976030310987433,2044,1210,0.648088812828064,0.9210851788520813,0.7036144137382507,,,,,,,,1.0,0.0,k562+TGFB_SMURF2,k562+TGFB,SMURF2,False,True,5
k562+TGFB_SP1,0.031497918,0.043620776,0.72208524,0.98880947,0.47438833,0.8316639283323782,0.430837503276166,0.9903769320853814,0.9896950765880999,1.0006889551271005,2167,947,0.35588181018829346,0.6844653487205505,0.5199413299560547,0.6557332873344421,0.43498921394348145,0.7469230769230769,0.25,0.9203855295180716,0.9747699530587929,0.9442079401708424,22.0,3.0,k562+TGFB_SP1,k562+TGFB,SP1,False,True,5
k562+TGFB_TGFBR1,0.015760181,0.007594637,2.0751724,0.99417186,0.3286061,0.8598282079980594,0.3350383272672909,0.9954027934316771,0.9977637651217964,0.9976337367895585,2149,1121,2.5189478397369385,3.146038770675659,0.8006728291511536,,,,,,,,1.0,0.0,k562+TGFB_TGFBR1,k562+TGFB,TGFBR1,False,False,5
k562+TGFB_TGFBR2,0.013538899,0.005259336,2.5742602,0.99491674,0.32916245,0.8765674166400694,0.30759811757457833,0.9960245991552368,0.9984162403633408,0.9976045649986286,2142,1191,,,,,,,,,,,,,k562+TGFB_TGFBR2,k562+TGFB,TGFBR2,False,True,5
k562+TGFB_TGFBR3,0.019709026,0.016731655,1.1779484,0.9920794,0.3409115,0.8416559464193979,0.3467763969053029,0.9936258829852948,0.9953980383039135,0.9982196515861752,2106,1077,0.7765012979507446,1.1966623067855835,0.6488892436027527,-1.0,1.0,-0.9999999999999999,0.9999999999999999,0.982083444849,0.9977951983263591,0.9842535286763126,1.0,1.0,k562+TGFB_TGFBR3,k562+TGFB,TGFBR3,False,True,5
k562+TGFB_TGIF1,0.019903341,0.019512182,1.020047,0.9920788,0.37183434,0.8469425185518691,0.35825788700669237,0.9935242211069301,0.9950130686528007,0.9985036904611851,2092,1040,,,,,,,,,,,,,k562+TGFB_TGIF1,k562+TGFB,TGIF1,False,True,5
k562+TNFA_CASP7,0.023281293,0.001850404,12.581736,0.99547356,0.2483479,0.7709534712307688,0.23078449052309277,0.9957840750067827,0.9994710172291033,0.9963111064165301,2371,1616,,,,,,,,,,,,,k562+TNFA_CASP7,k562+TNFA,CASP7,True,False,5
k562+TNFA_MTF1,0.011058373,0.0043305247,2.5535874,0.9967677,0.09247959,0.8951894708957101,0.1733981011647398,0.997485119148065,0.9987491412552997,0.9987343947994329,2316,1643,0.13339874148368835,0.18110835552215576,0.7365686893463135,0.6864562034606934,0.5021756291389465,0.8571428571428573,0.3571428571428572,0.8063765440708689,0.7676657785615627,1.0504265874425738,5.0,2.0,k562+TNFA_MTF1,k562+TNFA,MTF1,True,False,5
k562+TNFA_NFKBIA,0.008442881,0.0019473005,4.3356843,0.997787,0.1713504,0.8867156159185231,0.20194733848661767,0.998218253175519,0.9994368238947686,0.9987807426241302,2347,1686,0.09285742789506912,0.7268015146255493,0.12776173651218414,,,,,,,,1.0,0.0,k562+TNFA_NFKBIA,k562+TNFA,NFKBIA,True,False,5
k562+TNFA_TRAF2,0.008487349,0.0090418,0.93867916,0.99682504,0.36087608,0.887696961623459,0.3592021270094462,0.997471823496731,0.997566490689599,0.9999051018716532,2538,1309,0.08261407166719437,0.1295526623725891,0.6376872062683105,0.34847360849380493,0.35745975375175476,0.7028274798216128,0.17923076923076922,0.6811165146125097,0.7125525215096988,0.9558825406573749,21.0,4.0,k562+TNFA_TRAF2,k562+TNFA,TRAF2,True,False,5
mcf7+IFNG_BATF2,0.0033110916,0.0030223094,1.0955502,0.9988938,0.45379126,0.8693088345274509,0.35736171158509117,0.9991208318799352,0.9992069108544,0.999913852703049,2338,1305,,,,,,,,,,,,,mcf7+IFNG_BATF2,mcf7+IFNG,BATF2,True,False,5
mcf7+IFNG_IRF2,0.010851143,0.016682856,0.65043676,0.9968482,0.5432873,0.8526788169407918,0.4399756624982556,0.9973720854800825,0.9963272960173585,1.0010486408100032,2300,1131,0.14926959574222565,0.2391563355922699,0.6241506934165955,0.9545517563819885,0.4200245141983032,0.9367186170583618,0.5038461538461538,0.9706393687597182,0.954529918522644,1.0168768415996927,21.0,4.0,mcf7+IFNG_IRF2,mcf7+IFNG,IRF2,True,False,5
mcf7+IFNG_IRF5,0.005179058,0.0027855672,1.8592471,0.99861413,0.42211097,0.8478225318822987,0.3354433025515355,0.9988428927302125,0.9992703197350886,0.9995722608823312,2285,1353,,,,,,,,,,,,,mcf7+IFNG_IRF5,mcf7+IFNG,IRF5,True,False,5
mcf7+TGFB_RBX1,0.007349594,0.008583567,0.85624003,0.9978678,0.61418235,0.8189412658126651,0.4548694725514507,0.9982348340374281,0.9977088177597573,1.0005272242444965,2130,939,,,,,,,,,,,,,mcf7+TGFB_RBX1,mcf7+TGFB,RBX1,True,False,5
mcf7+TGFB_RELA,0.0049170875,0.007846214,0.6266828,0.9982599,0.62656796,0.8506417171357414,0.4679827787656955,0.9986068043386302,0.9979554719816525,1.0006526667524398,2156,912,0.14102189242839813,0.5779908895492554,0.2439863532781601,,,,,,,,1.0,0.0,mcf7+TGFB_RELA,mcf7+TGFB,RELA,True,False,5
mcf7+TGFB_SMAD4,0.018961076,0.02948165,0.6431484,0.993121,0.5671197,0.8535633664978474,0.5039251721352793,0.9944261112254799,0.992493023651978,1.001947708978738,2168,818,0.7055200338363647,1.0516241788864136,0.6708860993385315,0.6351815462112427,0.5420831441879272,0.5584615384615385,0.3276923076923077,0.8928350206206708,0.8824348013678758,1.0117858217249291,21.0,4.0,mcf7+TGFB_SMAD4,mcf7+TGFB,SMAD4,True,False,5
mcf7+TGFB_SMAD9,0.035191517,0.03042243,1.1567622,0.9890679,0.18173632,0.8389785157144041,0.2773226026148183,0.9911213625134335,0.9916624397731115,0.9994543735469079,2003,1177,1.7193896770477295,1.6994843482971191,1.0117125511169434,0.005148046649992466,0.8606099486351013,0.026153846153846153,0.7107692307692308,0.7005136653713414,0.6424721437252874,1.0903409154979204,11.0,14.0,mcf7+TGFB_SMAD9,mcf7+TGFB,SMAD9,True,False,5
mcf7+TGFB_TGFBR1,0.0140686305,0.02017687,0.6972652,0.99517715,0.54903024,0.8530508757103707,0.4289121552157998,0.9961417504528004,0.9944274058492937,1.0017239514854708,2132,939,0.37721773982048035,0.6812558174133301,0.5537093877792358,0.8509824275970459,0.8118858933448792,0.6315384615384615,0.7246153846153846,0.9315195272529834,0.897923907716807,1.03741477339834,23.0,2.0,mcf7+TGFB_TGFBR1,mcf7+TGFB,TGFBR1,True,False,5
mcf7+TNFA_CASP7,0.014309106,0.002471012,5.7907877,0.99665487,0.26739648,0.7768781399496555,0.24408590019008775,0.9969242614793051,0.9993519830961101,0.9975707041584252,2320,1571,0.002155606634914875,0.025869101285934448,0.08332746475934982,1.0,1.0,0.9999999999999999,0.9999999999999999,0.9389014800687093,0.8901711107926206,1.0547426991117457,2.0,0.0,mcf7+TNFA_CASP7,mcf7+TNFA,CASP7,True,False,5
mcf7+TNFA_MTF1,0.0056357384,0.0047026565,1.1984159,0.99826914,0.30976602,0.8920131670417736,0.21222795686196136,0.998652278438267,0.9987468954007527,0.9999052643238028,2403,1646,0.006516757421195507,0.07376741617918015,0.08834195137023926,0.9782442450523376,0.9545703530311584,0.8214285714285715,0.8928571428571429,0.9901064397096349,0.9924935402316409,0.997594845280858,7.0,0.0,mcf7+TNFA_MTF1,mcf7+TNFA,MTF1,True,False,5
mcf7+TNFA_NFKBIA,0.0034097955,0.004107479,0.83014315,0.9988514,0.5228815,0.8964109415756816,0.31853082487368733,0.9990965918116591,0.9989302148940012,1.0001665550958188,2403,1473,0.010115706361830235,0.10055524855852127,0.10059849172830582,0.9594435095787048,0.959442675113678,0.87203302373581,0.9195046439628484,0.969927240243563,0.9849371422079244,0.9847605483424924,17.0,1.0,mcf7+TNFA_NFKBIA,mcf7+TNFA,NFKBIA,True,False,5
a549+IFNB_BATF2,0.008039218,0.006192891,1.2981366,0.99816597,0.52753985,0.8640034630497879,0.4313917843588302,0.9985019425232617,0.9986783717732237,0.9998233372675842,2355,1081,0.02005057968199253,0.1649920642375946,0.12152451276779175,,,,,,,,1.0,0.0,a549+IFNB_BATF2,a549+IFNB,BATF2,True,False,6
a549+IFNB_CEBPG,0.008272441,0.0060059126,1.3773829,0.99809307,0.49453488,0.8609343622950697,0.42002439960945215,0.998455235468157,0.9986978615320713,0.99975705759143,2357,1078,,,,,,,,,,,,,a549+IFNB_CEBPG,a549+IFNB,CEBPG,True,False,6
a549+IFNB_ID3,0.024024334,0.010309965,2.3302052,0.9961157,0.60521746,0.7542835366147904,0.5202628285996315,0.9965611993327382,0.9979435234592703,0.9986148272983021,2492,883,,,,,,,,,,,,,a549+IFNB_ID3,a549+IFNB,ID3,True,False,6
a549+IFNB_MAPK8,0.004525438,0.0075293444,0.6010401,0.9986201,0.60870326,0.890830076255657,0.4922891405789687,0.998940561142586,0.9984147963512587,1.0005265995588695,2416,999,,,,,,,,,,,,,a549+IFNB_MAPK8,a549+IFNB,MAPK8,True,False,6
a549+IFNB_STAT3,0.010438791,0.012539981,0.8324407,0.99693966,0.46364868,0.8758822523591481,0.4493436803650567,0.9976393351656505,0.9973310665008628,1.0003090936150913,2405,1003,0.09340082854032516,0.27648448944091797,0.3378157913684845,0.9688742160797119,0.5552607178688049,0.9181818181818183,0.5454545454545455,0.9831624603345873,0.9625904705148958,1.0213714870963635,11.0,0.0,a549+IFNB_STAT3,a549+IFNB,STAT3,True,False,6
a549+IFNB_UBE2L6,0.007136081,0.012129664,0.58831644,0.9982954,0.6947801,0.839856027162891,0.5947187618402253,0.9986567003876669,0.9976311764642719,1.001027958976813,2567,800,,,,,,,,,,,,,a549+IFNB_UBE2L6,a549+IFNB,UBE2L6,True,False,6
a549+IFNG_BATF2,0.010061511,0.005343186,1.8830545,0.9980552,0.48867902,0.8695198597058094,0.3967925992483476,0.998406647049482,0.9987895524890712,0.999616630511768,2203,1083,,,,,,,,,,,,,a549+IFNG_BATF2,a549+IFNG,BATF2,True,False,6
a549+IFNG_GUK1,0.0061436915,0.005338846,1.1507528,0.998395,0.49186057,0.878755582857377,0.3902078208436171,0.9987680604553911,0.998801861915086,0.9999661579929076,2211,1093,,,,,,,,,,,,,a549+IFNG_GUK1,a549+IFNG,GUK1,True,False,6
a549+IFNG_STAT3,0.007845793,0.00880647,0.89091235,0.99792004,0.5679177,0.8723575024334711,0.490408252925829,0.9983857177293145,0.9981426327924316,1.0002435372750313,2332,932,,,,,,,,,,,,,a549+IFNG_STAT3,a549+IFNG,STAT3,True,False,6
a549+TGFB_RAF1,0.004535816,0.00784151,0.5784366,0.99864876,0.57701916,0.878420271798297,0.45936706183626674,0.9989111353167662,0.998380333629525,1.0005316628036045,2435,1086,0.05851704627275467,0.0911610871553421,0.6419081687927246,0.9258474111557007,0.3281797170639038,0.6577303788133115,0.2571428571428571,0.9421389926689082,0.9461825145185945,0.9957264885076178,13.0,2.0,a549+TGFB_RAF1,a549+TGFB,RAF1,True,False,6
a549+TNFA_MAPK8,0.0030218468,0.003440226,0.87838614,0.99905926,0.46986663,0.8980917811670284,0.36660423132509895,0.999281746383247,0.9992226934024019,1.0000590989188245,2314,1268,,,,,,,,,,,,,a549+TNFA_MAPK8,a549+TNFA,MAPK8,True,False,6
bxpc3+IFNB_ADAR,0.045672383,0.05173739,0.8827732,0.98535895,0.3023251,0.8587475003649381,0.33783090785864806,0.9889193031714961,0.9881995359537664,1.0007283622300378,2564,1468,1.6883952617645264,1.7587848901748657,0.9599782824516296,0.6376399397850037,0.4520047605037689,0.606923076923077,0.33076923076923076,0.8844006445115868,0.8725480913806126,1.0135838393872596,16.0,9.0,bxpc3+IFNB_ADAR,bxpc3+IFNB,ADAR,True,False,6
bxpc3+IFNB_ID3,0.09144871,0.0053453287,17.108154,0.9931493,0.25817007,0.7564747241564609,0.2715226954088675,0.9938061317094732,0.9988053879891562,0.994994764405759,2538,1532,0.010865399613976479,0.09413637965917587,0.11542189866304398,0.3443778157234192,0.9332271814346313,0.3046153846153846,0.5746153846153847,0.3631771346206354,0.7649353794779542,0.4747814578382988,25.0,0.0,bxpc3+IFNB_ID3,bxpc3+IFNB,ID3,True,False,6
bxpc3+IFNB_MAPK8,0.0064274385,0.0051569394,1.2463669,0.9983302,0.27637914,0.917167258143,0.19030265774250363,0.9987500964455102,0.9988478561229494,0.9999021275594276,2360,1749,0.026917068287730217,0.1480235904455185,0.181843101978302,0.903550922870636,0.9604423642158508,0.7978021978021977,0.4813186813186813,0.9764149016742962,0.8139526591773716,1.1995966726874736,13.0,1.0,bxpc3+IFNB_MAPK8,bxpc3+IFNB,MAPK8,True,False,6
bxpc3+IFNB_UBE2L6,0.0052520423,0.0032866688,1.5979835,0.99848086,0.37001377,0.8959762508981226,0.23772522290514025,0.9987988940439758,0.9992483358975827,0.9995502200629605,2456,1740,0.04279651865363121,0.4472877085208893,0.09568006545305252,-0.17678719758987427,0.9441220760345459,0.09999999999999999,0.9999999999999999,0.5100544566717099,0.239926804034452,2.1258752590163676,5.0,0.0,bxpc3+IFNB_UBE2L6,bxpc3+IFNB,UBE2L6,True,False,6
bxpc3+IFNG_BATF2,0.01574005,0.006514565,2.4161322,0.997059,0.43961117,0.8989600095619046,0.3438347751592617,0.997575239976362,0.9985480423516977,0.9990257831029896,2542,1413,0.058650776743888855,0.17397233843803406,0.33712702989578247,0.8251261711120605,0.8280848860740662,0.6646153846153847,0.913076923076923,0.8725791887539849,0.7890181115423742,1.1059051446211612,24.0,1.0,bxpc3+IFNG_BATF2,bxpc3+IFNG,BATF2,True,False,6
bxpc3+IFNG_JAK2,0.00988331,0.013069672,0.75620186,0.9970393,0.55934215,0.9033132486529241,0.3441288678334164,0.9977503906941141,0.9970724478014686,1.0006799334332628,2466,1520,0.08068880438804626,0.1496848315000534,0.5390579700469971,0.8536199331283569,0.7647305727005005,0.7238461538461537,0.7623076923076924,0.8786452910680577,0.7526027351932701,1.167475548494279,23.0,2.0,bxpc3+IFNG_JAK2,bxpc3+IFNG,JAK2,True,False,6
bxpc3+IFNG_STAT3,0.012454669,0.017969858,0.6930867,0.99742925,0.6454513,0.8797257581082882,0.5961143464278194,0.9980278124839997,0.9964647261545758,1.0015686318726564,2942,952,0.03943352401256561,0.13684067130088806,0.28817108273506165,0.745531439781189,0.6872088313102722,0.5565821510661169,0.5653846153846154,0.9329962188401605,0.9500262688906899,0.9820741272023829,25.0,0.0,bxpc3+IFNG_STAT3,bxpc3+IFNG,STAT3,True,False,6
bxpc3+INS_EIF2B1,0.01031082,0.0047912905,2.1519923,0.99737954,0.17459811,0.9076349622003796,0.14462251731721662,0.998027308070105,0.9988673496856081,0.9991590058321883,2424,2010,0.2444862425327301,0.2853739857673645,0.8567222356796265,0.14654691517353058,0.5033729672431946,0.41208791208791207,0.7307692307692307,0.5421726621240246,0.44511519162551794,1.21805023132116,10.0,3.0,bxpc3+INS_EIF2B1,bxpc3+INS,EIF2B1,True,False,6
bxpc3+INS_POLR2L,0.015858456,0.0190991,0.8303248,0.99502724,0.5785854,0.7950418245662939,0.49936655125201035,0.9960571577516797,0.9960241929116334,1.0000330964250477,2985,1259,0.097879558801651,0.27332380414009094,0.35810843110084534,0.7635232210159302,0.6973352432250977,0.6193024232308936,0.48307692307692307,0.7799330897844168,0.681136332482177,1.1450469643018566,23.0,2.0,bxpc3+INS_POLR2L,bxpc3+INS,POLR2L,True,False,6
bxpc3+TGFB_RAF1,0.02325119,0.02158657,1.0771136,0.99363995,0.2554658,0.8469318242346676,0.18612575500672696,0.994932325165841,0.9953770780341671,0.9995531815247298,1924,1424,0.22499412298202515,0.3284372389316559,0.6850444674491882,0.8744411468505859,0.03058697283267975,0.7142114807364035,0.3323529411764706,0.9240709390011695,0.9024998626244443,1.0239014733077048,14.0,2.0,bxpc3+TGFB_RAF1,bxpc3+TGFB,RAF1,True,False,6
bxpc3+TGFB_SMAD3,0.009387196,0.0096384175,0.9739354,0.99703526,0.49431103,0.8616831498674007,0.34602087108823626,0.9977386869182746,0.9976716784954613,1.0000671648040709,2166,1294,0.756354570388794,1.4924873113632202,0.5067745447158813,,,,,,,,1.0,0.0,bxpc3+TGFB_SMAD3,bxpc3+TGFB,SMAD3,True,False,6
hap1+IFNB_ADAR,0.021687204,0.02761989,0.7852024,0.9924935,0.39632124,0.8327818956273298,0.392939805566347,0.9941363943195569,0.9936629731217492,1.000476440413514,2588,1221,0.2257007658481598,0.322719931602478,0.6993703842163086,0.43473339080810547,0.5377624034881592,0.7746153846153846,0.6738461538461539,0.6727094161108037,0.6440685168700271,1.0444687148813956,22.0,3.0,hap1+IFNB_ADAR,hap1+IFNB,ADAR,True,False,6
hap1+IFNB_STAT3,0.003554895,0.0025874886,1.3738785,0.9988543,0.36557764,0.8969458613580548,0.3282695240582975,0.9991130590250601,0.9993726963206058,0.9997401997307895,2465,1477,0.0006880699656903744,0.0393824428319931,0.017471490427851677,,,,,,,,1.0,0.0,hap1+IFNB_STAT3,hap1+IFNB,STAT3,True,False,6
hap1+IFNB_UBE2L6,0.004816487,0.0033509545,1.4373478,0.99885976,0.4566148,0.8637600314503796,0.3855981052678723,0.9990968452283365,0.9992086735500392,0.9998880831155065,2565,1334,0.04091350734233856,0.07827077805995941,0.5227175354957581,0.8252790570259094,-0.19816654920578003,0.8999999999999998,-0.19999999999999998,0.9611487277379868,0.9832922932616806,0.9774801799267222,4.0,1.0,hap1+IFNB_UBE2L6,hap1+IFNB,UBE2L6,True,False,6
hap1+IFNG_BATF2,0.027687479,0.0054087513,5.1190147,0.99613714,0.24259198,0.8461345978989765,0.21100040727037517,0.996609906946779,0.9986278646852046,0.9979792695459567,2012,1361,0.009214064106345177,0.34853336215019226,0.02643667720258236,1.0,1.0,0.9999999999999999,0.9999999999999999,0.9787394729238404,0.9780624431539001,1.0006922152820399,2.0,0.0,hap1+IFNG_BATF2,hap1+IFNG,BATF2,True,False,6
hap1+IFNG_GUK1,0.014611094,0.036592085,0.39929658,0.9958998,0.7654593,0.8469140016415121,0.6530893332795533,0.9965759455380357,0.9940868749699583,1.0025038763017091,2396,750,0.16688334941864014,0.4904017746448517,0.34029924869537354,0.9848486185073853,0.6487057209014893,0.9347951702060859,0.5753846153846153,0.9735652181702145,0.9406000362327077,1.0350469707289602,24.0,1.0,hap1+IFNG_GUK1,hap1+IFNG,GUK1,True,False,6
hap1+INS_POLR2L,0.029407043,0.078682706,0.37374213,0.9904864,0.7772841,0.7034103430621914,0.7477387230855472,0.992185813841537,0.9858748755679079,1.006401358255523,3186,642,0.0394287072122097,0.1975966840982437,0.1995413452386856,0.3899953365325928,0.3277498781681061,0.5395379892162551,0.4330769230769231,0.5999243922659208,0.637855157098264,0.9405338901626221,25.0,0.0,hap1+INS_POLR2L,hap1+INS,POLR2L,True,False,6
hap1+INS_SGK1,0.011005142,0.0020412307,5.3914247,0.9976223,0.020831205,0.9025773531969633,0.06332898240189247,0.9981156562546745,0.9994933795237351,0.9986215783943291,2125,1953,,,,,,,,,,,,,hap1+INS_SGK1,hap1+INS,SGK1,True,False,6
hap1+INS_TAF3,0.012350609,0.021461831,0.57546854,0.99573874,0.5524725,0.8281333644567316,0.5307012441569776,0.9965382200905433,0.9953111867795579,1.0012328137443682,2847,1060,0.029152093455195427,0.06903467327356339,0.4222819209098816,0.43884921073913574,0.35513871908187866,0.40899522134573085,0.3476923076923077,0.8443866393535585,0.8318364211085028,1.0150873632442439,25.0,0.0,hap1+INS_TAF3,hap1+INS,TAF3,True,False,6
ht29+IFNG_GUK1,0.0037233604,0.0029053998,1.2815312,0.9988047,0.31296977,0.8826959584038703,0.2527736359682478,0.9990430907826098,0.9992775327456314,0.9997653885378796,2157,1525,0.12126292288303375,0.1374141275882721,0.882463276386261,0.7662251591682434,0.39522090554237366,0.7,0.7,0.7443813904496643,0.6962624716336675,1.0691103151130543,4.0,1.0,ht29+IFNG_GUK1,ht29+IFNG,GUK1,True,False,6
ht29+IFNG_JAK2,0.016514571,0.025999878,0.6351788,0.9945391,0.6664842,0.885328452962436,0.33059487956804884,0.9957227751350151,0.9932807567371591,1.0024585379121587,2319,1448,0.5506086945533752,0.9963319301605225,0.5526357889175415,0.9143028259277344,0.9528924226760864,0.9561538461538461,0.8238461538461539,0.9564553685618036,0.9436659351010027,1.0135529248064168,24.0,1.0,ht29+IFNG_JAK2,ht29+IFNG,JAK2,True,False,6
ht29+IFNG_STAT3,0.0037821617,0.0017565704,2.1531513,0.998976,0.36081317,0.8791475690119003,0.29797258603622956,0.9991809552715656,0.9995545865693601,0.9996262022076484,2326,1415,,,,,,,,,,,,,ht29+IFNG_STAT3,ht29+IFNG,STAT3,True,False,6
ht29+INS_IRS2,0.0024836906,0.00059965556,4.141862,0.9991699,0.24623692,0.8934723304474919,0.2035032087416115,0.999352461061092,0.9998439722097371,0.999508412149989,2507,1919,,,,,,,,,,,,,ht29+INS_IRS2,ht29+INS,IRS2,True,False,6
ht29+INS_SGK1,0.004634664,0.0011239381,4.1235933,0.9985843,0.13716789,0.8882298129073449,0.10315800881762645,0.9988392318646843,0.9997065173213099,0.9991324599353923,2241,2060,0.011553787626326084,0.005408956669270992,2.13604736328125,0.3840772807598114,-0.20833104848861694,0.09999999999999999,0.09999999999999999,0.8580430390840108,0.9264146079697451,0.9261976567537381,2.0,3.0,ht29+INS_SGK1,ht29+INS,SGK1,True,False,6
ht29+INS_TAF3,0.004353423,0.0019714648,2.2082174,0.99867755,0.20786335,0.8569011458808817,0.17408080760379543,0.9989228682198542,0.9994877288344997,0.9994348498752414,2433,1862,0.0005165777401998639,0.003095108550041914,0.1669013351202011,0.4095776677131653,0.8075015544891357,0.38333333333333336,0.6,0.8881496546196507,0.9750996601183318,0.9108296217761686,9.0,0.0,ht29+INS_TAF3,ht29+INS,TAF3,True,False,6
ht29+TGFB_AKT1,0.022218438,0.0017782823,12.494326,0.9927425,0.033988994,0.858779039512394,0.10483614102965555,0.9943584285485794,0.9995514083513374,0.9948046896243953,2073,1652,,,,,,,,,,,,,ht29+TGFB_AKT1,ht29+TGFB,AKT1,False,True,6
ht29+TGFB_ATF2,0.022909638,0.005345672,4.285642,0.9923829,0.19391096,0.8331337536229628,0.24078413031030052,0.9940147457817428,0.9987439153502418,0.995264882723375,2187,1392,0.023451443761587143,0.05771699175238609,0.4063178598880768,0.7267811298370361,0.14038103818893433,0.43333333333333335,0.18333333333333335,0.9118822620581674,0.9098892068661598,1.0021904372279258,8.0,1.0,ht29+TGFB_ATF2,ht29+TGFB,ATF2,False,True,6
ht29+TGFB_CHUK,0.023817396,0.008985933,2.65052,0.99196875,0.2448174,0.821798963430135,0.25483703640946376,0.9936607931125261,0.9979715676047681,0.9956804636202329,2194,1385,0.05054464191198349,0.10756086558103561,0.4699166417121887,0.7685795426368713,0.17260992527008057,0.6799999999999999,0.15076923076923077,0.9393155403267546,0.9622893499988091,0.9761258818129048,23.0,2.0,ht29+TGFB_CHUK,ht29+TGFB,CHUK,False,True,6
ht29+TGFB_CREBBP,0.026201239,0.005522122,4.744777,0.99142814,0.055929966,0.8352285180401808,0.09165436064833749,0.9932979027234768,0.9986100596587713,0.9946804492064605,2014,1615,0.04134994372725487,0.07452208548784256,0.5548683404922485,0.8383777737617493,0.7022619247436523,0.6483516483516483,-0.06593406593406594,0.8726710838334781,0.6625593102601215,1.3171214566298473,11.0,2.0,ht29+TGFB_CREBBP,ht29+TGFB,CREBBP,False,True,6
ht29+TGFB_CUL1,0.040590037,0.06030762,0.6730499,0.9857907,0.5089657,0.7482810864450224,0.4898728135395835,0.9884353364542449,0.9890859626413011,0.9993421944991325,2543,942,0.15650160610675812,0.3063197135925293,0.510909378528595,0.5011317729949951,0.24049648642539978,0.5856067941995691,0.25076923076923074,0.8307056525886011,0.8718499022281435,0.9528081043142952,23.0,2.0,ht29+TGFB_CUL1,ht29+TGFB,CUL1,False,True,6
ht29+TGFB_EP300,0.027644848,0.017877262,1.5463693,0.9904886,0.32885426,0.7866557615728031,0.3197404666436661,0.992414004323946,0.9960778684107057,0.9963217091725916,2309,1243,0.10922486335039139,0.14182926714420319,0.7701151371002197,0.7793682217597961,-0.05111044645309448,0.6370455974737771,0.036923076923076927,0.9342399194431993,0.9691399666470227,0.9639886410581449,20.0,5.0,ht29+TGFB_EP300,ht29+TGFB,EP300,False,True,6
ht29+TGFB_FOS,0.022229789,0.004037839,5.5053678,0.9926493,0.16442834,0.8469488611447489,0.20498808170861943,0.9942452762505205,0.9990281233618701,0.9952125000292739,2157,1469,0.02932770922780037,0.08118953555822372,0.3612252473831177,0.6949654817581177,0.34112071990966797,0.49999999999999994,0.6,0.9327275566929283,0.9440187518153558,0.988039225809112,4.0,1.0,ht29+TGFB_FOS,ht29+TGFB,FOS,False,True,6
ht29+TGFB_FOXP2,0.02267822,0.0047203223,4.8043795,0.9925159,0.22329605,0.8311302856133873,0.22144971930624122,0.9941207239969454,0.9988808783934309,0.9952345124434241,2167,1452,0.05311715602874756,0.4751262962818146,0.11179586499929428,0.9600885510444641,0.9818613529205322,0.5,1.0,0.9638759344347785,0.9928524650590175,0.9708148676223345,2.0,1.0,ht29+TGFB_FOXP2,ht29+TGFB,FOXP2,False,True,6
ht29+TGFB_HDAC4,0.027877253,0.009226598,3.0214012,0.9912715,0.3187973,0.7785438515514194,0.3299129651037306,0.993058035565225,0.9978841226792149,0.9951636798258375,2384,1189,0.12206213176250458,0.17222003638744354,0.7087568640708923,0.9698044657707214,0.024112116545438766,0.47846153846153844,0.003076923076923077,0.9737587905217351,0.9725707399679514,1.001221556957207,20.0,5.0,ht29+TGFB_HDAC4,ht29+TGFB,HDAC4,False,True,6
ht29+TGFB_HDAC5,0.021354992,0.0014558163,14.66874,0.99301964,0.1005978,0.8558126801823924,0.1542644700306371,0.9945822383961309,0.9996320556284893,0.9949483240319025,2150,1626,,,,,,,,,,,,,ht29+TGFB_HDAC5,ht29+TGFB,HDAC5,False,True,6
ht29+TGFB_HRAS,0.020301953,0.001290935,15.72655,0.9933549,0.1839451,0.8636682327325491,0.18168161548316006,0.9948513273369172,0.9996738300549378,0.9951759238133145,2211,1634,,,,,,,,,,,,,ht29+TGFB_HRAS,ht29+TGFB,HRAS,False,True,6
ht29+TGFB_IKBKB,0.027033454,0.023096396,1.170462,0.99050236,0.4412224,0.7681619730285217,0.4329969831432417,0.9924032164468927,0.9951763070289352,0.9972134680433444,2487,1064,0.05245763808488846,0.1487562209367752,0.35264164209365845,0.27243098616600037,0.4737699627876282,0.26396966147643214,0.45999999999999996,0.8098612146486651,0.9183265961941091,0.8818880102188423,22.0,3.0,ht29+TGFB_IKBKB,ht29+TGFB,IKBKB,False,True,6
ht29+TGFB_IRF7,0.021900928,0.0021547212,10.164159,0.99280787,0.08886091,0.8582652377915628,0.13358791717170154,0.9944012595089767,0.9994649548086069,0.994933593944172,2060,1627,,,,,,,,,,,,,ht29+TGFB_IRF7,ht29+TGFB,IRF7,False,True,6
ht29+TGFB_JUN,0.024742,0.0033398566,7.4081025,0.9918263,-0.022797428,0.8517670074813319,0.0854537957367381,0.9936307534972769,0.999179250887048,0.9944469449452186,1993,1671,0.0379004180431366,0.11452484130859375,0.3309362232685089,1.0,-1.0,0.9999999999999999,-0.9999999999999999,0.9783119953690882,0.9959188179151468,0.9823210263433754,2.0,0.0,ht29+TGFB_JUN,ht29+TGFB,JUN,False,True,6
ht29+TGFB_KRAS,0.020347811,0.002040427,9.97233,0.99336296,0.20238005,0.8599832240687985,0.19117053386216784,0.9948471730268339,0.9994842794436803,0.9953605008980957,2218,1582,,,,,,,,,,,,,ht29+TGFB_KRAS,ht29+TGFB,KRAS,False,True,6
ht29+TGFB_MAP3K7,0.022442691,0.002175338,10.3168745,0.9926733,0.06137927,0.8462900115600015,0.1048861467279694,0.9942880694441577,0.9994561728242337,0.9948290845355708,2051,1639,,,,,,,,,,,,,ht29+TGFB_MAP3K7,ht29+TGFB,MAP3K7,False,True,6
ht29+TGFB_MAPK1,0.028462619,0.012585021,2.2616267,0.9903921,0.15386188,0.836926787944501,0.2439520863203697,0.9924153793100021,0.9970554863597284,0.9953461897424912,2202,1354,0.2468288093805313,0.23209938406944275,1.0634616613388062,0.6152637600898743,-0.11758073419332504,0.7561538461538462,0.07384615384615385,0.7321341584736736,0.7723943916426463,0.9478760674538929,18.0,7.0,ht29+TGFB_MAPK1,ht29+TGFB,MAPK1,False,True,6
ht29+TGFB_MAPK3,0.021755107,0.0026456334,8.223023,0.9928752,0.13175127,0.8527794315223037,0.1797873105090274,0.9944450081378337,0.9993463875176856,0.9950954149221206,2128,1537,,,,,,,,,,,,,ht29+TGFB_MAPK3,ht29+TGFB,MAPK3,False,True,6
ht29+TGFB_MAPK14,0.026437081,0.0034465226,7.670654,0.99131685,-0.10062668,0.8475022289524056,0.045977333424499264,0.9932300066203998,0.9991391695463093,0.9940857459040539,1984,1684,,,,,,,,,,,,,ht29+TGFB_MAPK14,ht29+TGFB,MAPK14,False,True,6
ht29+TGFB_MED15,0.036732264,0.012071173,3.042974,0.98845744,0.015080049,0.8048485619684895,0.09878210342285147,0.9908832482154674,0.9969450357253928,0.9939196371989406,2039,1579,0.18816816806793213,0.1786821484565735,1.0530887842178345,0.6134246587753296,-0.0568196102976799,0.6492307692307692,0.2684615384615385,0.7202743114902448,0.757631950259708,0.9506915742443842,21.0,4.0,ht29+TGFB_MED15,ht29+TGFB,MED15,False,True,6
ht29+TGFB_MYC,0.022801818,0.0019865055,11.478356,0.99254435,0.026188405,0.857586674905164,0.11426477079685918,0.9942050168443337,0.9994996556644228,0.9947027107112214,2064,1651,,,,,,,,,,,,,ht29+TGFB_MYC,ht29+TGFB,MYC,False,True,6
ht29+TGFB_NFKB1,0.025906961,0.0067146104,3.858297,0.99143255,0.15029007,0.8160710124052412,0.19971928465019018,0.9932517766103871,0.9984004839831476,0.9948430439935089,2148,1443,0.049131739884614944,0.07363729923963547,0.6672126650810242,0.9232257604598999,-0.21372167766094208,0.6307692307692307,0.4653846153846154,0.9554631123306367,0.959825157023121,0.9954553757415433,21.0,4.0,ht29+TGFB_NFKB1,ht29+TGFB,NFKB1,False,True,6
ht29+TGFB_NRAS,0.025508437,0.01414518,1.8033308,0.99128926,0.38071674,0.7781593013624747,0.37023416516883756,0.9930687144393214,0.996947222202577,0.9961096157581073,2356,1186,0.06741410493850708,0.1714482456445694,0.39320382475852966,0.8036144375801086,0.5777063965797424,0.6224274013964801,0.4146153846153846,0.8692207674341824,0.934966012711247,0.9296816735761183,21.0,4.0,ht29+TGFB_NRAS,ht29+TGFB,NRAS,False,True,6
ht29+TGFB_PAK1,0.02085825,0.0015078518,13.833091,0.9931743,0.11950208,0.8606310734656064,0.1388472224030514,0.9947047251978607,0.9996192397749188,0.9950836134584957,2085,1656,,,,,,,,,,,,,ht29+TGFB_PAK1,ht29+TGFB,PAK1,False,True,6
ht29+TGFB_PIK3CA,0.024941063,0.0042352905,5.888867,0.991783,0.05379171,0.8380453686307979,0.1335063793466713,0.9935585598178515,0.9989687504036988,0.9945842243977492,2114,1502,,,,,,,,,,,,,ht29+TGFB_PIK3CA,ht29+TGFB,PIK3CA,False,True,6
ht29+TGFB_PPP2CA,0.024620315,0.008006253,3.0751357,0.9918088,0.17402071,0.8308061481207986,0.21006609843657764,0.9935395139309983,0.99818259659152,0.9953484636214092,2163,1423,0.05937519669532776,0.06940904259681702,0.8554389476776123,0.4315555989742279,-0.12708406150341034,0.4130769230769231,0.1276923076923077,0.8412931270423847,0.970268208570777,0.8670727532973846,21.0,4.0,ht29+TGFB_PPP2CA,ht29+TGFB,PPP2CA,False,True,6
ht29+TGFB_PRKCA,0.02130952,0.0017563713,12.132696,0.99301594,0.10666959,0.8628168984535205,0.13745133072470253,0.9945724536026678,0.9995583947899633,0.9950118560223354,2091,1640,,,,,,,,,,,,,ht29+TGFB_PRKCA,ht29+TGFB,PRKCA,False,True,6
ht29+TGFB_RAF1,0.022900742,0.0052562105,4.356892,0.9924483,0.1513347,0.8383252477129433,0.18633382920004238,0.9940573881358907,0.9987659986670067,0.9952855718582728,2063,1541,0.04908372461795807,0.07243108749389648,0.6776610016822815,0.8306732773780823,0.05516140162944794,0.7838461538461537,0.22076923076923075,0.940152107831815,0.9686132329835566,0.9706166257257558,21.0,4.0,ht29+TGFB_RAF1,ht29+TGFB,RAF1,False,False,6
ht29+TGFB_RBL1,0.023875888,0.0062969956,3.7916317,0.99213046,0.2624901,0.8016167625259717,0.26487298091169187,0.9937793480540622,0.9985210935200863,0.9952512315495429,2219,1358,0.08573266118764877,0.12872561812400818,0.666010856628418,0.9928781986236572,0.06478112190961838,0.8870936882696435,0.24307692307692308,0.991275762175574,0.9736413565050954,1.0181118083703609,22.0,3.0,ht29+TGFB_RBL1,ht29+TGFB,RBL1,False,True,6
ht29+TGFB_RBX1,0.024283482,0.010755194,2.2578375,0.9917958,0.2974943,0.7993400039177287,0.30414204340293677,0.9935051420264405,0.9976672698347294,0.9958281403689043,2288,1287,0.0715399980545044,0.10290016233921051,0.6952369809150696,0.5650720000267029,0.39344000816345215,0.6820633275858639,0.43692307692307686,0.8692203871635558,0.9541898306023769,0.9109512167142043,19.0,6.0,ht29+TGFB_RBX1,ht29+TGFB,RBX1,False,True,6
ht29+TGFB_RELA,0.022851435,0.0038534515,5.9301214,0.99244726,0.090564616,0.8489937050160316,0.13488042839296155,0.9940973438824016,0.9990657315722603,0.995026966161636,2003,1617,0.2087155133485794,0.17072133719921112,1.222550868988037,1.0,-1.0,0.9999999999999999,-0.9999999999999999,0.9746046807942305,0.9999359020425622,0.9746671549680456,1.0,1.0,ht29+TGFB_RELA,ht29+TGFB,RELA,False,True,6
ht29+TGFB_RHOA,0.03635664,0.020104244,1.8084061,0.987787,0.26881948,0.7545145747595392,0.29406108220665084,0.9902336817198591,0.9953711968619843,0.9948385937243094,2313,1237,0.325088769197464,0.4616391360759735,0.7042053937911987,0.7088689208030701,0.18760840594768524,0.7923076923076923,0.14692307692307693,0.8151752311995168,0.8221199350655778,0.9915526876677586,18.0,7.0,ht29+TGFB_RHOA,ht29+TGFB,RHOA,False,True,6
ht29+TGFB_RPS6KB1,0.021607243,0.0020331882,10.627271,0.99301267,0.13563609,0.8546612854880162,0.14365148332080035,0.9945514053691874,0.9994868712471352,0.9950620002924206,2106,1632,,,,,,,,,,,,,ht29+TGFB_RPS6KB1,ht29+TGFB,RPS6KB1,False,True,6
ht29+TGFB_RUNX1,0.021780027,0.0012552034,17.351791,0.9928644,0.07008556,0.865663602056664,0.10786935419194778,0.994482546032597,0.9996827654900446,0.9947981303299768,2141,1738,,,,,,,,,,,,,ht29+TGFB_RUNX1,ht29+TGFB,RUNX1,False,True,6
ht29+TGFB_RUNX2,0.02177358,0.003860535,5.6400423,0.9927994,0.20697002,0.8334448100052273,0.22929362519238447,0.9943548624694671,0.9990789030461453,0.995271604112273,2178,1433,,,,,,,,,,,,,ht29+TGFB_RUNX2,ht29+TGFB,RUNX2,False,True,6
ht29+TGFB_RUNX3,0.021511141,0.0022553063,9.538013,0.9929286,0.10762967,0.8527971058607684,0.13424085152283632,0.9944950151657775,0.9994398034236326,0.9950524401360478,2047,1631,,,,,,,,,,,,,ht29+TGFB_RUNX3,ht29+TGFB,RUNX3,False,True,6
ht29+TGFB_SKP1,0.031136697,0.034236334,0.9094635,0.98935807,0.5982585,0.7208434159779193,0.5479101132936132,0.9913785672534848,0.993155479027294,0.9982108422987814,2638,870,0.07015659660100937,0.19363757967948914,0.3623088002204895,0.3923504650592804,0.33458614349365234,0.3589450593999392,0.3123076923076923,0.8182214932766646,0.897607849199052,0.9115578634999405,23.0,2.0,ht29+TGFB_SKP1,ht29+TGFB,SKP1,False,True,6
ht29+TGFB_SMAD1,0.021772547,0.0032243035,6.7526355,0.9928293,0.14065921,0.8475010544314614,0.16836821890882003,0.994398900874938,0.9992102957968331,0.9951848024963973,2091,1559,0.040345195680856705,0.06774556636810303,0.5955399870872498,1.0,1.0,0.9999999999999999,0.9999999999999999,0.999027417304871,0.9999783319497815,0.9990490647501767,2.0,0.0,ht29+TGFB_SMAD1,ht29+TGFB,SMAD1,False,True,6
ht29+TGFB_SMAD2,0.022349084,0.0017905142,12.4819355,0.99270535,0.058498323,0.8472976223279741,0.11003077169948752,0.9943109026580728,0.9995490478206188,0.9947594916187784,2094,1694,,,,,,,,,,,,,ht29+TGFB_SMAD2,ht29+TGFB,SMAD2,False,False,6
ht29+TGFB_SMAD3,0.02164693,0.0019331009,11.198034,0.99290615,0.08760499,0.8563471489378227,0.11433907122271454,0.9945006688080377,0.9995119093316546,0.9949863123422233,2121,1695,,,,,,,,,,,,,ht29+TGFB_SMAD3,ht29+TGFB,SMAD3,False,False,6
ht29+TGFB_SMAD4,0.022561355,0.004741443,4.758331,0.9925697,0.2318128,0.8280734238094615,0.2468466234399002,0.994163107320993,0.9988718310599719,0.9952859580252832,2179,1422,,,,,,,,,,,,,ht29+TGFB_SMAD4,ht29+TGFB,SMAD4,False,True,6
ht29+TGFB_SMAD5,0.02482434,0.009912322,2.504392,0.99173266,0.32833344,0.7911942795255763,0.3458736528742143,0.9934393400454826,0.9977648417779716,0.9956648084284258,2352,1211,0.021001869812607765,0.08920463919639587,0.23543472588062286,0.7053636908531189,0.16134607791900635,0.5115384615384615,0.07461538461538461,0.9079153251519806,0.9670671167260702,0.9388338300920175,25.0,0.0,ht29+TGFB_SMAD5,ht29+TGFB,SMAD5,False,True,6
ht29+TGFB_SMAD6,0.021575747,0.0022181144,9.727067,0.99294394,0.12536025,0.8508849528949152,0.1284365827165616,0.9945091794274201,0.9994406797391607,0.995065739856589,2094,1650,,,,,,,,,,,,,ht29+TGFB_SMAD6,ht29+TGFB,SMAD6,False,True,6
ht29+TGFB_SMAD7,0.02088364,0.003370333,6.196314,0.99310493,0.21367577,0.8358208961479409,0.2133152680634663,0.9946079216064707,0.9991850670986921,0.9954191213990898,2114,1503,0.04545709490776062,0.08777068555355072,0.5179075002670288,0.878953218460083,0.1176791712641716,0.39999999999999997,0.39999999999999997,0.9780576878030459,0.9854048250000571,0.9925440417880937,4.0,0.0,ht29+TGFB_SMAD7,ht29+TGFB,SMAD7,False,True,6
ht29+TGFB_SMAD9,0.021496631,0.0020014779,10.740379,0.99301386,0.11585956,0.8561309861173786,0.11953740122872167,0.9945698032135888,0.9994958985087784,0.9950714202003837,2050,1679,,,,,,,,,,,,,ht29+TGFB_SMAD9,ht29+TGFB,SMAD9,False,True,6
ht29+TGFB_SMURF1,0.02143445,0.0021721001,9.868076,0.99301493,0.13208649,0.8624008315146665,0.14720030706563852,0.9945931214214294,0.9994537882473202,0.9951366767698038,2143,1703,1.2119402885437012,1.7311965227127075,0.7000593543052673,,,,,,,,1.0,0.0,ht29+TGFB_SMURF1,ht29+TGFB,SMURF1,False,True,6
ht29+TGFB_SMURF2,0.021103635,0.0022237792,9.489986,0.9930766,0.1396172,0.8519508037887066,0.15363115159173085,0.9946116218974281,0.9994438427767504,0.9951650901506413,2088,1605,0.9210206270217896,1.1199040412902832,0.8224102854728699,,,,,,,,1.0,0.0,ht29+TGFB_SMURF2,ht29+TGFB,SMURF2,False,True,6
ht29+TGFB_SP1,0.023705933,0.003964613,5.979381,0.99228454,0.11384658,0.8375403835770736,0.1527273121564349,0.993957885619184,0.9990118342783568,0.994941052262085,2088,1532,0.01122905034571886,0.03549739345908165,0.3163345158100128,0.9090883731842041,0.29521727561950684,0.6785714285714287,0.3571428571428572,0.9690016053824534,0.9559713405261947,1.0136303927783927,7.0,0.0,ht29+TGFB_SP1,ht29+TGFB,SP1,False,True,6
ht29+TGFB_TGFBR1,0.024687309,0.004153443,5.9438176,0.9918355,0.10773867,0.8463391713255555,0.13078560370623882,0.9936491738160844,0.9989701092533625,0.9946735789309502,2082,1620,0.050314974039793015,0.09180586785078049,0.5480583906173706,0.580966055393219,0.579410970211029,0.5952380952380953,0.4523809523809524,0.8157842438252992,0.8215053797775174,0.9930357900349143,6.0,2.0,ht29+TGFB_TGFBR1,ht29+TGFB,TGFBR1,False,True,6
ht29+TGFB_TGFBR2,0.023324026,0.0028357948,8.224864,0.9923299,0.095918804,0.8546767193646768,0.1318612600624825,0.9940487798498758,0.9992882488079201,0.9947567991875271,2120,1659,,,,,,,,,,,,,ht29+TGFB_TGFBR2,ht29+TGFB,TGFBR2,False,True,6
ht29+TGFB_TGFBR3,0.021866128,0.0047772233,4.5771627,0.9927295,0.1953832,0.8434938824778853,0.21390647350746775,0.9942994116457528,0.9988790428766757,0.9954152294378565,2135,1471,0.0408884696662426,0.14591406285762787,0.28022295236587524,0.9240636825561523,0.9077694416046143,0.19999999999999998,0.6121212121212121,0.9366966988259935,0.9850236777265772,0.9509382566192502,8.0,2.0,ht29+TGFB_TGFBR3,ht29+TGFB,TGFBR3,False,True,6
ht29+TGFB_TGIF1,0.022199644,0.006763777,3.2821372,0.99264914,0.25546044,0.8304652498307851,0.2303171838053463,0.994232989581154,0.9983553019374841,0.9958708965151685,2157,1467,0.0653030127286911,0.08916042000055313,0.7324215173721313,0.6945531368255615,0.33801692724227905,0.6646153846153847,0.3776923076923077,0.8755566941728602,0.9774445919256199,0.8957609478896037,21.0,4.0,ht29+TGFB_TGIF1,ht29+TGFB,TGIF1,False,True,6
k562+IFNB_ADAR,0.016752852,0.012063805,1.3886873,0.99539405,0.510316,0.823546630752596,0.4712792418625276,0.9961561748747715,0.9968460332794261,0.9993079589208124,2553,1034,0.02630704455077648,0.20034372806549072,0.13130955398082733,0.837702214717865,0.5395010709762573,0.6175824175824175,0.43736263736263736,0.9800533881926515,0.9829020296598202,0.9971018052855638,14.0,0.0,k562+IFNB_ADAR,k562+IFNB,ADAR,True,False,6
k562+IFNB_BATF2,0.011339903,0.011277285,1.0055525,0.9968394,0.554708,0.8622832252679761,0.48931898247471217,0.997459781696469,0.9970172870358711,1.0004438184436233,2576,1013,,,,,,,,,,,,,k562+IFNB_BATF2,k562+IFNB,BATF2,True,False,6
k562+IFNB_ID3,0.030950433,0.017644852,1.7540772,0.99396604,0.65464103,0.7292508995420027,0.6046237960647387,0.9945293636174392,0.9957553985490197,0.9987687388555793,2752,796,0.017796680331230164,0.21428930759429932,0.08304978162050247,0.8593518137931824,0.6829780340194702,0.7315384615384616,0.41000000000000003,0.9248441278872029,0.9537907423720049,0.9696509798230858,25.0,0.0,k562+IFNB_ID3,k562+IFNB,ID3,True,False,6
k562+IFNB_MAPK8,0.0068684965,0.009126163,0.75261605,0.9978065,0.5803443,0.8848521371246961,0.48673085995359483,0.9982865813668841,0.9975719856796377,1.0007163349587844,2548,1083,0.08582178503274918,0.29279348254203796,0.29311370849609375,,,,,,,,1.0,0.0,k562+IFNB_MAPK8,k562+IFNB,MAPK8,True,False,6
k562+IFNB_STAT3,0.006529451,0.0094258925,0.69271433,0.9975441,0.60011727,0.8795379573899265,0.5215018537476328,0.998074226180855,0.9974884612391053,1.0005872398173128,2579,1026,,,,,,,,,,,,,k562+IFNB_STAT3,k562+IFNB,STAT3,True,False,6
k562+IFNG_BATF2,0.0139663555,0.0069966707,1.996143,0.99684936,0.4641204,0.8628423638080103,0.3688992135238861,0.9973314656224385,0.9980133532522021,0.9993167550037867,2274,1222,,,,,,,,,,,,,k562+IFNG_BATF2,k562+IFNG,BATF2,True,False,6
k562+IFNG_GUK1,0.0146724805,0.018956954,0.7739894,0.995949,0.46982676,0.8734371745322402,0.3411313504037213,0.9966095530780894,0.9955519958009719,1.0010622823133077,2121,1294,0.1228826493024826,0.2304968237876892,0.5331208109855652,0.7269574999809265,0.3507603108882904,0.6869230769230769,0.47846153846153844,0.9486346743341121,0.9720429199526271,0.9759185061296924,24.0,1.0,k562+IFNG_GUK1,k562+IFNG,GUK1,True,False,6
k562+IFNG_STAT3,0.010962822,0.009393782,1.1670295,0.99618965,0.39266044,0.876143416494865,0.35113118411206196,0.9969551336469981,0.9972725608055698,0.99968170471038,2254,1212,0.18639926612377167,0.3504643142223358,0.5318637490272522,-0.09107892960309982,0.6714719533920288,0.28571428571428575,0.9047619047619048,0.650779784547508,0.6154156641440991,1.057463796363702,6.0,2.0,k562+IFNG_STAT3,k562+IFNG,STAT3,True,False,6
k562+INS_EIF2B1,0.007322699,0.004322144,1.6942283,0.9973678,0.38502583,0.8993839657667388,0.29718927732571654,0.997966455777858,0.9987355213356506,0.9992299607439975,2483,1608,0.1739562749862671,0.21039968729019165,0.8267896175384521,0.9910488128662109,0.5766204595565796,0.942857142857143,0.6571428571428573,0.9789548816720847,0.9122813825742808,1.0730843579309535,5.0,1.0,k562+INS_EIF2B1,k562+INS,EIF2B1,True,False,6
k562+INS_IRS2,0.0064507155,0.0039397683,1.6373338,0.9975686,0.40588215,0.9107013845236774,0.32276870633130317,0.9981310153940526,0.998866636629038,0.9992635440928651,2590,1648,0.1878032237291336,0.25642985105514526,0.7323765754699707,0.5657339096069336,0.6197575330734253,0.8999999999999998,0.49999999999999994,0.7577437404369303,0.6655153738003322,1.1385818724366064,4.0,1.0,k562+INS_IRS2,k562+INS,IRS2,True,False,6
k562+INS_SGK1,0.00863118,0.005427062,1.5903964,0.9969607,0.383371,0.9084084597587629,0.2593592068785527,0.9976415416573468,0.9984269134277802,0.9992133908252361,2417,1730,0.05428468436002731,0.05910646170377731,0.9184221625328064,-0.35311731696128845,0.34159740805625916,-0.19999999999999998,0.39999999999999997,0.5804484422865098,0.5764521090744419,1.0069326369860707,4.0,1.0,k562+INS_SGK1,k562+INS,SGK1,True,False,6
k562+INS_TAF3,0.009063197,0.009261325,0.978607,0.996513,0.4562,0.8780775927402903,0.3917817035635721,0.99727009504347,0.9973641805903903,0.9999056658051779,2570,1387,0.0823594480752945,0.17048481106758118,0.4830896556377411,0.7428622245788574,0.556053638458252,0.5276923076923077,0.3915384615384615,0.7982125823748569,0.7236575548888973,1.1030252872816426,23.0,2.0,k562+INS_TAF3,k562+INS,TAF3,True,False,6
k562+TGFB_RAF1,0.020275723,0.040797144,0.49698877,0.9929492,0.66994834,0.8413901831362571,0.5917782775981887,0.9939838707848381,0.9907934787423622,1.0032200373851123,2398,732,0.24051466584205627,0.5682325959205627,0.42326799035072327,0.8370093107223511,0.8180184960365295,0.8638461538461538,0.43769230769230766,0.943092688173672,0.9609764237320493,0.9813900371364742,25.0,0.0,k562+TGFB_RAF1,k562+TGFB,RAF1,True,False,6
k562+TGFB_SMAD2,0.013528056,0.006264997,2.1593077,0.99572533,0.26219785,0.8643307604207664,0.27419690305611516,0.9965573019721862,0.998113822244655,0.9984405383055729,2052,1260,,,,,,,,,,,,,k562+TGFB_SMAD2,k562+TGFB,SMAD2,True,False,6
k562+TGFB_SMAD3,0.0103264395,0.008609743,1.19939,0.996406,0.400752,0.8774275215641323,0.31978955954286636,0.9971309637972124,0.9975337489552197,0.9995962190167208,2035,1195,,,,,,,,,,,,,k562+TGFB_SMAD3,k562+TGFB,SMAD3,True,False,6
k562+TNFA_MAPK8,0.004640533,0.0021421951,2.1662514,0.9985304,0.2879954,0.9065824775545935,0.2542955693014835,0.9988599694147,0.9993879858342394,0.9994716602290364,2366,1579,,,,,,,,,,,,,k562+TNFA_MAPK8,k562+TNFA,MAPK8,True,False,6
mcf7+IFNB_ADAR,0.05990113,0.0054984745,10.894136,0.9870633,0.20162043,0.7124270398904846,0.1989850142385389,0.9895761240592184,0.9985895482416837,0.9909738448611483,2405,1572,0.0701766237616539,0.11361466348171234,0.6176722645759583,0.5083670616149902,0.4619210958480835,0.4746153846153846,0.7223076923076923,0.6729844166938118,0.7585717688889451,0.8871730326578193,21.0,4.0,mcf7+IFNB_ADAR,mcf7+IFNB,ADAR,False,False,6
mcf7+IFNB_AKT1,0.036583,0.0050639138,7.224254,0.9882554,0.1507939,0.7837250404545768,0.15624485191172283,0.9907395959816777,0.9987742878213964,0.9919554478547454,2249,1713,0.03956883028149605,0.03265013545751572,1.2119040489196777,0.6735766530036926,-0.09833682328462601,0.30198115580731577,-0.10461538461538461,0.8094789653559377,0.9695034282705696,0.8349418287255688,17.0,8.0,mcf7+IFNB_AKT1,mcf7+IFNB,AKT1,False,True,6
mcf7+IFNB_BATF2,0.037971422,0.004346857,8.735374,0.9897478,0.26939303,0.7483644231364022,0.1973122636745071,0.9918889383334557,0.9988612471931225,0.9930197423523441,2279,1738,0.006533839274197817,0.017252370715141296,0.3787212371826172,0.5107083916664124,0.3360283374786377,0.6181818181818182,0.41818181818181827,0.676087911720618,0.9480005353589341,0.713172499912815,10.0,1.0,mcf7+IFNB_BATF2,mcf7+IFNB,BATF2,False,False,6
mcf7+IFNB_BRD9,0.039644323,0.0037362885,10.610616,0.98777777,0.02496203,0.7818602153051917,0.09266032446752322,0.9904017725855109,0.9990561134382832,0.9913374827135705,2178,1786,0.02045941725373268,0.024091072380542755,0.8492530584335327,0.6062270998954773,-0.4503018856048584,0.3714285714285715,-0.5428571428571429,0.809117706278825,0.969468467399822,0.8345993020783149,5.0,1.0,mcf7+IFNB_BRD9,mcf7+IFNB,BRD9,False,True,6
mcf7+IFNB_CEBPB,0.04091591,0.0126232235,3.2413204,0.9890442,0.2873606,0.7556620796055981,0.1911854867455422,0.9913636655192382,0.9966802332160933,0.994665723750034,2300,1666,0.18585090339183807,0.439320832490921,0.4230414032936096,0.951301097869873,0.7735776305198669,0.8315384615384616,0.7838461538461537,0.9659755924687327,0.8929566647698984,1.0817720843347423,20.0,5.0,mcf7+IFNB_CEBPB,mcf7+IFNB,CEBPB,False,True,6
mcf7+IFNB_CEBPG,0.043334544,0.0052578365,8.241897,0.9879595,0.15913996,0.7507893201359644,0.18086200343914532,0.9904851676109506,0.9986560966958073,0.991818075199369,2287,1680,0.02192140370607376,0.037982963025569916,0.57713782787323,0.6344056129455566,0.4445318579673767,0.6408808582721628,0.1902879728966686,0.8025223326412643,0.9768561044740167,0.82153587305817,17.0,5.0,mcf7+IFNB_CEBPG,mcf7+IFNB,CEBPG,False,False,6
mcf7+IFNB_CRKL,0.046670567,0.0049610627,9.407373,0.98854965,0.2564081,0.7273890044613474,0.231189579896721,0.9908763232136789,0.9987471071764534,0.992119342417896,2386,1585,0.08149535953998566,0.08448446542024612,0.9646194577217102,0.7664118409156799,0.35018008947372437,0.464935064935065,-0.11688311688311687,0.8330034047416005,0.979304854876485,0.8506068366695304,15.0,6.0,mcf7+IFNB_CRKL,mcf7+IFNB,CRKL,False,True,6
mcf7+IFNB_DRAP1,0.03772639,0.0057440638,6.567892,0.98907065,0.20755266,0.7707745195805269,0.15758485324234475,0.9914181709227163,0.9984923798886625,0.9929151097109675,2270,1756,0.06428568810224533,0.03877344727516174,1.6579822301864624,0.7420182824134827,-0.31503596901893616,0.3736842105263158,-0.22807017543859648,0.8524305417815249,0.9798009044577917,0.8700038323124923,12.0,7.0,mcf7+IFNB_DRAP1,mcf7+IFNB,DRAP1,False,True,6
mcf7+IFNB_DTX3L,0.03772906,0.0026452667,14.2628565,0.9893583,0.15471886,0.77580028398085,0.14149667659310572,0.9916721584165333,0.9993053436190213,0.9923615086707691,2277,1815,0.21811436116695404,0.16909505426883698,1.2898920774459839,-0.1374204456806183,-0.5652081966400146,0.5,-0.5,0.9113132695288538,0.9950199678425891,0.9158743532602378,1.0,2.0,mcf7+IFNB_DTX3L,mcf7+IFNB,DTX3L,False,True,6
mcf7+IFNB_ELK1,0.03996206,0.0038629996,10.344827,0.9894521,0.20066878,0.7744594643407678,0.1495629648507799,0.9917425556495518,0.9989875142577264,0.9927476985399986,2297,1846,0.04586120322346687,0.033569302409887314,1.3661649227142334,0.9855496287345886,0.984549880027771,1.0,1.0,0.9921186816500093,0.744471500299381,1.3326483031936611,2.0,1.0,mcf7+IFNB_ELK1,mcf7+IFNB,ELK1,False,True,6
mcf7+IFNB_ETS1,0.038819753,0.003433426,11.306419,0.9889,0.1388152,0.7707618470488559,0.11067640606948267,0.9912862754683481,0.9991045561405613,0.9921747122218977,2221,1774,0.02774612419307232,0.06346751749515533,0.43717047572135925,0.8224322199821472,0.5313057899475098,0.4125874125874127,0.30069930069930073,0.8803646032382461,0.9863215212077485,0.8925736530216248,10.0,2.0,mcf7+IFNB_ETS1,mcf7+IFNB,ETS1,False,True,6
mcf7+IFNB_ETS2,0.035304744,0.0047438457,7.44222,0.9900808,0.2862659,0.7758103253109745,0.19120563057926818,0.9922350382590507,0.99875490896605,0.9934720013403999,2275,1776,0.01837395317852497,0.039862338453531265,0.46093514561653137,0.9317650198936462,0.7670425772666931,-0.04195804195804196,0.4685314685314686,0.909332221523162,0.7987088094167123,1.1385028070333125,7.0,5.0,mcf7+IFNB_ETS2,mcf7+IFNB,ETS2,False,True,6
mcf7+IFNB_FOS,0.03960544,0.0037332817,10.608747,0.989231,0.21149811,0.7591329313412452,0.1564850391925671,0.9915256987262631,0.9990302049373178,0.992488208891016,2272,1727,0.12789218127727509,0.08338523656129837,1.5337508916854858,0.13594263792037964,-0.9260796308517456,0.6000000000000001,-0.7999999999999999,0.47743656192079276,0.6983185770232128,0.6836944879169702,3.0,1.0,mcf7+IFNB_FOS,mcf7+IFNB,FOS,False,True,6
mcf7+IFNB_H1F0,0.03926375,0.0024685266,15.905744,0.988625,0.095076375,0.7734826092578686,0.11224491881139201,0.9910840200225665,0.9993633824068584,0.9917153634703405,2221,1805,0.02463352680206299,0.027420060709118843,0.8983761072158813,0.9949115514755249,-0.8526453375816345,1.0,-1.0,0.9746032526677256,0.978494527340711,0.9960232024152851,2.0,1.0,mcf7+IFNB_H1F0,mcf7+IFNB,H1F0,False,True,6
mcf7+IFNB_HERC5,0.03774024,0.0054182825,6.9653516,0.9885038,0.15463239,0.7695050843470184,0.12358163100461683,0.9909653057371752,0.9985957280726326,0.9923588474084656,2200,1797,0.05151977762579918,0.06799870729446411,0.7576581835746765,0.8581562042236328,0.514091432094574,0.5158102766798419,0.38142292490118584,0.8364689802623726,0.7739608761821067,1.0807639068122072,16.0,7.0,mcf7+IFNB_HERC5,mcf7+IFNB,HERC5,False,True,6
mcf7+IFNB_HERC6,0.03753717,0.004637408,8.094429,0.98950255,0.22794133,0.7645726517246306,0.15873873396894234,0.9917575092508896,0.9987846475696499,0.992964310839319,2250,1768,0.02536097727715969,0.1197870671749115,0.2117171585559845,0.9884485006332397,0.8304892778396606,0.5874125874125874,0.3846153846153847,0.989795289767791,0.9887371719118848,1.0010701710079941,9.0,3.0,mcf7+IFNB_HERC6,mcf7+IFNB,HERC6,False,True,6
mcf7+IFNB_HES4,0.044488527,0.0050966525,8.72897,0.98704493,0.02308825,0.7642810336847758,0.12646321253386908,0.9897990710855663,0.9987108650373293,0.991076702713723,2262,1712,0.03351664915680885,0.033206239342689514,1.009347915649414,0.3481271266937256,0.45794764161109924,0.3915384615384615,0.23076923076923078,0.5947055463801159,0.9797971729657328,0.606968016227288,18.0,7.0,mcf7+IFNB_HES4,mcf7+IFNB,HES4,False,True,6
mcf7+IFNB_ID1,0.09316699,0.03153135,2.9547417,0.9786364,0.25859314,0.6454122827634841,0.2553606983469483,0.9821247491242038,0.9917195725445719,0.9903250639737304,2430,1484,1.5046894550323486,1.5311552286148071,0.9827151894569397,0.7178369164466858,0.5347322821617126,0.7369230769230769,0.5384615384615384,0.9217210711142914,0.8970019796221372,1.0275574547812782,16.0,9.0,mcf7+IFNB_ID1,mcf7+IFNB,ID1,False,True,6
mcf7+IFNB_ID2,0.040835634,0.005204003,7.8469663,0.9871,0.015382025,0.7752581922221654,0.10003190134381071,0.9898406139972801,0.9987015356983503,0.9911275577493989,2221,1751,0.067448191344738,0.042135488241910934,1.600745439529419,0.9233407974243164,-0.4433861970901489,0.703076923076923,0.12538461538461537,0.941148607732209,0.9808781856502947,0.9594959104001828,18.0,7.0,mcf7+IFNB_ID2,mcf7+IFNB,ID2,False,True,6
mcf7+IFNB_ID3,0.065397084,0.0064753876,10.099331,0.9871558,0.35195476,0.6645391748468121,0.27656496948858755,0.9892131628027633,0.9983257512458537,0.990872129230646,2483,1481,0.0332595519721508,0.11124028265476227,0.29898837208747864,0.6381801962852478,0.7194507122039795,0.7784615384615384,0.3853846153846154,0.8020910786302873,0.9795692633332155,0.8188201780657992,22.0,3.0,mcf7+IFNB_ID3,mcf7+IFNB,ID3,False,False,6
mcf7+IFNB_IFI16,0.04565011,0.038555827,1.1840003,0.9845747,0.54363865,0.7008812499062242,0.4997129405438594,0.9874705016654997,0.9920017619825643,0.9954322053743043,2754,1106,0.09000895172357559,0.20355525612831116,0.44218435883522034,0.576233983039856,0.015602621249854565,0.5224989854985261,-0.08923076923076922,0.7870178480331095,0.8722465557559005,0.9022882840174351,23.0,2.0,mcf7+IFNB_IFI16,mcf7+IFNB,IFI16,False,True,6
mcf7+IFNB_IFNAR1,0.0280358,0.014335757,1.9556555,0.9906265,0.62198704,0.8020976988550967,0.29003183897885354,0.9926410976561593,0.9962816995153965,0.9963458107671676,2320,1619,0.16330955922603607,0.2615026831626892,0.6245043277740479,0.9072752594947815,0.6169677972793579,0.7961538461538461,0.5192307692307693,0.9277316693153358,0.8722390883885279,1.0636208370681153,19.0,6.0,mcf7+IFNB_IFNAR1,mcf7+IFNB,IFNAR1,False,True,6
mcf7+IFNB_IFNAR2,0.037858605,0.008833571,4.285764,0.98676884,0.4629078,0.7986837300090247,0.18146728839998122,0.9895453182654423,0.9979050564813907,0.9916227118385142,2227,1697,0.04664839804172516,0.08391377329826355,0.555908739566803,0.6564455032348633,0.5140878558158875,0.48307692307692307,0.4876923076923077,0.8471603014715806,0.9687515460443197,0.8744866575240786,20.0,5.0,mcf7+IFNB_IFNAR2,mcf7+IFNB,IFNAR2,False,True,6
mcf7+IFNB_IRF1,0.037015114,0.0040295133,9.186001,0.98927927,0.22472987,0.7872023188632495,0.13749971986195414,0.991631731948823,0.9989428725817335,0.9926811223808873,2270,1845,0.6587939262390137,0.18287290632724762,3.602468729019165,-0.2287413775920868,-0.7210224270820618,0.07142857142857144,-0.8571428571428573,0.38221178796470134,0.945940983583257,0.4040545812032268,1.0,6.0,mcf7+IFNB_IRF1,mcf7+IFNB,IRF1,False,True,6
mcf7+IFNB_IRF3,0.05292965,0.008326984,6.356401,0.9853799,0.14698827,0.7191379160707164,0.20885373616153166,0.9882775602482751,0.9979182044939455,0.9903392440359785,2386,1535,0.3373606503009796,0.18377317488193512,1.835744857788086,0.6430519819259644,-0.33210986852645874,0.7369230769230769,0.04923076923076923,0.6759381973933515,0.8437217218211505,0.801138787720621,21.0,4.0,mcf7+IFNB_IRF3,mcf7+IFNB,IRF3,False,True,6
mcf7+IFNB_IRF7,0.041603554,0.0074307234,5.5988564,0.986652,0.07122634,0.7763693033634221,0.12854073137475927,0.9894398144862983,0.9981833319311374,0.9912405695776111,2224,1704,0.08900434523820877,0.08458373695611954,1.0522631406784058,0.8022398948669434,0.3033669590950012,0.7976923076923076,0.06076923076923077,0.9202259874208139,0.9663847211346731,0.9522356544920719,17.0,8.0,mcf7+IFNB_IRF7,mcf7+IFNB,IRF7,False,True,6
mcf7+IFNB_IRF9,0.042487957,0.022908168,1.8547077,0.9846381,0.29916215,0.7632503949011546,0.3096837514798967,0.9876113294529241,0.9950210887859778,0.9925531635293334,2467,1404,0.0720500499010086,0.1217142641544342,0.591960608959198,0.455287903547287,0.35409265756607056,0.4935356271006034,0.3069230769230769,0.8099121350737046,0.9331568253162886,0.8679271405416653,19.0,6.0,mcf7+IFNB_IRF9,mcf7+IFNB,IRF9,False,True,6
mcf7+IFNB_JAK1,0.04202896,0.0024891167,16.88509,0.9864713,0.17296824,0.8022208173491492,0.1613533118094198,0.9894085369209942,0.9993599439991835,0.9900422193845729,2305,1728,0.3673544228076935,0.02314816042780876,15.869702339172363,0.7696667909622192,-0.76353520154953,0.7999999999999999,-0.7999999999999999,0.8800535986788577,0.9619955457045637,0.9148208664878049,2.0,2.0,mcf7+IFNB_JAK1,mcf7+IFNB,JAK1,False,True,6
mcf7+IFNB_JUN,0.03780236,0.00382434,9.884676,0.9891741,0.18041936,0.7695693842025536,0.14659723801393532,0.9915145795309409,0.9990015334881192,0.9925055630985502,2227,1797,0.0075477175414562225,0.01861073262989521,0.405557245016098,-0.1893363893032074,-0.33603888750076294,0.39999999999999997,-0.6000000000000001,0.5101758440883895,0.9801143650624313,0.5205268510230358,3.0,1.0,mcf7+IFNB_JUN,mcf7+IFNB,JUN,False,True,6
mcf7+IFNB_MAP3K14,0.041183356,0.004481052,9.190556,0.98801273,0.08138433,0.7706949078738105,0.1285579320537734,0.990563720770014,0.9988532615628627,0.991700942358762,2257,1740,0.16628898680210114,0.08481816947460175,1.960534930229187,0.48264726996421814,0.4533977508544922,0.4723076923076923,0.27,0.6805956566178295,0.9791387250430313,0.6950962506236474,19.0,6.0,mcf7+IFNB_MAP3K14,mcf7+IFNB,MAP3K14,False,True,6
mcf7+IFNB_MAPK8,0.036609698,0.005468508,6.6946406,0.9894669,0.2510907,0.7710332838663497,0.19744467652970163,0.9917379475734424,0.998573141573281,0.9931550392101778,2292,1737,0.031822316348552704,0.05955486372113228,0.5343361496925354,0.7942107319831848,0.7370105981826782,0.6403508771929824,0.5140350877192983,0.8598684717974225,0.6904718834429394,1.2453345203715047,15.0,4.0,mcf7+IFNB_MAPK8,mcf7+IFNB,MAPK8,False,False,6
mcf7+IFNB_MAPK14,0.03868437,0.0048915367,7.908429,0.9881977,0.13442631,0.7708332814155424,0.16719491438475073,0.9907113069223753,0.9987840990039156,0.9919173802530584,2290,1668,0.057654768228530884,0.03040475770831108,1.8962416648864746,0.4166981279850006,-0.07949922233819962,0.53,-0.06076923076923077,0.7180409547227956,0.9712705627463457,0.7392800546662065,19.0,6.0,mcf7+IFNB_MAPK14,mcf7+IFNB,MAPK14,False,True,6
mcf7+IFNB_MEF2A,0.038553752,0.004270757,9.027381,0.98911774,0.2042755,0.7593578319193438,0.15562617250092614,0.9914318591639599,0.9989005615254499,0.9925230772219366,2295,1705,0.012988759204745293,0.016505636274814606,0.7869287133216858,0.6466202139854431,0.2323381006717682,0.5735294117647058,0.19705882352941176,0.8114301442933908,0.9136287191743683,0.8881399273729784,13.0,3.0,mcf7+IFNB_MEF2A,mcf7+IFNB,MEF2A,False,True,6
mcf7+IFNB_MYC,0.039715465,0.004750155,8.360878,0.98840046,0.12848756,0.7776658684134815,0.15905389794431393,0.9908987271340445,0.9987702945238133,0.9921187409828586,2273,1725,0.13186855614185333,0.028441859409213066,4.636425495147705,0.34737396240234375,0.03899228572845459,0.48517786561264825,-0.10869565217391304,0.5625602184725673,0.9680477974539308,0.5811285557925557,18.0,5.0,mcf7+IFNB_MYC,mcf7+IFNB,MYC,False,True,6
mcf7+IFNB_NFE2L3,0.03963571,0.002521724,15.717704,0.98892975,0.14193544,0.7602515442747608,0.14591650674221232,0.99129657006479,0.9993545026788068,0.991936862652425,2272,1762,0.04658377915620804,0.027768313884735107,1.677587628364563,,,,,,,,0.0,1.0,mcf7+IFNB_NFE2L3,mcf7+IFNB,NFE2L3,False,True,6
mcf7+IFNB_NFKB1,0.037729025,0.012914182,2.9215188,0.9869497,0.27933693,0.7557537945789942,0.29498091396763476,0.9896227548048415,0.9971991794732524,0.9924022955249392,2494,1392,0.03552054241299629,0.09756851196289062,0.3640574514865875,0.8082337975502014,0.5942304134368896,0.5230769230769231,0.26692307692307693,0.8945034252349908,0.9677997753014669,0.9242649647819514,22.0,3.0,mcf7+IFNB_NFKB1,mcf7+IFNB,NFKB1,False,True,6
mcf7+IFNB_PARP12,0.037962712,0.0031266115,12.141807,0.98874617,0.1203938,0.7841932123467065,0.11329570214860286,0.9911779638018118,0.9991916858360304,0.9919797951205794,2202,1856,0.010568615049123764,0.2730662226676941,0.03870348632335663,0.9931174516677856,0.9498443007469177,0.6,0.8999999999999998,0.9950912814831426,0.9897022658650384,1.0054450876834096,5.0,0.0,mcf7+IFNB_PARP12,mcf7+IFNB,PARP12,False,True,6
mcf7+IFNB_POU2F1,0.048885237,0.043361027,1.1274004,0.9813085,0.44148785,0.7168521539637712,0.4716778382729663,0.9848557073587755,0.9913382949529385,0.9934607715376609,2718,1135,0.22176258265972137,0.28995904326438904,0.7648065686225891,0.8471919298171997,0.19979551434516907,0.4943258410349055,0.3923076923076923,0.8749924276996923,0.9105822694500891,0.9609152923964905,23.0,2.0,mcf7+IFNB_POU2F1,mcf7+IFNB,POU2F1,False,True,6
mcf7+IFNB_RAP1GAP,0.037881345,0.002433321,15.567755,0.98901576,0.11205746,0.7793028149322099,0.10572466460636494,0.9914027236534337,0.9993634514522982,0.9920342015837224,2230,1815,0.021952619776129723,0.015362647362053394,1.4289606809616089,,,,,,,,0.0,1.0,mcf7+IFNB_RAP1GAP,mcf7+IFNB,RAP1GAP,False,True,6
mcf7+IFNB_RAPGEF1,0.038678862,0.0057498184,6.726971,0.9884608,0.17324603,0.7591042635568782,0.174159859264801,0.9908919354732445,0.998560060214269,0.9923208176988582,2318,1643,0.20931589603424072,0.09290092438459396,2.2531089782714844,0.3631890118122101,0.28996288776397705,0.5746153846153847,0.2823076923076923,0.6869381558262424,0.9809197997659986,0.7003000204401151,18.0,7.0,mcf7+IFNB_RAPGEF1,mcf7+IFNB,RAPGEF1,False,True,6
mcf7+IFNB_RNF114,0.034793004,0.0036064729,9.647377,0.98916787,0.18487696,0.7753704371632085,0.15414600202987702,0.991497054171031,0.9990816774749444,0.9924084051635472,2254,1754,0.013874181546270847,0.029642770066857338,0.46804603934288025,0.2200198918581009,0.4803958535194397,0.19230769230769232,0.4340659340659341,0.7358540768736141,0.9612681388760459,0.765503450196534,11.0,2.0,mcf7+IFNB_RNF114,mcf7+IFNB,RNF114,False,True,6
mcf7+IFNB_SMARCA5,0.038387578,0.005159332,7.4404163,0.9892654,0.22301427,0.751137323215574,0.1874404028613256,0.9915133733616148,0.9986469612550155,0.9928567470085367,2286,1722,0.013521196320652962,0.05157605558633804,0.2621603310108185,0.7425035238265991,0.7646746039390564,0.44117647058823534,0.7970588235294117,0.8415953365563865,0.8696106880416844,0.967784030405161,13.0,3.0,mcf7+IFNB_SMARCA5,mcf7+IFNB,SMARCA5,False,True,6
mcf7+IFNB_SOCS1,0.041067988,0.0041928575,9.794749,0.9879006,0.047393806,0.772038161776389,0.1137263869945719,0.9904916576504883,0.9989352646269094,0.9915473932341605,2232,1767,0.04871361702680588,0.026442352682352066,1.8422572612762451,0.21576052904129028,0.007496397942304611,0.25980392156862747,0.04901960784313726,0.5406111860062929,0.9426774039747251,0.5734848249537416,13.0,4.0,mcf7+IFNB_SOCS1,mcf7+IFNB,SOCS1,False,True,6
mcf7+IFNB_SP100,0.037302654,0.005926568,6.294141,0.9883275,0.16987434,0.7757732279814252,0.14917560049566472,0.9907876966319792,0.9985099716853206,0.9922662013677164,2213,1751,0.1607518196105957,0.09357895702123642,1.717820167541504,0.5634382367134094,0.20940250158309937,0.6692307692307693,0.06076923076923077,0.7346961036269444,0.9753045109158772,0.7532991956912153,18.0,7.0,mcf7+IFNB_SP100,mcf7+IFNB,SP100,False,True,6
mcf7+IFNB_SP110,0.04689685,0.004568677,10.264864,0.98811644,0.18930958,0.7254447125077784,0.2036511361305511,0.9905235462102755,0.9988338745416336,0.9916799694692255,2345,1611,0.022361760959029198,0.0280161015689373,0.7981753349304199,0.4520849585533142,0.3908027112483978,0.57,0.2884615384615385,0.6738404433460883,0.9699621019913698,0.6947080117487763,19.0,6.0,mcf7+IFNB_SP110,mcf7+IFNB,SP110,False,True,6
mcf7+IFNB_STAT1,0.04692031,0.004102779,11.436227,0.98490113,0.07999894,0.7991372424279559,0.1136442558746598,0.9881934553308992,0.998922295751035,0.9892595845885397,2217,1823,0.2647067904472351,0.35736945271492004,0.7407090663909912,0.9112681150436401,0.7106910347938538,0.8499999999999999,0.65,0.9535251262856546,0.9245436350457213,1.0313468073775662,8.0,1.0,mcf7+IFNB_STAT1,mcf7+IFNB,STAT1,False,True,6
mcf7+IFNB_STAT2,0.026898563,0.021048492,1.277933,0.99127907,0.65535134,0.7650289256398177,0.301056410411395,0.993074288144228,0.9946084515436174,0.9984575202462754,2391,1513,0.30326375365257263,0.815552294254303,0.37185078859329224,0.8283218145370483,0.8305690288543701,0.8176923076923077,0.7846153846153846,0.9424685073332442,0.9862466530444438,0.9556113619487976,23.0,2.0,mcf7+IFNB_STAT2,mcf7+IFNB,STAT2,False,True,6
mcf7+IFNB_STAT3,0.0424295,0.0032959103,12.873378,0.9875325,0.117047966,0.779793323783197,0.13390980779770167,0.9901992792872953,0.9991377400602041,0.9910538252990322,2259,1779,,,,,,,,,,,,,mcf7+IFNB_STAT3,mcf7+IFNB,STAT3,False,False,6
mcf7+IFNB_STAT4,0.035928234,0.00444431,8.084097,0.9894029,0.22620007,0.7706037023209472,0.1788657310605158,0.9916625699102632,0.998858170838807,0.9927961735323233,2274,1711,0.021016016602516174,0.032555025070905685,0.645553708076477,0.6438571214675903,0.3879691958427429,0.5871489468859977,-0.04769230769230769,0.7822245364393333,0.9576177983405965,0.8168441916961103,17.0,8.0,mcf7+IFNB_STAT4,mcf7+IFNB,STAT4,False,True,6
mcf7+IFNB_STAT5A,0.03703805,0.0036986207,10.014017,0.98882407,0.14696966,0.7853719066708345,0.11731345634351979,0.9912309374055529,0.9990378654261329,0.9921855534301995,2213,1836,0.018767019733786583,0.028565268963575363,0.6569873094558716,0.7305586934089661,0.24466854333877563,0.7846153846153847,0.0989010989010989,0.888222175762103,0.9909833607728167,0.8963038239808835,9.0,5.0,mcf7+IFNB_STAT5A,mcf7+IFNB,STAT5A,False,True,6
mcf7+IFNB_STAT6,0.04152724,0.007132732,5.822067,0.98798144,0.1956976,0.7495970207417464,0.2072866786766835,0.990493624422637,0.9981717273223792,0.9923078337228215,2337,1609,0.08340282738208771,0.05531831085681915,1.507689356803894,0.08190792798995972,-0.022453082725405693,0.5746153846153847,0.011538461538461539,0.33965455591624005,0.5417023234567195,0.6270132897877029,19.0,6.0,mcf7+IFNB_STAT6,mcf7+IFNB,STAT6,False,True,6
mcf7+IFNB_TRAFD1,0.03925267,0.0047854865,8.20244,0.9881479,0.08525926,0.7726899002431458,0.10527202894641956,0.9906791868384093,0.9987678856519652,0.9919013226899303,2203,1790,0.020598335191607475,0.028816869482398033,0.7148012518882751,0.5589473247528076,0.5964668989181519,0.41589267285861714,0.1455108359133127,0.7458884816166923,0.9736284480273611,0.7660915035175011,14.0,4.0,mcf7+IFNB_TRAFD1,mcf7+IFNB,TRAFD1,False,True,6
mcf7+IFNB_TRIM21,0.048935674,0.007672685,6.3779073,0.9881532,0.34070402,0.7039863153572624,0.2968176153653546,0.9903798485051184,0.9980650250273012,0.9922999240235149,2469,1446,0.12640982866287231,0.16335062682628632,0.7738558053970337,0.8273469805717468,0.5997093319892883,0.5523076923076923,0.6761538461538462,0.8626131553674454,0.8630149738131991,0.9995344015365362,20.0,5.0,mcf7+IFNB_TRIM21,mcf7+IFNB,TRIM21,False,True,6
mcf7+IFNB_TRIM22,0.03702026,0.0057457676,6.4430485,0.9889237,0.24557972,0.762525006587022,0.2162303104748063,0.9912679873217499,0.9985567285822669,0.992700723902922,2298,1640,0.046763982623815536,0.12481144815683365,0.37467703223228455,0.9352275729179382,0.7038266658782959,0.5354876036736097,0.24153846153846154,0.9502272459166372,0.9858063954115573,0.9639085832060701,19.0,6.0,mcf7+IFNB_TRIM22,mcf7+IFNB,TRIM22,False,True,6
mcf7+IFNB_TYK2,0.028206432,0.010670727,2.6433468,0.9906909,0.66805494,0.8013320336457329,0.2898922194219151,0.9926891772844681,0.9972386240232266,0.995437955741822,2394,1584,0.157012477517128,0.3180586099624634,0.4936589300632477,0.7824414372444153,0.8657784461975098,0.7192307692307691,0.8446153846153847,0.8693086758339559,0.9665744193751251,0.899370662422403,20.0,5.0,mcf7+IFNB_TYK2,mcf7+IFNB,TYK2,False,True,6
mcf7+IFNB_UBA7,0.03937822,0.007186165,5.4797263,0.9872769,0.10759406,0.7745930549366556,0.16886163815884278,0.9899506368215686,0.9982567314707712,0.9916794003112156,2326,1605,0.0728200301527977,0.09810331463813782,0.7422789931297302,0.6774051785469055,0.36141371726989746,0.586923076923077,0.2123076923076923,0.8597313472090499,0.9781032008170105,0.8789781553632741,19.0,6.0,mcf7+IFNB_UBA7,mcf7+IFNB,UBA7,False,True,6
mcf7+IFNB_UBE2L6,0.04214556,0.009091094,4.635917,0.9868119,0.13509737,0.7505661106644514,0.18944398482113414,0.98953876466855,0.9977710069384852,0.991749367126637,2324,1571,0.04701874777674675,0.11029527336359024,0.4262988567352295,0.7703279852867126,0.7001324892044067,0.7376923076923076,0.3392307692307693,0.9171109822687307,0.984012601190327,0.9320114205441398,19.0,6.0,mcf7+IFNB_UBE2L6,mcf7+IFNB,UBE2L6,False,False,6
mcf7+IFNB_USP18,0.054758336,0.0060479585,9.05402,0.9858144,-0.04086233,0.7339613213724457,0.10288708902572007,0.9888703743431085,0.9984124125998907,0.9904427888351924,2251,1802,0.10792168229818344,0.04856284707784653,2.2223095893859863,0.09474553912878036,-0.396579772233963,0.28571428571428575,-0.09523809523809526,0.40334328603120695,0.5688461008769797,0.7090552003597808,5.0,3.0,mcf7+IFNB_USP18,mcf7+IFNB,USP18,False,True,6
mcf7+IFNB_VAV1,0.03857374,0.0043090456,8.951805,0.98835236,0.096505284,0.7791012847897788,0.10504146106031392,0.9908688537919775,0.9988798789807944,0.9919799914310108,2220,1813,0.18221276998519897,0.07839012891054153,2.324435234069824,0.5746119618415833,0.271249383687973,0.5441176470588236,0.22303921568627455,0.6609186623833979,0.7912721989061118,0.8352608158065958,12.0,5.0,mcf7+IFNB_VAV1,mcf7+IFNB,VAV1,False,True,6
mcf7+IFNB_ZBP1,0.03648926,0.0032525142,11.218785,0.9898935,0.23852846,0.7650057006236606,0.14103933217235268,0.9920701975877871,0.999146512563384,0.9929176403193941,2249,1826,0.026830067858099937,0.012221473269164562,2.195321798324585,0.9530336260795593,-0.9414111375808716,1.0,-1.0,0.6330003772280147,0.996775541890718,0.635048063104877,2.0,1.0,mcf7+IFNB_ZBP1,mcf7+IFNB,ZBP1,False,True,6
mcf7+IFNB_ZNFX1,0.039436694,0.005677659,6.945943,0.98834825,0.18316495,0.7597478097153313,0.15795553723521397,0.9908095850806802,0.9985656636007159,0.9922327806745647,2267,1692,0.12160992622375488,0.12596599757671356,0.9654186964035034,0.861467719078064,0.6517230868339539,0.553076923076923,0.24692307692307694,0.8717100378259223,0.9837508856627527,0.8861085164245127,20.0,5.0,mcf7+IFNB_ZNFX1,mcf7+IFNB,ZNFX1,False,True,6
mcf7+IFNG_ATF3,0.02873573,0.0030079188,9.55336,0.99059623,0.15672264,0.84131285889142,0.16222095437023634,0.9925971751426502,0.9992164530514102,0.993375531509168,2020,1554,,,,,,,,,,,,,mcf7+IFNG_ATF3,mcf7+IFNG,ATF3,False,True,6
mcf7+IFNG_ATF5,0.03313614,0.0039634528,8.360423,0.9891784,0.013809566,0.8257049649710556,0.09933837309660784,0.991483348468824,0.9989889417018611,0.9924868104943677,1950,1630,0.022308096289634705,0.1231091171503067,0.1812058836221695,1.0,1.0,0.9999999999999999,0.9999999999999999,0.9968135809098,0.9833439277780259,1.0136978047570906,2.0,0.0,mcf7+IFNG_ATF5,mcf7+IFNG,ATF5,False,True,6
mcf7+IFNG_BATF2,0.030187678,0.0030223094,9.988281,0.9898541,0.14448608,0.8115057798195927,0.1645904940737648,0.991992862062525,0.9992069108544,0.9927802252831633,2088,1555,,,,,,,,,,,,,mcf7+IFNG_BATF2,mcf7+IFNG,BATF2,False,False,6
mcf7+IFNG_CEBPB,0.032026824,0.007190151,4.4542627,0.98915493,0.13844004,0.8172817428313153,0.13914596824345768,0.9914364269146415,0.9981446828830451,0.9932792749553827,1962,1583,0.08348802477121353,0.14063654839992523,0.593643844127655,0.6871151328086853,0.37750568985939026,0.6307692307692307,0.3010989010989011,0.8281347260081645,0.7659448143013309,1.0811937238109788,12.0,2.0,mcf7+IFNG_CEBPB,mcf7+IFNG,CEBPB,False,True,6
mcf7+IFNG_CEBPE,0.031158892,0.0033493782,9.302889,0.9896272,0.036905084,0.8284308163762674,0.1194378458419098,0.991853530771149,0.9991296007911634,0.992717591377282,1980,1590,,,,,,,,,,,,,mcf7+IFNG_CEBPE,mcf7+IFNG,CEBPE,False,True,6
mcf7+IFNG_CLK1,0.047125395,0.051639583,0.9125828,0.9831081,0.41777897,0.7467744577846596,0.4284922558190998,0.9862312373209979,0.9906041983863061,0.9955855617486462,2429,970,0.28460437059402466,0.3331519663333893,0.8542779088020325,0.4637027084827423,-0.08042988181114197,0.48692307692307696,0.04923076923076923,0.8774258687910084,0.9596839117040045,0.9142863166613479,16.0,9.0,mcf7+IFNG_CLK1,mcf7+IFNG,CLK1,False,True,6
mcf7+IFNG_CUL1,0.040722985,0.00854422,4.7661443,0.98667735,0.1697357,0.7473571723553721,0.15426221962510142,0.9891862074265029,0.997744377139058,0.9914224826432048,2037,1592,0.44299474358558655,0.5657768845558167,0.7829848527908325,0.9413000345230103,0.8087653517723083,0.7333333333333332,0.7696969696969697,0.9686451803043318,0.9281144159224071,1.0436700084457187,7.0,3.0,mcf7+IFNG_CUL1,mcf7+IFNG,CUL1,False,True,6
mcf7+IFNG_EHF,0.033081383,0.0046869474,7.0581937,0.9889656,0.029618472,0.817737857102575,0.06439782331891027,0.991306482623579,0.9988022223851913,0.9924952712422764,1886,1665,0.4624871015548706,0.2719675302505493,1.7005232572555542,1.0,-1.0,0.9999999999999999,-0.9999999999999999,0.9990954652089736,0.9970243193661847,1.0020773273054218,0.0,2.0,mcf7+IFNG_EHF,mcf7+IFNG,EHF,False,True,6
mcf7+IFNG_ETV7,0.029875647,0.002265238,13.1887455,0.9901362,0.05564423,0.8329952297303641,0.10559170237676475,0.9922902208456866,0.9994025042823668,0.9928834644638126,2061,1663,,,,,,,,,,,,,mcf7+IFNG_ETV7,mcf7+IFNG,ETV7,False,True,6
mcf7+IFNG_FBXO6,0.03429813,0.005812271,5.9009857,0.9886565,0.024325464,0.8161503475545621,0.07693858231752516,0.9910350346449028,0.9985532011682102,0.9924709404421198,1925,1596,0.03118397668004036,0.11902613937854767,0.2619926631450653,0.30859601497650146,0.9021812677383423,0.0,0.7999999999999999,0.9215676116356442,0.9871073906512426,0.9336042059493054,3.0,1.0,mcf7+IFNG_FBXO6,mcf7+IFNG,FBXO6,False,True,6
mcf7+IFNG_FMNL2,0.03352414,0.0044626687,7.5121284,0.9887746,-0.014184857,0.8124206445312169,0.04907296197743773,0.9911542864897658,0.9988704732446133,0.9922750877500832,1859,1684,0.4011837840080261,0.17024457454681396,2.3565144538879395,-1.0,1.0,-0.9999999999999999,0.9999999999999999,0.9879224582848253,0.9999136928450012,0.9880077304211548,0.0,2.0,mcf7+IFNG_FMNL2,mcf7+IFNG,FMNL2,False,True,6
mcf7+IFNG_FOXN3,0.029954914,0.002728201,10.979732,0.99017924,0.087252274,0.8350855412543102,0.11205564868173674,0.9922924504888548,0.9992896363224584,0.9929978400863294,1960,1668,,,,,,,,,,,,,mcf7+IFNG_FOXN3,mcf7+IFNG,FOXN3,False,True,6
mcf7+IFNG_GUK1,0.030684836,0.0036968002,8.300377,0.9896107,0.14323254,0.8357621149704595,0.15394282246663513,0.9918545358233,0.9990274701131006,0.992820083026357,2064,1569,0.024624766781926155,0.04998072236776352,0.4926852881908417,,,,,,,,1.0,0.0,mcf7+IFNG_GUK1,mcf7+IFNG,GUK1,False,False,6
mcf7+IFNG_HLA-DQB1,0.03108009,0.006363287,4.884282,0.98979974,0.13938525,0.8197597120692215,0.12268649486873065,0.9919199725206724,0.9984587593204998,0.9934511197996027,1906,1612,0.2673548758029938,0.26194334030151367,1.0206592082977295,0.9801424741744995,-0.5340334177017212,0.8999999999999998,-0.49999999999999994,0.9607851552840331,0.9949783803393522,0.9656342029827252,3.0,2.0,mcf7+IFNG_HLA-DQB1,mcf7+IFNG,HLA-DQB1,False,True,6
mcf7+IFNG_HLX,0.033794433,0.014485443,2.3329928,0.9880569,0.33085114,0.7523017780288651,0.30737715408617067,0.9904105888645475,0.9966340485126679,0.993755521740996,2246,1206,0.12675414979457855,0.27125346660614014,0.4672904312610626,0.8047139644622803,0.5182352066040039,0.7561538461538462,0.3161538461538462,0.8887658866443142,0.9677416323167068,0.9183917039062067,23.0,2.0,mcf7+IFNG_HLX,mcf7+IFNG,HLX,False,True,6
mcf7+IFNG_IFI16,0.042487744,0.037989076,1.11842,0.9838263,0.41213715,0.7313642019119193,0.43632023954190524,0.9868668708301506,0.9924861935724894,0.9943381351007898,2418,948,0.09295687079429626,0.28105849027633667,0.33073851466178894,0.6054472327232361,0.15869185328483582,0.42846153846153845,0.19692307692307692,0.873760107935264,0.9419017386894997,0.9276552659844928,24.0,1.0,mcf7+IFNG_IFI16,mcf7+IFNG,IFI16,False,True,6
mcf7+IFNG_IFNGR1,0.026126666,0.011333881,2.3051827,0.9914494,0.61864555,0.8492831379877938,0.2219062384757292,0.9932635346435915,0.9970599025158232,0.9961924375229085,2027,1512,0.49985527992248535,0.6762932538986206,0.7391102313995361,0.8822219967842102,0.9032250642776489,0.8638461538461538,0.9215384615384615,0.9345036302594224,0.9808740644851549,0.9527253947222352,25.0,0.0,mcf7+IFNG_IFNGR1,mcf7+IFNG,IFNGR1,False,True,6
mcf7+IFNG_IFNGR2,0.030843815,0.006527069,4.725523,0.99023235,0.54022574,0.851986641656704,0.23133105098420417,0.9923690117359432,0.998277780995783,0.9940810369895784,2193,1536,0.027650684118270874,0.10014890879392624,0.2760957181453705,-0.749667227268219,0.9402627348899841,-0.39999999999999997,1.0,0.6557548208680074,0.8461491403431995,0.7749872801407469,4.0,0.0,mcf7+IFNG_IFNGR2,mcf7+IFNG,IFNGR2,False,True,6
mcf7+IFNG_IRF1,0.027918097,0.0025115884,11.115713,0.9907305,0.21058561,0.8440488517427213,0.18217693651997757,0.9927576337839338,0.9993380822086882,0.9934151929743229,2112,1613,,,,,,,,,,,,,mcf7+IFNG_IRF1,mcf7+IFNG,IRF1,False,True,6
mcf7+IFNG_IRF2,0.03802176,0.016682856,2.2790916,0.9871212,0.16256614,0.7983375994070558,0.18816438591262907,0.9896621748443186,0.9963272960173585,0.993310309574291,2001,1430,0.29191088676452637,0.2391563355922699,1.2205860614776611,0.8090272545814514,0.025050979107618332,0.8070782992149663,0.1423076923076923,0.9177495258327185,0.954529918522644,0.9614675328911098,17.0,8.0,mcf7+IFNG_IRF2,mcf7+IFNG,IRF2,False,True,6
mcf7+IFNG_IRF5,0.029688416,0.0027855672,10.657943,0.9901068,0.09026407,0.8172185976710663,0.10780673370037225,0.9922386142460431,0.9992703197350886,0.9929631598675825,1965,1673,,,,,,,,,,,,,mcf7+IFNG_IRF5,mcf7+IFNG,IRF5,False,True,6
mcf7+IFNG_IRF7,0.032284074,0.0033289383,9.6980095,0.9891918,-0.030192958,0.8362386796979339,0.06131957794860332,0.9915121586157526,0.999133682264193,0.992371867965487,1944,1637,,,,,,,,,,,,,mcf7+IFNG_IRF7,mcf7+IFNG,IRF7,False,True,6
mcf7+IFNG_IRF9,0.047802266,0.028891787,1.6545278,0.98527586,0.18392763,0.7978248764419594,0.17134091060515513,0.9880321031265128,0.9940103713379377,0.9939857084153175,1970,1448,0.15289543569087982,0.20524419844150543,0.7449440360069275,0.4599432945251465,-0.23523950576782227,0.4653846153846154,-0.13076923076923078,0.8696942561598716,0.9486868817882073,0.9167347760944684,21.0,4.0,mcf7+IFNG_IRF9,mcf7+IFNG,IRF9,False,True,6
mcf7+IFNG_JAK1,0.032601696,0.0035295892,9.236683,0.9893736,0.2608045,0.8471281944704573,0.15832964470872218,0.9916707769357408,0.9990780445249224,0.9925858969379074,2079,1572,,,,,,,,,,,,,mcf7+IFNG_JAK1,mcf7+IFNG,JAK1,False,True,6
mcf7+IFNG_JAK2,0.029210256,0.0044164793,6.6139235,0.9904355,0.32258546,0.8432787043886929,0.19268739524242434,0.9925115686293363,0.9988375438750221,0.9936666625273776,2130,1563,0.4763661324977875,0.1981937736272812,2.4035372734069824,,,,,,,,0.0,1.0,mcf7+IFNG_JAK2,mcf7+IFNG,JAK2,False,False,6
mcf7+IFNG_JUN,0.03150246,0.0037530125,8.393912,0.9894954,0.028631989,0.8306219815919463,0.09834901546715596,0.9917339003041449,0.9990332547491422,0.992693582110207,1934,1609,,,,,,,,,,,,,mcf7+IFNG_JUN,mcf7+IFNG,JUN,False,True,6
mcf7+IFNG_KIN,0.047522504,0.004210547,11.286539,0.98615575,0.21882012,0.7030612185660735,0.21956754390153135,0.9884223625847028,0.9989363470947814,0.989474820352011,2135,1422,,,,,,,,,,,,,mcf7+IFNG_KIN,mcf7+IFNG,KIN,False,True,6
mcf7+IFNG_KLF4,0.0332085,0.006275579,5.291703,0.9886571,0.085740514,0.7950975067422729,0.13376427290006637,0.9910231035486186,0.9984509789471842,0.9925606008154773,1992,1513,0.24170517921447754,0.28866758942604065,0.837313175201416,0.9994831681251526,0.999577522277832,1.0,1.0,0.9645541525460181,0.9832673033624215,0.9809683991805573,1.0,2.0,mcf7+IFNG_KLF4,mcf7+IFNG,KLF4,False,True,6
mcf7+IFNG_MAFB,0.035975013,0.008091853,4.4458313,0.98841935,0.024570815,0.8253389408188405,0.05520613721952456,0.9907598475515901,0.9980402665015483,0.9927052853533872,1789,1693,0.07573121041059494,0.0781853049993515,0.9686118364334106,-0.04219129681587219,0.40654122829437256,0.0,0.39999999999999997,0.8671819326251033,0.9852879296465928,0.880130474079945,2.0,2.0,mcf7+IFNG_MAFB,mcf7+IFNG,MAFB,False,True,6
mcf7+IFNG_MAFF,0.030955615,0.0028352598,10.918088,0.98962194,0.02849533,0.830550123408531,0.09690298119382383,0.9918612224194682,0.999262290272463,0.9925934682765054,1983,1610,,,,,,,,,,,,,mcf7+IFNG_MAFF,mcf7+IFNG,MAFF,False,True,6
mcf7+IFNG_MCRS1,0.04040233,0.021597445,1.8706995,0.9855861,0.4079899,0.7191551664949901,0.4134499410393963,0.9882574785709805,0.9953357511850127,0.9928885578503484,2406,1019,0.15894506871700287,0.2491270899772644,0.6380079984664917,0.8841489553451538,-0.21826180815696716,0.6493556573283428,0.03153846153846154,0.9218736624731585,0.8979262026231708,1.0266697416558603,20.0,5.0,mcf7+IFNG_MCRS1,mcf7+IFNG,MCRS1,False,True,6
mcf7+IFNG_MYC,0.031167163,0.0043836106,7.1099296,0.9896391,0.07512323,0.8272038886996671,0.1075331098271195,0.9918271398647579,0.9988878311528272,0.9929314472878096,1931,1622,,,,,,,,,,,,,mcf7+IFNG_MYC,mcf7+IFNG,MYC,False,True,6
mcf7+IFNG_NFKB1,0.032323424,0.0036187482,8.932212,0.98910713,0.092195734,0.8035129042655382,0.141265331685654,0.9913721623794082,0.9990648819159648,0.9923000801291265,2033,1546,0.13245156407356262,0.16896313428878784,0.7839080691337585,-1.0,1.0,-0.9999999999999999,0.9999999999999999,0.9789738747266036,0.9994465576764434,0.9795159803267164,1.0,1.0,mcf7+IFNG_NFKB1,mcf7+IFNG,NFKB1,False,True,6
mcf7+IFNG_PARP12,0.029467432,0.0025537198,11.539023,0.99022037,0.08867021,0.8362950441684487,0.13478684205022315,0.9923531481910274,0.9993263742705709,0.993022073409567,2066,1616,,,,,,,,,,,,,mcf7+IFNG_PARP12,mcf7+IFNG,PARP12,False,True,6
mcf7+IFNG_PIK3CA,0.03203938,0.006516979,4.9162936,0.98909056,0.12997782,0.8139079228636054,0.17261166119837412,0.9913587712739693,0.9984131618740009,0.9929343974324311,2016,1470,0.055332086980342865,0.11980022490024567,0.46186962723731995,0.28830060362815857,0.6163002252578735,0.0,0.7999999999999999,0.7799414708990865,0.9597548356505065,0.8126465654850852,5.0,0.0,mcf7+IFNG_PIK3CA,mcf7+IFNG,PIK3CA,False,True,6
mcf7+IFNG_PLEK,0.032645483,0.004495941,7.2611012,0.9892087,0.014539021,0.8289463610046556,0.08177765194619056,0.9915010387862484,0.9988440352745875,0.9926485054432742,1925,1609,0.05819255858659744,0.09428836405277252,0.6171764731407166,1.0,1.0,0.9999999999999999,0.9999999999999999,0.9945114594020047,0.9857685042853278,1.008869176767841,1.0,1.0,mcf7+IFNG_PLEK,mcf7+IFNG,PLEK,False,True,6
mcf7+IFNG_PPARG,0.039914593,0.017559292,2.2731323,0.98575854,0.3098322,0.7313703525278078,0.3558093863334243,0.9884779796673513,0.9961614542867543,0.9922869183641478,2362,1079,0.09941311925649643,0.20510078966617584,0.48470374941825867,0.6276276111602783,0.24306003749370575,0.6716676408147433,0.2676923076923077,0.8660471232654448,0.9586768700542116,0.9033775094797803,20.0,5.0,mcf7+IFNG_PPARG,mcf7+IFNG,PPARG,False,True,6
mcf7+IFNG_PRDM1,0.030773234,0.0025112017,12.254386,0.98984665,0.019763421,0.8371066738695774,0.09124599444696213,0.9920446547057795,0.9993379688116568,0.9927018542940483,1971,1654,,,,,,,,,,,,,mcf7+IFNG_PRDM1,mcf7+IFNG,PRDM1,False,True,6
mcf7+IFNG_PTGES3,0.058812946,0.044658605,1.3169454,0.98270667,0.17378578,0.7936322118408898,0.20274111131932127,0.9858444660880576,0.9918110678396215,0.9939841347359025,2054,1356,0.39163628220558167,0.423857718706131,0.9239805340766907,0.9193053245544434,-0.3191535770893097,0.6092307692307692,0.004615384615384616,0.9206751824896264,0.9294100809927182,0.9906016744581015,19.0,6.0,mcf7+IFNG_PTGES3,mcf7+IFNG,PTGES3,False,True,6
mcf7+IFNG_PTPN11,0.029829174,0.0020955775,14.234345,0.9902024,0.06347004,0.8371941634189625,0.10230435465641514,0.9923562739744373,0.9994485296664994,0.9929038309812425,2058,1707,,,,,,,,,,,,,mcf7+IFNG_PTPN11,mcf7+IFNG,PTPN11,False,True,6
mcf7+IFNG_RARRES3,0.041895665,0.023926929,1.7509838,0.98609114,0.1999095,0.7780804586858596,0.1957348143874425,0.9888048677181999,0.9952369158695394,0.993537168840125,2041,1386,0.20972326397895813,0.23504245281219482,0.892278254032135,0.6885460019111633,-0.10034985840320587,0.7569230769230769,0.021538461538461538,0.8586603566000561,0.9382435024855866,0.9151785803208874,18.0,7.0,mcf7+IFNG_RARRES3,mcf7+IFNG,RARRES3,False,True,6
mcf7+IFNG_RFX5,0.034281116,0.009266234,3.6995738,0.98883605,0.11170148,0.8159954058562309,0.11825599151114702,0.9911267198697781,0.9978820706551034,0.9932303114927293,1921,1553,0.0443558543920517,0.22424988448619843,0.1977965533733368,0.5865709185600281,0.9101288318634033,0.5189158667419538,0.7560700169395823,0.8317780676642419,0.9790177737709526,0.8496046649494656,18.0,4.0,mcf7+IFNG_RFX5,mcf7+IFNG,RFX5,False,True,6
mcf7+IFNG_RNF14,0.032198433,0.0048289266,6.667824,0.98965627,0.08116268,0.8255058375834816,0.1117743330382903,0.9918392349825322,0.9987810275259068,0.9930497352752383,1918,1620,,,,,,,,,,,,,mcf7+IFNG_RNF14,mcf7+IFNG,RNF14,False,True,6
mcf7+IFNG_RUNX1,0.029400403,0.0020583747,14.283309,0.9902667,0.0843039,0.8410914614235435,0.15187195799967537,0.9924033934401592,0.9994587258842399,0.9929408466189149,2122,1620,,,,,,,,,,,,,mcf7+IFNG_RUNX1,mcf7+IFNG,RUNX1,False,True,6
mcf7+IFNG_SOX2,0.052457057,0.071655594,0.73207206,0.97822005,0.58852315,0.6636736819750072,0.5937688274433626,0.9819288604064846,0.9868864313018134,0.994976553797797,2635,722,0.5959711074829102,0.7630620002746582,0.7810258269309998,0.922336757183075,-0.38522064685821533,0.6850328153739211,-0.4392307692307692,0.9185359163363936,0.8917373346142748,1.0300521024318339,20.0,5.0,mcf7+IFNG_SOX2,mcf7+IFNG,SOX2,False,True,6
mcf7+IFNG_SP100,0.03126902,0.0030985158,10.091613,0.9896854,0.024872225,0.8366813489529226,0.10095464710744338,0.9919089428153971,0.9991907917116941,0.9927122537990741,1960,1654,0.3404415249824524,0.9605883955955505,0.3544093668460846,,,,,,,,1.0,0.0,mcf7+IFNG_SP100,mcf7+IFNG,SP100,False,True,6
mcf7+IFNG_SP110,0.031462368,0.006021821,5.2247267,0.98914653,0.20662895,0.7826606198218088,0.2051549544894439,0.9913715982046122,0.9985418123318317,0.9928193150865907,2089,1410,0.020001515746116638,0.1498691737651825,0.13345983624458313,0.8697275519371033,0.9538388252258301,0.4285714285714286,1.0,0.9290227457921731,0.9893794921982594,0.9389953532673472,5.0,1.0,mcf7+IFNG_SP110,mcf7+IFNG,SP110,False,True,6
mcf7+IFNG_SRC,0.029492587,0.002347682,12.562428,0.99017996,0.09147379,0.8290211803986788,0.14283791820711164,0.9923068301611115,0.999380948807746,0.9929214993991292,2055,1611,,,,,,,,,,,,,mcf7+IFNG_SRC,mcf7+IFNG,SRC,False,True,6
mcf7+IFNG_STAT1,0.038413636,0.0037584282,10.220665,0.987435,0.086422026,0.8504876839115872,0.1121826701803853,0.9901469053714532,0.9990129954182067,0.9911251504360642,1990,1619,,,,,,,,,,,,,mcf7+IFNG_STAT1,mcf7+IFNG,STAT1,False,True,6
mcf7+IFNG_STAT2,0.041382622,0.008609884,4.8064084,0.9859804,0.10079345,0.7975168740278556,0.1732570335308218,0.9888412054028777,0.9979497715635824,0.9908727208319978,2049,1418,0.09090665727853775,0.10233111679553986,0.888357937335968,0.6161078214645386,0.20924629271030426,0.5915384615384616,-0.06,0.8955507227635643,0.9678011584957337,0.9253457850324656,19.0,6.0,mcf7+IFNG_STAT2,mcf7+IFNG,STAT2,False,True,6
mcf7+IFNG_STAT3,0.03329502,0.0036207645,9.195578,0.9887713,0.06351578,0.8261752109793599,0.11623203594019006,0.9911559246906975,0.9990650007699573,0.9920835220199241,1991,1586,0.03147425875067711,0.13127535581588745,0.23975755274295807,,,,,,,,1.0,0.0,mcf7+IFNG_STAT3,mcf7+IFNG,STAT3,False,False,6
mcf7+IFNG_TAPBPL,0.038350455,0.022097409,1.7355182,0.98600733,0.33959413,0.7326320595982827,0.33493503573931815,0.9887216475618215,0.9956562637842078,0.9930351302205143,2288,1158,0.17116650938987732,0.2653636336326599,0.6450262665748596,0.8596688508987427,-0.3861972987651825,0.7823076923076924,-0.15692307692307692,0.9362117059932561,0.9514362681685489,0.9839983373719828,21.0,4.0,mcf7+IFNG_TAPBPL,mcf7+IFNG,TAPBPL,False,True,6
mcf7+IFNG_TBX21,0.03072308,0.0027173264,11.306363,0.9900336,0.068286866,0.8399512896006147,0.10246242629461128,0.99217796698521,0.9992904050034406,0.9928825114475045,1929,1660,,,,,,,,,,,,,mcf7+IFNG_TBX21,mcf7+IFNG,TBX21,False,True,6
mcf7+IFNG_TRAFD1,0.030945579,0.002709466,11.421283,0.9897152,0.016519632,0.8335478605588784,0.10753709477377767,0.9919420693846104,0.9992902772671659,0.9926465732232969,2011,1602,0.16114366054534912,0.0862758532166481,1.8677724599838257,,,,,,,,0.0,1.0,mcf7+IFNG_TRAFD1,mcf7+IFNG,TRAFD1,False,True,6
mcf7+IFNG_TSC22D1,0.032968845,0.0056919525,5.792186,0.9887805,0.07409405,0.8017555717813146,0.11530481364142345,0.9911384251749403,0.9985986028977168,0.9925293529340731,1933,1556,,,,,,,,,,,,,mcf7+IFNG_TSC22D1,mcf7+IFNG,TSC22D1,False,True,6
mcf7+IFNG_ZC3H3,0.03331387,0.0052213906,6.3802676,0.98860157,0.10368101,0.789725666710567,0.1489174127969219,0.9909596214967293,0.9987094385193261,0.9922401684376924,2016,1504,,,,,,,,,,,,,mcf7+IFNG_ZC3H3,mcf7+IFNG,ZC3H3,False,True,6
mcf7+IFNG_ZFP36,0.031437606,0.0049656243,6.331048,0.98949885,0.10315716,0.8075186604226043,0.11774736698338134,0.9917082669565752,0.9987819637338382,0.9929176766961042,1940,1582,0.1884775161743164,0.16190654039382935,1.1641130447387695,1.0,-1.0,0.9999999999999999,-0.9999999999999999,0.9994546421243751,0.9920854944091106,1.0074279361575118,1.0,1.0,mcf7+IFNG_ZFP36,mcf7+IFNG,ZFP36,False,True,6
mcf7+IFNG_ZNF267,0.036788788,0.009741378,3.7765486,0.98737174,0.086404696,0.7915702921840282,0.1574513883834059,0.989955150915779,0.9976873519192201,0.9922498756864394,2024,1451,0.1573037952184677,0.13067089021205902,1.2038166522979736,0.959898829460144,-0.4097035527229309,0.5974225923168935,-0.19846153846153847,0.9643047201008721,0.9593271481535929,1.0051886074076601,20.0,5.0,mcf7+IFNG_ZNF267,mcf7+IFNG,ZNF267,False,True,6
mcf7+IFNG_ZNFX1,0.030621393,0.0043813423,6.9890437,0.98965603,0.12695646,0.8196244311559385,0.15103091725350307,0.9918370144741084,0.9988887246255518,0.9929404447386402,1997,1533,0.12488449364900589,0.3823418617248535,0.32663044333457947,0.9999385476112366,0.9835759401321411,1.0,1.0,0.9983023396195041,0.9937798858465743,1.0045507600197374,3.0,0.0,mcf7+IFNG_ZNFX1,mcf7+IFNG,ZNFX1,False,True,6
mcf7+INS_IRS2,0.004571228,0.0030483366,1.4995811,0.9984435,0.2727499,0.8917074341800822,0.24509997146565626,0.9987743222475682,0.9991827425538584,0.9995912456361623,2468,1643,0.1005716547369957,0.2770856022834778,0.36296239495277405,0.9954872727394104,0.8736766576766968,0.5,1.0,0.9961638475680484,0.9970596448280821,0.9991015610102362,2.0,1.0,mcf7+INS_IRS2,mcf7+INS,IRS2,True,False,6
mcf7+INS_SGK1,0.007099104,0.0054888767,1.2933619,0.99800444,0.37762547,0.8689987498620247,0.18127814418254143,0.998336463220438,0.9985336301667928,0.9998025435094041,2161,1778,0.044793736189603806,0.23008261620998383,0.1946854442358017,0.9911656975746155,0.9268572330474854,0.914285714285714,0.6357142857142856,0.9862346853735524,0.9639571413170125,1.02311051301109,13.0,2.0,mcf7+INS_SGK1,mcf7+INS,SGK1,True,False,6
mcf7+TGFB_SMAD3,0.0038293838,0.0045221034,0.84681475,0.998714,0.5864572,0.8816652038268503,0.48094563871546575,0.998979888386367,0.9988062042919744,1.0001738916855405,2428,954,,,,,,,,,,,,,mcf7+TGFB_SMAD3,mcf7+TGFB,SMAD3,True,False,6
mcf7+TNFA_MAPK8,0.0073586577,0.0038025002,1.9352156,0.9975436,-0.09187198,0.9000283852758519,0.22455979939035517,0.9980680575612219,0.9989851950502433,0.9990819308498607,2313,1583,,,,,,,,,,,,,mcf7+TNFA_MAPK8,mcf7+TNFA,MAPK8,True,False,6
a549+IFNB_BRD9,0.006969937,0.0054325303,1.2830001,0.9984658,0.5426744,0.8665422505969095,0.43811716964125397,0.9987694597942375,0.9988308089865716,0.9999385789947786,2366,1091,,,,,,,,,,,,,a549+IFNB_BRD9,a549+IFNB,BRD9,True,False,7
a549+IFNB_CEBPB,0.012462168,0.021038009,0.59236443,0.9962533,0.5743574,0.8659642448294382,0.48863732612970556,0.9970725886725427,0.9958052851638549,1.0012726418784563,2382,989,0.23205673694610596,0.493488073348999,0.4702377915382385,0.9825257062911987,0.42648759484291077,0.8861538461538463,0.28615384615384615,0.988875054300817,0.9735909380270524,1.0156987043292918,25.0,0.0,a549+IFNB_CEBPB,a549+IFNB,CEBPB,True,False,7
a549+IFNB_FOS,0.0048985803,0.009269104,0.52848476,0.9985013,0.6412206,0.8773011571608388,0.5097608052832138,0.9988397561302534,0.9981178087704146,1.0007233087652532,2376,1021,,,,,,,,,,,,,a549+IFNB_FOS,a549+IFNB,FOS,True,False,7
a549+IFNB_ID1,0.0322248,0.058335517,0.55240446,0.9932473,0.7484336,0.8474625978414346,0.6738258425764394,0.9943233948695339,0.990556550231031,1.0038027557716158,2603,662,0.21891088783740997,0.40738770365715027,0.5373527407646179,0.9091368317604065,0.32149022817611694,0.7182450165210056,0.3646153846153847,0.9391486791262601,0.9334124069438595,1.0061454852535998,25.0,0.0,a549+IFNB_ID1,a549+IFNB,ID1,True,False,7
a549+IFNB_NFE2L3,0.007271529,0.010874292,0.6686899,0.99795306,0.5438545,0.881149864723354,0.3867796281100074,0.9983479390009299,0.9978535678581834,1.000495434559409,2163,1206,0.057762324810028076,0.30102577805519104,0.19188497960567474,0.9999783039093018,0.9987052083015442,1.0,1.0,0.9906614674070917,0.9721146886135853,1.0190787969884063,3.0,0.0,a549+IFNB_NFE2L3,a549+IFNB,NFE2L3,True,False,7
a549+INS_CHUK,0.0077848374,0.00935561,0.83210367,0.9977727,0.55603015,0.8323643721323706,0.4503200992181441,0.9982448857869323,0.9979768309695748,1.000268598236992,2355,1056,0.042053911834955215,0.14826063811779022,0.2836485207080841,0.9212121963500977,0.6438775658607483,0.9141870411815418,0.5174825174825175,0.9699184646472736,0.965752910834375,1.004313270781964,12.0,0.0,a549+INS_CHUK,a549+INS,CHUK,True,False,7
a549+INS_FOS,0.0049095964,0.004073682,1.2051988,0.9986217,0.41634557,0.8766877171427214,0.29183024082611864,0.9989311071800495,0.999102162765533,0.9998287906964289,2107,1360,,,,,,,,,,,,,a549+INS_FOS,a549+INS,FOS,True,False,7
a549+INS_POLR2L,0.042951904,0.011935945,3.598534,0.9954608,0.5114118,0.7200718798108896,0.46416525490107924,0.9960033005509301,0.9974930223078138,0.9985065341575653,2432,938,0.026236679404973984,0.13794256746768951,0.19020001590251923,0.8066712617874146,0.3258102536201477,0.7109059566011715,0.3161538461538462,0.8870444842448866,0.9699578363367156,0.9145186017518332,25.0,0.0,a549+INS_POLR2L,a549+INS,POLR2L,True,False,7
a549+TGFB_CHUK,0.0051114825,0.0098116305,0.5209616,0.9984124,0.6266449,0.8468306375786893,0.513718888981492,0.9987601415606275,0.9979508702157989,1.0008109330518984,2551,951,0.04151153936982155,0.1132090836763382,0.3666802942752838,0.8992297053337097,0.5329684615135193,0.855933849262774,0.3230769230769231,0.9714165865361548,0.9709108033490361,1.00052093682074,25.0,0.0,a549+TGFB_CHUK,a549+TGFB,CHUK,True,False,7
a549+TGFB_CUL1,0.039150264,0.04168423,0.9392105,0.9925831,0.2790354,0.8605583253710684,0.18950126185214808,0.9935818956870709,0.9926890151321162,1.0008994564675786,1869,1581,0.1439501941204071,0.21449026465415955,0.6711269617080688,0.7517152428627014,0.3239937126636505,0.7082131310079852,0.3215384615384615,0.9339321203530329,0.9356501102913735,0.9981638542875759,23.0,2.0,a549+TGFB_CUL1,a549+TGFB,CUL1,True,False,7
a549+TGFB_FOS,0.004394482,0.0041634943,1.0554793,0.9988649,0.36728978,0.8898434388446421,0.2471977867636899,0.9990920107227687,0.9990761091206304,1.0000159163070692,2070,1493,1.1461079120635986,1.3537551164627075,0.846613883972168,,,,,,,,1.0,0.0,a549+TGFB_FOS,a549+TGFB,FOS,True,False,7
a549+TGFB_RUNX1,0.0031863963,0.0014894567,2.139301,0.9993248,0.37769938,0.9086564075605719,0.3040461176243303,0.9994829430305329,0.9996551135566306,0.9998277700741357,2357,1430,,,,,,,,,,,,,a549+TGFB_RUNX1,a549+TGFB,RUNX1,True,False,7
a549+TNFA_ARID5B,0.045426384,0.007547392,6.0188184,0.985525,0.23226185,0.8215075802464545,0.21244020400333175,0.988861767040803,0.9984199293218963,0.9904267112460535,2076,1447,0.03976886346936226,0.07342071086168289,0.5416572690010071,0.8315309882164001,0.15335752069950104,0.6720798294909159,0.3010989010989011,0.9109430451216379,0.938366097165253,0.9707757429360903,12.0,2.0,a549+TNFA_ARID5B,a549+TNFA,ARID5B,False,True,7
a549+TNFA_BATF,0.046275683,0.004016788,11.520568,0.98549354,0.13545161,0.8267881267329124,0.1717754621039177,0.9888982301881403,0.9991091207025851,0.9897800047033257,2071,1523,,,,,,,,,,,,,a549+TNFA_BATF,a549+TNFA,BATF,False,True,7
a549+TNFA_BIRC2,0.049751583,0.0052506933,9.475241,0.98486567,0.13364927,0.8096390504163432,0.13540611452513635,0.9883498733496693,0.9987807894844848,0.9895563508583306,2055,1608,0.5707786679267883,0.19894945621490479,2.8689632415771484,0.4987487494945526,-0.7031431794166565,0.7380952380952381,-0.6190476190476191,0.6730614512544946,0.920731019016622,0.7310076855815626,4.0,4.0,a549+TNFA_BIRC2,a549+TNFA,BIRC2,False,True,7
a549+TNFA_BIRC3,0.04888019,0.003932592,12.429509,0.9849132,0.06471239,0.8203443865359322,0.1308104906966958,0.9884386119077017,0.9990990208429988,0.9893299775969129,2006,1572,1.0284266471862793,0.9984472990036011,1.0300259590148926,1.0,-1.0,0.9999999999999999,-0.9999999999999999,0.9969888996405879,0.992800991746253,1.0042182752929856,1.0,1.0,a549+TNFA_BIRC3,a549+TNFA,BIRC3,False,True,7
a549+TNFA_CASP3,0.051372148,0.016569002,3.1004975,0.98316187,0.29080105,0.7786407753412785,0.3047151725726242,0.9869012838168885,0.9968172308673783,0.9900523920098557,2248,1255,0.045246969908475876,0.15520542860031128,0.2915295660495758,0.4133095145225525,0.8920995593070984,0.47199251890080335,0.4038461538461539,0.7443167273050249,0.9655001525499805,0.7709131120686118,23.0,2.0,a549+TNFA_CASP3,a549+TNFA,CASP3,False,True,7
a549+TNFA_CASP7,0.07186693,0.0027184957,26.436287,0.9819817,0.17347708,0.7288378142578292,0.21067303772597898,0.9855399044118622,0.9993794563673218,0.9861518546661291,2183,1449,,,,,,,,,,,,,a549+TNFA_CASP7,a549+TNFA,CASP7,False,False,7
a549+TNFA_CASP8,0.05186627,0.034243684,1.5146229,0.9822179,0.38643813,0.7793525806083891,0.3823637558937785,0.9860362869891423,0.9938128094521418,0.9921750631617573,2353,1125,0.10246136039495468,0.30045029520988464,0.3410260081291199,0.2597638964653015,0.7359216213226318,0.2142719793435349,0.4115384615384615,0.7180562721639088,0.9655443353976885,0.7436802701226098,22.0,3.0,a549+TNFA_CASP8,a549+TNFA,CASP8,False,True,7
a549+TNFA_CASP10,0.069218054,0.12640195,0.5476028,0.9726163,0.61340666,0.7259257219714537,0.6010725351731404,0.9779097421949321,0.9805922462849116,0.9972644041392918,2694,707,0.14580868184566498,0.5464986562728882,0.2668052017688751,0.2794845402240753,0.3613662123680115,0.26970915425407094,0.36923076923076925,0.7061965570032874,0.8418166803718953,0.8388958944022183,25.0,0.0,a549+TNFA_CASP10,a549+TNFA,CASP10,False,True,7
a549+TNFA_CEBPB,0.053991273,0.019777302,2.7299616,0.98269737,0.17549382,0.8214150286349183,0.13532832186896082,0.9866302884051981,0.995791275626609,0.9908002937506695,1936,1571,0.3245343267917633,0.584060788154602,0.5556516051292419,0.8978437185287476,0.41514331102371216,0.9061538461538461,0.4946153846153846,0.9452059560707379,0.9694565704161664,0.9749853525310388,21.0,4.0,a549+TNFA_CEBPB,a549+TNFA,CEBPB,False,False,7
a549+TNFA_CHUK,0.036386274,0.019421177,1.873536,0.9886348,0.5844606,0.7900431113768621,0.4237279183256428,0.9911546560901596,0.9958447795163508,0.9952903067599863,2360,1135,0.083541639149189,0.37249645590782166,0.22427499294281006,0.8418527245521545,0.8840059041976929,0.6315384615384615,0.7938461538461539,0.9002277371412986,0.9645112555918606,0.9333511992961501,25.0,0.0,a549+TNFA_CHUK,a549+TNFA,CHUK,False,False,7
a549+TNFA_CREB1,0.044416554,0.005075445,8.751264,0.9860928,0.21008432,0.8267378352242857,0.174973321348865,0.9893796180781358,0.9988414646111422,0.9905271788684804,2039,1592,0.013721856288611889,0.03213321790099144,0.4270302653312683,0.21968510746955872,-0.39025038480758667,-0.5,-0.5,0.7972596946373166,0.9944329275860196,0.8017229443243197,3.0,0.0,a549+TNFA_CREB1,a549+TNFA,CREB1,False,True,7
a549+TNFA_CSF1,0.04819146,0.011511556,4.186355,0.98450553,0.18239361,0.8158502295705459,0.17183169195172365,0.988031969804084,0.9977194115291691,0.9902904147066384,2009,1506,0.2559189796447754,0.11723066121339798,2.1830379962921143,0.9284290075302124,-0.6781164407730103,0.4138461538461538,0.05846153846153846,0.9526887894126295,0.9514385321302232,1.0013140704734829,18.0,7.0,a549+TNFA_CSF1,a549+TNFA,CSF1,False,False,7
a549+TNFA_CSF2,0.046337772,0.0027307696,16.96876,0.9855465,0.07941127,0.8343260845382562,0.1175574949650348,0.9889699613944225,0.9993805887875693,0.9895829201507939,2022,1609,0.0029242848977446556,0.3398832380771637,0.008603792637586594,,,,,,,,1.0,0.0,a549+TNFA_CSF2,a549+TNFA,CSF2,False,True,7
a549+TNFA_DNM1L,0.05371228,0.018335553,2.929406,0.98252726,0.31739843,0.7710338517516088,0.35117303500740626,0.9863491616692458,0.9965111833632829,0.9898024007520521,2338,1164,0.11507865786552429,0.1405978798866272,0.818494975566864,0.8456283807754517,-0.5732802152633667,0.49499629755949265,-0.12846153846153846,0.9152765431953656,0.9200763499054515,0.9947832517262516,21.0,4.0,a549+TNFA_DNM1L,a549+TNFA,DNM1L,False,True,7
a549+TNFA_FADD,0.045949984,0.0030389759,15.12022,0.9857242,0.16571298,0.8240928547184777,0.14718288786546277,0.9890711785934287,0.999309901218792,0.9897542067652129,2023,1590,,,,,,,,,,,,,a549+TNFA_FADD,a549+TNFA,FADD,False,True,7
a549+TNFA_FOS,0.045594588,0.0046916297,9.718284,0.98559767,0.15232205,0.8302889721862564,0.13110203819570007,0.9889888133688467,0.9989746762358417,0.9900038878817009,1947,1611,1.525063395500183,1.6299160718917847,0.9356698989868164,,,,,,,,1.0,0.0,a549+TNFA_FOS,a549+TNFA,FOS,False,False,7
a549+TNFA_ID2,0.044862982,0.0025809635,17.382261,0.98603034,0.1415021,0.8381353134315979,0.1456246855402346,0.9893410685955158,0.9994083456832554,0.9899267630381283,2015,1593,,,,,,,,,,,,,a549+TNFA_ID2,a549+TNFA,ID2,False,True,7
a549+TNFA_IKBKB,0.044294883,0.067968436,0.6516978,0.98408264,0.6191398,0.7655038600171926,0.5297522229787945,0.9873559340871341,0.9884079260947904,0.9989356702026735,2577,881,0.10956951975822449,0.3757131099700928,0.2916308045387268,0.37320929765701294,0.6450900435447693,0.29561209683179657,0.606923076923077,0.8110879564067629,0.958580245714978,0.8461346455160832,22.0,3.0,a549+TNFA_IKBKB,a549+TNFA,IKBKB,False,True,7
a549+TNFA_IKBKE,0.047351506,0.004405506,10.748256,0.9851891,0.10894226,0.8259147921617999,0.13022192067769306,0.9886573178232763,0.9990155553938147,0.9896315552699726,2008,1567,,,,,,,,,,,,,a549+TNFA_IKBKE,a549+TNFA,IKBKE,False,True,7
a549+TNFA_IKBKG,0.046732906,0.005993284,7.797546,0.9852808,0.23095247,0.8168725854016707,0.23915091848668094,0.9886704586962476,0.9987417440998496,0.98991602637709,2119,1419,0.08731760829687119,0.09600090980529785,0.9095497727394104,1.0,-1.0,0.9999999999999999,-0.9999999999999999,0.9869981478653383,0.9517518426848314,1.0370330832048398,1.0,1.0,a549+TNFA_IKBKG,a549+TNFA,IKBKG,False,True,7
a549+TNFA_IRF1,0.044100147,0.0038695182,11.396806,0.9862814,0.17986266,0.8462797823248628,0.14985347262487278,0.9895887248548668,0.9990954192862748,0.9904846982101077,2092,1629,,,,,,,,,,,,,a549+TNFA_IRF1,a549+TNFA,IRF1,False,True,7
a549+TNFA_ITCH,0.04942858,0.017069282,2.895762,0.98370355,0.29382253,0.7944706490654567,0.2994255408229064,0.9873308729802923,0.9967382160265399,0.9905618718185106,2223,1277,0.10859500616788864,0.14765886962413788,0.7354452013969421,0.7372822761535645,-0.21140611171722412,0.45307692307692304,-0.002307692307692308,0.8942961556619784,0.9594520863976315,0.9320904799109998,19.0,6.0,a549+TNFA_ITCH,a549+TNFA,ITCH,False,True,7
a549+TNFA_JUN,0.046756517,0.009081279,5.148671,0.9852061,0.18395826,0.8331132578069458,0.17886369686665993,0.9886595859091819,0.9979600384436984,0.9906805361174378,2004,1536,0.05322703346610069,0.1358351856470108,0.3918501138687134,0.6792538166046143,0.774411678314209,0.7891497313651253,0.586923076923077,0.8039146945337426,0.89064514691855,0.9026206422559232,18.0,7.0,a549+TNFA_JUN,a549+TNFA,JUN,False,True,7
a549+TNFA_JUNB,0.04666908,0.00772416,6.041962,0.9851814,0.18858442,0.8308137031741053,0.17302370507707285,0.9886295280678142,0.9983227965205766,0.9902904466505763,2075,1491,0.07166904211044312,0.11031074076890945,0.6497014164924622,0.400459885597229,0.868550717830658,0.6368421052631579,0.4421052631578948,0.6489075878102607,0.9621183031061881,0.6744571698878089,15.0,4.0,a549+TNFA_JUNB,a549+TNFA,JUNB,False,True,7
a549+TNFA_KLF6,0.044977203,0.0035749457,12.581226,0.98602784,0.17219737,0.8296269770259898,0.16648549594516693,0.9893285376334461,0.9991825922103695,0.990137884052679,2028,1559,0.02124355360865593,0.059089548885822296,0.3595145642757416,,,,,,,,1.0,0.0,a549+TNFA_KLF6,a549+TNFA,KLF6,False,True,7
a549+TNFA_MAP2K3,0.047284767,0.002011807,23.50363,0.9854362,0.026847994,0.8354590830798019,0.08254558950131263,0.9888893375905871,0.9995294000420211,0.9893549279781199,1965,1686,,,,,,,,,,,,,a549+TNFA_MAP2K3,a549+TNFA,MAP2K3,False,True,7
a549+TNFA_MAP3K7,0.031313367,0.011708601,2.67439,0.9902903,0.57539976,0.8379853450055934,0.33623750764952565,0.9925796505953338,0.9972693412154213,0.995297468370609,2226,1382,0.03760877996683121,0.12260136008262634,0.3067566156387329,0.7529791593551636,0.8187065124511719,0.7223076923076923,0.48,0.8273868271366333,0.7361932061176746,1.1238718589918393,23.0,2.0,a549+TNFA_MAP3K7,a549+TNFA,MAP3K7,False,True,7
a549+TNFA_MAP3K14,0.04603697,0.005012167,9.185042,0.9856668,0.16964762,0.8274305766406727,0.15586613894757162,0.9890305381743045,0.9988628165683427,0.9901565277724346,2028,1534,0.014295089989900589,0.056698236614465714,0.2521258294582367,0.6180623769760132,0.661209225654602,0.6,0.7142857142857143,0.8365327085956057,0.9469814374587917,0.8833675883240402,6.0,0.0,a549+TNFA_MAP3K14,a549+TNFA,MAP3K14,False,True,7
a549+TNFA_MAPK8,0.044876557,0.003440226,13.044654,0.98595464,0.16613987,0.8338467179153013,0.17011507717414906,0.9892713386758072,0.9992226934024019,0.9900409040023802,2036,1546,,,,,,,,,,,,,a549+TNFA_MAPK8,a549+TNFA,MAPK8,False,True,7
a549+TNFA_MAPK9,0.046659347,0.0035465409,13.156298,0.98533285,0.109031364,0.8309067577523862,0.10854005646382564,0.9887848056145112,0.9992224164360539,0.9895542667479671,1950,1641,,,,,,,,,,,,,a549+TNFA_MAPK9,a549+TNFA,MAPK9,False,False,7
a549+TNFA_MAPK14,0.04666841,0.0032858474,14.202854,0.98556185,0.10365241,0.8342381941389416,0.1028172114698267,0.9889759503784428,0.9992325904061071,0.9897354828834237,1962,1667,0.0182399433106184,0.07711640000343323,0.23652483522891998,1.0,-1.0,0.9999999999999999,-0.9999999999999999,0.9917905849067906,0.9894684357871701,1.002346865282037,2.0,0.0,a549+TNFA_MAPK14,a549+TNFA,MAPK14,False,True,7
a549+TNFA_MMP9,0.045168232,0.002101898,21.48926,0.98601776,0.1342564,0.8327363203890987,0.14724554378369248,0.9893343309793053,0.9995132998771007,0.9898160745844533,2070,1618,,,,,,,,,,,,,a549+TNFA_MMP9,a549+TNFA,MMP9,False,True,7
a549+TNFA_MTF1,0.049760308,0.0034435554,14.450271,0.9846163,-0.030425355,0.827371151554892,0.04642720959500573,0.9882677813512606,0.9991944758525267,0.9890644966867502,1936,1752,0.04419123753905296,0.031088637188076973,1.421459436416626,,,,,,,,0.0,1.0,a549+TNFA_MTF1,a549+TNFA,MTF1,False,True,7
a549+TNFA_MTOR,0.052911755,0.011732327,4.5099115,0.98323286,0.23565133,0.7786351865590264,0.25016837077316434,0.986956812933951,0.9975247629277318,0.9894058269162522,2176,1348,0.05820359289646149,0.09155067801475525,0.6357527375221252,0.7824166417121887,0.08873989433050156,0.6081938946896386,0.21000000000000002,0.8918416372978517,0.9595756429863305,0.9294125416963677,21.0,4.0,a549+TNFA_MTOR,a549+TNFA,MTOR,False,True,7
a549+TNFA_MYC,0.046939623,0.0039690775,11.82633,0.98532945,0.07779682,0.8389477180885898,0.10925633629329468,0.9888010126061143,0.9990937079959192,0.9896979679609322,1937,1632,,,,,,,,,,,,,a549+TNFA_MYC,a549+TNFA,MYC,False,True,7
a549+TNFA_NFAT5,0.050765987,0.03597576,1.4111164,0.9825878,0.3989042,0.793050457155924,0.3854074136013979,0.9863234530432614,0.9936992883377698,0.9925773970243589,2365,1109,0.07697508484125137,0.23813506960868835,0.32324129343032837,0.6827170848846436,0.29482150077819824,0.4604731764348497,0.3715384615384616,0.8975002489627824,0.946984480426471,0.9477454673371166,25.0,0.0,a549+TNFA_NFAT5,a549+TNFA,NFAT5,False,True,7
a549+TNFA_NFKB1,0.05122953,0.0093324,5.489427,0.98383397,0.1954309,0.8009667035480406,0.20117715394485616,0.9875039137507259,0.9980255383122594,0.9894575597941848,2088,1455,0.04778708517551422,0.06317560374736786,0.7564167380332947,0.795042097568512,0.04554080590605736,0.6212733332851146,0.363076923076923,0.9114673808198265,0.9676316282966364,0.9419569949613178,21.0,4.0,a549+TNFA_NFKB1,a549+TNFA,NFKB1,False,True,7
a549+TNFA_NFKBIA,0.05497569,0.0036935674,14.8841715,0.98296016,-0.21603163,0.8336766168191818,-0.007673678062045437,0.986997672737236,0.999140666546445,0.98784656233523,1900,1749,,,,,,,,,,,,,a549+TNFA_NFKBIA,a549+TNFA,NFKBIA,False,True,7
a549+TNFA_NFKBIE,0.04799939,0.005223291,9.189491,0.9848455,0.0611147,0.8314849135933028,0.11255978108236794,0.9884051613568912,0.9988649846809251,0.9895282911259772,1954,1605,,,,,,,,,,,,,a549+TNFA_NFKBIE,a549+TNFA,NFKBIE,False,True,7
a549+TNFA_NKX3-1,0.04481347,0.0027482302,16.306301,0.98607564,0.13991569,0.8355999318149123,0.14835271505510092,0.9893821848429241,0.9993658406298117,0.9900100089666904,2049,1584,0.045554522424936295,0.5134926438331604,0.08871504664421082,,,,,,,,1.0,0.0,a549+TNFA_NKX3-1,a549+TNFA,NKX3-1,False,True,7
a549+TNFA_PDCD5,0.046110213,0.014229729,3.240414,0.98499143,0.29672766,0.8128707201820563,0.2899119970185466,0.9883717117735742,0.9971575538265933,0.9911891134762972,2154,1329,0.052535686641931534,0.09680435061454773,0.5426996350288391,0.7153820991516113,-0.05105150490999222,0.6247150811512154,-0.09076923076923075,0.9025955670920012,0.9274078984932851,0.9732455034709158,22.0,3.0,a549+TNFA_PDCD5,a549+TNFA,PDCD5,False,False,7
a549+TNFA_PIK3CA,0.046644226,0.008642066,5.3973465,0.9850245,0.24386057,0.8165347219375404,0.2415851125540025,0.9884557119452714,0.9982586854093722,0.990179926698979,2110,1411,0.03537210822105408,0.09198790788650513,0.3845299780368805,0.7191739678382874,0.315166175365448,0.6607692307692308,0.2453846153846154,0.9310262770680746,0.979449637032598,0.9505606433106353,23.0,2.0,a549+TNFA_PIK3CA,a549+TNFA,PIK3CA,False,True,7
a549+TNFA_PTGS2,0.047342796,0.0034331267,13.789993,0.98538953,0.11013034,0.8236621220033581,0.13255566141140543,0.9888146919786925,0.9992054620818241,0.989600967471212,2040,1600,0.5179546475410461,1.6207530498504639,0.31957653164863586,1.0,-1.0,0.9999999999999999,-0.9999999999999999,0.9689273748088276,0.9997125742356133,0.9692059495697308,2.0,0.0,a549+TNFA_PTGS2,a549+TNFA,PTGS2,False,True,7
a549+TNFA_RELB,0.04566008,0.004216411,10.829133,0.9858295,0.16691646,0.8312768610616795,0.15303550871844368,0.9891659863098043,0.9990314030954162,0.9901250183377173,2042,1525,0.009215428493916988,0.09494145214557648,0.09706433117389679,1.0,1.0,0.9999999999999999,0.9999999999999999,0.960932741127152,0.9560233603731217,1.0051352100351545,2.0,0.0,a549+TNFA_RELB,a549+TNFA,RELB,False,True,7
a549+TNFA_REPIN1,0.04552037,0.0024836634,18.327913,0.9858734,0.11218299,0.8321912853017023,0.10589952891131506,0.9892294004604967,0.9994258364327745,0.9897977062423444,1978,1668,,,,,,,,,,,,,a549+TNFA_REPIN1,a549+TNFA,REPIN1,False,True,7
a549+TNFA_SOX4,0.049790625,0.009488834,5.247286,0.98397434,0.17912443,0.8063917086623335,0.19326812314863848,0.9876336944200642,0.9980982765693778,0.9895154791918066,2079,1459,0.07921288162469864,0.13624295592308044,0.5814089775085449,0.488918662071228,0.694221019744873,0.8203155666847622,0.18230769230769234,0.71294542429323,0.9596619346641057,0.7429131015212876,22.0,3.0,a549+TNFA_SOX4,a549+TNFA,SOX4,False,True,7
a549+TNFA_SOX9,0.05470512,0.027197514,2.0114014,0.98167044,0.36679733,0.7714678201711285,0.3883879913227346,0.9856453122622312,0.9949463089161201,0.9906517602301361,2383,1097,0.08144459128379822,0.21559911966323853,0.3777593970298767,0.7800263166427612,0.4773251712322235,0.3873821960483656,0.3915384615384615,0.8797031276845975,0.9428861788379732,0.9329897366496097,22.0,3.0,a549+TNFA_SOX9,a549+TNFA,SOX9,False,False,7
a549+TNFA_TNFRSF1A,0.03234933,0.06463382,0.50050163,0.9897031,0.74792844,0.7645067998065008,0.49992432894957467,0.9919270692881045,0.985714644051603,1.00630245809372,2434,1057,0.42826947569847107,2.203436851501465,0.19436430931091309,0.8477116227149963,0.8828323483467102,0.8207692307692308,0.8938461538461538,0.9664806215770788,0.8805000262284385,1.0976497362719366,22.0,3.0,a549+TNFA_TNFRSF1A,a549+TNFA,TNFRSF1A,False,True,7
a549+TNFA_TNFRSF1B,0.0438982,0.0026024417,16.868082,0.9864564,0.21351004,0.8303332503703358,0.17980147214391012,0.9896580351824819,0.9994020848042288,0.9902501207773089,2057,1570,,,,,,,,,,,,,a549+TNFA_TNFRSF1B,a549+TNFA,TNFRSF1B,False,True,7
a549+TNFA_TRAF1,0.047466878,0.008939938,5.309531,0.98475266,0.18599889,0.825347492326548,0.18354150414685744,0.9882540241065646,0.9981794626998624,0.990056458819087,2070,1452,0.05614246055483818,0.05840970203280449,0.9611838459968567,0.4010021686553955,-0.04716714471578598,0.5132693393562959,-0.017504234895539244,0.8155731636618044,0.9549743485201899,0.8540262520408021,18.0,4.0,a549+TNFA_TRAF1,a549+TNFA,TRAF1,False,True,7
a549+TNFA_TRAF2,0.051719714,0.010171106,5.0849648,0.9836453,0.12080791,0.819903194983526,0.1410458017250835,0.9874427491977616,0.9977104597779389,0.9897087271366659,2028,1550,0.3979402184486389,0.2850346565246582,1.3961117267608643,0.3486127257347107,0.05981536582112312,0.8129870129870129,-0.006493506493506493,0.5347216363103436,0.7355708146435146,0.726947869144985,16.0,5.0,a549+TNFA_TRAF2,a549+TNFA,TRAF2,False,True,7
a549+TNFA_TRAF3,0.053331055,0.007858148,6.7867208,0.9832474,-0.010917181,0.8288585103553955,0.07610264418493969,0.987202336600324,0.9981898215127628,0.9889925897102545,1956,1661,0.4518749415874481,0.243491992354393,1.855810284614563,0.3307788074016571,0.0691128671169281,0.5857142857142856,-0.0035714285714285704,0.6383100727492189,0.8242806413534824,0.7743844034734374,9.0,6.0,a549+TNFA_TRAF3,a549+TNFA,TRAF3,False,True,7
a549+TNFA_ZFP36L1,0.07166373,0.047045384,1.5232893,0.978716,0.1921154,0.8190051853948626,0.17180592704082587,0.9830693155940051,0.9919353474777588,0.9910618853272063,1973,1513,0.2929496765136719,0.41536015272140503,0.7052907347679138,0.9115846753120422,0.4086003303527832,0.810925192919518,0.32076923076923075,0.8963001461273095,0.8940270201722045,1.0025425696358339,18.0,7.0,a549+TNFA_ZFP36L1,a549+TNFA,ZFP36L1,False,True,7
a549+TNFA_ZNF22,0.046322115,0.0027190517,17.036129,0.98563933,0.111296356,0.8296595416542893,0.1503757329793949,0.989023085753812,0.9993780746192052,0.9896385670965027,2081,1560,,,,,,,,,,,,,a549+TNFA_ZNF22,a549+TNFA,ZNF22,False,True,7
a549+TNFA_ZNF267,0.04858323,0.012317676,3.9441879,0.9845706,0.32082558,0.7930140744953705,0.33137610406994994,0.9880146072969886,0.9975662246846049,0.9904250794069976,2269,1240,0.047623176127672195,0.10752297192811966,0.44291165471076965,0.5768436193466187,0.15507012605667114,0.7182150546398198,0.2569230769230769,0.8618119874434448,0.9587723933555788,0.8988702568158171,23.0,2.0,a549+TNFA_ZNF267,a549+TNFA,ZNF267,False,True,7
bxpc3+IFNB_ID1,0.31950313,0.3427199,0.9322573,0.94472563,0.26997274,0.7935651823639189,0.27688008198753017,0.9516609575272972,0.9464347959824024,1.0055219456924869,2266,1393,0.8038316369056702,1.0168063640594482,0.7905454635620117,,0.3947926461696625,,0.4230769230769231,,,,20.0,5.0,bxpc3+IFNB_ID1,bxpc3+IFNB,ID1,True,False,7
bxpc3+IFNB_STAT5A,0.0049466393,0.002070215,2.3894327,0.9985439,0.39880872,0.9149316171625212,0.29931786497688845,0.9988895756673852,0.999525607945132,0.9993636658503884,2595,1683,0.0015377094969153404,0.657759964466095,0.002337797312065959,0.9973434209823608,0.9999279975891113,1.0,1.0,0.998906428442937,0.5672662420290164,1.7609128737680844,3.0,0.0,bxpc3+IFNB_STAT5A,bxpc3+IFNB,STAT5A,True,False,7
bxpc3+IFNG_CEBPB,0.017544605,0.015165759,1.1568563,0.9960044,0.40123898,0.8879066163426496,0.38495234706189324,0.9969449851813981,0.9966268322538404,1.0003192297430306,2614,1327,0.058833781629800797,0.2693198323249817,0.21845321357250214,0.9778515100479126,0.9277333617210388,0.8955568544196576,0.696923076923077,0.9739417866078148,0.9565208898269831,1.0182127718966836,25.0,0.0,bxpc3+IFNG_CEBPB,bxpc3+IFNG,CEBPB,True,False,7
bxpc3+IFNG_CUL1,0.10712224,0.16152915,0.6631759,0.98173237,0.6950596,0.8358732839712092,0.6193338005731005,0.9843796497494762,0.9769652203133978,1.0075892460467528,2825,985,0.30716773867607117,0.499953031539917,0.6143931746482849,0.5047581195831299,0.27224960923194885,0.5370830820663857,0.4438461538461538,0.6388037109052707,0.6368326294285295,1.0030951326701176,25.0,0.0,bxpc3+IFNG_CUL1,bxpc3+IFNG,CUL1,True,False,7
bxpc3+IFNG_RUNX1,0.015650643,0.0034510822,4.5349956,0.99729586,0.15445569,0.9016399893310099,0.1604028183053677,0.9977897174203573,0.9992194404661754,0.9985691600984553,2347,1896,0.04190295189619064,0.05168120935559273,0.8107966780662537,0.9135973453521729,-0.26538723707199097,0.49999999999999994,-0.6,0.9779597643261819,0.9729351100538248,1.0051644289741781,4.0,1.0,bxpc3+IFNG_RUNX1,bxpc3+IFNG,RUNX1,True,False,7
bxpc3+IFNG_TSC22D1,0.082275175,0.122319534,0.672625,0.98456,0.6899854,0.843867272601426,0.5842760740272243,0.9866954125310479,0.981047316351348,1.0057572107742019,2655,1169,0.24123837053775787,0.4304020404815674,0.5604954361915588,0.6272777318954468,0.7669672966003418,0.5965807941372118,0.8061538461538461,0.8125884126639779,0.7929628637328198,1.0247496444395543,24.0,1.0,bxpc3+IFNG_TSC22D1,bxpc3+IFNG,TSC22D1,True,False,7
bxpc3+INS_CHUK,0.015530942,0.008815369,1.7618029,0.9960936,0.29845923,0.857366065447324,0.288038355992937,0.996974779235925,0.9979412627334748,0.9990315226620629,2653,1618,0.5093576908111572,0.5241492390632629,0.9717798829078674,0.3954574167728424,0.21610738337039948,0.5762646769418587,0.3038461538461538,0.5541770766783117,0.567593692995625,0.9763622878779651,20.0,5.0,bxpc3+INS_CHUK,bxpc3+INS,CHUK,True,False,7
bxpc3+INS_POLR2L,0.014171273,0.0190991,0.74198645,0.99534124,0.561043,0.8036199492850873,0.4632397326955556,0.9963550427997548,0.9960241929116334,1.0003321705340855,2922,1322,0.10196187347173691,0.27332380414009094,0.3730442523956299,0.7485367059707642,0.6885607838630676,0.6917286603442,0.5307692307692308,0.7704554327246038,0.681136332482177,1.131132485499537,24.0,1.0,bxpc3+INS_POLR2L,bxpc3+INS,POLR2L,True,False,7
bxpc3+TGFB_CUL1,0.025130173,0.01869331,1.3443406,0.99349415,0.18627442,0.8530974445264338,0.14716959313874853,0.9948634559992435,0.9959861895260018,0.9988727418727638,1868,1509,0.12158887833356857,0.21444492042064667,0.5669935345649719,0.98089599609375,-0.7794978618621826,1.0,-1.0,0.976385581219017,0.8942740055797919,1.091819257997988,3.0,0.0,bxpc3+TGFB_CUL1,bxpc3+TGFB,CUL1,True,False,7
bxpc3+TGFB_FOS,0.026538868,0.021575378,1.2300534,0.9928794,0.20486002,0.8517037178370528,0.1736160381460846,0.9942138591627881,0.9953291751978383,0.9988794500725567,1882,1470,0.2553789019584656,0.2931840717792511,0.8710530996322632,0.016134127974510193,-0.062409766018390656,0.11180339887498948,-0.09999999999999999,0.5250370524754424,0.6647300878341705,0.7898499888670946,4.0,1.0,bxpc3+TGFB_FOS,bxpc3+TGFB,FOS,True,False,7
bxpc3+TGFB_RUNX1,0.012866854,0.0059772525,2.1526368,0.99584216,0.2041119,0.8705027643074721,0.2326738903055919,0.9968417870741798,0.9985751820436768,0.9982641317342281,2194,1403,,,,,,,,,,,,,bxpc3+TGFB_RUNX1,bxpc3+TGFB,RUNX1,True,False,7
bxpc3+TNFA_CEBPB,0.014676151,0.020080157,0.7308783,0.9957111,0.46508202,0.8739030489659622,0.33820113779434774,0.9965407884494584,0.9955280080546766,1.001017329885837,2333,1488,0.1235107034444809,0.263923317193985,0.4679794907569885,0.8480839729309082,0.8240204453468323,0.7618315300355673,0.5599999999999999,0.9081477731173959,0.9127978004843473,0.9949057421430201,24.0,1.0,bxpc3+TNFA_CEBPB,bxpc3+TNFA,CEBPB,True,False,7
bxpc3+TNFA_CHUK,0.01759736,0.022967719,0.766178,0.99527127,0.54661524,0.8308075372748063,0.42409715610871235,0.9962818812217709,0.994651741923965,1.001638904582475,2654,1178,0.30668962001800537,0.8199787735939026,0.37402141094207764,0.9818880558013916,0.8736950159072876,0.9092307692307693,0.8146153846153847,0.9766687346679193,0.9568435703331026,1.0207193369423122,25.0,0.0,bxpc3+TNFA_CHUK,bxpc3+TNFA,CHUK,True,False,7
bxpc3+TNFA_CSF1,0.005095272,0.0067726662,0.7523288,0.9983142,0.5212262,0.8861283190689078,0.3591869318957112,0.9987051239589205,0.9984665704960998,1.0002389198295365,2470,1420,0.021496199071407318,0.0804782584309578,0.26710566878318787,0.9744125008583069,0.9253475069999695,0.8759168474977084,0.696923076923077,0.9608998428360473,0.9602728658275388,1.0006529154689467,24.0,1.0,bxpc3+TNFA_CSF1,bxpc3+TNFA,CSF1,True,False,7
bxpc3+TNFA_PDCD5,0.008006183,0.014257288,0.56155026,0.9972755,0.5905734,0.8631181548799496,0.4663633646931651,0.9978870736956189,0.9969507421373913,1.0009391954072075,2639,1220,0.04174294322729111,0.1202382817864418,0.347168505191803,0.8694453835487366,0.7199563384056091,0.9382573745401825,0.5900000000000001,0.9620303281178473,0.9707079359030399,0.9910605368883484,25.0,0.0,bxpc3+TNFA_PDCD5,bxpc3+TNFA,PDCD5,True,False,7
bxpc3+TNFA_SOX9,0.015457447,0.03937696,0.39255053,0.9951789,0.73460317,0.8272438285530663,0.6326875792316958,0.9961531642569531,0.9920816250265382,1.0041040365305687,2920,883,0.10099314898252487,0.25710150599479675,0.3928143084049225,0.9475758075714111,0.7541155219078064,0.4593191083234842,0.6038461538461538,0.9242576054104357,0.8773344445117388,1.053483778269769,25.0,0.0,bxpc3+TNFA_SOX9,bxpc3+TNFA,SOX9,True,False,7
hap1+IFNB_ADAR,0.058905713,0.02761989,2.1327279,0.98059356,0.2842277,0.8116284480777302,0.3464827911628734,0.9848680770498234,0.9936629731217492,0.9911490149982188,2442,1367,0.30008620023727417,0.322719931602478,0.9298657178878784,0.2376672774553299,0.11536002904176712,0.4669230769230769,0.34615384615384615,0.5648554680654246,0.6440685168700271,0.8770114564991419,20.0,5.0,hap1+IFNB_ADAR,hap1+IFNB,ADAR,False,True,7
hap1+IFNB_AKT1,0.04455052,0.0027811844,16.018541,0.9860804,0.13598013,0.8512992004416644,0.16742245938788566,0.9892991740059961,0.9993378348343394,0.9899546875156514,2202,1693,0.0017882809042930603,0.027891334146261215,0.06411600112915039,-0.02881353348493576,0.11377490311861038,-0.09999999999999999,0.49999999999999994,0.8003407507138085,0.9808587668042739,0.815959216352208,5.0,0.0,hap1+IFNB_AKT1,hap1+IFNB,AKT1,False,True,7
hap1+IFNB_BATF2,0.042295747,0.0024979904,16.93191,0.986452,0.13221261,0.8541049032350312,0.10857065209228339,0.9896084490975262,0.9993832600671841,0.9902191567937602,2096,1867,0.17414270341396332,0.03506271168589592,4.966606616973877,0.8505077362060547,0.35381758213043213,0.7999999999999999,0.39999999999999997,0.9606518415129205,0.9800277636524519,0.9802292109895748,2.0,2.0,hap1+IFNB_BATF2,hap1+IFNB,BATF2,False,True,7
hap1+IFNB_BRD9,0.052672375,0.0027590063,19.091066,0.9858356,0.20696424,0.822873067978368,0.21906269293393452,0.9890023798835901,0.9993379616314714,0.9896575711674077,2305,1594,,,,,,,,,,,,,hap1+IFNB_BRD9,hap1+IFNB,BRD9,False,False,7
hap1+IFNB_CEBPB,0.045272533,0.004233586,10.693661,0.9853613,0.10144213,0.8454454700287873,0.15213898758326203,0.9887000286017364,0.9990081748701216,0.9896816197027364,2126,1729,0.06208442524075508,0.035590335726737976,1.7444180250167847,0.5421028137207031,0.17149561643600464,0.7023076923076923,0.09461538461538462,0.8295759251163355,0.9756980135741187,0.850238407350531,14.0,11.0,hap1+IFNB_CEBPB,hap1+IFNB,CEBPB,False,False,7
hap1+IFNB_CEBPG,0.047111787,0.0029637706,15.895895,0.98570377,0.10141698,0.8449887413609649,0.133292221824075,0.9890264573262221,0.999275926244695,0.9897431043325634,2198,1778,0.10099942982196808,0.03487232327461243,2.896263360977173,-1.0,-1.0,-0.9999999999999999,-0.9999999999999999,0.6382260914459634,0.960047399135763,0.6647860220448449,1.0,1.0,hap1+IFNB_CEBPG,hap1+IFNB,CEBPG,False,True,7
hap1+IFNB_CRKL,0.062196095,0.016935097,3.6726153,0.97994626,0.110607535,0.8019466685878731,0.30060312957240315,0.9842771169232354,0.9962634184549234,0.9879687426942995,2466,1344,0.15402962267398834,0.1652163565158844,0.9322903752326965,0.9068121314048767,-0.24647128582000732,0.7337384127473757,0.003076923076923077,0.9299889826441812,0.9147567521014539,1.016651673253829,21.0,4.0,hap1+IFNB_CRKL,hap1+IFNB,CRKL,False,True,7
hap1+IFNB_DRAP1,0.060229518,0.01616196,3.726622,0.98007214,-0.0006472077,0.839631974457108,0.09805783690512059,0.984616407005165,0.9960739737464808,0.9884972732514824,2089,1734,0.7663962841033936,0.46257293224334717,1.6568118333816528,0.6705231666564941,0.12260183691978455,0.604731690355542,-0.05461538461538461,0.844991661701365,0.8391251874320172,1.0069911788577113,14.0,11.0,hap1+IFNB_DRAP1,hap1+IFNB,DRAP1,False,True,7
hap1+IFNB_DTX3L,0.049319167,0.0032853966,15.011633,0.98447406,-0.07244618,0.8494219928281089,0.03184848062068239,0.9880653043290368,0.9991954444001057,0.9888608979019604,2071,1873,0.005820912308990955,1.326695203781128,0.004387528169900179,1.0,1.0,0.9999999999999999,0.9999999999999999,0.9977137314542761,0.9988964621431929,0.9988159626810779,2.0,0.0,hap1+IFNB_DTX3L,hap1+IFNB,DTX3L,False,True,7
hap1+IFNB_ELK1,0.039123174,0.0058952486,6.6363907,0.9876737,0.36979622,0.8468777786343794,0.26117556156147154,0.99046147859299,0.9986095646145262,0.9918405688166211,2231,1622,0.02648715302348137,0.05903825908899307,0.44864386320114136,0.5748715400695801,0.6843041181564331,0.7136260775080088,0.4146153846153846,0.8081958164167421,0.9661322847306083,0.8365270772853798,21.0,4.0,hap1+IFNB_ELK1,hap1+IFNB,ELK1,False,True,7
hap1+IFNB_ETS1,0.04320204,0.0037689896,11.462499,0.98653746,0.22287193,0.8477915523606046,0.17810032509399262,0.9896252246470747,0.9990949321247112,0.9905217140302194,2218,1713,0.012217104434967041,0.04135744646191597,0.29540276527404785,0.18345022201538086,0.36345282196998596,0.35,0.2333333333333333,0.8577317367806934,0.9936806021795376,0.8631865560214679,8.0,1.0,hap1+IFNB_ETS1,hap1+IFNB,ETS1,False,True,7
hap1+IFNB_ETS2,0.045424625,0.0021090412,21.538046,0.9860242,0.127363,0.8523090442638733,0.13162786093147463,0.9892586373076224,0.9994865069263644,0.9897668757428303,2189,1789,0.6611058712005615,0.7422526478767395,0.8906750082969666,,,,,,,,1.0,0.0,hap1+IFNB_ETS2,hap1+IFNB,ETS2,False,True,7
hap1+IFNB_FOS,0.045853447,0.003389147,13.529494,0.9854651,0.0792089,0.8477934714360549,0.12210557464459043,0.9887966960916628,0.9991943604484936,0.9895939521194217,2127,1746,0.04249218478798866,0.13762116432189941,0.30876198410987854,0.9728364944458008,0.875144898891449,0.7,0.3,0.9829280476309877,0.9924110424275705,0.9904444888346001,5.0,0.0,hap1+IFNB_FOS,hap1+IFNB,FOS,False,False,7
hap1+IFNB_H1F0,0.04566921,0.0017697079,25.806072,0.98604023,0.096389055,0.845954587929929,0.14101179265553987,0.9892669092054434,0.9995681236060059,0.9896943348259244,2246,1754,,,,,,,,,,,,,hap1+IFNB_H1F0,hap1+IFNB,H1F0,False,True,7
hap1+IFNB_HERC5,0.044605587,0.004050724,11.011756,0.9860815,0.17587045,0.841993673872008,0.15436910054493258,0.9892726985722875,0.9990270733123664,0.9902361257260653,2188,1711,0.16558189690113068,0.5778903365135193,0.28652822971343994,0.7619158029556274,0.8849617838859558,0.8285714285714287,0.028571428571428574,0.8854637515020488,0.985753742721976,0.8982606031573412,4.0,2.0,hap1+IFNB_HERC5,hap1+IFNB,HERC5,False,True,7
hap1+IFNB_HERC6,0.046126496,0.0036928947,12.490607,0.98576605,0.12559319,0.8399055612840834,0.12166696078872219,0.9890309733331233,0.9991016300268334,0.9899202879956871,2188,1746,0.13214413821697235,1.3106285333633423,0.10082501173019409,0.8112700581550598,0.8851146101951599,0.6000000000000001,1.0,0.9110450681756789,0.9586913557082457,0.950300701838114,4.0,0.0,hap1+IFNB_HERC6,hap1+IFNB,HERC6,False,True,7
hap1+IFNB_HES4,0.04673246,0.0031893218,14.652789,0.98599637,0.1671313,0.837022254286907,0.19433988419238704,0.9891917360879203,0.9992406389445925,0.9899434605989545,2261,1633,0.07012918591499329,0.03339700400829315,2.0998644828796387,0.7388546466827393,-0.05383148044347763,0.5952380952380953,-0.1666666666666667,0.8700204675027822,0.9553677000345906,0.9106655662225986,6.0,2.0,hap1+IFNB_HES4,hap1+IFNB,HES4,False,True,7
hap1+IFNB_ID1,0.048330102,0.0119645875,4.039429,0.9837339,0.14991298,0.8306387895859255,0.2504165855436073,0.9872746128718497,0.9974208747272632,0.9898275019979025,2297,1505,0.029679113999009132,0.06947623938322067,0.4271836578845978,0.2603287994861603,0.712784469127655,0.45461538461538464,0.5830769230769232,0.8018418965101498,0.9216121630104871,0.8700426586069542,19.0,6.0,hap1+IFNB_ID1,hap1+IFNB,ID1,False,False,7
hap1+IFNB_ID2,0.046576723,0.0020827733,22.362839,0.9855662,0.028526966,0.8496310122831734,0.1000327633679083,0.9889089143545318,0.9994913802070572,0.9894121489568694,2151,1819,,,,,,,,,,,,,hap1+IFNB_ID2,hap1+IFNB,ID2,False,True,7
hap1+IFNB_ID3,0.044969793,0.0047699106,9.427806,0.98610306,0.20011306,0.835691504463432,0.20723706754439483,0.9892682330829093,0.9988626752836569,0.9903946333783842,2262,1630,0.11147764325141907,0.11544812470674515,0.9656081199645996,0.6362357139587402,0.7752936482429504,0.4015384615384615,0.030769230769230767,0.740722378922241,0.7881534141692157,0.9398200472214268,20.0,5.0,hap1+IFNB_ID3,hap1+IFNB,ID3,False,True,7
hap1+IFNB_IFI16,0.06099295,0.021498028,2.8371415,0.98339736,0.49923164,0.7490315542345545,0.5332982540192532,0.9867577864995324,0.9956472969235519,0.9910716270194403,2817,973,0.09444379061460495,0.2065477967262268,0.45724907517433167,0.47667261958122253,0.6562251448631287,0.47710661476974914,0.45999999999999996,0.6704578912165439,0.9665710712778405,0.6936457247061774,22.0,3.0,hap1+IFNB_IFI16,hap1+IFNB,IFI16,False,True,7
hap1+IFNB_IFNAR1,0.034235533,0.017513461,1.9548125,0.9889127,0.59510124,0.8573722359472168,0.1331900390408628,0.9914361063915221,0.9957233273884148,0.9956943652127371,2181,1726,0.4185299575328827,1.976184368133545,0.2117868959903717,0.8528203368186951,0.8695566654205322,0.7446153846153846,0.8484615384615384,0.9744852154752098,0.9853330093788277,0.9889907332847232,25.0,0.0,hap1+IFNB_IFNAR1,hap1+IFNB,IFNAR1,False,True,7
hap1+IFNB_IFNAR2,0.033919867,0.018762005,1.807902,0.9894727,0.6437374,0.8463630076191965,0.15519810518101498,0.9918532298763045,0.9954044037535582,0.996432431016115,2214,1730,0.4225165843963623,2.2722418308258057,0.1859470158815384,0.8587374687194824,0.8737226724624634,0.7938461538461539,0.8692307692307691,0.9703716794710358,0.9852674128669973,0.9848815324637431,25.0,0.0,hap1+IFNB_IFNAR2,hap1+IFNB,IFNAR2,False,True,7
hap1+IFNB_IRF1,0.046509042,0.0023593067,19.713013,0.9854318,0.02325979,0.8552213356729783,0.06035739918686532,0.988836093590588,0.9994165118059597,0.9894134046312155,2098,1900,0.5384292602539062,0.5378400683403015,1.0010955333709717,,,,,,,,0.0,1.0,hap1+IFNB_IRF1,hap1+IFNB,IRF1,False,True,7
hap1+IFNB_IRF3,0.06420931,0.0034819804,18.440458,0.9841169,0.25408906,0.7659603803298975,0.2688306763991293,0.9873770044553135,0.9991740916953827,0.9881931613938747,2417,1461,0.012343687005341053,0.031527649611234665,0.3915194272994995,-0.13169710338115692,-0.43454843759536743,-0.3714285714285715,-0.14285714285714288,0.4927449952164352,0.897781408587765,0.5488474037255201,6.0,0.0,hap1+IFNB_IRF3,hap1+IFNB,IRF3,False,True,7
hap1+IFNB_IRF7,0.048076335,0.0025424426,18.909506,0.9853481,0.054792736,0.848959309818012,0.11422581522537431,0.9887266040594539,0.9993824886692536,0.9893375311948994,2195,1760,0.010898838751018047,1.316904067993164,0.008276106789708138,,,,,,,,1.0,0.0,hap1+IFNB_IRF7,hap1+IFNB,IRF7,False,True,7
hap1+IFNB_IRF9,0.048338518,0.0075197783,6.428184,0.9857334,0.32986027,0.8185058985792029,0.19983210825150413,0.9888877787820614,0.9982448532564064,0.9906264736113378,2284,1587,0.04302632436156273,0.07954170554876328,0.5409278869628906,0.6843070983886719,0.4716790020465851,0.31076923076923074,0.2976923076923077,0.8143475189287115,0.9582735527426928,0.849806943537106,21.0,4.0,hap1+IFNB_IRF9,hap1+IFNB,IRF9,False,True,7
hap1+IFNB_JAK1,0.036308024,0.0049152006,7.3868856,0.98824656,0.5526137,0.8597599359501193,0.1796836848208721,0.990981603259797,0.9988036090031416,0.9921686248699568,2211,1766,0.09359476715326309,0.059773918241262436,1.5658128261566162,0.9123425483703613,-0.5904020667076111,0.8571428571428573,-0.3571428571428572,0.9605489901606501,0.9895409580315967,0.9707015989225776,4.0,3.0,hap1+IFNB_JAK1,hap1+IFNB,JAK1,False,True,7
hap1+IFNB_JUN,0.04480508,0.0018044277,24.830631,0.9859899,0.08083221,0.8540440227235403,0.12210908633529083,0.989236939094941,0.9995593191739106,0.9896730690405643,2191,1801,,,,,,,,,,,,,hap1+IFNB_JUN,hap1+IFNB,JUN,False,True,7
hap1+IFNB_MAP3K14,0.045576997,0.0029297213,15.556769,0.9860215,0.15870696,0.8485642131784249,0.18403716885529628,0.9892224880248364,0.9993029794098834,0.9899124774040002,2249,1650,0.006772393360733986,0.04898139461874962,0.13826461136341095,,,,,,,,1.0,0.0,hap1+IFNB_MAP3K14,hap1+IFNB,MAP3K14,False,True,7
hap1+IFNB_MAPK8,0.04446529,0.0024386852,18.233305,0.9861957,0.14685407,0.8463185548345931,0.1554923800315457,0.9893724540791433,0.9994086244029404,0.9899578910180079,2207,1744,,,,,,,,,,,,,hap1+IFNB_MAPK8,hap1+IFNB,MAPK8,False,True,7
hap1+IFNB_MAPK14,0.05005905,0.0030479352,16.423922,0.9843396,-0.0872471,0.8456499091758412,0.06701896301679232,0.9879408256680474,0.9992563586602969,0.9886760460474625,2120,1806,0.15970222651958466,0.1089109256863594,1.4663563966751099,0.9307963848114014,0.6152964234352112,0.5,0.5,0.9471732877479797,0.9919467640177508,0.9548630250191835,1.0,2.0,hap1+IFNB_MAPK14,hap1+IFNB,MAPK14,False,True,7
hap1+IFNB_MEF2A,0.047172632,0.0036821687,12.8111,0.9861228,0.21269591,0.8278163735774152,0.20964264275148967,0.989246849721981,0.9991068465436829,0.9901311888154789,2301,1613,0.17678385972976685,0.30126407742500305,0.5868069529533386,0.9949731826782227,0.6916054487228394,0.45,0.6,0.9956752649676751,0.9957363205100314,0.999938683021701,8.0,1.0,hap1+IFNB_MEF2A,hap1+IFNB,MEF2A,False,True,7
hap1+IFNB_MYC,0.044990867,0.0017536837,25.655064,0.9861798,0.102169126,0.8541154387965779,0.14469693065750333,0.9893968315795093,0.999567427294543,0.989825002858925,2223,1798,,,,,,,,,,,,,hap1+IFNB_MYC,hap1+IFNB,MYC,False,True,7
hap1+IFNB_NFE2L3,0.04142254,0.0028266835,14.654113,0.98643273,0.1634629,0.8544936031731504,0.12117828311547994,0.9895727533357674,0.999313977386687,0.9902520886614696,2070,1883,,,,,,,,,,,,,hap1+IFNB_NFE2L3,hap1+IFNB,NFE2L3,False,False,7
hap1+IFNB_NFKB1,0.052087437,0.0107481945,4.846157,0.9839508,0.23726486,0.8049395685474326,0.3261779393399831,0.9874532978773253,0.9976316094441428,0.9897975249877171,2442,1360,0.08152464032173157,0.17587865889072418,0.46352776885032654,0.9211539626121521,0.4202781915664673,0.41801398067621226,0.41923076923076924,0.9370243392467764,0.9571446381295108,0.9789788313268366,23.0,2.0,hap1+IFNB_NFKB1,hap1+IFNB,NFKB1,False,True,7
hap1+IFNB_PARP12,0.045875575,0.0028566634,16.059147,0.98530364,0.006050242,0.8534763999104927,0.06338299694977997,0.9887270936131106,0.9993019007210925,0.9894178054696472,2061,1908,0.00866988766938448,2.3907294273376465,0.003626461373642087,,,,,,,,1.0,0.0,hap1+IFNB_PARP12,hap1+IFNB,PARP12,False,True,7
hap1+IFNB_POU2F1,0.056740943,0.053160127,1.0673591,0.97784805,0.46354234,0.7713551036890265,0.5345445184679747,0.982365855392815,0.991027537326184,0.9912598978261105,2752,1023,0.20357191562652588,0.21244977414608002,0.9582119584083557,0.1651802361011505,0.06161395087838173,0.33668204620757725,-0.08307692307692309,0.6854684627760094,0.8561790411114817,0.8006134580053982,21.0,4.0,hap1+IFNB_POU2F1,hap1+IFNB,POU2F1,False,True,7
hap1+IFNB_RAP1GAP,0.045346092,0.0017494461,25.920256,0.9860578,0.0881474,0.8495199687228465,0.14578154051981668,0.9893018638397181,0.9995754494257935,0.9897220509047345,2255,1755,,,,,,,,,,,,,hap1+IFNB_RAP1GAP,hap1+IFNB,RAP1GAP,False,True,7
hap1+IFNB_RAPGEF1,0.04915837,0.009440932,5.20694,0.9843801,0.18044595,0.8253735255644251,0.25757368566468825,0.9878203101045983,0.9979191196262072,0.9898801322441927,2332,1486,0.060827210545539856,0.09503167867660522,0.6400730013847351,0.8570720553398132,0.14554187655448914,0.7220941323651696,0.15461538461538463,0.9410735595863648,0.9533582712614016,0.9871142758757601,20.0,5.0,hap1+IFNB_RAPGEF1,hap1+IFNB,RAPGEF1,False,True,7
hap1+IFNB_RNF114,0.04676701,0.0017740711,26.361406,0.98599094,0.07330716,0.8450027732269114,0.10777660488921251,0.9892368968173689,0.9995616720906878,0.9896706971049385,2183,1832,,,,,,,,,,,,,hap1+IFNB_RNF114,hap1+IFNB,RNF114,False,True,7
hap1+IFNB_SMARCA5,0.055520404,0.0073873703,7.5155845,0.9838426,0.13642678,0.8091278466864071,0.21001631763795936,0.987451770143707,0.998267617603805,0.9891653828398642,2280,1576,0.08590610325336456,0.07558756321668625,1.1365110874176025,0.36447015404701233,-0.3928676247596741,0.6789767388533915,-0.12923076923076923,0.5881194290029674,0.6916640550049007,0.8502963609968143,18.0,7.0,hap1+IFNB_SMARCA5,hap1+IFNB,SMARCA5,False,True,7
hap1+IFNB_SOCS1,0.049803887,0.0020532755,24.255823,0.9847286,-0.1300631,0.8468817136515635,0.06457789744965235,0.9882706896425458,0.9994917593445779,0.9887732243941757,2132,1843,,,,,,,,,,,,,hap1+IFNB_SOCS1,hap1+IFNB,SOCS1,False,True,7
hap1+IFNB_SP100,0.045092266,0.0030872219,14.606098,0.98550314,0.050471686,0.8512099122742817,0.07866626601777339,0.9888712445622976,0.9992493063563486,0.9896141416080704,2080,1864,0.00807234924286604,3.3208956718444824,0.002430774737149477,,,,,,,,1.0,0.0,hap1+IFNB_SP100,hap1+IFNB,SP100,False,True,7
hap1+IFNB_SP110,0.054131288,0.005859123,9.238804,0.9843354,0.19533202,0.8061736168010348,0.26786106586720776,0.9877854286845674,0.9986699512732625,0.9891009811852076,2394,1458,0.0912206619977951,0.07420352101325989,1.2293306589126587,0.8207191824913025,-0.2716066241264343,0.5438461538461539,-0.09538461538461537,0.8986914213934428,0.9607369637763747,0.9354188037701296,20.0,5.0,hap1+IFNB_SP110,hap1+IFNB,SP110,False,True,7
hap1+IFNB_STAT1,0.032971848,0.013699846,2.4067311,0.9891761,0.562384,0.866330134026647,0.10073952678068401,0.9916992704193914,0.9966126350946167,0.9950699353969571,2185,1849,0.40469008684158325,1.6389285326004028,0.246923565864563,0.8085851669311523,0.7793053984642029,0.7230769230769231,0.7884615384615384,0.969443715265022,0.9926405176103825,0.9766312154966201,25.0,0.0,hap1+IFNB_STAT1,hap1+IFNB,STAT1,False,True,7
hap1+IFNB_STAT2,0.035711553,0.02015029,1.77226,0.98961675,0.6544154,0.8149024962633528,0.2406217748397435,0.9918588710954638,0.9951621250982511,0.9966806875789599,2312,1568,0.42948028445243835,2.239145278930664,0.19180545210838318,0.7803508639335632,0.6611618399620056,0.6223076923076922,0.7084615384615385,0.9562664510719172,0.9831714278180418,0.9726345009782933,25.0,0.0,hap1+IFNB_STAT2,hap1+IFNB,STAT2,False,True,7
hap1+IFNB_STAT3,0.041934874,0.0025874886,16.206785,0.98650396,0.16826929,0.8579073709057484,0.18690676052938593,0.9896377529578904,0.9993726963206058,0.9902589460382932,2206,1736,0.01754574105143547,0.0393824428319931,0.44552192091941833,,,,,,,,1.0,0.0,hap1+IFNB_STAT3,hap1+IFNB,STAT3,False,True,7
hap1+IFNB_STAT4,0.049904402,0.002347196,21.261284,0.98463136,-0.061068133,0.8485340224275694,0.05012683477201562,0.9881622220898993,0.999427830337976,0.9887279422224344,2119,1834,,,,,,,,,,,,,hap1+IFNB_STAT4,hap1+IFNB,STAT4,False,True,7
hap1+IFNB_STAT5A,0.05086114,0.0016451096,30.916565,0.9849503,0.0683389,0.8493004059013749,0.1421788633129643,0.9883800815604588,0.9995929881905372,0.9887825277262338,2238,1753,,,,,,,,,,,,,hap1+IFNB_STAT5A,hap1+IFNB,STAT5A,False,False,7
hap1+IFNB_STAT6,0.043587957,0.015692975,2.7775457,0.9852288,0.31682563,0.8337211947942231,0.3126884727148326,0.9883851942583485,0.9966520906154198,0.9917053338522908,2362,1428,0.08539850264787674,0.09313720464706421,0.916910707950592,0.11742988228797913,-0.24579022824764252,0.16570358311659242,0.061538461538461535,0.706282425569895,0.9176683543365228,0.7696488848419966,19.0,6.0,hap1+IFNB_STAT6,hap1+IFNB,STAT6,False,True,7
hap1+IFNB_TRAFD1,0.04474248,0.0038029382,11.76524,0.9860965,0.19293588,0.8463484916312232,0.21035457034467364,0.989274601461413,0.9991181906147163,0.9901477230163861,2251,1627,0.021739397197961807,0.04566897824406624,0.4760211110115051,0.6326319575309753,0.391314297914505,0.4523809523809524,-0.19047619047619052,0.9211849892718175,0.9429190275943881,0.976950260110861,7.0,1.0,hap1+IFNB_TRAFD1,hap1+IFNB,TRAFD1,False,True,7
hap1+IFNB_TRIM21,0.06600768,0.007997686,8.253347,0.9820596,0.16477543,0.7632630754953953,0.2845820067874274,0.9858224683101212,0.998178055260569,0.987621860763887,2464,1357,0.014100611209869385,0.0836271271109581,0.16861288249492645,0.853264331817627,0.5571869015693665,0.5781881237941346,0.6384615384615384,0.9202580592999964,0.9567741926519987,0.9618341154763106,24.0,1.0,hap1+IFNB_TRIM21,hap1+IFNB,TRIM21,False,True,7
hap1+IFNB_TRIM22,0.04816033,0.0062552583,7.6991754,0.9849352,0.13855764,0.8388766881412107,0.16030838799985503,0.9883558882222145,0.9985206434927949,0.9898201851540852,2185,1690,0.08912377059459686,0.37818241119384766,0.23566344380378723,0.9542244076728821,0.9094824194908142,0.6476923076923076,0.24769230769230768,0.963891702893898,0.9953412741806841,0.968403228015764,18.0,7.0,hap1+IFNB_TRIM22,hap1+IFNB,TRIM22,False,True,7
hap1+IFNB_TYK2,0.038355507,0.014644345,2.6191342,0.9876064,0.5893216,0.8472001892457025,0.16702525858906722,0.9903904613188252,0.9965259666784896,0.9938431053832801,2180,1687,0.7801551222801208,1.289308786392212,0.605095624923706,0.7675819396972656,0.9042280912399292,0.8007692307692308,0.7853846153846153,0.9353049384814613,0.9862242291173192,0.9483694588588326,24.0,1.0,hap1+IFNB_TYK2,hap1+IFNB,TYK2,False,True,7
hap1+IFNB_UBA7,0.04440622,0.0037425717,11.865162,0.9861252,0.17993471,0.8373702984381614,0.2217935090126496,0.9892798926361286,0.9991237269784601,0.990147532205945,2278,1605,0.016532989218831062,0.02994450554251671,0.5521209836006165,0.5593194365501404,0.36991870403289795,0.5272727272727272,0.38181818181818183,0.8619304627428589,0.9672335647579304,0.8911296031776712,7.0,3.0,hap1+IFNB_UBA7,hap1+IFNB,UBA7,False,True,7
hap1+IFNB_UBE2L6,0.046815943,0.0033509545,13.970927,0.9856714,0.12770563,0.8388829385006756,0.17197058666691536,0.9889364093700791,0.9992086735500392,0.9897196006681325,2211,1688,0.24314601719379425,0.07827077805995941,3.1064724922180176,0.7159926295280457,-0.5369880199432373,0.8999999999999998,-0.6,0.8928618119040064,0.9832922932616806,0.908032960313655,3.0,2.0,hap1+IFNB_UBE2L6,hap1+IFNB,UBE2L6,False,True,7
hap1+IFNB_USP18,0.07000449,0.02255419,3.1038353,0.97949266,0.056358073,0.8133389613587964,0.23513341092129125,0.984244391892628,0.9944157156252894,0.9897715577370318,2291,1660,1.508407711982727,1.0993213653564453,1.3721262216567993,0.935008704662323,0.07263267785310745,0.8738461538461537,0.021538461538461538,0.9667038108734646,0.9722588728742038,0.9942864373309166,16.0,9.0,hap1+IFNB_USP18,hap1+IFNB,USP18,False,True,7
hap1+IFNB_VAV1,0.04794499,0.0016193055,29.608366,0.9853764,-0.043444205,0.8482668814725853,0.05213374790373718,0.9887704055709695,0.9996002823959218,0.9891657925516043,2130,1906,,,,,,,,,,,,,hap1+IFNB_VAV1,hap1+IFNB,VAV1,False,True,7
hap1+IFNB_ZBP1,0.044313677,0.0020867856,21.235376,0.9864069,0.19210753,0.8439924747321936,0.1980450088469814,0.9895445766600125,0.9995015704378128,0.9900380408872805,2255,1675,,,,,,,,,,,,,hap1+IFNB_ZBP1,hap1+IFNB,ZBP1,False,True,7
hap1+IFNB_ZNFX1,0.04714055,0.0035611526,13.237442,0.9856108,0.15728743,0.8399046722347194,0.20743061936621462,0.988874252718257,0.9991543144316813,0.9897112372283838,2272,1625,0.7705034613609314,1.0456265211105347,0.7368820905685425,0.972521185874939,0.4564691483974457,1.0,0.5,0.9895029839137899,0.9788802860055285,1.010851886650623,3.0,0.0,hap1+IFNB_ZNFX1,hap1+IFNB,ZNFX1,False,True,7
hap1+IFNG_CUL1,0.09811609,0.18811855,0.5215652,0.9769047,0.8362746,0.7758582649974768,0.751797497992026,0.9799110947998589,0.9702688667716842,1.0099376867159067,2377,492,0.6877734661102295,1.3497120141983032,0.5095705389976501,0.8236770629882812,0.09585654735565186,0.6962791358860625,0.03153846153846154,0.9329335069085467,0.9124274678338083,1.022474157999015,25.0,0.0,hap1+IFNG_CUL1,hap1+IFNG,CUL1,True,False,7
hap1+IFNG_RUNX1,0.009794885,0.004172324,2.347585,0.99754965,0.35682032,0.8655281674064998,0.3074833064146459,0.9980450728620684,0.9989427562615293,0.9991013665259255,2149,1231,,,,,,,,,,,,,hap1+IFNG_RUNX1,hap1+IFNG,RUNX1,True,False,7
hap1+INS_CHUK,0.030496264,0.0020333943,14.997713,0.9938422,0.20067614,0.8009087566983248,0.25297385496793595,0.9949460516587344,0.9994962468513167,0.99544751147699,2509,1514,0.08780988305807114,0.08017664402723312,1.095205307006836,0.9705119132995605,0.21746550500392914,0.21428571428571433,0.5357142857142858,0.9484695132760592,0.7647714266910939,1.2401999867852864,6.0,1.0,hap1+INS_CHUK,hap1+INS,CHUK,False,False,7
hap1+INS_COPS4,0.0311107,0.05493769,0.5662906,0.9884535,0.560557,0.8061750106485333,0.5933319147936257,0.9904108130489032,0.9895111994077649,1.0009091495292592,2990,899,0.08649973571300507,0.1802968829870224,0.4797627925872803,-0.10256899893283844,-0.1624940037727356,-0.14757670704468032,0.0,0.7011897959024174,0.7808183303529106,0.8980191276830001,25.0,0.0,hap1+INS_COPS4,hap1+INS,COPS4,False,True,7
hap1+INS_DR1,0.031537503,0.040073384,0.78699374,0.9885938,0.41792795,0.8182439449053548,0.48179548248288856,0.9906522873720774,0.9916253818282149,0.999018687425746,2826,1070,0.1009998619556427,0.16050706803798676,0.629254937171936,0.3621905446052551,0.22751401364803314,0.32566091374194917,0.2746153846153846,0.8169313138801374,0.8571958013494225,0.9530276660176128,21.0,4.0,hap1+INS_DR1,hap1+INS,DR1,False,True,7
hap1+INS_EIF2B1,0.015877701,0.010045725,1.5805432,0.99505156,0.41747588,0.8621281344094751,0.32469925876542716,0.9960415944958416,0.9976691344642048,0.9983686575918406,2451,1472,0.027888424694538116,0.08514369279146194,0.3275454044342041,0.8225676417350769,0.8643335700035095,0.7459586505989866,0.45,0.8378491009392764,0.9227873101865285,0.9079547276933371,20.0,5.0,hap1+INS_EIF2B1,hap1+INS,EIF2B1,False,True,7
hap1+INS_ELK1,0.016528092,0.0030284915,5.457533,0.9949168,0.13771641,0.884250015652292,0.1975794502439842,0.9960541553894647,0.999231134997938,0.9968205758435661,2312,1691,0.010868893004953861,0.013468737713992596,0.8069719076156616,0.3131389617919922,0.3088962137699127,0.16846153846153847,0.2815384615384615,0.8530805334269301,0.95438321955565,0.8938553360400813,17.0,8.0,hap1+INS_ELK1,hap1+INS,ELK1,False,True,7
hap1+INS_FOS,0.0145672085,0.0016967171,8.5855255,0.9954198,0.21855521,0.8920372008275871,0.20534994974795884,0.9964529308230183,0.9995781491461322,0.9968734627444753,2336,1695,0.08000529557466507,0.06863296777009964,1.165697693824768,0.9904971122741699,-0.7205135822296143,1.0,-1.0,0.9969465179470266,0.9955263112060467,1.0014265888555565,1.0,2.0,hap1+INS_FOS,hap1+INS,FOS,False,False,7
hap1+INS_FOXM1,0.017061763,0.009619333,1.773695,0.9952717,0.4556868,0.8475306235812239,0.38165568892228235,0.9962872507081758,0.9977161915647775,0.9985677882461137,2577,1357,0.013165545649826527,0.06295304745435715,0.20913277566432953,0.5924122929573059,0.8118946552276611,0.6953846153846154,0.563076923076923,0.8883125099431297,0.963461625931409,0.9220009246184244,25.0,0.0,hap1+INS_FOXM1,hap1+INS,FOXM1,False,True,7
hap1+INS_FOXO1,0.020746313,0.0016853908,12.309497,0.99450636,0.08298961,0.8755131917060738,0.155948914466189,0.9957216777506465,0.9995831483948235,0.9961369190243173,2394,1712,0.0025504936929792166,0.021654555574059486,0.11778093129396439,,,,,,,,1.0,0.0,hap1+INS_FOXO1,hap1+INS,FOXO1,False,True,7
hap1+INS_FOXO3,0.02084469,0.0023767687,8.770181,0.9947091,0.16325656,0.8699459736383586,0.22094779658625038,0.9958631769061698,0.9994025840567659,0.9964584770871524,2423,1601,0.4322459101676941,0.6519811749458313,0.6629729866981506,1.0,1.0,0.9999999999999999,0.9999999999999999,0.9997033570677085,0.9995304830307999,1.0001729552423297,2.0,0.0,hap1+INS_FOXO3,hap1+INS,FOXO3,False,True,7
hap1+INS_FOXO4,0.032245584,0.04513863,0.7143678,0.98865193,0.551454,0.7366042370810039,0.5891701013802074,0.9908483054768075,0.9906590278576771,1.0001910623270043,3009,895,0.07134416699409485,0.14579759538173676,0.4893370568752289,-0.0852891206741333,-0.04526717588305473,-0.035450108771823155,-0.10846153846153846,0.5662691567439463,0.7731539886210639,0.7324144544011201,22.0,3.0,hap1+INS_FOXO4,hap1+INS,FOXO4,False,True,7
hap1+INS_GRB2,0.018119544,0.0016474344,10.998643,0.9951241,0.20804465,0.8776264102533926,0.18803492513710468,0.9962110224018379,0.9995847298132455,0.9966248910064504,2338,1723,,,,,,,,,,,,,hap1+INS_GRB2,hap1+INS,GRB2,False,True,7
hap1+INS_GRB10,0.017112758,0.0019351471,8.84313,0.9952153,0.18478349,0.8825958403382304,0.20044885777185112,0.9962839968977555,0.9995056414626607,0.9967767619998715,2413,1721,,,,,,,,,,,,,hap1+INS_GRB10,hap1+INS,GRB10,False,True,7
hap1+INS_HSF1,0.01793389,0.0033656182,5.3285575,0.99527276,0.30662885,0.8715136700856068,0.2553970326838109,0.9963224284567428,0.999178369998418,0.9971417100015088,2423,1558,0.018555860966444016,0.03136880323290825,0.591538667678833,0.977307915687561,0.2337714433670044,0.7061538461538461,0.32846153846153847,0.9820882997503888,0.9626877129440552,1.0201525235499302,24.0,1.0,hap1+INS_HSF1,hap1+INS,HSF1,False,True,7
hap1+INS_IGF2,0.01766785,0.0014113183,12.518685,0.99514157,0.15513614,0.883892605900931,0.1808445167105785,0.9962166488314003,0.9996397654594074,0.9965756498027728,2382,1810,0.01933865062892437,0.13609760999679565,0.1420939713716507,,,,,,,,1.0,0.0,hap1+INS_IGF2,hap1+INS,IGF2,False,True,7
hap1+INS_IKBKB,0.036194768,0.007597308,4.764157,0.9922549,0.30540898,0.7493391615032967,0.37710995978141354,0.9936691721560145,0.998224430038877,0.9954366395514032,2736,1196,0.027850143611431122,0.05752537399530411,0.4841366708278656,0.894366979598999,-0.19778919219970703,0.15907454476780022,-0.06230769230769231,0.9172917573227634,0.9346793446728714,0.9813972701448821,24.0,1.0,hap1+INS_IKBKB,hap1+INS,IKBKB,False,True,7
hap1+INS_INSR,0.020656783,0.0013737115,15.037206,0.9947257,0.113868535,0.8622072854208364,0.14878052159719488,0.9958762379756197,0.9996551146473092,0.9962198195994599,2309,1768,,,,,,,,,,,,,hap1+INS_INSR,hap1+INS,INSR,False,True,7
hap1+INS_IRS1,0.020203901,0.0045408416,4.4493737,0.9951427,0.25379783,0.8743309509332087,0.22483331872959192,0.9962164231611031,0.99884163199284,0.9973717466837068,2385,1663,0.059157487004995346,0.0819280594587326,0.7220662832260132,0.9061527848243713,0.5198076963424683,0.8461538461538461,0.3010989010989011,0.8997148320999048,0.8751487615873463,1.0280707367602286,8.0,6.0,hap1+INS_IRS1,hap1+INS,IRS1,False,True,7
hap1+INS_IRS2,0.01892586,0.0011960749,15.823307,0.9950606,0.17921478,0.8723565987653813,0.17674597695693187,0.9961419742147908,0.999697177875452,0.9964437194188978,2363,1782,,,,,,,,,,,,,hap1+INS_IRS2,hap1+INS,IRS2,False,True,7
hap1+INS_IRS4,0.023234354,0.0018647324,12.459887,0.99425626,0.0902286,0.8554738768410293,0.14353678089957028,0.9954597931230323,0.9995345621085435,0.9959233335794658,2332,1716,0.0151048693805933,0.010892659425735474,1.3867017030715942,1.0,-1.0,0.9999999999999999,-0.9999999999999999,0.9481690508157615,0.9991901599632615,0.9489375384267436,1.0,1.0,hap1+INS_IRS4,hap1+INS,IRS4,False,True,7
hap1+INS_MAPK1,0.020384438,0.0028850115,7.065635,0.99399555,0.016270885,0.8679589521789173,0.1382455509863166,0.995294847492066,0.9992889648959655,0.9960030406176702,2311,1712,0.19975975155830383,0.24995580315589905,0.799180269241333,0.9984453320503235,0.4812842607498169,0.5272727272727272,0.7575757575757575,0.9976343904358169,0.9961047611501029,1.0015356108567817,8.0,2.0,hap1+INS_MAPK1,hap1+INS,MAPK1,False,True,7
hap1+INS_MAPK3,0.0140444245,0.0016074488,8.73709,0.99581885,0.3333699,0.8959824908120038,0.26963780833517687,0.9967555298663375,0.9995947952953139,0.9971595836209436,2423,1614,,,,,,,,,,,,,hap1+INS_MAPK3,hap1+INS,MAPK3,False,True,7
hap1+INS_MTOR,0.032043535,0.03296989,0.9719031,0.9917994,0.6031983,0.7525287866430505,0.6029778593127519,0.99342637844043,0.9934008120987482,1.0000257361795666,3008,883,0.0316072553396225,0.1365668624639511,0.23144161701202393,0.3283284306526184,0.34354373812675476,0.34780086057619913,0.20230769230769227,0.7111553543682317,0.8816406466200174,0.8066272319619311,25.0,0.0,hap1+INS_MTOR,hap1+INS,MTOR,False,True,7
hap1+INS_PIK3CA,0.019822644,0.005199541,3.8123837,0.99519205,0.38999426,0.8512558725124099,0.3698722452329486,0.9962294489792708,0.9987748108868529,0.9974515157172196,2590,1354,0.01741865463554859,0.03690715879201889,0.4719586968421936,0.26824697852134705,-0.05397699028253555,0.22619734982764547,0.006153846153846154,0.8045814860075337,0.9348969858829108,0.8606097764318835,22.0,3.0,hap1+INS_PIK3CA,hap1+INS,PIK3CA,False,True,7
hap1+INS_POLR2G,0.06798761,0.19966944,0.34050086,0.9689815,0.74509764,0.693151608343352,0.715787646564526,0.9741409782758462,0.9668236357983493,1.0075684356552317,3102,660,0.16501352190971375,0.5114267468452454,0.32265329360961914,-0.2516464293003082,0.4855884909629822,-0.3039800094641853,0.4576923076923077,0.02464540011581584,0.055850801000854045,0.4412720976989923,22.0,3.0,hap1+INS_POLR2G,hap1+INS,POLR2G,False,True,7
hap1+INS_POLR2L,0.034205213,0.078682706,0.4347234,0.98626876,0.695571,0.7180579079257753,0.6721618262712974,0.9888017562115139,0.9858748755679079,1.0029688155324172,3078,750,0.07208246737718582,0.1975966840982437,0.3647959232330322,0.24026250839233398,0.19029328227043152,0.4132433824461851,0.21153846153846154,0.5331071139937708,0.637855157098264,0.8357808321547263,24.0,1.0,hap1+INS_POLR2L,hap1+INS,POLR2L,False,False,7
hap1+INS_PTEN,0.02035674,0.0019186242,10.610072,0.9944212,0.05593264,0.8735909624763577,0.1096740784227137,0.9956437722908414,0.9995148263076236,0.9961270669379838,2322,1844,1.7511162757873535,2.629000186920166,0.6660768985748291,,,,,,,,1.0,0.0,hap1+INS_PTEN,hap1+INS,PTEN,False,True,7
hap1+INS_RAD51,0.037271127,0.054184027,0.68786186,0.9885466,0.6461507,0.7113194855706803,0.6591393001793866,0.9907025116061347,0.9893212550016834,1.0013961659041166,3111,782,0.04101039841771126,0.1906704157590866,0.21508526802062988,-0.019412050023674965,0.6385341882705688,0.11651964721993929,0.6746153846153846,0.6171160479951321,0.788083777532631,0.7830589406715456,24.0,1.0,hap1+INS_RAD51,hap1+INS,RAD51,False,True,7
hap1+INS_RPS6KB1,0.015208026,0.006057129,2.5107648,0.9951912,0.3401098,0.879801310198956,0.289202083148247,0.9962092787081008,0.9985939441134366,0.9976119769007282,2387,1557,0.02127532660961151,0.047016702592372894,0.4525057077407837,0.8046736121177673,0.6363508105278015,0.3577611145233168,0.09461538461538462,0.8891358540631477,0.9623155338817647,0.9239545894853981,20.0,5.0,hap1+INS_RPS6KB1,hap1+INS,RPS6KB1,False,True,7
hap1+INS_SGK1,0.020087348,0.0020412307,9.840803,0.9944408,0.05696941,0.8837538729012145,0.12022385213572927,0.9956697507930145,0.9994933795237351,0.9961744331587843,2323,1755,,,,,,,,,,,,,hap1+INS_SGK1,hap1+INS,SGK1,False,True,7
hap1+INS_SHC1,0.019821847,0.0032769875,6.0488014,0.99489045,0.26345003,0.8600523969985399,0.238114103882467,0.9960070067399638,0.9992071406823165,0.9967973267883499,2438,1534,0.008303174749016762,0.019824068993330002,0.4188431203365326,0.6556649208068848,0.5200815200805664,0.24701810216304754,0.41923076923076924,0.8547673799250329,0.9675801206862057,0.8834073392483858,23.0,2.0,hap1+INS_SHC1,hap1+INS,SHC1,False,True,7
hap1+INS_SMARCE1,0.07691737,0.057674974,1.3336351,0.9828349,0.6275759,0.6203874774682442,0.6276055368127476,0.9851463414530931,0.9882113659599887,0.9968984120073158,3037,850,0.0983736589550972,0.30245307087898254,0.3252526521682739,0.9198006987571716,0.5412223935127258,0.4914657820173018,0.22384615384615386,0.9202838202119175,0.854826353124341,1.0765739928914606,24.0,1.0,hap1+INS_SMARCE1,hap1+INS,SMARCE1,False,True,7
hap1+INS_SP1,0.021895101,0.004434052,4.9379444,0.99364567,0.05726671,0.867007421211287,0.18793320789396747,0.9950424567327346,0.9989241049776456,0.9961141710110221,2384,1599,0.013423382304608822,0.022964952513575554,0.5845159888267517,0.6229946613311768,0.17395710945129395,0.5431813910827132,0.03538461538461538,0.888563154746015,0.925158536611529,0.9604442045148849,22.0,3.0,hap1+INS_SP1,hap1+INS,SP1,False,True,7
hap1+INS_SREBF1,0.018813355,0.0012541199,15.001241,0.9950237,0.1421001,0.882353344602891,0.171959768908889,0.9961225598216092,0.9996817620983786,0.9964396646895924,2355,1752,0.011049753054976463,0.015932433307170868,0.6935383081436157,,,,,,,,1.0,0.0,hap1+INS_SREBF1,hap1+INS,SREBF1,False,True,7
hap1+INS_SREBF2,0.02193811,0.0026148346,8.389865,0.9946501,0.112443686,0.8716365543597547,0.14722405950623366,0.9958265056702367,0.9993331589729816,0.9964910067565969,2296,1792,0.00036368463770486414,0.011266212910413742,0.032281000167131424,,,,,,,,1.0,0.0,hap1+INS_SREBF2,hap1+INS,SREBF2,False,True,7
hap1+INS_SRF,0.019704022,0.017460577,1.1284863,0.9935888,0.43731546,0.841772044979223,0.44340383522074467,0.994820356235473,0.9962323153382842,0.9985827009613398,2676,1234,0.0295022614300251,0.07560025155544281,0.39024025201797485,0.3824694752693176,-0.009532642550766468,0.3941494624423954,0.09076923076923075,0.8232515219418087,0.8894167777099552,0.9256082666458049,24.0,1.0,hap1+INS_SRF,hap1+INS,SRF,False,True,7
hap1+INS_TAF3,0.021648033,0.021461831,1.0086759,0.992635,0.40369326,0.8376893513508505,0.38704239275265906,0.9939847061625499,0.9953111867795579,0.9986672704631202,2574,1333,0.03256312385201454,0.06903467327356339,0.47169229388237,0.5658062100410461,0.5205543041229248,0.5000121503383888,0.5761538461538462,0.8709223794210106,0.8318364211085028,1.0469875534668487,21.0,4.0,hap1+INS_TAF3,hap1+INS,TAF3,False,True,7
hap1+INS_TAF7,0.02048757,0.001954247,10.483613,0.9945536,0.08431889,0.8777251438281104,0.13264045782464173,0.9957618709410212,0.9995110984970847,0.9962489385443533,2308,1740,0.005990300327539444,0.017840592190623283,0.3357680141925812,0.9928283095359802,0.8002532720565796,1.0,1.0,0.9388097236737629,0.8988029389912517,1.0445111858750837,3.0,0.0,hap1+INS_TAF7,hap1+INS,TAF7,False,True,7
hap1+INS_TAF8,0.030425524,0.019204218,1.5843147,0.99097323,0.35418096,0.7892095991898155,0.43693855912177826,0.9928272991755881,0.9957747290339339,0.9970400636083572,2787,1116,0.0660623162984848,0.08344551175832748,0.7916820645332336,0.4399302303791046,-0.12712208926677704,0.5502234361969853,-0.1476923076923077,0.7984735215086515,0.91719559893315,0.870559695704393,22.0,3.0,hap1+INS_TAF8,hap1+INS,TAF8,False,True,7
hap1+INS_TSC1,0.038334746,0.0066324347,5.7798905,0.9915873,0.058150858,0.8119129982851541,0.13644896954168367,0.9932386463357687,0.9983177464768038,0.9949123411269009,2256,1745,0.22254493832588196,0.09969166666269302,2.232332468032837,0.5955342650413513,-0.7223507165908813,0.6766686026306604,-0.3146153846153846,0.6855441468249287,0.9126064071898965,0.7511936596367548,15.0,10.0,hap1+INS_TSC1,hap1+INS,TSC1,False,True,7
hap1+INS_TSC2,0.03087981,0.0053756647,5.7443705,0.9921756,-0.095442176,0.8606551339991078,0.04641104847404843,0.9938384803222267,0.9986285121599789,0.9952033896695062,2174,1912,0.9551833271980286,0.28813260793685913,3.315082311630249,0.893031895160675,-0.8892316818237305,0.8833333333333333,-0.7166666666666667,0.9291830174059755,0.9813192331361352,0.9468712994001545,4.0,5.0,hap1+INS_TSC2,hap1+INS,TSC2,False,True,7
hap1+INS_TTF1,0.025051305,0.0056509096,4.4331455,0.9933721,0.18573084,0.8351037479404336,0.2654745115336212,0.994785343930208,0.9986710947299381,0.9961090785342287,2530,1419,0.03230410814285278,0.05184537544846535,0.623085618019104,0.9120268821716309,0.1242712140083313,0.7312944932352959,0.21615384615384614,0.953904903939914,0.9697550656088166,0.98365550000097,22.0,3.0,hap1+INS_TTF1,hap1+INS,TTF1,False,True,7
hap1+INS_TTF2,0.046038013,0.12500964,0.3682757,0.9819979,0.7335532,0.7479881937961983,0.6834814705450387,0.984984642677794,0.9780308341283172,1.00711000952815,3078,762,0.13573724031448364,0.2932720482349396,0.462837278842926,,0.554155170917511,,0.48384615384615387,,,,23.0,2.0,hap1+INS_TTF2,hap1+INS,TTF2,False,True,7
hap1+INS_XBP1,0.03894522,0.018260114,2.1328027,0.9903207,0.41981557,0.7127187038315125,0.4651614473626208,0.9921512715666563,0.9959931143536789,0.9961427014588192,2837,1076,0.04735124483704567,0.13302060961723328,0.35596925020217896,0.41144242882728577,0.36436280608177185,0.21934071251229503,0.42153846153846153,0.6864429826181806,0.8941749758207247,0.7676830611236063,22.0,3.0,hap1+INS_XBP1,hap1+INS,XBP1,False,True,7
hap1+INS_ZNF593,0.019517517,0.0022760644,8.575116,0.9947892,0.1351003,0.879504635896864,0.17759918188642773,0.9959188717911888,0.9994194152651427,0.9964974229832976,2351,1708,0.0033655615989118814,0.017650917172431946,0.19067347049713135,0.46804749965667725,0.6109722852706909,0.4642857142857144,0.4642857142857144,0.8822656341759548,0.9528689334522337,0.925904500821027,7.0,0.0,hap1+INS_ZNF593,hap1+INS,ZNF593,False,True,7
hap1+TGFB_CUL1,0.09068468,0.11798878,0.76858735,0.9797515,0.48915854,0.8107047713353628,0.4770502417642109,0.982077107422793,0.9792249817238601,1.0029126357600804,2344,1143,0.3853561282157898,0.5494088530540466,0.7014013528823853,0.6205419301986694,0.058638088405132294,0.6044600667689629,0.08384615384615385,0.8119505728770509,0.8213216164955205,0.9885902873731064,22.0,3.0,hap1+TGFB_CUL1,hap1+TGFB,CUL1,True,False,7
hap1+TGFB_FOS,0.006550541,0.0036773274,1.781332,0.9977969,0.36014184,0.8911699158706119,0.29347675236896087,0.9982907174087108,0.9990996970798086,0.9991902913458364,2227,1437,0.03165409713983536,0.1851293295621872,0.1709837019443512,1.0,1.0,0.9999999999999999,0.9999999999999999,0.9999982973808232,0.9909254730347467,1.0091559098973313,2.0,0.0,hap1+TGFB_FOS,hap1+TGFB,FOS,True,False,7
hap1+TNFA_CASP7,0.027084341,0.0029497878,9.181793,0.9958085,0.2943014,0.7410302073246287,0.2769151233968924,0.9962294397641936,0.9992624676700337,0.9969647334869766,2367,1361,0.014307111501693726,0.19653047621250153,0.07279843837022781,1.0,1.0,0.9999999999999999,0.9999999999999999,0.9187747595111083,0.9692289084875598,0.947944032070625,2.0,0.0,hap1+TNFA_CASP7,hap1+TNFA,CASP7,True,False,7
hap1+TNFA_CSF1,0.012745911,0.016018342,0.7957073,0.99576485,0.3995799,0.8614812451090266,0.37663360644715227,0.9965473838070983,0.9962819549913993,1.0002664193749262,2422,1215,0.1432933360338211,0.22314254939556122,0.6421605348587036,0.9612172842025757,0.1195451021194458,0.8134889859514572,0.2353846153846154,0.9508657894917583,0.9105616052131518,1.044262995548963,23.0,2.0,hap1+TNFA_CSF1,hap1+TNFA,CSF1,True,False,7
hap1+TNFA_MAPK9,0.005705951,0.0035909999,1.5889587,0.99816585,0.3934976,0.8873073340699835,0.3342706684357591,0.998574686991318,0.9991094172890893,0.9994647930561777,2342,1375,,,,,,,,,,,,,hap1+TNFA_MAPK9,hap1+TNFA,MAPK9,True,False,7
hap1+TNFA_PDCD5,0.044554356,0.07113441,0.6263404,0.98890585,0.60245144,0.8233706951385931,0.5723619114245875,0.9904874807843181,0.9876449302898879,1.0028781097409125,2678,924,0.21737942099571228,0.41215887665748596,0.5274165868759155,0.8766012787818909,0.7503645420074463,0.8320249265641114,0.5353846153846153,0.9060611499349038,0.8969065803458991,1.0102068262064419,25.0,0.0,hap1+TNFA_PDCD5,hap1+TNFA,PDCD5,True,False,7
hap1+TNFA_SOX9,0.019509237,0.019676136,0.9915177,0.99621564,0.6153923,0.7611429458347897,0.5958541424781504,0.9969668092727237,0.9958047171662965,1.001166987950945,2809,817,0.04413532093167305,0.2112465649843216,0.20892798900604248,0.8873740434646606,0.7090780735015869,0.705904994785254,0.4676923076923077,0.9326448646661891,0.9587682028865594,0.9727532284219264,25.0,0.0,hap1+TNFA_SOX9,hap1+TNFA,SOX9,True,False,7
ht29+IFNB_FOS,0.005582453,0.0037946969,1.4711196,0.9981812,0.28799236,0.850686195034713,0.25328649750597015,0.9985575405304803,0.9991130567884025,0.999443990593309,2191,1445,0.0420115664601326,0.051608242094516754,0.814047634601593,0.7264028191566467,-0.540917694568634,0.09999999999999999,-0.39999999999999997,0.9209783221461635,0.9550054590078068,0.9643696938685613,3.0,2.0,ht29+IFNB_FOS,ht29+IFNB,FOS,True,False,7
ht29+IFNB_ID1,0.037799384,0.046172243,0.8186604,0.99112606,0.368618,0.813798271166455,0.3315018455391267,0.9923402976279415,0.9912396418750781,1.0011103831065324,2254,1259,0.15156832337379456,0.2020469307899475,0.7501639723777771,0.5805324912071228,0.09345027059316635,0.513616888923163,0.1853846153846154,0.8704393248944314,0.9092963860958437,0.957266891416726,21.0,4.0,ht29+IFNB_ID1,ht29+IFNB,ID1,True,False,7
ht29+IFNB_STAT5A,0.005630332,0.0019110112,2.946258,0.9982152,0.32401133,0.8472588281471201,0.28782077125359784,0.998601175842785,0.9995270416119946,0.9990736961276041,2299,1418,,,,,,,,,,,,,ht29+IFNB_STAT5A,ht29+IFNB,STAT5A,True,False,7
ht29+IFNG_CEBPB,0.00691256,0.0063910675,1.0815971,0.9977715,0.24834394,0.8558762294390122,0.18573645951024434,0.9982378816244866,0.9983663748930804,0.9998712964781014,2055,1612,0.05680081248283386,0.07501670718193054,0.7571755051612854,0.8640613555908203,0.3733620047569275,0.7923076923076923,0.25,0.928832712827861,0.930996142555496,0.9976762205247203,16.0,9.0,ht29+IFNG_CEBPB,ht29+IFNG,CEBPB,True,False,7
ht29+IFNG_KLF4,0.0039398787,0.0033684373,1.1696458,0.9987629,0.33167124,0.8761009601088674,0.2479652565450544,0.9989949271085059,0.9991845838113632,0.9998101885217906,2126,1546,0.02279304340481758,0.03687853366136551,0.6180571913719177,0.9452993273735046,0.3415102958679199,0.8280632411067194,0.29545454545454547,0.9686330437095078,0.9683885785270899,1.0002524453384092,20.0,3.0,ht29+IFNG_KLF4,ht29+IFNG,KLF4,True,False,7
ht29+IFNG_RUNX1,0.0036912132,0.001202485,3.0696545,0.9988953,0.23641343,0.870514619071058,0.16574397812878494,0.9991344707720132,0.9996906266567538,0.9994436720022069,2117,1709,,,,,,,,,,,,,ht29+IFNG_RUNX1,ht29+IFNG,RUNX1,True,False,7
ht29+IFNG_TSC22D1,0.0050596185,0.0033087009,1.5291859,0.9985279,0.19070542,0.8701299756486441,0.13974636599061116,0.9987831552079702,0.9991836452050837,0.9995991827938383,1963,1708,0.02836676687002182,0.036796122789382935,0.7709172964096069,0.900017499923706,0.3970189690589905,0.5479876160990712,0.4097007223942208,0.9188151922780692,0.9486129071222974,0.9685881199586223,12.0,6.0,ht29+IFNG_TSC22D1,ht29+IFNG,TSC22D1,True,False,7
ht29+INS_FOS,0.0064167054,0.0010697962,5.9980636,0.9979329,0.10880303,0.8827650095492823,0.0739387190131193,0.9983539746206517,0.9997259621390503,0.9986276364020166,2223,2063,,,,,,,,,,,,,ht29+INS_FOS,ht29+INS,FOS,True,False,7
ht29+INS_POLR2L,0.014145168,0.02680101,0.5277849,0.9948736,0.626596,0.764710747907408,0.5743093674623928,0.9958704809929302,0.9945496830425467,1.0013280361684325,3066,1080,0.028446579352021217,0.06777860969305038,0.41969847679138184,-0.12217554450035095,0.574407696723938,-0.012607026139801983,0.6407692307692306,0.5350608389541125,0.4991154501059516,1.0720181850522368,24.0,1.0,ht29+INS_POLR2L,ht29+INS,POLR2L,True,False,7
ht29+TGFB_CHUK,0.006775238,0.008985933,0.7539827,0.99774706,0.5321714,0.8344699095447811,0.4438554095128888,0.9982205072831075,0.9979715676047681,1.000249445662001,2467,1112,0.027664653956890106,0.10756086558103561,0.2572000026702881,0.7508689761161804,0.5103916525840759,0.6392307692307693,0.5061538461538462,0.9430243186452215,0.9622893499988091,0.9799800014895609,25.0,0.0,ht29+TGFB_CHUK,ht29+TGFB,CHUK,True,False,7
ht29+TGFB_FOS,0.0057561253,0.004037839,1.425546,0.9981864,0.28261197,0.883374725298041,0.23908633694797896,0.998540986440607,0.9990281233618701,0.9995123891811736,2137,1489,0.04501311480998993,0.08118953555822372,0.5544201731681824,0.8524578809738159,0.0968671441078186,0.39999999999999997,-0.09999999999999999,0.959674460005271,0.9440187518153558,1.0165841072116515,5.0,0.0,ht29+TGFB_FOS,ht29+TGFB,FOS,True,False,7
ht29+TNFA_CEBPB,0.012000717,0.007706795,1.5571606,0.9963528,0.011638,0.8609199810094376,0.03483284475382792,0.9971103082061402,0.998052657769762,0.9990558117787817,1986,1970,0.07802476733922958,0.08509690314531326,0.9168931245803833,0.7571786046028137,0.2318747639656067,0.7843816263581107,0.25153846153846154,0.7952026511598171,0.7752408840260221,1.0257491155911806,17.0,8.0,ht29+TNFA_CEBPB,ht29+TNFA,CEBPB,True,False,7
ht29+TNFA_CSF1,0.004839681,0.0020222564,2.3932085,0.99848616,0.16797245,0.8651236396897004,0.15432006543144355,0.9988091335163769,0.9995074023627712,0.9993013870185017,2190,1794,0.0077369497157633305,0.010730705223977566,0.7210103869438171,0.7664141058921814,0.28074362874031067,0.6304851752740661,0.24692307692307694,0.9138425202783516,0.9430145891293055,0.9690650927491071,15.0,10.0,ht29+TNFA_CSF1,ht29+TNFA,CSF1,True,False,7
ht29+TNFA_MAPK9,0.0041014072,0.0009946963,4.1232758,0.99867666,0.12889856,0.8754202803599963,0.14872009309121803,0.9989646212289474,0.999750433813287,0.999213991254455,2246,1808,,,,,,,,,,,,,ht29+TNFA_MAPK9,ht29+TNFA,MAPK9,True,False,7
ht29+TNFA_PDCD5,0.005924331,0.0020885307,2.8366024,0.9980719,0.050323956,0.8561884393323463,0.12755648018256216,0.998490636130912,0.9994741089896481,0.9990160096695949,2248,1755,0.004960541147738695,0.008239971473813057,0.6020094752311707,0.5760626196861267,0.06622064113616943,0.5071428571428571,0.14285714285714282,0.9075925785991306,0.970275172912265,0.9353970955218883,10.0,5.0,ht29+TNFA_PDCD5,ht29+TNFA,PDCD5,True,False,7
k562+IFNG_CEBPB,0.011123177,0.018784206,0.5921558,0.9956057,0.5786547,0.8458117079697728,0.5036950341980188,0.9964574604477207,0.99526669005549,1.0011964334827326,2384,982,0.2105276733636856,0.4352550804615021,0.48368802666664124,0.9510810375213623,0.08984826505184174,0.8607692307692307,0.09692307692307693,0.9670833017020525,0.9591533365417719,1.0082676719750274,24.0,1.0,k562+IFNG_CEBPB,k562+IFNG,CEBPB,True,False,7
k562+IFNG_CLK1,0.023181915,0.06886548,0.33662608,0.99057484,0.7717153,0.7942226819903339,0.7317315634440373,0.9920975545653989,0.9863024638867126,1.0058755715319312,2761,561,0.1348692774772644,0.45769622921943665,0.29466983675956726,0.7188411951065063,0.5200497508049011,0.7382189019034892,0.5084615384615384,0.9164813620716195,0.9108724488761998,1.0061577372357016,24.0,1.0,k562+IFNG_CLK1,k562+IFNG,CLK1,True,False,7
k562+IFNG_CUL1,0.08071574,0.13591178,0.59388334,0.9809669,0.71046865,0.8027471530203155,0.6600729050092871,0.9833076083154895,0.9767445794396278,1.0067192887618859,2512,745,0.36293262243270874,0.7854355573654175,0.46207815408706665,0.88493412733078,0.6248874664306641,0.5978828563237745,0.5646153846153846,0.9196063452565189,0.9121823676658405,1.008138698854348,25.0,0.0,k562+IFNG_CUL1,k562+IFNG,CUL1,True,False,7
k562+IFNG_RUNX1,0.0083275875,0.004110067,2.0261438,0.99711174,0.36110148,0.8651692237994515,0.28788221747847154,0.9976878469628294,0.998802915987614,0.9988835945440928,2151,1360,,,,,,,,,,,,,k562+IFNG_RUNX1,k562+IFNG,RUNX1,True,False,7
k562+IFNG_TSC22D1,0.008362215,0.009161916,0.9127147,0.99682677,0.4729561,0.8628628108794714,0.394019132624027,0.997450784847164,0.9975206403817218,0.9999299708379658,2252,1157,,,,,,,,,,,,,k562+IFNG_TSC22D1,k562+IFNG,TSC22D1,True,False,7
k562+INS_CHUK,0.019887635,0.005479564,3.6294193,0.99526626,0.24782199,0.8585740414092904,0.2512996344200469,0.9960599979120075,0.9984006543127287,0.9976555940837875,2470,1555,0.08075213432312012,0.1815892606973648,0.4446966350078583,0.6207238435745239,0.6386611461639404,0.6837944664031621,0.7944664031620555,0.7637278724177275,0.702976205855027,1.0864206584187421,20.0,2.0,k562+INS_CHUK,k562+INS,CHUK,True,False,7
k562+INS_FOS,0.0071755243,0.0059399786,1.2080051,0.997283,0.46293288,0.9003806352923966,0.3224744923875628,0.9978922985887898,0.9982652106435795,0.9996264398971199,2450,1590,0.05748213827610016,0.15291321277618408,0.37591347098350525,0.8120659589767456,0.7631215453147888,0.8523076923076923,0.6592307692307691,0.8512516071287057,0.772446668796122,1.1020199083198887,22.0,3.0,k562+INS_FOS,k562+INS,FOS,True,False,7
k562+INS_POLR2L,0.03132557,0.017363755,1.8040781,0.99350256,0.547889,0.7598373065275935,0.49487837543732033,0.9944257858982025,0.9953212592849058,0.9991003172308942,2825,1093,0.06006805971264839,0.22077780961990356,0.27207472920417786,0.6877790093421936,0.6386390328407288,0.5892307692307692,0.5853846153846154,0.7474671577641447,0.6037852230992871,1.2379686172631463,24.0,1.0,k562+INS_POLR2L,k562+INS,POLR2L,True,False,7
k562+TGFB_CUL1,0.17909406,0.26225308,0.6829055,0.95266545,0.67923784,0.7624320226337667,0.6240175533436186,0.9577265598197393,0.9490287176840194,1.0091649936125704,2281,641,2.2402617931365967,3.260903835296631,0.687006413936615,0.8634281158447266,0.19678442180156708,0.8080031379165107,0.1946153846153846,0.900032553281975,0.8817843390120946,1.0206946454620918,24.0,1.0,k562+TGFB_CUL1,k562+TGFB,CUL1,True,False,7
k562+TNFA_CSF1,0.0078637665,0.004967581,1.5830172,0.99745154,0.35029304,0.8845306211728453,0.31942520987087974,0.998002869318929,0.9986391955320674,0.9993628066913604,2468,1413,0.0120316157117486,0.030512087047100067,0.39432293176651,0.7849424481391907,0.3529999554157257,0.594032998910228,0.4715384615384615,0.9155998420665851,0.9117820906712011,1.0041871313710204,22.0,3.0,k562+TNFA_CSF1,k562+TNFA,CSF1,True,False,7
k562+TNFA_FOS,0.008221302,0.0037057824,2.2185066,0.9970254,0.14547107,0.8998072198528693,0.17294259853982968,0.997676833925543,0.9989639112499252,0.9987115877661968,2249,1649,0.03900015726685524,0.047343309968709946,0.8237733840942383,0.17767563462257385,-0.833528459072113,0.5,-0.5,0.9409592603994738,0.9761620764340864,0.9639375295512316,2.0,1.0,k562+TNFA_FOS,k562+TNFA,FOS,True,False,7
k562+TNFA_MAPK9,0.009249654,0.0023865905,3.8756769,0.99741244,0.17934862,0.9007058926671664,0.21380192679666976,0.9979874243689486,0.9993159678644112,0.998670547116042,2358,1604,,,,,,,,,,,,,k562+TNFA_MAPK9,k562+TNFA,MAPK9,True,False,7
k562+TNFA_PDCD5,0.010487299,0.005403442,1.9408554,0.9967301,0.26418328,0.8732492151669445,0.2733775387061576,0.9974399188030606,0.9985140116129959,0.9989243087253226,2459,1427,0.021567750722169876,0.04940372332930565,0.4365612268447876,0.8175094723701477,0.4546949565410614,0.7776923076923077,0.42615384615384616,0.9341066231367174,0.9659151684108708,0.9670690073886251,22.0,3.0,k562+TNFA_PDCD5,k562+TNFA,PDCD5,True,False,7
mcf7+IFNB_BRD9,0.0057847346,0.0037362885,1.548257,0.9982083,0.29777968,0.842800941708808,0.26445013394996314,0.9985792784967937,0.9990561134382832,0.9995227145551931,2420,1544,0.006515480112284422,0.024091072380542755,0.2704520523548126,0.8888182044029236,0.8313060402870178,0.48571428571428577,0.7714285714285715,0.9534114866834428,0.969468467399822,0.983437335760445,6.0,0.0,mcf7+IFNB_BRD9,mcf7+IFNB,BRD9,True,False,7
mcf7+IFNB_CEBPB,0.009141275,0.0126232235,0.7241633,0.9970185,0.5244839,0.8598815536519308,0.3773461789479547,0.9976580537196168,0.9966802332160933,1.0009810774518606,2512,1454,0.22108079493045807,0.439320832490921,0.5032331347465515,0.9278597831726074,0.9314223527908325,0.9415384615384615,0.8946153846153846,0.9503665935244402,0.8929566647698984,1.0642919539318692,24.0,1.0,mcf7+IFNB_CEBPB,mcf7+IFNB,CEBPB,True,False,7
mcf7+IFNB_ID1,0.025209717,0.03153135,0.7995128,0.9913238,0.43228412,0.8547229236199974,0.3817599000737181,0.9931428436930682,0.9917195725445719,1.0014351548440699,2504,1410,1.2492642402648926,1.5311552286148071,0.8158965110778809,0.7039765119552612,0.7809330224990845,0.7053846153846153,0.7476923076923078,0.9206439128580596,0.8970019796221372,1.0263566121067889,20.0,5.0,mcf7+IFNB_ID1,mcf7+IFNB,ID1,True,False,7
mcf7+IFNB_NFE2L3,0.004412994,0.002521724,1.7499908,0.99855846,0.32885617,0.8763871707642525,0.2554343521937078,0.9988302233217852,0.9993545026788068,0.999475382003467,2344,1690,0.02145126834511757,0.027768313884735107,0.7725088596343994,,,,,,,,1.0,0.0,mcf7+IFNB_NFE2L3,mcf7+IFNB,NFE2L3,True,False,7
mcf7+IFNB_STAT5A,0.0046362914,0.0036986207,1.253519,0.9985212,0.47321668,0.8644115281276427,0.3657872931543782,0.9988376572411455,0.9990378654261329,0.999799599002284,2555,1494,0.010281582362949848,0.028565268963575363,0.3599329888820648,0.9699854254722595,0.7115199565887451,0.8109890109890111,0.43736263736263736,0.9897738629932022,0.9909833607728167,0.9987794973886633,14.0,0.0,mcf7+IFNB_STAT5A,mcf7+IFNB,STAT5A,True,False,7
mcf7+IFNG_CLK1,0.04436703,0.051639583,0.8591671,0.99115634,0.3317932,0.8186020983228589,0.27763524008201873,0.9923509800292609,0.9906041983863061,1.001763349727167,2113,1286,0.2566044330596924,0.3331519663333893,0.7702323794364929,0.5714855194091797,0.0209206510335207,0.6000000000000001,0.018461538461538463,0.9393051144499496,0.9596839117040045,0.9787650944175249,20.0,5.0,mcf7+IFNG_CLK1,mcf7+IFNG,CLK1,True,False,7
mcf7+IFNG_CUL1,0.00997225,0.00854422,1.167134,0.9966521,0.19917002,0.8600084777747404,0.22523515207612907,0.9973766829847381,0.997744377139058,0.9996314745913436,2155,1474,0.5919492244720459,0.5657768845558167,1.0462591648101807,0.860704243183136,0.2904520630836487,0.8060606060606059,0.22424242424242422,0.9331287302299571,0.9281144159224071,1.0054026898209167,7.0,3.0,mcf7+IFNG_CUL1,mcf7+IFNG,CUL1,True,False,7
mcf7+IFNG_RUNX1,0.0043599,0.0020583747,2.1181276,0.99853444,0.28643715,0.8617821043844166,0.25790056093203934,0.998855214904275,0.9994587258842399,0.999396162178252,2264,1478,,,,,,,,,,,,,mcf7+IFNG_RUNX1,mcf7+IFNG,RUNX1,True,False,7
mcf7+IFNG_TSC22D1,0.007306224,0.0056919525,1.2836059,0.9975691,0.25200218,0.8560049545803508,0.22068441679585088,0.9980119128326116,0.9985986028977168,0.9994124865953119,2018,1471,,,,,,,,,,,,,mcf7+IFNG_TSC22D1,mcf7+IFNG,TSC22D1,True,False,7
mcf7+INS_CHUK,0.011446964,0.009292554,1.2318426,0.99604213,0.3285638,0.8025165206834145,0.24550833767075686,0.9968505144987545,0.9975691445690942,0.9992796187870766,2307,1535,0.0795009434223175,0.274613618850708,0.2895011007785797,0.7431672811508179,0.7215712070465088,0.8584615384615385,0.8253846153846154,0.8579316470978516,0.8312100242925812,1.0321478591743554,23.0,2.0,mcf7+INS_CHUK,mcf7+INS,CHUK,True,False,7
mcf7+INS_POLR2L,0.063923925,0.15970144,0.40027145,0.97459793,0.75436515,0.7319314347683641,0.7197053866635466,0.9782987314089915,0.9697303423577799,1.0088358471184666,2893,600,0.15363213419914246,0.4912729561328888,0.3127225637435913,,0.47925835847854614,,0.42230769230769233,,,,25.0,0.0,mcf7+INS_POLR2L,mcf7+INS,POLR2L,True,False,7
mcf7+TNFA_CHUK,0.007848157,0.013851206,0.56660455,0.9972136,0.6062753,0.8339042656206075,0.4938877547122036,0.9977926595537836,0.9965436834322055,1.0012533079506123,2646,1145,0.06671642512083054,0.18601937592029572,0.35865309834480286,0.9758223295211792,0.8089383840560913,0.8732448709332572,0.6538461538461537,0.9724037524607015,0.9606066373839415,1.0122809010656928,25.0,0.0,mcf7+TNFA_CHUK,mcf7+TNFA,CHUK,True,False,7
mcf7+TNFA_CSF1,0.0034390122,0.005955267,0.57747406,0.99885356,0.63570875,0.8859508383805752,0.36306378237880194,0.9990871347593164,0.9984501907477122,1.0006379326855825,2396,1441,0.04134190082550049,0.222516268491745,0.1857927143573761,0.9570717811584473,0.9383127093315125,0.9492307692307692,0.9030769230769231,0.9720787767308677,0.9623265211310014,1.0101340401472099,25.0,0.0,mcf7+TNFA_CSF1,mcf7+TNFA,CSF1,True,False,7
mcf7+TNFA_FOS,0.0041683954,0.0029305783,1.4223799,0.9985558,0.29386595,0.8883203530569956,0.2589814967552075,0.9988723643964927,0.9992427620138371,0.9996293216909594,2273,1599,0.025405153632164,0.049071054905653,0.5177217721939087,0.9792442321777344,-0.5173397660255432,0.5,-0.5,0.987995479405042,0.9997681484318668,0.9882246008284118,3.0,0.0,mcf7+TNFA_FOS,mcf7+TNFA,FOS,True,False,7
mcf7+TNFA_PDCD5,0.007543681,0.011390331,0.6622881,0.99789375,0.5574689,0.86910612667763,0.3326345719297562,0.9982876778676301,0.9972113932331098,1.0010792943620819,2375,1418,0.11247582733631134,0.2805165946483612,0.4009596109390259,0.9359425902366638,0.6829050779342651,0.9292307692307692,0.6707692307692308,0.9718581756810906,0.95737718544835,1.01512568969978,23.0,2.0,mcf7+TNFA_PDCD5,mcf7+TNFA,PDCD5,True,False,7
a549+IFNB_CEBPB,0.015514612,0.021038009,0.7374563,0.99622166,0.48168498,0.8796213612811257,0.38729120032818554,0.9970185419305687,0.9958052851638549,1.0012183674708195,2219,1152,0.2682643532752991,0.493488073348999,0.5436086058616638,0.9872336983680725,0.34744712710380554,0.9,0.2692307692307692,0.989632153303752,0.9735909380270524,1.016476339959785,25.0,0.0,a549+IFNB_CEBPB,a549+IFNB,CEBPB,True,False,8
a549+IFNG_CEBPB,0.013322214,0.020390501,0.6533539,0.9964509,0.5616787,0.8684693817548164,0.43894011912105946,0.9971497555084571,0.9957899041693267,1.001365600648728,2185,1031,0.15325073897838593,0.34647706151008606,0.4423113465309143,0.95930415391922,0.24016648530960083,0.8884615384615385,0.19,0.9756629817346434,0.9621258287069903,1.0140700442953972,25.0,0.0,a549+IFNG_CEBPB,a549+IFNG,CEBPB,True,False,8
a549+IFNG_KIN,0.028256098,0.027670087,1.0211785,0.99543864,0.709162,0.7341685765728642,0.6284401233673922,0.9961199922877955,0.9949557921501335,1.0011701023772586,2527,670,0.10385111719369888,0.38000422716140747,0.27328938245773315,0.5431768298149109,0.2729393243789673,0.8736295603037123,0.5261538461538462,0.7876268108118002,0.7881824676447485,0.9992950149797054,24.0,1.0,a549+IFNG_KIN,a549+IFNG,KIN,True,False,8
a549+IFNG_RFX5,0.0076515777,0.019467358,0.39304656,0.9976361,0.7268403,0.861146680489835,0.6082831094616129,0.9981444128224827,0.996387253031501,1.0017635309821915,2414,770,0.19886460900306702,0.41695505380630493,0.4769449532032013,0.980141818523407,0.4227064847946167,0.7990196078431374,0.5392156862745099,0.9869778381042595,0.9734345081572474,1.0139129338784694,17.0,0.0,a549+IFNG_RFX5,a549+IFNG,RFX5,True,False,8
a549+INS_FOXO1,0.006112819,0.0035072295,1.7429196,0.99865395,0.45494604,0.8815359235498602,0.38496240822053035,0.9989126554217962,0.9992007470728991,0.9997116779066201,2348,1174,,,,,,,,,,,,,a549+INS_FOXO1,a549+INS,FOXO1,True,False,8
a549+INS_GRB10,0.0056425664,0.0038326622,1.4722316,0.9985265,0.3332825,0.8829784646763635,0.2680908480543456,0.9988323855733333,0.9991493712613803,0.9996827444452607,2083,1445,,,,,,,,,,,,,a549+INS_GRB10,a549+INS,GRB10,True,False,8
a549+INS_INSR,0.006964588,0.0037598908,1.8523378,0.99854934,0.47562206,0.860806428429842,0.38008291258883486,0.9988362648908103,0.9991546600694754,0.9996813354414592,2301,1176,,,,,,,,,,,,,a549+INS_INSR,a549+INS,INSR,True,False,8
a549+INS_PTEN,0.0058111046,0.0040858383,1.4222552,0.998466,0.3365788,0.8816025146665404,0.2542814044332897,0.9987837642267026,0.9990979110701055,0.9996855695123349,2026,1441,,,,,,,,,,,,,a549+INS_PTEN,a549+INS,PTEN,True,False,8
bxpc3+IFNB_CEBPB,0.008801264,0.012821782,0.6864306,0.99729705,0.4917451,0.9076924649846286,0.3952262762409431,0.997898514882946,0.9972019458273477,1.0006985235623667,2605,1428,0.1525789052248001,0.2928478717803955,0.5210176110267639,0.6446760296821594,0.5781919360160828,0.85,0.5553846153846154,0.7811575450311444,0.7010805217846579,1.1142194380791581,25.0,0.0,bxpc3+IFNB_CEBPB,bxpc3+IFNB,CEBPB,True,False,8
bxpc3+IFNB_IRF7,0.008535753,0.0030935588,2.7592018,0.9984228,0.3749022,0.9083382264342821,0.25614872183316234,0.9986948054573322,0.999291308804681,0.9994030736161787,2519,1808,0.15865685045719147,0.45404869318008423,0.3494269549846649,0.9786101579666138,0.8896596431732178,0.7500000000000002,0.8571428571428573,0.9841903954603338,0.6974898080431643,1.4110462749577941,6.0,1.0,bxpc3+IFNB_IRF7,bxpc3+IFNB,IRF7,True,False,8
bxpc3+INS_CHUK,0.030182716,0.008815369,3.4238744,0.9921144,0.1608746,0.8435639416275772,0.18754483671623645,0.9939565098377003,0.9979412627334748,0.9960070266211262,2514,1757,0.5338781476020813,0.5241492390632629,1.0185613632202148,0.3365848660469055,0.17046886682510376,0.5570302084190997,0.20846153846153848,0.5242867368342979,0.567593692995625,0.9237007798082406,14.0,11.0,bxpc3+INS_CHUK,bxpc3+INS,CHUK,False,True,8
bxpc3+INS_COPS4,0.029724438,0.0125168655,2.3747509,0.99224067,0.32830456,0.8177535552398312,0.26027933132798264,0.9939768362219736,0.9971273414278263,0.9968404183949651,2570,1706,0.11633767932653427,0.49917879700660706,0.2330581396818161,0.806585431098938,0.78212970495224,0.7515384615384615,0.9269230769230768,0.8819968015598257,0.7999276362922692,1.10259573684434,23.0,2.0,bxpc3+INS_COPS4,bxpc3+INS,COPS4,False,True,8
bxpc3+INS_DR1,0.031377815,0.008775467,3.575629,0.99276674,0.31396708,0.8149501914777537,0.29775357312287803,0.9943805927362058,0.9980032882462778,0.9963700565391543,2730,1543,0.12201022356748581,0.337616890668869,0.36138659715652466,0.6938009262084961,0.6706001162528992,0.8769230769230769,0.6692307692307693,0.7605892600334577,0.6962241992923133,1.0924487554534432,23.0,2.0,bxpc3+INS_DR1,bxpc3+INS,DR1,False,False,8
bxpc3+INS_EIF2B1,0.025845893,0.0047912905,5.394349,0.9929825,0.010976191,0.8675230334728443,0.0185177101834636,0.9946677730031603,0.9988673496856081,0.9957956612719702,2278,2156,0.259054571390152,0.2853739857673645,0.9077721834182739,0.022797297686338425,0.41694727540016174,0.19780219780219782,0.39560439560439564,0.517018174814843,0.44511519162551794,1.1615379221876079,7.0,6.0,bxpc3+INS_EIF2B1,bxpc3+INS,EIF2B1,False,True,8
bxpc3+INS_ELK1,0.02046001,0.0036585801,5.592336,0.99382067,0.10454268,0.8810019376274345,0.06803850473858204,0.9953406650932956,0.9991291134898067,0.9962082494190578,2390,2101,0.0057611651718616486,0.2537345290184021,0.022705484181642532,0.9899001121520996,0.9887254238128662,0.6190476190476191,0.9047619047619048,0.9935774872324159,0.9887090899791315,1.004923993622216,6.0,2.0,bxpc3+INS_ELK1,bxpc3+INS,ELK1,False,True,8
bxpc3+INS_FOS,0.023406826,0.00509247,4.59636,0.9939456,0.26285344,0.8614476539349771,0.20478941999042338,0.9953895640056033,0.9988211619189161,0.9965643520140081,2514,1798,0.03175675496459007,0.0242124255746603,1.3115891218185425,0.05510576814413071,0.1091439500451088,0.43538461538461537,0.052307692307692305,0.44623976815417943,0.5925543331723581,0.7530782295779455,18.0,7.0,bxpc3+INS_FOS,bxpc3+INS,FOS,False,True,8
bxpc3+INS_FOXM1,0.033161744,0.0111783445,2.9666061,0.9909508,0.0830549,0.8449193373429666,0.05820572815278421,0.9930843474829282,0.9973610789765494,0.9957119526881781,2385,1925,0.33253931999206543,0.46030932664871216,0.7224257588386536,0.6357506513595581,0.2891004681587219,0.6676923076923077,0.5030769230769231,0.8052544132439676,0.8439475906803888,0.9541521560536397,18.0,7.0,bxpc3+INS_FOXM1,bxpc3+INS,FOXM1,False,True,8
bxpc3+INS_FOXO1,0.026321247,0.004944346,5.3235044,0.9931212,0.1368643,0.8475475077508934,0.0559365141534685,0.9947109324100448,0.998829614947716,0.9958764913694647,2312,2054,0.02999200113117695,0.17571388185024261,0.17068657279014587,0.841488778591156,0.8966151475906372,0.5046439628482973,0.6615067079463364,0.8915313016171699,0.918005601572005,0.9711610692685315,13.0,5.0,bxpc3+INS_FOXO1,bxpc3+INS,FOXO1,False,False,8
bxpc3+INS_FOXO3,0.027523635,0.009488648,2.900691,0.99267066,0.19381697,0.8563876174923662,0.13944299168997984,0.9944253949730834,0.9977553282046999,0.9966625753453923,2404,1907,0.10033932328224182,0.18071980774402618,0.5552204251289368,0.8234952688217163,0.7251542210578918,0.5953846153846154,0.7807692307692308,0.8760696791323929,0.7971411982551204,1.0990144293759256,17.0,8.0,bxpc3+INS_FOXO3,bxpc3+INS,FOXO3,False,True,8
bxpc3+INS_FOXO4,0.06924618,0.13690042,0.5058142,0.9779152,0.6371198,0.7945104418616729,0.5754858528974597,0.9817839868840048,0.9762273129701449,1.0056919877573942,2960,1111,0.1537351906299591,0.27178695797920227,0.5656459331512451,-0.31583359837532043,0.3286949396133423,-0.4298211961778533,0.19230769230769232,0.0221142575354224,0.033305717099197496,0.663977823073362,20.0,5.0,bxpc3+INS_FOXO4,bxpc3+INS,FOXO4,False,True,8
bxpc3+INS_GRB2,0.027693676,0.009540859,2.9026399,0.99227047,0.11774517,0.8651873069714002,0.024745868846500062,0.9941446275849319,0.9977273373025475,0.9964091294448223,2308,2094,0.1305856555700302,0.2664189338684082,0.4901515543460846,0.9038330316543579,0.6592466235160828,0.6230769230769231,0.6130769230769231,0.9398683844468607,0.9488435959562852,0.9905408946767682,17.0,8.0,bxpc3+INS_GRB2,bxpc3+INS,GRB2,False,True,8
bxpc3+INS_GRB10,0.020250546,0.004580601,4.420936,0.99365425,0.13033465,0.8838708268751548,0.07460876905696615,0.9952177716599614,0.9989097328907921,0.9963040091519116,2387,2082,0.7647491097450256,0.935441792011261,0.817527174949646,0.7136494517326355,0.3876079320907593,0.7714285714285715,0.6571428571428573,0.8348304436543708,0.8192650073278916,1.0189992690854053,4.0,2.0,bxpc3+INS_GRB10,bxpc3+INS,GRB10,False,False,8
bxpc3+INS_HSF1,0.023315655,0.0038155415,6.110707,0.99402213,0.15488178,0.8671862551754607,0.07828003645452086,0.9954412541040669,0.9990976367662685,0.9963403149725827,2387,2120,0.012618728913366795,0.22865507006645203,0.05518674477934837,0.9380107522010803,0.9613197445869446,0.5666666666666667,0.8833333333333333,0.9661614853558431,0.9851375189412348,0.9807376805567349,8.0,1.0,bxpc3+INS_HSF1,bxpc3+INS,HSF1,False,True,8
bxpc3+INS_IGF2,0.022108534,0.0045057028,4.9067893,0.99370253,0.15052626,0.872384943045407,0.06821015973743585,0.9952337551261681,0.9989329639459553,0.9962968397747385,2395,2066,0.11225666850805283,0.3457868993282318,0.3246411979198456,0.9153285622596741,0.8641818761825562,0.9370629370629372,0.9440559440559443,0.9514223829821543,0.805252845150275,1.1815200513878363,11.0,1.0,bxpc3+INS_IGF2,bxpc3+INS,IGF2,False,True,8
bxpc3+INS_IKBKB,0.070698,0.008135202,8.69038,0.9894397,0.20460536,0.7466735654985489,0.1903168283565827,0.9912763844572302,0.9980875718982452,0.9931757616938753,2564,1741,0.16185718774795532,0.4992022216320038,0.32423171401023865,0.685753345489502,0.7482299208641052,0.6907692307692308,0.8307692307692308,0.8276888941412599,0.7798423813669123,1.0613540811804585,22.0,3.0,bxpc3+INS_IKBKB,bxpc3+INS,IKBKB,False,True,8
bxpc3+INS_INSR,0.035318807,0.004556199,7.751814,0.99321306,0.20645002,0.8309556600979202,0.15647810333440781,0.9947170387087299,0.9989250872429184,0.9957874233133909,2474,1885,0.14535753428936005,0.2676149308681488,0.5431593060493469,0.8062073588371277,0.6782024502754211,0.8901098901098902,0.34615384615384615,0.8395440563919518,0.6861430619919312,1.223569985470209,11.0,2.0,bxpc3+INS_INSR,bxpc3+INS,INSR,False,False,8
bxpc3+INS_IRS1,0.02143505,0.0057734745,3.7126777,0.99408835,0.26438046,0.862627399043464,0.14469448929768347,0.9955146039707962,0.9986400156578986,0.9968703320134399,2404,1975,0.1888972669839859,0.3304317891597748,0.5716679692268372,0.8769677877426147,0.7051661610603333,0.7956656346749225,0.7977296181630547,0.8933957377582892,0.7257754050908788,1.2309534485347042,13.0,5.0,bxpc3+INS_IRS1,bxpc3+INS,IRS1,False,True,8
bxpc3+INS_IRS2,0.020190494,0.0068528564,2.9462888,0.9939786,0.26398316,0.8677986712369584,0.1834044870620703,0.9954418089024287,0.9983945638643893,0.9970424969557811,2428,1876,0.19307726621627808,0.2508403956890106,0.7697215676307678,0.3980470597743988,0.40327662229537964,0.6169230769230769,0.5592307692307692,0.6101647980220172,0.711808878255199,0.8572031294659685,19.0,6.0,bxpc3+INS_IRS2,bxpc3+INS,IRS2,False,True,8
bxpc3+INS_IRS4,0.027924545,0.006363449,4.388272,0.9932357,0.18266356,0.8409317123344,0.15286855570550695,0.9948197324750142,0.9984938918692373,0.9963202985775458,2453,1855,0.10649388283491135,0.21171070635318756,0.5030160546302795,0.976947546005249,0.6826828122138977,0.7743797027262761,0.23076923076923078,0.9821554070371824,0.9567798628846669,1.0265218208878362,19.0,6.0,bxpc3+INS_IRS4,bxpc3+INS,IRS4,False,True,8
bxpc3+INS_MAPK1,0.039920866,0.018702189,2.1345558,0.9888078,0.077273116,0.8491370939207568,0.06980905766734884,0.9914461044733507,0.9955398422217163,0.9958879217337703,2348,1964,0.6591785550117493,0.9502356052398682,0.6937001347541809,0.725646436214447,0.3050409257411957,0.6269230769230768,0.3807692307692308,0.8901541635815714,0.9002843808925174,0.9887477584572741,20.0,5.0,bxpc3+INS_MAPK1,bxpc3+INS,MAPK1,False,True,8
bxpc3+INS_MAPK3,0.021105103,0.0028522408,7.3994813,0.99426776,0.16848116,0.8752614324610131,0.0658663616468825,0.9956552301324886,0.9993212010459795,0.996331538938978,2375,2102,0.03438209742307663,0.022533724084496498,1.5258063077926636,0.03563987463712692,0.2922728657722473,0.4642857142857144,0.07142857142857144,0.5076395398256871,0.4944680977680729,1.026637597282954,5.0,2.0,bxpc3+INS_MAPK3,bxpc3+INS,MAPK3,False,True,8
bxpc3+INS_MTOR,0.017918594,0.020608742,0.8694657,0.99407583,0.60253227,0.813642379141281,0.4563433569141389,0.9954121545667259,0.9957191611475776,0.9996916735231871,2820,1425,0.04761956259608269,0.30017632246017456,0.15863864123821259,0.9714884757995605,0.9115763902664185,0.5853846153846154,0.8153846153846154,0.975533257202749,0.9135173348854583,1.0678869682588634,23.0,2.0,bxpc3+INS_MTOR,bxpc3+INS,MTOR,False,True,8
bxpc3+INS_PIK3CA,0.0269914,0.037173245,0.7260975,0.9911437,0.49625987,0.8494209225040155,0.41241738822928375,0.9928306424169874,0.9927945469844165,1.0000363574041382,2710,1522,0.06664801388978958,0.2742297351360321,0.243037149310112,0.7209281325340271,0.926750898361206,0.34983047031137954,0.6907692307692308,0.9001882187727158,0.8706131659862697,1.0339703716207211,23.0,2.0,bxpc3+INS_PIK3CA,bxpc3+INS,PIK3CA,False,True,8
bxpc3+INS_POLR2G,0.108924046,0.015661368,6.954951,0.9853741,0.46103108,0.670300294351817,0.45932401569984876,0.9872614014537151,0.9966457942612588,0.9905840240719627,3005,1244,0.06711065769195557,0.38244959712028503,0.1754758208990097,0.8878329396247864,0.8272706866264343,0.3360314522736479,0.6269230769230768,0.9071520617572285,0.9084851558362729,0.9985326187549898,24.0,1.0,bxpc3+INS_POLR2G,bxpc3+INS,POLR2G,False,True,8
bxpc3+INS_POLR2L,0.055677474,0.0190991,2.9151883,0.98992467,0.48159602,0.7585613366248912,0.44246128135410273,0.9920058899214245,0.9960241929116334,0.995965657241254,2907,1337,0.125762477517128,0.27332380414009094,0.460122674703598,0.6479026079177856,0.5699265003204346,0.7269735136988038,0.5330769230769231,0.7048091478027844,0.681136332482177,1.0347548856105497,23.0,2.0,bxpc3+INS_POLR2L,bxpc3+INS,POLR2L,False,True,8
bxpc3+INS_PTEN,0.022025445,0.005423659,4.0609937,0.9929732,0.06989525,0.8792100366526912,0.060931539459910165,0.9946524814235227,0.9987441903828784,0.9959031461722074,2249,2049,0.1013224720954895,0.13246776163578033,0.7648839950561523,0.9726057052612305,0.3714596629142761,0.7084615384615385,0.2676923076923077,0.9767151687467942,0.9845637866076686,0.9920283297358347,17.0,8.0,bxpc3+INS_PTEN,bxpc3+INS,PTEN,False,False,8
bxpc3+INS_RAD51,0.080068946,0.013960891,5.7352314,0.9869505,0.37122884,0.6946105921530199,0.3353389735523451,0.988888044122183,0.9969019428943118,0.9919611965557396,2814,1460,0.16254617273807526,0.3364771604537964,0.4830823242664337,0.7227081656455994,0.5614429116249084,0.7223076923076923,0.6415384615384615,0.83745897098754,0.8623506447731845,0.9711350899584571,20.0,5.0,bxpc3+INS_RAD51,bxpc3+INS,RAD51,False,True,8
bxpc3+INS_RPS6KB1,0.019347118,0.0029952289,6.459312,0.99463606,0.24379651,0.8760103825823852,0.17554278455545416,0.995930430729539,0.9992869563195513,0.9966410793528471,2454,1945,0.12492809444665909,0.07201408594846725,1.73477303981781,0.9444409608840942,-0.8664306998252869,0.49999999999999994,-0.3,0.9209193928103698,0.9531250143469371,0.9662104959456616,3.0,2.0,bxpc3+INS_RPS6KB1,bxpc3+INS,RPS6KB1,False,True,8
bxpc3+INS_SGK1,0.020335471,0.0039971215,5.087529,0.9945444,0.30787125,0.8679507450326402,0.23085540052628511,0.9958414011207469,0.9990669464200658,0.9967714422833456,2525,1848,0.003789452603086829,0.02308415062725544,0.1641581952571869,0.7409966588020325,0.8385528326034546,0.21666666666666667,0.9,0.8681487458325879,0.991306348529675,0.8757623181978438,7.0,2.0,bxpc3+INS_SGK1,bxpc3+INS,SGK1,False,True,8
bxpc3+INS_SHC1,0.03182736,0.006200818,5.132768,0.99259895,0.111865476,0.8410882072304333,0.09499437899784027,0.9942847095835066,0.9985233124422712,0.9957551287927394,2345,1995,0.15464262664318085,0.16501790285110474,0.9371263384819031,0.7069637775421143,0.2722509503364563,0.7176923076923076,0.2538461538461539,0.7757433473794751,0.758638176146663,1.022547205994423,18.0,7.0,bxpc3+INS_SHC1,bxpc3+INS,SHC1,False,True,8
bxpc3+INS_SMARCE1,0.065447934,0.22946194,0.28522348,0.9707923,0.78984493,0.7299247532985577,0.7203612591703382,0.9761476486339732,0.9634106907970812,1.0132206938936437,3179,786,0.19504165649414062,0.44268184900283813,0.440591037273407,-0.4439350366592407,0.5894989967346191,-0.5683362868666095,0.5623076923076923,-0.02347827194941976,0.09861572948031172,-0.23807836815836883,17.0,8.0,bxpc3+INS_SMARCE1,bxpc3+INS,SMARCE1,False,True,8
bxpc3+INS_SP1,0.019176044,0.004166517,4.602416,0.99476886,0.32584977,0.8672318103488572,0.2248876145459429,0.9959796456788901,0.9990080725580522,0.9969685661584219,2493,1829,0.025847146287560463,0.08331605792045593,0.3102300763130188,0.9605812430381775,0.8166279196739197,0.7264332973268438,0.26076923076923075,0.9643743681105761,0.9366770574195595,1.0295697545612141,19.0,6.0,bxpc3+INS_SP1,bxpc3+INS,SP1,False,True,8
bxpc3+INS_SREBF1,0.024294812,0.006731469,3.6091397,0.99324536,0.1794126,0.8613372460443118,0.0653506819404191,0.9948674810047986,0.9984084154354166,0.9964534208888116,2344,2065,0.0960274338722229,0.26217472553253174,0.3662726581096649,0.7883181571960449,0.7758334279060364,0.8043478260869565,0.7852173913043478,0.8438556421309353,0.7348436838286488,1.1483471392641187,19.0,5.0,bxpc3+INS_SREBF1,bxpc3+INS,SREBF1,False,True,8
bxpc3+INS_SREBF2,0.02277778,0.0035218403,6.467579,0.9936758,0.13459143,0.8606915220303628,0.10032591516360484,0.9951700305426309,0.9991676972537443,0.9959990032483024,2427,2068,0.15999336540699005,0.19686251878738403,0.8127162456512451,0.30127251148223877,0.4236745536327362,0.43333333333333335,0.6666666666666667,0.5462826465360874,0.5170609423121157,1.056515009803878,9.0,0.0,bxpc3+INS_SREBF2,bxpc3+INS,SREBF2,False,False,8
bxpc3+INS_SRF,0.022641214,0.008708381,2.5999336,0.9943682,0.37692416,0.8494100502374691,0.28293545610949994,0.995683481187629,0.9979376668148264,0.9977411558836212,2577,1738,0.1354690045118332,0.2208274006843567,0.6134610176086426,0.7900723814964294,0.6091634035110474,0.6746153846153846,0.4946153846153846,0.8545041490946428,0.7769585546828557,1.0998066035110974,18.0,7.0,bxpc3+INS_SRF,bxpc3+INS,SRF,False,True,8
bxpc3+INS_TAF3,0.027224604,0.0044610174,6.102779,0.99301606,0.10264,0.8493741336458941,0.06469936177508781,0.9946378211810399,0.9989451231168756,0.9956881495928463,2376,2026,0.16079948842525482,0.16188542544841766,0.9932919144630432,-0.024772368371486664,0.14245137572288513,0.6428571428571429,0.4505494505494505,0.3248842706974031,0.38454432100860614,0.8448552038040166,10.0,3.0,bxpc3+INS_TAF3,bxpc3+INS,TAF3,False,True,8
bxpc3+INS_TAF7,0.021928817,0.0036876327,5.9465837,0.9942867,0.22082949,0.8628341343468389,0.16471954077868828,0.9956614355892146,0.9991257039004425,0.9965327002421177,2451,1925,0.10542431473731995,0.14714185893535614,0.7164807915687561,0.608905017375946,0.32293957471847534,0.7235294117647059,0.37941176470588234,0.7400378072643901,0.7906000104884149,0.9360457847796022,12.0,4.0,bxpc3+INS_TAF7,bxpc3+INS,TAF7,False,True,8
bxpc3+INS_TAF8,0.027817402,0.034500565,0.8062883,0.9907484,0.5223533,0.8189920512391596,0.4831756778622265,0.9928186041250396,0.9929536546805093,0.9998639910787043,2908,1322,0.09815884381532669,0.40810126066207886,0.24052570760250092,0.9012766480445862,0.8744519352912903,0.5528998740473058,0.7876923076923077,0.9018981024586303,0.6356914310466792,1.41876712255447,23.0,2.0,bxpc3+INS_TAF8,bxpc3+INS,TAF8,False,True,8
bxpc3+INS_TSC1,0.034688734,0.046517532,0.7457131,0.9879009,0.4749825,0.8358946913761969,0.4125058954493818,0.9905536922933358,0.9903334311234298,1.000222411122339,2766,1456,0.5290130376815796,0.46924757957458496,1.1273643970489502,0.8664321899414062,0.02728995680809021,0.5697413897704118,0.10923076923076921,0.8964968045521455,0.8941262847036162,1.0026512136921633,17.0,8.0,bxpc3+INS_TSC1,bxpc3+INS,TSC1,False,True,8
bxpc3+INS_TSC2,0.022154067,0.016936542,1.3080631,0.99277484,0.36493912,0.8552888210161427,0.27681212286839263,0.9944411867479268,0.9962490424518599,0.9981853375743441,2482,1755,0.11725985258817673,0.3138958215713501,0.3735629618167877,0.8433015942573547,0.7871193289756775,0.7013089068066839,0.5684615384615384,0.8385822519124532,0.7103313909560199,1.1805507437645733,19.0,6.0,bxpc3+INS_TSC2,bxpc3+INS,TSC2,False,True,8
bxpc3+INS_TTF1,0.029690735,0.015585736,1.904994,0.99142396,0.26332277,0.8318766651437152,0.21018524767426697,0.9934233331735814,0.9963881701008195,0.9970244157686677,2491,1784,0.2896360456943512,0.6502349972724915,0.4454328715801239,0.8763468861579895,0.6660935282707214,0.849394129965036,0.6846153846153846,0.9292563549586202,0.8942850453904186,1.039105327488658,22.0,3.0,bxpc3+INS_TTF1,bxpc3+INS,TTF1,False,True,8
bxpc3+INS_TTF2,0.05997423,0.004859859,12.3407345,0.9899827,0.20664695,0.7384929357556284,0.1984480823042318,0.9915982724945253,0.9988578247280956,0.9927321466040009,2563,1775,0.11844126880168915,0.2720990478992462,0.43528732657432556,0.9720787405967712,0.7453109622001648,0.8530769230769231,0.6046153846153847,0.9785801761109043,0.9854371264637378,0.9930417170525736,25.0,0.0,bxpc3+INS_TTF2,bxpc3+INS,TTF2,False,True,8
bxpc3+INS_XBP1,0.04752165,0.113736756,0.4178214,0.98316216,0.68065184,0.7899996382207665,0.6577234121699501,0.9861864390372993,0.9811903808246351,1.0050918336648036,3194,954,0.08622553199529648,0.23957166075706482,0.3599154055118561,-0.40377578139305115,0.5691361427307129,-0.3693520545102466,0.5384615384615384,0.05016473170951408,0.02959619469757946,1.6949723510778507,24.0,1.0,bxpc3+INS_XBP1,bxpc3+INS,XBP1,False,True,8
bxpc3+INS_ZNF593,0.019128896,0.0036423947,5.251736,0.9949157,0.3700108,0.8639171240983985,0.24902894924690294,0.9961366782976334,0.9991578878904864,0.9969762440656584,2518,1831,0.009550306014716625,0.10301639139652252,0.09270666539669037,0.9656320214271545,0.966781497001648,0.7894736842105263,0.5706914344685242,0.9683516485214034,0.9928101563415839,0.9753643658216513,15.0,3.0,bxpc3+INS_ZNF593,bxpc3+INS,ZNF593,False,True,8
bxpc3+TGFB_IRF7,0.012587372,0.008282267,1.519798,0.99725586,0.46696615,0.8430651925621518,0.3356291196199503,0.9978043126126164,0.9980225333146162,0.9997813469188165,2242,1217,,,,,,,,,,,,,bxpc3+TGFB_IRF7,bxpc3+TGFB,IRF7,True,False,8
bxpc3+TNFA_CEBPB,0.012923412,0.020080157,0.6435912,0.9959402,0.54135877,0.8822934599192376,0.42781001466832436,0.9967054061673359,0.9955280080546766,1.0011826870797538,2468,1353,0.13520215451717377,0.263923317193985,0.5122781991958618,0.8464646935462952,0.8154065012931824,0.7741439588038188,0.5907692307692308,0.906162694183167,0.9127978004843473,0.9927310229081844,24.0,1.0,bxpc3+TNFA_CEBPB,bxpc3+TNFA,CEBPB,True,False,8
bxpc3+TNFA_ITCH,0.037200466,0.04737595,0.78521836,0.9917944,0.47834462,0.8609150480751648,0.3625384151719193,0.9928838688134051,0.99087446919529,1.0020279053306793,2363,1437,0.27982547879219055,0.33866727352142334,0.8262548446655273,0.9914833307266235,0.07210994511842728,0.5154089323259421,0.2123076923076923,0.9506965015203721,0.9340272686319953,1.017846623378342,20.0,5.0,bxpc3+TNFA_ITCH,bxpc3+TNFA,ITCH,True,False,8
bxpc3+TNFA_TRAF1,0.0046592993,0.0064717773,0.7199412,0.998721,0.58425564,0.8963407008069215,0.44228672406806374,0.9990157029569594,0.9984826949261268,1.0005338179955858,2606,1264,0.02229442447423935,0.08349230140447617,0.2670237123966217,0.9842872023582458,0.9196534156799316,0.8297749720718219,0.5153846153846153,0.9733956370757958,0.964496806372083,1.0092263972725688,25.0,0.0,bxpc3+TNFA_TRAF1,bxpc3+TNFA,TRAF1,True,False,8
hap1+IFNB_CEBPB,0.0036450364,0.004233586,0.8609808,0.99894094,0.41007707,0.9011621916847902,0.27777603287934904,0.9991531813708524,0.9990081748701216,1.0001451504646093,2269,1586,0.017832333222031593,0.035590335726737976,0.5010442733764648,0.8932836651802063,0.4757324159145355,0.8630769230769231,0.45,0.9696510304558268,0.9756980135741187,0.9938024029626329,22.0,3.0,hap1+IFNB_CEBPB,hap1+IFNB,CEBPB,True,False,8
hap1+IFNB_IRF7,0.0036638565,0.0025424426,1.4410774,0.9988642,0.39145043,0.8846289275121858,0.362009474911079,0.9990963117367712,0.9993824886692536,0.9997136462408267,2514,1441,0.7782434821128845,1.316904067993164,0.5909644365310669,,,,,,,,1.0,0.0,hap1+IFNB_IRF7,hap1+IFNB,IRF7,True,False,8
hap1+IFNG_ATF3,0.07820958,0.007372886,10.607729,0.97662115,0.06967651,0.7775344236741702,0.16106181588645255,0.9816806163669428,0.9982024758242235,0.9834483886211177,1903,1335,0.2027639001607895,0.8505833745002747,0.23838216066360474,,,,,,,,1.0,0.0,hap1+IFNG_ATF3,hap1+IFNG,ATF3,False,True,8
hap1+IFNG_ATF5,0.07373302,0.039749768,1.8549294,0.97179186,0.346804,0.764335196765867,0.3909456584896412,0.9772901056330415,0.9931995105715691,0.9839816625268251,2128,998,0.5651006698608398,0.6409409046173096,0.8816735744476318,0.5477360486984253,0.42822957038879395,0.4692307692307692,0.26153846153846155,0.8713334885306776,0.9436959475179384,0.923320154995277,15.0,10.0,hap1+IFNG_ATF5,hap1+IFNG,ATF5,False,True,8
hap1+IFNG_BATF2,0.079538606,0.0054087513,14.70554,0.9786687,0.10990501,0.7707543400487162,0.12913524229183254,0.983397013443737,0.9986278646852046,0.984748221254302,1877,1496,0.5804367065429688,0.34853336215019226,1.6653691530227661,1.0,-1.0,0.9999999999999999,-0.9999999999999999,0.9983104316883403,0.9780624431539001,1.0207021429727408,1.0,1.0,hap1+IFNG_BATF2,hap1+IFNG,BATF2,False,True,8
hap1+IFNG_CEBPB,0.07180133,0.021381611,3.3580878,0.97479373,0.25342378,0.7775186291621484,0.2973175419839586,0.9798827974142343,0.9957432236036965,0.9840717709008737,2027,1150,0.5106286406517029,0.5526854395866394,0.9239046573638916,0.5669969320297241,-0.4088760018348694,0.7142857142857143,-0.3142857142857143,0.9266981004662004,0.991470187418956,0.9346706660728009,4.0,2.0,hap1+IFNG_CEBPB,hap1+IFNG,CEBPB,False,False,8
hap1+IFNG_CEBPE,0.073582284,0.011279386,6.5236077,0.97657657,0.25075307,0.7578002593108378,0.2888058341008597,0.9815815326960665,0.9977084425270669,0.9838360495475481,2027,1195,,,,,,,,,,,,,hap1+IFNG_CEBPE,hap1+IFNG,CEBPE,False,True,8
hap1+IFNG_CLK1,0.08374956,0.12200325,0.6864535,0.9615417,0.59678686,0.6892357622969175,0.6072048439813957,0.9684621307773819,0.9808724656942934,0.9873476569574954,2444,617,0.3586898148059845,0.9071398973464966,0.39540737867355347,0.20670679211616516,0.20956462621688843,0.22384615384615386,0.2784615384615384,0.7571068947101539,0.9449789003757302,0.8011892058215511,23.0,2.0,hap1+IFNG_CLK1,hap1+IFNG,CLK1,False,True,8
hap1+IFNG_CUL1,0.09952565,0.18811855,0.52905816,0.9491513,0.64756656,0.6865109231062463,0.619463174245507,0.9578659226741694,0.9702688667716842,0.9872170029130354,2322,547,0.6049545407295227,1.3497120141983032,0.44821009039878845,0.6460142135620117,0.05058814585208893,0.5997346078929867,0.21615384615384614,0.8853227402654541,0.9124274678338083,0.970293827702597,23.0,2.0,hap1+IFNG_CUL1,hap1+IFNG,CUL1,False,True,8
hap1+IFNG_EHF,0.07648218,0.057653833,1.3265758,0.9695314,0.37991145,0.7574891894802558,0.4248590795444891,0.9753437730487005,0.9910407949703339,0.9841610738919144,2154,937,0.41385936737060547,0.5531736612319946,0.7481545209884644,0.8012310862541199,-0.15751971304416656,0.7592307692307693,-0.06846153846153846,0.9114165063259151,0.9252537074784485,0.9850449654611563,20.0,5.0,hap1+IFNG_EHF,hap1+IFNG,EHF,False,True,8
hap1+IFNG_ETV7,0.07369743,0.004408447,16.717323,0.9790251,0.1278565,0.7859145052772711,0.14848466904204347,0.9836793687071548,0.9988854306450078,0.9847769709404671,1868,1410,,,,,,,,,,,,,hap1+IFNG_ETV7,hap1+IFNG,ETV7,False,True,8
hap1+IFNG_FBXO6,0.07848733,0.0168216,4.665866,0.9755399,0.24266239,0.7544259300757331,0.28785069791938833,0.980590484868873,0.9963575365586235,0.9841753074461511,2051,1114,0.43542563915252686,0.5743038058280945,0.7581799626350403,0.4616284966468811,-0.8027265071868896,0.6000000000000001,-0.39999999999999997,0.7990096706603035,0.9798698550124393,0.8154242796357484,3.0,1.0,hap1+IFNG_FBXO6,hap1+IFNG,FBXO6,False,True,8
hap1+IFNG_FMNL2,0.07650514,0.015641369,4.891205,0.97557175,0.256797,0.7572877734526198,0.33180382455407686,0.9806751861077365,0.9967786548301149,0.9838444887996494,2109,1073,0.2552143633365631,1.0653362274169922,0.2395622730255127,1.0,1.0,0.9999999999999999,0.9999999999999999,0.9841271536926002,0.9941847183541106,0.9898836056561392,1.0,1.0,hap1+IFNG_FMNL2,hap1+IFNG,FMNL2,False,True,8
hap1+IFNG_FOXN3,0.07512141,0.0076607047,9.80607,0.97740406,0.14986476,0.7764831293366108,0.1978784437986308,0.9822796739654274,0.9981949112984682,0.9840559823007533,1943,1302,,,,,,,,,,,,,hap1+IFNG_FOXN3,hap1+IFNG,FOXN3,False,True,8
hap1+IFNG_GUK1,0.070834115,0.036592085,1.935777,0.97278297,0.36860085,0.7591061637044221,0.4012063914234003,0.9781974834233184,0.9940868749699583,0.9840160936164456,2124,1022,0.6213663816452026,0.4904017746448517,1.2670557498931885,0.679599940776825,0.3260749578475952,0.47816888747578795,0.048461538461538466,0.8319203144417697,0.9406000362327077,0.8844570299760756,13.0,12.0,hap1+IFNG_GUK1,hap1+IFNG,GUK1,False,True,8
hap1+IFNG_HLA-DQB1,0.07943494,0.014089438,5.6379066,0.9755995,0.20626698,0.7484294936603292,0.2793018168540531,0.9806957677500839,0.9968880654084169,0.9837571556725387,2060,1128,,,,,,,,,,,,,hap1+IFNG_HLA-DQB1,hap1+IFNG,HLA-DQB1,False,True,8
hap1+IFNG_HLX,0.07676905,0.05363212,1.4314005,0.9718085,0.47458315,0.713884060564761,0.49564084146694354,0.9772452940819782,0.9897390326923323,0.9873767344747756,2332,762,0.5786080360412598,0.8929212093353271,0.6479945182800293,0.8471695184707642,0.27786901593208313,0.5538461538461539,0.24,0.8848727984232948,0.8933831154580525,0.9904740565525527,19.0,6.0,hap1+IFNG_HLX,hap1+IFNG,HLX,False,True,8
hap1+IFNG_IFI16,0.07916902,0.11018525,0.7185083,0.96463954,0.5736066,0.6952445347076838,0.5825674940569742,0.971096224045111,0.9830245152597019,0.9878657235608823,2412,624,0.6635980010032654,1.1920320987701416,0.556694746017456,0.2283741533756256,0.4081431031227112,0.37,0.12846153846153846,0.7725933954361187,0.9467266631026942,0.8160680643598957,22.0,3.0,hap1+IFNG_IFI16,hap1+IFNG,IFI16,False,True,8
hap1+IFNG_IFNGR1,0.038530894,0.053100508,0.72562194,0.98638743,0.71312314,0.7897750884215053,0.3717548098942804,0.9889620594923714,0.9878634302125386,1.0011121266829326,2072,1083,0.627079427242279,2.2106094360351562,0.2836681306362152,0.7596346735954285,0.7464069128036499,0.7161538461538461,0.5930769230769232,0.951205079069407,0.9755961455603167,0.9749988080601721,25.0,0.0,hap1+IFNG_IFNGR1,hap1+IFNG,IFNGR1,False,True,8
hap1+IFNG_IFNGR2,0.0357972,0.035078928,1.0204759,0.99107325,0.7536968,0.8106847369048904,0.3306317606929162,0.9930177925272338,0.9910870264543538,1.001948129701372,2067,1238,0.6693570613861084,1.2866874933242798,0.5202172994613647,0.8267791271209717,0.9436137080192566,0.7807692307692308,0.9269230769230768,0.9496767271362389,0.9392065562350354,1.0111478894942716,25.0,0.0,hap1+IFNG_IFNGR2,hap1+IFNG,IFNGR2,False,True,8
hap1+IFNG_IRF1,0.081231855,0.01643654,4.9421506,0.97464097,0.12586957,0.7812725672103131,0.18448612836148762,0.9802131273284975,0.9959178645029748,0.9842308911866794,1940,1354,1.7820299863815308,0.9030718803405762,1.9732980728149414,0.006947282236069441,-0.011020147241652012,0.08384615384615385,0.1623076923076923,0.6360605827045036,0.887283611615802,0.716862764484284,17.0,8.0,hap1+IFNG_IRF1,hap1+IFNG,IRF1,False,True,8
hap1+IFNG_IRF2,0.075786434,0.05988704,1.2654897,0.9698133,0.4231973,0.7422290155672753,0.47006596379574644,0.9755276753870737,0.9896017661700138,0.9857780258038442,2222,844,0.47651368379592896,0.5895304083824158,0.8082936406135559,0.6951950192451477,-0.013392960652709007,0.5949914705395785,0.09615384615384616,0.8917130292458333,0.9501483762634588,0.9384987140140916,18.0,7.0,hap1+IFNG_IRF2,hap1+IFNG,IRF2,False,True,8
hap1+IFNG_IRF5,0.07406328,0.0050313408,14.7203865,0.9783206,0.106747314,0.7751387041179891,0.15486456903070797,0.9830914036448809,0.9987444261890452,0.9843272992231934,1905,1395,,,,,,,,,,,,,hap1+IFNG_IRF5,hap1+IFNG,IRF5,False,True,8
hap1+IFNG_IRF7,0.075299636,0.016936645,4.4459596,0.9753301,0.26371822,0.7522101678106035,0.3321678696930328,0.9804703317719851,0.9965240460121563,0.9838902891461433,2119,1052,,,,,,,,,,,,,hap1+IFNG_IRF7,hap1+IFNG,IRF7,False,False,8
hap1+IFNG_IRF9,0.07285011,0.03259419,2.2350643,0.9745452,0.39166948,0.7367041603287845,0.4179611136808082,0.9796434486007654,0.9936240365983964,0.9859297002863451,2196,918,0.19034788012504578,0.48261138796806335,0.3944123387336731,0.669321596622467,0.5066465735435486,0.5981919710578039,0.16153846153846155,0.8357112039300312,0.9396379856954182,0.8893969982615467,23.0,2.0,hap1+IFNG_IRF9,hap1+IFNG,IRF9,False,True,8
hap1+IFNG_JAK1,0.043981258,0.020096412,2.188513,0.9881802,0.675367,0.7910430826603894,0.3208222342635734,0.9907587603504809,0.9949821154955864,0.995755345669704,2047,1236,0.8321489691734314,1.104443907737732,0.7534551620483398,0.4490399956703186,0.8106937408447266,0.4123076923076923,0.5484615384615384,0.848445746911279,0.9661776671410627,0.8781467174891814,25.0,0.0,hap1+IFNG_JAK1,hap1+IFNG,JAK1,False,True,8
hap1+IFNG_JAK2,0.037752155,0.039433807,0.9573551,0.98853844,0.7153886,0.8070216952168144,0.34695547229086526,0.9908515568928816,0.990428736375489,1.0004269065525502,2065,1130,0.8523246645927429,1.72648024559021,0.49367761611938477,0.7040393352508545,0.8710677027702332,0.6453846153846153,0.5746153846153847,0.9401119234937937,0.9705606366486226,0.9686277064975876,25.0,0.0,hap1+IFNG_JAK2,hap1+IFNG,JAK2,False,True,8
hap1+IFNG_JUN,0.07455396,0.0076087313,9.798474,0.97742176,0.15207541,0.7661397142772522,0.2154955821161305,0.9822885851321409,0.9982147455304426,0.9840453565030852,1966,1262,,,,,,,,,,,,,hap1+IFNG_JUN,hap1+IFNG,JUN,False,True,8
hap1+IFNG_KIN,0.09932163,0.17598829,0.564365,0.95244074,0.6170676,0.6857907458656795,0.6061140228749331,0.9606335919194254,0.9699158909740067,0.9904297896952077,2376,530,0.42666804790496826,1.5272860527038574,0.2793635427951813,0.3980166018009186,0.5666608214378357,0.38625561106973477,0.26153846153846155,0.7863846510478095,0.8758266599439476,0.8978770423569177,25.0,0.0,hap1+IFNG_KIN,hap1+IFNG,KIN,False,False,8
hap1+IFNG_KLF4,0.0752361,0.022056216,3.411106,0.9747853,0.3201574,0.7315446119693477,0.3644017340959666,0.9799820097218424,0.9956791454617746,0.984234744885962,2139,1039,0.596718430519104,0.4364548623561859,1.3671939373016357,0.7392255067825317,-0.1840423196554184,0.7,-0.6,0.9265924011477077,0.9610592886732684,0.9641365647970149,2.0,3.0,hap1+IFNG_KLF4,hap1+IFNG,KLF4,False,True,8
hap1+IFNG_MAFB,0.07401607,0.011380133,6.5039725,0.9772011,0.23070046,0.7621951476819508,0.2700451497222492,0.9820120144154919,0.9974765156632694,0.9844963755988837,2012,1164,,,,,,,,,,,,,hap1+IFNG_MAFB,hap1+IFNG,MAFB,False,True,8
hap1+IFNG_MAFF,0.077289164,0.005726481,13.496799,0.9786732,0.15546747,0.7611297666926231,0.158833698717318,0.9833576708345728,0.9985664717974979,0.9847693654929671,1895,1383,,,,,,,,,,,,,hap1+IFNG_MAFF,hap1+IFNG,MAFF,False,True,8
hap1+IFNG_MCRS1,0.08652521,0.18508911,0.46747866,0.9548682,0.68983996,0.6753344526524857,0.6514821895878489,0.9626783475699631,0.9745666001685903,0.9878014980232539,2454,523,0.4150165319442749,1.1470706462860107,0.3618055582046509,0.6021252274513245,0.3143370449542999,0.408636405384993,0.19076923076923075,0.8442223577111784,0.9117511302295926,0.9259350821957198,22.0,3.0,hap1+IFNG_MCRS1,hap1+IFNG,MCRS1,False,True,8
hap1+IFNG_MYC,0.075571045,0.0065814285,11.482469,0.97756696,0.116689324,0.7782734634983085,0.16996577571180582,0.982442178060511,0.998406342283056,0.9840103537543244,1897,1353,,,,,,,,,,,,,hap1+IFNG_MYC,hap1+IFNG,MYC,False,True,8
hap1+IFNG_NFKB1,0.07532992,0.052810766,1.4264122,0.97019976,0.4090687,0.7427155360193765,0.4636569511117085,0.9759631931190261,0.9910715906542129,0.9847554932684393,2211,867,0.41700828075408936,0.6463285684585571,0.645195484161377,0.7734655141830444,0.35186371207237244,0.48461538461538467,0.15153846153846154,0.9320092486559074,0.9663044020995218,0.9645089545601777,20.0,5.0,hap1+IFNG_NFKB1,hap1+IFNG,NFKB1,False,True,8
hap1+IFNG_PARP12,0.07569615,0.008254157,9.17067,0.97708803,0.14823513,0.772960107480734,0.20853563775361844,0.9820171404669925,0.9980671192809225,0.9839189384121846,1951,1268,0.6433455944061279,2.4168412685394287,0.2661927342414856,,,,,,,,1.0,0.0,hap1+IFNG_PARP12,hap1+IFNG,PARP12,False,True,8
hap1+IFNG_PIK3CA,0.08571321,0.069602154,1.2314734,0.9656944,0.38142842,0.7502226749272758,0.4195369697049348,0.971869227516772,0.9876646684249022,0.9840072836326925,2114,940,0.2575591206550598,0.5085284113883972,0.5064793229103088,0.4177361726760864,-0.01318390853703022,0.32846153846153847,-0.027692307692307697,0.8756853617603694,0.9397248313569507,0.9318529558231327,22.0,3.0,hap1+IFNG_PIK3CA,hap1+IFNG,PIK3CA,False,True,8
hap1+IFNG_PLEK,0.07354624,0.012126861,6.0647383,0.9765341,0.2605694,0.7519334684857122,0.3136531763875366,0.9815367069302069,0.997538746235921,0.9839584784389622,2087,1147,0.6954395174980164,0.6611617803573608,1.0518447160720825,1.0,1.0,0.9999999999999999,0.9999999999999999,0.9847038233747561,0.9892607548377016,0.9953935992703026,1.0,1.0,hap1+IFNG_PLEK,hap1+IFNG,PLEK,False,True,8
hap1+IFNG_PPARG,0.08595926,0.13233508,0.64955765,0.9597777,0.59001803,0.6944075433340444,0.598892970313352,0.9670775623168852,0.980464562279031,0.986346268414813,2387,627,0.516566276550293,1.0224705934524536,0.5052137970924377,0.4427454173564911,0.17890186607837677,0.44461538461538463,0.20384615384615384,0.8836992113911732,0.9598115163968728,0.920700779574489,24.0,1.0,hap1+IFNG_PPARG,hap1+IFNG,PPARG,False,True,8
hap1+IFNG_PRDM1,0.07487313,0.005786052,12.940279,0.9781269,0.113054514,0.7748683020801009,0.1566010200623153,0.9829417319719415,0.9985555280861369,0.9843636175705508,1870,1398,0.011248055845499039,0.33933496475219727,0.03314735367894173,,,,,,,,1.0,0.0,hap1+IFNG_PRDM1,hap1+IFNG,PRDM1,False,True,8
hap1+IFNG_PTGES3,0.07767488,0.031875383,2.4368298,0.97330034,0.40050521,0.7190314567541337,0.4347182610475614,0.9786617133666967,0.994029162389777,0.9845402432800513,2219,910,0.2524879574775696,0.3726928234100342,0.6774693131446838,0.44585880637168884,0.27132534980773926,0.5353846153846153,0.06923076923076923,0.8369335094593752,0.9699631681888595,0.8628508142449566,19.0,6.0,hap1+IFNG_PTGES3,hap1+IFNG,PTGES3,False,True,8
hap1+IFNG_PTPN11,0.07564594,0.011203714,6.751863,0.9764638,0.17813545,0.7805834968031343,0.23315579545428464,0.9814577583102203,0.9974243641076813,0.9839921638451803,1941,1269,0.11657509207725525,1.0024664402008057,0.11628827452659607,1.0,1.0,0.9999999999999999,0.9999999999999999,0.9584048599443347,0.9815863401470799,0.976383656480721,2.0,0.0,hap1+IFNG_PTPN11,hap1+IFNG,PTPN11,False,True,8
hap1+IFNG_RARRES3,0.07334997,0.054928016,1.3353835,0.97158265,0.5302168,0.701532507750922,0.5415253625926609,0.9771006055512963,0.9912699700724001,0.9857058470962567,2347,764,0.2757330536842346,0.6796507835388184,0.40569812059402466,0.4577994644641876,0.5455911159515381,0.403154460237028,0.47,0.7711412425994223,0.9323447554359952,0.8270988152218556,20.0,5.0,hap1+IFNG_RARRES3,hap1+IFNG,RARRES3,False,True,8
hap1+IFNG_RFX5,0.07588115,0.03363538,2.255992,0.9725158,0.3084944,0.7592037456977718,0.35959813456093476,0.9779255708962246,0.9934597744815172,0.9843635303770604,2125,982,0.24964919686317444,0.5418944358825684,0.46069711446762085,0.8989899754524231,0.5882207751274109,0.7384615384615385,0.28538461538461535,0.9365272917354251,0.9609252073231561,0.9746099744269421,21.0,4.0,hap1+IFNG_RFX5,hap1+IFNG,RFX5,False,False,8
hap1+IFNG_RNF14,0.073300764,0.01224564,5.985866,0.9768746,0.24176456,0.7652960141992365,0.2611027004234962,0.9817696480633054,0.997359347770647,0.9843690243218869,2037,1188,0.11315175145864487,1.152428150177002,0.09818551689386368,,,,,,,,1.0,0.0,hap1+IFNG_RNF14,hap1+IFNG,RNF14,False,True,8
hap1+IFNG_RUNX1,0.074947275,0.004172324,17.962955,0.97875255,0.1213275,0.7798103938469478,0.16293193135948808,0.9835085694962413,0.9989427562615293,0.9845494782673541,1949,1431,,,,,,,,,,,,,hap1+IFNG_RUNX1,hap1+IFNG,RUNX1,False,True,8
hap1+IFNG_SOX2,0.11706086,0.29819247,0.39256814,0.93343824,0.71844923,0.6512982467418356,0.6706780309976992,0.9437901825100726,0.9506189119933413,0.9928165436253004,2276,387,0.6105720400810242,2.699877977371216,0.22614800930023193,0.710699200630188,0.5398516058921814,0.474902668321308,0.4330769230769231,0.735687371996206,0.5940826854690954,1.2383585483816917,25.0,0.0,hap1+IFNG_SOX2,hap1+IFNG,SOX2,False,True,8
hap1+IFNG_SP100,0.076573305,0.008387695,9.129243,0.97686803,0.13018972,0.766284466818327,0.19946330562619385,0.9818408997329071,0.9980164815964944,0.9837922698052924,1949,1295,0.3714396059513092,2.350172996520996,0.15804776549339294,,,,,,,,1.0,0.0,hap1+IFNG_SP100,hap1+IFNG,SP100,False,True,8
hap1+IFNG_SP110,0.072111465,0.0400152,1.8021019,0.97236526,0.38595125,0.7332271327968758,0.4083515820331441,0.977876032834646,0.9931749937710785,0.9845959060262457,2125,1004,0.4133337736129761,0.49997904896736145,0.8267021775245667,0.8491802215576172,0.0008114427328109741,0.8799999999999999,0.06,0.9211585140219737,0.9499058219250994,0.9697366757423743,19.0,6.0,hap1+IFNG_SP110,hap1+IFNG,SP110,False,True,8
hap1+IFNG_SRC,0.07692894,0.037167158,2.0698097,0.9715275,0.30726,0.7606049180067065,0.35796712367526884,0.9770029227843928,0.9930032924798322,0.9838868915978298,2076,1038,0.45726338028907776,0.5153796672821045,0.8872359991073608,0.833471953868866,0.4239397644996643,0.5762646769418587,0.30769230769230765,0.8828047465417369,0.9308952995864935,0.9483394608758702,14.0,11.0,hap1+IFNG_SRC,hap1+IFNG,SRC,False,True,8
hap1+IFNG_STAT1,0.039082393,0.034774475,1.1238816,0.9904857,0.70886576,0.7895214726049167,0.29747167906945493,0.9925977052413868,0.9911615253499606,1.0014489867238532,2049,1309,0.3886301517486572,1.3640892505645752,0.28490081429481506,0.8371641635894775,0.9244506359100342,0.8076923076923078,0.8638461538461538,0.9663210592076394,0.9368064634153038,1.0315055424412152,25.0,0.0,hap1+IFNG_STAT1,hap1+IFNG,STAT1,False,True,8
hap1+IFNG_STAT2,0.07233028,0.04288728,1.6865206,0.9723289,0.40898064,0.7551999555426622,0.43291497944165286,0.977763845766425,0.9923747493093268,0.9852768285840902,2180,930,0.28982487320899963,0.7073670029640198,0.4097234904766083,0.8498957753181458,0.5456646084785461,0.6407692307692306,0.46153846153846156,0.937438235156641,0.9534574199248379,0.9831988461850141,21.0,4.0,hap1+IFNG_STAT2,hap1+IFNG,STAT2,False,True,8
hap1+IFNG_STAT3,0.076055884,0.006688517,11.371113,0.9779736,0.15567991,0.7696142239364749,0.20019242381232255,0.9827532777744642,0.9983819619635751,0.9843459870224688,1924,1323,1.6913865804672241,0.8822590708732605,1.9171087741851807,,,,,,,,0.0,1.0,hap1+IFNG_STAT3,hap1+IFNG,STAT3,False,True,8
hap1+IFNG_TAPBPL,0.079678275,0.07124562,1.1183604,0.9677566,0.5099498,0.6935139922490027,0.5376228452864438,0.9738719917636647,0.9879865938433168,0.9857137716568141,2348,745,0.4442044794559479,0.6445503830909729,0.6891695261001587,0.6415703296661377,0.2954674959182739,0.518945960744037,0.1576923076923077,0.8999492884596108,0.961005860652273,0.9364659731094452,19.0,6.0,hap1+IFNG_TAPBPL,hap1+IFNG,TAPBPL,False,True,8
hap1+IFNG_TBX21,0.07452962,0.0083134705,8.964922,0.9770701,0.15939891,0.7701217896323213,0.20141410121862474,0.9820172794887868,0.9980880953057643,0.9838983994573604,1934,1300,,,,,,,,,,,,,hap1+IFNG_TBX21,hap1+IFNG,TBX21,False,True,8
hap1+IFNG_TRAFD1,0.07206632,0.016054489,4.488858,0.97588766,0.26554736,0.7725029818941223,0.3044318431858573,0.9808950641888394,0.9967780125478449,0.9840657115635933,2022,1151,0.06674060225486755,0.37203630805015564,0.1793927103281021,,,,,,,,1.0,0.0,hap1+IFNG_TRAFD1,hap1+IFNG,TRAFD1,False,True,8
hap1+IFNG_TSC22D1,0.08006741,0.0064981766,12.32152,0.9777753,0.14489192,0.7620669472797773,0.1950979028009061,0.9825953188638883,0.9984160927848482,0.9841541276875541,1961,1305,0.02348150499165058,0.39468759298324585,0.05949390307068825,,,,,,,,1.0,0.0,hap1+IFNG_TSC22D1,hap1+IFNG,TSC22D1,False,True,8
hap1+IFNG_ZC3H3,0.08072846,0.08021844,1.0063578,0.96671546,0.44152787,0.7509788435338968,0.451623172702981,0.9729532200996602,0.9882078690008057,0.9845633197430722,2179,916,0.5399442911148071,0.7331151366233826,0.7365068197250366,0.6281999349594116,0.46503424644470215,0.40307692307692305,0.21461538461538462,0.8305735455543923,0.8885278290149766,0.9347749371847672,17.0,8.0,hap1+IFNG_ZC3H3,hap1+IFNG,ZC3H3,False,True,8
hap1+IFNG_ZFP36,0.07595234,0.010705434,7.094747,0.9770893,0.21383615,0.7578566574656034,0.24834683221249895,0.9819393140153655,0.9975920669889958,0.9843094652698325,2016,1191,,,,,,,,,,,,,hap1+IFNG_ZFP36,hap1+IFNG,ZFP36,False,True,8
hap1+IFNG_ZNF267,0.069600224,0.036435705,1.9102204,0.9741595,0.45023918,0.7290437426300436,0.46695397188716586,0.9793556316862566,0.9939835055766575,0.9852835848800986,2229,885,0.3236827552318573,0.37247100472450256,0.8690146207809448,0.4641745090484619,0.5714311003684998,0.5153846153846153,0.36076923076923073,0.7323162632581895,0.9304667536755815,0.7870418371912302,16.0,9.0,hap1+IFNG_ZNF267,hap1+IFNG,ZNF267,False,True,8
hap1+IFNG_ZNFX1,0.07476045,0.01472672,5.0765176,0.97646123,0.23558031,0.7643741501006893,0.27704866819577323,0.9813889354910587,0.9967211239546103,0.984617373811925,2053,1158,0.8139321804046631,1.4378631114959717,0.5660706758499146,0.8776064515113831,0.09651975333690643,0.7999999999999999,0.39999999999999997,0.9618464437269851,0.9860021226075327,0.9755013926170193,3.0,1.0,hap1+IFNG_ZNFX1,hap1+IFNG,ZNFX1,False,True,8
hap1+INS_CHUK,0.009920558,0.0020333943,4.8788166,0.99673283,0.16537046,0.8601800325343849,0.21534922607339432,0.9974374123058062,0.9994962468513167,0.9979401277873765,2386,1637,0.07850267738103867,0.08017664402723312,0.9791215062141418,0.9426130056381226,0.43266960978507996,0.5714285714285715,0.5357142857142858,0.904622811330146,0.7647714266910939,1.1828669060560246,6.0,1.0,hap1+INS_CHUK,hap1+INS,CHUK,False,True,8
hap1+INS_COPS4,0.033870537,0.05493769,0.6165264,0.9897975,0.5176686,0.8102012773412823,0.5354574147331795,0.991429189383507,0.9895111994077649,1.0019383206343597,2875,1014,0.0875571221113205,0.1802968829870224,0.4856274724006653,-0.21973451972007751,-0.11781717836856842,-0.36757169208210827,-0.039999999999999994,0.6982235891933979,0.7808183303529106,0.8942202840932514,25.0,0.0,hap1+INS_COPS4,hap1+INS,COPS4,False,True,8
hap1+INS_DR1,0.028088074,0.040073384,0.70091593,0.9907054,0.43052262,0.8095596660413685,0.478189188099094,0.992370473978597,0.9916253818282149,1.0007513847104321,2833,1063,0.0848570242524147,0.16050706803798676,0.5286809206008911,0.37644344568252563,0.31286877393722534,0.2718358637893559,0.27076923076923076,0.819540609175153,0.8571958013494225,0.9560716558399007,22.0,3.0,hap1+INS_DR1,hap1+INS,DR1,False,False,8
hap1+INS_EIF2B1,0.011773098,0.010045725,1.171951,0.99619293,0.33861253,0.8641538310376101,0.2734051044336344,0.996896161480456,0.9976691344642048,0.9992252211108406,2396,1527,0.036109279841184616,0.08514369279146194,0.42409810423851013,0.9016124606132507,0.7993839979171753,0.646651461819555,0.36153846153846153,0.8922219213550836,0.9227873101865285,0.966877103213235,23.0,2.0,hap1+INS_EIF2B1,hap1+INS,EIF2B1,False,True,8
hap1+INS_ELK1,0.010316243,0.0030284915,3.4063966,0.996596,0.10490672,0.8862709061515077,0.17709786820898868,0.9973479951015409,0.999231134997938,0.9981154111091615,2301,1702,0.011049688793718815,0.013468737713992596,0.820395290851593,0.266107439994812,0.3249785602092743,0.28384615384615386,0.1276923076923077,0.8516706861314087,0.95438321955565,0.8923781020876886,16.0,9.0,hap1+INS_ELK1,hap1+INS,ELK1,False,True,8
hap1+INS_FOS,0.008584185,0.0016967171,5.0592904,0.9971438,0.2043665,0.8886809486886978,0.2169706954067846,0.9977824529204251,0.9995781491461322,0.9982035459386132,2397,1634,0.12084946781396866,0.06863296777009964,1.7608078718185425,0.9997759461402893,-0.9736706018447876,1.0,-1.0,0.9991754754875433,0.9955263112060467,1.0036655628690272,1.0,2.0,hap1+INS_FOS,hap1+INS,FOS,False,True,8
hap1+INS_FOXM1,0.011002318,0.009619333,1.1437714,0.99628866,0.38820028,0.8535012365144682,0.3453849844339132,0.9970736748754928,0.9977161915647775,0.9993560125667831,2530,1404,0.019201170653104782,0.06295304745435715,0.30500781536102295,0.7903469800949097,0.8021479249000549,0.7015384615384616,0.5292307692307692,0.9360973570554851,0.963461625931409,0.9715979670186967,23.0,2.0,hap1+INS_FOXM1,hap1+INS,FOXM1,False,True,8
hap1+INS_FOXO1,0.012575447,0.0016853908,7.4614425,0.99652237,0.1364415,0.8478683943589216,0.1805010904726932,0.9972474004127186,0.9995831483948235,0.9976632779515584,2381,1725,0.000334031181409955,0.021654555574059486,0.015425446443259716,,,,,,,,1.0,0.0,hap1+INS_FOXO1,hap1+INS,FOXO1,False,False,8
hap1+INS_FOXO3,0.010027276,0.0023767687,4.218869,0.9968171,0.16633345,0.86846536191036,0.20720361058240577,0.9975266089093178,0.9994025840567659,0.9981229034451431,2345,1679,0.6333656907081604,0.6519811749458313,0.9714478254318237,1.0,-1.0,0.9999999999999999,-0.9999999999999999,0.9997611932015147,0.9995304830307999,1.000230818543938,2.0,0.0,hap1+INS_FOXO3,hap1+INS,FOXO3,False,True,8
hap1+INS_FOXO4,0.02847498,0.04513863,0.6308339,0.9900857,0.48768842,0.7907512288223251,0.52947362000994,0.9918776895891092,0.9906590278576771,1.0012301525521525,2931,973,0.08091475814580917,0.14579759538173676,0.5549800395965576,0.12033237516880035,0.038002584129571915,0.06971854725125219,-0.09615384615384616,0.714972193464202,0.7731539886210639,0.9247474681458602,22.0,3.0,hap1+INS_FOXO4,hap1+INS,FOXO4,False,True,8
hap1+INS_GRB2,0.008789271,0.0016474344,5.3351264,0.99711347,0.20272377,0.8790336979671923,0.1916853319208663,0.9977652062571901,0.9995847298132455,0.9981797205361517,2318,1743,,,,,,,,,,,,,hap1+INS_GRB2,hap1+INS,GRB2,False,True,8
hap1+INS_GRB10,0.010065435,0.0019351471,5.20138,0.99672943,0.14510609,0.8908444488512721,0.1523186528315717,0.9974572654236655,0.9995056414626607,0.9979506108279712,2298,1836,,,,,,,,,,,,,hap1+INS_GRB10,hap1+INS,GRB10,False,False,8
hap1+INS_HSF1,0.009225846,0.0033656182,2.741204,0.9969925,0.27670816,0.8717638214004406,0.23188607180561155,0.99765907195976,0.999178369998418,0.9984794526340073,2365,1616,0.01924324780702591,0.03136880323290825,0.6134517788887024,0.9795786142349243,0.11835099756717682,0.5515384615384615,0.4915384615384616,0.9837443956539927,0.9626877129440552,1.0218728071697756,22.0,3.0,hap1+INS_HSF1,hap1+INS,HSF1,False,True,8
hap1+INS_IGF2,0.008801699,0.0014113183,6.2365084,0.9971184,0.16652185,0.888398209422201,0.1813899193266156,0.9977712144464804,0.9996397654594074,0.9981307756278901,2394,1798,0.0002699886681511998,0.13609760999679565,0.0019837869331240654,,,,,,,,1.0,0.0,hap1+INS_IGF2,hap1+INS,IGF2,False,True,8
hap1+INS_IKBKB,0.01899573,0.007597308,2.5003238,0.9947796,0.3453722,0.7639772481305457,0.3701228575231746,0.9957598056744826,0.998224430038877,0.9975309917387032,2692,1240,0.02387263998389244,0.05752537399530411,0.4149932265281677,0.889857292175293,-0.0028155893087387085,0.35058176371155975,-0.026153846153846153,0.9221730084013606,0.9346793446728714,0.9866196505327848,24.0,1.0,hap1+INS_IKBKB,hap1+INS,IKBKB,False,True,8
hap1+INS_INSR,0.010593433,0.0013737115,7.711541,0.9966996,0.16619697,0.8417676793492592,0.17897417942798913,0.9973825605507111,0.9996551146473092,0.9977266618623766,2385,1692,,,,,,,,,,,,,hap1+INS_INSR,hap1+INS,INSR,False,False,8
hap1+INS_IRS1,0.01116233,0.0045408416,2.4582074,0.99645704,0.18788713,0.875012823257207,0.19708236897798906,0.9972551534626805,0.99884163199284,0.9984116816126353,2325,1723,0.056634433567523956,0.0819280594587326,0.6912702918052673,0.9621655344963074,0.5846999287605286,0.8637362637362638,0.4065934065934066,0.9301889387548434,0.8751487615873463,1.0628923670847288,12.0,2.0,hap1+INS_IRS1,hap1+INS,IRS1,False,True,8
hap1+INS_IRS2,0.008540057,0.0011960749,7.1400685,0.99721074,0.20948651,0.8817065929086447,0.1894061698500203,0.9978422763271154,0.999697177875452,0.9981445365762874,2393,1752,,,,,,,,,,,,,hap1+INS_IRS2,hap1+INS,IRS2,False,True,8
hap1+INS_IRS4,0.010432655,0.0018647324,5.59472,0.9966314,0.11910136,0.8625329747378279,0.14715469009285037,0.9973549444113766,0.9995345621085435,0.9978193673537722,2312,1736,0.006594785954803228,0.010892659425735474,0.6054339408874512,1.0,-1.0,0.9999999999999999,-0.9999999999999999,0.9999892535838818,0.9991901599632615,1.0007997412831304,2.0,0.0,hap1+INS_IRS4,hap1+INS,IRS4,False,True,8
hap1+INS_MAPK1,0.010976469,0.0028850115,3.8046536,0.9963643,0.09095971,0.8648737261576265,0.16405451463700227,0.9971567491600496,0.9992889648959655,0.9978662671050932,2354,1669,0.2268538475036621,0.24995580315589905,0.9075758457183838,0.998358428478241,0.055402204394340515,0.5515151515151515,0.5393939393939393,0.9977885018227702,0.9961047611501029,1.001690324891855,8.0,2.0,hap1+INS_MAPK1,hap1+INS,MAPK1,False,True,8
hap1+INS_MAPK3,0.007851704,0.0016074488,4.884575,0.9973868,0.26968282,0.8928875063222326,0.22369747510556154,0.9979784762465014,0.9995947952953139,0.9983830257456122,2367,1670,,,,,,,,,,,,,hap1+INS_MAPK3,hap1+INS,MAPK3,False,True,8
hap1+INS_MTOR,0.024892617,0.03296989,0.75501066,0.99290097,0.60360473,0.7514710409759877,0.6088991395788378,0.9943090812128185,0.9934008120987482,1.000914302769847,3036,855,0.047131117433309555,0.1365668624639511,0.3451138734817505,0.4122962951660156,0.24936608970165253,0.460506930094767,0.22153846153846157,0.7932171608171026,0.8816406466200174,0.8997057518367516,24.0,1.0,hap1+INS_MTOR,hap1+INS,MTOR,False,True,8
hap1+INS_PIK3CA,0.009564106,0.005199541,1.8394136,0.99689984,0.34530926,0.8699672341503754,0.3368754066195594,0.9975648714028061,0.9987748108868529,0.9987885762928157,2526,1418,0.020805038511753082,0.03690715879201889,0.5637128353118896,0.29930824041366577,-0.0763762816786766,0.35545297830058575,0.08230769230769232,0.8528427335961645,0.9348969858829108,0.9122317714937814,22.0,3.0,hap1+INS_PIK3CA,hap1+INS,PIK3CA,False,True,8
hap1+INS_POLR2G,0.068225466,0.19966944,0.3416921,0.9716505,0.75549006,0.7001375443440977,0.7385555203903811,0.9763893587991976,0.9668236357983493,1.0098939689170399,3157,605,0.19676630198955536,0.5114267468452454,0.3847399652004242,-0.19264931976795197,0.2876930236816406,-0.3039800094641853,0.2946153846153846,0.03355827979640735,0.055850801000854045,0.6008558372492132,23.0,2.0,hap1+INS_POLR2G,hap1+INS,POLR2G,False,True,8
hap1+INS_POLR2L,0.033580825,0.078682706,0.42678788,0.9871135,0.66296905,0.7552409478273278,0.6323472206253892,0.9893748515435526,0.9858748755679079,1.003550121889077,2999,829,0.08758527785539627,0.1975966840982437,0.4432527720928192,0.37678128480911255,0.026807837188243866,0.46803295450084786,0.05307692307692308,0.6376990006347749,0.637855157098264,0.9997551850733645,24.0,1.0,hap1+INS_POLR2L,hap1+INS,POLR2L,False,True,8
hap1+INS_PTEN,0.01192717,0.0019186242,6.216522,0.9964621,0.011623327,0.9006989284409487,0.10072198795617432,0.9972574627030028,0.9995148263076236,0.9977415406503174,2290,1876,2.6291587352752686,2.629000186920166,1.0000603199005127,,,,,,,,0.0,1.0,hap1+INS_PTEN,hap1+INS,PTEN,False,False,8
hap1+INS_RAD51,0.029060107,0.054184027,0.5363224,0.98982644,0.66203356,0.7028468487740132,0.673679860237845,0.9917087533949129,0.9893212550016834,1.0024132690783294,3162,731,0.045424237847328186,0.1906704157590866,0.23823432624340057,0.005669254809617996,0.48334816098213196,0.13759657999351194,0.6061538461538462,0.5720564071078997,0.788083777532631,0.7258827340653049,24.0,1.0,hap1+INS_RAD51,hap1+INS,RAD51,False,True,8
hap1+INS_RPS6KB1,0.010404775,0.006057129,1.7177734,0.9965617,0.2620151,0.8771396995571644,0.24421342816589256,0.9972621622983047,0.9985939441134366,0.9986663429885765,2375,1569,0.022382821887731552,0.047016702592372894,0.476061075925827,0.8139114379882812,0.5770168900489807,0.4735526150303258,0.06307692307692309,0.8955668546655332,0.9623155338817647,0.9306374293398525,22.0,3.0,hap1+INS_RPS6KB1,hap1+INS,RPS6KB1,False,True,8
hap1+INS_SGK1,0.0097381165,0.0020412307,4.7707086,0.99676985,0.10487594,0.8811192947309581,0.13632174077670076,0.9974941470562044,0.9994933795237351,0.9979997541669727,2302,1776,,,,,,,,,,,,,hap1+INS_SGK1,hap1+INS,SGK1,False,True,8
hap1+INS_SHC1,0.010322238,0.0032769875,3.149917,0.9967184,0.2523648,0.8548485586238279,0.24302238232240067,0.9974357640893742,0.9992071406823165,0.9982272178402041,2449,1523,0.01945607177913189,0.019824068993330002,0.9814368486404419,0.6545272469520569,0.12448327988386154,0.5117353206804567,0.3453846153846154,0.8347890997967957,0.9675801206862057,0.8627596639798316,23.0,2.0,hap1+INS_SHC1,hap1+INS,SHC1,False,True,8
hap1+INS_SMARCE1,0.04451987,0.057674974,0.7719097,0.9861641,0.62375826,0.6684688206375197,0.6177161860554026,0.9884333460606429,0.9882113659599887,1.0002246281598255,3032,855,0.12263302505016327,0.30245307087898254,0.4054613411426544,0.9090700149536133,0.4191235303878784,0.5964162438345424,0.03461538461538462,0.9053555437459915,0.854826353124341,1.0591104736499632,24.0,1.0,hap1+INS_SMARCE1,hap1+INS,SMARCE1,False,True,8
hap1+INS_SP1,0.012092342,0.004434052,2.7271538,0.99596393,0.090418175,0.8639637398305798,0.18954587662283515,0.996857086627514,0.9989241049776456,0.9979307553598601,2387,1596,0.011802511289715767,0.022964952513575554,0.5139358043670654,0.7214438915252686,0.25416967272758484,0.6485862785874325,0.1392307692307692,0.9205118690301838,0.925158536611529,0.9949774364095866,22.0,3.0,hap1+INS_SP1,hap1+INS,SP1,False,True,8
hap1+INS_SREBF1,0.008951055,0.0012541199,7.13732,0.99709934,0.16310056,0.8805211571907425,0.18166524318539168,0.9977467939833365,0.9996817620983786,0.9980644159087384,2376,1731,0.009748419746756554,0.015932433307170868,0.6118600964546204,,,,,,,,1.0,0.0,hap1+INS_SREBF1,hap1+INS,SREBF1,False,True,8
hap1+INS_SREBF2,0.011452803,0.0026148346,4.3799343,0.99657625,0.102833405,0.8678683165452559,0.17966819777752596,0.9973196437996464,0.9993331589729816,0.9979851412361775,2362,1726,1.9588542272686027e-05,0.011266212910413742,0.0017386979889124632,,,,,,,,1.0,0.0,hap1+INS_SREBF2,hap1+INS,SREBF2,False,False,8
hap1+INS_SRF,0.016303716,0.017460577,0.93374443,0.9947553,0.34387735,0.8407288489429923,0.3582651565531994,0.9956765952737044,0.9962323153382842,0.9994421782389271,2528,1382,0.06028077006340027,0.07560025155544281,0.7973620295524597,-0.09198738634586334,-0.13150732219219208,0.05388762181829624,-0.1853846153846154,0.7240525301452944,0.8894167777099552,0.814075637306465,23.0,2.0,hap1+INS_SRF,hap1+INS,SRF,False,True,8
hap1+INS_TAF3,0.018292926,0.021461831,0.85234696,0.9939842,0.3677752,0.8337868160991427,0.36574085157649044,0.9950332300712956,0.9953111867795579,0.9997207338649919,2614,1293,0.03671462833881378,0.06903467327356339,0.5318288207054138,0.4354594647884369,0.4241473376750946,0.4678657456303436,0.40692307692307694,0.8438376630102831,0.8318364211085028,1.0144274061549114,20.0,5.0,hap1+INS_TAF3,hap1+INS,TAF3,False,True,8
hap1+INS_TAF7,0.009464416,0.001954247,4.8429985,0.99687004,0.12283222,0.8760526455365125,0.15742860580174692,0.9975750983147627,0.9995110984970847,0.9980630528413009,2340,1708,0.010540765710175037,0.017840592190623283,0.5908305048942566,0.9998856782913208,0.16596324741840363,1.0,0.5,0.9552760732694114,0.8988029389912517,1.0628314971261008,3.0,0.0,hap1+INS_TAF7,hap1+INS,TAF7,False,True,8
hap1+INS_TAF8,0.017941618,0.019204218,0.93425405,0.9937485,0.3861099,0.8046116518649095,0.4266727356398253,0.995028805455008,0.9957747290339339,0.9992509113184168,2717,1186,0.059641946107149124,0.08344551175832748,0.7147412300109863,0.4747801125049591,-0.13224704563617706,0.5324867311759193,-0.023846153846153843,0.8369053232615499,0.91719559893315,0.9124611197818754,21.0,4.0,hap1+INS_TAF8,hap1+INS,TAF8,False,True,8
hap1+INS_TSC1,0.016544936,0.0066324347,2.4945495,0.994915,0.08471204,0.8475512541899619,0.13844762157909773,0.9960022984458222,0.9983177464768038,0.9976806502347042,2268,1733,0.12170792371034622,0.09969166666269302,1.2208435535430908,0.8670806288719177,-0.2651444971561432,0.75091365112851,-0.1676923076923077,0.881753366030296,0.9126064071898965,0.9661923903705614,19.0,6.0,hap1+INS_TSC1,hap1+INS,TSC1,False,True,8
hap1+INS_TSC2,0.015387005,0.0053756647,2.8623447,0.9952143,-0.016378812,0.8745977410342848,0.08999874103584182,0.996275990192281,0.9986285121599789,0.9976442471459085,2240,1846,0.5805325508117676,0.28813260793685913,2.01481032371521,0.9709631204605103,-0.714497447013855,0.8833333333333333,-0.5499999999999999,0.9800178508404548,0.9813192331361352,0.9986738440950338,2.0,7.0,hap1+INS_TSC2,hap1+INS,TSC2,False,True,8
hap1+INS_TTF1,0.012589376,0.0056509096,2.2278495,0.9959338,0.2291628,0.8366107367015831,0.2678509539178387,0.9968143208863784,0.9986710947299381,0.9981407553964884,2516,1433,0.031169969588518143,0.05184537544846535,0.6012102365493774,0.939486563205719,0.2302994579076767,0.7924601031376695,0.16538461538461538,0.9659281586346764,0.9697550656088166,0.9960537386089985,19.0,6.0,hap1+INS_TTF1,hap1+INS,TTF1,False,True,8
hap1+INS_TTF2,0.05417975,0.12500964,0.43340456,0.9823142,0.7097496,0.7459008138720661,0.677191504009889,0.985267979495757,0.9780308341283172,1.0073997108423376,3086,754,0.13607481122016907,0.2932720482349396,0.463988333940506,,0.6093047857284546,,0.3923076923076923,,,,23.0,2.0,hap1+INS_TTF2,hap1+INS,TTF2,False,True,8
hap1+INS_XBP1,0.017084029,0.018260114,0.93559265,0.9940501,0.42945307,0.7803455347988232,0.45595131752843077,0.9952732366088857,0.9959931143536789,0.9992772261831746,2778,1135,0.07215164601802826,0.13302060961723328,0.5424095392227173,0.5227328538894653,0.27208375930786133,0.34223373583478656,0.2823076923076923,0.7982861039932362,0.8941749758207247,0.8927627428407106,21.0,4.0,hap1+INS_XBP1,hap1+INS,XBP1,False,True,8
hap1+INS_ZNF593,0.009179841,0.0022760644,4.033208,0.9969667,0.17427957,0.8902315133415549,0.20665493768560378,0.9976460627112664,0.9994194152651427,0.998225617266595,2358,1701,0.004284111317247152,0.017650917172431946,0.24271324276924133,0.8309221267700195,0.7949256896972656,0.642857142857143,0.7857142857142859,0.9489674563697345,0.9528689334522337,0.9959055469797256,7.0,0.0,hap1+INS_ZNF593,hap1+INS,ZNF593,False,True,8
hap1+TNFA_ITCH,0.008155116,0.009811502,0.83117914,0.9974997,0.43335226,0.8714050560906496,0.3000526163962278,0.9979456454722999,0.9977159242787176,1.0002302470953828,2212,1435,0.10839854180812836,0.1486702561378479,0.7291205525398254,0.9827741980552673,0.08647967129945755,0.6900000000000001,0.2053846153846154,0.9710768675555346,0.9599656497933295,1.0115745993250875,21.0,4.0,hap1+TNFA_ITCH,hap1+TNFA,ITCH,True,False,8
hap1+TNFA_PTGS2,0.009422165,0.005968776,1.5785757,0.99760795,0.5125811,0.8140522437280866,0.42496023230522145,0.99803470760088,0.9985836129243514,0.999450316111373,2535,1151,0.011677857488393784,0.08344102650880814,0.13995341956615448,0.8475351333618164,0.7913892865180969,0.7009803921568628,0.7843137254901962,0.959385854145777,0.9905573146300997,0.9685313913451208,16.0,1.0,hap1+TNFA_PTGS2,hap1+TNFA,PTGS2,True,False,8
hap1+TNFA_TRAF1,0.0068758475,0.0077491472,0.88730377,0.9978728,0.41828835,0.8661126272611134,0.2949351499484783,0.9983093658491411,0.9981589945410367,1.000150648653097,2228,1442,0.06018739566206932,0.1062401607632637,0.5665220618247986,0.9672553539276123,0.36494430899620056,0.7038461538461539,0.30538461538461537,0.965476820061303,0.95756716350155,1.008260158515492,24.0,1.0,hap1+TNFA_TRAF1,hap1+TNFA,TRAF1,True,False,8
ht29+IFNG_CEBPB,0.00595058,0.0063910675,0.9310776,0.9980609,0.302447,0.8823203154692845,0.2351465909137797,0.9984537582823081,0.9983663748930804,1.0000875263745106,2125,1542,0.05485564097762108,0.07501670718193054,0.7312456369400024,0.9030320644378662,0.33848899602890015,0.7899999999999999,0.3230769230769231,0.9480046177776241,0.930996142555496,1.0182691146017442,22.0,3.0,ht29+IFNG_CEBPB,ht29+IFNG,CEBPB,True,False,8
ht29+INS_GRB10,0.0069375504,0.0009279563,7.4761605,0.9977906,0.06369862,0.8844641531815673,0.08269773203452543,0.9982184384643362,0.9997584292318391,0.9984596371258544,2324,2039,0.6012051105499268,0.44768956303596497,1.3429062366485596,1.0,-1.0,0.9999999999999999,-0.9999999999999999,0.9998187458056146,0.9997740044224466,1.0000447514968083,0.0,2.0,ht29+INS_GRB10,ht29+INS,GRB10,True,False,8
ht29+INS_INSR,0.0044529433,0.00088356656,5.039737,0.99853003,0.23474678,0.8508927680361734,0.18613551008466792,0.9988444211893297,0.999772053885367,0.9990721558054835,2440,1866,,,,,,,,,,,,,ht29+INS_INSR,ht29+INS,INSR,True,False,8
ht29+INS_PTEN,0.010145489,0.0027217118,3.7276134,0.9968488,-0.068210185,0.8860879991552012,0.020528492060212372,0.9975020520377897,0.9992896511476689,0.9982111301684891,2358,2153,0.7778589725494385,0.7864125967025757,0.9891232252120972,0.9981754422187805,0.8701643943786621,0.7999999999999999,0.39999999999999997,0.9969112009602822,0.9956025975472719,1.0013143832852929,4.0,0.0,ht29+INS_PTEN,ht29+INS,PTEN,True,False,8
ht29+TGFB_IRF7,0.0047849533,0.0021547212,2.2206833,0.99849826,0.34901786,0.8632844799599799,0.3055494672036035,0.9987912963221554,0.9994649548086069,0.999325980882861,2287,1400,,,,,,,,,,,,,ht29+TGFB_IRF7,ht29+TGFB,IRF7,True,False,8
ht29+TNFA_CASP10,0.013814133,0.01627737,0.8486711,0.9966762,0.3371601,0.8516410552823948,0.29874716477434415,0.9971671601900022,0.9964961142679469,1.0006734054578308,2462,1450,0.04814911261200905,0.07167526334524155,0.6717674732208252,0.510691225528717,0.31575536727905273,0.6476206937775524,0.20846153846153848,0.8725928762471867,0.875783219642106,0.9963571540041346,22.0,3.0,ht29+TNFA_CASP10,ht29+TNFA,CASP10,True,False,8
ht29+TNFA_CEBPB,0.008794485,0.007706795,1.1411339,0.9972476,0.07493256,0.8889110970064783,0.07089240132774925,0.9978044692840147,0.998052657769762,0.999751327263331,2094,1862,0.07733436673879623,0.08509690314531326,0.908780038356781,0.7627925872802734,0.34476181864738464,0.9194075953878786,0.11076923076923079,0.7980426743183003,0.7752408840260221,1.0294125229488191,18.0,7.0,ht29+TNFA_CEBPB,ht29+TNFA,CEBPB,True,False,8
ht29+TNFA_PTGS2,0.004385099,0.0009105137,4.8160715,0.99865246,0.12984236,0.8398637849320173,0.13962036640516354,0.9988864422486399,0.9997698494830777,0.9991163894021263,2319,1740,,,,,,,,,,,,,ht29+TNFA_PTGS2,ht29+TNFA,PTGS2,True,False,8
ht29+TNFA_TRAF1,0.0025549668,0.0017301105,1.4767652,0.9992607,0.20795512,0.890760305937052,0.17447985436597227,0.9994155230168866,0.9995793455343044,0.9998361085409081,2244,1747,0.014499077573418617,0.015441237948834896,0.9389841556549072,0.969995379447937,-0.11250803619623184,0.7851001016396922,0.06384615384615384,0.964070990164941,0.9557247819633177,1.0087328573655672,18.0,7.0,ht29+TNFA_TRAF1,ht29+TNFA,TRAF1,True,False,8
k562+IFNB_CEBPB,0.016397946,0.023426777,0.69996595,0.99549395,0.522086,0.8846861362496605,0.4318813521656971,0.9962184539593104,0.9941842647049304,1.0020460887650275,2350,1177,0.18783222138881683,0.3534829616546631,0.5313755869865417,0.8472058176994324,0.3260125517845154,0.9092307692307693,0.35307692307692307,0.9499503768035402,0.966563547139618,0.9828121281986666,23.0,2.0,k562+IFNB_CEBPB,k562+IFNB,CEBPB,True,False,8
k562+IFNB_IRF7,0.0072827637,0.008046191,0.9051194,0.9974179,0.5915576,0.8754939800860152,0.505594983451426,0.9979337280337836,0.9978128294216372,1.0001211636176461,2551,1053,0.07867362350225449,0.22486770153045654,0.34986627101898193,1.0,-1.0,0.9999999999999999,-0.9999999999999999,0.9982905624989759,0.9706672010857127,1.0284581176559442,2.0,0.0,k562+IFNB_IRF7,k562+IFNB,IRF7,True,False,8
k562+IFNG_CEBPB,0.013915655,0.018784206,0.7408168,0.9958255,0.49098533,0.8713807513948074,0.3711719142016184,0.9964891093260606,0.99526669005549,1.0012282328774638,2094,1272,0.27705830335617065,0.4352550804615021,0.6365423798561096,0.9649652242660522,0.28171080350875854,0.8992307692307692,0.2323076923076923,0.9626396843612551,0.9591533365417719,1.0036348180073618,24.0,1.0,k562+IFNG_CEBPB,k562+IFNG,CEBPB,True,False,8
k562+IFNG_KIN,0.028133078,0.13391177,0.21008666,0.986325,0.86100817,0.7047562491964376,0.8028380705935386,0.98854962147172,0.9752808256990082,1.0136051026771717,2795,363,0.14540605247020721,0.8117291331291199,0.17913125455379486,0.4802841246128082,0.6097942590713501,0.5085837930969398,0.4807692307692307,0.8338700927356578,0.8610226288003904,0.9684647822757428,25.0,0.0,k562+IFNG_KIN,k562+IFNG,KIN,True,False,8
k562+INS_DR1,0.012994615,0.018115908,0.7173041,0.9948446,0.5203347,0.8701406053743097,0.45583774117699627,0.9959325753090896,0.9950773331100359,1.00085947309882,2672,1260,0.08498702943325043,0.3074655532836914,0.2764115333557129,0.8846880793571472,0.8295759558677673,0.8553846153846153,0.7684615384615385,0.9574319725001987,0.9562737224243388,1.0012112118619378,24.0,1.0,k562+INS_DR1,k562+INS,DR1,True,False,8
k562+INS_GRB10,0.010767334,0.0071885767,1.4978395,0.9965211,0.36051735,0.9117282627608838,0.2792172345543898,0.9973274159468871,0.9979433403556026,0.9993828062337727,2483,1689,0.32364797592163086,0.41019341349601746,0.7890130877494812,0.7048996090888977,0.5475202202796936,0.6214285714285712,0.6892857142857142,0.8081774154730724,0.7524025611697676,1.074129006441168,14.0,1.0,k562+INS_GRB10,k562+INS,GRB10,True,False,8
k562+INS_INSR,0.006813489,0.003773648,1.8055444,0.9975972,0.4403869,0.8910778779703807,0.3402512588461692,0.9980738690443074,0.9988943879477921,0.9991785729168322,2551,1553,0.01731524057686329,0.15955683588981628,0.10852083563804626,0.9809526205062866,0.9845947027206421,0.5,1.0,0.9833009193471998,0.9520452177640918,1.0328300599592455,3.0,0.0,k562+INS_INSR,k562+INS,INSR,True,False,8
k562+TGFB_IRF7,0.0151342135,0.008612652,1.757207,0.99547184,0.4385011,0.8413924244562618,0.3796691304132578,0.9962598314993988,0.9974573080259337,0.9987994708977522,2170,1077,,,,,,,,,,,,,k562+TGFB_IRF7,k562+TGFB,IRF7,True,False,8
k562+TNFA_CASP10,0.049842853,0.058147706,0.8571766,0.9885458,0.3294119,0.842365042573312,0.2748692957523025,0.9897939697897636,0.987712046031263,1.0021078246102861,2328,1475,0.1731659173965454,0.22880446910858154,0.7568292617797852,0.5781062245368958,0.23658864200115204,0.5589370753338255,0.04076923076923076,0.8449441803361535,0.8661245798741319,0.9755457817153088,18.0,7.0,k562+TNFA_CASP10,k562+TNFA,CASP10,True,False,8
k562+TNFA_CEBPB,0.008935071,0.0063831266,1.3997953,0.9975841,0.23175517,0.9033238231166821,0.14296934254182642,0.9979924048583471,0.9982909059937662,0.9997009878246642,2069,1826,0.04100264608860016,0.11589204519987106,0.35380035638809204,0.9689531326293945,0.877815306186676,0.9305635871310789,0.5846153846153846,0.9491063411136336,0.9649206350651395,0.9836107827143334,20.0,5.0,k562+TNFA_CEBPB,k562+TNFA,CEBPB,True,False,8
k562+TNFA_ITCH,0.016317932,0.013409773,1.2168686,0.9954691,0.12276769,0.8822034896853251,0.06871516895212525,0.9960934389757601,0.9965928223810141,0.9994989092896928,1947,1904,0.12570630013942719,0.11973389983177185,1.0498806238174438,0.9895864129066467,-0.3689868450164795,0.5876923076923077,-0.12384615384615384,0.9607236242810038,0.9524062988640213,1.0087329592705372,15.0,10.0,k562+TNFA_ITCH,k562+TNFA,ITCH,True,False,8
k562+TNFA_PTGS2,0.007673761,0.002716778,2.8245814,0.9973365,0.29942,0.869205286280329,0.2626869275134608,0.997831049487671,0.9992288189745244,0.9986011517479171,2404,1569,,,,,,,,,,,,,k562+TNFA_PTGS2,k562+TNFA,PTGS2,True,False,8
mcf7+IFNB_CEBPB,0.009939082,0.0126232235,0.78736484,0.9969664,0.4684172,0.8821812397775304,0.3461031902445308,0.9976164562669957,0.9966802332160933,1.0009393414454317,2460,1506,0.2564672827720642,0.439320832490921,0.5837813019752502,0.9116492867469788,0.921894371509552,0.9346153846153846,0.9315384615384614,0.941215325585113,0.8929566647698984,1.0540436761594136,24.0,1.0,mcf7+IFNB_CEBPB,mcf7+IFNB,CEBPB,True,False,8
mcf7+IFNG_CEBPB,0.007373168,0.007190151,1.0254538,0.997747,0.31734997,0.871602245660397,0.327199627303073,0.9982001177785486,0.9981446828830451,1.0000555379359868,2243,1302,0.09918753057718277,0.14063654839992523,0.7052756547927856,0.49483710527420044,0.03974740207195282,0.5780219780219781,0.21318681318681318,0.7408451159933721,0.7659448143013309,0.9672304089807646,12.0,2.0,mcf7+IFNG_CEBPB,mcf7+IFNG,CEBPB,True,False,8
mcf7+IFNG_KIN,0.021021634,0.004210547,4.9926133,0.99665666,0.40546596,0.7096919702387725,0.3221122186077445,0.9968495928933464,0.9989363470947814,0.9979110238530173,2267,1290,,,,,,,,,,,,,mcf7+IFNG_KIN,mcf7+IFNG,KIN,True,False,8
mcf7+IFNG_RFX5,0.00596372,0.009266234,0.64359695,0.99792063,0.5287845,0.8621472123563454,0.4625879445363076,0.9983359084286468,0.9978820706551034,1.0004548010099485,2440,1034,0.14144612848758698,0.22424988448619843,0.6307522654533386,0.9596575498580933,0.3408484160900116,0.9198193111236591,0.39243365330321855,0.9803000605068605,0.9790177737709526,1.0013097685969161,20.0,2.0,mcf7+IFNG_RFX5,mcf7+IFNG,RFX5,True,False,8
mcf7+INS_FOXO1,0.0055127833,0.0030325844,1.8178499,0.9985378,0.45302546,0.8564100743683557,0.26017690704357693,0.9988359002076422,0.9991876317600581,0.9996479824797307,2378,1631,0.030686957761645317,0.7263824343681335,0.04224628210067749,0.9999079704284668,0.9533170461654663,0.5,1.0,0.9998255832759887,0.9784315082096126,1.0218656849118894,3.0,0.0,mcf7+INS_FOXO1,mcf7+INS,FOXO1,True,False,8
mcf7+INS_INSR,0.0062190644,0.0032295196,1.9256934,0.99846077,0.48717225,0.836161399404771,0.28337642445844413,0.9987630665011017,0.9991372184248772,0.9996255249860821,2420,1602,0.008871830068528652,0.3532293140888214,0.025116346776485443,0.9411672353744507,0.9386239051818848,0.7999999999999999,0.7999999999999999,0.9817666474066262,0.9917996465177932,0.9898840464942765,4.0,0.0,mcf7+INS_INSR,mcf7+INS,INSR,True,False,8
mcf7+INS_PTEN,0.0077467742,0.0054075723,1.4325789,0.9975182,0.3594816,0.8677679747243853,0.1753694883646647,0.9979342772928643,0.9985733860079375,0.9993599782209015,2132,1785,0.10890335589647293,0.42260295152664185,0.25769662857055664,0.9933285713195801,0.8527594804763794,0.9338235294117647,0.9338235294117647,0.9925561394861846,0.9786579497767222,1.0142012740126756,15.0,2.0,mcf7+INS_PTEN,mcf7+INS,PTEN,True,False,8
mcf7+INS_SREBF2,0.006042836,0.002921444,2.0684414,0.9983648,0.3553825,0.8594632348418011,0.24981884130003126,0.9987114706244189,0.9992162683411083,0.9994948063470509,2443,1663,0.005912886466830969,0.3175927698612213,0.018617823719978333,,,,,,,,1.0,0.0,mcf7+INS_SREBF2,mcf7+INS,SREBF2,True,False,8
mcf7+TGFB_IRF7,0.01079061,0.008788495,1.2278109,0.9978147,0.5400213,0.8022312215372829,0.38345794229145747,0.9981801312783147,0.997598751198946,1.0005827794778912,2089,1029,0.1581222414970398,0.7395650744438171,0.21380436420440674,1.0,-1.0,0.9999999999999999,-0.9999999999999999,0.9999423567075326,0.9958325939562176,1.0041269614755106,2.0,0.0,mcf7+TGFB_IRF7,mcf7+TGFB,IRF7,True,False,8
mcf7+TNFA_ITCH,0.009471057,0.013527597,0.70012856,0.997131,0.535172,0.8788543669733413,0.31234435865844395,0.9975300465929632,0.9966490743249674,1.0008839342660227,2293,1485,0.11669272184371948,0.21284650266170502,0.5482482314109802,0.9366388916969299,0.5320136547088623,0.8528563342991328,0.61,0.9347153502512217,0.8969120294966053,1.0421483038596702,25.0,0.0,mcf7+TNFA_ITCH,mcf7+TNFA,ITCH,True,False,8
a549+IFNG_HLA-DQB1,0.0069909347,0.014686876,0.47599876,0.99781847,0.66333985,0.8684263557356534,0.5207221036844609,0.9982876272010218,0.9970590422129642,1.0012322088623065,2327,891,0.13683995604515076,0.306059330701828,0.44710269570350647,0.8456493020057678,0.7237076759338379,0.8999999999999998,0.7999999999999999,0.9884555349337791,0.9903124589964659,0.9981249109351118,5.0,0.0,a549+IFNG_HLA-DQB1,a549+IFNG,HLA-DQB1,True,False,9
a549+IFNG_IRF5,0.01743137,0.0068549463,2.5428896,0.9976823,0.51876664,0.8311889924650777,0.43491729334749707,0.9980591102805825,0.9985106772737629,0.9995477594747276,2294,968,,,,,,,,,,,,,a549+IFNG_IRF5,a549+IFNG,IRF5,True,False,9
bxpc3+IFNG_HLA-DQB1,0.00914718,0.0062736785,1.458025,0.99785376,0.44585684,0.8973923850431833,0.3590080166457555,0.9983233738496647,0.9985951209852924,0.9997278705554264,2554,1418,0.011867743916809559,0.09446228295564651,0.12563472986221313,0.9783821702003479,0.9642922878265381,0.72,0.7838461538461537,0.9751808619061992,0.9783530893986485,0.9967575842230957,25.0,0.0,bxpc3+IFNG_HLA-DQB1,bxpc3+IFNG,HLA-DQB1,True,False,9
bxpc3+IFNG_IRF5,0.013773262,0.046695746,0.29495752,0.99565107,0.8037613,0.8588532581128993,0.7187492835514047,0.9965459170778446,0.991715477425487,1.0048707918372892,3076,807,0.07827340066432953,0.25194090604782104,0.3106815814971924,0.8589853048324585,0.9086781144142151,0.6256018297013095,0.7907692307692307,0.9364270116659064,0.9417742454689679,0.9943221702772315,25.0,0.0,bxpc3+IFNG_IRF5,bxpc3+IFNG,IRF5,True,False,9
bxpc3+IFNG_PLEK,0.007294133,0.009920498,0.7352587,0.998143,0.5938645,0.8920994341353565,0.4930177063948917,0.9985900471433303,0.9979137043739656,1.0006777567703502,2713,1220,0.049439527094364166,0.19538718461990356,0.2530336081981659,0.8742972612380981,0.9375675916671753,0.8093864354376973,0.5453846153846154,0.894852210238516,0.7943728808556028,1.1264888716677852,25.0,0.0,bxpc3+IFNG_PLEK,bxpc3+IFNG,PLEK,True,False,9
bxpc3+IFNG_PPARG,0.062446654,0.11958193,0.5222081,0.9864804,0.775015,0.8400664917652664,0.7439089063539361,0.988434499277174,0.9810354753780914,1.0075420553943077,3095,775,0.16496440768241882,0.3610498309135437,0.45690205693244934,0.319522887468338,0.5970386862754822,0.2080159313067327,0.6469230769230768,0.809117429639966,0.8120676181008387,0.9963670655064757,25.0,0.0,bxpc3+IFNG_PPARG,bxpc3+IFNG,PPARG,True,False,9
bxpc3+IFNG_SOX2,0.08739378,0.14173254,0.6166106,0.984221,0.76923025,0.835749589291124,0.6795868770609281,0.9864330868501574,0.9786195486098314,1.007984245002489,2891,909,0.2840092182159424,0.5283514857292175,0.5375384092330933,0.8852652311325073,0.6834186315536499,0.3623751025662314,0.48615384615384616,0.7018013635413441,0.6781285325672379,1.0349090619804573,23.0,2.0,bxpc3+IFNG_SOX2,bxpc3+IFNG,SOX2,True,False,9
bxpc3+TNFA_ARID5B,0.0055183196,0.010233599,0.5392355,0.99819374,0.6230719,0.8825124101655427,0.4519437358725454,0.9985979188706796,0.9976552572584353,1.0009448771059803,2561,1283,0.03875494375824928,0.09227845072746277,0.4199782609939575,0.9495341777801514,0.7652733325958252,0.8431187735666879,0.4476923076923077,0.9671649379930654,0.9677806498151587,0.9993637899019671,23.0,2.0,bxpc3+TNFA_ARID5B,bxpc3+TNFA,ARID5B,True,False,9
bxpc3+TNFA_CSF2,0.0047200583,0.0024684663,1.912142,0.99881595,0.36560184,0.9015634400989649,0.2711787592936428,0.9990894509028536,0.9994061911672054,0.9996830715407298,2355,1604,0.019963031634688377,0.09732556343078613,0.20511601865291595,1.0,1.0,0.9999999999999999,0.9999999999999999,0.9850010637406883,0.9777876962439178,1.0073772328333441,2.0,0.0,bxpc3+TNFA_CSF2,bxpc3+TNFA,CSF2,True,False,9
bxpc3+TNFA_IKBKE,0.005868541,0.0057006553,1.0294503,0.9981585,0.40432045,0.8961430971314206,0.3110171160724862,0.9985837992559554,0.9986556307289565,0.9999280718289761,2393,1487,0.05377347022294998,0.10166038572788239,0.5289520621299744,0.6955148577690125,0.5462850332260132,0.4470090484689184,0.5261538461538462,0.8219824957813396,0.8378743429617146,0.9810331378280417,21.0,4.0,bxpc3+TNFA_IKBKE,bxpc3+TNFA,IKBKE,True,False,9
hap1+IFNG_ATF3,0.07818005,0.007372886,10.6037245,0.9765733,0.06791524,0.7932245156369232,0.14748008825045736,0.9816291288811123,0.9982024758242235,0.9833968084186262,1865,1373,0.34379592537879944,0.8505833745002747,0.4041883945465088,,,,,,,,1.0,0.0,hap1+IFNG_ATF3,hap1+IFNG,ATF3,False,True,9
hap1+IFNG_ATF5,0.07483523,0.039749768,1.8826584,0.97142005,0.325547,0.7833541258758691,0.3607622840518907,0.9769205330352692,0.9931995105715691,0.9836095594459852,2071,1055,0.6383044123649597,0.6409409046173096,0.995886504650116,0.4953637421131134,0.37580007314682007,0.4715384615384615,0.2976923076923077,0.8495181402976688,0.9436959475179384,0.9002032302162881,15.0,10.0,hap1+IFNG_ATF5,hap1+IFNG,ATF5,False,True,9
hap1+IFNG_BATF2,0.07942639,0.0054087513,14.6847925,0.97840214,0.08422024,0.7908732512219637,0.11072818949158549,0.9832109174567158,0.9986278646852046,0.9845618695675504,1858,1515,0.6217226386070251,0.34853336215019226,1.7838252782821655,1.0,-1.0,0.9999999999999999,-0.9999999999999999,0.9973808440313279,0.9780624431539001,1.0197517050293157,1.0,1.0,hap1+IFNG_BATF2,hap1+IFNG,BATF2,False,True,9
hap1+IFNG_CEBPB,0.07154345,0.021381611,3.346027,0.9755031,0.29787537,0.7704736407349952,0.3416239958498683,0.9805175858905611,0.9957432236036965,0.9847092730814354,2086,1091,0.47545531392097473,0.5526854395866394,0.8602638840675354,0.5674406886100769,-0.4165949523448944,0.7142857142857143,-0.3142857142857143,0.9176777665836157,0.991470187418956,0.9255727284877416,4.0,2.0,hap1+IFNG_CEBPB,hap1+IFNG,CEBPB,False,True,9
hap1+IFNG_CEBPE,0.07424009,0.011279386,6.581927,0.97671247,0.26006848,0.7672969312092008,0.2977157824225748,0.9816876613959447,0.9977084425270669,0.9839424220060284,2060,1162,,,,,,,,,,,,,hap1+IFNG_CEBPE,hap1+IFNG,CEBPE,False,True,9
hap1+IFNG_CLK1,0.081798874,0.12200325,0.6704647,0.9624759,0.60109615,0.6905940520229682,0.5953764040795928,0.969232245798016,0.9808724656942934,0.9881327896302624,2428,633,0.4147642254829407,0.9071398973464966,0.4572218954563141,0.1969439536333084,0.13034744560718536,0.28615384615384615,0.28615384615384615,0.756782557106426,0.9449789003757302,0.8008459837627315,22.0,3.0,hap1+IFNG_CLK1,hap1+IFNG,CLK1,False,True,9
hap1+IFNG_CUL1,0.094718635,0.18811855,0.50350505,0.9517689,0.66033,0.6881424027986719,0.6187635720102993,0.9600245022288333,0.9702688667716842,0.9894417260063838,2319,550,0.5843527913093567,1.3497120141983032,0.43294626474380493,0.6810994744300842,0.0431797131896019,0.6039825671246819,0.25076923076923074,0.8937728435486493,0.9124274678338083,0.9795549510039993,23.0,2.0,hap1+IFNG_CUL1,hap1+IFNG,CUL1,False,True,9
hap1+IFNG_EHF,0.0788624,0.057653833,1.3678604,0.9690788,0.35853857,0.7795578757676541,0.37976161062222985,0.9748558757382881,0.9910407949703339,0.983668765893204,2050,1041,0.4111309051513672,0.5531736612319946,0.7432221174240112,0.8337029814720154,-0.008928300812840462,0.6815384615384615,0.04230769230769231,0.9240516643161826,0.9252537074784485,0.9987008502072996,19.0,6.0,hap1+IFNG_EHF,hap1+IFNG,EHF,False,True,9
hap1+IFNG_ETV7,0.07410805,0.004408447,16.810467,0.9790368,0.12844624,0.8025579658088488,0.14705035460085397,0.9836931413926426,0.9988854306450078,0.9847907589936965,1882,1396,,,,,,,,,,,,,hap1+IFNG_ETV7,hap1+IFNG,ETV7,False,True,9
hap1+IFNG_FBXO6,0.08116991,0.0168216,4.8253384,0.9755722,0.2611695,0.7556415339420713,0.3006888359754362,0.9806232266066293,0.9963575365586235,0.9842081688804806,2070,1095,0.46494078636169434,0.5743038058280945,0.8095728754997253,0.3919689357280731,-0.7759257555007935,0.6000000000000001,-0.39999999999999997,0.7872867195363621,0.9798698550124393,0.8034604958087701,3.0,1.0,hap1+IFNG_FBXO6,hap1+IFNG,FBXO6,False,True,9
hap1+IFNG_FMNL2,0.076076366,0.015641369,4.863792,0.97586924,0.26400125,0.7662805990530968,0.3291717824271615,0.9809097262151314,0.9967786548301149,0.9840797868833898,2094,1088,0.3368726670742035,1.0653362274169922,0.31621253490448,1.0,1.0,0.9999999999999999,0.9999999999999999,0.9871709833748977,0.9941847183541106,0.9929452396021292,1.0,1.0,hap1+IFNG_FMNL2,hap1+IFNG,FMNL2,False,True,9
hap1+IFNG_FOXN3,0.073232025,0.0076607047,9.559437,0.9774934,0.14705592,0.7999202321166253,0.20162087961524897,0.9823364199589862,0.9981949112984682,0.9841128309110964,1952,1293,,,,,,,,,,,,,hap1+IFNG_FOXN3,hap1+IFNG,FOXN3,False,True,9
hap1+IFNG_GUK1,0.07258834,0.036592085,1.983717,0.9721645,0.32195914,0.7768615852940949,0.3564911700603592,0.9776416431509358,0.9940868749699583,0.9834569470404491,2052,1094,0.7725018858909607,0.4904017746448517,1.5752428770065308,0.6610084176063538,0.2610919773578644,0.4570109721007531,-0.018461538461538463,0.8233205696706822,0.9406000362327077,0.8753142015263434,13.0,12.0,hap1+IFNG_GUK1,hap1+IFNG,GUK1,False,True,9
hap1+IFNG_HLA-DQB1,0.08176592,0.014089438,5.8033485,0.97550523,0.2101774,0.7702726075595476,0.274229357429685,0.9806149363709602,0.9968880654084169,0.9836760719662245,2058,1130,,,,,,,,,,,,,hap1+IFNG_HLA-DQB1,hap1+IFNG,HLA-DQB1,False,False,9
hap1+IFNG_HLX,0.08441373,0.05363212,1.5739398,0.97078454,0.48865733,0.7049315399194808,0.4984183560615486,0.9763676256595637,0.9897390326923323,0.9864899669598812,2325,769,0.6163379549980164,0.8929212093353271,0.690248966217041,0.8190817832946777,0.19537292420864105,0.5361538461538461,0.2453846153846154,0.8736277466428211,0.8933831154580525,0.9778870134509957,19.0,6.0,hap1+IFNG_HLX,hap1+IFNG,HLX,False,True,9
hap1+IFNG_IFI16,0.07700692,0.11018525,0.6988859,0.9653381,0.6024167,0.6966990256873701,0.5837776881168792,0.9716514571040756,0.9830245152597019,0.9884305447330358,2380,656,0.7079581618309021,1.1920320987701416,0.5939086675643921,0.23802731931209564,0.3716850280761719,0.41923076923076924,0.16923076923076924,0.7596797663087199,0.9467266631026942,0.802427771305217,18.0,7.0,hap1+IFNG_IFI16,hap1+IFNG,IFI16,False,True,9
hap1+IFNG_IFNGR1,0.040813364,0.053100508,0.7686059,0.9854517,0.7081179,0.8073094127838167,0.35758948732799917,0.9882099199554664,0.9878634302125386,1.0003507466035595,2036,1119,0.6901642084121704,2.2106094360351562,0.31220540404319763,0.7728099226951599,0.735944926738739,0.7392307692307692,0.5292307692307692,0.9523413872075158,0.9755961455603167,0.976163540150679,25.0,0.0,hap1+IFNG_IFNGR1,hap1+IFNG,IFNGR1,False,True,9
hap1+IFNG_IFNGR2,0.037723932,0.035078928,1.0754015,0.9901317,0.7470227,0.8311421360703896,0.32496752099716864,0.9922722521054804,0.9910870264543538,1.0011958845383808,2067,1238,0.7358314990997314,1.2866874933242798,0.5718805193901062,0.8198391795158386,0.949026882648468,0.7576923076923077,0.9176923076923077,0.9466859783433507,0.9392065562350354,1.0079635539793268,24.0,1.0,hap1+IFNG_IFNGR2,hap1+IFNG,IFNGR2,False,True,9
hap1+IFNG_IRF1,0.079039514,0.01643654,4.8087687,0.97510684,0.14311917,0.8035694344657326,0.18288345567209577,0.9805752896502653,0.9959178645029748,0.9845945379638648,1928,1366,1.783371090888977,0.9030718803405762,1.9747830629348755,0.0020142914727330208,-0.03539159148931503,0.10384615384615385,0.1776923076923077,0.6327026210932155,0.887283611615802,0.7130782230283982,16.0,9.0,hap1+IFNG_IRF1,hap1+IFNG,IRF1,False,True,9
hap1+IFNG_IRF2,0.07596665,0.05988704,1.268499,0.9698253,0.43712372,0.7507428644489965,0.45719894448246035,0.9755022309964382,0.9896017661700138,0.985752314056447,2199,867,0.5526161789894104,0.5895304083824158,0.9373836517333984,0.7133064270019531,-0.12371901422739029,0.5996157565800415,0.026153846153846153,0.8949492423007255,0.9501483762634588,0.9419047221026586,17.0,8.0,hap1+IFNG_IRF2,hap1+IFNG,IRF2,False,True,9
hap1+IFNG_IRF5,0.08549011,0.0050313408,16.991516,0.9777998,0.1359694,0.7343042066603416,0.1625364179673725,0.9824993522041231,0.9987444261890452,0.9837345034836297,1908,1392,,,,,,,,,,,,,hap1+IFNG_IRF5,hap1+IFNG,IRF5,False,False,9
hap1+IFNG_IRF7,0.07229742,0.016936645,4.2686977,0.9753394,0.22323194,0.785559407985521,0.264432051368358,0.9804313097786878,0.9965240460121563,0.9838511310410746,1982,1189,,,,,,,,,,,,,hap1+IFNG_IRF7,hap1+IFNG,IRF7,False,True,9
hap1+IFNG_IRF9,0.07337021,0.03259419,2.2510211,0.97449845,0.3930861,0.7516121904609978,0.41185987034609384,0.9796080934516517,0.9936240365983964,0.985894118267582,2186,928,0.20505601167678833,0.48261138796806335,0.4248884618282318,0.6734998226165771,0.46464985609054565,0.6051163797259971,0.17923076923076922,0.8370256131738495,0.9396379856954182,0.8907958446937134,22.0,3.0,hap1+IFNG_IRF9,hap1+IFNG,IRF9,False,True,9
hap1+IFNG_JAK1,0.04594206,0.020096412,2.2860827,0.9873533,0.66288626,0.8119681974170261,0.3195652981364675,0.9901070609604087,0.9949821154955864,0.9951003596353594,2035,1248,0.7445300221443176,1.104443907737732,0.6741220951080322,0.4865320920944214,0.8063629865646362,0.43769230769230766,0.5499999999999999,0.8585712770933771,0.9661776671410627,0.8886267053076327,25.0,0.0,hap1+IFNG_JAK1,hap1+IFNG,JAK1,False,True,9
hap1+IFNG_JAK2,0.039315697,0.039433807,0.99700487,0.9876597,0.7054367,0.8129315760237615,0.3051433426163807,0.9901186029307072,0.990428736375489,0.9996868695006601,1980,1215,0.8362624645233154,1.72648024559021,0.48437419533729553,0.705543041229248,0.8771690130233765,0.6523076923076921,0.5961538461538461,0.9449371073162444,0.9705606366486226,0.9735992493772907,25.0,0.0,hap1+IFNG_JAK2,hap1+IFNG,JAK2,False,True,9
hap1+IFNG_JUN,0.07409582,0.0076087313,9.738262,0.9773614,0.13971591,0.778716374261742,0.19975322771304727,0.982238962562746,0.9982147455304426,0.9839956451863399,1945,1283,,,,,,,,,,,,,hap1+IFNG_JUN,hap1+IFNG,JUN,False,True,9
hap1+IFNG_KIN,0.10033696,0.17598829,0.57013434,0.95303786,0.6000822,0.7071396455602719,0.572035212918709,0.961089112159969,0.9699158909740067,0.990899438914055,2291,615,0.49914437532424927,1.5272860527038574,0.3268178701400757,0.32403597235679626,0.5885902643203735,0.32751986356567636,0.30538461538461537,0.7751435230280143,0.8758266599439476,0.8850421647105639,24.0,1.0,hap1+IFNG_KIN,hap1+IFNG,KIN,False,True,9
hap1+IFNG_KLF4,0.076133974,0.022056216,3.451815,0.975025,0.33670652,0.7421796033590067,0.3740411319692953,0.9801691955865391,0.9956791454617746,0.9844227430634371,2171,1007,0.5635390281677246,0.4364548623561859,1.2911736965179443,0.6617791056632996,0.016936544328927994,0.7,0.0,0.9149684323883173,0.9610592886732684,0.9520416098900838,2.0,3.0,hap1+IFNG_KLF4,hap1+IFNG,KLF4,False,True,9
hap1+IFNG_MAFB,0.07349863,0.011380133,6.4585032,0.97701275,0.2138613,0.7838426595112037,0.25367282909148997,0.9818474481641248,0.9974765156632694,0.9843313930165543,1986,1190,,,,,,,,,,,,,hap1+IFNG_MAFB,hap1+IFNG,MAFB,False,True,9
hap1+IFNG_MAFF,0.07739676,0.005726481,13.515589,0.9787691,0.16240762,0.7759362598852976,0.17411719448832308,0.98343470731345,0.9985664717974979,0.9848465125643467,1914,1364,,,,,,,,,,,,,hap1+IFNG_MAFF,hap1+IFNG,MAFF,False,True,9
hap1+IFNG_MCRS1,0.08190153,0.18508911,0.44249782,0.9581286,0.69608325,0.6840255945520338,0.6503704658056491,0.9654021151362803,0.9745666001685903,0.9905963481297998,2452,525,0.4605324864387512,1.1470706462860107,0.40148571133613586,0.5503029227256775,0.33909115195274353,0.4976883012754963,0.21538461538461537,0.8279864339206852,0.9117511302295926,0.9081276748318214,22.0,3.0,hap1+IFNG_MCRS1,hap1+IFNG,MCRS1,False,True,9
hap1+IFNG_MYC,0.07543882,0.0065814285,11.462378,0.9776235,0.11990922,0.7885146700847431,0.15745915373379038,0.9824850594121758,0.998406342283056,0.9840533035532677,1911,1339,,,,,,,,,,,,,hap1+IFNG_MYC,hap1+IFNG,MYC,False,True,9
hap1+IFNG_NFKB1,0.073327705,0.052810766,1.3884991,0.9710056,0.42642307,0.7525335845610653,0.47006087490901594,0.9766251149439164,0.9910715906542129,0.9854233782437852,2233,845,0.4215060770511627,0.6463285684585571,0.6521545052528381,0.7817416787147522,0.3080713450908661,0.5553846153846154,0.13846153846153847,0.933673181477515,0.9663044020995218,0.966230909689423,21.0,4.0,hap1+IFNG_NFKB1,hap1+IFNG,NFKB1,False,True,9
hap1+IFNG_PARP12,0.0749794,0.008254157,9.083835,0.9769958,0.14274344,0.7977241858155936,0.19350754541258033,0.9819275157993119,0.9980671192809225,0.9838291401752232,1922,1297,0.42721787095069885,2.4168412685394287,0.176767036318779,,,,,,,,1.0,0.0,hap1+IFNG_PARP12,hap1+IFNG,PARP12,False,True,9
hap1+IFNG_PIK3CA,0.0846355,0.069602154,1.2159897,0.96622753,0.37983322,0.7612934856643684,0.4113553375637703,0.9723066603095551,0.9876646684249022,0.9844501796952608,2109,945,0.2912507653236389,0.5085284113883972,0.5727325081825256,0.5243549942970276,0.004385717678815126,0.42692307692307696,0.0,0.9000109401633956,0.9397248313569507,0.9577388083528571,21.0,4.0,hap1+IFNG_PIK3CA,hap1+IFNG,PIK3CA,False,True,9
hap1+IFNG_PLEK,0.0753229,0.012126861,6.211245,0.9762759,0.26144046,0.774465183867731,0.31974924299704627,0.981334445805921,0.997538746235921,0.9837557182704484,2111,1123,0.581602931022644,0.6611617803573608,0.879668116569519,1.0,1.0,0.9999999999999999,0.9999999999999999,0.9837119101952262,0.9892607548377016,0.9943909180513425,1.0,1.0,hap1+IFNG_PLEK,hap1+IFNG,PLEK,False,False,9
hap1+IFNG_PPARG,0.11400224,0.13233508,0.8614665,0.9579731,0.4051974,0.762132560133938,0.44427554148384285,0.9652342982508929,0.980464562279031,0.9844662779114257,2133,881,0.882880449295044,1.0224705934524536,0.8634775876998901,0.4640720784664154,-0.050700776278972626,0.4469230769230769,-0.19307692307692306,0.890826732657421,0.9598115163968728,0.9281267388847132,20.0,5.0,hap1+IFNG_PPARG,hap1+IFNG,PPARG,False,False,9
hap1+IFNG_PRDM1,0.075710356,0.005786052,13.084977,0.9779963,0.103883736,0.7886913176307933,0.14314724468513632,0.9828393989848221,0.9985555280861369,0.9842611365524792,1857,1411,0.013413804583251476,0.33933496475219727,0.03952968493103981,,,,,,,,1.0,0.0,hap1+IFNG_PRDM1,hap1+IFNG,PRDM1,False,True,9
hap1+IFNG_PTGES3,0.07843451,0.031875383,2.460661,0.9740474,0.43214318,0.7224197198934653,0.45491136421693196,0.9792383248114025,0.994029162389777,0.9851203182582537,2234,895,0.22432586550712585,0.3726928234100342,0.6019055247306824,0.4849395453929901,0.23819606006145477,0.5561538461538461,0.16999999999999998,0.843110908588052,0.9699631681888595,0.8692195087802465,19.0,6.0,hap1+IFNG_PTGES3,hap1+IFNG,PTGES3,False,True,9
hap1+IFNG_PTPN11,0.073757164,0.011203714,6.583278,0.97657704,0.17456615,0.8049189277682206,0.21251674533355763,0.9814992141323187,0.9974243641076813,0.984033726718106,1934,1276,0.03888685256242752,1.0024664402008057,0.03879117593169212,1.0,1.0,0.9999999999999999,0.9999999999999999,0.9809170331701597,0.9815863401470799,0.9993181374377929,2.0,0.0,hap1+IFNG_PTPN11,hap1+IFNG,PTPN11,False,True,9
hap1+IFNG_RARRES3,0.07000103,0.054928016,1.274414,0.97209156,0.5019538,0.7264017038453071,0.5035743347264008,0.9775585992759503,0.9912699700724001,0.9861678743325107,2276,835,0.25815391540527344,0.6796507835388184,0.3798331618309021,0.5733644366264343,0.6196140646934509,0.5828043962395967,0.4592307692307693,0.8157994291425541,0.9323447554359952,0.8749976061816955,22.0,3.0,hap1+IFNG_RARRES3,hap1+IFNG,RARRES3,False,True,9
hap1+IFNG_RFX5,0.07523471,0.03363538,2.236773,0.9726739,0.30288398,0.7758103916891612,0.3384633472805547,0.978000050870168,0.9934597744815172,0.9844385006736507,2083,1024,0.2619533836841583,0.5418944358825684,0.48340296745300293,0.8462170362472534,0.6404523849487305,0.6892307692307692,0.3892307692307692,0.9099838328422817,0.9609252073231561,0.94698715977825,19.0,6.0,hap1+IFNG_RFX5,hap1+IFNG,RFX5,False,True,9
hap1+IFNG_RNF14,0.07355044,0.01224564,6.006255,0.97706157,0.25190395,0.7751339668110272,0.2724331874593496,0.9819159544868546,0.997359347770647,0.984515718112722,2027,1198,0.07248091697692871,1.152428150177002,0.06289409101009369,,,,,,,,1.0,0.0,hap1+IFNG_RNF14,hap1+IFNG,RNF14,False,True,9
hap1+IFNG_RUNX1,0.07344099,0.004172324,17.601938,0.9789035,0.12998226,0.7989061853384842,0.16132693061168848,0.9836288953738731,0.9989427562615293,0.9846699314934049,1932,1448,,,,,,,,,,,,,hap1+IFNG_RUNX1,hap1+IFNG,RUNX1,False,True,9
hap1+IFNG_SOX2,0.20840059,0.29819247,0.6988795,0.92843246,0.49196038,0.7238175686387796,0.4605743917420592,0.9389973012079634,0.9506189119933413,0.9877746901110892,1892,771,1.54710054397583,2.699877977371216,0.5730261206626892,0.6668533086776733,0.48894381523132324,0.44303690486251884,0.3038461538461538,0.661481217815375,0.5940826854690954,1.1134497503374652,21.0,4.0,hap1+IFNG_SOX2,hap1+IFNG,SOX2,False,False,9
hap1+IFNG_SP100,0.075892694,0.008387695,9.048099,0.97692555,0.12766802,0.7874479574076222,0.18656524762748417,0.9818794886693137,0.9980164815964944,0.9838309354356886,1919,1325,0.30578628182411194,2.350172996520996,0.13011224567890167,,,,,,,,1.0,0.0,hap1+IFNG_SP100,hap1+IFNG,SP100,False,True,9
hap1+IFNG_SP110,0.07229175,0.0400152,1.8066072,0.97263885,0.41211885,0.7407814164246649,0.4317414292274066,0.9781005558173302,0.9931749937710785,0.9848219719099947,2184,945,0.39985206723213196,0.49997904896736145,0.7997376322746277,0.8313044905662537,-0.04056794196367264,0.8546153846153846,0.06615384615384615,0.9141439549794309,0.9499058219250994,0.9623521973228959,19.0,6.0,hap1+IFNG_SP110,hap1+IFNG,SP110,False,True,9
hap1+IFNG_SRC,0.07595815,0.037167158,2.04369,0.9718335,0.29075682,0.7758117784617642,0.3240857538957541,0.9771437378205928,0.9930032924798322,0.9840286988176713,1985,1129,0.4894459545612335,0.5153796672821045,0.9496803879737854,0.8457454442977905,0.4079900085926056,0.6224274013964801,0.2623076923076923,0.8896665466900392,0.9308952995864935,0.9557106444572572,15.0,10.0,hap1+IFNG_SRC,hap1+IFNG,SRC,False,True,9
hap1+IFNG_STAT1,0.04002324,0.034774475,1.1509373,0.99035203,0.71451277,0.8022850471643049,0.2941227298345113,0.992493855306417,0.9911615253499606,1.0013442107289081,2072,1286,0.4436374008655548,1.3640892505645752,0.3252260684967041,0.8296548128128052,0.9291648268699646,0.7769230769230768,0.8153846153846154,0.9653984800561933,0.9368064634153038,1.0305207294755974,24.0,1.0,hap1+IFNG_STAT1,hap1+IFNG,STAT1,False,True,9
hap1+IFNG_STAT2,0.074316025,0.04288728,1.732822,0.9721863,0.45722932,0.7412137644396862,0.4758335363767047,0.9776770809914459,0.9923747493093268,0.9851893971222966,2264,846,0.24713468551635742,0.7073670029640198,0.34937265515327454,0.8418688774108887,0.5601949095726013,0.6576923076923078,0.5738461538461538,0.934877282212087,0.9534574199248379,0.9805128815147135,22.0,3.0,hap1+IFNG_STAT2,hap1+IFNG,STAT2,False,True,9
hap1+IFNG_STAT3,0.075791575,0.006688517,11.331596,0.9780171,0.1505144,0.7805308662059461,0.18220379295608435,0.9827884220055523,0.9983819619635751,0.9843811882104179,1895,1352,1.76947820186615,0.8822590708732605,2.005621910095215,,,,,,,,0.0,1.0,hap1+IFNG_STAT3,hap1+IFNG,STAT3,False,True,9
hap1+IFNG_TAPBPL,0.088386856,0.07124562,1.2405936,0.96482337,0.36041537,0.7712432280211392,0.37250095390057864,0.9710556330855064,0.9879865938433168,0.9828631675132876,2026,1067,0.8086861968040466,0.6445503830909729,1.254651665687561,0.6718835234642029,0.22138284146785736,0.5678015107918448,0.07153846153846154,0.9152980061778722,0.961005860652273,0.952437486236164,10.0,15.0,hap1+IFNG_TAPBPL,hap1+IFNG,TAPBPL,False,False,9
hap1+IFNG_TBX21,0.073360085,0.0083134705,8.824244,0.9769522,0.14751887,0.7923808599959131,0.18844515161441958,0.9819059176999996,0.9980880953057643,0.983786824347597,1904,1330,,,,,,,,,,,,,hap1+IFNG_TBX21,hap1+IFNG,TBX21,False,True,9
hap1+IFNG_TRAFD1,0.071675666,0.016054489,4.4645247,0.97593963,0.2588978,0.7845470177216816,0.2933093919085484,0.9809285770146711,0.9967780125478449,0.9840993327163573,2008,1165,0.17007742822170258,0.37203630805015564,0.45715275406837463,,,,,,,,1.0,0.0,hap1+IFNG_TRAFD1,hap1+IFNG,TRAFD1,False,True,9
hap1+IFNG_TSC22D1,0.08574041,0.0064981766,13.194533,0.9776429,0.17170137,0.7541342657825053,0.21617513779277234,0.9824343041964704,0.9984160927848482,0.9839928575832543,2004,1262,0.027302565053105354,0.39468759298324585,0.06917513161897659,,,,,,,,1.0,0.0,hap1+IFNG_TSC22D1,hap1+IFNG,TSC22D1,False,True,9
hap1+IFNG_ZC3H3,0.09751546,0.08021844,1.215624,0.9644749,0.3247071,0.7916156482632327,0.29517320110171985,0.9706727336759351,0.9882078690008057,0.9822556206290882,1875,1220,0.7047374248504639,0.7331151366233826,0.9612916111946106,0.4764508605003357,0.517591118812561,0.3561538461538461,0.2053846153846154,0.7797210441978745,0.8885278290149766,0.8775426258311734,12.0,13.0,hap1+IFNG_ZC3H3,hap1+IFNG,ZC3H3,False,False,9
hap1+IFNG_ZFP36,0.07891573,0.010705434,7.371558,0.9772587,0.24215844,0.7518762710744579,0.2652448243828338,0.982058875122405,0.9975920669889958,0.984429314966914,2032,1175,,,,,,,,,,,,,hap1+IFNG_ZFP36,hap1+IFNG,ZFP36,False,True,9
hap1+IFNG_ZNF267,0.071055956,0.036435705,1.9501737,0.97438985,0.47626132,0.7263397464802652,0.485602244172179,0.979522603313212,0.9939835055766575,0.9854515671715739,2277,837,0.30562180280685425,0.37247100472450256,0.8205251097679138,0.5042927861213684,0.5425903797149658,0.6238461538461538,0.25846153846153846,0.7476521487617857,0.9304667536755815,0.803523764614231,17.0,8.0,hap1+IFNG_ZNF267,hap1+IFNG,ZNF267,False,True,9
hap1+IFNG_ZNFX1,0.07531917,0.01472672,5.1144567,0.9767921,0.2549578,0.7671887752746013,0.28216272254738023,0.9816524498725169,0.9967211239546103,0.9848817550667466,2046,1165,0.7176322937011719,1.4378631114959717,0.4990963935852051,0.8812507390975952,0.17039893567562103,0.7999999999999999,0.39999999999999997,0.9641162825154002,0.9860021226075327,0.9778034553979921,3.0,1.0,hap1+IFNG_ZNFX1,hap1+IFNG,ZNFX1,False,True,9
hap1+TGFB_RELA,0.0046937917,0.0031369282,1.4963019,0.9984331,0.35580152,0.8886864528966549,0.31360729826733663,0.9987884622960763,0.9992145847805544,0.9995735425693655,2298,1384,,,,,,,,,,,,,hap1+TGFB_RELA,hap1+TGFB,RELA,True,False,9
hap1+TNFA_ARID5B,0.019600919,0.007657112,2.5598316,0.99353254,0.17082804,0.8659916075297363,0.17301388593808603,0.9948868335984171,0.9982084569285639,0.9966724151582854,2073,1580,0.05472457408905029,0.06876429170370102,0.7958283424377441,0.7263473868370056,-0.02877199277281761,0.6784615384615386,-0.015384615384615384,0.9466208294842893,0.9705712548471724,0.9753233724538294,20.0,5.0,hap1+TNFA_ARID5B,hap1+TNFA,ARID5B,False,False,9
hap1+TNFA_BATF,0.017611185,0.0043501863,4.0483747,0.9942634,0.13501719,0.8906780812782793,0.15571710308100314,0.9955069951982779,0.998929201642506,0.9965741251345931,2097,1639,0.11080984026193619,0.10024812072515488,1.1053557395935059,0.9926126003265381,-0.8876277208328247,1.0,-0.5,0.9826122303597674,0.9843948984598038,0.9981890721875687,2.0,1.0,hap1+TNFA_BATF,hap1+TNFA,BATF,False,True,9
hap1+TNFA_BIRC2,0.017428879,0.0043619215,3.9956884,0.9942019,0.18985859,0.875752531343823,0.223085587496297,0.995484504459493,0.998928403549611,0.9965524064809046,2227,1447,,,,,,,,,,,,,hap1+TNFA_BIRC2,hap1+TNFA,BIRC2,False,True,9
hap1+TNFA_BIRC3,0.016003614,0.0050715813,3.1555471,0.99462974,0.24295145,0.8819037752167462,0.23173726952076273,0.9957904834341039,0.9987727526432909,0.9970140663115866,2189,1499,0.05837740749120712,0.05564993619918823,1.04901123046875,0.7733842730522156,-0.274400532245636,0.8787878787878788,0.13939393939393938,0.9303713243194018,0.9488693019067294,0.9805052418176494,7.0,3.0,hap1+TNFA_BIRC3,hap1+TNFA,BIRC3,False,True,9
hap1+TNFA_CASP3,0.018958667,0.013249736,1.4308712,0.99344814,0.40716144,0.8338528745256821,0.41890763625990995,0.9948343266736138,0.997099747364501,0.9977279899058493,2495,1186,0.05877469480037689,0.15327495336532593,0.383459210395813,0.6259960532188416,0.7517463564872742,0.7638461538461538,0.4969230769230769,0.8202166826333044,0.9501530622869732,0.8632468969358283,23.0,2.0,hap1+TNFA_CASP3,hap1+TNFA,CASP3,False,False,9
hap1+TNFA_CASP7,0.017293772,0.0029497878,5.862717,0.99432147,0.09436655,0.8921797349386003,0.13510571253095052,0.9955884371778226,0.9992624676700337,0.9963232577915413,2041,1687,0.049570176750421524,0.19653047621250153,0.25222641229629517,1.0,1.0,0.9999999999999999,0.9999999999999999,0.858567405931568,0.9692289084875598,0.8858252146764025,2.0,0.0,hap1+TNFA_CASP7,hap1+TNFA,CASP7,False,True,9
hap1+TNFA_CASP8,0.024454867,0.02443921,1.0006406,0.99143714,0.3720257,0.8282160126029106,0.4349763887302728,0.9931164681759445,0.9948269493010794,0.9982806244580159,2550,1061,0.12410040944814682,0.18553891777992249,0.6688645482063293,0.5633777976036072,0.12361317873001099,0.5911378988391925,0.09230769230769231,0.8956794826955876,0.9251693677334334,0.9681248795449282,19.0,6.0,hap1+TNFA_CASP8,hap1+TNFA,CASP8,False,True,9
hap1+TNFA_CASP10,0.031925093,0.06170773,0.5173597,0.9876155,0.65218186,0.7313664015793021,0.6835922455466634,0.9899390036012079,0.988196293540939,1.0017635262059368,2942,641,0.18995174765586853,0.34210827946662903,0.555238664150238,0.4847748279571533,-0.2634630501270294,0.3344556963839959,0.049999999999999996,0.7855582719981975,0.8675822070280101,0.9054568727143519,22.0,3.0,hap1+TNFA_CASP10,hap1+TNFA,CASP10,False,True,9
hap1+TNFA_CEBPB,0.019683411,0.010022389,1.9639441,0.9934478,0.21764077,0.8711620644691112,0.2218676124329384,0.9948043858272264,0.9976465677259437,0.9971511134397065,2155,1503,0.1261087954044342,0.1219109520316124,1.0344337224960327,0.8823490142822266,-0.21236085891723633,0.8169945066229741,0.08615384615384615,0.9356784102664031,0.9613878962304618,0.9732579471149325,21.0,4.0,hap1+TNFA_CEBPB,hap1+TNFA,CEBPB,False,True,9
hap1+TNFA_CHUK,0.018858373,0.007969343,2.3663647,0.99368167,0.21458167,0.8836365823138944,0.2492495385762903,0.9950463344345383,0.9980656049820267,0.9969748776709495,2219,1460,0.15052738785743713,0.1589018851518631,0.9472976922988892,0.8764879107475281,-0.07634305208921432,0.8738461538461537,0.13538461538461538,0.9522492053150274,0.9888938412857172,0.9629438121254289,19.0,6.0,hap1+TNFA_CHUK,hap1+TNFA,CHUK,False,True,9
hap1+TNFA_CREB1,0.017473724,0.0055664117,3.139136,0.9944856,0.21967578,0.8805057018937408,0.2565777602755619,0.9957105642777728,0.9985877244798279,0.9971187707083483,2233,1475,0.06596338003873825,0.06275758892297745,1.0510821342468262,0.7789868116378784,-0.12431313842535019,0.7289350358435115,0.4822134387351779,0.7235629484152556,0.751999148456103,0.9621858613813212,19.0,4.0,hap1+TNFA_CREB1,hap1+TNFA,CREB1,False,True,9
hap1+TNFA_CSF1,0.024929482,0.016018342,1.5563085,0.99164236,0.17033637,0.8586082975899528,0.21624411316936273,0.9932675366583877,0.9962819549913993,0.996974332097546,2134,1503,0.13674351572990417,0.22314254939556122,0.6128078699111938,0.8719103932380676,0.5665205121040344,0.7314079087332382,0.3423076923076923,0.8699041966873694,0.9105616052131518,0.9553490853413867,20.0,5.0,hap1+TNFA_CSF1,hap1+TNFA,CSF1,False,True,9
hap1+TNFA_CSF2,0.018351834,0.0020609433,8.90458,0.99442595,0.10414804,0.8769350748398497,0.19651208518457855,0.9956735227337657,0.9994749099660377,0.9961966156485097,2230,1597,,,,,,,,,,,,,hap1+TNFA_CSF2,hap1+TNFA,CSF2,False,False,9
hap1+TNFA_DNM1L,0.033030204,0.05488751,0.60177994,0.9892595,0.5412799,0.812959347801011,0.5475540234277855,0.9911233099616292,0.9899772468232811,1.0011576661403336,2689,910,0.12160889804363251,0.2848144471645355,0.42697587609291077,0.6315137147903442,0.7441458702087402,0.5696161761170121,0.5392307692307693,0.8705072515387589,0.9043764877709733,0.9625496276272149,21.0,4.0,hap1+TNFA_DNM1L,hap1+TNFA,DNM1L,False,True,9
hap1+TNFA_FADD,0.015645837,0.0022704955,6.890935,0.99480355,0.16652927,0.8886153440778382,0.18596939866435958,0.9959744269448415,0.9994290803170486,0.9965433731714999,2181,1602,,,,,,,,,,,,,hap1+TNFA_FADD,hap1+TNFA,FADD,False,True,9
hap1+TNFA_FOS,0.017062996,0.003997208,4.2687283,0.9942785,0.13125092,0.8957891038883908,0.21049182454231757,0.9955398454096221,0.9990296020413001,0.9965068536262115,2183,1522,,,,,,,,,,,,,hap1+TNFA_FOS,hap1+TNFA,FOS,False,True,9
hap1+TNFA_ID2,0.015343033,0.0020293277,7.5606484,0.9948864,0.1779769,0.8979686123717078,0.20554423124775612,0.996048764523056,0.9994868433178475,0.9965601560262878,2199,1587,,,,,,,,,,,,,hap1+TNFA_ID2,hap1+TNFA,ID2,False,True,9
hap1+TNFA_IKBKB,0.027995829,0.040454026,0.6920406,0.99076617,0.49701652,0.818301468392219,0.5094305541514697,0.992497265773446,0.9920070371922061,1.0004941785318655,2661,947,0.2807467579841614,0.314701110124588,0.8921060562133789,0.885208010673523,-0.21403974294662476,0.419452485527866,0.2723076923076923,0.8760111088854569,0.8661522079047462,1.0113824116485943,21.0,4.0,hap1+TNFA_IKBKB,hap1+TNFA,IKBKB,False,True,9
hap1+TNFA_IKBKE,0.016968984,0.0031648309,5.361735,0.9943882,0.1903779,0.8780575078503986,0.2253504937063528,0.9956348926298082,0.9992129797252453,0.996419094659458,2222,1499,0.1449388861656189,0.11887253820896149,1.2192797660827637,1.0,1.0,0.9999999999999999,0.9999999999999999,0.9466400728366664,0.9063291829380943,1.0444770958029777,1.0,1.0,hap1+TNFA_IKBKE,hap1+TNFA,IKBKE,False,False,9
hap1+TNFA_IKBKG,0.01700882,0.0061907843,2.747442,0.9943012,0.26674935,0.8749050156871125,0.263317626108356,0.9955477057436595,0.9985059402742356,0.9970373390770578,2272,1403,0.024251339957118034,0.06293825805187225,0.3853195309638977,0.6522437334060669,0.5483366250991821,0.7692307692307693,0.30230769230769233,0.9134485598168244,0.9828281933233768,0.9294081773621601,23.0,2.0,hap1+TNFA_IKBKG,hap1+TNFA,IKBKG,False,True,9
hap1+TNFA_IRF1,0.016446207,0.0023888275,6.8846354,0.99460995,0.11735831,0.8888291739072495,0.14562629077551534,0.9958100578244823,0.9993961859290373,0.9964117052325736,2076,1718,,,,,,,,,,,,,hap1+TNFA_IRF1,hap1+TNFA,IRF1,False,True,9
hap1+TNFA_ITCH,0.018802952,0.009811502,1.9164194,0.99367934,0.35540986,0.8381544921310623,0.3588252741159072,0.9950267154171393,0.9977159242787176,0.9973046347200257,2432,1215,0.11126819252967834,0.1486702561378479,0.7484226822853088,0.9549131393432617,0.07335151731967926,0.6653846153846155,0.1176923076923077,0.9579629957691513,0.9599656497933295,0.9979138274118357,23.0,2.0,hap1+TNFA_ITCH,hap1+TNFA,ITCH,False,True,9
hap1+TNFA_JUN,0.019223573,0.0028259696,6.8024697,0.99363625,-0.07580654,0.8919976028450539,0.10081247170288009,0.995069825884631,0.9992852034162049,0.9957816071756462,2075,1691,0.006900658831000328,0.06902869790792465,0.09996797144412994,,,,,,,,1.0,0.0,hap1+TNFA_JUN,hap1+TNFA,JUN,False,True,9
hap1+TNFA_JUNB,0.015297763,0.004847706,3.1556706,0.9948534,0.28876147,0.8844146040259734,0.23460851089350276,0.9959729308220033,0.9988361378284921,0.9971334567322389,2173,1537,0.01906844973564148,0.050150129944086075,0.38022732734680176,0.6928924918174744,0.5303168892860413,0.7999999999999999,0.39999999999999997,0.9551800861854691,0.9675317973047566,0.9872337930870122,4.0,0.0,hap1+TNFA_JUNB,hap1+TNFA,JUNB,False,True,9
hap1+TNFA_KLF6,0.016415857,0.0037835625,4.3387303,0.9944919,0.16409755,0.8916076038069053,0.19717247429765147,0.995715009834883,0.9990685891506637,0.9966432942120305,2143,1596,0.8424766659736633,0.8719178438186646,0.966234028339386,,,,,,,,1.0,0.0,hap1+TNFA_KLF6,hap1+TNFA,KLF6,False,True,9
hap1+TNFA_MAP2K3,0.017481228,0.0023702935,7.3751326,0.994254,0.03818381,0.9030871641713221,0.13015358988345457,0.9955569867789958,0.9993976739581862,0.9961569980806748,2121,1664,,,,,,,,,,,,,hap1+TNFA_MAP2K3,hap1+TNFA,MAP2K3,False,True,9
hap1+TNFA_MAP3K7,0.015804633,0.0035687783,4.4285836,0.9948691,0.2226156,0.8993900971056722,0.20094501377085938,0.9960016895556372,0.9991029627990552,0.9968959423013524,2156,1574,0.027442557737231255,0.048974327743053436,0.5603457689285278,1.0,-1.0,0.9999999999999999,-0.9999999999999999,0.9915299956949958,0.9970371318790164,0.9944764984091997,2.0,0.0,hap1+TNFA_MAP3K7,hap1+TNFA,MAP3K7,False,True,9
hap1+TNFA_MAP3K14,0.017400647,0.004442087,3.9172235,0.99422085,0.13657114,0.8882095590400989,0.16379357327615102,0.9954617418605322,0.9989179338715893,0.9965400641095092,2076,1620,0.06771589815616608,0.12904508411884308,0.5247460603713989,0.9811258316040039,-0.02449353039264679,0.7,0.0,0.9931927551965174,0.9743613095042807,1.019326963733625,5.0,0.0,hap1+TNFA_MAP3K14,hap1+TNFA,MAP3K14,False,True,9
hap1+TNFA_MAPK8,0.017652076,0.0025524953,6.915615,0.99415535,0.01799576,0.8952418488175917,0.11563211023218178,0.9954642674306902,0.999357885102513,0.99610388057185,2051,1686,,,,,,,,,,,,,hap1+TNFA_MAPK8,hap1+TNFA,MAPK8,False,True,9
hap1+TNFA_MAPK9,0.015478216,0.0035909999,4.3102803,0.9948094,0.23638722,0.8862861749694362,0.24786425537905288,0.9959682149861164,0.9991094172890893,0.9968559977029383,2206,1511,,,,,,,,,,,,,hap1+TNFA_MAPK9,hap1+TNFA,MAPK9,False,False,9
hap1+TNFA_MAPK14,0.012760622,0.004007342,3.184311,0.9957669,0.43117198,0.8942238308601687,0.302552679662734,0.9967082369690988,0.9990117501119123,0.9976942081586573,2244,1455,0.024786602705717087,0.14924435317516327,0.16608066856861115,0.8759233355522156,0.9890366792678833,0.0,0.9999999999999999,0.8904226607733406,0.9773269528768913,0.9110796117433001,4.0,1.0,hap1+TNFA_MAPK14,hap1+TNFA,MAPK14,False,True,9
hap1+TNFA_MMP9,0.016217919,0.0021406517,7.5761595,0.9945908,0.122241065,0.8934814382889918,0.17660933194266368,0.9958186127459936,0.9994584840967099,0.9963581565331291,2196,1646,,,,,,,,,,,,,hap1+TNFA_MMP9,hap1+TNFA,MMP9,False,True,9
hap1+TNFA_MTF1,0.012570013,0.0050503053,2.488961,0.9957833,0.44441766,0.8882624692608165,0.29522771017651966,0.9967477661262419,0.9987156388600431,0.9980295965565861,2312,1525,0.041653744876384735,0.19832541048526764,0.210027277469635,0.5851417183876038,0.87050461769104,0.28571428571428575,0.9642857142857145,0.8841690980285927,0.7100920076239641,1.245147232380642,7.0,0.0,hap1+TNFA_MTF1,hap1+TNFA,MTF1,False,True,9
hap1+TNFA_MTOR,0.06396391,0.11968367,0.5344415,0.9815514,0.63291156,0.7840821578009527,0.6038869576786675,0.9842725985372331,0.9793361188978547,1.005040638800225,2737,803,0.2461874783039093,0.564507007598877,0.43611058592796326,0.655987560749054,0.5045093894004822,0.6593996199633866,0.43769230769230766,0.8409595552292175,0.8179427903021114,1.0281398224912586,25.0,0.0,hap1+TNFA_MTOR,hap1+TNFA,MTOR,False,True,9
hap1+TNFA_MYC,0.016615622,0.002500446,6.645063,0.99448,0.09383362,0.8955960130717873,0.16749001895247986,0.9957235644741885,0.9993704152991222,0.9963508517271426,2180,1636,,,,,,,,,,,,,hap1+TNFA_MYC,hap1+TNFA,MYC,False,True,9
hap1+TNFA_NFAT5,0.028541265,0.03470874,0.82230777,0.9903377,0.41722327,0.8250584941279777,0.4521875815465476,0.9921263186480038,0.9927930073674113,0.9993284715802186,2562,1037,0.36256247758865356,0.37536755204200745,0.9658865928649902,0.9327130913734436,-0.368354469537735,0.544055307606964,0.16153846153846155,0.9198462281668282,0.9022248987118294,1.019530972244457,19.0,6.0,hap1+TNFA_NFAT5,hap1+TNFA,NFAT5,False,True,9
hap1+TNFA_NFKB1,0.021476269,0.016476147,1.3034765,0.9927169,0.3066341,0.85664374399064,0.3513036869126146,0.9941657285957375,0.9964012225262446,0.9977564319673963,2403,1228,0.15019357204437256,0.24678564071655273,0.6085993051528931,0.9259018301963806,0.4750804007053375,0.7966916862126764,0.42153846153846153,0.9508755948346568,0.9673255621536576,0.9829943837291175,18.0,7.0,hap1+TNFA_NFKB1,hap1+TNFA,NFKB1,False,True,9
hap1+TNFA_NFKBIA,0.01563533,0.002662624,5.872151,0.99479175,0.18172479,0.892198844184432,0.20160015350079388,0.9959769766614069,0.999320366560371,0.9966543362760913,2216,1608,0.5161536335945129,1.5113685131072998,0.34151408076286316,,,,,,,,1.0,0.0,hap1+TNFA_NFKBIA,hap1+TNFA,NFKBIA,False,True,9
hap1+TNFA_NFKBIE,0.03821791,0.01655509,2.3085294,0.98738277,-0.19328165,0.8925939924039034,0.08098666057777355,0.9902491058106689,0.9957872121803722,0.9944384640594278,2065,1738,1.7350445985794067,1.0984188318252563,1.579583764076233,0.47981154918670654,-0.30845537781715393,0.5776923076923076,-0.10538461538461538,0.7972390098024469,0.879206655476849,0.9067708994651026,14.0,11.0,hap1+TNFA_NFKBIE,hap1+TNFA,NFKBIE,False,True,9
hap1+TNFA_NKX3-1,0.017410416,0.0033945267,5.1289673,0.9941902,0.08006134,0.887840859930071,0.14688965912756655,0.9954766744633111,0.9991517005347113,0.9963218537591104,2107,1632,0.06458928436040878,0.03915713354945183,1.6494896411895752,0.21955057978630066,-0.9812008142471313,-0.5,-1.0,0.9247252739344565,0.9549489605093304,0.9683504691614577,1.0,2.0,hap1+TNFA_NKX3-1,hap1+TNFA,NKX3-1,False,True,9
hap1+TNFA_PDCD5,0.056846302,0.07113441,0.79913926,0.98470294,0.37825292,0.8238776154650177,0.3883299659766313,0.9869859841128309,0.9876449302898879,0.9993328106520392,2340,1262,0.24329647421836853,0.41215887665748596,0.5902978181838989,0.7465522289276123,0.6158364415168762,0.7363362253323342,0.19999999999999998,0.8657499679698735,0.8969065803458991,0.9652621431721352,20.0,5.0,hap1+TNFA_PDCD5,hap1+TNFA,PDCD5,False,True,9
hap1+TNFA_PIK3CA,0.025790479,0.018081171,1.4263722,0.9914355,0.1865856,0.8631614781208906,0.2744010771671585,0.9930816391207551,0.9960755727447148,0.9969942706096989,2258,1374,0.0915587916970253,0.11964385211467743,0.765261173248291,0.6591085195541382,0.27615734934806824,0.5879184736840135,0.23153846153846153,0.9157350087581663,0.9363173771639687,0.9780177438678488,18.0,7.0,hap1+TNFA_PIK3CA,hap1+TNFA,PIK3CA,False,True,9
hap1+TNFA_PTGS2,0.017054528,0.005968776,2.8572907,0.9942607,0.21044981,0.880942158076194,0.1998906907846099,0.9954944136070927,0.9985836129243514,0.9969064189745593,2092,1594,0.03870653733611107,0.08344102650880814,0.46387895941734314,0.6980183124542236,0.6837314367294312,0.698529411764706,0.32598039215686275,0.9261094879145273,0.9905573146300997,0.9349378115090302,14.0,3.0,hap1+TNFA_PTGS2,hap1+TNFA,PTGS2,False,True,9
hap1+TNFA_RELB,0.01721092,0.0025785603,6.6746235,0.99432355,0.06391501,0.8815944309891529,0.14643679711662128,0.9955995079637712,0.9993528089060175,0.9962442683816989,2135,1647,,,,,,,,,,,,,hap1+TNFA_RELB,hap1+TNFA,RELB,False,True,9
hap1+TNFA_REPIN1,0.015908765,0.0024020604,6.622966,0.9947504,0.14916976,0.8882815730036157,0.20365560773923505,0.9959395880858748,0.9993912851732359,0.996546200533695,2247,1574,,,,,,,,,,,,,hap1+TNFA_REPIN1,hap1+TNFA,REPIN1,False,True,9
hap1+TNFA_SOX4,0.016170884,0.0063597173,2.5427048,0.9945751,0.32205966,0.8658446571868154,0.2863305505430313,0.9957650431750814,0.9984611093762439,0.9972997784532172,2292,1419,0.07792236655950546,0.10630005598068237,0.7330416440963745,0.9215846657752991,0.04390642046928406,0.7746153846153846,-0.010769230769230769,0.9517717241687926,0.9602839153157194,0.9911357557789269,20.0,5.0,hap1+TNFA_SOX4,hap1+TNFA,SOX4,False,True,9
hap1+TNFA_SOX9,0.019216897,0.019676136,0.97666013,0.993294,0.44592956,0.8417927705812578,0.43309388517996616,0.9946349363454134,0.9958047171662965,0.9988252909423729,2514,1112,0.0883718803524971,0.2112465649843216,0.4183352291584015,0.7779371738433838,0.652353048324585,0.5931910092418866,0.5438461538461539,0.8708378876380235,0.9587682028865594,0.9082882442452676,22.0,3.0,hap1+TNFA_SOX9,hap1+TNFA,SOX9,False,True,9
hap1+TNFA_TNFRSF1A,0.020558178,0.024721386,0.8315949,0.9926431,0.5474821,0.7822045578353575,0.47098567356379284,0.994137185701541,0.9947430736953348,0.9993909100653066,2543,1051,0.050136175006628036,0.30993741750717163,0.16176225244998932,0.9533811807632446,0.9139983057975769,0.7551965286249802,0.5715384615384614,0.9387963120688729,0.9279024838596702,1.0117402727104352,24.0,1.0,hap1+TNFA_TNFRSF1A,hap1+TNFA,TNFRSF1A,False,True,9
hap1+TNFA_TNFRSF1B,0.016168086,0.0024325429,6.646578,0.9946021,0.13192429,0.8920048766946873,0.19801263259640103,0.9958209722458009,0.9993851763365756,0.9964336032040819,2175,1625,,,,,,,,,,,,,hap1+TNFA_TNFRSF1B,hap1+TNFA,TNFRSF1B,False,True,9
hap1+TNFA_TRAF1,0.02057824,0.0077491472,2.6555488,0.9932384,0.10917725,0.875666785591809,0.144125421531741,0.994653113707951,0.9981589945410367,0.9964876529167602,2050,1620,0.11346806585788727,0.1062401607632637,1.0680336952209473,0.9207108616828918,0.05491146445274353,0.7753846153846154,0.09769230769230769,0.9397999726356848,0.95756716350155,0.9814454885849514,20.0,5.0,hap1+TNFA_TRAF1,hap1+TNFA,TRAF1,False,True,9
hap1+TNFA_TRAF2,0.018169943,0.0048038955,3.7823353,0.9938974,0.1155199,0.8868695675220383,0.1721066323178121,0.9952398312353131,0.9988290655756653,0.9964065579746785,2137,1547,0.02993924915790558,0.09309716522693634,0.32159140706062317,0.777483344078064,0.728030800819397,0.19999999999999998,0.7,0.9643884597979858,0.9304439663612593,1.036482039396177,5.0,0.0,hap1+TNFA_TRAF2,hap1+TNFA,TRAF2,False,True,9
hap1+TNFA_TRAF3,0.018946435,0.003719098,5.094363,0.99381894,0.026412537,0.8929079663739354,0.13360183831049638,0.9952025852724928,0.9990599064286172,0.9961390491888387,2075,1678,0.5753912329673767,0.4159201979637146,1.3834173679351807,0.9146282076835632,-0.21750423312187195,0.6785714285714287,-0.14285714285714288,0.946871351276771,0.9550195410150176,0.9914680387276824,5.0,2.0,hap1+TNFA_TRAF3,hap1+TNFA,TRAF3,False,True,9
hap1+TNFA_ZFP36L1,0.017358609,0.0033682315,5.153627,0.99418604,0.08405946,0.8970371438019563,0.16606115079109923,0.9954907157137028,0.9991566629383283,0.9963309585367278,2150,1622,0.004076934885233641,0.24859197437763214,0.016400106251239777,,,,,,,,1.0,0.0,hap1+TNFA_ZFP36L1,hap1+TNFA,ZFP36L1,False,True,9
hap1+TNFA_ZNF22,0.017109867,0.003238958,5.282522,0.99435025,0.12152161,0.8855886751269657,0.1504428845332586,0.995609358893679,0.9991932417969015,0.9964132234353612,2116,1625,,,,,,,,,,,,,hap1+TNFA_ZNF22,hap1+TNFA,ZNF22,False,True,9
hap1+TNFA_ZNF267,0.01824867,0.019031277,0.95887786,0.9936292,0.47578168,0.836165131649889,0.4710248881972262,0.9949035838704019,0.9958415715535619,0.9990580954742664,2586,1034,0.05685407668352127,0.15407723188400269,0.3689972758293152,0.6245654225349426,0.5817659497261047,0.5984600591992485,0.4876923076923077,0.8769898184121026,0.9069813828847066,0.9669325467550236,25.0,0.0,hap1+TNFA_ZNF267,hap1+TNFA,ZNF267,False,True,9
ht29+IFNG_IRF5,0.005745399,0.0016164436,3.5543454,0.99868584,0.30308098,0.8324596368770051,0.24672069177960002,0.9988438916044974,0.9995882017918674,0.9992553831807581,2247,1491,,,,,,,,,,,,,ht29+IFNG_IRF5,ht29+IFNG,IRF5,True,False,9
ht29+IFNG_PLEK,0.0023215984,0.002159922,1.074853,0.99929523,0.44549477,0.8762238681613091,0.3302333964845987,0.9994453167803372,0.9994564970656281,0.9999888136348868,2299,1415,,,,,,,,,,,,,ht29+IFNG_PLEK,ht29+IFNG,PLEK,True,False,9
ht29+IFNG_PPARG,0.023545632,0.03889121,0.605423,0.99388915,0.6626097,0.8273888709907316,0.6020257289718379,0.9947694143413663,0.9924461245713858,1.0023409731898383,2698,891,0.08790557831525803,0.15507414937019348,0.5668615698814392,0.5880551934242249,0.2576143741607666,0.4866120538250133,0.2407692307692308,0.8387502677181556,0.835576976389632,1.0037977247078238,25.0,0.0,ht29+IFNG_PPARG,ht29+IFNG,PPARG,True,False,9
ht29+IFNG_SOX2,0.0891238,0.10316023,0.86393565,0.9823153,0.45035908,0.7870778623459286,0.3961494604062036,0.9843595067395654,0.981576595198245,1.0028351445571686,2214,1171,0.2727007269859314,0.35131752490997314,0.7762229442596436,0.46222853660583496,0.4384367763996124,0.3396831102433787,0.28615384615384615,0.326790451103682,0.3687084744111184,0.8863112018936216,21.0,4.0,ht29+IFNG_SOX2,ht29+IFNG,SOX2,True,False,9
ht29+IFNG_TAPBPL,0.00877352,0.010193703,0.86068034,0.99764764,0.36181134,0.8507352037347058,0.245283412050274,0.9979649692088342,0.9976869934154307,1.000278620243862,2082,1546,0.07536841928958893,0.09623312205076218,0.7831858396530151,0.8640020489692688,-0.10378704965114594,0.83,-0.15153846153846154,0.9700013084859527,0.9663829224324161,1.0037442570326356,21.0,4.0,ht29+IFNG_TAPBPL,ht29+IFNG,TAPBPL,True,False,9
ht29+IFNG_ZC3H3,0.003742073,0.002950635,1.2682263,0.99882096,0.23600137,0.8872083556464985,0.1839449714603539,0.9990570289694667,0.9992516307946545,0.9998052524317292,2076,1629,0.012022677809000015,0.015267081558704376,0.7874902486801147,0.5366389751434326,-0.29602593183517456,0.39999999999999997,-0.39999999999999997,0.88751102417658,0.874463191939338,1.0149209622057451,2.0,2.0,ht29+IFNG_ZC3H3,ht29+IFNG,ZC3H3,True,False,9
ht29+TGFB_RBL1,0.0059256954,0.0062969956,0.94103533,0.9981413,0.4655171,0.8410358635967603,0.4054326341017194,0.9985339819750365,0.9985210935200863,1.0000129075440007,2440,1137,0.09006557613611221,0.12872561812400818,0.6996709704399109,0.9915428757667542,-0.15855111181735992,0.890171203233285,0.18923076923076923,0.9907353337230417,0.9736413565050954,1.0175567493140445,25.0,0.0,ht29+TGFB_RBL1,ht29+TGFB,RBL1,True,False,9
ht29+TNFA_ARID5B,0.03108897,0.0018880573,16.466116,0.99067605,0.11702378,0.8062621896339337,0.14345328770892565,0.9926850341187391,0.9995315548439018,0.9931502705522569,2229,1724,0.010828724130988121,0.008731906302273273,1.2401329278945923,0.1376563310623169,0.19307832419872284,0.35228446856573653,0.2369230769230769,0.3705812536692492,0.9234702780281145,0.4012920204216546,20.0,5.0,ht29+TNFA_ARID5B,ht29+TNFA,ARID5B,False,False,9
ht29+TNFA_BATF,0.028769363,0.001267947,22.68972,0.9911186,0.075236626,0.8226471779430659,0.11335246746728331,0.9930670993743218,0.9996820928424903,0.9933829029093044,2184,1827,,,,,,,,,,,,,ht29+TNFA_BATF,ht29+TNFA,BATF,False,True,9
ht29+TNFA_BIRC2,0.03132577,0.000990222,31.635098,0.9909246,0.11372124,0.7988371118873122,0.11260145744223089,0.9928480931439881,0.999749599432137,0.9930967651379216,2215,1850,,,,,,,,,,,,,ht29+TNFA_BIRC2,ht29+TNFA,BIRC2,False,True,9
ht29+TNFA_BIRC3,0.028965607,0.0014760265,19.624043,0.991194,0.12398101,0.8144145390024891,0.11704269478443699,0.9931178751548819,0.9996281365428246,0.9934873167831608,2219,1817,0.0392409972846508,1.1021710634231567,0.0356033630669117,1.0,1.0,0.9999999999999999,0.9999999999999999,0.9999189482586881,0.9994826229484969,1.0004365511717492,2.0,0.0,ht29+TNFA_BIRC3,ht29+TNFA,BIRC3,False,True,9
ht29+TNFA_CASP3,0.034724586,0.0026468704,13.11911,0.99024665,0.21717796,0.76564571836969,0.2140580156554945,0.992224122566233,0.999360467809227,0.9928590879138555,2363,1598,0.010968035086989403,0.020161375403404236,0.5440122485160828,0.49282339215278625,0.3972703814506531,0.3471902491435943,0.31846153846153846,0.7719407618626268,0.9551434461300526,0.8081935388765878,19.0,6.0,ht29+TNFA_CASP3,ht29+TNFA,CASP3,False,False,9
ht29+TNFA_CASP7,0.028084919,0.00085788337,32.737457,0.99129784,0.09162924,0.8233401527995012,0.12083933536809684,0.9932104362035522,0.9997845848797705,0.9934244348476238,2250,1802,,,,,,,,,,,,,ht29+TNFA_CASP7,ht29+TNFA,CASP7,False,True,9
ht29+TNFA_CASP8,0.029762177,0.007243245,4.1089563,0.99038327,0.2863481,0.7796374334427958,0.27900634630248666,0.9923766823534834,0.9983869591446175,0.9939800127234399,2484,1434,0.07329914718866348,0.036613594740629196,2.001965284347534,0.1751554310321808,-0.2199244499206543,0.18227606885092704,-0.2123076923076923,0.5911118492475234,0.9222948369720094,0.6409141909415925,19.0,6.0,ht29+TNFA_CASP8,ht29+TNFA,CASP8,False,True,9
ht29+TNFA_CASP10,0.04664375,0.01627737,2.8655581,0.98686695,0.44255745,0.6867558982421946,0.4499649847811787,0.989233367172098,0.9964961142679469,0.9927117155883901,2775,1137,0.02512042224407196,0.07167526334524155,0.3504754900932312,0.3265218734741211,0.39538782835006714,0.3649383158138264,0.22923076923076924,0.6531059867904152,0.875783219642106,0.7457393246896313,24.0,1.0,ht29+TNFA_CASP10,ht29+TNFA,CASP10,False,True,9
ht29+TNFA_CEBPB,0.0338428,0.007706795,4.3912935,0.9894872,0.08585616,0.8160237742924384,0.15368394024160117,0.9917581862451894,0.998052657769762,0.9936932470691093,2241,1715,0.059074968099594116,0.08509690314531326,0.6942082047462463,0.8599636554718018,0.498917818069458,0.5881900474259691,0.3923076923076923,0.8449324185359163,0.7752408840260221,1.0898966191617352,16.0,9.0,ht29+TNFA_CEBPB,ht29+TNFA,CEBPB,False,True,9
ht29+TNFA_CHUK,0.026066504,0.013367465,1.9499961,0.9920069,0.4366047,0.8103709703888724,0.20719073996423285,0.9937182984509242,0.9966499451551247,0.9970584991064799,2283,1670,0.30915993452072144,0.6308653354644775,0.49005693197250366,0.5595006346702576,0.6051557064056396,0.5146153846153847,0.6884615384615385,0.890003186350763,0.9663187844829957,0.9210244079306982,21.0,4.0,ht29+TNFA_CHUK,ht29+TNFA,CHUK,False,True,9
ht29+TNFA_CREB1,0.030909274,0.0024734351,12.496496,0.9908473,0.13236399,0.8182469425702955,0.13288119690417569,0.9928567904035506,0.999376253019843,0.9934764683505413,2278,1777,0.004733584355562925,0.0034576302859932184,1.3690255880355835,0.18731635808944702,0.2918888330459595,0.42857142857142866,0.25,0.7871873175857289,0.955937962314471,0.8234711337123057,5.0,2.0,ht29+TNFA_CREB1,ht29+TNFA,CREB1,False,True,9
ht29+TNFA_CSF1,0.029731598,0.0020222564,14.70219,0.99093366,0.11746438,0.8140604368630804,0.16343534525090966,0.9928994407280594,0.9995074023627712,0.9933887816947717,2292,1692,0.022606639191508293,0.010730705223977566,2.106724500656128,0.5908927321434021,-0.24724790453910828,0.4280216818710387,-0.24384615384615385,0.8090726398705155,0.9430145891293055,0.8579640752085714,14.0,11.0,ht29+TNFA_CSF1,ht29+TNFA,CSF1,False,True,9
ht29+TNFA_CSF2,0.03082155,0.0006699033,46.008957,0.9911288,0.06636712,0.8100861577892029,0.09803634871052325,0.9930586682143145,0.9998306531606178,0.9932268680452074,2280,1830,,,,,,,,,,,,,ht29+TNFA_CSF2,ht29+TNFA,CSF2,False,False,9
ht29+TNFA_DNM1L,0.03216177,0.0070525496,4.5603037,0.9897101,0.23632887,0.7761457663043457,0.2828017645330482,0.991830971961088,0.9984281236617942,0.9933924620667628,2517,1393,0.02490142732858658,0.03941689059138298,0.6317451000213623,0.1525227427482605,-0.010264704003930092,0.1176923076923077,0.05461538461538461,0.7064299680653927,0.9504793324050806,0.74323548548694,20.0,5.0,ht29+TNFA_DNM1L,ht29+TNFA,DNM1L,False,True,9
ht29+TNFA_FADD,0.029455237,0.0054783737,5.376639,0.9908316,0.20840938,0.8143402915133071,0.23206112094975728,0.9928361394122259,0.9986321762991864,0.9941960242975146,2320,1681,0.25170478224754333,0.27063998579978943,0.9300354719161987,0.7774993181228638,0.3510129153728485,0.6092307692307692,0.4461538461538462,0.8268824204036211,0.8500917236388501,0.9726978835461653,20.0,5.0,ht29+TNFA_FADD,ht29+TNFA,FADD,False,True,9
ht29+TNFA_FOS,0.028276687,0.0016058884,17.608128,0.99135727,0.1698105,0.8226847813141973,0.1879292348134721,0.9932377666856594,0.9996059812438413,0.993629275256779,2319,1678,0.01176696177572012,0.009355217218399048,1.2577967643737793,0.33010798692703247,0.2271282970905304,0.27159796725014124,0.27159796725014124,0.7315644806762636,0.9543175862205302,0.7665838828073411,16.0,6.0,ht29+TNFA_FOS,ht29+TNFA,FOS,False,True,9
ht29+TNFA_ID2,0.029625751,0.0014756161,20.076868,0.9910842,0.053072453,0.8298171266119979,0.11110336022157943,0.9930532461350636,0.9996262776460861,0.9934245110817809,2245,1795,0.004816181026399136,0.008551282808184624,0.5632115006446838,-0.38442936539649963,0.6291972398757935,-0.1785714285714286,0.6071428571428572,0.7210625439528502,0.9590769052123144,0.7518297438235424,5.0,2.0,ht29+TNFA_ID2,ht29+TNFA,ID2,False,True,9
ht29+TNFA_IKBKB,0.031538427,0.0144249145,2.1863856,0.98950416,0.39127684,0.7537905251639265,0.3674668026155779,0.9916246837438206,0.9969408547607537,0.9946675161404547,2613,1296,0.029941711574792862,0.06058160215616226,0.4942376911640167,0.5551701188087463,0.032805442810058594,0.5141428603402344,0.1323076923076923,0.8411660039889307,0.9500387585480893,0.8854017758964434,21.0,4.0,ht29+TNFA_IKBKB,ht29+TNFA,IKBKB,False,True,9
ht29+TNFA_IKBKE,0.029687608,0.001294589,22.932072,0.9910333,0.10514793,0.8004420865973383,0.140953769079165,0.9929582713722537,0.9996776166464368,0.99327848782218,2287,1732,,,,,,,,,,,,,ht29+TNFA_IKBKE,ht29+TNFA,IKBKE,False,False,9
ht29+TNFA_IKBKG,0.02748446,0.0030984923,8.870269,0.9919034,0.33882636,0.8058582338033982,0.22068598763949138,0.9936262718593682,0.9992318926659385,0.9943900701651801,2351,1619,0.011987648904323578,0.009672841057181358,1.2393100261688232,0.07324712723493576,0.2942139506340027,0.3212379156475966,0.3046153846153846,0.4103543471595147,0.9209991276456723,0.44555345910966665,17.0,8.0,ht29+TNFA_IKBKG,ht29+TNFA,IKBKG,False,True,9
ht29+TNFA_IRF1,0.02831908,0.00075180596,37.66807,0.991288,0.05720712,0.8420007046985293,0.0951583752546439,0.9932297317101462,0.9998099390959018,0.9934185417363365,2234,1893,,,,,,,,,,,,,ht29+TNFA_IRF1,ht29+TNFA,IRF1,False,True,9
ht29+TNFA_ITCH,0.03284039,0.0039243307,8.368405,0.98988205,0.16647068,0.7744803876006018,0.2125626756235527,0.991979359211065,0.99907000471753,0.9929027540883185,2386,1554,0.015962211415171623,0.026782579720020294,0.5959923267364502,0.5446404218673706,-0.10306572914123535,0.5132496994556274,0.10307692307692308,0.7915789026586469,0.8951053322710338,0.8843416234045631,22.0,3.0,ht29+TNFA_ITCH,ht29+TNFA,ITCH,False,True,9
ht29+TNFA_JUN,0.02555501,0.0034565993,7.393108,0.99209726,0.31823874,0.830703519252353,0.15995391259073077,0.9938341528173965,0.9991370658632931,0.9946925069371592,2237,1772,0.005330256652086973,0.006238811649382114,0.8543704748153687,0.2655954957008362,0.1713288575410843,0.28921568627450983,0.25490196078431376,0.6823522797123307,0.9745053833026237,0.7002037047756692,12.0,5.0,ht29+TNFA_JUN,ht29+TNFA,JUN,False,True,9
ht29+TNFA_JUNB,0.029216321,0.00175439,16.653265,0.9913298,0.19062884,0.8115353158953396,0.15807768228489621,0.9932161851168275,0.9995602040019019,0.9936531898132047,2267,1719,0.01210603304207325,0.010531824082136154,1.149471640586853,0.44836875796318054,0.31931695342063904,0.5170510178512884,0.42337662337662335,0.8319967400894156,0.9758600663428677,0.8525779143800871,13.0,8.0,ht29+TNFA_JUNB,ht29+TNFA,JUNB,False,True,9
ht29+TNFA_KLF6,0.0289514,0.0012825689,22.572979,0.9910754,0.06564027,0.8272258178145178,0.08833900649242973,0.9930355687324354,0.9996778239579243,0.9933556041093411,2188,1850,0.02846277505159378,0.05320974439382553,0.5349165797233582,,,,,,,,1.0,0.0,ht29+TNFA_KLF6,ht29+TNFA,KLF6,False,True,9
ht29+TNFA_MAP2K3,0.028440107,0.0030084485,9.453413,0.99137455,0.17024748,0.828521754264999,0.1580323557798676,0.9932821123057142,0.9992375134339619,0.9940400544933691,2281,1773,0.07307803630828857,0.07160636782646179,1.020552158355713,0.9913970232009888,-0.0672822892665863,0.75,0.06666666666666667,0.99096153862616,0.9931305974289762,0.9978159379960384,7.0,2.0,ht29+TNFA_MAP2K3,ht29+TNFA,MAP2K3,False,True,9
ht29+TNFA_MAP3K7,0.023525955,0.002580197,9.117891,0.9925109,0.3816468,0.8317897271576944,0.24228911785859,0.9941347351247247,0.9993746841300631,0.9947567723211843,2308,1645,0.012006816454231739,0.013993632979691029,0.8580199480056763,0.6921172142028809,0.2096550166606903,0.4450875313945681,0.1753846153846154,0.8413835015218099,0.9268728445860774,0.90776583480289,21.0,4.0,ht29+TNFA_MAP3K7,ht29+TNFA,MAP3K7,False,True,9
ht29+TNFA_MAP3K14,0.028339887,0.0010510272,26.96399,0.9912582,0.09455588,0.8267073088201021,0.11567759772540724,0.9931807368058353,0.9997367001617462,0.9934423100053742,2209,1828,,,,,,,,,,,,,ht29+TNFA_MAP3K14,ht29+TNFA,MAP3K14,False,True,9
ht29+TNFA_MAPK8,0.027442692,0.0012903264,21.268024,0.99155486,0.18377051,0.8293789883773912,0.11306442723133027,0.9934122769698612,0.9996814873755397,0.993728792135446,2213,1820,,,,,,,,,,,,,ht29+TNFA_MAPK8,ht29+TNFA,MAPK8,False,True,9
ht29+TNFA_MAPK9,0.029471725,0.0009946963,29.628868,0.99107647,0.04197488,0.8198989293684418,0.12047845709461016,0.9930236667919935,0.999750433813287,0.9932715537860424,2295,1759,,,,,,,,,,,,,ht29+TNFA_MAPK9,ht29+TNFA,MAPK9,False,False,9
ht29+TNFA_MAPK14,0.028986337,0.00542939,5.3387833,0.99134976,0.23246239,0.8246585405309855,0.15676442100887966,0.993243626493013,0.9986236175891113,0.9946125937727301,2260,1745,0.018951348960399628,0.03476421907544136,0.545139491558075,0.836789608001709,0.694736659526825,0.11478260869565216,0.33739130434782605,0.8438656479285089,0.7039119175128505,1.1988227886667417,17.0,7.0,ht29+TNFA_MAPK14,ht29+TNFA,MAPK14,False,True,9
ht29+TNFA_MMP9,0.029399427,0.00073220977,40.151646,0.9908597,-0.032538056,0.8253995043351053,0.032533128097730624,0.9928883100369966,0.9998144470948149,0.9930725775388186,2131,2001,0.23151759803295135,0.14398683607578278,1.6079081296920776,,,,,,,,0.0,1.0,ht29+TNFA_MMP9,ht29+TNFA,MMP9,False,True,9
ht29+TNFA_MTF1,0.036274213,0.003766964,9.629562,0.9887034,-0.15317613,0.8164185402859748,0.014671775657460898,0.9911983590416855,0.9990450992167843,0.9921457598047873,2082,1986,0.22795870900154114,0.18094339966773987,1.2598342895507812,0.5860544443130493,-0.8743129372596741,0.9285714285714288,-0.7500000000000002,0.7020080711612946,0.7680171359146571,0.9140526146272112,4.0,3.0,ht29+TNFA_MTF1,ht29+TNFA,MTF1,False,True,9
ht29+TNFA_MTOR,0.033195056,0.0063645556,5.2156124,0.9897051,0.24164504,0.770411007756947,0.24421072633947405,0.9918205371077887,0.9984931178674196,0.993317349273391,2392,1535,0.028757983818650246,0.02993132546544075,0.9607988595962524,0.33733195066452026,-0.20597359538078308,0.3015964664368606,-0.05307692307692308,0.6811085555015023,0.942028603248996,0.7230232215374383,20.0,5.0,ht29+TNFA_MTOR,ht29+TNFA,MTOR,False,True,9
ht29+TNFA_MYC,0.028514925,0.0010359699,27.524858,0.9912863,0.074505284,0.8321175714338251,0.10655227816167169,0.9932156154974972,0.9997376349174862,0.9934762689807838,2212,1846,,,,,,,,,,,,,ht29+TNFA_MYC,ht29+TNFA,MYC,False,True,9
ht29+TNFA_NFAT5,0.03082304,0.0049455934,6.232425,0.9902262,0.24309511,0.771047380131259,0.2552460933135203,0.9922458377894263,0.9988581622427535,0.9933801167139883,2443,1484,0.03993489593267441,0.04389245808124542,0.9098350405693054,0.785653293132782,-0.3096155822277069,0.5096229377673159,0.15923076923076923,0.8562803199849591,0.9654852653357809,0.886891132084919,21.0,4.0,ht29+TNFA_NFAT5,ht29+TNFA,NFAT5,False,True,9
ht29+TNFA_NFKB1,0.02832386,0.0056719016,4.9937153,0.9915302,0.33622348,0.8020626878297463,0.2499497598737299,0.9933217204473851,0.9986050550535664,0.9947092851378587,2410,1549,0.18231482803821564,0.09458627551794052,1.9274977445602417,0.5550001263618469,-0.5695309638977051,0.7029627299873643,0.06461538461538462,0.6100511723924804,0.8236293583434557,0.7406865311594288,20.0,5.0,ht29+TNFA_NFKB1,ht29+TNFA,NFKB1,False,True,9
ht29+TNFA_NFKBIA,0.029855732,0.001443402,20.68428,0.99095535,0.046920855,0.8289690523759494,0.11024952872118446,0.9929579154832392,0.9996341111036665,0.9933213607396247,2258,1853,0.2883581817150116,1.0433582067489624,0.27637505531311035,,,,,,,,1.0,0.0,ht29+TNFA_NFKBIA,ht29+TNFA,NFKBIA,False,True,9
ht29+TNFA_NFKBIE,0.029624835,0.0013421467,22.072725,0.9909907,0.053222857,0.8270307128245803,0.13776095475092437,0.9929811603550769,0.9996598035736891,0.9933190839576257,2304,1788,0.002062183106318116,0.010646958835422993,0.1936875283718109,-0.8286513686180115,0.9997329115867615,-1.0,1.0,0.8560778507715756,0.999244598470017,0.8567250221640931,3.0,0.0,ht29+TNFA_NFKBIE,ht29+TNFA,NFKBIE,False,True,9
ht29+TNFA_NKX3-1,0.02984165,0.0008464327,35.255787,0.99097097,0.010470955,0.8237707248917027,0.06701310745625748,0.9929666628409004,0.9997854648022979,0.9931797348516705,2199,1871,0.019837917760014534,0.022588064894080162,0.8782477974891663,,,,,,,,1.0,0.0,ht29+TNFA_NKX3-1,ht29+TNFA,NKX3-1,False,True,9
ht29+TNFA_PDCD5,0.034424495,0.0020885307,16.482637,0.98985213,-0.04231731,0.7983119129071601,0.06954808597702235,0.9920319210381745,0.9994741089896481,0.9925538962094809,2171,1832,0.007509192451834679,0.008239971473813057,0.9113129377365112,0.09864911437034607,0.43989014625549316,0.15357142857142855,0.4535714285714285,0.7217904777379882,0.970275172912265,0.743902861671237,12.0,3.0,ht29+TNFA_PDCD5,ht29+TNFA,PDCD5,False,True,9
ht29+TNFA_PIK3CA,0.029548349,0.0024546348,12.037778,0.9909371,0.12589507,0.8183342807804396,0.16021345995726854,0.9929012403319503,0.9993846807082414,0.9935125677815109,2275,1700,0.02700292319059372,0.02327628619968891,1.1601043939590454,0.3245741128921509,0.15507282316684723,0.5884403986489225,0.10076923076923076,0.49577978430832514,0.48581032659080736,1.020521296423398,14.0,11.0,ht29+TNFA_PIK3CA,ht29+TNFA,PIK3CA,False,True,9
ht29+TNFA_PTGS2,0.029280066,0.0009105137,32.157745,0.9909942,0.044654585,0.814907147072443,0.09561641503340745,0.9929670005916117,0.9997698494830777,0.9931955850689203,2251,1808,,,,,,,,,,,,,ht29+TNFA_PTGS2,ht29+TNFA,PTGS2,False,True,9
ht29+TNFA_RELB,0.026402572,0.0015688969,16.828749,0.9921179,0.35155463,0.8147522562035447,0.1686636873381327,0.9938484796095259,0.9996073732233386,0.9942388444022352,2261,1763,0.000664838997181505,0.006569981575012207,0.10119343549013138,0.7235740423202515,0.8342268466949463,0.7999999999999999,1.0,0.9372632392895166,0.9099562568905415,1.0300091154846138,4.0,0.0,ht29+TNFA_RELB,ht29+TNFA,RELB,False,True,9
ht29+TNFA_REPIN1,0.028669626,0.0007457367,38.444702,0.9912442,0.083933204,0.8224490055208489,0.11136247734865788,0.993179399123845,0.9998111526568528,0.993366993841402,2237,1881,,,,,,,,,,,,,ht29+TNFA_REPIN1,ht29+TNFA,REPIN1,False,True,9
ht29+TNFA_SOX4,0.029848676,0.0026904384,11.094354,0.9907083,0.13707261,0.7998821202758745,0.13039273682908442,0.9926939742186246,0.9993480695824357,0.9933415637990961,2245,1748,0.019774869084358215,0.010662526823580265,1.8546137809753418,0.8098673820495605,-0.6874909996986389,0.33949201745526636,0.09769230769230769,0.8731129192020017,0.966305445334434,0.9035579002660192,18.0,7.0,ht29+TNFA_SOX4,ht29+TNFA,SOX4,False,True,9
ht29+TNFA_SOX9,0.031151632,0.0073569426,4.234318,0.9898633,0.19247001,0.7905500218577264,0.23298879288316937,0.991982577834444,0.9982541701412844,0.9937174394112946,2383,1540,0.03722720593214035,0.03647715970873833,1.0205620527267456,0.5370669364929199,-0.3417104184627533,0.5017350353902403,-0.30769230769230765,0.8472469577903543,0.8838932718951074,0.958539887936717,19.0,6.0,ht29+TNFA_SOX9,ht29+TNFA,SOX9,False,True,9
ht29+TNFA_TNFRSF1A,0.019755263,0.016244441,1.2161245,0.9945308,0.7215775,0.758260464427263,0.43172338823900236,0.9955729183039208,0.9960080187814879,0.9995631556479843,2561,1368,0.1494247168302536,0.5481963157653809,0.2725751996040344,0.8469971418380737,0.9257083535194397,0.7867592785471251,0.9361538461538461,0.9327364204199287,0.8885826438797672,1.0496901181271958,24.0,1.0,ht29+TNFA_TNFRSF1A,ht29+TNFA,TNFRSF1A,False,True,9
ht29+TNFA_TNFRSF1B,0.028554214,0.00090929854,31.402464,0.9913093,0.12708469,0.8262867062501076,0.1427352365362098,0.9932280858578105,0.9997703592614835,0.9934562238787459,2264,1819,0.0010868147946894169,0.013827424496412277,0.0785984992980957,,,,,,,,1.0,0.0,ht29+TNFA_TNFRSF1B,ht29+TNFA,TNFRSF1B,False,True,9
ht29+TNFA_TRAF1,0.029440774,0.0017301105,17.0167,0.9908654,0.09085578,0.8133730734206128,0.1462834665902491,0.9928480002065209,0.9995793455343044,0.9932658219101301,2273,1718,0.03275388851761818,0.015441237948834896,2.1211957931518555,0.925731897354126,-0.6742290258407593,0.4603243094709853,-0.22692307692307692,0.9446580024245602,0.9557247819633177,0.9884205372219989,18.0,7.0,ht29+TNFA_TRAF1,ht29+TNFA,TRAF1,False,True,9
ht29+TNFA_TRAF2,0.036129937,0.0040305755,8.963964,0.9887017,-0.15576988,0.8187165808901203,0.06116898475915281,0.9911521301466085,0.9989815979033627,0.9921625505683123,2184,1800,0.03823990374803543,0.02743854746222496,1.3936562538146973,0.31848782300949097,0.3203935921192169,0.4738461538461538,0.3923076923076923,0.5451530992336475,0.5459451229583924,0.9985492612875576,15.0,10.0,ht29+TNFA_TRAF2,ht29+TNFA,TRAF2,False,True,9
ht29+TNFA_TRAF3,0.034786943,0.0029463577,11.806762,0.9891043,-0.22040038,0.8342527215901853,-0.0025884203138733055,0.9915192128423735,0.9992556221444342,0.992257827596248,2113,1968,0.07751280814409256,0.12967996299266815,0.5977238416671753,0.979498028755188,0.6925154328346252,0.2447552447552448,0.034965034965034975,0.9808435636595609,0.9919178397250557,0.9888354905799815,9.0,3.0,ht29+TNFA_TRAF3,ht29+TNFA,TRAF3,False,True,9
ht29+TNFA_ZFP36L1,0.025420083,0.0052076783,4.88127,0.9919588,0.32993183,0.8254960254979241,0.19475810231584298,0.993725383425923,0.9986904763926605,0.9950283966012454,2321,1690,0.012729045003652573,0.018513290211558342,0.6875625252723694,0.9252573847770691,0.8704007267951965,0.33564290161110233,0.26384615384615384,0.8914198913055025,0.617325737632643,1.4440024722182683,16.0,9.0,ht29+TNFA_ZFP36L1,ht29+TNFA,ZFP36L1,False,True,9
ht29+TNFA_ZNF22,0.029971253,0.0008176598,36.65492,0.99078906,0.027727826,0.8156362731414077,0.06464893302808325,0.992813616074196,0.9997943457717146,0.9930178343906013,2214,1877,,,,,,,,,,,,,ht29+TNFA_ZNF22,ht29+TNFA,ZNF22,False,True,9
ht29+TNFA_ZNF267,0.031729896,0.0028671774,11.066597,0.9901324,0.12698802,0.7848088759825365,0.16908245815619952,0.9921849811763988,0.9993080371295779,0.9928720117436066,2326,1620,0.04101961478590965,0.028637057170271873,1.4323962926864624,0.2578863799571991,-0.32719311118125916,0.6018736495940017,-0.18615384615384614,0.4375542836871017,0.6389901962420755,0.6847589935813949,21.0,4.0,ht29+TNFA_ZNF267,ht29+TNFA,ZNF267,False,True,9
k562+IFNG_HLA-DQB1,0.007076082,0.011637826,0.60802436,0.99728143,0.59271765,0.876666410024642,0.5101302335212151,0.9978213442786841,0.9969632731727223,1.0008606847704942,2435,963,0.08105762302875519,0.2938481867313385,0.2758486270904541,0.8622839450836182,0.8784544467926025,0.8999999999999998,0.7,0.9274272973113206,0.9133315029623458,1.0154333824063395,5.0,0.0,k562+IFNG_HLA-DQB1,k562+IFNG,HLA-DQB1,True,False,9
k562+IFNG_IRF5,0.012026557,0.0070661698,1.701991,0.9971748,0.5520121,0.8460622805555095,0.439339013693829,0.9975697672012228,0.998035253617214,0.9995335972208356,2371,1100,0.024512797594070435,0.16461944580078125,0.14890584349632263,,,,,,,,1.0,0.0,k562+IFNG_IRF5,k562+IFNG,IRF5,True,False,9
k562+IFNG_PPARG,0.05176465,0.095180966,0.5438551,0.9878549,0.74613273,0.8177741963778761,0.7032593886635751,0.9894224708773237,0.9824149463842706,1.0071329579408823,2632,651,0.28767481446266174,0.6493979096412659,0.44298696517944336,0.9257739782333374,0.5205080509185791,0.8756350933136914,0.5838461538461539,0.9249773798837099,0.8944672871979792,1.0341097915177055,25.0,0.0,k562+IFNG_PPARG,k562+IFNG,PPARG,True,False,9
k562+IFNG_ZC3H3,0.031104812,0.03448216,0.90205526,0.99283695,0.36635703,0.8622141508470931,0.21540611666754422,0.993736321603608,0.9922489025469987,1.0014990382481566,1839,1512,0.2237701267004013,0.3480975329875946,0.6428374648094177,0.738111674785614,0.11416007578372955,0.7430769230769232,0.012307692307692308,0.9559852149261436,0.9623296361578089,0.9934072265954564,22.0,3.0,k562+IFNG_ZC3H3,k562+IFNG,ZC3H3,True,False,9
k562+TGFB_RBL1,0.01924519,0.059767652,0.32200012,0.9925516,0.7972766,0.8110966373334301,0.724875020903559,0.9937658867866875,0.9871919863168599,1.0066591914854925,2590,493,0.21300706267356873,0.7485164403915405,0.2845723330974579,0.9642972350120544,0.7174310088157654,0.8369230769230769,0.44230769230769235,0.9550565002363355,0.9005783511323123,1.06049240361544,25.0,0.0,k562+TGFB_RBL1,k562+TGFB,RBL1,True,False,9
k562+TGFB_RELA,0.008802734,0.007251283,1.2139554,0.997105,0.503862,0.873567593408901,0.40772091812292305,0.9976980795595293,0.9978579833944339,0.9998397529131744,2215,1036,,,,,,,,,,,,,k562+TGFB_RELA,k562+TGFB,RELA,True,False,9
k562+TNFA_ARID5B,0.005987797,0.0053742332,1.1141677,0.997805,0.38358855,0.8873461163676964,0.3141249525070192,0.9982812787148481,0.9985257568800073,0.9997551608824562,2467,1426,0.01504764799028635,0.036499809473752975,0.41226649284362793,0.8072186708450317,0.46131572127342224,0.6843727970923623,0.3569230769230769,0.9188112537172983,0.9270025909732973,0.991163630678315,24.0,1.0,k562+TNFA_ARID5B,k562+TNFA,ARID5B,True,False,9
mcf7+IFNG_IRF5,0.0062760534,0.0027855672,2.2530613,0.9985448,0.3962849,0.8357330391104855,0.2988583552094399,0.9987632463421615,0.9992703197350886,0.9994925563354453,2241,1397,,,,,,,,,,,,,mcf7+IFNG_IRF5,mcf7+IFNG,IRF5,True,False,9
mcf7+IFNG_PPARG,0.009736375,0.017559292,0.5544856,0.9967819,0.59802526,0.8411529933458706,0.5392109216256612,0.9973713666620948,0.9961614542867543,1.0012145745753702,2514,927,0.09206657111644745,0.20510078966617584,0.448884516954422,0.9314397573471069,0.8801213502883911,0.8563185386332293,0.7692307692307693,0.958352462199582,0.9586768700542116,0.9996616087601954,23.0,2.0,mcf7+IFNG_PPARG,mcf7+IFNG,PPARG,True,False,9
mcf7+IFNG_SOX2,0.06374864,0.071655594,0.8896534,0.98753065,0.34942806,0.8289845867580198,0.28515879585352133,0.9890629974045357,0.9868864313018134,1.0022054879200752,2033,1324,0.6257205009460449,0.7630620002746582,0.8200126886367798,0.9604918956756592,0.08093243837356567,0.7154701564394665,-0.11384615384615385,0.9137876022503039,0.8917373346142748,1.02472731238237,21.0,4.0,mcf7+IFNG_SOX2,mcf7+IFNG,SOX2,True,False,9
mcf7+IFNG_ZC3H3,0.0047484003,0.0052213906,0.909413,0.9984891,0.4080291,0.8812839097997069,0.2924368985428768,0.9987414895522945,0.9987094385193261,1.0000320924502484,2131,1389,,,,,,,,,,,,,mcf7+IFNG_ZC3H3,mcf7+IFNG,ZC3H3,True,False,9
mcf7+TGFB_RBL1,0.009803774,0.019587459,0.5005128,0.99669635,0.68206257,0.8001006676089445,0.5830989375436277,0.9973209283500191,0.9954246173919141,1.0019050271863614,2297,681,,,,,,,,,,,,,mcf7+TGFB_RBL1,mcf7+TGFB,RBL1,True,False,9
mcf7+TGFB_RELA,0.005089022,0.007846214,0.6485959,0.998304,0.611265,0.8556778651401078,0.4342955943368529,0.9986274137139896,0.9979554719816525,1.00067331835057,2073,995,0.21602274477481842,0.5779908895492554,0.37374767661094666,,,,,,,,1.0,0.0,mcf7+TGFB_RELA,mcf7+TGFB,RELA,True,False,9
mcf7+TNFA_ARID5B,0.0040379856,0.008507069,0.47466236,0.99863255,0.6928186,0.8747642732955608,0.4280310331208891,0.998909170340864,0.9978287299353947,1.001082791438105,2466,1352,0.05841047689318657,0.2629472315311432,0.22213764488697052,0.9755172729492188,0.8857966065406799,0.9382573745401825,0.8884615384615385,0.9783609987190124,0.9727485218033194,1.0057697100431346,25.0,0.0,mcf7+TNFA_ARID5B,mcf7+TNFA,ARID5B,True,False,9
mcf7+TNFA_CASP3,0.010901021,0.011746705,0.9280067,0.9964987,0.45054942,0.8320334385487769,0.43694293650019356,0.9971826370651542,0.9971326832082931,1.0000500975022706,2632,1161,0.08717573434114456,0.2264770120382309,0.3849208950996399,0.9372476935386658,0.8579113483428955,0.7982304436944971,0.4623076923076923,0.9653505589699308,0.962154650522726,1.0033216161720662,25.0,0.0,mcf7+TNFA_CASP3,mcf7+TNFA,CASP3,True,False,9
mcf7+TNFA_CSF2,0.002398209,0.003127483,0.76681757,0.9991976,0.6503154,0.8913608511784245,0.3923946588703709,0.9993650395915102,0.9991701316127091,1.0001950698611122,2518,1431,0.00885819736868143,0.17134493589401245,0.05169804021716118,0.9649800062179565,0.9691336154937744,0.9761904761904763,0.9761904761904763,0.9881484930899346,0.984962463686751,1.003234670884064,8.0,0.0,mcf7+TNFA_CSF2,mcf7+TNFA,CSF2,True,False,9
mcf7+TNFA_IKBKE,0.008748162,0.00469825,1.8620043,0.99721897,0.050181568,0.882374147263421,0.2288756167551677,0.9977564371142714,0.9987460232583691,0.9990091713798577,2328,1556,0.014037787914276123,0.024599408730864525,0.5706555247306824,0.8380904793739319,-0.31393924355506897,0.7857142857142859,-0.28571428571428575,0.9655477581113915,0.952834719553977,1.0133423334567042,7.0,0.0,mcf7+TNFA_IKBKE,mcf7+TNFA,IKBKE,True,False,9
mcf7+TNFA_MAPK9,0.0019735114,0.0030152022,0.6545204,0.99932945,0.65835416,0.9050491005917154,0.3917111293428326,0.9994723157003711,0.9992058860102931,1.0002666414337706,2539,1403,0.013630585744976997,0.13647599518299103,0.09987533837556839,0.9795101881027222,0.9554806351661682,0.9395604395604396,0.9560439560439561,0.9875311844055604,0.9850185578009839,1.0025508418949851,13.0,0.0,mcf7+TNFA_MAPK9,mcf7+TNFA,MAPK9,True,False,9
