,MSEPred_all,MSECtrl_all,NormMSE_all,Pearson_all,NormPearson_all,Spearman_all,NormSpearman_all,PredCosine_all,CtrlCosine_all,NormCosine_all,SameDirect_all,DiffDirect_all,MSEPred_degs,MSECtrl_degs,NormMSE_degs,Pearson_degs,NormPearson_degs,Spearman_degs,NormSpearman_degs,PredCosine_degs,CtrlCosine_degs,NormCosine_degs,SameDirect_degs,DiffDirect_degs,cov_pert,covariate,perturbation,cov_seen,pert_seen,split
a549+IFNB_PARP12,0.055927757,0.38963637,0.14353834,0.9894647,0.9396819,0.7359781515174472,0.8157796831977996,0.9915646896796776,0.9054856030010434,1.095064003660956,3465,818,0.8161163926124573,0.13983164727687836,5.836421012878418,,,,,,,,0.0,1.0,a549+IFNB_PARP12,a549+IFNB,PARP12,True,False,0
a549+IFNG_ATF3,0.40212277,0.37834975,1.0628334,0.86687136,-0.009967912,0.7945657814151754,0.020532825686311398,0.8991517930855508,0.9055899292645883,0.9928906716263224,2144,1995,,,,,,,,,,,,,a549+IFNG_ATF3,a549+IFNG,ATF3,False,True,0
a549+IFNG_ATF5,0.40586975,0.37881568,1.0714175,0.862287,-0.020816907,0.7841453818872564,0.0480535260742986,0.894832889387295,0.902189447372282,0.9918458833602923,2234,1894,,,,,,,,,,,,,a549+IFNG_ATF5,a549+IFNG,ATF5,False,True,0
a549+IFNG_BATF2,0.39777252,0.37890044,1.0498075,0.8699188,0.034785565,0.8058791215581996,0.05135913185453471,0.9016058155710391,0.9064374480337939,0.9946696460155796,2212,1917,,,,,,,,,,,,,a549+IFNG_BATF2,a549+IFNG,BATF2,False,True,0
a549+IFNG_CEBPB,0.39652336,0.3733034,1.0622013,0.8638962,-0.0065246643,0.7826573668003929,0.08515067871854344,0.8955299955530022,0.9018896405432172,0.9929485330529082,2274,1840,0.4291890859603882,0.49580180644989014,0.865646481513977,0.04328464716672897,0.3319646716117859,0.13846153846153847,0.18769230769230769,0.6141298226263461,0.6151982740653326,0.998263240512809,14.0,11.0,a549+IFNG_CEBPB,a549+IFNG,CEBPB,False,True,0
a549+IFNG_CEBPE,0.40661228,0.37674636,1.0792732,0.8633884,-0.020808483,0.7866531558390651,0.06527358063513367,0.895808931930266,0.9036404001270509,0.9913334240083955,2278,1838,,,,,,,,,,,,,a549+IFNG_CEBPE,a549+IFNG,CEBPE,False,True,0
a549+IFNG_CLK1,0.3522881,0.3805197,0.92580783,0.8420421,0.20138913,0.7325738532058085,0.31388223068341614,0.874322068169691,0.8794117403001471,0.994212412801404,2682,1362,1.368841290473938,1.6935871839523315,0.8082496523857117,0.23919901251792908,0.28008949756622314,0.27466821050499807,0.27999999999999997,0.6928718337089963,0.7457938357272161,0.9290393678748817,17.0,8.0,a549+IFNG_CLK1,a549+IFNG,CLK1,False,True,0
a549+IFNG_CUL1,0.43486163,0.36425987,1.1938225,0.85714734,-0.082048625,0.744441763932763,0.12633736965578238,0.8903707663533924,0.9049914976736011,0.9838443439990395,2444,1695,0.9489811658859253,0.7846919894218445,1.2093677520751953,0.7180068492889404,0.46820124983787537,0.26593406593406593,0.2175824175824176,0.8073680618217483,0.8268344116248973,0.9764567735335377,3.0,11.0,a549+IFNG_CUL1,a549+IFNG,CUL1,False,True,0
a549+IFNG_EHF,0.3958429,0.3675698,1.076919,0.86384857,-0.027527258,0.7670970104927289,0.04256788984602999,0.8956447624305788,0.9035033001857437,0.9913021482560724,2212,1898,,,,,,,,,,,,,a549+IFNG_EHF,a549+IFNG,EHF,False,True,0
a549+IFNG_ETV7,0.41102988,0.38101158,1.0787858,0.8652686,-0.041548144,0.7933814026371441,0.0207751246289677,0.8980200898547572,0.9059312545061337,0.9912673675711859,2184,1962,0.10510585457086563,0.0025910267140716314,40.565330505371094,,,,,,,,1.0,0.0,a549+IFNG_ETV7,a549+IFNG,ETV7,False,True,0
a549+IFNG_FBXO6,0.42600664,0.38472456,1.107303,0.858109,-0.054272573,0.7631166575708583,0.09540469846114356,0.8913705953910952,0.9017045832131348,0.9885394972872207,2343,1767,,,,,,,,,,,,,a549+IFNG_FBXO6,a549+IFNG,FBXO6,False,True,0
a549+IFNG_FMNL2,0.40575466,0.3768493,1.0767027,0.86307406,-0.014812921,0.7649834266839282,0.0718590173847506,0.8951373617785918,0.9027555374072532,0.991561197563472,2265,1846,,,,,,,,,,,,,a549+IFNG_FMNL2,a549+IFNG,FMNL2,False,True,0
a549+IFNG_FOXN3,0.43374434,0.37406075,1.1595559,0.8580251,-0.19628441,0.785111714203696,-0.06997159980821946,0.8927052175038636,0.9081850121532011,0.9829552410112596,2027,2103,,,,,,,,,,,,,a549+IFNG_FOXN3,a549+IFNG,FOXN3,False,False,0
a549+IFNG_GUK1,0.40934134,0.38085815,1.0747869,0.8656181,-0.035769537,0.7896006944078098,0.03994048470065976,0.898259376845039,0.9056081820673785,0.9918852265606046,2212,1938,,,,,,,,,,,,,a549+IFNG_GUK1,a549+IFNG,GUK1,False,True,0
a549+IFNG_HLA-DQB1,0.39769015,0.36922792,1.0770859,0.86406714,-0.020153327,0.7783224998198416,0.04638976076764405,0.8958174983188525,0.9036576268628325,0.9913240055625956,2215,1898,0.18361623585224152,0.09525658190250397,1.9275963306427002,-0.3245258331298828,-0.684028148651123,-0.3,-0.3,0.5666591992772724,0.6762038507985569,0.8380005505855685,2.0,3.0,a549+IFNG_HLA-DQB1,a549+IFNG,HLA-DQB1,False,True,0
a549+IFNG_HLX,0.37297794,0.36698166,1.0163394,0.85347164,0.11994127,0.7300275516227314,0.27269685536062305,0.8842848237987403,0.8912690550585384,0.9921637229295037,2629,1444,0.4659918546676636,0.5357548594474792,0.8697856068611145,0.011662639677524567,0.0043768808245658875,0.1386379421980568,0.03153846153846154,0.4628805241671493,0.619846320000103,0.7467665923499754,18.0,7.0,a549+IFNG_HLX,a549+IFNG,HLX,False,True,0
a549+IFNG_IFI16,0.33994746,0.46335372,0.73366725,0.84148663,0.5008023,0.7315283220889464,0.41638891111986476,0.8717775562633422,0.8507066174753941,1.0247687491258495,2499,1284,1.0427772998809814,1.4265576601028442,0.7309744954109192,0.38217970728874207,0.4532484710216522,0.4104036721193767,0.5346153846153846,0.7161444222182142,0.7341848433707162,0.9754279575295008,19.0,6.0,a549+IFNG_IFI16,a549+IFNG,IFI16,False,True,0
a549+IFNG_IFNGR1,0.40151134,0.35843688,1.1201731,0.86851406,-0.1676241,0.7961959570459415,-0.045207809791379096,0.9005872668492284,0.9119471864139714,0.9875432264784835,2097,2036,0.8983606696128845,0.8802171945571899,1.0206124782562256,0.12104125320911407,-0.07135692983865738,0.0876923076923077,0.030769230769230767,0.8057644702469654,0.816824921436705,0.986459214331652,11.0,14.0,a549+IFNG_IFNGR1,a549+IFNG,IFNGR1,False,True,0
a549+IFNG_IFNGR2,0.39412284,0.35082138,1.1234288,0.8723055,-0.17164525,0.806452319927382,-0.07683850053733686,0.9040838641498048,0.915770929597554,0.9872380034460307,2055,2146,1.3272008895874023,1.2838525772094727,1.0337642431259155,0.6197972893714905,-0.42286416888237,0.5,-0.27153846153846156,0.848372704730406,0.8631987419826821,0.9828243062330906,15.0,10.0,a549+IFNG_IFNGR2,a549+IFNG,IFNGR2,False,True,0
a549+IFNG_IRF1,0.40477774,0.3789419,1.0681789,0.8687874,-0.032352675,0.8189138083191401,0.015348445184768135,0.9013709264416955,0.9080582604643486,0.9926355672165424,2163,2015,,,,,,,,,,,,,a549+IFNG_IRF1,a549+IFNG,IRF1,False,True,0
a549+IFNG_IRF2,0.38821727,0.36930212,1.0512186,0.85275525,-0.010394032,0.7602326086395952,0.13884209945999518,0.8853097931341738,0.8929943081466081,0.9913946651817038,2391,1700,1.1812175512313843,1.3958665132522583,0.8462253212928772,0.5342690348625183,0.2219661921262741,0.6432006274010599,0.25,0.8109158377179154,0.8300694538051089,0.9769252849874289,16.0,9.0,a549+IFNG_IRF2,a549+IFNG,IRF2,False,True,0
a549+IFNG_IRF5,0.39968458,0.37111032,1.0769967,0.86873674,-0.0080416305,0.7891788482384191,0.08023940302525495,0.900140330970448,0.9069834421942286,0.9924550869338636,2306,1825,,,,,,,,,,,,,a549+IFNG_IRF5,a549+IFNG,IRF5,False,True,0
a549+IFNG_IRF7,0.39475957,0.3738905,1.055816,0.8669143,-0.014145088,0.7990026048394789,0.07194876271465972,0.898523955159813,0.9040613357526408,0.9938749945674672,2248,1872,0.16663436591625214,0.09082342684268951,1.8347069025039673,,,,,,,,0.0,1.0,a549+IFNG_IRF7,a549+IFNG,IRF7,False,True,0
a549+IFNG_IRF9,0.3720582,0.36943278,1.0071067,0.8514861,0.08778264,0.7565406723084079,0.19832533290411214,0.8835347861672496,0.8885151719381729,0.9943947093665725,2463,1622,0.9237968325614929,1.2693698406219482,0.7277601957321167,-0.0017168670892715454,0.5282471776008606,0.04385458823189045,0.536923076923077,0.6040279028610898,0.594987673042153,1.0151939783436426,18.0,7.0,a549+IFNG_IRF9,a549+IFNG,IRF9,False,True,0
a549+IFNG_JAK1,0.39417392,0.35661772,1.1053122,0.8715592,-0.1230469,0.8131748157543144,-0.028286409274203318,0.9031834182586091,0.9129703519063967,0.9892801188698502,2105,2050,0.23372584581375122,0.22738897800445557,1.0278679132461548,0.36472657322883606,-0.48372384905815125,0.14285714285714288,-0.3714285714285715,0.7079639299448678,0.7566604551422502,0.9356428304579131,4.0,2.0,a549+IFNG_JAK1,a549+IFNG,JAK1,False,True,0
a549+IFNG_JAK2,0.40031454,0.3548957,1.127978,0.8711349,-0.18543133,0.8160839281021666,-0.053604493406798806,0.9032761260842462,0.9150925887687509,0.9870871397828677,2136,2056,1.0251482725143433,0.9623963236808777,1.0652039051055908,0.4435778260231018,-0.14563623070716858,0.48260869565217385,-0.20434782608695648,0.6770928599780595,0.7078177493194213,0.9565920897421626,10.0,14.0,a549+IFNG_JAK2,a549+IFNG,JAK2,False,True,0
a549+IFNG_JUN,0.41338056,0.37731642,1.0955807,0.8602246,-0.12280041,0.7932099649888632,-0.026344009715910208,0.8935789577846025,0.9033296616461657,0.9892058190098683,2100,2018,0.41451239585876465,0.2758396863937378,1.5027294158935547,,,,,,,,0.0,1.0,a549+IFNG_JUN,a549+IFNG,JUN,False,True,0
a549+IFNG_KIN,0.40195224,0.36423218,1.1035604,0.86081785,0.043279495,0.7339133394383224,0.2094692611035294,0.8920673576844363,0.9002665736750499,0.9908924576004828,2544,1563,0.4324283301830292,0.7937827110290527,0.5447691679000854,0.3083108961582184,0.6553254127502441,0.2965955046209433,0.586923076923077,0.6546149856559926,0.6442292096081138,1.0161212436396614,16.0,9.0,a549+IFNG_KIN,a549+IFNG,KIN,False,True,0
a549+IFNG_KLF4,0.41466329,0.36993504,1.1209084,0.8488301,-0.15108272,0.7718279464269037,-0.08408730140746365,0.883317340739513,0.8962596901176965,0.9855595989411463,1972,2128,0.8052794337272644,0.7305130958557129,1.102347731590271,0.4496327042579651,0.13206112384796143,0.5470588235294118,0.16764705882352943,0.7569814484031232,0.6999108711980387,1.0815397782111837,10.0,6.0,a549+IFNG_KLF4,a549+IFNG,KLF4,False,False,0
a549+IFNG_MAFB,0.40035588,0.37292582,1.0735537,0.8666427,-0.007888575,0.7807150971884581,0.06042663620872949,0.8984269227355616,0.9055213436511996,0.9921653741622122,2242,1878,,,,,,,,,,,,,a549+IFNG_MAFB,a549+IFNG,MAFB,False,True,0
a549+IFNG_MAFF,0.39827818,0.3726957,1.0686417,0.8657743,0.0029644906,0.7828840363946792,0.07381272616240907,0.8975062619203816,0.9042370206955826,0.9925564220208288,2272,1849,,,,,,,,,,,,,a549+IFNG_MAFF,a549+IFNG,MAFF,False,True,0
a549+IFNG_MCRS1,0.37376016,0.37316358,1.0015987,0.84787554,0.16436574,0.713244469152876,0.3308886860911054,0.879707930542302,0.886711329564638,0.9921018275183485,2747,1337,0.6780234575271606,1.2619744539260864,0.5372719168663025,0.4487227201461792,0.670066773891449,0.24153846153846154,0.6646153846153847,0.6994978415776727,0.7060104353464326,0.990775499280596,18.0,7.0,a549+IFNG_MCRS1,a549+IFNG,MCRS1,False,True,0
a549+IFNG_MYC,0.41265726,0.38381743,1.0751394,0.86293113,-0.07747902,0.8027301532970904,0.004820276671582339,0.8961396720289226,0.9037621594573187,0.9915658258662067,2133,2010,,,,,,,,,,,,,a549+IFNG_MYC,a549+IFNG,MYC,False,True,0
a549+IFNG_NFKB1,0.41779062,0.37869278,1.1032442,0.86060965,-0.08458085,0.7889150808199761,0.07706281935420588,0.893646415602995,0.9031322475764471,0.9894967409270267,2297,1816,0.017072923481464386,0.007118873298168182,2.3982620239257812,,,,,,,,0.0,1.0,a549+IFNG_NFKB1,a549+IFNG,NFKB1,False,True,0
a549+IFNG_PARP12,0.45346332,0.38075727,1.1909511,0.8634403,-0.049691696,0.7575605546854121,0.11254450116711225,0.8957747734997108,0.9070978066225267,0.9875172963266488,2395,1746,0.4628233313560486,0.09676096588373184,4.783161640167236,,,,,,,,0.0,1.0,a549+IFNG_PARP12,a549+IFNG,PARP12,False,False,0
a549+IFNG_PIK3CA,0.43348056,0.38460326,1.127085,0.8559119,-0.16509603,0.7968399083569294,-0.021256542788273353,0.8906582803297204,0.9034316550214616,0.985861271717961,2166,1980,,,,,,,,,,,,,a549+IFNG_PIK3CA,a549+IFNG,PIK3CA,False,True,0
a549+IFNG_PLEK,0.41134757,0.38104615,1.0795217,0.8635649,-0.029948827,0.782202559072477,0.047415136991733255,0.8961244839258549,0.9040952600344976,0.9911836988191504,2218,1905,,,,,,,,,,,,,a549+IFNG_PLEK,a549+IFNG,PLEK,False,True,0
a549+IFNG_PPARG,0.3672856,0.37475446,0.98007,0.8484697,0.1595633,0.7221937084602841,0.30989684900883613,0.8802513248343324,0.8857036508906272,0.9938440740863921,2661,1393,1.064713716506958,1.4894541501998901,0.7148348093032837,0.2210182398557663,0.2602742314338684,0.18398773735104001,0.2676923076923077,0.5902885467649488,0.6722578235998972,0.878068690378331,22.0,3.0,a549+IFNG_PPARG,a549+IFNG,PPARG,False,True,0
a549+IFNG_PRDM1,0.4059157,0.37825385,1.0731304,0.8674202,-0.0071381177,0.7871168948153409,0.03275699897498289,0.8997311002268341,0.906972698537281,0.9920156380427705,2181,1974,0.11281848698854446,0.129644975066185,0.8702110052108765,,,,,,,,1.0,0.0,a549+IFNG_PRDM1,a549+IFNG,PRDM1,False,True,0
a549+IFNG_PTGES3,0.37501037,0.35191688,1.065622,0.86231977,0.036096834,0.7476727180443026,0.1738786590708579,0.8928931103983359,0.9007628654701608,0.9912632332287397,2450,1646,0.5378015637397766,0.5479322671890259,0.9815110564231873,0.15731258690357208,0.11065611243247986,0.2692307692307692,-0.22230769230769232,0.5721254776943651,0.6688520561998599,0.8553841950414938,9.0,16.0,a549+IFNG_PTGES3,a549+IFNG,PTGES3,False,True,0
a549+IFNG_PTPN11,0.40598008,0.37881613,1.0717075,0.8693045,-0.023708291,0.8078508056410474,0.014299256074546867,0.9015046886491088,0.9087770530734982,0.9919976363841999,2189,1965,,,,,,,,,,,,,a549+IFNG_PTPN11,a549+IFNG,PTPN11,False,True,0
a549+IFNG_RARRES3,0.36791527,0.36702687,1.0024205,0.85484,0.09761478,0.7467437086783396,0.20661032335454022,0.8860324207213798,0.8902430845356458,0.9952702089042765,2498,1593,0.7713178396224976,0.8367807865142822,0.9217681288719177,0.33427342772483826,0.06655029207468033,0.1946153846153846,0.17384615384615384,0.6148520375500695,0.6677669166491359,0.9207584596065435,16.0,9.0,a549+IFNG_RARRES3,a549+IFNG,RARRES3,False,True,0
a549+IFNG_RFX5,0.39554405,0.36856848,1.0731901,0.8613841,-0.015805975,0.7719084623000864,0.07262548203456164,0.8934629182254402,0.9012662025251043,0.9913418651694679,2269,1837,0.40481239557266235,0.27257850766181946,1.4851222038269043,-0.05509386211633682,-0.3974924087524414,-0.2622549019607843,-0.44852941176470595,0.548348754533424,0.5831391584933273,0.9403394482205719,4.0,13.0,a549+IFNG_RFX5,a549+IFNG,RFX5,False,True,0
a549+IFNG_RNF14,0.39407566,0.37230167,1.0584848,0.8673612,-0.012434635,0.7935898722039075,-0.001802399139534853,0.8990238872835856,0.9049438843684583,0.9934581611223284,2043,2088,,,,,,,,,,,,,a549+IFNG_RNF14,a549+IFNG,RNF14,False,False,0
a549+IFNG_RUNX1,0.40485224,0.37702733,1.0738008,0.86807173,-0.07863535,0.8185103604490434,-0.06462710373190603,0.9009376044791363,0.9086415594084333,0.9915214587649803,1999,2172,,,,,,,,,,,,,a549+IFNG_RUNX1,a549+IFNG,RUNX1,False,False,0
a549+IFNG_SOX2,0.30581528,0.43762505,0.6988066,0.8287201,0.46156162,0.6858877892291725,0.4817826937276501,0.8602360243975866,0.8629189868461561,0.996890829278916,2850,1077,0.7010587453842163,1.6739106178283691,0.41881492733955383,-0.0048182252794504166,0.7503706812858582,-0.0357860183468435,0.6823076923076923,0.5229605020994644,0.5649626880780284,0.9256549381668848,25.0,0.0,a549+IFNG_SOX2,a549+IFNG,SOX2,False,True,0
a549+IFNG_SP100,0.40273768,0.38106292,1.0568798,0.86620325,0.017334854,0.8067468849936013,0.04965526592018631,0.8985232597001687,0.9042218242455636,0.9936978245906091,2216,1910,0.40935206413269043,0.010095767676830292,40.546897888183594,,,,,,,,1.0,0.0,a549+IFNG_SP100,a549+IFNG,SP100,False,True,0
a549+IFNG_SP110,0.38618815,0.369348,1.0455943,0.86150086,0.05775193,0.7725024857243313,0.15651507756069313,0.8927758055337026,0.8982931111894047,0.9938580118371422,2407,1683,0.5709066390991211,0.73209547996521,0.7798253893852234,0.6155338287353516,0.36018139123916626,0.27307692307692305,0.3738461538461539,0.8144546118979878,0.8080836270180869,1.0078840662858255,16.0,9.0,a549+IFNG_SP110,a549+IFNG,SP110,False,True,0
a549+IFNG_SRC,0.41158223,0.3799623,1.0832186,0.8667096,-0.033632904,0.7895965488084484,0.03637029235653171,0.8992462355299549,0.9072691097455896,0.9911571174093159,2211,1944,,,,,,,,,,,,,a549+IFNG_SRC,a549+IFNG,SRC,False,True,0
a549+IFNG_STAT1,0.39602605,0.36151776,1.095454,0.8707963,-0.09453208,0.8088173892037693,-0.012598610039030457,0.902457854295098,0.9114530124776422,0.9901309688383252,2125,2026,0.32929012179374695,0.25718945264816284,1.2803406715393066,0.21424943208694458,-0.4216036796569824,0.11538461538461539,-0.15384615384615383,0.6026194926789893,0.5921146322933806,1.017741261256999,5.0,8.0,a549+IFNG_STAT1,a549+IFNG,STAT1,False,True,0
a549+IFNG_STAT2,0.38110813,0.3578879,1.0648813,0.8571202,-0.04385385,0.7731097976907496,0.12726011996996434,0.8890578875654527,0.8977371989670504,0.9903320131865047,2370,1713,0.15706521272659302,0.15507590770721436,1.01282799243927,0.8539054989814758,0.2574349045753479,0.66,-0.023076923076923078,0.9150464502049221,0.8979798947065044,1.019005498451606,10.0,15.0,a549+IFNG_STAT2,a549+IFNG,STAT2,False,True,0
a549+IFNG_STAT3,0.3935204,0.37642646,1.0454111,0.8680202,0.04625114,0.7974391434575014,0.06115417664601867,0.8998033808825137,0.9043474562303714,0.9949752992430597,2223,1906,,,,,,,,,,,,,a549+IFNG_STAT3,a549+IFNG,STAT3,False,True,0
a549+IFNG_TAPBPL,0.40008083,0.3723862,1.0743707,0.8540326,0.08285471,0.7135026366093948,0.2622920960751574,0.885459207305328,0.8937458253687338,0.9907282162017518,2656,1428,0.4364452362060547,0.6825487017631531,0.6394345760345459,0.2991083264350891,0.35861995816230774,0.18615384615384614,0.21000000000000002,0.7009329989898565,0.7840986965761905,0.8939346565050018,15.0,10.0,a549+IFNG_TAPBPL,a549+IFNG,TAPBPL,False,True,0
a549+IFNG_TBX21,0.4023147,0.37237352,1.0804063,0.86602986,-0.061574966,0.8039630939644374,0.03014618639131585,0.8982367499301801,0.9060060418586684,0.9914246797818813,2211,1918,,,,,,,,,,,,,a549+IFNG_TBX21,a549+IFNG,TBX21,False,False,0
a549+IFNG_TRAFD1,0.40200415,0.38241577,1.0512227,0.86754286,0.039033607,0.7964625279220201,0.05698072584203427,0.8997937835340108,0.9047801630901707,0.9944888496017315,2226,1917,,,,,,,,,,,,,a549+IFNG_TRAFD1,a549+IFNG,TRAFD1,False,True,0
a549+IFNG_TSC22D1,0.41864893,0.38060665,1.0999517,0.8625778,-0.023729026,0.7804754876935388,0.11196760699994249,0.8951319232978453,0.9037119689773817,0.990505773992077,2389,1735,,,,,,,,,,,,,a549+IFNG_TSC22D1,a549+IFNG,TSC22D1,False,True,0
a549+IFNG_ZC3H3,0.42317256,0.388835,1.0883088,0.8594376,0.0015031043,0.7710078357544714,0.11812366604702718,0.8925552350012335,0.9006526724977336,0.9910093671581033,2369,1742,2.572160005569458,3.2930092811584473,0.7810971140861511,,,,,,,,1.0,0.0,a549+IFNG_ZC3H3,a549+IFNG,ZC3H3,False,True,0
a549+IFNG_ZFP36,0.4085545,0.37580746,1.0871378,0.86231697,-0.024929069,0.7764044688207898,0.08156584405815763,0.8946909545137889,0.9031742085147206,0.9906072893568534,2312,1809,0.5051538348197937,0.5553513169288635,0.9096112847328186,0.4493231177330017,-0.3079807758331299,0.5,0.5,0.7279686554627619,0.7662217843577405,0.950075644316165,2.0,1.0,a549+IFNG_ZFP36,a549+IFNG,ZFP36,False,True,0
a549+IFNG_ZNF267,0.4056115,0.3725731,1.0886762,0.8577995,-0.05271425,0.7695111648591277,0.10692098094253578,0.8904192428093232,0.8998131904587695,0.9895601134223684,2371,1741,0.0907820463180542,0.17485861480236053,0.5191739797592163,0.9129157662391663,0.7222135663032532,0.8571428571428572,0.5476190476190477,0.9468207691410719,0.9657384374340405,0.9804111884132595,4.0,4.0,a549+IFNG_ZNF267,a549+IFNG,ZNF267,False,True,0
a549+IFNG_ZNFX1,0.39166728,0.37392876,1.0474383,0.8665055,0.05300341,0.7924575122056225,0.10406792890779551,0.8980468501351497,0.9027341371603707,0.9948076772193802,2308,1811,1.3169993162155151,0.9422665238380432,1.3976930379867554,1.0,-1.0,0.9999999999999999,-0.9999999999999999,0.9972979663384831,0.9902008557018508,1.0071673444794207,1.0,1.0,a549+IFNG_ZNFX1,a549+IFNG,ZNFX1,False,True,0
a549+INS_DR1,0.048609532,0.34298384,0.14172544,0.9845972,0.9311646,0.8349475400878964,0.8006393230888449,0.987826912492667,0.9106544484716139,1.084743959852801,3332,782,0.17694546282291412,0.6175950765609741,0.286507248878479,0.8053869009017944,0.9135619401931763,0.6000000000000001,0.8507692307692307,0.8347003060063363,0.4211235138182745,1.982079552951609,16.0,9.0,a549+INS_DR1,a549+INS,DR1,True,False,0
a549+INS_SREBF2,0.027916247,0.32195723,0.086707935,0.99156106,0.95673347,0.8733294723420286,0.8324380839303952,0.993516998299665,0.9233676353908091,1.0759712169023183,3473,743,,,,,,,,,,,,,a549+INS_SREBF2,a549+INS,SREBF2,True,False,0
a549+TGFB_PRKCA,0.04489304,0.35401738,0.12681028,0.9868313,0.9378732,0.8276040034606742,0.8306070420380576,0.9897892484739692,0.9138141018206313,1.0831407027993651,3478,755,,,,,,,,,,,,,a549+TGFB_PRKCA,a549+TGFB,PRKCA,True,False,0
bxpc3+IFNB_PARP12,0.05250227,0.35277167,0.14882791,0.9906995,0.9408571,0.8008624131412795,0.8170386629826764,0.9924515393580754,0.9148711336109534,1.0847992716098886,3285,827,0.10456336289644241,0.22614270448684692,0.46237778663635254,0.9518876671791077,0.8436508178710938,0.3571428571428571,0.8129870129870129,0.9581708646877325,0.7375775066114081,1.2990782068311415,18.0,3.0,bxpc3+IFNB_PARP12,bxpc3+IFNB,PARP12,True,False,0
bxpc3+IFNG_FOXN3,0.06583011,0.31001827,0.21234268,0.9813662,0.8913534,0.8723922588574067,0.7778301381671037,0.9859638385759183,0.9273180878883828,1.0632423237004673,3284,885,0.10470417886972427,0.24004198610782623,0.4361911118030548,0.6419866681098938,0.7497108578681946,0.4280701754385965,0.736842105263158,0.7283999364615756,0.3140106387919981,2.3196664267928537,15.0,4.0,bxpc3+IFNG_FOXN3,bxpc3+IFNG,FOXN3,True,False,0
bxpc3+IFNG_KLF4,0.076496236,0.30066913,0.25441998,0.975668,0.87071866,0.8555713142235336,0.6959219457095502,0.9806919056845266,0.9177542688706266,1.0685778742182808,3019,1023,0.1204092875123024,0.8466309905052185,0.14222168922424316,0.42151206731796265,0.9660273790359497,0.3451763180155666,0.9469230769230769,0.8529224590832538,0.757678083558859,1.1257055965998466,17.0,8.0,bxpc3+IFNG_KLF4,bxpc3+IFNG,KLF4,True,False,0
bxpc3+IFNG_PARP12,0.08612701,0.31149778,0.2764932,0.98794734,0.89235455,0.7777046490304673,0.7420322365002173,0.9901150117622967,0.9277320698762666,1.0672424118036044,3230,974,0.3456757962703705,0.3497416079044342,0.9883748292922974,0.8217366933822632,0.41070225834846497,0.9166666666666666,0.45,0.8556644976241933,0.7654029868012989,1.1179267815508624,6.0,3.0,bxpc3+IFNG_PARP12,bxpc3+IFNG,PARP12,True,False,0
bxpc3+IFNG_RUNX1,0.045930114,0.3055273,0.15033063,0.9861698,0.9217438,0.9043656452223219,0.8149269902989643,0.9897054485900457,0.9297321867744467,1.0645059541540305,3465,890,0.013243580237030983,0.02780650556087494,0.47627633810043335,0.9948493838310242,0.9691997170448303,0.9999999999999999,0.8999999999999998,0.9919250434117833,0.9178610565955678,1.0806919372861572,4.0,1.0,bxpc3+IFNG_RUNX1,bxpc3+IFNG,RUNX1,True,False,0
bxpc3+IFNG_TBX21,0.040140964,0.29123494,0.13783018,0.9895611,0.933181,0.896284145219986,0.8215900328107719,0.9921155141548831,0.9324081009290656,1.0640357083623835,3457,775,0.08994864672422409,0.3520493805408478,0.25550007820129395,0.9834424257278442,0.9751778841018677,0.8999999999999998,0.9999999999999999,0.9829637820407705,0.6616246079692713,1.4856820169639513,4.0,1.0,bxpc3+IFNG_TBX21,bxpc3+IFNG,TBX21,True,False,0
bxpc3+INS_IRS2,0.019353703,0.27944547,0.06925753,0.99384034,0.96548355,0.884027094931025,0.8275850700076401,0.9953018764348383,0.9307920948196992,1.0693063273465329,3436,891,0.16681800782680511,0.40955084562301636,0.40731939673423767,0.505818247795105,0.7688722014427185,0.47,0.8292307692307692,0.6790358259540564,0.43924147893582033,1.5459282843669544,18.0,7.0,bxpc3+INS_IRS2,bxpc3+INS,IRS2,True,False,0
bxpc3+INS_SREBF2,0.022292795,0.28069615,0.079419665,0.9929143,0.95970905,0.9018776810753095,0.8390739037129611,0.9946559722700964,0.9313562859554483,1.0679650604920876,3666,863,0.1484043449163437,0.11319875717163086,1.311006784439087,0.2435528188943863,0.4058983325958252,0.06666666666666667,0.48333333333333334,0.5469194415417157,0.5138038540420384,1.0644518082905774,6.0,3.0,bxpc3+INS_SREBF2,bxpc3+INS,SREBF2,True,False,0
bxpc3+TGFB_AKT1,0.3050889,0.26245287,1.1624522,0.8972408,-0.09867141,0.8258570538718925,0.05905052343328291,0.9224500166370869,0.9341975267664707,0.9874250254439815,2125,1758,,,,,,,,,,,,,bxpc3+TGFB_AKT1,bxpc3+TGFB,AKT1,False,True,0
bxpc3+TGFB_ATF2,0.28205138,0.26043248,1.0830115,0.9009637,0.052894153,0.80163990958586,0.14575995909092737,0.9237516042951582,0.9298083707479025,0.9934860056724674,2180,1622,,,,,,,,,,,,,bxpc3+TGFB_ATF2,bxpc3+TGFB,ATF2,False,True,0
bxpc3+TGFB_CHUK,0.2627398,0.24876396,1.0561812,0.9064354,0.076365985,0.8025318626941295,0.17951716220030128,0.9276230425336836,0.9316421944938745,0.9956859489791846,2200,1597,0.4116417169570923,0.5007451772689819,0.8220582604408264,0.6544045209884644,0.3356744050979614,0.6353475695878911,0.2930769230769231,0.7789296862267483,0.7589553038422032,1.0263182591694464,19.0,6.0,bxpc3+TGFB_CHUK,bxpc3+TGFB,CHUK,False,True,0
bxpc3+TGFB_CREBBP,0.2758367,0.25021517,1.102398,0.9047984,0.029435482,0.8105384091253183,0.13457510776588116,0.9272406971130004,0.934302440447949,0.992441694435088,2164,1654,0.29831546545028687,0.24547113478183746,1.2152771949768066,0.30730608105659485,-0.09436890482902527,0.5797710356524485,0.2,0.7041978556657202,0.772289212659939,0.9118317906322986,4.0,2.0,bxpc3+TGFB_CREBBP,bxpc3+TGFB,CREBBP,False,True,0
bxpc3+TGFB_CUL1,0.3021001,0.2562944,1.178723,0.8981463,0.017831244,0.7624616113005183,0.17162609632196768,0.9214673650980886,0.9310142962538965,0.9897456664261529,2305,1522,0.16487783193588257,0.3949826657772064,0.4174305498600006,0.7052186727523804,0.9857158660888672,0.5,0.5,0.8215642878869677,0.8496939119469065,0.966894403191044,2.0,1.0,bxpc3+TGFB_CUL1,bxpc3+TGFB,CUL1,False,True,0
bxpc3+TGFB_EP300,0.28530586,0.25111803,1.1361425,0.90558064,0.037473485,0.80168479135183,0.17112864364853153,0.9277154581155523,0.9350761477908931,0.9921282457126831,2236,1596,0.02598680928349495,0.10369345545768738,0.2506118416786194,0.6173820495605469,0.9641904234886169,0.6000000000000001,0.7999999999999999,0.9008337783332061,0.9034343705562508,0.9971214375855066,4.0,0.0,bxpc3+TGFB_EP300,bxpc3+TGFB,EP300,False,True,0
bxpc3+TGFB_FOS,0.28128183,0.25940016,1.0843549,0.9010547,0.016917923,0.8066628880886125,0.15444941258200626,0.9236986931479522,0.9298516956675879,0.993382813035343,2194,1614,0.23851576447486877,0.24715299904346466,0.9650530815124512,0.6500293612480164,0.01701030135154724,0.22360679774997896,0.09999999999999999,0.7987000954534849,0.7901197177206731,1.0108595919585,2.0,3.0,bxpc3+TGFB_FOS,bxpc3+TGFB,FOS,False,True,0
bxpc3+TGFB_FOXP2,0.29334506,0.26273152,1.1165203,0.9002168,0.025525954,0.8063096591904223,0.1371838086253573,0.9239443760246904,0.9319467674662857,0.9914132526438697,2159,1673,0.011590325273573399,0.014408131130039692,0.8044294714927673,,,,,,,,1.0,0.0,bxpc3+TGFB_FOXP2,bxpc3+TGFB,FOXP2,False,True,0
bxpc3+TGFB_HDAC4,0.31522945,0.27898568,1.1299126,0.88185346,-0.012071084,0.7774607390730292,0.15646814375266702,0.9075963788997145,0.9197689528248282,0.9867656177263552,2248,1525,1.0376957654953003,1.2552549839019775,0.8266812562942505,0.4460521936416626,0.09081584960222244,0.5334347935403714,0.14846153846153848,0.5803153216104151,0.584666602700831,0.9925576712090011,18.0,7.0,bxpc3+TGFB_HDAC4,bxpc3+TGFB,HDAC4,False,True,0
bxpc3+TGFB_HDAC5,0.28525007,0.2595685,1.0989394,0.9032339,0.035327084,0.8249977997960012,0.11595402993574956,0.9267309833703039,0.9339643519461766,0.9922551984336448,2158,1700,,,,,,,,,,,,,bxpc3+TGFB_HDAC5,bxpc3+TGFB,HDAC5,False,True,0
bxpc3+TGFB_HRAS,0.28009835,0.25433514,1.1012963,0.90618396,0.04160509,0.828598700188045,0.11933171507419597,0.929501311378248,0.936886472285199,0.9921173363844847,2250,1724,,,,,,,,,,,,,bxpc3+TGFB_HRAS,bxpc3+TGFB,HRAS,False,True,0
bxpc3+TGFB_IKBKB,0.29311302,0.28648466,1.0231369,0.87964153,0.07698136,0.7483474099575713,0.23258792344554588,0.9038499022723131,0.910836867375728,0.9923290708208315,2291,1418,0.8486788868904114,1.2168428897857666,0.6974432468414307,0.007199109066277742,0.29400038719177246,0.08492077756084468,0.37,0.15362349072636627,0.17686584204522315,0.868587676116036,22.0,3.0,bxpc3+TGFB_IKBKB,bxpc3+TGFB,IKBKB,False,True,0
bxpc3+TGFB_IRF7,0.292692,0.25335672,1.1552565,0.90150875,-0.07925357,0.8218606850396747,0.07808689349450912,0.9254184744936607,0.9361696938429711,0.9885157366020078,2148,1713,,,,,,,,,,,,,bxpc3+TGFB_IRF7,bxpc3+TGFB,IRF7,False,True,0
bxpc3+TGFB_JUN,0.28787982,0.25731888,1.1187668,0.903483,-0.026268825,0.8268812763678804,0.12282149042611637,0.9268184852471225,0.9351971625327785,0.9910407370538163,2207,1684,0.5094024538993835,0.4797220528125763,1.0618699789047241,0.11110174655914307,-0.1095518171787262,-0.07207499701564472,0.21428571428571433,0.5842661815651923,0.6262615065211946,0.9329428289640838,4.0,3.0,bxpc3+TGFB_JUN,bxpc3+TGFB,JUN,False,True,0
bxpc3+TGFB_KRAS,0.28218472,0.25559536,1.1040292,0.90603137,0.031656273,0.8287249985724393,0.11705992738473539,0.9292422521156146,0.9366691463681,0.9920709523941481,2221,1707,,,,,,,,,,,,,bxpc3+TGFB_KRAS,bxpc3+TGFB,KRAS,False,True,0
bxpc3+TGFB_MAP3K7,0.2768404,0.2534751,1.0921798,0.90706825,0.030499782,0.8324977044604113,0.12906189604841647,0.9298985101024698,0.9362625893805456,0.9932026769516804,2204,1696,,,,,,,,,,,,,bxpc3+TGFB_MAP3K7,bxpc3+TGFB,MAP3K7,False,True,0
bxpc3+TGFB_MAPK1,0.2725163,0.24614385,1.1071424,0.9097128,0.031084217,0.8142569270600614,0.14030206613202775,0.9314065086708687,0.9381473987351954,0.9928146791501904,2182,1681,0.5012130737304688,0.48938995599746704,1.0241588354110718,0.6213533878326416,0.0751902386546135,0.7176470588235294,-0.15,0.7753615594744094,0.8041928972819784,0.9641487286134788,9.0,7.0,bxpc3+TGFB_MAPK1,bxpc3+TGFB,MAPK1,False,True,0
bxpc3+TGFB_MAPK3,0.28949794,0.26785368,1.0808063,0.9013516,0.042057708,0.8182875454036188,0.12208688142794104,0.9250146122009629,0.9310596671471917,0.9935073388317303,2144,1678,,,,,,,,,,,,,bxpc3+TGFB_MAPK3,bxpc3+TGFB,MAPK3,False,True,0
bxpc3+TGFB_MAPK14,0.29581788,0.25665036,1.1526104,0.9018986,-0.083417445,0.8356642097373372,0.09065590553654573,0.92604845031613,0.9364293223787377,0.988914409433231,2180,1733,0.41051411628723145,0.5161466002464294,0.7953440546989441,0.5984929800033569,0.7186850309371948,0.39999999999999997,1.0,0.8895725322720185,0.8276047123348831,1.0748761081390033,3.0,1.0,bxpc3+TGFB_MAPK14,bxpc3+TGFB,MAPK14,False,True,0
bxpc3+TGFB_MED15,0.2832889,0.2717762,1.0423609,0.89612025,0.0987328,0.7951171205119112,0.17717337164958652,0.9191544547777866,0.9229330003017538,0.9959059373511058,2224,1558,0.3035309314727783,0.5703243017196655,0.5322076082229614,0.6583055257797241,0.6332587003707886,0.2593393645205788,0.7446153846153846,0.6809068004585238,0.6754707360461016,1.0080478163187978,21.0,4.0,bxpc3+TGFB_MED15,bxpc3+TGFB,MED15,False,True,0
bxpc3+TGFB_MYC,0.29820195,0.2660371,1.1209036,0.8976612,-0.04312618,0.8163713383577882,0.08476958417497381,0.9224035569002527,0.9312940943651832,0.9904535661519568,2147,1720,,,,,,,,,,,,,bxpc3+TGFB_MYC,bxpc3+TGFB,MYC,False,True,0
bxpc3+TGFB_NFKB1,0.2926162,0.25318703,1.1557313,0.9004842,-0.0600628,0.8075685654651498,0.11659694017856174,0.9240157099173113,0.9341309548820557,0.9891714915217411,2172,1656,0.6485625505447388,0.4007004201412201,1.6185721158981323,0.0914345309138298,-0.8025751113891602,0.3714285714285715,-0.8857142857142858,0.5874198482550221,0.7369976759836532,0.7970443698767529,3.0,3.0,bxpc3+TGFB_NFKB1,bxpc3+TGFB,NFKB1,False,True,0
bxpc3+TGFB_NRAS,0.2913023,0.26837993,1.0854101,0.8935833,0.06710027,0.7709809081084203,0.20729110500551126,0.9167743903709745,0.9237780432045627,0.992418467958718,2323,1456,0.5205584168434143,0.7362986207008362,0.706993579864502,-0.09856559336185455,0.31478482484817505,-0.07519206177414045,0.5038461538461538,0.3001449607506438,0.33615810289983616,0.8928684394678326,23.0,2.0,bxpc3+TGFB_NRAS,bxpc3+TGFB,NRAS,False,True,0
bxpc3+TGFB_PAK1,0.28361103,0.25667256,1.1049527,0.90510535,0.028099597,0.828733161363969,0.11063469200548316,0.9285288131037004,0.9362430447258794,0.9917604390594564,2234,1701,,,,,,,,,,,,,bxpc3+TGFB_PAK1,bxpc3+TGFB,PAK1,False,True,0
bxpc3+TGFB_PIK3CA,0.2816475,0.2604516,1.0813813,0.90279335,0.030024834,0.8135935833334357,0.14522738534869986,0.9256428353040983,0.9314404940182375,0.9937755994597915,2161,1648,0.7611925005912781,1.1245720386505127,0.6768730282783508,,,,,,,,1.0,0.0,bxpc3+TGFB_PIK3CA,bxpc3+TGFB,PIK3CA,False,True,0
bxpc3+TGFB_PPP2CA,0.29410797,0.2603398,1.129708,0.90093094,0.0050830385,0.8163683527248711,0.11504020963114588,0.9247331863764067,0.9336464663587308,0.9904532600898857,2164,1692,0.5694922804832458,0.2381933629512787,2.3908822536468506,,,,,,,,0.0,1.0,bxpc3+TGFB_PPP2CA,bxpc3+TGFB,PPP2CA,False,True,0
bxpc3+TGFB_PRKCA,0.2882436,0.2573041,1.1202449,0.90413463,0.0056787413,0.8161624993273429,0.13919995711794836,0.9273358134858799,0.9346965145739732,0.9921250363371171,2237,1646,,,,,,,,,,,,,bxpc3+TGFB_PRKCA,bxpc3+TGFB,PRKCA,False,False,0
bxpc3+TGFB_RAF1,0.28811234,0.2611845,1.1030989,0.8981228,0.039811842,0.7934394559006749,0.14143156909148286,0.9216085927216329,0.9291353267861522,0.9918992058018566,2194,1618,0.4256893992424011,0.48093754053115845,0.8851240873336792,-0.25328588485717773,0.047929584980010986,-0.22800408793064894,0.09999999999999999,0.41683316180459506,0.4768489705283756,0.8741408445167038,11.0,5.0,bxpc3+TGFB_RAF1,bxpc3+TGFB,RAF1,False,True,0
bxpc3+TGFB_RBL1,0.29622224,0.27375194,1.0820826,0.89415526,0.05370814,0.787701461447774,0.17753027935432142,0.9178258643050883,0.9243915459011927,0.9928972937655942,2225,1572,0.82121741771698,1.0223135948181152,0.8032930493354797,0.5498237609863281,0.1033312976360321,0.17885974374968827,0.13,0.6952218814830285,0.6687377372681823,1.0396031848345135,19.0,6.0,bxpc3+TGFB_RBL1,bxpc3+TGFB,RBL1,False,True,0
bxpc3+TGFB_RBX1,0.2997833,0.26397905,1.1356329,0.89872086,0.01104014,0.7986497944733036,0.1271784605074999,0.9227089806775929,0.9316781108616707,0.9903731448882247,2179,1656,,,,,,,,,,,,,bxpc3+TGFB_RBX1,bxpc3+TGFB,RBX1,False,True,0
bxpc3+TGFB_RELA,0.2883001,0.26160172,1.1020573,0.9035428,0.032927077,0.8250322479314319,0.12656691120367639,0.9270829192370895,0.9343810792714133,0.9921893109821802,2203,1680,1.028645634651184,0.9394879937171936,1.0949002504348755,,,,,,,,0.0,1.0,bxpc3+TGFB_RELA,bxpc3+TGFB,RELA,False,True,0
bxpc3+TGFB_RHOA,0.30263978,0.27376583,1.1054695,0.8933189,0.0732469,0.7778859981631556,0.20927514187035332,0.9171150212428553,0.9242483442641148,0.9922820278061314,2339,1461,0.5007045865058899,0.9864554405212402,0.507579505443573,0.7642073631286621,0.6303651332855225,0.47677067648643906,0.6646153846153847,0.8125896249169253,0.8239691614224487,0.9861893660123414,23.0,2.0,bxpc3+TGFB_RHOA,bxpc3+TGFB,RHOA,False,True,0
bxpc3+TGFB_RPS6KB1,0.273662,0.25293973,1.0819257,0.9077589,0.050745048,0.8342284229888367,0.13823577947125792,0.9304485826080946,0.9362812616934181,0.9937703772103971,2246,1663,,,,,,,,,,,,,bxpc3+TGFB_RPS6KB1,bxpc3+TGFB,RPS6KB1,False,True,0
bxpc3+TGFB_RUNX1,0.2862149,0.25856513,1.1069354,0.90306187,-0.011152176,0.8319689264258844,0.08918235753229216,0.9271663286914099,0.9349779894508107,0.9916450859297884,2181,1766,,,,,,,,,,,,,bxpc3+TGFB_RUNX1,bxpc3+TGFB,RUNX1,False,False,0
bxpc3+TGFB_RUNX2,0.2877209,0.2613926,1.1007231,0.9010162,0.031067569,0.8081852013285244,0.12419560118800861,0.9243861915180619,0.9315859541391371,0.992271499383298,2163,1674,,,,,,,,,,,,,bxpc3+TGFB_RUNX2,bxpc3+TGFB,RUNX2,False,True,0
bxpc3+TGFB_RUNX3,0.286781,0.2615542,1.0964496,0.9019353,0.031706296,0.8218898048873963,0.12108511250549464,0.9255437772717224,0.9325780739240258,0.9924571498633835,2182,1684,1.3004331588745117,1.295642375946045,1.0036976337432861,1.0,1.0,0.9999999999999999,0.9999999999999999,0.9762020988979101,0.9868858347096938,0.9891742940915486,1.0,1.0,bxpc3+TGFB_RUNX3,bxpc3+TGFB,RUNX3,False,True,0
bxpc3+TGFB_SKP1,0.3827322,0.507733,0.75380605,0.824783,0.4458472,0.696196837115676,0.430657014120045,0.8565813376194291,0.8430107208729218,1.0160977985338728,1913,811,1.7210988998413086,2.450239896774292,0.7024205923080444,0.6217246651649475,0.38992422819137573,0.3831176474130757,0.45307692307692304,0.6498146571070242,0.6491360542257509,1.001045393915275,20.0,4.0,bxpc3+TGFB_SKP1,bxpc3+TGFB,SKP1,False,False,0
bxpc3+TGFB_SMAD1,0.28466305,0.25438946,1.1190048,0.9038203,0.01308196,0.8163620882735277,0.11231487346189847,0.9269723711560504,0.9350483714163594,0.9913630133935467,2164,1701,,,,,,,,,,,,,bxpc3+TGFB_SMAD1,bxpc3+TGFB,SMAD1,False,False,0
bxpc3+TGFB_SMAD2,0.28040588,0.25706828,1.0907837,0.90640086,0.05020596,0.8300864297231735,0.1261999320463427,0.9295304315409609,0.9361847970429434,0.9928920384917581,2237,1704,,,,,,,,,,,,,bxpc3+TGFB_SMAD2,bxpc3+TGFB,SMAD2,False,True,0
bxpc3+TGFB_SMAD3,0.27205282,0.250304,1.0868896,0.90919775,0.05299824,0.8215519501263256,0.1353508353049887,0.9314897222648257,0.937778427367865,0.9932940394878882,2184,1691,2.5295238494873047,2.0977842807769775,1.2058074474334717,,,,,,,,0.0,1.0,bxpc3+TGFB_SMAD3,bxpc3+TGFB,SMAD3,False,True,0
bxpc3+TGFB_SMAD4,0.28646505,0.25695068,1.114864,0.90354466,0.022025634,0.8057614733140208,0.14016949468273543,0.9265347976867382,0.9341034892972041,0.9918973735809933,2212,1639,,,,,,,,,,,,,bxpc3+TGFB_SMAD4,bxpc3+TGFB,SMAD4,False,True,0
bxpc3+TGFB_SMAD5,0.27429667,0.2533625,1.0826254,0.89648294,0.062432133,0.7818150653133356,0.1881214867373232,0.9195690257987414,0.9268094543490114,0.9921877916584746,2274,1512,0.29487374424934387,0.3890548348426819,0.7579233646392822,0.29505133628845215,0.29492467641830444,0.2830666884126761,0.33461538461538465,0.4865051672883922,0.5713776668808633,0.8514598933210182,19.0,6.0,bxpc3+TGFB_SMAD5,bxpc3+TGFB,SMAD5,False,True,0
bxpc3+TGFB_SMAD6,0.28571978,0.2586247,1.104766,0.9038955,0.027983032,0.8180503185181293,0.12006428717940106,0.9274853863730033,0.9349544634430749,0.9920112932104032,2179,1714,,,,,,,,,,,,,bxpc3+TGFB_SMAD6,bxpc3+TGFB,SMAD6,False,True,0
bxpc3+TGFB_SMAD7,0.2789274,0.25364044,1.099696,0.9027937,0.03465861,0.8001464076923787,0.12217724047687246,0.9252431222689276,0.9322882577206753,0.9924431790345916,2115,1695,0.7047436833381653,0.5572857856750488,1.264600157737732,-0.15691982209682465,-0.42620453238487244,0.025816688757102794,-0.37142857142857144,0.30651907818170754,0.4068921229617577,0.7533177982177751,7.0,7.0,bxpc3+TGFB_SMAD7,bxpc3+TGFB,SMAD7,False,True,0
bxpc3+TGFB_SMAD9,0.28201577,0.2571624,1.0966446,0.9048388,0.03307755,0.8274477801663546,0.11410265368004102,0.9281185625464767,0.9351358690833067,0.9924959497664132,2177,1714,,,,,,,,,,,,,bxpc3+TGFB_SMAD9,bxpc3+TGFB,SMAD9,False,True,0
bxpc3+TGFB_SMURF1,0.2847716,0.25964844,1.0967584,0.90339184,0.04203825,0.8291449621116905,0.10820137551947825,0.9272756027086243,0.9344134724128187,0.9923611228701967,2200,1722,0.30650442838668823,0.287048876285553,1.0677778720855713,0.9360307455062866,0.047611843794584274,0.49999999999999994,-0.3,0.9485089773561022,0.9443478226087733,1.0044063793527196,2.0,3.0,bxpc3+TGFB_SMURF1,bxpc3+TGFB,SMURF1,False,True,0
bxpc3+TGFB_SMURF2,0.2836267,0.2600747,1.0905586,0.9039711,0.054259084,0.8151573305702818,0.11744828761276922,0.9274782045483472,0.9341341717410782,0.9928747203623594,2178,1713,1.2059203386306763,0.7743020057678223,1.5574289560317993,,,,,,,,0.0,1.0,bxpc3+TGFB_SMURF2,bxpc3+TGFB,SMURF2,False,True,0
bxpc3+TGFB_SP1,0.28183556,0.25972176,1.0851442,0.9058478,0.04323663,0.8195277192705428,0.14180686131618875,0.9286607334760765,0.9345967452302376,0.9936485850347159,2214,1666,,,,,,,,,,,,,bxpc3+TGFB_SP1,bxpc3+TGFB,SP1,False,True,0
bxpc3+TGFB_TGFBR1,0.27110118,0.24798167,1.0932307,0.91120046,0.04340416,0.8266401755415357,0.16807973067949766,0.933037700373956,0.939493107073773,0.9931288408065881,2275,1610,0.9878785014152527,0.864604651927948,1.1425782442092896,0.4786776006221771,-0.006671852432191372,0.3646153846153847,0.05538461538461539,0.7938324618998513,0.8223802681448805,0.9652863676928592,13.0,12.0,bxpc3+TGFB_TGFBR1,bxpc3+TGFB,TGFBR1,False,True,0
bxpc3+TGFB_TGFBR2,0.27637854,0.255738,1.0807098,0.90845203,0.05334444,0.8211287534439432,0.14604568137760446,0.93110479888925,0.9371465241382846,0.9935530623083835,2220,1667,1.437136173248291,1.3636059761047363,1.0539233684539795,0.39420902729034424,0.08745193481445312,0.22846153846153847,0.07692307692307691,0.7299727074248391,0.7465120029950426,0.977844568467959,15.0,10.0,bxpc3+TGFB_TGFBR2,bxpc3+TGFB,TGFBR2,False,True,0
bxpc3+TGFB_TGFBR3,0.2899587,0.2618718,1.1072543,0.9005425,0.027744843,0.804329360010321,0.11401007015971076,0.9237883311497781,0.9315224364582565,0.9916973494080462,2120,1697,0.7427478432655334,1.4668595790863037,0.5063523650169373,1.0,1.0,0.9999999999999999,0.9999999999999999,0.9997268066208305,0.9996092083674794,1.0001176442277309,2.0,0.0,bxpc3+TGFB_TGFBR3,bxpc3+TGFB,TGFBR3,False,True,0
bxpc3+TGFB_TGIF1,0.2722297,0.25549716,1.0654901,0.9014222,0.07114996,0.7914156368662449,0.16568249004713778,0.9234497472467509,0.9283193319667854,0.9947544077211905,2205,1593,0.4338582158088684,0.44693154096603394,0.9707487225532532,0.6468042135238647,-0.20485520362854004,0.4728717827850764,0.04384615384615385,0.7239521190434725,0.766617442077136,0.9443460053321215,18.0,7.0,bxpc3+TGFB_TGIF1,bxpc3+TGFB,TGIF1,False,True,0
bxpc3+TNFA_CASP3,0.050495643,0.3436297,0.14694785,0.9816755,0.9257113,0.8143802795255709,0.7868647365419097,0.9850961839947323,0.8968248897497312,1.0984264545441353,3191,839,0.09923925995826721,0.9042927026748657,0.1097424104809761,0.059355564415454865,0.9885175824165344,0.02246375268754961,0.9323076923076923,0.7496439062116274,0.7520944690557383,0.9967416821357726,13.0,12.0,bxpc3+TNFA_CASP3,bxpc3+TNFA,CASP3,True,False,0
bxpc3+TNFA_IKBKE,0.04178198,0.33815145,0.12355996,0.9867068,0.9370319,0.851144811031886,0.8168911307256301,0.9898245978049015,0.910763503342234,1.0868074908277907,3357,744,0.09476280212402344,0.34735649824142456,0.2728113830089569,0.45976144075393677,0.8345454335212708,0.4343142992438975,0.7899999999999999,0.6897560058299178,0.6565409725809116,1.0505909526383943,14.0,11.0,bxpc3+TNFA_IKBKE,bxpc3+TNFA,IKBKE,True,False,0
bxpc3+TNFA_MAP2K3,0.030043365,0.3156616,0.09517586,0.9905849,0.9516155,0.8718159174060371,0.8347233329154825,0.9928330499520063,0.9185578982828777,1.0808606096664959,3404,729,0.16092178225517273,0.19930073618888855,0.8074319362640381,0.6579015254974365,0.6086937189102173,0.6779220779220779,0.6792207792207793,0.7299633639784362,0.5121035608577501,1.4254213791362451,14.0,7.0,bxpc3+TNFA_MAP2K3,bxpc3+TNFA,MAP2K3,True,False,0
hap1+IFNB_PARP12,0.045064423,0.34140348,0.13199756,0.9909954,0.9462545,0.7508799730326607,0.8261089939774345,0.9926178676742548,0.9100997504024816,1.090669310957706,3471,769,0.13882432878017426,0.674132764339447,0.20593024790287018,,,,,,,,1.0,0.0,hap1+IFNB_PARP12,hap1+IFNB,PARP12,True,False,0
hap1+IFNG_ATF3,0.3568728,0.3549249,1.0054883,0.8744562,0.08333371,0.7991378035728942,0.15380078730633184,0.9028427061002487,0.9032968941872346,0.9994971884771126,2339,1814,1.6927542686462402,1.4099631309509277,1.200566291809082,,,,,,,,0.0,1.0,hap1+IFNG_ATF3,hap1+IFNG,ATF3,False,True,0
hap1+IFNG_ATF5,0.33616602,0.34797004,0.9660775,0.8699772,0.15273781,0.7736753676884988,0.2020003781622497,0.8969400703507246,0.8951704655972543,1.0019768354983536,2417,1695,0.774514377117157,0.85355544090271,0.9073978662490845,0.11634984612464905,0.053671859204769135,0.020769230769230772,0.03846153846153846,0.7164772684770708,0.7643586338631595,0.9373574611905794,15.0,10.0,hap1+IFNG_ATF5,hap1+IFNG,ATF5,False,True,0
hap1+IFNG_BATF2,0.34017968,0.34546646,0.9846967,0.8820894,0.14955807,0.8235960205367453,0.18748481228155012,0.9095037835201839,0.9081427646917425,1.0014986837767776,2435,1758,0.23180057108402252,0.2212069183588028,1.0478901863098145,1.0,-1.0,0.9999999999999999,-0.9999999999999999,0.995959249763283,0.99665058636779,0.9993063400413714,0.0,2.0,hap1+IFNG_BATF2,hap1+IFNG,BATF2,False,True,0
hap1+IFNG_CEBPB,0.3312939,0.3508304,0.9443136,0.8758545,0.21305405,0.7979171455248548,0.24863062217064472,0.9024826112696009,0.898550642230566,1.004375901428632,2497,1639,1.8752058744430542,1.5509999990463257,1.209030270576477,-0.4024530351161957,-0.47479447722435,-0.14285714285714288,-0.3142857142857143,0.804543457770896,0.8630061132376318,0.9322569625290268,2.0,4.0,hap1+IFNG_CEBPB,hap1+IFNG,CEBPB,False,True,0
hap1+IFNG_CEBPE,0.3364866,0.34018835,0.9891185,0.8764174,0.11932504,0.7950261779516367,0.19913154927794435,0.9039740766912459,0.9039580531456319,1.0000177259835876,2457,1692,,,,,,,,,,,,,hap1+IFNG_CEBPE,hap1+IFNG,CEBPE,False,True,0
hap1+IFNG_CLK1,0.31355703,0.3816768,0.821525,0.8593787,0.35846132,0.7420384892275131,0.44018947740788195,0.8858398088181261,0.8790327638051305,1.0077437898714143,2880,1199,1.6700282096862793,2.2242894172668457,0.7508142590522766,-0.2953663468360901,0.501798689365387,-0.2276923076923077,0.5307692307692308,0.7145448103588787,0.7265959588534805,0.983414236828928,19.0,6.0,hap1+IFNG_CLK1,hap1+IFNG,CLK1,False,True,0
hap1+IFNG_CUL1,0.30765566,0.38218406,0.80499345,0.8495964,0.31694326,0.7140188242004817,0.46235639914006743,0.8765059196938667,0.8811122609172461,0.9947721290149972,2858,1060,1.0466508865356445,1.9661275148391724,0.5323413014411926,0.24403774738311768,0.6702235341072083,0.27418645950033516,0.6576923076923078,0.7906049705654473,0.8086465510898286,0.977689164072899,23.0,2.0,hap1+IFNG_CUL1,hap1+IFNG,CUL1,False,True,0
hap1+IFNG_EHF,0.34217334,0.3779287,0.9053912,0.86583877,0.30316764,0.7540045201584828,0.2643086800097241,0.8931382966267686,0.8835741143582952,1.0108244256062429,2462,1649,1.6310631036758423,1.8833297491073608,0.8660528659820557,0.029156610369682312,0.37135300040245056,0.007692307692307692,0.40307692307692305,0.6447880419843286,0.651463873168433,0.9897525688544537,18.0,7.0,hap1+IFNG_EHF,hap1+IFNG,EHF,False,True,0
hap1+IFNG_ETV7,0.34512362,0.3459978,0.9974734,0.8798138,0.10930628,0.805144133782972,0.16591112360474244,0.9076052237682165,0.9074892414541302,1.0001278057180054,2368,1784,,,,,,,,,,,,,hap1+IFNG_ETV7,hap1+IFNG,ETV7,False,True,0
hap1+IFNG_FBXO6,0.3411993,0.35586557,0.9587871,0.8744214,0.18510309,0.7834271472131841,0.25960335438976084,0.9015305763182454,0.8990326749815765,1.0027784322040576,2578,1542,1.3520185947418213,1.9775141477584839,0.6836960315704346,-0.5360124111175537,0.9379634857177734,-0.7999999999999999,0.7999999999999999,0.787341198822079,0.785554037525844,1.0022750329205408,4.0,0.0,hap1+IFNG_FBXO6,hap1+IFNG,FBXO6,False,True,0
hap1+IFNG_FMNL2,0.3434003,0.35142848,0.97715557,0.87305105,0.1417123,0.7810743911067048,0.20977291415093033,0.9007630813953809,0.8998894633858942,1.0009708059100944,2467,1658,3.0179390907287598,2.1459953784942627,1.4063119888305664,1.0,-1.0,0.9999999999999999,-0.9999999999999999,0.7993491355224154,0.8631723816865856,0.926059675311363,1.0,1.0,hap1+IFNG_FMNL2,hap1+IFNG,FMNL2,False,True,0
hap1+IFNG_FOXN3,0.35122147,0.3507965,1.0012115,0.8747105,0.09112232,0.7948268506637117,0.1622859083320571,0.9029715190488193,0.9036936796420738,0.9992008790041107,2302,1841,,,,,,,,,,,,,hap1+IFNG_FOXN3,hap1+IFNG,FOXN3,False,False,0
hap1+IFNG_GUK1,0.3352602,0.34477496,0.972403,0.87008095,0.1420177,0.7746442432414276,0.18863547505980588,0.8974455148727334,0.8961226859763995,1.0014761694096523,2405,1713,1.5829533338546753,1.851688265800476,0.8548703193664551,0.12638668715953827,0.2452007234096527,0.11117522806154684,0.25076923076923074,0.5845911873299368,0.5863527365485873,0.9969957516886175,17.0,8.0,hap1+IFNG_GUK1,hap1+IFNG,GUK1,False,True,0
hap1+IFNG_HLA-DQB1,0.34313446,0.34976777,0.9810351,0.87563545,0.14181459,0.7840586654047145,0.1922965458298665,0.9027620780270865,0.9015973205359531,1.0012918821569268,2414,1729,,,,,,,,,,,,,hap1+IFNG_HLA-DQB1,hap1+IFNG,HLA-DQB1,False,True,0
hap1+IFNG_HLX,0.3299187,0.36022624,0.9158653,0.865636,0.23408028,0.7421381136003088,0.34740048694496367,0.8928325889109617,0.8911060261190732,1.0019375503489838,2776,1315,1.0837231874465942,1.471817970275879,0.7363160252571106,0.1233740970492363,0.3121737837791443,-0.007692307692307692,0.22692307692307692,0.5428745864005974,0.5813069647445214,0.9338862585952077,24.0,1.0,hap1+IFNG_HLX,hap1+IFNG,HLX,False,True,0
hap1+IFNG_IFI16,0.2864649,0.3844623,0.7451053,0.8705597,0.49905756,0.7513749058239233,0.534935682429831,0.8950521722124837,0.8780604825995089,1.0193513885998726,2936,1115,1.4695292711257935,2.3100104331970215,0.6361569762229919,0.005871622357517481,0.8052213788032532,0.009230769230769232,0.7961538461538461,0.6673426355634652,0.6462355580007629,1.0326615849304246,19.0,6.0,hap1+IFNG_IFI16,hap1+IFNG,IFI16,False,True,0
hap1+IFNG_IFNGR1,0.33096978,0.34000078,0.9734383,0.87552834,0.1396176,0.7794134245123924,0.20664362819500864,0.9020107069216753,0.9001243279443127,1.0020956871387652,2431,1693,1.1159026622772217,0.9364326000213623,1.1916528940200806,0.5801593661308289,-0.241287961602211,0.4776923076923077,-0.22999999999999998,0.8899495483402476,0.9093739871059651,0.9786397686307977,11.0,14.0,hap1+IFNG_IFNGR1,hap1+IFNG,IFNGR1,False,True,0
hap1+IFNG_IFNGR2,0.33590445,0.33515468,1.0022371,0.8812542,0.076717705,0.8142101512198504,0.15511020692806815,0.9085426244649196,0.9085852082344709,0.9999531317820659,2344,1809,1.322903037071228,1.2979127168655396,1.019254207611084,0.7799628376960754,-0.10264360904693604,0.7338461538461539,-0.07615384615384616,0.8959809061274123,0.904875953244851,0.9901698712563403,15.0,10.0,hap1+IFNG_IFNGR2,hap1+IFNG,IFNGR2,False,True,0
hap1+IFNG_IRF1,0.3403707,0.34434652,0.98845404,0.8787122,0.12023775,0.8128004050225233,0.18519594770757203,0.9064793165966671,0.9056147045366646,1.0009547239633714,2391,1780,1.8766741752624512,1.7432016134262085,1.076567530632019,-0.047323595732450485,-0.3319453299045563,0.004615384615384616,-0.3492307692307692,0.606177625064038,0.6449179161098035,0.9399298886291607,11.0,14.0,hap1+IFNG_IRF1,hap1+IFNG,IRF1,False,True,0
hap1+IFNG_IRF2,0.33468628,0.3531458,0.94772834,0.86566085,0.16588724,0.7605184472281963,0.2655281141224492,0.8924355194894715,0.891484177341389,1.0010671441762653,2588,1506,2.063154697418213,2.2363204956054688,0.9225666522979736,0.316409170627594,0.1102295070886612,0.1753375123675571,0.18769230769230769,0.76070256216557,0.7628030467932897,0.9972463604641463,16.0,9.0,hap1+IFNG_IRF2,hap1+IFNG,IRF2,False,True,0
hap1+IFNG_IRF5,0.34297228,0.34744042,0.9871398,0.87997013,0.1422919,0.8112192922150503,0.19335528682244194,0.9074628761866071,0.9064270305144326,1.0011427788860032,2433,1726,,,,,,,,,,,,,hap1+IFNG_IRF5,hap1+IFNG,IRF5,False,True,0
hap1+IFNG_IRF7,0.33159488,0.34559157,0.95949936,0.8777091,0.18400054,0.8052253605017163,0.22931927718215575,0.9043049877759245,0.9012592649300112,1.003379408084254,2451,1672,,,,,,,,,,,,,hap1+IFNG_IRF7,hap1+IFNG,IRF7,False,True,0
hap1+IFNG_IRF9,0.3341154,0.34472016,0.9692366,0.87138116,0.14685306,0.7698605594786059,0.2185071514733027,0.8983282987185935,0.8985390984128152,0.9997653973048095,2485,1603,1.6412779092788696,1.7676098346710205,0.9285295009613037,0.3457473814487457,0.3032991290092468,0.4443162228757322,0.2646153846153846,0.6915955493204892,0.6149733504341325,1.1245943402787555,15.0,10.0,hap1+IFNG_IRF9,hap1+IFNG,IRF9,False,True,0
hap1+IFNG_JAK1,0.32933316,0.33731657,0.97633255,0.88266414,0.15393361,0.8208321515982516,0.20328743901003968,0.9094491457441689,0.9074761422706741,1.0021741656684857,2431,1723,1.1833053827285767,0.960981011390686,1.2313514947891235,-0.0105992266908288,-0.4737713634967804,-0.020769230769230772,-0.4653846153846154,0.727751831084421,0.7988378231254324,0.9110132370011108,8.0,17.0,hap1+IFNG_JAK1,hap1+IFNG,JAK1,False,True,0
hap1+IFNG_JAK2,0.3341758,0.33671594,0.99245614,0.8776519,0.09628979,0.805440531063912,0.1632114927825316,0.9046103415744917,0.9043408633831277,1.0002979829865875,2354,1766,1.5336554050445557,1.3247483968734741,1.1576956510543823,0.683624804019928,-0.537726104259491,0.5461538461538461,-0.5446153846153846,0.8805713972037066,0.9114822272890962,0.9660872925878942,11.0,14.0,hap1+IFNG_JAK2,hap1+IFNG,JAK2,False,True,0
hap1+IFNG_JUN,0.33525565,0.3467379,0.966885,0.88077426,0.17391787,0.8145335577268915,0.22778357181941644,0.9075589394649902,0.9047694268887323,1.0030831198461805,2457,1698,,,,,,,,,,,,,hap1+IFNG_JUN,hap1+IFNG,JUN,False,True,0
hap1+IFNG_KIN,0.30174413,0.46644774,0.64689803,0.85694313,0.6706155,0.7081760993978509,0.6356889042116314,0.8824687223421719,0.848261184279225,1.0403266572806975,2942,941,1.5827921628952026,2.532815933227539,0.6249139904975891,0.04389273002743721,0.8108320236206055,0.11241477502432361,0.7684615384615385,0.6624567221492653,0.6781252109496272,0.9768944015834182,22.0,3.0,hap1+IFNG_KIN,hap1+IFNG,KIN,False,True,0
hap1+IFNG_KLF4,0.34862843,0.34502414,1.0104465,0.8706478,0.046590455,0.7865219361703536,0.10633152615147089,0.8985121837749251,0.8999385710862238,0.9984150170276878,2244,1885,0.9615465402603149,0.9886668920516968,0.9725687503814697,0.06903201341629028,0.16958335041999817,-0.09999999999999999,0.0,0.7186955108549308,0.7187133791919451,0.9999751384383099,2.0,3.0,hap1+IFNG_KLF4,hap1+IFNG,KLF4,False,False,0
hap1+IFNG_MAFB,0.34546268,0.35034868,0.9860539,0.8750309,0.1299755,0.786514472876068,0.19223863027962027,0.9026245462781123,0.9020559270077877,1.0006303592197556,2414,1722,,,,,,,,,,,,,hap1+IFNG_MAFB,hap1+IFNG,MAFB,False,True,0
hap1+IFNG_MAFF,0.34319273,0.34074423,1.0071857,0.8798033,0.09554188,0.7977449684278691,0.1717140144543246,0.9073512641498869,0.9082901277427707,0.9989663395382078,2405,1761,,,,,,,,,,,,,hap1+IFNG_MAFF,hap1+IFNG,MAFF,False,True,0
hap1+IFNG_MCRS1,0.26211947,0.36825523,0.7117875,0.8637403,0.44815928,0.7124062488149524,0.5689711909549985,0.8886281488551112,0.8827976238215708,1.0066045998269688,3071,943,1.8071119785308838,2.8468387126922607,0.6347784996032715,0.14722025394439697,0.5699587464332581,0.002698542299712218,0.6653846153846155,0.6889739020433658,0.728239813306911,0.9460810703479118,22.0,3.0,hap1+IFNG_MCRS1,hap1+IFNG,MCRS1,False,True,0
hap1+IFNG_MYC,0.33905673,0.3456899,0.98081183,0.8803189,0.1360383,0.8130059857300247,0.19330479463133093,0.907433315080108,0.9058642556223179,1.0017321132256314,2381,1769,,,,,,,,,,,,,hap1+IFNG_MYC,hap1+IFNG,MYC,False,True,0
hap1+IFNG_NFKB1,0.33301044,0.35826147,0.92951787,0.86466813,0.20777026,0.7696724448065411,0.30004408713083125,0.8922855238626619,0.8909039372226432,1.0015507694851207,2556,1527,2.306110143661499,2.591449022293091,0.8898921608924866,0.243333637714386,0.2378968596458435,0.22153846153846157,0.18461538461538463,0.7890394243199588,0.788128610619874,1.0011556663313725,17.0,8.0,hap1+IFNG_NFKB1,hap1+IFNG,NFKB1,False,True,0
hap1+IFNG_PARP12,0.35007998,0.348596,1.004257,0.8790951,0.17296067,0.7695094160704754,0.23769052770401963,0.9059133014538291,0.904073706002867,1.0020347848175957,2587,1550,2.033372402191162,1.1473119258880615,1.7722926139831543,,,,,,,,0.0,1.0,hap1+IFNG_PARP12,hap1+IFNG,PARP12,False,False,0
hap1+IFNG_PIK3CA,0.35451075,0.36507106,0.97107327,0.8589319,0.10652131,0.768039042187551,0.21579798282397106,0.8865242405049231,0.8871024432343745,0.9993482119975419,2451,1628,2.5965182781219482,2.8988146781921387,0.8957172632217407,0.23466457426548004,0.23839212954044342,0.22846153846153847,0.09692307692307693,0.8323024361629617,0.8374444727042656,0.9938598477762959,20.0,5.0,hap1+IFNG_PIK3CA,hap1+IFNG,PIK3CA,False,True,0
hap1+IFNG_PLEK,0.3393277,0.3442099,0.9858162,0.87553895,0.12863751,0.7840731812273142,0.18742310919006738,0.9032373641444597,0.9025915476408034,1.0007155135734922,2393,1752,4.677783966064453,2.9273760318756104,1.5979443788528442,-1.0,1.0,-0.9999999999999999,0.9999999999999999,0.8633870884417398,0.8492337263277198,1.0166660386596071,0.0,2.0,hap1+IFNG_PLEK,hap1+IFNG,PLEK,False,True,0
hap1+IFNG_PPARG,0.26741782,0.37408555,0.7148574,0.8733328,0.51664686,0.7450978638376815,0.5428515237363157,0.8972216267105407,0.8798311114751962,1.0197657425482332,2921,1096,1.8213032484054565,2.88664174079895,0.6309419274330139,0.3148989975452423,0.808508038520813,0.2953846153846154,0.7661538461538462,0.8153239899561725,0.8167378787192664,0.998268858589844,20.0,5.0,hap1+IFNG_PPARG,hap1+IFNG,PPARG,False,True,0
hap1+IFNG_PRDM1,0.35068917,0.345623,1.0146581,0.8770804,0.076194674,0.7980264261960449,0.15164476095937388,0.9052622526287202,0.9068292875800976,0.9982719625701998,2353,1795,0.8660157918930054,0.47401589155197144,1.8269762992858887,,,,,,,,0.0,1.0,hap1+IFNG_PRDM1,hap1+IFNG,PRDM1,False,True,0
hap1+IFNG_PTGES3,0.32211977,0.34784618,0.9260408,0.87418413,0.23135445,0.7748764319973929,0.31109596032386516,0.9005987959617548,0.8970696824754105,1.0039340461006396,2651,1455,1.0182487964630127,1.399851679801941,0.727397620677948,-0.029732102528214455,0.5110893249511719,0.11384615384615385,0.43,0.5996496442519215,0.6332903088256335,0.9468795525450328,19.0,6.0,hap1+IFNG_PTGES3,hap1+IFNG,PTGES3,False,True,0
hap1+IFNG_PTPN11,0.3488912,0.35279515,0.9889342,0.8753348,0.12823397,0.7856815631088796,0.16959113867690478,0.9031011983707253,0.9019593335763023,1.001265982569187,2355,1790,0.639602541923523,0.8887136578559875,0.7196947336196899,1.0,1.0,0.9999999999999999,0.9999999999999999,0.9209760155219323,0.9345380647055572,0.9854879649146256,1.0,1.0,hap1+IFNG_PTPN11,hap1+IFNG,PTPN11,False,True,0
hap1+IFNG_RARRES3,0.29512978,0.35764444,0.82520443,0.8790649,0.42310223,0.7656106086264987,0.39644101262271797,0.9037001419706855,0.8898622626547001,1.0155505856318743,2703,1382,1.125990629196167,1.4908429384231567,0.7552711367607117,0.0438336506485939,0.44414398074150085,0.06578188234783568,0.46076923076923076,0.6105027762082159,0.602673922259099,1.0129901986131584,20.0,5.0,hap1+IFNG_RARRES3,hap1+IFNG,RARRES3,False,True,0
hap1+IFNG_RFX5,0.34392232,0.35679522,0.9639208,0.86902595,0.15865354,0.7675814977560178,0.21423123387564047,0.8963024793622292,0.8945781713100606,1.0019275096436162,2450,1651,1.8207957744598389,2.1048645973205566,0.8650417327880859,0.3084285855293274,0.3858700394630432,0.13307692307692306,0.4876923076923077,0.7086402744926915,0.6687217993466904,1.0596936950238494,17.0,8.0,hap1+IFNG_RFX5,hap1+IFNG,RFX5,False,True,0
hap1+IFNG_RNF14,0.34492287,0.34541753,0.99856794,0.87569785,0.10174619,0.794975126038329,0.11795869540677083,0.9031357901821052,0.9028930258303918,1.0002688738807015,2188,1948,0.21765896677970886,0.14212587475776672,1.5314520597457886,,,,,,,,0.0,1.0,hap1+IFNG_RNF14,hap1+IFNG,RNF14,False,False,0
hap1+IFNG_RUNX1,0.3403155,0.3440757,0.98907155,0.8821324,0.11996135,0.8220410100368062,0.15070321826861152,0.9096364713960888,0.9082443434592444,1.0015327680781827,2303,1907,,,,,,,,,,,,,hap1+IFNG_RUNX1,hap1+IFNG,RUNX1,False,False,0
hap1+IFNG_SOX2,0.2546986,0.45988268,0.5538339,0.85652107,0.6456223,0.6970496272746824,0.628145178530424,0.8806393204310327,0.8515396015962201,1.0341730657978383,2958,822,1.5903915166854858,2.924844741821289,0.5437524318695068,0.4081896245479584,0.7151991128921509,0.29501529395717613,0.7384615384615385,0.5429358263227276,0.5399465248629294,1.0055362916921395,22.0,2.0,hap1+IFNG_SOX2,hap1+IFNG,SOX2,False,True,0
hap1+IFNG_SP100,0.33729342,0.35028487,0.9629117,0.8802308,0.192333,0.8120331079134001,0.2215472991934132,0.9070674916386227,0.9037481607806845,1.0036728493644411,2413,1736,5.429721832275391,2.604051351547241,2.0851054191589355,,,,,,,,0.0,1.0,hap1+IFNG_SP100,hap1+IFNG,SP100,False,True,0
hap1+IFNG_SP110,0.32057676,0.34778708,0.9217615,0.8724492,0.24006674,0.7786726309507653,0.3000947708178583,0.8990317507581546,0.8951689424897205,1.0043151723491328,2627,1487,1.5579832792282104,1.843855857849121,0.8449593782424927,0.3333604335784912,0.1943827122449875,0.33,0.39692307692307693,0.7044749432886463,0.6983671924706462,1.0087457585119262,20.0,5.0,hap1+IFNG_SP110,hap1+IFNG,SP110,False,True,0
hap1+IFNG_SRC,0.3495098,0.36101562,0.96812934,0.866708,0.15267244,0.7670161768328012,0.1951606129414238,0.8942834666470102,0.8924762893288088,1.0020249023305263,2421,1691,1.748100996017456,1.845596194267273,0.9471741318702698,0.42794546484947205,0.07720669358968735,0.09963454694789145,0.08307692307692309,0.7123036977966217,0.7243136193835975,0.9834188930518849,11.0,14.0,hap1+IFNG_SRC,hap1+IFNG,SRC,False,True,0
hap1+IFNG_STAT1,0.32303998,0.3276395,0.9859617,0.8852365,0.13204162,0.8267188028416325,0.19083993604970254,0.9118664892476387,0.9107819522764592,1.0011907756499443,2382,1794,1.1279791593551636,1.1381851434707642,0.991033136844635,0.6792917251586914,-0.12198999524116516,0.6584615384615385,-0.18384615384615385,0.8849865755699707,0.8926537096410021,0.9914108528444755,13.0,12.0,hap1+IFNG_STAT1,hap1+IFNG,STAT1,False,True,0
hap1+IFNG_STAT2,0.327262,0.34967744,0.9358968,0.8702004,0.20409653,0.7763057258790736,0.27061067428041047,0.8969504933252966,0.8945445213706397,1.0026896056005916,2560,1548,1.4997791051864624,1.6776963472366333,0.8939514756202698,0.4410732686519623,0.06106442213058472,0.39999999999999997,-0.07769230769230769,0.8045515235926232,0.8003264654352189,1.0052791683642583,17.0,8.0,hap1+IFNG_STAT2,hap1+IFNG,STAT2,False,True,0
hap1+IFNG_STAT3,0.3441748,0.34872067,0.98696417,0.87845206,0.14404742,0.811430922807806,0.17961205947189585,0.9059823482230439,0.9049768323314943,1.0011110957271239,2366,1783,0.8370251059532166,0.7842769622802734,1.067257046699524,,,,,,,,0.0,1.0,hap1+IFNG_STAT3,hap1+IFNG,STAT3,False,True,0
hap1+IFNG_TAPBPL,0.2993415,0.36384818,0.8227099,0.87043065,0.36334398,0.7323960459745369,0.42314729496205683,0.8961064725647496,0.8872400904786019,1.0099932162458585,2836,1262,0.8809641003608704,1.5656991004943848,0.5626649856567383,0.04659021273255348,0.49931323528289795,0.11886901547065043,0.5892307692307692,0.725635432678293,0.7663406159190499,0.9468836932361462,21.0,4.0,hap1+IFNG_TAPBPL,hap1+IFNG,TAPBPL,False,True,0
hap1+IFNG_TBX21,0.33320895,0.34338483,0.97036594,0.88073826,0.1641176,0.8120653216910384,0.20798268338946266,0.9075640498214416,0.9052350802841757,1.0025727787046597,2412,1731,,,,,,,,,,,,,hap1+IFNG_TBX21,hap1+IFNG,TBX21,False,False,0
hap1+IFNG_TRAFD1,0.34475586,0.34936675,0.98680216,0.8727772,0.13496867,0.7940968334551843,0.1918307741385142,0.900589278155584,0.9001073872831327,1.0005353704227513,2401,1734,1.7619729042053223,1.9538516998291016,0.9017946124076843,,,,,,,,1.0,0.0,hap1+IFNG_TRAFD1,hap1+IFNG,TRAFD1,False,True,0
hap1+IFNG_TSC22D1,0.34468853,0.34709224,0.9930747,0.87892765,0.14085479,0.7971681687389898,0.19785998190227988,0.9062518464638771,0.9056354239901504,1.0006806519018556,2463,1687,0.7412997484207153,0.539057195186615,1.375178337097168,,,,,,,,0.0,1.0,hap1+IFNG_TSC22D1,hap1+IFNG,TSC22D1,False,True,0
hap1+IFNG_ZC3H3,0.31986856,0.35651436,0.8972109,0.8641639,0.25531644,0.7643774108994822,0.3318548260302473,0.8914517224053244,0.8883316512382943,1.0035122818855784,2703,1401,2.0361363887786865,2.4750640392303467,0.8226600885391235,0.22508543729782104,0.24125175178050995,0.06076923076923077,0.39615384615384613,0.6683017040710472,0.7032469261218343,0.95030874540256,19.0,6.0,hap1+IFNG_ZC3H3,hap1+IFNG,ZC3H3,False,True,0
hap1+IFNG_ZFP36,0.34144777,0.3460402,0.98672867,0.8767037,0.1312317,0.7942377151559095,0.21138947669275032,0.9039295626173207,0.903626210622808,1.0003357051742707,2483,1651,,,,,,,,,,,,,hap1+IFNG_ZFP36,hap1+IFNG,ZFP36,False,True,0
hap1+IFNG_ZNF267,0.31601784,0.34341204,0.9202293,0.8739153,0.24147624,0.7784090163390568,0.3047681061558052,0.9004099324608188,0.8967015185275474,1.0041356168765732,2633,1475,1.315660834312439,1.652889370918274,0.7959763407707214,0.16064265370368958,0.2181512713432312,0.4653846153846154,0.3469230769230769,0.5986880976928788,0.6201248461591983,0.965431560113919,23.0,2.0,hap1+IFNG_ZNF267,hap1+IFNG,ZNF267,False,True,0
hap1+IFNG_ZNFX1,0.3405311,0.34973782,0.9736754,0.87605774,0.16486701,0.7995290462702476,0.20971637346473854,0.9031724907428549,0.9016046311171235,1.0017389658078717,2431,1699,3.6172821521759033,2.2785613536834717,1.587528944015503,0.3270569145679474,-0.8025287389755249,0.6000000000000001,-1.0,0.8179475787156033,0.88161791730955,0.9277801218148439,1.0,3.0,hap1+IFNG_ZNFX1,hap1+IFNG,ZNFX1,False,True,0
hap1+INS_POLR2L,0.0296672,0.38615224,0.076827735,0.9879293,0.95861876,0.7547183082013222,0.823365962316331,0.9900804143066996,0.8806784866859576,1.1242245941903584,3346,718,0.05874648690223694,1.520617961883545,0.03863329812884331,0.1780388206243515,0.9905866980552673,0.42903020829244387,0.9076923076923077,0.5460262645134769,0.4883465057305415,1.118112361010241,15.0,10.0,hap1+INS_POLR2L,hap1+INS,POLR2L,True,False,0
hap1+INS_SREBF2,0.009517246,0.3643382,0.02612201,0.99699724,0.9882604,0.8792298608933667,0.9073039996024719,0.997682097754381,0.9026971703665414,1.1052234686293199,3680,631,0.003999948501586914,0.005971030797809362,0.669892430305481,,,,,,,,1.0,0.0,hap1+INS_SREBF2,hap1+INS,SREBF2,True,False,0
hap1+TGFB_RUNX1,0.013423384,0.22802272,0.058868624,0.995685,0.97018224,0.8968616311820287,0.8708961133455876,0.9966947698738372,0.9405324459585839,1.0597133295683523,3531,686,,,,,,,,,,,,,hap1+TGFB_RUNX1,hap1+TGFB,RUNX1,True,False,0
hap1+TGFB_SKP1,0.09645678,0.2962268,0.325618,0.9728287,0.8330953,0.7582900000152283,0.6651252919674209,0.9769847600250652,0.9042609283624032,1.0804235031965421,3023,930,0.2638445496559143,1.0959115028381348,0.24075351655483246,0.4205493628978729,0.9515023231506348,0.3430186980674246,0.9323076923076923,0.6818027181801476,0.7242480466519727,0.9413939344841317,16.0,9.0,hap1+TGFB_SKP1,hap1+TGFB,SKP1,True,False,0
hap1+TNFA_CASP3,0.016329056,0.40509194,0.040309504,0.99476254,0.980232,0.810954861785308,0.8718119581061473,0.9958650679792327,0.8866574957778995,1.123167708750402,3501,689,0.05363881215453148,0.5623067617416382,0.09539065510034561,0.7891358137130737,0.982512891292572,0.7969230769230768,0.936923076923077,0.8718452353829221,0.4303528430429564,2.025884688522663,18.0,7.0,hap1+TNFA_CASP3,hap1+TNFA,CASP3,True,False,0
hap1+TNFA_IKBKE,0.018305996,0.40038767,0.045720678,0.99429893,0.97900206,0.8805309666177553,0.8964389672798883,0.9955750100085291,0.8920037284323892,1.1161108168887999,3618,614,0.1509595662355423,2.3937370777130127,0.06306438893079758,-1.0,1.0,-0.9999999999999999,0.9999999999999999,0.8897952783040763,0.997709745797833,0.8918378136043351,2.0,0.0,hap1+TNFA_IKBKE,hap1+TNFA,IKBKE,True,False,0
hap1+TNFA_ITCH,0.02996013,0.4085478,0.07333323,0.99010545,0.96543306,0.8700885349182161,0.868449628843625,0.9920511008131211,0.8872502533577251,1.118118701075357,3476,696,0.1255645602941513,0.8039302229881287,0.15618838369846344,0.9681357741355896,0.925581693649292,0.6953846153846154,0.8453846153846154,0.9576947218598256,0.7426265810625374,1.2896046900039215,19.0,6.0,hap1+TNFA_ITCH,hap1+TNFA,ITCH,True,False,0
hap1+TNFA_MAP2K3,0.016933503,0.40061,0.042269297,0.99445355,0.98008794,0.9024108040097695,0.9100223133570837,0.99571152550413,0.8926084506434503,1.1155076167902693,3695,558,,,,,,,,,,,,,hap1+TNFA_MAP2K3,hap1+TNFA,MAP2K3,True,False,0
hap1+TNFA_NFAT5,0.041502327,0.42038018,0.0987257,0.98820525,0.95743454,0.8391986811313289,0.8289265799784028,0.9899930593107229,0.8782324052376793,1.1272563542480505,3401,752,0.4649945795536041,2.2291507720947266,0.20859718322753906,0.9297345280647278,0.9131572842597961,0.584241211009751,0.8907692307692309,0.8935605085868625,0.6049606944125284,1.4770554795375437,18.0,7.0,hap1+TNFA_NFAT5,hap1+TNFA,NFAT5,True,False,0
ht29+IFNB_PARP12,0.035974607,0.24730435,0.14546694,0.99225986,0.9407941,0.6885225305701939,0.8255987873389056,0.9934462112783866,0.9341713437228751,1.0634518152947063,3446,756,1.1722129583358765,0.11193002015352249,10.47273063659668,,,,,,,,0.0,1.0,ht29+IFNB_PARP12,ht29+IFNB,PARP12,True,False,0
ht29+IFNG_FOXN3,0.05024158,0.25949395,0.19361368,0.9832678,0.89802307,0.848758429982327,0.8185108367033458,0.9868907905911338,0.9302124065223779,1.060930582812424,3387,777,,,,,,,,,,,,,ht29+IFNG_FOXN3,ht29+IFNG,FOXN3,True,False,0
ht29+IFNG_KLF4,0.04911437,0.26114556,0.18807277,0.98367864,0.9016498,0.8483192368721582,0.8032612905891482,0.987080759237171,0.9286796661102605,1.0628861546754018,3291,809,0.04619147628545761,0.5167607665061951,0.08938657492399216,0.7415825128555298,0.9621204733848572,0.7134387351778656,0.9644268774703558,0.8905374663564551,0.7347810243853542,1.2119766798569567,17.0,6.0,ht29+IFNG_KLF4,ht29+IFNG,KLF4,True,False,0
ht29+IFNG_RUNX1,0.042429723,0.25821427,0.16431983,0.986283,0.91580117,0.8790311281660547,0.8413756744993279,0.9892532233976634,0.9309057587570776,1.062678164885874,3457,736,,,,,,,,,,,,,ht29+IFNG_RUNX1,ht29+IFNG,RUNX1,True,False,0
ht29+TGFB_PRKCA,0.02139851,0.21952422,0.097476766,0.9935146,0.95284903,0.8369244680055202,0.845525240001007,0.9948487240387608,0.9427699236968935,1.0552402012758852,3458,680,,,,,,,,,,,,,ht29+TGFB_PRKCA,ht29+TGFB,PRKCA,True,False,0
ht29+TGFB_RUNX1,0.022248533,0.21501401,0.1034748,0.99312836,0.94837964,0.8906031887908291,0.8300805334793141,0.9946868631589805,0.9443569880475153,1.0532953912010792,3497,720,,,,,,,,,,,,,ht29+TGFB_RUNX1,ht29+TGFB,RUNX1,True,False,0
ht29+TGFB_SMAD1,0.015213568,0.22136633,0.06872575,0.9950226,0.96505034,0.8472150549165524,0.8607089238637488,0.9961085141834282,0.9415325097180955,1.0579650770440983,3457,631,0.006517704110592604,0.5690942406654358,0.011452767997980118,-1.0,1.0,-0.9999999999999999,0.9999999999999999,0.9835529752201838,0.9438005301634806,1.0421195409265318,2.0,0.0,ht29+TGFB_SMAD1,ht29+TGFB,SMAD1,True,False,0
ht29+TNFA_CASP3,0.023042254,0.22854018,0.10082365,0.993029,0.9500094,0.801370627259075,0.8353109828090712,0.9945107077269523,0.9392825921017771,1.0587981892665492,3419,755,0.018792539834976196,0.2336135357618332,0.08044285327196121,0.528260350227356,0.9535633325576782,0.44649743792302604,0.9284615384615384,0.8176346473116838,0.786435948044783,1.0396709984385457,17.0,8.0,ht29+TNFA_CASP3,ht29+TNFA,CASP3,True,False,0
ht29+TNFA_ITCH,0.025799472,0.2354271,0.10958582,0.9917013,0.9451457,0.8498501703708732,0.8367202831250315,0.9934372946726705,0.936858378258761,1.060392176370421,3417,716,0.0321209691464901,0.36996421217918396,0.08682182431221008,0.5359520316123962,0.9636210799217224,0.4460705625028411,0.8776923076923077,0.822904942036437,0.765486323479503,1.0750093330158257,16.0,9.0,ht29+TNFA_ITCH,ht29+TNFA,ITCH,True,False,0
ht29+TNFA_MAP2K3,0.020874053,0.22372055,0.093304135,0.99318254,0.95220387,0.8796437934391348,0.8724428783700735,0.9946946621496723,0.9417779014548592,1.0561881528681734,3609,649,0.02621658518910408,0.0848846361041069,0.30884960293769836,0.9950289130210876,0.9653308987617493,0.8333333333333333,0.9500000000000001,0.9932009914096822,0.5887875437057741,1.6868580220949774,9.0,0.0,ht29+TNFA_MAP2K3,ht29+TNFA,MAP2K3,True,False,0
k562+IFNG_KLF4,0.0400008,0.4811188,0.083141215,0.98449945,0.9572742,0.8306409752584047,0.829341053665054,0.9873553345222293,0.8528626166136379,1.1576956420514783,3367,751,0.2566136419773102,2.870027780532837,0.08941155672073364,0.7955607175827026,0.9860929846763611,0.8107692307692308,0.9569230769230769,0.9312969616597434,0.6808678463923811,1.3678086967893637,20.0,5.0,k562+IFNG_KLF4,k562+IFNG,KLF4,True,False,0
k562+IFNG_PARP12,0.07110546,0.4611795,0.15418175,0.9872081,0.94271594,0.6751419499902538,0.785355072157662,0.9888049092253798,0.8648808190898463,1.1432845860380445,3363,823,0.6695501804351807,0.7226474285125732,0.9265239834785461,0.8522775173187256,0.5797352194786072,1.0,0.7999999999999999,0.8143871436938319,0.8213626827002839,0.9915073582555279,4.0,0.0,k562+IFNG_PARP12,k562+IFNG,PARP12,True,False,0
k562+IFNG_RNF14,0.026447367,0.46492597,0.056885112,0.98994136,0.9707571,0.863315288384113,0.8611474972862396,0.9919608284261735,0.8610886137048787,1.1519846072034448,3457,683,,,,,,,,,,,,,k562+IFNG_RNF14,k562+IFNG,RNF14,True,False,0
k562+INS_IRS2,0.013008331,0.4082021,0.031867377,0.9952665,0.984874,0.8762144939608174,0.8883079716978866,0.9962382103969917,0.8812653654695248,1.1304633648755855,3676,722,0.15608294308185577,0.12371741235256195,1.2616084814071655,0.6736747622489929,0.16498517990112305,0.8999999999999998,0.39999999999999997,0.8116209856044359,0.9160856984024923,0.8859662223957581,3.0,2.0,k562+INS_IRS2,k562+INS,IRS2,True,False,0
k562+INS_POLR2L,0.04116367,0.42248544,0.09743217,0.9912621,0.96548164,0.7149480760238597,0.8155067889964879,0.9923717624344516,0.8727838692417621,1.1370189085833844,3345,783,0.08020074665546417,0.6939014196395874,0.11557945609092712,0.5244537591934204,0.9288636445999146,0.6000000000000001,0.9353846153846154,0.6400453981046041,0.5515931318638334,1.1603578092821614,19.0,6.0,k562+INS_POLR2L,k562+INS,POLR2L,True,False,0
k562+INS_SREBF2,0.0118213575,0.4102876,0.02881237,0.99573004,0.98641145,0.8904359436348147,0.9035669274729108,0.9965613662968704,0.8801040476368699,1.1323222168704883,3680,648,0.022727983072400093,0.07700430601835251,0.29515209794044495,0.6957640051841736,0.5954165458679199,0.6,0.6571428571428573,0.9187087065956232,0.9486450110366293,0.9684430908372212,6.0,0.0,k562+INS_SREBF2,k562+INS,SREBF2,True,False,0
k562+TGFB_RUNX1,0.014304428,0.34828997,0.041070458,0.9946187,0.9792076,0.9018192550917055,0.8833888448472594,0.9958117484786939,0.895579635023158,1.111918705535264,3528,649,,,,,,,,,,,,,k562+TGFB_RUNX1,k562+TGFB,RUNX1,True,False,0
k562+TGFB_SKP1,0.052980933,0.44759238,0.118368715,0.976941,0.9363929,0.7495020622961391,0.8080468757894053,0.9805611106873462,0.8553663719352614,1.1463638773509792,3318,759,0.44800883531570435,2.6583261489868164,0.1685304194688797,0.8151395320892334,0.9799650311470032,0.74,0.9792307692307692,0.936233907317474,0.6221832169596677,1.5047559654412284,18.0,7.0,k562+TGFB_SKP1,k562+TGFB,SKP1,True,False,0
k562+TGFB_SMAD1,0.014619586,0.36183593,0.04040391,0.9949678,0.980424,0.8400703406469882,0.8777316130195402,0.9960077328360526,0.8889020294281431,1.1204921350858135,3483,653,,,,,,,,,,,,,k562+TGFB_SMAD1,k562+TGFB,SMAD1,True,False,0
k562+TNFA_CASP3,0.018318143,0.43628085,0.041987043,0.994523,0.9816015,0.8280055849702321,0.866977938527128,0.9955501779140619,0.8702366977494853,1.1439993055781825,3460,638,0.013413451611995697,0.6926157474517822,0.019366368651390076,0.7109414339065552,0.9933871030807495,0.6798848192323154,0.9638461538461539,0.9102669367870719,0.7093799336470024,1.2831867573519973,18.0,7.0,k562+TNFA_CASP3,k562+TNFA,CASP3,True,False,0
k562+TNFA_IKBKE,0.01995752,0.43108907,0.046295583,0.99322325,0.97835064,0.8775261114844322,0.8903811714020593,0.9945793326544182,0.873626584432624,1.138449024305215,3581,597,,,,,,,,,,,,,k562+TNFA_IKBKE,k562+TNFA,IKBKE,True,False,0
k562+TNFA_ITCH,0.027072562,0.4447588,0.06087021,0.9899925,0.96955776,0.8723779256820869,0.8703638204156994,0.9919935232780964,0.8658039340685104,1.1457484590265221,3457,614,0.1807282567024231,0.8906795978546143,0.20291051268577576,0.9036622047424316,0.9000078439712524,0.31769230769230766,0.7892307692307692,0.9016257119489889,0.6848847467877673,1.3164634139945088,17.0,8.0,k562+TNFA_ITCH,k562+TNFA,ITCH,True,False,0
mcf7+IFNB_PARP12,0.04419164,0.238419,0.18535285,0.9905335,0.9200493,0.7109642350700125,0.8108581061687002,0.9922009001261363,0.9345400139665453,1.061699750998201,3445,817,0.02407665178179741,0.20125584304332733,0.1196320652961731,0.994112491607666,0.9727639555931091,0.6,0.9999999999999999,0.9920895567522594,0.9021427127348811,1.099703564355911,5.0,0.0,mcf7+IFNB_PARP12,mcf7+IFNB,PARP12,True,False,0
mcf7+IFNG_KLF4,0.033637036,0.3426626,0.09816372,0.9885815,0.9497332,0.8405443437448983,0.83294885784369,0.9909510868767064,0.9030852871493857,1.097295129239312,3446,724,0.1290237456560135,0.9881749153137207,0.13056771457195282,0.9916773438453674,0.9989253282546997,1.0,1.0,0.9615191899933033,0.43679072843859323,2.201326922461175,3.0,0.0,mcf7+IFNG_KLF4,mcf7+IFNG,KLF4,True,False,0
mcf7+IFNG_TBX21,0.019343315,0.34034926,0.05683372,0.99347585,0.9715756,0.8641282102609974,0.8848816999884518,0.9948780403762747,0.9055515477247653,1.0986431891988322,3589,612,,,,,,,,,,,,,mcf7+IFNG_TBX21,mcf7+IFNG,TBX21,True,False,0
mcf7+INS_DR1,0.037683148,0.31175005,0.120876156,0.98677796,0.93695444,0.8116067615778971,0.8431027520375068,0.9894720222700021,0.9098499274992767,1.0875112393420383,3468,641,0.29925113916397095,0.7828376889228821,0.3822646141052246,0.8345053195953369,0.8103422522544861,0.8653846153846154,0.8630769230769231,0.8988457145259381,0.7095134555668485,1.2668480174316457,19.0,6.0,mcf7+INS_DR1,mcf7+INS,DR1,True,False,0
mcf7+INS_IRS2,0.018386053,0.302493,0.060781747,0.99372315,0.9691572,0.8424286670054505,0.8688287258217746,0.9950697842898142,0.9154982444669696,1.0869161031206276,3604,740,0.009149029850959778,0.250067800283432,0.03658619895577431,0.9984852075576782,0.9992936849594116,1.0,1.0,0.9910074581163861,0.719482654245661,1.3773889506139718,2.0,1.0,mcf7+INS_IRS2,mcf7+INS,IRS2,True,False,0
mcf7+TGFB_PRKCA,0.029913666,0.23395371,0.12786147,0.9909388,0.9353795,0.8062182680031835,0.798715327697394,0.9927988115837243,0.9341807405175842,1.0627481048620877,3337,841,,,,,,,,,,,,,mcf7+TGFB_PRKCA,mcf7+TGFB,PRKCA,True,False,0
mcf7+TGFB_SMAD1,0.030023325,0.25165328,0.11930432,0.98932886,0.9366756,0.8137208086704305,0.7916609803467042,0.9913278039313369,0.9273751152761853,1.0689609712420476,3290,872,,,,,,,,,,,,,mcf7+TGFB_SMAD1,mcf7+TGFB,SMAD1,True,False,0
mcf7+TNFA_IKBKE,0.04727793,0.22200893,0.21295509,0.9840865,0.8903892,0.8628034922651425,0.8047402648199052,0.9876029935303621,0.938694338492893,1.0521028550315896,3464,705,0.03431858867406845,0.15448009967803955,0.2221554070711136,0.580045759677887,0.9125136733055115,0.42857142857142866,0.8571428571428573,0.8643714606565777,0.699810930276505,1.2351499858898354,5.0,2.0,mcf7+TNFA_IKBKE,mcf7+TNFA,IKBKE,True,False,0
mcf7+TNFA_ITCH,0.050584026,0.25942495,0.1949852,0.9824637,0.89840627,0.8590483231534053,0.7772011467222302,0.9859123821586625,0.9251273393361847,1.0657045146521056,3295,800,0.11876008659601212,0.7211158871650696,0.1646893173456192,0.8916639089584351,0.8487675189971924,0.7436045530898616,0.8815384615384615,0.9111240615195183,0.7272435942335943,1.2528457709960394,19.0,6.0,mcf7+TNFA_ITCH,mcf7+TNFA,ITCH,True,False,0
mcf7+TNFA_MAP2K3,0.040211644,0.22593652,0.17797762,0.986102,0.90722346,0.8884139133711547,0.8221022407753742,0.9892151949014488,0.9375198548618686,1.0551405282474757,3498,694,0.031035952270030975,0.9764612913131714,0.03178410977125168,1.0,1.0,0.9999999999999999,0.9999999999999999,0.9905909330902035,0.9999799274259797,0.990610817199157,1.0,1.0,mcf7+TNFA_MAP2K3,mcf7+TNFA,MAP2K3,True,False,0
a549+IFNB_BRD9,0.027356548,0.39220586,0.06975048,0.99223804,0.96574837,0.8385387688990475,0.8644849013668869,0.9940219998225552,0.9049232928449218,1.0984599553156849,3582,710,,,,,,,,,,,,,a549+IFNB_BRD9,a549+IFNB,BRD9,True,False,1
a549+IFNB_IRF3,0.039440732,0.39539635,0.09974986,0.98754454,0.94922435,0.8177012850852718,0.8489911608844499,0.9902517154454757,0.8956281019827422,1.1056505632787266,3530,718,0.20207111537456512,0.727385401725769,0.27780473232269287,0.7840835452079773,0.9095577001571655,0.7184615384615384,0.9138461538461539,0.9262451106033235,0.7432487207193129,1.246211510067461,19.0,6.0,a549+IFNB_IRF3,a549+IFNB,IRF3,True,False,1
a549+IFNB_TRIM21,0.05528783,0.3946664,0.1400875,0.98676205,0.94019794,0.8402772038608689,0.7949106519111411,0.9890138090978052,0.8899185219234036,1.1113532135056865,3341,894,0.3194318115711212,0.9412686824798584,0.3393630385398865,0.7309471368789673,0.9404259920120239,0.8278515252195459,0.9015384615384615,0.9183348613151024,0.6971207369804535,1.317325410936458,14.0,11.0,a549+IFNB_TRIM21,a549+IFNB,TRIM21,True,False,1
a549+INS_EIF2B1,0.036239013,0.32081395,0.11295959,0.9890217,0.94223976,0.8698734123806995,0.802236443416032,0.991549839750748,0.9228093573855985,1.074490447907786,3362,821,,,,,,,,,,,,,a549+INS_EIF2B1,a549+INS,EIF2B1,True,False,1
a549+INS_FOXM1,0.03017426,0.31741595,0.0950622,0.9906817,0.9514123,0.8321441536732792,0.8311183171232562,0.992770679116732,0.9215577738727676,1.0772744881145089,3424,724,0.13723327219486237,0.34116244316101074,0.4022519886493683,1.0,1.0,0.9999999999999999,0.9999999999999999,0.973235888493924,0.8757005050900626,1.1113798414377187,2.0,0.0,a549+INS_FOXM1,a549+INS,FOXM1,True,False,1
a549+INS_GRB10,0.026959388,0.31908065,0.08449083,0.99176925,0.956957,0.8619632458737408,0.8202715763979778,0.9936427703084332,0.9229382048555663,1.076608125095365,3363,833,,,,,,,,,,,,,a549+INS_GRB10,a549+INS,GRB10,True,False,1
a549+INS_RPS6KB1,0.029836133,0.3220687,0.09263904,0.99095047,0.9529319,0.8576175007208803,0.8165997285231271,0.9930206462264589,0.9224356838518233,1.076520199305271,3406,780,,,,,,,,,,,,,a549+INS_RPS6KB1,a549+INS,RPS6KB1,True,False,1
a549+INS_SHC1,0.040548485,0.3199436,0.12673634,0.98727715,0.93461835,0.8292789793639497,0.7967441442569904,0.9900352206862367,0.9186028272823235,1.077762000379691,3353,782,0.19681043922901154,0.47622233629226685,0.41327425837516785,0.5442761778831482,0.8165127038955688,0.4915384615384616,0.8253846153846154,0.8545644013654362,0.7580153275307328,1.1273708727621856,17.0,8.0,a549+INS_SHC1,a549+INS,SHC1,True,False,1
a549+INS_SRF,0.035378326,0.32132626,0.11010095,0.98932314,0.94589984,0.8364012365225653,0.8128247376564501,0.9915277171400436,0.9149443531468251,1.083702756052672,3346,761,0.17130529880523682,0.9143831133842468,0.1873452067375183,0.5941838622093201,0.8907314538955688,0.6646153846153847,0.93,0.8243530952536147,0.6991454546804442,1.1790866832287406,21.0,4.0,a549+INS_SRF,a549+INS,SRF,True,False,1
a549+TGFB_RPS6KB1,0.027515545,0.35556552,0.07738531,0.99170804,0.9612616,0.8484825351896627,0.8545266150893043,0.9936180228890623,0.9133435478126206,1.0878907780853022,3501,743,,,,,,,,,,,,,a549+TGFB_RPS6KB1,a549+TGFB,RPS6KB1,True,False,1
a549+TNFA_CREB1,0.03241767,0.22739014,0.1425641,0.98987603,0.92587894,0.8528450539738479,0.8019047796839447,0.9922586318829345,0.945328549360828,1.0496442031226474,3286,803,0.01267849188297987,0.07985128462314606,0.15877629816532135,0.4425058960914612,0.9503138661384583,0.5,0.5,0.9154791601293115,0.6617170852175851,1.3834902869831216,1.0,2.0,a549+TNFA_CREB1,a549+TNFA,CREB1,True,False,1
a549+TNFA_MAP3K14,0.025966901,0.23268525,0.11159668,0.99201334,0.9433116,0.8604352660037377,0.8427202552969012,0.9938509067824878,0.943801052811591,1.05303008915046,3416,645,0.003679810091853142,0.8121703267097473,0.004530835431069136,0.9593225717544556,0.9988727569580078,0.6571428571428573,0.942857142857143,0.9751972249770046,0.9416515109211857,1.0356243404983254,6.0,0.0,a549+TNFA_MAP3K14,a549+TNFA,MAP3K14,True,False,1
a549+TNFA_TNFRSF1A,0.038235705,0.20917994,0.18278858,0.9903122,0.9185742,0.8442125789944498,0.7414007344447954,0.9923282205080473,0.9433111786095478,1.0519627488892385,3140,885,0.8374874591827393,1.8463183641433716,0.45359861850738525,0.7154610753059387,0.705461323261261,0.7084615384615385,0.7415384615384616,0.9427181044101584,0.8597605675535138,1.0964891156763608,15.0,10.0,a549+TNFA_TNFRSF1A,a549+TNFA,TNFRSF1A,True,False,1
a549+TNFA_TRAF3,0.025724431,0.24015927,0.10711405,0.9920155,0.94534683,0.8549411481373966,0.8417203899421185,0.993858612970168,0.9418390829496175,1.0552318659973607,3399,693,0.349661260843277,0.5418946146965027,0.6452569365501404,0.6193134188652039,0.6237688064575195,0.6964285714285713,0.4892857142857142,0.7719893183410075,0.5671744885365455,1.3611143200973943,9.0,6.0,a549+TNFA_TRAF3,a549+TNFA,TRAF3,True,False,1
bxpc3+IFNB_BRD9,0.02926019,0.3466027,0.08441997,0.9912859,0.95782685,0.8794232346406512,0.8712003183108308,0.9934191035321311,0.9172370042321523,1.0830560683318193,3501,676,0.3119041919708252,0.29519304633140564,1.0566109418869019,0.38886183500289917,0.3912043571472168,0.44175824175824174,0.3538461538461538,0.6013882814028197,0.568805854074476,1.0572821589210957,10.0,4.0,bxpc3+IFNB_BRD9,bxpc3+IFNB,BRD9,True,False,1
bxpc3+IFNB_IRF3,0.08629127,0.32312915,0.26704887,0.98027945,0.88585085,0.840842069104358,0.7324275125622928,0.983861152321921,0.9000996423885307,1.0930580415642854,2968,878,0.16959810256958008,0.6257517337799072,0.2710309624671936,0.3350429832935333,0.9447863698005676,0.5059451419568818,0.8638461538461538,0.7210619650216423,0.5668202287259213,1.272117557699767,14.0,11.0,bxpc3+IFNB_IRF3,bxpc3+IFNB,IRF3,True,False,1
bxpc3+IFNB_MAP3K14,0.032215986,0.3560941,0.09047043,0.99054563,0.95551443,0.896618580650004,0.8778368851418976,0.9927907004807336,0.9157367120381098,1.0841442604950593,3556,630,0.006525838747620583,0.06865986436605453,0.09504590183496475,0.5736489295959473,0.9541148543357849,0.7619047619047621,0.6428571428571429,0.9049798172114182,0.6747191954144579,1.3412688172529592,7.0,1.0,bxpc3+IFNB_MAP3K14,bxpc3+IFNB,MAP3K14,True,False,1
bxpc3+IFNB_STAT5A,0.02254041,0.3545709,0.063570954,0.9931042,0.967475,0.9160062573849632,0.8848314029491874,0.9948114701701078,0.9168296605829186,1.0850559410759122,3663,667,0.0006207605474628508,0.10581570118665695,0.005866431165486574,0.9710224866867065,0.9985218048095703,1.0,1.0,0.9877129959913812,0.7257327409504262,1.360987234361045,2.0,1.0,bxpc3+IFNB_STAT5A,bxpc3+IFNB,STAT5A,True,False,1
bxpc3+IFNB_TRIM21,0.08787902,0.31656182,0.2776046,0.9833315,0.89714944,0.8526961369143117,0.7083871414666038,0.9860620596918996,0.903138204292514,1.0918174593935435,2865,1025,0.17317955195903778,0.6857090592384338,0.2525554299354553,0.6060663461685181,0.9686768054962158,0.4275662881902662,0.8330769230769232,0.77115957651247,0.5243762883362637,1.470622516054641,11.0,14.0,bxpc3+IFNB_TRIM21,bxpc3+IFNB,TRIM21,True,False,1
bxpc3+INS_FOXM1,0.031138867,0.2818031,0.11049867,0.9903124,0.9438779,0.8795861334464042,0.8006996035011696,0.9926216092193481,0.9300016565277999,1.067333162529347,3499,849,0.29553624987602234,0.09732559323310852,3.0365726947784424,0.6324687004089355,-0.04307445138692856,0.7038461538461539,0.010769230769230769,0.8088281424796715,0.9242464300731719,0.8751217382745392,12.0,13.0,bxpc3+INS_FOXM1,bxpc3+INS,FOXM1,True,False,1
bxpc3+INS_GRB10,0.020651504,0.2790039,0.074018694,0.99356705,0.9627539,0.8995852528741111,0.8417849918272745,0.9951529004827849,0.9322983436468677,1.0674189300713002,3672,858,0.9176592826843262,1.5800065994262695,0.5807945728302002,0.6427419781684875,0.7749737501144409,0.7142857142857143,0.4285714285714286,0.7906250469607576,0.5955814874896913,1.3274842545780812,2.0,4.0,bxpc3+INS_GRB10,bxpc3+INS,GRB10,True,False,1
bxpc3+INS_RPS6KB1,0.02022039,0.27953842,0.07233492,0.9940485,0.96493435,0.900802044930985,0.8474624037163828,0.9955191217745158,0.9323160427176389,1.0677914743080514,3675,795,0.10673031955957413,0.12250003963708878,0.8712676167488098,0.9453451037406921,0.7178402543067932,0.3,0.7,0.9396731764483851,0.7321168402705566,1.2835016554203633,4.0,1.0,bxpc3+INS_RPS6KB1,bxpc3+INS,RPS6KB1,True,False,1
bxpc3+INS_SHC1,0.031866893,0.28235668,0.11286042,0.9911688,0.94482976,0.8746104237099196,0.8007647700527575,0.9933111505866256,0.9314719514371986,1.0663886862658754,3488,897,0.14878138899803162,0.2183324098587036,0.6814443469047546,0.7483656406402588,0.673445463180542,0.7346153846153847,0.48538461538461536,0.8077466032027715,0.6630791918875796,1.2181751638192249,19.0,6.0,bxpc3+INS_SHC1,bxpc3+INS,SHC1,True,False,1
bxpc3+TNFA_CREB1,0.04159432,0.34322688,0.12118608,0.98654246,0.9383009,0.8398682788104849,0.8229964362104557,0.9897059054446388,0.9102507638950207,1.0872892885138865,3367,754,0.14179258048534393,0.035562168806791306,3.9871747493743896,0.9695133566856384,0.9751898050308228,1.0,1.0,0.9824656768922048,0.8663807088339526,1.1339884035673982,4.0,0.0,bxpc3+TNFA_CREB1,bxpc3+TNFA,CREB1,True,False,1
bxpc3+TNFA_MAP3K14,0.032527737,0.33110785,0.0982391,0.99016166,0.9522551,0.8417887109071741,0.8444828790590961,0.9924406807343212,0.9140129938247037,1.0858058774213215,3457,682,0.16601264476776123,0.11002414673566818,1.5088746547698975,0.5034390091896057,0.7701546549797058,0.5,0.5,0.8413864398984172,0.8810833193702198,0.9549453739514929,2.0,1.0,bxpc3+TNFA_MAP3K14,bxpc3+TNFA,MAP3K14,True,False,1
bxpc3+TNFA_TNFRSF1A,0.12860782,0.341497,0.37660015,0.97441185,0.8405912,0.8204176960639138,0.6591596281660927,0.9779677412790504,0.8936871123921147,1.0943066401185346,2936,1051,0.3517366349697113,0.8776810169219971,0.4007568061351776,0.47926855087280273,0.9431255459785461,0.4544652252152694,0.7723076923076923,0.7398419234111817,0.459370480260501,1.610556087521406,10.0,15.0,bxpc3+TNFA_TNFRSF1A,bxpc3+TNFA,TNFRSF1A,True,False,1
hap1+IFNB_BRD9,0.026806042,0.3427171,0.07821623,0.99157465,0.9616529,0.8635908787302377,0.8779434521306307,0.9935089699436631,0.9093585978900255,1.092538160686984,3550,640,,,,,,,,,,,,,hap1+IFNB_BRD9,hap1+IFNB,BRD9,True,False,1
hap1+INS_EIF2B1,0.019908858,0.37082645,0.053687807,0.9936914,0.97585416,0.8681359135951882,0.8636935060069516,0.994865655910872,0.8967485411198757,1.1094143009906277,3459,677,0.05429923161864281,0.6165921688079834,0.08806344866752625,0.867800772190094,0.9907214641571045,0.5065436450919847,0.9661538461538461,0.8353879547014812,0.35415762707662246,2.3588026653474947,18.0,7.0,hap1+INS_EIF2B1,hap1+INS,EIF2B1,True,False,1
hap1+INS_RPS6KB1,0.012274052,0.3628072,0.033830784,0.99604654,0.9845103,0.8635599605079187,0.882219306769541,0.9968716729574508,0.8999338297732714,1.1077166342425442,3513,660,0.02358756959438324,0.6490203738212585,0.03634334355592728,0.8035642504692078,0.9917309284210205,0.6301211888055839,0.9538461538461538,0.8771831876899314,0.46861586382784015,1.8718597798306515,15.0,10.0,hap1+INS_RPS6KB1,hap1+INS,RPS6KB1,True,False,1
hap1+INS_SHC1,0.019069068,0.36009964,0.052954976,0.99478704,0.97598875,0.8530402751827841,0.8673651691703971,0.9959368388771374,0.9019975882758223,1.1041457891044708,3506,687,0.04582403600215912,0.24844542145729065,0.18444307148456573,0.5393070578575134,0.9028938412666321,0.502500999104268,0.9592307692307691,0.7108805638782977,0.5271147968867644,1.3486257036927956,20.0,5.0,hap1+INS_SHC1,hap1+INS,SHC1,True,False,1
hap1+INS_SRF,0.01905243,0.37404728,0.050935883,0.9937526,0.97763085,0.8481590660225584,0.8675816559584574,0.9948688274926029,0.8932533756283842,1.113758822117783,3447,680,0.06691819429397583,0.9815049767494202,0.0681791678071022,-0.1142268180847168,0.9813427329063416,0.019245579220820083,0.953076923076923,0.7611469360840091,0.5030604774000219,1.513032667598657,20.0,5.0,hap1+INS_SRF,hap1+INS,SRF,True,False,1
hap1+TNFA_CREB1,0.022417791,0.40973136,0.05471339,0.9927035,0.97308254,0.8340924697052337,0.8824238595946593,0.9943196665567677,0.8896465686005051,1.1176569456350773,3531,679,0.06776080280542374,0.4864597022533417,0.13929376006126404,0.7450261116027832,0.9047779440879822,0.6300963869155777,0.874505928853755,0.7150710149269905,0.34158171203108,2.0934112973294288,14.0,9.0,hap1+TNFA_CREB1,hap1+TNFA,CREB1,True,False,1
hap1+TNFA_MAP3K14,0.016414804,0.40368956,0.04066195,0.9946973,0.9806107,0.8544095006389153,0.9013026434515369,0.9958562582601511,0.8904591408484801,1.1183626654797914,3655,557,0.040335044264793396,0.22277525067329407,0.18105711042881012,0.9486719965934753,0.9733136296272278,0.19999999999999998,0.8999999999999998,0.982366866716841,0.5147812710837485,1.9083189733159935,5.0,0.0,hap1+TNFA_MAP3K14,hap1+TNFA,MAP3K14,True,False,1
hap1+TNFA_TNFRSF1A,0.02767218,0.41441527,0.06677404,0.9926598,0.9715621,0.8337362497883258,0.8404706352020667,0.9938655725138675,0.8813982952046973,1.1276009698691902,3395,766,0.16836608946323395,1.8536360263824463,0.09083017706871033,0.9365028738975525,0.976838231086731,0.8275599064952638,0.9776923076923076,0.8878779730842553,0.5102033381540683,1.7402433631591392,20.0,5.0,hap1+TNFA_TNFRSF1A,hap1+TNFA,TNFRSF1A,True,False,1
ht29+IFNB_ADAR,0.26457828,0.25688156,1.0299622,0.90537816,0.039287303,0.7840738205664018,0.144664293750781,0.9245823242238131,0.9272537103041341,0.9971190343585201,2341,1790,0.8942014575004578,0.8001089692115784,1.117599606513977,-0.010675545781850815,-0.25351330637931824,-0.0801542913680261,-0.15076923076923077,0.5690820011069572,0.5787379868790398,0.9833154450010195,13.0,12.0,ht29+IFNB_ADAR,ht29+IFNB,ADAR,False,True,1
ht29+IFNB_AKT1,0.25784048,0.24634379,1.0466692,0.91198754,0.009380952,0.8314283589027892,0.10713287799987677,0.9317008882779988,0.9348445277100121,0.9966372596310598,2320,1888,,,,,,,,,,,,,ht29+IFNB_AKT1,ht29+IFNB,AKT1,False,True,1
ht29+IFNB_BATF2,0.2550519,0.24343875,1.0477047,0.91298795,0.030024212,0.83049643022436,0.10892715076096472,0.9324242921760445,0.9353044903591373,0.9969205769748984,2334,1859,2.7534666061401367,1.5967985391616821,1.7243669033050537,,,,,,,,0.0,1.0,ht29+IFNB_BATF2,ht29+IFNB,BATF2,False,True,1
ht29+IFNB_BRD9,0.25168723,0.2442368,1.030505,0.9135845,0.04563828,0.8201294358419299,0.16456294591532777,0.9329408501941208,0.9348961948228974,0.997908490119433,2428,1771,,,,,,,,,,,,,ht29+IFNB_BRD9,ht29+IFNB,BRD9,False,False,1
ht29+IFNB_CEBPB,0.26001742,0.25429234,1.0225137,0.9098162,0.039643317,0.8128812434359349,0.18530096231877322,0.9293203366565728,0.9308803858495575,0.9983241142291757,2444,1691,0.7004111409187317,0.7854874134063721,0.8916898369789124,0.12198449671268463,0.18849246203899384,0.2925328041564653,0.3546153846153846,0.41997387257568186,0.42080368936811163,0.9980280192084916,15.0,10.0,ht29+IFNB_CEBPB,ht29+IFNB,CEBPB,False,True,1
ht29+IFNB_CEBPG,0.25560436,0.24812259,1.0301535,0.91273344,0.057474934,0.8260697122755359,0.08652179153016458,0.932281735501287,0.9342553617291024,0.9978874873951351,2233,1957,,,,,,,,,,,,,ht29+IFNB_CEBPG,ht29+IFNB,CEBPG,False,True,1
ht29+IFNB_CRKL,0.2528507,0.25300798,0.9993784,0.9119729,0.103211835,0.790594178262528,0.18124916384176115,0.9307031448069821,0.9305709086266287,1.0001421022075025,2415,1737,0.7646453976631165,0.8808015584945679,0.8681244850158691,-0.07119735330343246,0.3175096809864044,-0.1842662084480309,0.22153846153846157,0.6353342591518938,0.6190005314033318,1.0263872596547403,15.0,10.0,ht29+IFNB_CRKL,ht29+IFNB,CRKL,False,True,1
ht29+IFNB_DRAP1,0.25758067,0.24754448,1.040543,0.9121389,0.035833266,0.8204873591417946,0.09878819196506837,0.9316246456489351,0.9343610785136033,0.9970713325634012,2275,1906,0.7122340798377991,0.6098974347114563,1.1677931547164917,-0.1958005726337433,0.03773634135723114,0.07692307692307693,-0.1188811188811189,0.3245284738712262,0.30723436489719147,1.0562896308159466,6.0,6.0,ht29+IFNB_DRAP1,ht29+IFNB,DRAP1,False,True,1
ht29+IFNB_DTX3L,0.26352662,0.25158325,1.0474728,0.9100567,0.027802262,0.8227346027863827,0.05229901879899136,0.929804207978429,0.9328245735987345,0.9967621290156913,2160,2010,0.024698754772543907,0.010179498232901096,2.426323413848877,,,,,,,,1.0,0.0,ht29+IFNB_DTX3L,ht29+IFNB,DTX3L,False,True,1
ht29+IFNB_ELK1,0.26180664,0.24725717,1.0588435,0.91018677,-0.017645596,0.8293888169396801,0.12031599096223651,0.9302991407607554,0.9343437102047797,0.9956712188460733,2388,1806,0.021077653393149376,0.015476170927286148,1.3619424104690552,,,,,,,,0.0,1.0,ht29+IFNB_ELK1,ht29+IFNB,ELK1,False,True,1
ht29+IFNB_ETS1,0.25168177,0.24625395,1.0220416,0.91433895,0.06433989,0.8222789077577427,0.10699364695914838,0.9333749217610835,0.9348900411556501,0.9983793608575681,2286,1918,,,,,,,,,,,,,ht29+IFNB_ETS1,ht29+IFNB,ETS1,False,True,1
ht29+IFNB_ETS2,0.258975,0.24997686,1.0359958,0.9111875,0.030969117,0.8241624445681889,0.09960974128184256,0.9309774606682273,0.933322128773654,0.997487825442961,2296,1897,0.3664376735687256,0.4159868657588959,0.8808876276016235,0.0542830191552639,0.40666109323501587,0.15,0.43333333333333335,0.6238695955044349,0.6043179825658407,1.0323531873990925,6.0,3.0,ht29+IFNB_ETS2,ht29+IFNB,ETS2,False,True,1
ht29+IFNB_FOS,0.26291096,0.24915493,1.0552108,0.90909016,-0.023674248,0.8246261560232652,0.14934106874556874,0.9292518627364688,0.9330889974302088,0.995887707706009,2449,1739,1.030732274055481,0.9672659039497375,1.0656142234802246,0.45676499605178833,0.037611424922943115,0.6,-0.09999999999999999,0.8016763456724642,0.7511780246628496,1.0672255036111842,3.0,2.0,ht29+IFNB_FOS,ht29+IFNB,FOS,False,True,1
ht29+IFNB_H1F0,0.25599495,0.24649346,1.0385466,0.91307294,0.050752833,0.8193507951193967,0.06615477027616487,0.9323932176895319,0.9348839524501671,0.9973357818859684,2192,2030,,,,,,,,,,,,,ht29+IFNB_H1F0,ht29+IFNB,H1F0,False,True,1
ht29+IFNB_HERC5,0.25390634,0.24575041,1.0331879,0.9134765,0.055026077,0.8198855746940843,0.07651617444531109,0.9326402668913761,0.9348159210102417,0.9976726389977244,2188,2005,1.5018726587295532,0.180531844496727,8.319156646728516,,,,,,,,0.0,1.0,ht29+IFNB_HERC5,ht29+IFNB,HERC5,False,True,1
ht29+IFNB_HERC6,0.2527767,0.24479273,1.0326153,0.9136102,0.06466195,0.8116766307773732,0.08889941896947742,0.9324002198423665,0.9345052042291112,0.9977474877858159,2222,1971,0.4551609456539154,0.07218743115663528,6.3052659034729,0.8666778802871704,-0.16806739568710327,1.0,-0.5,0.9329884036852409,0.9821958970040716,0.949900530567349,1.0,2.0,ht29+IFNB_HERC6,ht29+IFNB,HERC6,False,True,1
ht29+IFNB_HES4,0.2542776,0.24880745,1.0219854,0.9132029,0.07499252,0.8219412383133518,0.10516488882981813,0.9323198323473515,0.9338403211247132,0.9983717893273977,2276,1913,,,,,,,,,,,,,ht29+IFNB_HES4,ht29+IFNB,HES4,False,True,1
ht29+IFNB_ID1,0.25131172,0.26784065,0.93828815,0.9019202,0.17261067,0.7540570857423458,0.3174877407908348,0.9208561493523988,0.9193945622162589,1.001589727845047,2693,1416,0.6903622150421143,0.9579017162322998,0.7207025289535522,0.28919845819473267,0.5852293372154236,0.289704948453226,0.6015384615384615,0.6999779935514767,0.7065512194595852,0.990696745363859,22.0,3.0,ht29+IFNB_ID1,ht29+IFNB,ID1,False,True,1
ht29+IFNB_ID2,0.25812903,0.24733083,1.043659,0.91167605,0.0154253375,0.8173316778714451,0.08322631241810151,0.9310206986347073,0.9339280329678591,0.9968869824756059,2230,1944,0.3764173090457916,0.19406379759311676,1.9396575689315796,0.5938098430633545,-0.5029070973396301,0.5333333333333333,-0.26666666666666666,0.8197556950071743,0.8251419891328732,0.9934722821082475,3.0,6.0,ht29+IFNB_ID2,ht29+IFNB,ID2,False,True,1
ht29+IFNB_ID3,0.25614917,0.25073984,1.0215734,0.9122717,0.06869473,0.8142658208735891,0.1136542219787597,0.9314526020550711,0.9329516141125263,0.998393258519756,2285,1885,0.5834562182426453,0.6037483215332031,0.9663897752761841,-0.19184666872024536,0.08959060907363892,-0.49999999999999994,-0.19999999999999998,0.7634392902594616,0.7477800410775737,1.0209409830721377,2.0,3.0,ht29+IFNB_ID3,ht29+IFNB,ID3,False,True,1
ht29+IFNB_IFI16,0.2704259,0.26444334,1.0226232,0.9023458,0.09885989,0.7594033358661626,0.28756574478681246,0.9224962486504267,0.9241256734473112,0.9982367930642959,2689,1432,0.7732477784156799,1.125799298286438,0.6868433356285095,0.20716732740402222,0.2744230329990387,0.18503558718894125,0.20846153846153848,0.7234521849903548,0.7848277474153835,0.9217974101614622,22.0,3.0,ht29+IFNB_IFI16,ht29+IFNB,IFI16,False,True,1
ht29+IFNB_IFNAR1,0.2499602,0.23396067,1.0683855,0.91382027,-0.035577103,0.8235710621754028,0.06583536987526412,0.9328234371772117,0.9371700968274483,0.9953619309184628,2244,1957,0.7850837707519531,0.6712114214897156,1.169651985168457,0.6799314022064209,0.48301371932029724,0.6361538461538461,0.3915384615384615,0.9700569555136139,0.9625104601190593,1.0078404294885492,9.0,16.0,ht29+IFNB_IFNAR1,ht29+IFNB,IFNAR1,False,True,1
ht29+IFNB_IFNAR2,0.24287207,0.2309529,1.0516087,0.9162733,0.006575832,0.830024924540848,0.09986936773599106,0.9347682783243032,0.9380681310123272,0.9964822888882677,2293,1894,0.5985392332077026,0.38126659393310547,1.5698705911636353,0.8333679437637329,0.343458354473114,0.7661538461538462,0.2953846153846154,0.9765958139783185,0.9768614428520126,0.9997280792730251,11.0,14.0,ht29+IFNB_IFNAR2,ht29+IFNB,IFNAR2,False,True,1
ht29+IFNB_IRF1,0.25624615,0.24412939,1.0496325,0.9124519,-0.012520325,0.8276463220390343,0.09960587350121344,0.9322014003179724,0.9354485828024512,0.9965287429537273,2282,1934,0.4016803801059723,0.5016100406646729,0.8007822036743164,0.870335042476654,0.750159740447998,0.39999999999999997,0.19999999999999998,0.8928147717968654,0.8832837549322697,1.0107904360420696,1.0,3.0,ht29+IFNB_IRF1,ht29+IFNB,IRF1,False,True,1
ht29+IFNB_IRF3,0.26901168,0.25036952,1.0744586,0.90558195,-0.036718503,0.8027406189567164,0.1536954444240498,0.9259537790696899,0.9312554379506993,0.9943069767273777,2433,1712,0.5653873085975647,0.7337285876274109,0.7705673575401306,0.20283374190330505,0.6592085957527161,0.10384615384615385,0.43692307692307686,0.6222286075956005,0.6280531481295654,0.9907260387893745,18.0,7.0,ht29+IFNB_IRF3,ht29+IFNB,IRF3,False,False,1
ht29+IFNB_IRF7,0.25927988,0.24457265,1.0601344,0.9109685,-0.023697082,0.8341797211065894,0.11145722634911631,0.9309326914098288,0.9348739893495582,0.9957841399112285,2347,1841,,,,,,,,,,,,,ht29+IFNB_IRF7,ht29+IFNB,IRF7,False,True,1
ht29+IFNB_IRF9,0.25909492,0.24598652,1.053289,0.9096358,0.0052077686,0.8036137463342808,0.1934044359456858,0.929229466399461,0.9328711550357125,0.9960962576486653,2503,1641,0.33289268612861633,0.38302555680274963,0.8691135048866272,-0.06502202153205872,0.22632305324077606,-0.16349298244345123,0.2976923076923077,0.5089546042576231,0.5176987321808539,0.9831096207510583,17.0,8.0,ht29+IFNB_IRF9,ht29+IFNB,IRF9,False,True,1
ht29+IFNB_JAK1,0.24464536,0.23180918,1.0553739,0.91616035,-0.009032751,0.8417337328999857,0.09922249071546842,0.9350411044793397,0.938383252918124,0.9964383971811187,2326,1905,0.73492431640625,0.5830084085464478,1.2605724334716797,0.5969159007072449,-0.4131791293621063,0.44307692307692315,-0.37461538461538463,0.9564150783882231,0.9668112326433373,0.989246965794253,9.0,16.0,ht29+IFNB_JAK1,ht29+IFNB,JAK1,False,True,1
ht29+IFNB_JUN,0.26045373,0.24985659,1.0424129,0.91028714,-0.009320796,0.8255690560015614,0.1320849923486376,0.9300822939245924,0.9328238412525286,0.9970610235215954,2337,1839,1.4629496335983276,1.3353638648986816,1.0955438613891602,0.3734731078147888,-0.22671180963516235,0.32417582417582413,-0.23626373626373626,0.7919048220279415,0.778855804117497,1.0167540870100211,7.0,6.0,ht29+IFNB_JUN,ht29+IFNB,JUN,False,True,1
ht29+IFNB_MAP3K14,0.26349485,0.24807017,1.0621787,0.9095044,-0.044214737,0.82605977009968,0.15005488171379341,0.9298793831505955,0.9341091148618108,0.9954719083200028,2471,1727,,,,,,,,,,,,,ht29+IFNB_MAP3K14,ht29+IFNB,MAP3K14,False,False,1
ht29+IFNB_MAPK8,0.2526544,0.24590258,1.0274574,0.9135245,0.043616086,0.822092226283447,0.11828340320705728,0.9326631802086324,0.9345075210032737,0.998026403476495,2318,1884,,,,,,,,,,,,,ht29+IFNB_MAPK8,ht29+IFNB,MAPK8,False,True,1
ht29+IFNB_MAPK14,0.26138732,0.24637927,1.0609144,0.9095962,-0.03915077,0.8241428082310585,0.10636560735260969,0.9292573866189324,0.9332726470641156,0.9956976554945499,2288,1855,0.9336375594139099,0.760820209980011,1.2271461486816406,0.08993371576070786,-0.3283301591873169,-0.04692307692307692,-0.21461538461538462,0.4880184271059763,0.5110988046726751,0.9548416522291023,9.0,16.0,ht29+IFNB_MAPK14,ht29+IFNB,MAPK14,False,True,1
ht29+IFNB_MEF2A,0.25066704,0.24610434,1.0185397,0.9140321,0.06421296,0.8183393574707687,0.12461353945833958,0.9331027355483048,0.9343843646288524,0.9986283705838157,2295,1894,0.7476773858070374,0.6659681797027588,1.122692346572876,0.9999998807907104,-0.982805609703064,1.0,-1.0,0.9999854911256184,0.999925547811357,1.0000599477775047,2.0,1.0,ht29+IFNB_MEF2A,ht29+IFNB,MEF2A,False,True,1
ht29+IFNB_MYC,0.26270604,0.25195062,1.0426886,0.9100037,0.005041267,0.8252288568335229,0.12507453925565193,0.9300647672879842,0.9328564422606161,0.9970073905842716,2330,1844,,,,,,,,,,,,,ht29+IFNB_MYC,ht29+IFNB,MYC,False,True,1
ht29+IFNB_NFE2L3,0.25710294,0.24749511,1.0388203,0.91230756,0.021175906,0.823576649747266,0.07956497143402322,0.9318354456907524,0.9344824503818889,0.9971674110198059,2235,1960,,,,,,,,,,,,,ht29+IFNB_NFE2L3,ht29+IFNB,NFE2L3,False,True,1
ht29+IFNB_NFKB1,0.25663966,0.25255692,1.0161656,0.9085776,0.04118428,0.807295177259111,0.22307549364453694,0.9277820342287318,0.9292405188843486,0.9984304551663677,2569,1554,0.7334889769554138,0.7064244747161865,1.0383119583129883,0.5551434755325317,-0.048260513693094254,0.5574148977895549,0.09846153846153846,0.699137950194437,0.7208023411047918,0.9699440613953206,14.0,11.0,ht29+IFNB_NFKB1,ht29+IFNB,NFKB1,False,True,1
ht29+IFNB_PARP12,0.26176995,0.24730435,1.0584931,0.91100335,0.017292459,0.8294751587624435,0.08745892027525215,0.9308748015115466,0.9341713437228751,0.9964711589223116,2280,1922,0.44473832845687866,0.11193002015352249,3.973360538482666,,,,,,,,0.0,1.0,ht29+IFNB_PARP12,ht29+IFNB,PARP12,False,True,1
ht29+IFNB_POU2F1,0.25226814,0.2557705,0.9863066,0.9099561,0.12000906,0.7742696140879647,0.26730304349410794,0.9284469165711847,0.9272618633011764,1.001278013597787,2588,1531,0.7035452127456665,0.7666721940040588,0.9176610708236694,0.2853606641292572,0.027157889679074287,0.3109832362211397,0.10461538461538461,0.7093297277497599,0.7398180373617975,0.958789448117865,18.0,7.0,ht29+IFNB_POU2F1,ht29+IFNB,POU2F1,False,True,1
ht29+IFNB_RAP1GAP,0.25227943,0.245352,1.0282347,0.9144592,0.081889495,0.8262957773878519,0.0743377146945706,0.933526564268263,0.935329813105556,0.9980720716777907,2201,2023,,,,,,,,,,,,,ht29+IFNB_RAP1GAP,ht29+IFNB,RAP1GAP,False,True,1
ht29+IFNB_RAPGEF1,0.2541965,0.2524921,1.0067503,0.911547,0.09224346,0.8046815947278252,0.15741692745029112,0.9304182677386024,0.9309104598728013,0.9994712787583607,2329,1814,0.6082051992416382,0.5778886079788208,1.0524609088897705,0.04679148271679878,0.09860601276159286,0.1319992523178895,0.3569230769230769,0.6062122933702604,0.5956847940177569,1.017672936187439,16.0,9.0,ht29+IFNB_RAPGEF1,ht29+IFNB,RAPGEF1,False,True,1
ht29+IFNB_RNF114,0.2541741,0.24534565,1.0359838,0.91373575,0.055685233,0.8256271408582767,0.06428408796453006,0.9330931688309401,0.9353643891146318,0.9975718337044651,2185,2042,,,,,,,,,,,,,ht29+IFNB_RNF114,ht29+IFNB,RNF114,False,True,1
ht29+IFNB_SMARCA5,0.25206432,0.2526991,0.99748796,0.91262114,0.11655336,0.8032049947896882,0.1625692057190766,0.9311684535254826,0.9309912505580047,1.000190337951481,2355,1791,0.9185011386871338,0.9045710563659668,1.015399694442749,0.4148081839084625,0.24909760057926178,0.4439315335052769,0.18076923076923077,0.7546375356669951,0.7330928804462342,1.0293887115745097,14.0,11.0,ht29+IFNB_SMARCA5,ht29+IFNB,SMARCA5,False,True,1
ht29+IFNB_SOCS1,0.25727734,0.24512254,1.0495867,0.9126532,0.043498408,0.8269024959801381,0.036565498266795025,0.9320073797984393,0.9350616069505968,0.9967336621143948,2132,2073,,,,,,,,,,,,,ht29+IFNB_SOCS1,ht29+IFNB,SOCS1,False,True,1
ht29+IFNB_SP100,0.25813988,0.24490666,1.0540338,0.9121752,0.012401221,0.8340880805815398,0.08656079856396742,0.9320492712262881,0.9353722028879916,0.9964474765751603,2257,1972,0.5632108449935913,0.18790948390960693,2.9972455501556396,,,,,,,,0.0,1.0,ht29+IFNB_SP100,ht29+IFNB,SP100,False,True,1
ht29+IFNB_SP110,0.26245913,0.25094867,1.0458678,0.90922594,0.019708566,0.8103877516940149,0.16087617708271046,0.929429298654552,0.9325816069588072,0.9966198043359069,2423,1747,0.23783157765865326,0.3172147870063782,0.7497493624687195,0.6168917417526245,0.5251225233078003,0.48,0.633076923076923,0.7225811466959159,0.7062015230511759,1.0231939794946505,20.0,5.0,ht29+IFNB_SP110,ht29+IFNB,SP110,False,True,1
ht29+IFNB_STAT1,0.2542023,0.23756321,1.0700407,0.9132922,-0.054197952,0.8363956650658381,0.09511542635461549,0.932866864806472,0.9374385789370836,0.9951231854189367,2333,1880,0.38582390546798706,0.38950616121292114,0.9905463457107544,0.929402232170105,0.2292565405368805,0.6190476190476191,0.04761904761904763,0.9146537858853612,0.9108376016735319,1.0041897526022394,3.0,5.0,ht29+IFNB_STAT1,ht29+IFNB,STAT1,False,True,1
ht29+IFNB_STAT2,0.2485526,0.23531084,1.0562735,0.91378486,-0.0030970136,0.8138246190736167,0.169266913430042,0.9327363057143528,0.9361001109510553,0.996406575325277,2481,1688,0.4076583981513977,0.2100335657596588,1.9409202337265015,0.8586772680282593,-0.3105606138706207,0.7215384615384615,-0.2684615384615385,0.9726609306557991,0.9849057666130568,0.9875675050625747,9.0,16.0,ht29+IFNB_STAT2,ht29+IFNB,STAT2,False,True,1
ht29+IFNB_STAT3,0.25751144,0.24684131,1.0432267,0.9120319,0.033485115,0.8257429967431592,0.11872483627536899,0.9317746298304985,0.9344976754250977,0.9970860862833496,2344,1865,,,,,,,,,,,,,ht29+IFNB_STAT3,ht29+IFNB,STAT3,False,True,1
ht29+IFNB_STAT4,0.25904527,0.24816608,1.0438384,0.91144407,0.021202449,0.8210490255097505,0.08297702876174524,0.9309964249577211,0.933839089806364,0.996955937184818,2214,1972,,,,,,,,,,,,,ht29+IFNB_STAT4,ht29+IFNB,STAT4,False,True,1
ht29+IFNB_STAT5A,0.25435314,0.24493901,1.0384345,0.9133129,0.011069505,0.833597422637558,0.12650879460532477,0.9329310467099261,0.9354183043218806,0.9973410210165199,2368,1851,,,,,,,,,,,,,ht29+IFNB_STAT5A,ht29+IFNB,STAT5A,False,False,1
ht29+IFNB_STAT6,0.2597539,0.25106227,1.0346195,0.90982914,0.024768189,0.8000679592150616,0.11550953431156259,0.9286045953694534,0.9307342464514439,0.9977118591154134,2277,1867,1.027442455291748,0.767983078956604,1.3378452062606812,0.3210061490535736,-0.310844749212265,0.25235622701859767,-0.3507692307692308,0.7566048826245011,0.7613475009620232,0.9937707573328481,10.0,15.0,ht29+IFNB_STAT6,ht29+IFNB,STAT6,False,True,1
ht29+IFNB_TRAFD1,0.26124668,0.2461765,1.061217,0.910668,0.00037717633,0.8294113341748767,0.10517243468020566,0.9309468048008893,0.9350516824072235,0.9956099992293833,2315,1891,,,,,,,,,,,,,ht29+IFNB_TRAFD1,ht29+IFNB,TRAFD1,False,True,1
ht29+IFNB_TRIM21,0.26874408,0.25373775,1.0591412,0.9078017,0.020958176,0.8011009724896166,0.06215387030899423,0.9269370026150531,0.9299106423056805,0.9968022307140668,2145,1995,0.8989679217338562,0.7335667610168457,1.2254753112792969,0.19892066717147827,-0.08310618996620178,0.3221585941522587,-0.14923076923076922,0.6678881713461502,0.6881546837722788,0.9705494812372226,13.0,12.0,ht29+IFNB_TRIM21,ht29+IFNB,TRIM21,False,False,1
ht29+IFNB_TRIM22,0.258575,0.24696167,1.0470248,0.91110176,0.019660607,0.8081071978415784,0.08914426130493117,0.9305280714440473,0.933638004522154,0.9966690161893116,2248,1931,0.4303755462169647,0.18546001613140106,2.3205840587615967,0.9999892711639404,-0.9999575018882751,1.0,-1.0,0.9911684370336729,0.992739890871751,0.9984170537997641,1.0,2.0,ht29+IFNB_TRIM22,ht29+IFNB,TRIM22,False,True,1
ht29+IFNB_TYK2,0.24814336,0.235827,1.0522263,0.91450214,-0.0018946761,0.8260984947979021,0.1104249949659259,0.9334399974562013,0.9367996278502912,0.9964137150632741,2314,1883,0.7602702975273132,0.5938938856124878,1.2801450490951538,0.5878480076789856,0.33729684352874756,0.6053846153846154,0.2453846153846154,0.944000050131024,0.9389572176457222,1.0053706733283823,10.0,15.0,ht29+IFNB_TYK2,ht29+IFNB,TYK2,False,True,1
ht29+IFNB_UBA7,0.25413492,0.24584107,1.0337366,0.9126409,0.055696428,0.8133947241822516,0.08242033452988362,0.9314304161913767,0.9336013887068116,0.9976746258717094,2172,1983,0.6988099813461304,0.6665881276130676,1.048338532447815,0.05271771550178528,0.07973674684762955,0.17234262125902994,0.017543859649122806,0.697485206235444,0.695998882672077,1.002135525789439,8.0,10.0,ht29+IFNB_UBA7,ht29+IFNB,UBA7,False,True,1
ht29+IFNB_UBE2L6,0.25619107,0.25031897,1.0234585,0.91245407,0.071673036,0.8084792169933406,0.10011818747195042,0.9314120026290176,0.9329659744507335,0.9983343746028565,2236,1935,,,,,,,,,,,,,ht29+IFNB_UBE2L6,ht29+IFNB,UBE2L6,False,True,1
ht29+IFNB_USP18,0.25921962,0.26948857,0.96189463,0.9122614,0.22584423,0.8145734109298466,0.09388852369320759,0.9313647909528638,0.9283419197205245,1.003256204603202,2223,1966,0.8365700244903564,1.6705756187438965,0.5007675290107727,0.7731903791427612,0.6868581175804138,0.7584615384615384,0.6353846153846153,0.8902337725455287,0.7856496590796984,1.1331180027346273,18.0,7.0,ht29+IFNB_USP18,ht29+IFNB,USP18,False,True,1
ht29+IFNB_VAV1,0.25661173,0.2493209,1.0292428,0.912819,0.0673175,0.8221483157462215,0.06488536719549746,0.9321910298437728,0.9340771436458766,0.997980772985471,2169,2038,,,,,,,,,,,,,ht29+IFNB_VAV1,ht29+IFNB,VAV1,False,True,1
ht29+IFNB_ZBP1,0.2557618,0.24608847,1.0393083,0.9125237,0.029457964,0.8240958984984591,0.08595488908611368,0.9320618604549636,0.9346979028377154,0.9971797921288271,2273,1929,,,,,,,,,,,,,ht29+IFNB_ZBP1,ht29+IFNB,ZBP1,False,True,1
ht29+IFNB_ZNFX1,0.25981584,0.24878874,1.0443231,0.9102955,0.024874205,0.8214051722822377,0.15160147079606873,0.9302805671914921,0.9333070280663153,0.9967572719546605,2409,1745,1.2093147039413452,1.0902273654937744,1.10923171043396,0.7985425591468811,-0.08048788458108902,0.14285714285714288,-0.08571428571428573,0.7881139241867081,0.7928173578700565,0.994067443608974,1.0,5.0,ht29+IFNB_ZNFX1,ht29+IFNB,ZNFX1,False,True,1
ht29+INS_GRB10,0.010488841,0.2269115,0.046224367,0.9964863,0.97664416,0.8724187922901239,0.8804494065076847,0.9972602508436307,0.9387130737435798,1.0623696193625654,3674,776,0.5480167269706726,1.690845012664795,0.32410818338394165,1.0,1.0,0.9999999999999999,0.9999999999999999,0.9999962992745289,0.9999978625685045,0.999998436702683,2.0,0.0,ht29+INS_GRB10,ht29+INS,GRB10,True,False,1
ht29+TNFA_MAP3K14,0.020249661,0.22726889,0.08910001,0.99338675,0.95457935,0.8603464388913783,0.8815781336532641,0.9948344258337495,0.9404419086779652,1.0578371897869239,3642,600,,,,,,,,,,,,,ht29+TNFA_MAP3K14,ht29+TNFA,MAP3K14,True,False,1
k562+IFNB_ADAR,0.43621284,0.32890818,1.3262451,0.8273419,-0.5581906,0.760247739446524,-0.25376713032824066,0.8676013461160454,0.9004645559627837,0.9635041605700951,1910,2315,1.206290364265442,0.9692652821540833,1.2445409297943115,-0.1597980409860611,-0.6249359846115112,-0.015384615384615385,-0.22637362637362637,0.5594291178027019,0.6430605073578622,0.8699478686713696,8.0,6.0,k562+IFNB_ADAR,k562+IFNB,ADAR,False,True,1
k562+IFNB_AKT1,0.45464766,0.32390454,1.4036471,0.82801306,-0.7144,0.7919561064220711,-0.39317375131997734,0.8679826777904215,0.9023189273225062,0.9619466593325574,1712,2517,0.6053242087364197,0.5186792016029358,1.1670492887496948,0.07234318554401398,-0.5589877963066101,0.21666666666666667,-0.5166666666666667,0.6929493096087352,0.7199508595371883,0.9624952876008639,5.0,4.0,k562+IFNB_AKT1,k562+IFNB,AKT1,False,True,1
k562+IFNB_BATF2,0.46341425,0.32379165,1.4312112,0.8273862,-0.6356804,0.7768741561991789,-0.3486520594936013,0.8675665246969815,0.9022607783028436,0.9615474212775578,1776,2451,,,,,,,,,,,,,k562+IFNB_BATF2,k562+IFNB,BATF2,False,True,1
k562+IFNB_BRD9,0.44247866,0.32068542,1.3797904,0.82778937,-0.64233905,0.7846049473352507,-0.296925007315253,0.8687150220205281,0.9044681673503872,0.9604705321641149,1914,2336,0.016308274120092392,1.4673849364044145e-05,1111.383544921875,-1.0,-1.0,-0.9999999999999999,-0.9999999999999999,0.9826525834185498,0.9997866904514116,0.9828622373187169,1.0,1.0,k562+IFNB_BRD9,k562+IFNB,BRD9,False,False,1
k562+IFNB_CEBPB,0.46247938,0.33882898,1.3649346,0.8211182,-0.6622451,0.7763758186231553,-0.2739331770733029,0.8607746255172694,0.8955106091445435,0.9612109747527654,1984,2220,1.1739131212234497,0.8730080127716064,1.3446762561798096,0.4093458652496338,-0.6225523948669434,0.3723076923076923,-0.5184615384615384,0.754514348648868,0.8140146787614018,0.9269050894720118,10.0,15.0,k562+IFNB_CEBPB,k562+IFNB,CEBPB,False,True,1
k562+IFNB_CEBPG,0.45262316,0.326948,1.3843889,0.8291343,-0.6337854,0.7861723228749791,-0.3864883945819209,0.8687443458201811,0.9008524143597996,0.9643581256731866,1657,2547,0.6327854990959167,0.49818819761276245,1.2701735496520996,0.37488439679145813,-0.2891181707382202,0.3276923076923077,-0.19076923076923075,0.7199228650359554,0.7414423917842335,0.9709761311374538,16.0,9.0,k562+IFNB_CEBPG,k562+IFNB,CEBPG,False,True,1
k562+IFNB_CRKL,0.432959,0.3286981,1.3171935,0.8285136,-0.54586947,0.7712657692551412,-0.24850252922499586,0.868507406589699,0.901211726068984,0.9637107257559345,1927,2299,0.009439204819500446,0.04609360173344612,0.20478340983390808,,,,,,,,1.0,0.0,k562+IFNB_CRKL,k562+IFNB,CRKL,False,True,1
k562+IFNB_DRAP1,0.45496166,0.32820517,1.3862112,0.8259998,-0.63860846,0.7620066967530494,-0.3482276711394907,0.8648834240694929,0.8982737016963929,0.9628283923220258,1715,2493,1.464776635169983,1.1569608449935913,1.2660554647445679,0.01315937377512455,-0.7297863364219666,0.23153846153846153,-0.6546153846153845,0.4395224694606814,0.5067958925138001,0.8672573632761106,10.0,15.0,k562+IFNB_DRAP1,k562+IFNB,DRAP1,False,True,1
k562+IFNB_DTX3L,0.44780245,0.32327616,1.385201,0.83168876,-0.61816657,0.7801523641428603,-0.3677300649792381,0.8713149564174558,0.9028941229868979,0.9650245075635515,1705,2527,1.7368159294128418,1.0240243673324585,1.6960690021514893,1.0,-1.0,0.9999999999999999,-0.9999999999999999,0.9528973801818995,0.9544687166504487,0.9983537056363004,0.0,2.0,k562+IFNB_DTX3L,k562+IFNB,DTX3L,False,True,1
k562+IFNB_ELK1,0.4452572,0.32512823,1.3694818,0.8299849,-0.67883605,0.7919315764307684,-0.36188399770039054,0.8712645870353969,0.9042100962303622,0.9635643205795704,1758,2497,0.9988958239555359,0.836579442024231,1.194023847579956,0.22334876656532288,-0.3987353444099426,0.09999999999999999,-0.49999999999999994,0.8123493654905943,0.8491885508783054,0.9566183677940444,1.0,4.0,k562+IFNB_ELK1,k562+IFNB,ELK1,False,True,1
k562+IFNB_ETS1,0.44031152,0.32306156,1.3629339,0.83258617,-0.6144686,0.7788588825724172,-0.3589204777046736,0.8712600310204816,0.9020414667133151,0.9658758085645563,1668,2549,1.468363881111145,1.201154351234436,1.2224606275558472,-0.2357024848461151,-0.8346731662750244,-0.3426573426573427,-0.6783216783216784,0.5027788615212381,0.5594266100462161,0.8987396246304798,6.0,6.0,k562+IFNB_ETS1,k562+IFNB,ETS1,False,True,1
k562+IFNB_ETS2,0.44273233,0.32182035,1.3757126,0.8332293,-0.62996817,0.8041259842093395,-0.35870336450121465,0.8730905581440073,0.904368694697059,0.9654143970966076,1758,2499,1.1891049146652222,0.9111800193786621,1.3050163984298706,0.8785027861595154,-0.5268984436988831,0.39999999999999997,-0.7999999999999999,0.9039275064141836,0.9226253709171932,0.9797340664018139,1.0,3.0,k562+IFNB_ETS2,k562+IFNB,ETS2,False,True,1
k562+IFNB_FOS,0.44221163,0.3256297,1.35802,0.8283229,-0.6580492,0.7920992406310073,-0.28914621162620285,0.8679114684114384,0.9013098809980398,0.9629445839985482,1908,2321,1.0479875802993774,0.8245723247528076,1.2709468603134155,-0.09805570542812347,-0.8072644472122192,-0.21678321678321683,-0.8601398601398602,0.41437356021074145,0.47606528481191535,0.8704133097511045,4.0,8.0,k562+IFNB_FOS,k562+IFNB,FOS,False,True,1
k562+IFNB_H1F0,0.45308456,0.32535127,1.3926011,0.83022517,-0.6247994,0.7858354816687596,-0.3905914341059524,0.8704671125970098,0.9026123753814332,0.9643864147432731,1654,2593,,,,,,,,,,,,,k562+IFNB_H1F0,k562+IFNB,H1F0,False,True,1
k562+IFNB_HERC5,0.45623106,0.3281519,1.3903044,0.8278179,-0.63606715,0.7758789567820706,-0.39167885869489105,0.8678312386685144,0.9009353855501157,0.9632558034543314,1670,2558,1.21937096118927,0.8105300664901733,1.5044116973876953,0.17344360053539276,-0.6513688564300537,0.22499999999999998,-0.6964285714285713,0.6471170779014889,0.6726352660213251,0.9620623695947765,3.0,12.0,k562+IFNB_HERC5,k562+IFNB,HERC5,False,True,1
k562+IFNB_HERC6,0.45326376,0.32622245,1.3894316,0.8281828,-0.6291566,0.7682981526070091,-0.38294806084855726,0.8679386906789411,0.9013479161193019,0.9629341513494566,1646,2567,0.9068619608879089,0.5371657609939575,1.688234806060791,0.5385463237762451,-0.6849473714828491,0.2121212121212121,-0.7333333333333332,0.8269652968182053,0.8718150994136366,0.9485558318207654,5.0,5.0,k562+IFNB_HERC6,k562+IFNB,HERC6,False,True,1
k562+IFNB_HES4,0.44198105,0.32418945,1.3633418,0.83074415,-0.5999251,0.7712868109468645,-0.35659724329239906,0.87035939929793,0.9021966769281183,0.9647113778576631,1676,2562,,,,,,,,,,,,,k562+IFNB_HES4,k562+IFNB,HES4,False,True,1
k562+IFNB_ID1,0.4100915,0.35956958,1.1405066,0.8120797,-0.25211775,0.7174440123714438,0.08680637907282214,0.8502583840866234,0.8843819928663675,0.9614153057671988,2514,1639,3.0372273921966553,2.9021074771881104,1.04655921459198,0.020296353846788406,-0.7545589804649353,0.20562200858508836,-0.7607692307692308,0.3871589546831269,0.4379981632175456,0.8839282608836699,16.0,9.0,k562+IFNB_ID1,k562+IFNB,ID1,False,True,1
k562+IFNB_ID2,0.44246563,0.3220692,1.3738216,0.831546,-0.64599544,0.7911437888564671,-0.3453320559654261,0.8710289725779903,0.9029545796726887,0.9646431749576252,1754,2473,0.020458772778511047,0.0377538725733757,0.5418986678123474,1.0,-1.0,0.9999999999999999,-0.9999999999999999,0.9957601392077742,0.9981758948525649,0.9975798297101259,2.0,0.0,k562+IFNB_ID2,k562+IFNB,ID2,False,True,1
k562+IFNB_ID3,0.4451165,0.32906815,1.3526574,0.8275647,-0.5921823,0.7660296226473549,-0.32081063728224685,0.8665501543238912,0.8988490877608194,0.9640663445324396,1795,2416,1.4972355365753174,1.1991162300109863,1.2486158609390259,0.1708195060491562,-0.6351269483566284,-0.010769230769230769,-0.6384615384615384,0.6371500304153533,0.6783975512221477,0.9391986000944637,14.0,11.0,k562+IFNB_ID3,k562+IFNB,ID3,False,True,1
k562+IFNB_IFI16,0.4105581,0.35212958,1.1659291,0.8120942,-0.22883098,0.6988900609094668,0.12920832270056806,0.8507404275244399,0.8873048098371832,0.9587916329232423,2617,1563,1.2250771522521973,1.4121620655059814,0.8675187826156616,0.13463851809501648,-0.2707638442516327,0.13,-0.16538461538461538,0.563875583398173,0.6400001301261012,0.881055419921666,20.0,5.0,k562+IFNB_IFI16,k562+IFNB,IFI16,False,True,1
k562+IFNB_IFNAR1,0.45171776,0.32944056,1.3711662,0.82807004,-0.6828069,0.7831631243101187,-0.3892545094363947,0.8678962919008301,0.9001497043913678,0.9641688351024392,1657,2570,0.4909623861312866,0.5218759775161743,0.9407644867897034,0.596872091293335,-0.2683427929878235,0.5715384615384614,-0.3423076923076923,0.9225261336137722,0.9306975787747549,0.9912200855064647,18.0,7.0,k562+IFNB_IFNAR1,k562+IFNB,IFNAR1,False,True,1
k562+IFNB_IFNAR2,0.44423047,0.32360533,1.3727539,0.8298613,-0.665589,0.7834639193723103,-0.3523171045929822,0.8686864331909983,0.9012973144505054,0.9638178426400958,1729,2477,0.5250169634819031,0.7244271636009216,0.7247339487075806,0.7153259515762329,-0.4328235387802124,0.5876923076923077,-0.5315384615384615,0.937641730688334,0.9439813081734791,0.9932842129073386,22.0,3.0,k562+IFNB_IFNAR2,k562+IFNB,IFNAR2,False,True,1
k562+IFNB_IRF1,0.45540014,0.3264498,1.3950081,0.82900554,-0.6873076,0.7929350780210194,-0.36524414158760327,0.8692741333800845,0.902213769508572,0.9634902090372336,1763,2480,,,,,,,,,,,,,k562+IFNB_IRF1,k562+IFNB,IRF1,False,True,1
k562+IFNB_IRF3,0.47184795,0.34649202,1.3617859,0.8140913,-0.58868575,0.7495260503897824,-0.2003758802924196,0.8540847663673593,0.8910552526078029,0.9585093223655389,2081,2110,1.5681304931640625,1.3867470026016235,1.1307978630065918,0.056702498346567154,-0.4072381258010864,0.13,-0.33,0.6946616466542644,0.7594306771132138,0.9147137027632954,15.0,10.0,k562+IFNB_IRF3,k562+IFNB,IRF3,False,False,1
k562+IFNB_IRF7,0.46109146,0.32693857,1.4103305,0.8265834,-0.67867804,0.7858053648009379,-0.33333106357303793,0.8671534728434148,0.9021261456214664,0.96123305709762,1821,2406,1.256587028503418,0.8969181180000305,1.4010052680969238,-1.0,-1.0,-0.9999999999999999,-0.9999999999999999,0.6088944262450997,0.6778571167194194,0.8982636771476651,1.0,1.0,k562+IFNB_IRF7,k562+IFNB,IRF7,False,True,1
k562+IFNB_IRF9,0.45235923,0.3356008,1.3479087,0.81948954,-0.5510304,0.7466009964678453,-0.16089182885412937,0.8597731649581267,0.8967491179210072,0.958766669267984,2150,2059,1.5854939222335815,1.4651708602905273,1.0821222066879272,0.008281590417027473,-0.43916723132133484,0.1396422414752301,-0.37538461538461537,0.4714708366451693,0.5939951047121246,0.7937284885094537,10.0,15.0,k562+IFNB_IRF9,k562+IFNB,IRF9,False,True,1
k562+IFNB_JAK1,0.45813477,0.320669,1.4286844,0.82885194,-0.72316337,0.7967192167375771,-0.3923334540193531,0.8689300907864907,0.9033327825450419,0.9619158161606565,1737,2501,0.7395633459091187,0.5477754473686218,1.3501213788986206,0.5054000020027161,-0.6233000159263611,0.57,-0.45999999999999996,0.828637196160009,0.8791812271571837,0.942510111185372,14.0,11.0,k562+IFNB_JAK1,k562+IFNB,JAK1,False,True,1
k562+IFNB_JUN,0.45051503,0.32447794,1.3884304,0.82930464,-0.6911399,0.7971683067193436,-0.34681630552894765,0.8691507389663055,0.9021615978676184,0.9634091508889997,1801,2418,1.0613092184066772,1.1641675233840942,0.9116464853286743,-0.04029560834169388,-0.3820195496082306,0.19999999999999998,-0.49999999999999994,0.660499738688054,0.7376600297601247,0.8953985739241396,4.0,1.0,k562+IFNB_JUN,k562+IFNB,JUN,False,True,1
k562+IFNB_MAP3K14,0.44272593,0.32372558,1.3675964,0.82739294,-0.6838877,0.7817694650220122,-0.2824969344286337,0.8670229914359395,0.9018775964749931,0.9613532865487695,1960,2269,1.2158392667770386,1.0766493082046509,1.129280686378479,0.30403560400009155,-0.8817852139472961,0.3571428571428572,-0.523809523809524,0.7204499536644443,0.7590602243421916,0.9491341142118107,3.0,5.0,k562+IFNB_MAP3K14,k562+IFNB,MAP3K14,False,False,1
k562+IFNB_MAPK8,0.4427895,0.32413208,1.3660773,0.8316299,-0.63346887,0.7989101572085407,-0.32452533606142403,0.8710317637216111,0.9025226371230759,0.9651079406696693,1852,2385,0.23599344491958618,0.4284604489803314,0.5507940053939819,,,,,,,,1.0,0.0,k562+IFNB_MAPK8,k562+IFNB,MAPK8,False,True,1
k562+IFNB_MAPK14,0.46671748,0.34038544,1.371144,0.8204806,-0.6881006,0.7821452790231562,-0.3197477059326125,0.8600495161857131,0.89393951373269,0.9620891603667149,1873,2322,1.4505270719528198,1.1461864709854126,1.2655245065689087,0.1372661143541336,-0.5847412347793579,0.16076923076923075,-0.48,0.6754666364545171,0.7219365996861149,0.935631517709724,11.0,14.0,k562+IFNB_MAPK14,k562+IFNB,MAPK14,False,True,1
k562+IFNB_MEF2A,0.44338402,0.32632813,1.3587061,0.829396,-0.61873055,0.7847198139353078,-0.31709095776366586,0.8691346308196857,0.9014723427203976,0.9641278934824273,1822,2398,2.8092494010925293,2.5340030193328857,1.1086211204528809,0.7494301199913025,-0.6493014097213745,0.7999999999999999,-0.7999999999999999,0.9012293567692992,0.9164393795013553,0.983403132741489,2.0,2.0,k562+IFNB_MEF2A,k562+IFNB,MEF2A,False,True,1
k562+IFNB_MYC,0.4626667,0.33013478,1.4014479,0.8255551,-0.70632243,0.7881645532267617,-0.35902445217675755,0.8656744102748832,0.8997754687985632,0.9621004798350261,1776,2441,1.4474782943725586,1.0609058141708374,1.364379644393921,-0.24738521873950958,-0.7003976702690125,-0.20710840080668724,-0.5614035087719299,0.4646895041766529,0.5477616474138299,0.8483425343315125,6.0,13.0,k562+IFNB_MYC,k562+IFNB,MYC,False,True,1
k562+IFNB_NFE2L3,0.4503703,0.33170137,1.3577584,0.8276193,-0.62400675,0.7798477948809788,-0.34955572601545265,0.866677782650833,0.89806785965308,0.9650470989860689,1730,2481,1.5650066137313843,1.1926567554473877,1.312201976776123,0.07469825446605682,-0.5986613631248474,0.09923076923076923,-0.5515384615384615,0.538533062502361,0.5903622241570666,0.9122078623361978,10.0,15.0,k562+IFNB_NFE2L3,k562+IFNB,NFE2L3,False,True,1
k562+IFNB_NFKB1,0.44175732,0.33747816,1.3089952,0.8215892,-0.58448684,0.7672614396318161,-0.16236277003964716,0.860636348077703,0.8945927233561121,0.9620426431024165,2190,2006,1.5819261074066162,1.477257251739502,1.0708534717559814,0.22375816106796265,-0.41482168436050415,0.13079438595476098,-0.28384615384615386,0.6771781733790133,0.7294940245444408,0.9282847433903273,16.0,9.0,k562+IFNB_NFKB1,k562+IFNB,NFKB1,False,True,1
k562+IFNB_PARP12,0.4651087,0.32166222,1.4459537,0.8291765,-0.6447007,0.7891476990434703,-0.37944436455440134,0.8696066418124653,0.9038166524291643,0.9621493911129501,1701,2525,1.2065540552139282,0.5976532101631165,2.018819570541382,,,,,,,,0.0,1.0,k562+IFNB_PARP12,k562+IFNB,PARP12,False,True,1
k562+IFNB_POU2F1,0.40457404,0.34238994,1.1816177,0.82420206,-0.3317328,0.7314510547712916,-0.0003717687339651989,0.8613867532929531,0.8915809023490427,0.9661341455648755,2344,1832,0.874104917049408,0.9580888152122498,0.9123422503471375,0.20062373578548431,-0.08224716037511826,0.2138872899730797,-0.004615384615384616,0.6578472152912601,0.7009960375647021,0.9384464105912164,19.0,6.0,k562+IFNB_POU2F1,k562+IFNB,POU2F1,False,True,1
k562+IFNB_RAP1GAP,0.45056066,0.3226047,1.396634,0.8313792,-0.60392404,0.7886072221805127,-0.4002923188861647,0.87136349437237,0.9033903251334114,0.9645481804818845,1633,2606,,,,,,,,,,,,,k562+IFNB_RAP1GAP,k562+IFNB,RAP1GAP,False,True,1
k562+IFNB_RAPGEF1,0.44189095,0.32920954,1.3422787,0.8270227,-0.5829028,0.7596049199743516,-0.2981330770457067,0.8666086691594803,0.8989785329828622,0.9639926175812265,1805,2416,1.81398606300354,1.4444870948791504,1.255799412727356,0.2869691252708435,-0.653754472732544,0.4592307692307693,-0.5,0.6519445646655284,0.700831748211924,0.9302440511989868,9.0,16.0,k562+IFNB_RAPGEF1,k562+IFNB,RAPGEF1,False,True,1
k562+IFNB_RNF114,0.4495816,0.32123718,1.3995316,0.8320282,-0.6085493,0.7915705985346162,-0.3835873750740716,0.8718087272262897,0.9035722105722005,0.9648467682225462,1679,2561,1.220987319946289,1.3725082874298096,0.8896028995513916,,,,,,,,1.0,0.0,k562+IFNB_RNF114,k562+IFNB,RNF114,False,True,1
k562+IFNB_SMARCA5,0.46021783,0.34337536,1.3402762,0.8202045,-0.59456074,0.7512885063346045,-0.28087865159414355,0.8587555111052098,0.892535595689449,0.9621526752015471,1872,2314,1.0383310317993164,0.8420944213867188,1.2330340147018433,0.35239431262016296,-0.6321809887886047,0.3669936594142411,-0.48307692307692307,0.6386232792108271,0.7250425097056578,0.8808080500963814,16.0,9.0,k562+IFNB_SMARCA5,k562+IFNB,SMARCA5,False,True,1
k562+IFNB_SOCS1,0.4501511,0.32240313,1.3962367,0.8326762,-0.58340496,0.7891838713581515,-0.38300761370606945,0.8724510463240015,0.9038040999642011,0.9653099010709938,1653,2579,1.4008926153182983,1.1566835641860962,1.2111287117004395,-0.9668441414833069,-0.9896901249885559,-1.0,-1.0,0.6939724891821857,0.7262452776193595,0.9555621366062931,2.0,1.0,k562+IFNB_SOCS1,k562+IFNB,SOCS1,False,True,1
k562+IFNB_SP100,0.45952755,0.32153976,1.4291469,0.83007014,-0.64186186,0.7861613546695699,-0.37379287041981074,0.8700609913046198,0.903708495460806,0.9627673034776228,1708,2530,0.29383906722068787,0.17022475600242615,1.7261829376220703,0.9999653100967407,-0.9902435541152954,0.7999999999999999,-0.19999999999999998,0.9975235148167301,0.9999146023777538,0.9976087082283449,3.0,1.0,k562+IFNB_SP100,k562+IFNB,SP100,False,True,1
k562+IFNB_SP110,0.44606167,0.33038148,1.3501413,0.8236041,-0.5585916,0.7543986295498939,-0.18278973195434237,0.8629022954050716,0.8982121387065181,0.9606887484817397,2094,2096,1.281079888343811,1.0363465547561646,1.2361501455307007,0.3346104919910431,-0.6678890585899353,0.41615384615384615,-0.6407692307692306,0.7300101399588043,0.7762738265306066,0.940402877192745,13.0,12.0,k562+IFNB_SP110,k562+IFNB,SP110,False,True,1
k562+IFNB_STAT1,0.4544534,0.32157364,1.4132172,0.8290272,-0.7063768,0.7892955447679181,-0.3759817467368092,0.8692896754390219,0.9036754668786324,0.9619489598866927,1734,2499,0.9889259338378906,0.8939378261566162,1.1062580347061157,0.7554634809494019,-0.7491201758384705,0.41818181818181827,-0.8000000000000002,0.8374402810253907,0.8490334600119831,0.9863454392169317,5.0,6.0,k562+IFNB_STAT1,k562+IFNB,STAT1,False,True,1
k562+IFNB_STAT2,0.43267587,0.32682168,1.3238897,0.82516026,-0.5440979,0.7563916906255441,-0.1515985034708038,0.8639401809984798,0.899019986738627,0.9609799489915611,2180,2027,0.506493330001831,0.6161410212516785,0.8220412135124207,0.7489192485809326,-0.406353622674942,0.7353846153846154,-0.2753846153846154,0.9579062866273889,0.9665293575342485,0.9910783145492256,20.0,5.0,k562+IFNB_STAT2,k562+IFNB,STAT2,False,True,1
k562+IFNB_STAT3,0.46357265,0.32720834,1.4167507,0.82691157,-0.6286812,0.7751310973239824,-0.342931332058872,0.8673033424912209,0.9015759438149723,0.9619858964085392,1790,2437,,,,,,,,,,,,,k562+IFNB_STAT3,k562+IFNB,STAT3,False,True,1
k562+IFNB_STAT4,0.45338458,0.32775655,1.3832967,0.8288895,-0.62971675,0.7846793289261033,-0.35418596600319063,0.8683691784981693,0.9004854496766213,0.9643344918121827,1700,2516,1.270111322402954,1.022369384765625,1.2423213720321655,-0.3033151626586914,-0.24469870328903198,-0.5151515151515151,-0.35757575757575755,0.645062114256485,0.6639815969128005,0.9715060135035638,3.0,7.0,k562+IFNB_STAT4,k562+IFNB,STAT4,False,True,1
k562+IFNB_STAT5A,0.45083702,0.32140827,1.4026927,0.8325826,-0.66306424,0.797129106395763,-0.33630876307968677,0.8727408402912499,0.9054501860463541,0.9638750466241225,1816,2453,,,,,,,,,,,,,k562+IFNB_STAT5A,k562+IFNB,STAT5A,False,False,1
k562+IFNB_STAT6,0.45607,0.33741066,1.3516763,0.82414234,-0.62959325,0.7615067431294663,-0.3056910755666293,0.8625893220612895,0.8941366373553975,0.9647175677898447,1797,2403,1.2172938585281372,0.9368122816085815,1.299399971961975,0.10374734550714493,-0.7624670267105103,-0.04461538461538461,-0.703076923076923,0.6443039742894886,0.7202976861904368,0.8944967985349651,10.0,15.0,k562+IFNB_STAT6,k562+IFNB,STAT6,False,True,1
k562+IFNB_TRAFD1,0.45959923,0.32426175,1.417371,0.8271526,-0.61131656,0.7872211001987091,-0.30745753340932347,0.8678018482834494,0.9030823706939766,0.9609332176605156,1854,2381,,,,,,,,,,,,,k562+IFNB_TRAFD1,k562+IFNB,TRAFD1,False,True,1
k562+IFNB_TRIM21,0.49463555,0.3480677,1.4210901,0.8161117,-0.6985986,0.7618105559682719,-0.4068396419520011,0.85470490800563,0.8897331321798129,0.9606306397870505,1605,2569,2.599074363708496,2.058649778366089,1.2625141143798828,0.29559168219566345,-0.6586313843727112,0.37615384615384617,-0.6307692307692307,0.7757669965827346,0.7980430235743601,0.9720866841340794,10.0,15.0,k562+IFNB_TRIM21,k562+IFNB,TRIM21,False,False,1
k562+IFNB_TRIM22,0.45722967,0.33459583,1.3665134,0.82520926,-0.6278628,0.7739272314797523,-0.34690375563811193,0.8646022541892828,0.8971298187840594,0.9637426335478813,1734,2457,1.4327805042266846,1.0603140592575073,1.351279377937317,0.03893222659826279,-0.5147342085838318,0.05424120123418029,-0.6253846153846154,0.6018708337280074,0.5890929692705479,1.0216907434378004,11.0,14.0,k562+IFNB_TRIM22,k562+IFNB,TRIM22,False,True,1
k562+IFNB_TYK2,0.4432894,0.32079566,1.3818436,0.8315474,-0.6753251,0.7907529179463788,-0.361679716242817,0.8709692439379494,0.9034124872905498,0.964088117212214,1709,2515,0.6020406484603882,0.48356330394744873,1.245008945465088,0.35483527183532715,-0.40699660778045654,0.4146153846153846,-0.3915384615384615,0.8219036998438157,0.8891004339241776,0.924421660909804,18.0,7.0,k562+IFNB_TYK2,k562+IFNB,TYK2,False,True,1
k562+IFNB_UBA7,0.4518104,0.32879767,1.3741289,0.8270515,-0.6203265,0.7714393758816835,-0.367575225643315,0.8665204491101931,0.8993570122561031,0.9634888451433352,1659,2554,1.30512273311615,0.996246337890625,1.3100402355194092,0.13428884744644165,-0.7688069939613342,0.2953846153846154,-0.7084615384615385,0.5332742449364071,0.5889278258936772,0.905500167405373,8.0,17.0,k562+IFNB_UBA7,k562+IFNB,UBA7,False,True,1
k562+IFNB_UBE2L6,0.45181245,0.32998285,1.3691998,0.82546735,-0.6203158,0.7652267240940153,-0.3530552360632412,0.8642796689858566,0.896835720284533,0.9636989801339007,1729,2485,1.6037594079971313,1.2988018989562988,1.2347991466522217,0.06811627745628357,-0.6326554417610168,0.04538461538461538,-0.606923076923077,0.6403487703714915,0.6853493115090679,0.9343392626477003,9.0,16.0,k562+IFNB_UBE2L6,k562+IFNB,UBE2L6,False,True,1
k562+IFNB_USP18,0.4408899,0.33196348,1.3281277,0.83498484,-0.33715934,0.7822098820055615,-0.2866615054469279,0.8740614161050839,0.9009220715747233,0.9701853730559742,1766,2482,1.4084408283233643,1.3003813028335571,1.083098292350769,0.4909779131412506,0.47480130195617676,0.43615384615384617,0.48538461538461536,0.7872420938718985,0.6598927928063991,1.1929848339817546,14.0,11.0,k562+IFNB_USP18,k562+IFNB,USP18,False,True,1
k562+IFNB_VAV1,0.444921,0.32187498,1.3822789,0.8329228,-0.6008017,0.786773957078591,-0.39370426473638037,0.8727243168299478,0.9038480425046787,0.965565311633045,1619,2619,,,,,,,,,,,,,k562+IFNB_VAV1,k562+IFNB,VAV1,False,True,1
k562+IFNB_ZBP1,0.4479036,0.32672763,1.3708776,0.8299264,-0.61567926,0.7828715743030366,-0.3574117386500052,0.8695705358009571,0.9013153589908881,0.9647794494199317,1708,2504,1.3950934410095215,1.077142596244812,1.295179843902588,-0.2771403193473816,-0.9954322576522827,0.5,-1.0,0.6910906157538136,0.7652914838968125,0.9030423443820738,2.0,1.0,k562+IFNB_ZBP1,k562+IFNB,ZBP1,False,True,1
k562+IFNB_ZNFX1,0.462315,0.3333699,1.3867928,0.8222338,-0.59439415,0.7662067893035988,-0.25534256089685226,0.862330006586191,0.897657659008551,0.9606446265256859,1964,2244,1.6907525062561035,1.3463280200958252,1.2558250427246094,0.2724313735961914,-0.5631423592567444,-0.015384615384615384,-0.5507692307692308,0.6273439074017434,0.6552270560398185,0.9574450591118744,12.0,13.0,k562+IFNB_ZNFX1,k562+IFNB,ZNFX1,False,True,1
k562+INS_FOXM1,0.016655065,0.4247542,0.039211065,0.9935765,0.9807556,0.8852690025885396,0.891675953867055,0.9949547961883424,0.8738275784815501,1.1386168400833434,3577,599,0.020314179360866547,0.2533571422100067,0.08018001168966293,0.9223491549491882,0.9736430048942566,0.6084615384615384,0.9192307692307692,0.9428005142832453,0.4525879385630289,2.0831322135464903,19.0,6.0,k562+INS_FOXM1,k562+INS,FOXM1,True,False,1
k562+INS_RPS6KB1,0.014284229,0.4148633,0.03443117,0.994812,0.9838429,0.8900791627234552,0.8959125232960212,0.9959545474259176,0.8787676889885074,1.1333536267956055,3666,663,0.38181212544441223,0.06932655721902847,5.507443904876709,0.9562696218490601,-0.3205568492412567,0.8571428571428573,0.1785714285714286,0.95844759452249,0.9725718798637862,0.9854773866757546,4.0,3.0,k562+INS_RPS6KB1,k562+INS,RPS6KB1,True,False,1
k562+INS_SRF,0.018317143,0.4135161,0.04429608,0.99318826,0.9784553,0.8940098377055968,0.8872818952179176,0.994641901458302,0.878824991587128,1.1317860904956885,3583,655,0.08383121341466904,0.24851590394973755,0.33732736110687256,0.5922459363937378,0.8247684240341187,0.36692307692307696,0.7876923076923077,0.7338826416938964,0.4120448929194741,1.7810744758759065,22.0,3.0,k562+INS_SRF,k562+INS,SRF,True,False,1
k562+TNFA_CREB1,0.023731336,0.4377332,0.054214157,0.9911325,0.9727678,0.8639004892791503,0.8771135705159078,0.9930685596756232,0.8713826254050058,1.1396469595822611,3527,632,0.011389335617423058,0.0331433042883873,0.3436391055583954,0.7899137735366821,0.9610852599143982,0.6347419188140273,0.9523809523809524,0.9700492933787215,0.7092384933281132,1.3677335656539866,6.0,2.0,k562+TNFA_CREB1,k562+TNFA,CREB1,True,False,1
k562+TNFA_TNFRSF1A,0.014923288,0.44474438,0.03355475,0.9954311,0.98557967,0.8782698779732446,0.8781195322822614,0.9962168770540349,0.8653646801733995,1.1512104663832774,3421,627,0.12556837499141693,0.8726885914802551,0.14388680458068848,0.9204037189483643,0.9661133289337158,0.8623076923076922,0.9707692307692307,0.9399138882189253,0.6362524257428521,1.4772657049150506,19.0,6.0,k562+TNFA_TNFRSF1A,k562+TNFA,TNFRSF1A,True,False,1
k562+TNFA_TRAF3,0.019553747,0.4280027,0.045686036,0.9929629,0.9777283,0.8844990058590659,0.888251756212513,0.9944638368707444,0.874911396481824,1.136645197296163,3579,603,0.47578099370002747,0.7352408766746521,0.6471090316772461,0.6928422451019287,0.6728759407997131,0.6200980392156864,0.43627450980392163,0.7741118874955325,0.6806115303070985,1.1373769808840084,10.0,7.0,k562+TNFA_TRAF3,k562+TNFA,TRAF3,True,False,1
mcf7+TGFB_RPS6KB1,0.01868704,0.2417643,0.077294454,0.9942685,0.96079654,0.8180631525017538,0.8163773150265838,0.9954319993653439,0.9317122383841866,1.068389958139503,3335,833,,,,,,,,,,,,,mcf7+TGFB_RPS6KB1,mcf7+TGFB,RPS6KB1,True,False,1
mcf7+TNFA_ARID5B,0.27568936,0.2549107,1.0815135,0.8998518,-0.082221076,0.8225499323050129,0.06717914046781663,0.921821994466324,0.9275706197862837,0.9938024930961221,2337,1786,0.7296077013015747,0.8221067786216736,0.8874853253364563,0.42508694529533386,-0.20120280981063843,0.5047124540371953,-0.1323076923076923,0.7873340363199153,0.8192916598724389,0.9609935934689006,21.0,4.0,mcf7+TNFA_ARID5B,mcf7+TNFA,ARID5B,False,True,1
mcf7+TNFA_BATF,0.26857606,0.24489921,1.0966799,0.9031438,-0.114027366,0.8456898054605624,0.030531570478826545,0.9252987221083653,0.9318044766882154,0.9930181119080125,2349,1868,0.6069493889808655,0.713184654712677,0.8510410189628601,0.7712758779525757,-0.022984404116868973,0.7870129870129869,0.022077922077922082,0.911984498025081,0.9275075409226139,0.9832637016815068,18.0,3.0,mcf7+TNFA_BATF,mcf7+TNFA,BATF,False,True,1
mcf7+TNFA_BIRC2,0.27260342,0.24986172,1.0910171,0.90121377,-0.08445032,0.8197314496948105,0.04867765429620807,0.9234067861126496,0.9297626519590968,0.9931639910109803,2310,1840,0.5210197567939758,0.6311977505683899,0.8254461288452148,-0.009302343241870403,-0.10392031818628311,0.5569230769230769,0.16307692307692304,0.4853613038673126,0.5291130224101522,0.917311204431244,21.0,4.0,mcf7+TNFA_BIRC2,mcf7+TNFA,BIRC2,False,True,1
mcf7+TNFA_BIRC3,0.2722766,0.24925937,1.0923425,0.90196055,-0.082038745,0.8255007674570617,0.03508211711265972,0.923851983867336,0.9298870618034666,0.9935098807328001,2258,1894,1.1387542486190796,1.0806889533996582,1.0537298917770386,0.25652197003364563,-0.24777160584926605,0.38461538461538464,-0.31846153846153846,0.7651615446540473,0.76463759846073,1.0006852215930424,16.0,9.0,mcf7+TNFA_BIRC3,mcf7+TNFA,BIRC3,False,True,1
mcf7+TNFA_CASP3,0.2468979,0.22943845,1.0760964,0.9078416,-0.04928976,0.8092259901908122,0.12115552481829756,0.9281116042457996,0.9338598796369041,0.9938446061165628,2427,1675,0.34918153285980225,0.3471163809299469,1.0059494972229004,0.11456330120563507,-0.17037898302078247,0.13348721154794724,0.10615384615384615,0.5357360850569215,0.5554197453990996,0.9645607479654252,19.0,6.0,mcf7+TNFA_CASP3,mcf7+TNFA,CASP3,False,True,1
mcf7+TNFA_CASP7,0.25337327,0.22974849,1.1028289,0.9087768,-0.08494109,0.8365969520252655,0.013340310033635243,0.929805013287701,0.9360649837499511,0.9933124616656719,2234,1947,0.16384442150592804,0.23911099135875702,0.6852232813835144,1.0,1.0,0.9999999999999999,0.9999999999999999,0.9993197866970155,0.9999311337182132,0.9993886108747065,1.0,1.0,mcf7+TNFA_CASP7,mcf7+TNFA,CASP7,False,True,1
mcf7+TNFA_CASP8,0.26274818,0.25147563,1.0448257,0.90145147,0.006473487,0.792013629910771,0.16781363988769163,0.9225426905669052,0.9269995729150633,0.9951921419616808,2536,1567,0.5087798237800598,0.6894733905792236,0.7379252314567566,0.6860779523849487,0.21490158140659332,0.25620312072314944,0.25230769230769234,0.8037087085323964,0.8037555686437114,0.9999416985547059,21.0,4.0,mcf7+TNFA_CASP8,mcf7+TNFA,CASP8,False,True,1
mcf7+TNFA_CASP10,0.26756105,0.317837,0.84181845,0.8799906,0.28887683,0.7465988509743294,0.4620638218900269,0.9025620303515993,0.900009099993299,1.002836560606242,3024,1032,0.8479068875312805,1.3475912809371948,0.6292018294334412,0.062289901077747345,0.5332404375076294,0.033474128283866506,0.4769230769230769,0.5616239144919374,0.5741099605042931,0.9782514729384105,22.0,3.0,mcf7+TNFA_CASP10,mcf7+TNFA,CASP10,False,True,1
mcf7+TNFA_CEBPB,0.2675604,0.24612369,1.0870973,0.9030038,-0.10331182,0.8345082570302562,0.057849507641941224,0.9246074210606252,0.9305545047488968,0.9936090968794178,2334,1830,0.34355366230010986,0.3858795166015625,0.8903132677078247,0.3211447298526764,-0.0688430443406105,0.3946153846153846,0.22692307692307692,0.7067711074008018,0.7584455380351185,0.9318679746364017,19.0,6.0,mcf7+TNFA_CEBPB,mcf7+TNFA,CEBPB,False,True,1
mcf7+TNFA_CHUK,0.26449817,0.24126823,1.0962826,0.9019313,-0.07584374,0.8181473067594489,0.08060005147964527,0.923206946865547,0.9304810319023117,0.9921824467266214,2370,1726,0.4868374168872833,0.5042399764060974,0.965487539768219,0.4988788366317749,0.00894518569111824,0.06001154179100798,-0.016153846153846154,0.6682111897734114,0.6918746212253989,0.9657980929983001,14.0,11.0,mcf7+TNFA_CHUK,mcf7+TNFA,CHUK,False,True,1
mcf7+TNFA_CREB1,0.28646877,0.2574642,1.1126548,0.89559245,-0.06337483,0.8171154217060754,-0.016264932930225535,0.918804498538056,0.9269615484067113,0.9912002284424032,2187,1967,0.9731477499008179,1.0451045036315918,0.9311487674713135,0.18431299924850464,-0.32001426815986633,0.21307692307692308,-0.3646153846153847,0.762131076783413,0.8271013236211444,0.9214482615584699,17.0,8.0,mcf7+TNFA_CREB1,mcf7+TNFA,CREB1,False,False,1
mcf7+TNFA_CSF1,0.2648645,0.24671431,1.0735676,0.9037844,-0.046743374,0.8200898149817892,0.08643820548488405,0.9252247399253761,0.9306191340982087,0.99420343513777,2352,1799,0.7756122350692749,0.8572665452957153,0.904750406742096,0.45335009694099426,-0.2860991656780243,0.6199999999999999,-0.19230769230769232,0.8174766214565826,0.8378960282124712,0.9756301425614221,20.0,5.0,mcf7+TNFA_CSF1,mcf7+TNFA,CSF1,False,True,1
mcf7+TNFA_CSF2,0.26687393,0.24219052,1.1019173,0.90427005,-0.09683376,0.8416814667703605,0.02084012326044882,0.9262125275060334,0.9327110220182384,0.9930326817644513,2275,1957,0.6520364284515381,0.6231574416160583,1.0463429689407349,0.6297076940536499,-0.5622406005859375,0.880952380952381,-0.5000000000000001,0.8904641639902758,0.9267044620245545,0.9608933597286182,7.0,1.0,mcf7+TNFA_CSF2,mcf7+TNFA,CSF2,False,True,1
mcf7+TNFA_DNM1L,0.2757499,0.26443776,1.042778,0.89674336,-0.00068750605,0.7998324005599432,0.1838181427353931,0.9185832866520098,0.9232852918535148,0.9949073106189468,2557,1533,0.7304625511169434,1.0151668787002563,0.7195492386817932,0.36946696043014526,-0.28019359707832336,0.29384615384615387,-0.3253846153846154,0.73421801125927,0.7660668727289073,0.9584254813732067,22.0,3.0,mcf7+TNFA_DNM1L,mcf7+TNFA,DNM1L,False,True,1
mcf7+TNFA_FADD,0.26325095,0.24103147,1.092185,0.90531754,-0.07506381,0.8349370653200621,0.04041000263189528,0.9267859363078592,0.9327474961284022,0.9936086027083557,2284,1939,0.31832677125930786,0.4452188014984131,0.7149894833564758,0.537597119808197,0.05804935470223427,0.49650349650349657,0.0979020979020979,0.8715834786343336,0.8999290559534167,0.968502431239924,12.0,0.0,mcf7+TNFA_FADD,mcf7+TNFA,FADD,False,True,1
mcf7+TNFA_FOS,0.25317413,0.22991987,1.1011407,0.9080676,-0.11402998,0.8447952876209662,0.03413726985290926,0.9290839597982555,0.9357377436140989,0.992889264261005,2340,1820,0.0155379893258214,0.014263655059039593,1.089341402053833,-0.1855892390012741,-0.9757683277130127,-0.5,-1.0,0.8983198213436547,0.9681049065009929,0.9279157819687524,2.0,1.0,mcf7+TNFA_FOS,mcf7+TNFA,FOS,False,True,1
mcf7+TNFA_ID2,0.25265777,0.22885025,1.104031,0.9091985,-0.12245783,0.8472073544360936,-0.03569814821735695,0.9304573522421767,0.9368274908103511,0.9932003078147672,2156,2050,0.5953554511070251,0.8699856400489807,0.6843279004096985,,,,,,,,1.0,0.0,mcf7+TNFA_ID2,mcf7+TNFA,ID2,False,True,1
mcf7+TNFA_IKBKB,0.25407356,0.24716634,1.0279456,0.89937234,0.041208174,0.7981503024620652,0.25221370201965054,0.920180487451727,0.9255409308670407,0.9942083129588962,2718,1360,0.6520738005638123,0.7576945424079895,0.8606024980545044,0.30631133913993835,0.11013948917388916,0.4441879684165276,0.20076923076923076,0.6713962836683037,0.6978209523559874,0.9621325949035084,22.0,3.0,mcf7+TNFA_IKBKB,mcf7+TNFA,IKBKB,False,True,1
mcf7+TNFA_IKBKE,0.24695273,0.22200893,1.112355,0.9112639,-0.13398165,0.8437461500075266,0.0034379402168162342,0.9318243051727146,0.938694338492893,0.9926812882122966,2268,1901,0.13495390117168427,0.15448009967803955,0.8736005425453186,0.015303786844015121,0.18052791059017181,0.03571428571428572,0.42857142857142866,0.7037038882976817,0.699810930276505,1.005562871130976,5.0,2.0,mcf7+TNFA_IKBKE,mcf7+TNFA,IKBKE,False,True,1
mcf7+TNFA_IKBKG,0.2700584,0.25006554,1.0799505,0.901277,-0.08671041,0.8248362907390957,0.08091213740397113,0.9228340389072577,0.9286787831056642,0.9937063877147482,2350,1764,0.9298890829086304,0.9520912766456604,0.9766805768013,0.2629050016403198,-0.32073771953582764,0.6423076923076922,-0.4084615384615385,0.6869118751481395,0.7024672086104532,0.9778561429321609,19.0,6.0,mcf7+TNFA_IKBKG,mcf7+TNFA,IKBKG,False,True,1
mcf7+TNFA_IRF1,0.26900342,0.24449053,1.1002611,0.9038526,-0.11625017,0.8561832835167236,-0.024458919671671124,0.9258029926846618,0.9318501169885154,0.9935106255892351,2233,2022,0.5151699781417847,0.5391035079956055,0.9556049704551697,0.8369279503822327,-0.47210216522216797,0.7812177502579979,-0.4943240454076367,0.9168211870714217,0.8982809968191293,1.0206396331637253,15.0,3.0,mcf7+TNFA_IRF1,mcf7+TNFA,IRF1,False,True,1
mcf7+TNFA_ITCH,0.27838317,0.25942495,1.0730778,0.89667857,-0.07798736,0.8042813790037197,0.12868462836605693,0.91871569731307,0.9251273393361847,0.9930694491985121,2469,1626,0.6074312329292297,0.7211158871650696,0.8423489928245544,0.6875063180923462,0.019388101994991302,0.4366224354666286,-0.012307692307692308,0.7432728307370315,0.7272435942335943,1.0220410831123643,21.0,4.0,mcf7+TNFA_ITCH,mcf7+TNFA,ITCH,False,True,1
mcf7+TNFA_JUN,0.2494669,0.22582246,1.1047037,0.91026413,-0.12466102,0.8536914626068803,-0.01862713476028129,0.9311480881695208,0.9373603929969582,0.9933725545970902,2233,1944,0.13867437839508057,0.15236811339855194,0.9101272821426392,-0.24535547196865082,0.23535750806331635,0.14285714285714288,0.2,0.5170623836601985,0.5457590926287665,0.9474187249353114,2.0,4.0,mcf7+TNFA_JUN,mcf7+TNFA,JUN,False,True,1
mcf7+TNFA_JUNB,0.27142125,0.25023144,1.0846808,0.9015911,-0.09803102,0.8229408568443489,0.03448074860179816,0.9231441046907924,0.9289322087729622,0.9937690780581122,2263,1865,0.8084765672683716,0.8913657665252686,0.9070087671279907,0.5116581320762634,-0.13074958324432373,0.586923076923077,-0.10076923076923076,0.7779662452387789,0.7973980260930107,0.9756310146020286,19.0,6.0,mcf7+TNFA_JUNB,mcf7+TNFA,JUNB,False,True,1
mcf7+TNFA_KLF6,0.26804522,0.24601814,1.0895344,0.90333045,-0.1070617,0.8382762985072648,0.026361031282862095,0.9250663338968487,0.9310903422204827,0.9935301570100407,2234,1924,0.8642493486404419,0.9908340573310852,0.8722442984580994,0.5043370127677917,-0.19532354176044464,0.6338461538461537,-0.06461538461538462,0.8449393541504777,0.8686901235386677,0.9726591004725141,20.0,5.0,mcf7+TNFA_KLF6,mcf7+TNFA,KLF6,False,True,1
mcf7+TNFA_MAP2K3,0.25292596,0.22593652,1.1194559,0.9091766,-0.15761365,0.8576206226025068,-0.032979272428426645,0.930296287877898,0.9375198548618686,0.9922950250637252,2209,1983,1.1057124137878418,0.9764612913131714,1.1323668956756592,1.0,-1.0,0.9999999999999999,-0.9999999999999999,0.9999242796872326,0.9999799274259797,0.9999443511442371,0.0,2.0,mcf7+TNFA_MAP2K3,mcf7+TNFA,MAP2K3,False,True,1
mcf7+TNFA_MAP3K7,0.24591382,0.22253266,1.1050684,0.9115487,-0.09451367,0.8528108333001527,0.00642979186524168,0.9319262154841323,0.9382498490418191,0.9932601816412284,2218,1945,0.0029776673763990402,5.510389382834546e-05,54.037330627441406,,,,,,,,0.0,1.0,mcf7+TNFA_MAP3K7,mcf7+TNFA,MAP3K7,False,True,1
mcf7+TNFA_MAP3K14,0.2635698,0.2438488,1.0808738,0.90433675,-0.0871256,0.8496883042888554,0.06986006591843213,0.9261681133153242,0.9319146025290695,0.9938336740317726,2418,1795,0.40832990407943726,0.5523251891136169,0.739292562007904,0.840632975101471,-0.07300795614719391,0.8204334365325078,-0.009287925696594427,0.9389170279874309,0.9399323533121693,0.9989197889388949,16.0,2.0,mcf7+TNFA_MAP3K14,mcf7+TNFA,MAP3K14,False,False,1
mcf7+TNFA_MAPK8,0.24272378,0.22030146,1.1017802,0.9128084,-0.11963592,0.8515150315120407,-0.015806272157860398,0.933180583898685,0.9392256134819081,0.9935638152362424,2181,1991,,,,,,,,,,,,,mcf7+TNFA_MAPK8,mcf7+TNFA,MAPK8,False,True,1
mcf7+TNFA_MAPK9,0.26730305,0.24419653,1.0946226,0.9037659,-0.12124785,0.8474305291381833,0.0013160041807147593,0.9256987554359306,0.9319566215688855,0.993285238831803,2229,1986,0.6850941777229309,0.7653239965438843,0.8951688408851624,0.8046039342880249,-0.17810681462287903,0.8681318681318682,-0.08241758241758242,0.9322862055090365,0.9461854530900642,0.9853102290511492,11.0,2.0,mcf7+TNFA_MAPK9,mcf7+TNFA,MAPK9,False,True,1
mcf7+TNFA_MAPK14,0.2534712,0.23222436,1.0914927,0.908674,-0.09333193,0.8529987886081635,0.013663044768005617,0.9298945645897241,0.9355494596601482,0.9939555359558666,2236,1954,,,,,,,,,,,,,mcf7+TNFA_MAPK14,mcf7+TNFA,MAPK14,False,True,1
mcf7+TNFA_MMP9,0.26893923,0.24540809,1.0958858,0.9041713,-0.0744956,0.8369873508772695,0.0065258440371176495,0.9260111145203159,0.9317693863659315,0.9938200675726492,2225,2018,0.6037091016769409,0.6326305866241455,0.9542837738990784,0.6883894205093384,-0.45903366804122925,0.8176470588235294,-0.3911764705882353,0.9141996133858195,0.9364790063515044,0.9762094047868891,12.0,4.0,mcf7+TNFA_MMP9,mcf7+TNFA,MMP9,False,True,1
mcf7+TNFA_MTF1,0.26898697,0.24387813,1.1029565,0.9030958,-0.11424572,0.8473262027712072,0.004671742130929167,0.9254862374170213,0.9323061641192659,0.9926848851110115,2280,2011,0.11574868857860565,0.20704388618469238,0.559053897857666,0.8155351877212524,0.8041322231292725,0.5714285714285715,0.6071428571428572,0.9268567194376421,0.9488667867605377,0.9768038383996571,7.0,0.0,mcf7+TNFA_MTF1,mcf7+TNFA,MTF1,False,True,1
mcf7+TNFA_MTOR,0.2657206,0.24721326,1.0748639,0.90175617,-0.029940674,0.8094774604395653,0.16138685086064516,0.9235179331967787,0.9295275650511882,0.9935347459501338,2541,1581,0.503260612487793,0.9419543743133545,0.5342727899551392,0.5755163431167603,0.35684776306152344,0.6992307692307692,0.45615384615384613,0.8442466850427508,0.847987357878703,0.9955887634394577,24.0,1.0,mcf7+TNFA_MTOR,mcf7+TNFA,MTOR,False,True,1
mcf7+TNFA_MYC,0.2726678,0.24819124,1.0986197,0.90234953,-0.11297706,0.8512064400206435,-0.011331782503885992,0.92444881513102,0.9304990161038326,0.9934978964318029,2198,1979,0.7914284467697144,0.8037303686141968,0.9846939444541931,0.6406770348548889,-0.28334614634513855,0.7015810276679841,-0.2519762845849803,0.8721451763095203,0.8850386644043903,0.9854317233659537,17.0,6.0,mcf7+TNFA_MYC,mcf7+TNFA,MYC,False,True,1
mcf7+TNFA_NFAT5,0.2723458,0.25699052,1.0597504,0.8984678,-0.039725915,0.7965966135827961,0.17167620374963596,0.9201868192866843,0.9258331081140595,0.9939013967227023,2584,1531,0.65537428855896,0.9515405893325806,0.6887507438659668,0.36259880661964417,0.34518325328826904,0.4877861217371674,0.24384615384615385,0.74942410606531,0.7881595401458539,0.950853308108945,22.0,3.0,mcf7+TNFA_NFAT5,mcf7+TNFA,NFAT5,False,True,1
mcf7+TNFA_NFKB1,0.26638496,0.24386233,1.092358,0.9024315,-0.10169965,0.8394182410025463,0.09359096261437423,0.9247901086462562,0.9315809190956195,0.9927104448897947,2470,1710,0.6514147520065308,0.6937148571014404,0.9390237927436829,0.20911477506160736,0.14913572371006012,0.6098901098901099,0.24725274725274726,0.5265681544178971,0.5195715984285721,1.0134660093247703,8.0,5.0,mcf7+TNFA_NFKB1,mcf7+TNFA,NFKB1,False,True,1
mcf7+TNFA_NFKBIA,0.27139696,0.2459228,1.103586,0.9022299,-0.1171555,0.8333468525930304,0.005349632567131417,0.9244852358684575,0.9311042233513999,0.9928912496400047,2235,1958,0.5814456343650818,0.5399419665336609,1.076866865158081,0.5877567529678345,-0.12953992187976837,0.6264189886480908,-0.2693498452012384,0.8423348620631343,0.8838282805651648,0.9530526241189098,12.0,6.0,mcf7+TNFA_NFKBIA,mcf7+TNFA,NFKBIA,False,True,1
mcf7+TNFA_NFKBIE,0.27259418,0.24702163,1.1035235,0.9019629,-0.117158346,0.8376376407402286,0.023181729775087045,0.9241782877860363,0.9309762862606119,0.9926979896535488,2293,1907,0.6269404888153076,0.7351863980293274,0.8527640104293823,0.7757501602172852,-0.30594632029533386,0.7953846153846152,-0.3638461538461538,0.9165242434089568,0.9248863022076222,0.9909588251240115,22.0,3.0,mcf7+TNFA_NFKBIE,mcf7+TNFA,NFKBIE,False,True,1
mcf7+TNFA_NKX3-1,0.27376616,0.2490315,1.0993234,0.9017279,-0.108619794,0.8399596197457025,0.0068132906398214385,0.924171927567381,0.930647285345858,0.9930420924442168,2251,1956,0.9106183648109436,0.938205361366272,0.9705960154533386,0.5572579503059387,-0.39446473121643066,0.6423076923076922,-0.23153846153846153,0.8728141879918156,0.9021313629195478,0.9675023215767008,17.0,8.0,mcf7+TNFA_NKX3-1,mcf7+TNFA,NKX3-1,False,True,1
mcf7+TNFA_PDCD5,0.269226,0.2553669,1.0542715,0.89980984,-0.022124862,0.8088248703427984,0.15225319847806923,0.9214966445810683,0.9264140387383515,0.994692012478589,2462,1641,0.9598442912101746,1.2301234006881714,0.7802829146385193,0.03134669363498688,0.1133047342300415,0.23615384615384616,0.12230769230769231,0.6367984564673062,0.6719622076705185,0.9476700463183577,18.0,7.0,mcf7+TNFA_PDCD5,mcf7+TNFA,PDCD5,False,True,1
mcf7+TNFA_PIK3CA,0.27313077,0.24961202,1.0942212,0.90042233,-0.11231053,0.8379808345579257,0.04691435637787469,0.9226700489713774,0.9294092443716964,0.9927489473112839,2332,1825,0.745547354221344,0.8573897480964661,0.8695547580718994,0.30049169063568115,-0.1721159815788269,0.44923076923076927,-0.1276923076923077,0.7239039175449089,0.7483174283405843,0.967375461440457,19.0,6.0,mcf7+TNFA_PIK3CA,mcf7+TNFA,PIK3CA,False,True,1
mcf7+TNFA_PTGS2,0.27039966,0.24773584,1.0914838,0.9025117,-0.09493019,0.8335075532290979,0.04117625609830298,0.9246185131868497,0.9307150603746345,0.9934496093945974,2310,1891,0.7007870674133301,0.7083686590194702,0.989297091960907,0.28634902834892273,-0.533053994178772,0.6707692307692308,-0.4776923076923077,0.7104026558620165,0.7456814874915161,0.9526891411128119,19.0,6.0,mcf7+TNFA_PTGS2,mcf7+TNFA,PTGS2,False,True,1
mcf7+TNFA_RELB,0.27828467,0.25064033,1.1102948,0.9000188,-0.13605826,0.8343965012755005,-0.002514722131323175,0.9223888584474693,0.9295886099179584,0.9922549056715265,2218,1951,0.8880927562713623,0.8918231129646301,0.9958171844482422,0.5798658728599548,-0.4575548470020294,0.6723076923076923,-0.35,0.8494545606396273,0.8837402422138464,0.9612038923469973,18.0,7.0,mcf7+TNFA_RELB,mcf7+TNFA,RELB,False,True,1
mcf7+TNFA_REPIN1,0.2704793,0.24512368,1.10344,0.90311766,-0.10736865,0.8407752141346074,-0.0006889791846236457,0.9251516111982271,0.9316193084641649,0.99305757490514,2211,1985,0.5254145264625549,0.6084609031677246,0.8635140061378479,0.6031763553619385,-0.4751049876213074,0.6882352941176471,-0.23823529411764705,0.8894962234514239,0.9192613616743806,0.9676205925062039,13.0,3.0,mcf7+TNFA_REPIN1,mcf7+TNFA,REPIN1,False,True,1
mcf7+TNFA_SOX4,0.27463266,0.25501657,1.0769209,0.89996946,-0.07517466,0.81902974242383,0.08618145808590608,0.9217183820998307,0.9274007156511883,0.9938728389406432,2373,1737,0.838093638420105,0.970119833946228,0.8639073371887207,0.5940852761268616,0.17884130775928497,0.16080015685026497,0.11307692307692309,0.7641838188993729,0.7708195835412902,0.9913912869060341,21.0,4.0,mcf7+TNFA_SOX4,mcf7+TNFA,SOX4,False,True,1
mcf7+TNFA_SOX9,0.2710919,0.25081137,1.0808598,0.90051216,-0.07140169,0.8127540560518192,0.12299520184312418,0.9223518765815526,0.9288245091862628,0.993031371867673,2474,1667,0.655998945236206,0.7898197174072266,0.8305679559707642,0.6665917634963989,-0.15780134499073029,0.7707692307692308,-0.1376923076923077,0.8559726459974759,0.8905509408482024,0.961172019179731,19.0,6.0,mcf7+TNFA_SOX9,mcf7+TNFA,SOX9,False,True,1
mcf7+TNFA_TNFRSF1A,0.29961327,0.26942945,1.1120287,0.8920609,-0.12685175,0.8152189663770266,0.005662225748470933,0.914944317667801,0.9217672204796735,0.9925980196949052,2171,1917,2.274867057800293,2.0138373374938965,1.1296180486679077,0.10937456786632538,-0.5369218587875366,0.041538461538461545,-0.5169230769230769,0.7665507743090202,0.8013606122733097,0.9565615811019954,8.0,17.0,mcf7+TNFA_TNFRSF1A,mcf7+TNFA,TNFRSF1A,False,False,1
mcf7+TNFA_TNFRSF1B,0.2649081,0.24189067,1.0951563,0.90522766,-0.075975865,0.8392464764148951,0.02227428573608212,0.9268031724573276,0.9326126073585439,0.9937707952311834,2236,1968,0.6391333341598511,0.5528507828712463,1.1560684442520142,-0.6111899614334106,0.016709446907043457,-0.5714285714285715,-0.14285714285714288,0.5923427319959492,0.6304307588241933,0.9395841235613543,4.0,4.0,mcf7+TNFA_TNFRSF1B,mcf7+TNFA,TNFRSF1B,False,True,1
mcf7+TNFA_TRAF1,0.27075645,0.24965227,1.0845343,0.90103847,-0.08599912,0.8217919852102619,0.06429074055390785,0.9227205609469092,0.9287338108208999,0.9935253246905316,2290,1816,0.9552833437919617,0.9746317863464355,0.9801479578018188,0.3907953202724457,-0.46271857619285583,0.5392307692307693,-0.3423076923076923,0.7959178435617014,0.8476399542553339,0.9389810373685472,20.0,5.0,mcf7+TNFA_TRAF1,mcf7+TNFA,TRAF1,False,True,1
mcf7+TNFA_TRAF2,0.25696042,0.23492432,1.0938009,0.9069934,-0.09115465,0.8350877667997095,0.04349300021742329,0.928141244190265,0.9342872869349875,0.9934216778600454,2305,1860,0.22188502550125122,0.2961098253726959,0.7493335604667664,-1.0,1.0,-0.9999999999999999,0.9999999999999999,0.6097333860087778,0.5876971554846855,1.0374958944729256,1.0,1.0,mcf7+TNFA_TRAF2,mcf7+TNFA,TRAF2,False,True,1
mcf7+TNFA_TRAF3,0.24468437,0.2226608,1.0989109,0.9119919,-0.101247795,0.8492879634330796,0.042128685614015025,0.9325847749635571,0.9387516716094266,0.9934307476275416,2363,1847,0.11214911937713623,0.082154281437397,1.3651037216186523,,,,,,,,0.0,1.0,mcf7+TNFA_TRAF3,mcf7+TNFA,TRAF3,False,False,1
mcf7+TNFA_ZFP36L1,0.27054825,0.2489479,1.0867666,0.9020145,-0.10212791,0.841522541380162,0.06411701197210659,0.9242579019349857,0.9305760901771019,0.993210454997921,2388,1800,0.5537735819816589,0.6688679456710815,0.8279266357421875,0.6478721499443054,-0.27951693534851074,0.7884615384615384,-0.13,0.8867404105711844,0.9087653459082987,0.975763891706169,23.0,2.0,mcf7+TNFA_ZFP36L1,mcf7+TNFA,ZFP36L1,False,True,1
mcf7+TNFA_ZNF22,0.27192837,0.2490003,1.0920805,0.902245,-0.09773244,0.8325280151662383,0.03363071753970046,0.9242021199083456,0.9302964219506096,0.9934490750491272,2263,1916,1.154076099395752,1.1633970737457275,0.9919881224632263,0.5214533805847168,-0.336262047290802,0.6315384615384615,-0.26384615384615384,0.8460475314164042,0.8740384185546106,0.9679752210612267,17.0,8.0,mcf7+TNFA_ZNF22,mcf7+TNFA,ZNF22,False,True,1
mcf7+TNFA_ZNF267,0.2733581,0.25562316,1.0693792,0.89897037,-0.049479403,0.8119609975091299,0.1505252150110923,0.9208241201392103,0.9267209772345772,0.9936368580832564,2518,1590,0.975487470626831,1.3325488567352295,0.7320463061332703,0.7883103489875793,-0.00523487851023674,0.7676923076923077,-0.12230769230769231,0.860430309838993,0.8545438793228466,1.0068883888335973,22.0,3.0,mcf7+TNFA_ZNF267,mcf7+TNFA,ZNF267,False,True,1
a549+IFNB_UBE2L6,0.020511305,0.3857437,0.0531734,0.9939382,0.9742639,0.855629589732737,0.8752653837724482,0.9953012173974595,0.9026082379706643,1.102694586119884,3545,712,,,,,,,,,,,,,a549+IFNB_UBE2L6,a549+IFNB,UBE2L6,True,False,2
a549+IFNG_SP100,0.028174633,0.38106292,0.073936954,0.9937379,0.9701909,0.8205116040794267,0.8722085710663496,0.995095308865223,0.9042218242455636,1.1004991056209903,3504,622,0.5244072675704956,0.010095767676830292,51.94327926635742,,,,,,,,1.0,0.0,a549+IFNG_SP100,a549+IFNG,SP100,True,False,2
a549+IFNG_TSC22D1,0.03217828,0.38060665,0.08454471,0.99006736,0.9603157,0.8824254364424309,0.8490493655905114,0.9922835436266305,0.9037119689773817,1.0980086329380745,3421,703,,,,,,,,,,,,,a549+IFNG_TSC22D1,a549+IFNG,TSC22D1,True,False,2
a549+INS_MTOR,0.06335326,0.31842083,0.1989608,0.98044986,0.8951577,0.8500948839135507,0.7571647902114533,0.9848700138050568,0.922326938949213,1.0678100922944935,3341,814,0.022611582651734352,0.012026862241327763,1.8800898790359497,1.0,1.0,0.9999999999999999,0.9999999999999999,0.8781362570599883,0.863024269045455,1.017510501797647,1.0,1.0,a549+INS_MTOR,a549+INS,MTOR,True,False,2
a549+TNFA_ARID5B,0.38452137,0.22884656,1.6802584,0.87026465,-0.83560777,0.8097770779481845,-0.49019404368424735,0.9013464496480845,0.9429989767884582,0.9558297218070921,1514,2523,0.37557801604270935,0.23374028503894806,1.606817603111267,-0.1195647120475769,-0.8776423931121826,0.029220862151778954,-0.9076923076923077,0.38011082881808544,0.520244290680799,0.730639116328729,8.0,6.0,a549+TNFA_ARID5B,a549+TNFA,ARID5B,False,True,2
a549+TNFA_BATF,0.396136,0.23560894,1.6813284,0.86826336,-0.8526192,0.8237747971475565,-0.5300870003134804,0.9004603066399332,0.9428294489654898,0.9550617109255064,1460,2613,,,,,,,,,,,,,a549+TNFA_BATF,a549+TNFA,BATF,False,True,2
a549+TNFA_BIRC2,0.3823514,0.2305465,1.6584567,0.87465787,-0.8125566,0.8071590669781975,-0.49735749514489974,0.9056223516253659,0.9450290858563919,0.9583010355757301,1512,2606,0.4477824866771698,0.4254727363586426,1.0524351596832275,0.6048175692558289,0.03318671137094498,0.7380952380952381,0.14285714285714288,0.7322765041814226,0.7381307791059281,0.9920687836217906,6.0,2.0,a549+TNFA_BIRC2,a549+TNFA,BIRC2,False,True,2
a549+TNFA_BIRC3,0.38026905,0.23580278,1.6126572,0.8750373,-0.8097621,0.8159553168533514,-0.4886363958875593,0.9056301917930449,0.9433956929431538,0.9599685461438877,1519,2536,0.5800454616546631,0.2917930483818054,1.987865924835205,1.0,-1.0,0.9999999999999999,-0.9999999999999999,0.98578310390955,0.9978059270548145,0.9879507398991387,0.0,2.0,a549+TNFA_BIRC3,a549+TNFA,BIRC3,False,False,2
a549+TNFA_CASP3,0.39615357,0.2375602,1.6675924,0.86185354,-0.74057114,0.7746195933301906,-0.3183425685801824,0.8939843692067541,0.9377133110635768,0.9533664059783642,1876,2149,0.5122239589691162,0.3918597102165222,1.307161569595337,0.22535131871700287,-0.8293241262435913,0.3957653421125822,-0.47307692307692306,0.5340132326011454,0.6230012714209947,0.8571623479726169,18.0,7.0,a549+TNFA_CASP3,a549+TNFA,CASP3,False,True,2
a549+TNFA_CASP7,0.3920288,0.23104748,1.6967456,0.87141263,-0.8303075,0.8091620916013499,-0.5102923665066331,0.9029853957826764,0.9448034320716273,0.9557389030676378,1482,2615,,,,,,,,,,,,,a549+TNFA_CASP7,a549+TNFA,CASP7,False,True,2
a549+TNFA_CASP8,0.37878817,0.24001619,1.5781776,0.861626,-0.58105147,0.7678464288524771,-0.12447232880534716,0.892677955245178,0.9335939760003771,0.9561736452815517,2165,1850,0.865447998046875,0.7501667141914368,1.1536742448806763,-0.35757750272750854,-0.5318690538406372,-0.502019628444009,-0.5384615384615384,0.46033022908191135,0.5559353802094757,0.8280283023333747,12.0,13.0,a549+TNFA_CASP8,a549+TNFA,CASP8,False,False,2
a549+TNFA_CASP10,0.36534742,0.25850004,1.413336,0.83737475,-0.26539457,0.734226061857879,0.16702443268956452,0.870619501919097,0.9221404069548562,0.9441290017797892,2603,1390,0.9912965297698975,1.0248569250106812,0.967253565788269,0.34161385893821716,-0.37057170271873474,0.39810480388445596,-0.11230769230769232,0.661751660853263,0.7338491690466624,0.9017543233208798,20.0,5.0,a549+TNFA_CASP10,a549+TNFA,CASP10,False,True,2
a549+TNFA_CEBPB,0.36519226,0.22754416,1.6049292,0.87434185,-0.7377768,0.8101943864596404,-0.3601494705552046,0.904006812260412,0.9414622072202441,0.9602157211701331,1760,2272,0.6559191346168518,0.38099709153175354,1.7215856313705444,0.11266866326332092,-0.8757690787315369,0.2746153846153846,-0.7515384615384615,0.5319854679893279,0.7547786662530398,0.7048231379276684,12.0,13.0,a549+TNFA_CEBPB,a549+TNFA,CEBPB,False,True,2
a549+TNFA_CHUK,0.39378068,0.22819087,1.7256637,0.8640868,-0.78007996,0.8015541524661994,-0.4764469998697359,0.8962487027647487,0.9414471178357154,0.9519904897315178,1544,2481,0.9743340015411377,0.6672495007514954,1.4602243900299072,0.2817839980125427,-0.769187331199646,0.16692307692307692,-0.7223076923076923,0.5887345994168031,0.7120637780246859,0.8268003760140609,8.0,17.0,a549+TNFA_CHUK,a549+TNFA,CHUK,False,True,2
a549+TNFA_CREB1,0.38608822,0.22739014,1.697911,0.8721981,-0.84854233,0.8270060601952156,-0.5480389017908972,0.9036742762784985,0.945328549360828,0.955936723681419,1430,2659,0.1923685222864151,0.07985128462314606,2.4090847969055176,-0.612400233745575,-0.9860191345214844,-0.5,-0.5,0.48737198691172123,0.6617170852175851,0.7365262251789435,1.0,2.0,a549+TNFA_CREB1,a549+TNFA,CREB1,False,True,2
a549+TNFA_CSF1,0.3917649,0.23216641,1.6874315,0.8650662,-0.8113888,0.7933062022689561,-0.4815705917695434,0.8970992450586516,0.9405543210682829,0.9537984409446177,1530,2507,0.37532591819763184,0.2526368498802185,1.4856340885162354,-0.07303871214389801,-0.7432186603546143,-0.15923076923076923,-0.6238461538461538,0.3912016463745407,0.5973356471410423,0.6549109336549783,16.0,9.0,a549+TNFA_CSF1,a549+TNFA,CSF1,False,False,2
a549+TNFA_CSF2,0.3898323,0.23540603,1.6559997,0.87105244,-0.84116757,0.8188235854656984,-0.5576518362713522,0.9028935261750032,0.9435422603156877,0.9569190105728975,1404,2682,0.02713608928024769,0.001974165439605713,13.745600700378418,,,,,,,,0.0,1.0,a549+TNFA_CSF2,a549+TNFA,CSF2,False,True,2
a549+TNFA_DNM1L,0.39408356,0.23081987,1.7073208,0.8626251,-0.6930284,0.7695171968660234,-0.23970650550756062,0.8942928700897834,0.9391231734878297,0.9522636596948726,1993,2033,0.7953867316246033,0.7032175660133362,1.1310677528381348,0.1636734902858734,-0.6726208925247192,0.30177068218245895,-0.4469230769230769,0.5820073044167694,0.669727761508876,0.8690207243395807,19.0,6.0,a549+TNFA_DNM1L,a549+TNFA,DNM1L,False,True,2
a549+TNFA_FADD,0.39522985,0.23715921,1.666517,0.8696476,-0.8211708,0.8088567195624948,-0.5123741642155718,0.9017873298117833,0.9430285597382625,0.9562672524595377,1479,2611,,,,,,,,,,,,,a549+TNFA_FADD,a549+TNFA,FADD,False,True,2
a549+TNFA_FOS,0.39145362,0.23404329,1.6725694,0.8695089,-0.8543228,0.8326241616677797,-0.5200712564643926,0.9013343574734098,0.9428663551994092,0.9559513418874559,1510,2553,0.011634518392384052,0.07041536271572113,0.1652269959449768,,,,,,,,1.0,0.0,a549+TNFA_FOS,a549+TNFA,FOS,False,True,2
a549+TNFA_ID2,0.37899917,0.23606801,1.605466,0.87544715,-0.78377163,0.8250956610148014,-0.5000924809130662,0.9062207045914634,0.9435903093265761,0.9603963665525744,1474,2610,,,,,,,,,,,,,a549+TNFA_ID2,a549+TNFA,ID2,False,True,2
a549+TNFA_IKBKB,0.36983082,0.23516013,1.5726765,0.8546449,-0.5766115,0.7763039082100521,-0.1363389679202981,0.8862233451202998,0.9311896758472571,0.9517108792190548,2149,1861,0.871691882610321,0.7670144438743591,1.1364738941192627,0.19455929100513458,-0.7314451932907104,0.26635881641615,-0.4776923076923077,0.6425237218656344,0.7586106690200614,0.8469742756130985,17.0,8.0,a549+TNFA_IKBKB,a549+TNFA,IKBKB,False,True,2
a549+TNFA_IKBKE,0.39293066,0.23504959,1.6716926,0.86950135,-0.86192536,0.8141479032196102,-0.5667801177331495,0.9013173334529023,0.9430030088522967,0.9557947588628282,1386,2674,,,,,,,,,,,,,a549+TNFA_IKBKE,a549+TNFA,IKBKE,False,True,2
a549+TNFA_IKBKG,0.39657074,0.23601606,1.6802701,0.86671156,-0.8292127,0.8042732671123893,-0.4814206549341579,0.898825090157224,0.9415025968142399,0.9546708561384497,1562,2495,0.002435914473608136,0.005416026338934898,0.44976046681404114,1.0,1.0,0.9999999999999999,0.9999999999999999,0.992564499819513,0.991070398979142,1.001507562774461,2.0,0.0,a549+TNFA_IKBKG,a549+TNFA,IKBKG,False,True,2
a549+TNFA_IRF1,0.36760828,0.22790271,1.6130053,0.87972736,-0.80730134,0.8487419034225829,-0.5019594971450104,0.909729965304023,0.9462883961741583,0.9613665019903647,1509,2635,,,,,,,,,,,,,a549+TNFA_IRF1,a549+TNFA,IRF1,False,True,2
a549+TNFA_ITCH,0.39971036,0.24033217,1.6631579,0.85989857,-0.7693231,0.786882404214527,-0.35908101027884065,0.8924560862032078,0.9368019038831324,0.9526625453085578,1813,2211,0.7041851878166199,0.613761305809021,1.1473274230957031,0.1621006727218628,-0.6976158618927002,0.21999999999999997,-0.42230769230769233,0.617713424634726,0.7106272452416684,0.8692509733772669,19.0,6.0,a549+TNFA_ITCH,a549+TNFA,ITCH,False,True,2
a549+TNFA_JUN,0.38685465,0.23747846,1.6290094,0.8705823,-0.8280862,0.8234411963135748,-0.5139963698370489,0.9018968307699189,0.941609676290617,0.9578245142115116,1450,2597,0.2184210568666458,0.1604676991701126,1.3611527681350708,0.07394395023584366,-0.634854257106781,0.34320895191501305,-0.5253846153846153,0.44292144003463607,0.5738760262452334,0.7718068359338699,13.0,12.0,a549+TNFA_JUN,a549+TNFA,JUN,False,True,2
a549+TNFA_JUNB,0.39995885,0.2376688,1.6828412,0.8650445,-0.8450562,0.811814707304815,-0.5422331436007395,0.8978180647249909,0.9411248159288812,0.9539840513490796,1423,2647,0.6466587781906128,0.3821656107902527,1.692090392112732,0.11902063339948654,-0.849065899848938,0.32631578947368417,-0.6736842105263158,0.4296445567908437,0.48894066778738665,0.8787253446008554,12.0,7.0,a549+TNFA_JUNB,a549+TNFA,JUNB,False,True,2
a549+TNFA_KLF6,0.38355416,0.22907686,1.674347,0.8736123,-0.85632384,0.8231790553798536,-0.5455220260064394,0.904723763269045,0.9451851176756623,0.9571921376564655,1416,2646,0.0008351571159437299,0.008072302676737309,0.10345958918333054,,,,,,,,1.0,0.0,a549+TNFA_KLF6,a549+TNFA,KLF6,False,True,2
a549+TNFA_MAP2K3,0.39664528,0.23582439,1.6819519,0.87026614,-0.87153643,0.839182186240979,-0.572826596833313,0.9024984847959345,0.9444711349640378,0.9555596263196531,1400,2706,,,,,,,,,,,,,a549+TNFA_MAP2K3,a549+TNFA,MAP2K3,False,True,2
a549+TNFA_MAP3K7,0.3738373,0.21300225,1.7550861,0.876817,-0.8457206,0.8256945032868717,-0.5706651898113139,0.9071628740713942,0.9493262640632751,0.9555859859903015,1375,2702,0.16990119218826294,0.11768779903650284,1.4436602592468262,0.126630961894989,-0.490108460187912,0.19384615384615386,-0.35,0.4108610593611254,0.5640786691595512,0.7283754586453122,10.0,15.0,a549+TNFA_MAP3K7,a549+TNFA,MAP3K7,False,True,2
a549+TNFA_MAP3K14,0.37932608,0.23268525,1.6302111,0.8745189,-0.7788818,0.83018367570185,-0.4823656859351458,0.9052336718630299,0.943801052811591,0.9591361115420792,1497,2564,1.2389036417007446,0.8121703267097473,1.5254234075546265,0.8480681777000427,-0.9666087627410889,0.3714285714285715,-0.7714285714285715,0.924436209663484,0.9416515109211857,0.9817179699092071,3.0,3.0,a549+TNFA_MAP3K14,a549+TNFA,MAP3K14,False,True,2
a549+TNFA_MAPK8,0.378744,0.23445,1.6154575,0.87479365,-0.78202975,0.823109161767526,-0.5003155028938457,0.9056849681226271,0.9435653991799933,0.9598539421959663,1459,2607,,,,,,,,,,,,,a549+TNFA_MAPK8,a549+TNFA,MAPK8,False,True,2
a549+TNFA_MAPK9,0.39719737,0.23426501,1.6955044,0.8676613,-0.8468261,0.8177780896368595,-0.5537201259478213,0.9001570154024646,0.943149915720274,0.954415624068655,1402,2672,,,,,,,,,,,,,a549+TNFA_MAPK9,a549+TNFA,MAPK9,False,True,2
a549+TNFA_MAPK14,0.3848354,0.23538361,1.6349286,0.8741081,-0.8353931,0.8291748663663633,-0.5385097787697823,0.9053525483529524,0.9442952482594299,0.9587600382631825,1448,2642,0.010502106510102749,0.025892924517393112,0.4055975377559662,-1.0,-1.0,-0.9999999999999999,-0.9999999999999999,0.6594000725592601,0.8437864794090975,0.7814774100445852,2.0,0.0,a549+TNFA_MAPK14,a549+TNFA,MAPK14,False,True,2
a549+TNFA_MMP9,0.38551432,0.23309025,1.6539272,0.87321603,-0.82523894,0.8204982113092464,-0.5460377875639392,0.9048268167568021,0.9446958728140967,0.9577969405767264,1433,2701,,,,,,,,,,,,,a549+TNFA_MMP9,a549+TNFA,MMP9,False,True,2
a549+TNFA_MTF1,0.3810349,0.23147036,1.6461499,0.87540346,-0.8408778,0.8294152482102637,-0.5600984684483131,0.9064088880038624,0.9454844389297806,0.9586713970986673,1440,2685,0.5528175830841064,0.3055689334869385,1.809141993522644,,,,,,,,0.0,1.0,a549+TNFA_MTF1,a549+TNFA,MTF1,False,True,2
a549+TNFA_MTOR,0.3755323,0.24199675,1.5518072,0.87227035,-0.7220061,0.8128920174523532,-0.39931675370550934,0.9027025765845916,0.9387072506025361,0.9616444061821895,1625,2425,0.8364566564559937,0.4845033884048462,1.7264206409454346,0.2022945135831833,-0.8177148699760437,0.48740143236671224,-0.6715384615384616,0.5830952678717812,0.6734494136974425,0.8658338043096816,12.0,13.0,a549+TNFA_MTOR,a549+TNFA,MTOR,False,False,2
a549+TNFA_MYC,0.38699195,0.2411338,1.6048847,0.87221843,-0.8117273,0.8300350574360725,-0.4929949066584111,0.9035340552419987,0.9419032883184815,0.9592641478670482,1543,2526,,,,,,,,,,,,,a549+TNFA_MYC,a549+TNFA,MYC,False,True,2
a549+TNFA_NFAT5,0.38792643,0.23829173,1.6279476,0.8562359,-0.6876666,0.7721730490019789,-0.251471128091607,0.8885446996322102,0.9335258791611093,0.9518158194293227,1974,2035,0.7714349627494812,0.6595956683158875,1.1695573329925537,-0.22344031929969788,-0.626025915145874,-0.04500865634325599,-0.3553846153846154,0.47495866485013427,0.5842081954241045,0.8129955529044559,16.0,9.0,a549+TNFA_NFAT5,a549+TNFA,NFAT5,False,True,2
a549+TNFA_NFKB1,0.38762224,0.24028789,1.6131576,0.8691877,-0.7716804,0.8175954634713852,-0.3615571268133128,0.9004536907115479,0.9396867653314731,0.9582487738814904,1808,2240,0.4123823046684265,0.35799485445022583,1.1519224643707275,0.13099244236946106,-0.5653899312019348,0.21504135808444527,-0.48384615384615387,0.5614764947626089,0.6669763855145892,0.8418236491677521,16.0,9.0,a549+TNFA_NFKB1,a549+TNFA,NFKB1,False,True,2
a549+TNFA_NFKBIA,0.39699787,0.24440506,1.6243439,0.86921453,-0.83333373,0.8239076571151001,-0.5478705750080659,0.9016103665869588,0.9416584035087006,0.957470738037786,1419,2685,,,,,,,,,,,,,a549+TNFA_NFKBIA,a549+TNFA,NFKBIA,False,True,2
a549+TNFA_NFKBIE,0.37959278,0.23272488,1.6310796,0.87311745,-0.8289472,0.8150670388013771,-0.5279273475780776,0.9040343947943759,0.9430100182204472,0.9586689190220671,1455,2589,,,,,,,,,,,,,a549+TNFA_NFKBIE,a549+TNFA,NFKBIE,False,True,2
a549+TNFA_NKX3-1,0.38871163,0.23435664,1.6586329,0.8720597,-0.8495507,0.82601630933533,-0.5540113901582877,0.9037133239990169,0.9441621767793289,0.9571589989780265,1426,2665,0.09646699577569962,0.0432809516787529,2.228855609893799,,,,,,,,0.0,1.0,a549+TNFA_NKX3-1,a549+TNFA,NKX3-1,False,True,2
a549+TNFA_PDCD5,0.3893151,0.23059712,1.6882912,0.8662548,-0.7543909,0.7808618329852488,-0.3507904083466878,0.8975349008194023,0.9405274011472061,0.9542889443993192,1771,2242,0.518871009349823,0.3614594340324402,1.4354889392852783,0.2274613082408905,-0.8150299787521362,0.27336111091165677,-0.44923076923076927,0.5910729080393419,0.6943451873701181,0.8512666592794755,16.0,9.0,a549+TNFA_PDCD5,a549+TNFA,PDCD5,False,True,2
a549+TNFA_PIK3CA,0.392464,0.2321064,1.6908797,0.8663625,-0.8382025,0.8141909581537644,-0.46109536238140797,0.8982011682150379,0.941416311940303,0.9540956076741473,1618,2419,0.43832898139953613,0.3698088824748993,1.185285210609436,0.5730562806129456,-0.6789043545722961,0.5484615384615384,-0.5800000000000001,0.7887510118298114,0.8409882688739467,0.9378858671666382,15.0,10.0,a549+TNFA_PIK3CA,a549+TNFA,PIK3CA,False,True,2
a549+TNFA_PTGS2,0.3922221,0.23365481,1.678639,0.8712145,-0.8432418,0.8146060176704828,-0.5234626005736136,0.9029803654173898,0.9443168385205755,0.956226055263458,1494,2612,1.7261909246444702,0.7246870398521423,2.381981134414673,1.0,-1.0,0.9999999999999999,-0.9999999999999999,0.9796342295977433,0.9990298410055047,0.980585553492336,1.0,1.0,a549+TNFA_PTGS2,a549+TNFA,PTGS2,False,True,2
a549+TNFA_RELB,0.38231778,0.23193926,1.6483531,0.8738511,-0.84057045,0.8262993873571515,-0.5529621434223168,0.9048640129702783,0.9444333950081181,0.9581025170785076,1376,2687,1.1864858865737915,0.8453292846679688,1.4035784006118774,1.0,-1.0,0.9999999999999999,-0.9999999999999999,0.9860520813843103,0.9862558319635027,0.9997934100133159,0.0,2.0,a549+TNFA_RELB,a549+TNFA,RELB,False,True,2
a549+TNFA_REPIN1,0.38462603,0.23305953,1.6503339,0.87338394,-0.8473631,0.8330473784076404,-0.5638665854893232,0.9047820796389054,0.944593113328058,0.9578537752102729,1409,2687,,,,,,,,,,,,,a549+TNFA_REPIN1,a549+TNFA,REPIN1,False,True,2
a549+TNFA_SOX4,0.40015176,0.23502299,1.7026069,0.8632559,-0.8170951,0.7922164586283901,-0.4555829192612647,0.8957436115669744,0.9403712714931326,0.9525425103052139,1602,2444,0.4054064154624939,0.35548916459083557,1.140418529510498,0.0796855166554451,-0.3568629026412964,0.3170450407824784,-0.2069230769230769,0.481416509826295,0.5544298262998613,0.8683091835790283,18.0,7.0,a549+TNFA_SOX4,a549+TNFA,SOX4,False,True,2
a549+TNFA_SOX9,0.40331185,0.24420147,1.6515538,0.8545339,-0.7540771,0.7787238854968137,-0.345527890946656,0.8877902963584184,0.9337227245714569,0.9508072075314224,1841,2182,1.1375279426574707,0.9212989807128906,1.234700083732605,0.4645838737487793,-0.680949330329895,0.42892864805752495,-0.6030769230769231,0.7294286047858808,0.780526635816781,0.9345339048200082,13.0,12.0,a549+TNFA_SOX9,a549+TNFA,SOX9,False,True,2
a549+TNFA_TNFRSF1A,0.35295165,0.20917994,1.6873112,0.873489,-0.7231191,0.787873456325919,-0.4266076339334228,0.9026562109731454,0.9433111786095478,0.9569018489780559,1573,2452,2.8586859703063965,1.8463183641433716,1.5483169555664062,0.1463169902563095,-0.2598091661930084,0.2376923076923077,-0.14384615384615382,0.7751505748379603,0.8597605675535138,0.9015888889201852,10.0,15.0,a549+TNFA_TNFRSF1A,a549+TNFA,TNFRSF1A,False,False,2
a549+TNFA_TNFRSF1B,0.38808832,0.23510757,1.650684,0.87224257,-0.8298214,0.8140106831523451,-0.544101598823353,0.9038582028138797,0.9438870905748996,0.9575914448235125,1423,2661,,,,,,,,,,,,,a549+TNFA_TNFRSF1B,a549+TNFA,TNFRSF1B,False,True,2
a549+TNFA_TRAF1,0.3985679,0.23861387,1.6703466,0.8640429,-0.815212,0.7970677376807177,-0.4864406072301855,0.8965850757362637,0.939718572843423,0.9540995587895588,1518,2525,0.5309946537017822,0.34692227840423584,1.530586838722229,0.1865091174840927,-0.8875280618667603,0.17560700169395824,-0.6126482213438735,0.6091463050058975,0.6860213738325254,0.8879407089065494,12.0,10.0,a549+TNFA_TRAF1,a549+TNFA,TRAF1,False,True,2
a549+TNFA_TRAF2,0.3865381,0.23455065,1.647994,0.8704676,-0.80815506,0.8053750333389255,-0.49469804620521035,0.9020654138751489,0.9422763183901665,0.9573257825435793,1511,2568,0.35649991035461426,0.30048030614852905,1.1864335536956787,0.3790653645992279,-0.3737495243549347,0.38051948051948054,-0.3922077922077922,0.5702940926024378,0.6506336276674605,0.8765210839884773,12.0,9.0,a549+TNFA_TRAF2,a549+TNFA,TRAF2,False,True,2
a549+TNFA_TRAF3,0.39042008,0.24015927,1.6256715,0.87029827,-0.8229891,0.8112450016382879,-0.5329782747776447,0.9022337808420223,0.9418390829496175,0.95794897151267,1427,2665,0.6947524547576904,0.5418946146965027,1.2820804119110107,0.1395042985677719,-0.5429095029830933,0.34642857142857136,-0.3178571428571428,0.47734884165572633,0.5671744885365455,0.8416260803397695,6.0,9.0,a549+TNFA_TRAF3,a549+TNFA,TRAF3,False,True,2
a549+TNFA_ZFP36L1,0.39856523,0.25009698,1.5936427,0.8511261,-0.77516896,0.7907904535855341,-0.44726573041588225,0.8845963412885431,0.9286959597353422,0.9525144715183573,1579,2432,1.000962495803833,0.8129560351371765,1.2312628030776978,0.5945854187011719,-0.7110596299171448,0.25851125694588056,-0.5584615384615385,0.7180601263999697,0.7764875502565676,0.9247542039311613,15.0,10.0,a549+TNFA_ZFP36L1,a549+TNFA,ZFP36L1,False,True,2
a549+TNFA_ZNF22,0.3848603,0.23140761,1.6631273,0.87313557,-0.8494067,0.8254768846697428,-0.5421573385806953,0.9044315062926952,0.9447497449284251,0.9573238957171833,1480,2615,,,,,,,,,,,,,a549+TNFA_ZNF22,a549+TNFA,ZNF22,False,True,2
a549+TNFA_ZNF267,0.37533236,0.23047204,1.6285374,0.8714739,-0.75445926,0.8041578847419854,-0.3235712371088536,0.9015466100256829,0.940810394871393,0.9582659959331367,1880,2162,0.7471446394920349,0.5805864930152893,1.2868791818618774,0.2268056869506836,-0.5974003672599792,0.27736103609818435,-0.5192307692307693,0.6804567769880857,0.724466557271642,0.9392521575470673,15.0,10.0,a549+TNFA_ZNF267,a549+TNFA,ZNF267,False,True,2
bxpc3+IFNB_SP100,0.040377364,0.3485017,0.11585987,0.99072355,0.9509329,0.8265360627939451,0.8444798806962671,0.9926637901751881,0.9178164572342741,1.0815493472044042,3442,793,0.0041550020687282085,0.09876586496829987,0.042069211602211,0.7509499192237854,0.9755140542984009,0.8999999999999998,0.8999999999999998,0.8605776698733889,0.5344445558224984,1.6102281527575464,4.0,1.0,bxpc3+IFNB_SP100,bxpc3+IFNB,SP100,True,False,2
bxpc3+IFNG_ATF3,0.30601594,0.30431566,1.0055872,0.904747,0.121405266,0.8547046723565789,0.08573390117145006,0.9291514020527432,0.9298792193358689,0.9992172991201529,2352,1996,0.1174641028046608,0.15275070071220398,0.7689922451972961,0.7540649175643921,0.8578804731369019,0.7999999999999999,0.6,0.8903650344677237,0.8775184503564417,1.0146396740787202,2.0,3.0,bxpc3+IFNG_ATF3,bxpc3+IFNG,ATF3,False,True,2
bxpc3+IFNG_ATF5,0.3082468,0.30175,1.0215304,0.9050349,0.12859838,0.842266698855219,0.12949314950692606,0.9288425693286727,0.9294162498605076,0.9993827517735772,2353,1800,0.05319422855973244,0.012643123976886272,4.207364082336426,0.9969216585159302,-0.8071693778038025,0.7999999999999999,-0.19999999999999998,0.9880895651488801,0.9964267404944787,0.9916329269310243,1.0,3.0,bxpc3+IFNG_ATF5,bxpc3+IFNG,ATF5,False,True,2
bxpc3+IFNG_BATF2,0.3007879,0.3050837,0.9859193,0.9046081,0.14831167,0.8535807905183068,0.07702300667484203,0.9288604274081392,0.9280482094839669,1.000875189366104,2240,1890,0.27144867181777954,0.26472386717796326,1.0254031419754028,0.1256096065044403,0.005576255265623331,0.01769230769230769,0.046153846153846156,0.4124376707813231,0.4010625273285152,1.0283625187538161,16.0,9.0,bxpc3+IFNG_BATF2,bxpc3+IFNG,BATF2,False,True,2
bxpc3+IFNG_CEBPB,0.31521544,0.3122042,1.0096451,0.9003211,0.105394915,0.8448634260807323,0.11656727736304504,0.925006952768844,0.9249047785624676,1.0001104699734986,2296,1792,0.1894187182188034,0.19939595460891724,0.9499626755714417,0.19255509972572327,0.18167906999588013,0.22427390297536956,0.13692307692307693,0.5155339720501374,0.5031842595246766,1.0245431217127632,14.0,11.0,bxpc3+IFNG_CEBPB,bxpc3+IFNG,CEBPB,False,True,2
bxpc3+IFNG_CEBPE,0.30817822,0.31086132,0.99136883,0.8953173,0.13807555,0.8183920812818659,0.12196235283103457,0.9198920115491214,0.9191605213659666,1.0007958241962651,2297,1738,0.7165728211402893,0.7754255533218384,0.9241026639938354,0.3317447900772095,0.18593396246433258,0.38337193807873615,0.27,0.747287804631098,0.7593522763883697,0.9841121543552188,15.0,10.0,bxpc3+IFNG_CEBPE,bxpc3+IFNG,CEBPE,False,True,2
bxpc3+IFNG_CLK1,0.29482684,0.3106285,0.94913,0.89064467,0.24543141,0.7721119336990185,0.3615259116771099,0.9143860268289827,0.9108196908337762,1.0039155236004416,2752,1275,0.5395088195800781,0.8647819757461548,0.623866856098175,-0.06949058175086975,0.4101406931877136,-0.2697616019414207,0.45,0.49995684073262725,0.5676968506670937,0.8806757341442603,22.0,3.0,bxpc3+IFNG_CLK1,bxpc3+IFNG,CLK1,False,True,2
bxpc3+IFNG_CUL1,0.28307673,0.32685053,0.86607397,0.87629277,0.29570624,0.776380454975838,0.37285866204167595,0.9019533435912872,0.8990813127992989,1.0031944060577194,2725,1268,0.642290472984314,1.3684827089309692,0.46934497356414795,-0.13886769115924835,0.8799675107002258,-0.06071968876780017,0.8446153846153847,0.3274752564266995,0.3455351232558401,0.9477336293370998,25.0,0.0,bxpc3+IFNG_CUL1,bxpc3+IFNG,CUL1,False,True,2
bxpc3+IFNG_EHF,0.33003545,0.31243747,1.0563248,0.8998537,0.08091446,0.8328426868201492,0.08495715078511197,0.9250258004264933,0.9278639283268106,0.996941224016074,2322,1955,0.7579835653305054,0.7871481776237488,0.9629490375518799,0.37735652923583984,0.44612765312194824,0.1666666666666667,0.4285714285714286,0.6388611044150029,0.5485242756849421,1.1646906668210029,4.0,4.0,bxpc3+IFNG_EHF,bxpc3+IFNG,EHF,False,True,2
bxpc3+IFNG_ETV7,0.31872106,0.31608838,1.0083289,0.89847517,0.10560085,0.8331494269139065,0.07716819952231324,0.9238197733445768,0.9248379072560033,0.9988991217775152,2235,1870,0.19780917465686798,0.28514716029167175,0.6937090754508972,0.5271785855293274,0.6689937114715576,0.6861538461538461,0.5030769230769231,0.6867401970545651,0.6091447584421752,1.1273842342677827,18.0,7.0,bxpc3+IFNG_ETV7,bxpc3+IFNG,ETV7,False,True,2
bxpc3+IFNG_FBXO6,0.31727093,0.3211621,0.9878841,0.88377213,0.13073483,0.8094353007889069,0.15333412659421708,0.909713702661143,0.9093136779713679,1.0004399193583755,2387,1633,0.5679922699928284,0.4924625754356384,1.1533714532852173,0.2368064522743225,-0.3844655156135559,0.36997129744182056,0.05307692307692308,0.6144446851021242,0.6635049836939414,0.9260588845637858,16.0,9.0,bxpc3+IFNG_FBXO6,bxpc3+IFNG,FBXO6,False,True,2
bxpc3+IFNG_FMNL2,0.30282027,0.30397633,0.99619687,0.89916694,0.14109112,0.8159105978323226,0.13100641651472394,0.923338088265561,0.9229537271511092,1.0004164467872492,2329,1736,0.3949846029281616,0.43729686737060547,0.9032413363456726,0.11117447167634964,0.021849123761057854,0.30173466414021366,0.12615384615384617,0.4953280609014,0.5460952323641539,0.9070360470957185,16.0,9.0,bxpc3+IFNG_FMNL2,bxpc3+IFNG,FMNL2,False,True,2
bxpc3+IFNG_FOXN3,0.32104868,0.31001827,1.0355798,0.8989732,0.06670858,0.8371085860128045,0.07108596044281036,0.9244872782230359,0.9273180878883828,0.9969473153793506,2293,1876,0.24788574874401093,0.24004198610782623,1.0326765775680542,-0.01196166779845953,0.015243621543049812,0.02631578947368421,0.01754385964912281,0.28862565465901646,0.3140106387919981,0.919158840507322,12.0,7.0,bxpc3+IFNG_FOXN3,bxpc3+IFNG,FOXN3,False,True,2
bxpc3+IFNG_GUK1,0.30239552,0.29063827,1.0404532,0.9052371,0.077365376,0.8335110543508034,0.09279063441044838,0.9288238864246878,0.930938884007765,0.99772810265055,2290,1836,0.2117607295513153,0.2627992331981659,0.8057889938354492,0.30596527457237244,0.3739176094532013,0.05693402682736654,0.29846153846153844,0.5769023969763838,0.6085218960782149,0.9480388474012001,16.0,9.0,bxpc3+IFNG_GUK1,bxpc3+IFNG,GUK1,False,True,2
bxpc3+IFNG_HLA-DQB1,0.31105596,0.30301684,1.0265303,0.9030004,0.10251903,0.8374828502362707,0.0987207352007048,0.9272028930524878,0.9288374594633811,0.9982402018843667,2298,1833,0.03936494514346123,0.05378415435552597,0.731905996799469,0.28463974595069885,0.41691288352012634,0.4061538461538462,0.26384615384615384,0.5851764924731506,0.5951301599501847,0.9832748058376554,19.0,6.0,bxpc3+IFNG_HLA-DQB1,bxpc3+IFNG,HLA-DQB1,False,True,2
bxpc3+IFNG_HLX,0.29426768,0.3166779,0.92923343,0.8760714,0.19218367,0.786853449623935,0.3129488805013717,0.9018854566312207,0.9038137078827823,0.997866539050311,2677,1275,1.181579828262329,1.5235633850097656,0.7755370140075684,0.07840415835380554,0.25745803117752075,0.05871651306061425,0.22846153846153847,0.593847438756813,0.6761093488358693,0.8783304650043732,18.0,7.0,bxpc3+IFNG_HLX,bxpc3+IFNG,HLX,False,True,2
bxpc3+IFNG_IFI16,0.29438975,0.3060977,0.961751,0.8900324,0.17730619,0.8050962066012236,0.15172812623988158,0.9148410641458026,0.9124110574100002,1.002663280673845,2315,1722,0.620612621307373,0.6277990937232971,0.9885529279708862,0.3267180621623993,-0.12483242154121399,0.43679052880701047,-0.03461538461538462,0.5155534515893326,0.516100999525618,0.9989390682506163,16.0,9.0,bxpc3+IFNG_IFI16,bxpc3+IFNG,IFI16,False,False,2
bxpc3+IFNG_IFNGR1,0.28268993,0.2678391,1.0554469,0.90814626,-0.00090913847,0.8338984815725602,0.060731672443092084,0.9308379797747404,0.9344734802554766,0.9961095734041138,2183,1891,2.2091965675354004,2.052778720855713,1.0761981010437012,0.6110807061195374,0.2861892580986023,0.5969230769230769,0.23384615384615384,0.8839617248842883,0.8889132423756754,0.9944296954355705,9.0,16.0,bxpc3+IFNG_IFNGR1,bxpc3+IFNG,IFNGR1,False,True,2
bxpc3+IFNG_IFNGR2,0.30282003,0.28328842,1.068946,0.90480125,-0.04587975,0.8508561635975824,0.002324184256659996,0.9294674925650933,0.93496804697911,0.9941168530499102,2180,2076,0.20347219705581665,0.14987057447433472,1.3576527833938599,0.6667683720588684,-0.3026368021965027,0.5561538461538461,0.12230769230769231,0.7937134088146731,0.8457424132536676,0.9384812637705694,15.0,10.0,bxpc3+IFNG_IFNGR2,bxpc3+IFNG,IFNGR2,False,True,2
bxpc3+IFNG_IRF1,0.3044538,0.30648088,0.9933859,0.90449136,0.11881462,0.8629096622668896,0.0914333042679652,0.9291157423235722,0.92882356507735,1.0003145670041198,2285,1902,0.04654455929994583,0.08149737864732742,0.5711172819137573,0.8989662528038025,0.7791954278945923,0.7999999999999999,0.7999999999999999,0.9369201127750562,0.9126150827105265,1.0266322905735266,4.0,0.0,bxpc3+IFNG_IRF1,bxpc3+IFNG,IRF1,False,True,2
bxpc3+IFNG_IRF2,0.3352247,0.31233114,1.0732989,0.89965516,0.077117756,0.829820117724604,0.1371548196357857,0.924351584532421,0.9264480848712412,0.9977370557799667,2405,1730,0.4043331444263458,0.4953678846359253,0.8162280321121216,0.31453678011894226,0.46630725264549255,0.1423076923076923,0.6638461538461539,0.6446169506696406,0.626728093185341,1.0285432513378803,19.0,6.0,bxpc3+IFNG_IRF2,bxpc3+IFNG,IRF2,False,True,2
bxpc3+IFNG_IRF5,0.29933617,0.30406183,0.9844582,0.8933652,0.14251512,0.8182087855649034,0.11843463003158618,0.9177754120780208,0.9164785507934265,1.0014150481573971,2294,1742,0.39569291472435,0.3887142837047577,1.0179531574249268,0.036637093871831894,-0.06251296401023865,0.2968240065844367,0.24692307692307694,0.5478100339329008,0.5660149188464267,0.9678367401505449,17.0,8.0,bxpc3+IFNG_IRF5,bxpc3+IFNG,IRF5,False,True,2
bxpc3+IFNG_IRF7,0.3104609,0.31057578,0.9996301,0.90125906,0.11412066,0.8506975411907155,0.10953470027035514,0.9260376047396885,0.9258685495511941,1.0001825909180913,2295,1805,0.2428048849105835,0.2903282940387726,0.8363114595413208,0.4347054958343506,0.31803545355796814,0.5661538461538461,0.3384615384615385,0.6513460954663566,0.6573897925266656,0.9908065243345501,21.0,4.0,bxpc3+IFNG_IRF7,bxpc3+IFNG,IRF7,False,True,2
bxpc3+IFNG_IRF9,0.31147787,0.297364,1.0474633,0.90531814,0.0934671,0.8483244773326474,0.1248790039989987,0.9289334620959643,0.9295827354199468,0.9993015432631833,2353,1796,0.20590166747570038,0.16494251787662506,1.2483237981796265,0.5658071637153625,-0.143351748585701,0.3096749432164194,-0.061538461538461535,0.7319334363596226,0.7927020725145887,0.9233398798085674,12.0,13.0,bxpc3+IFNG_IRF9,bxpc3+IFNG,IRF9,False,True,2
bxpc3+IFNG_JAK1,0.28641987,0.27034336,1.059467,0.9082422,-0.02103495,0.8447092846461963,0.02187748407210681,0.9315863041037618,0.9358154674948762,0.9954807720773886,2180,1954,1.1717122793197632,1.189521074295044,0.9850286245346069,0.42820975184440613,-0.007430095225572586,0.5546153846153846,0.0007692307692307692,0.701249877540446,0.7137103403977902,0.9825412885983978,10.0,15.0,bxpc3+IFNG_JAK1,bxpc3+IFNG,JAK1,False,True,2
bxpc3+IFNG_JAK2,0.30022824,0.27612942,1.0872736,0.90471977,-0.07014899,0.8426745672792749,-0.0117344076561877,0.9289735532127077,0.9349935951731455,0.9935614083438475,2115,2014,0.3965376913547516,0.4161893427371979,0.9527819156646729,-0.03813678026199341,0.2835001051425934,0.03,0.25230769230769234,0.25411161553026684,0.22959984794873123,1.106758640306282,15.0,10.0,bxpc3+IFNG_JAK2,bxpc3+IFNG,JAK2,False,True,2
bxpc3+IFNG_JUN,0.30410323,0.29366553,1.0355428,0.90384805,0.022657216,0.8552974569593801,0.04608286523780709,0.9282727470267685,0.9309373302719348,0.9971377415444411,2181,1947,0.25358694791793823,0.25410720705986023,0.9979525804519653,0.2192203402519226,0.10647183656692505,0.43577075098814233,0.23320158102766803,0.42681757032140477,0.4483832664783095,0.9519034322438347,14.0,9.0,bxpc3+IFNG_JUN,bxpc3+IFNG,JUN,False,True,2
bxpc3+IFNG_KIN,0.3584211,0.54470754,0.6580065,0.8434952,0.5903234,0.7146006607223554,0.46883769215179244,0.8724358369705366,0.8283207369227946,1.0532584759517543,2295,974,2.1672918796539307,2.5556044578552246,0.8480545282363892,0.2339228391647339,0.43490710854530334,0.34093911113808645,0.3161538461538462,0.4282925702540492,0.35716679344548385,1.1991388284516478,14.0,10.0,bxpc3+IFNG_KIN,bxpc3+IFNG,KIN,False,True,2
bxpc3+IFNG_KLF4,0.2921069,0.30066913,0.97152275,0.89602125,0.17995077,0.8011307892364308,0.1965389435585067,0.9196894893255242,0.9177542688706266,1.0021086477290693,2445,1597,0.8412265777587891,0.8466309905052185,0.9936165809631348,0.39400508999824524,-0.02906998246908188,0.3451763180155666,0.15461538461538463,0.771075011448359,0.757678083558859,1.0176815565610315,16.0,9.0,bxpc3+IFNG_KLF4,bxpc3+IFNG,KLF4,False,True,2
bxpc3+IFNG_MAFB,0.31105116,0.30878896,1.007326,0.9006927,0.12372661,0.8316460694095645,0.0924718412506009,0.9253377001837619,0.9258455719077584,0.9994514509337125,2281,1818,0.14494763314723969,0.14223544299602509,1.0190683603286743,0.1997707486152649,0.16617460548877716,0.2907692307692308,0.18384615384615385,0.5641478545126924,0.5369457031055274,1.0506608978334984,15.0,10.0,bxpc3+IFNG_MAFB,bxpc3+IFNG,MAFB,False,True,2
bxpc3+IFNG_MAFF,0.3143161,0.30389512,1.0342914,0.89548635,0.070278674,0.8252335816197269,0.1257304062847235,0.9205060264289328,0.9223346205666638,0.9980174287108429,2324,1725,0.8289531469345093,0.8755275011062622,0.9468042254447937,-0.020218215882778168,0.16846933960914612,0.21461538461538462,0.29000000000000004,0.19129719646602117,0.18869603435662952,1.0137849325676636,15.0,10.0,bxpc3+IFNG_MAFF,bxpc3+IFNG,MAFF,False,False,2
bxpc3+IFNG_MCRS1,0.2563141,0.32087132,0.7988065,0.893786,0.41537797,0.7599126063173699,0.44969455270388725,0.9163097173029917,0.9038207703717202,1.0138179463679897,2712,1135,0.41438719630241394,1.0791029930114746,0.38401079177856445,-0.14738327264785767,0.8344480991363525,-0.08492077756084468,0.8361538461538461,0.04582923895180269,0.18949620932233213,0.24184778743435112,23.0,2.0,bxpc3+IFNG_MCRS1,bxpc3+IFNG,MCRS1,False,True,2
bxpc3+IFNG_MYC,0.30897406,0.3052018,1.0123599,0.90123117,0.07580845,0.8477021034341435,0.06895546280078145,0.9262071658840252,0.9271395193188133,0.9989943763421139,2228,1892,0.21527154743671417,0.15399345755577087,1.3979265689849854,0.0802796334028244,-0.531053364276886,0.10694364498653985,-0.03,0.43307326611767016,0.45454084251511495,0.9527708527166491,12.0,13.0,bxpc3+IFNG_MYC,bxpc3+IFNG,MYC,False,True,2
bxpc3+IFNG_NFKB1,0.31616348,0.33227485,0.9515119,0.8742919,0.16225572,0.7781974318139914,0.18459645656508736,0.8991684809554352,0.8978454680080447,1.0014735419340322,2414,1576,0.8562113046646118,1.0470991134643555,0.8176984190940857,,0.5472245216369629,,0.28076923076923077,,,,16.0,9.0,bxpc3+IFNG_NFKB1,bxpc3+IFNG,NFKB1,False,True,2
bxpc3+IFNG_PARP12,0.31461152,0.31149778,1.009996,0.9008741,0.09638984,0.8585172994958837,0.03772201267828476,0.9264334381987437,0.9277320698762666,0.9986002082716661,2206,1998,0.4164345860481262,0.3497416079044342,1.1906921863555908,0.6532964706420898,-0.12119796127080917,0.5,0.11666666666666665,0.7771322154205357,0.7654029868012989,1.0153242524807153,5.0,4.0,bxpc3+IFNG_PARP12,bxpc3+IFNG,PARP12,False,True,2
bxpc3+IFNG_PIK3CA,0.32279313,0.31665814,1.0193741,0.8795947,0.038353115,0.8111463011494853,0.08884725788112337,0.9063958890232706,0.9094527306402863,0.996638811986563,2246,1778,0.7010104656219482,0.9217825531959534,0.7604944109916687,0.25158339738845825,0.5653269290924072,0.5189901482985599,0.49615384615384617,0.7167573087738751,0.7348272532455851,0.9754092619838218,18.0,7.0,bxpc3+IFNG_PIK3CA,bxpc3+IFNG,PIK3CA,False,True,2
bxpc3+IFNG_PLEK,0.3106774,0.3058884,1.015656,0.8997235,0.11375271,0.8211798379621795,0.09859314110264238,0.9244037804608463,0.9255291997004961,0.9987840262197951,2290,1813,0.34174641966819763,0.40071702003479004,0.852837324142456,0.03926309570670128,0.33298176527023315,0.4066166645711246,0.26692307692307693,0.3463766354587463,0.35203599428648114,0.9839239199411827,15.0,10.0,bxpc3+IFNG_PLEK,bxpc3+IFNG,PLEK,False,True,2
bxpc3+IFNG_PPARG,0.2717394,0.31571367,0.8607147,0.8882002,0.32400817,0.7743501470841827,0.4409472961393122,0.9114518676651019,0.905165767660396,1.0069446948054097,2884,1131,0.46337565779685974,0.7167148590087891,0.6465272307395935,-0.1332663744688034,0.3555605411529541,-0.0894310916792203,0.48461538461538467,0.4850277787648296,0.5358099050734437,0.9052236141441742,23.0,2.0,bxpc3+IFNG_PPARG,bxpc3+IFNG,PPARG,False,True,2
bxpc3+IFNG_PRDM1,0.305372,0.30532342,1.0001591,0.9027213,0.13206643,0.8308170381872887,0.08758330988166742,0.9271219758140268,0.9274380037837762,0.9996592462585531,2255,1896,0.18044061958789825,0.14772778749465942,1.2214399576187134,0.09037622064352036,-0.1937335580587387,0.18307692307692305,0.18307692307692305,0.3933510606873796,0.43569297227559267,0.9028170884486284,15.0,10.0,bxpc3+IFNG_PRDM1,bxpc3+IFNG,PRDM1,False,True,2
bxpc3+IFNG_PTGES3,0.29936063,0.31602985,0.9472543,0.8884284,0.21029563,0.7959561159427545,0.25979075476041563,0.9128483249132556,0.9100123962443731,1.0031163626787793,2570,1458,0.46867358684539795,0.6545461416244507,0.7160283327102661,0.13061116635799408,0.30709874629974365,0.09459087602020957,0.28384615384615386,0.6095417463752525,0.6374743702985994,0.9561823577153964,19.0,6.0,bxpc3+IFNG_PTGES3,bxpc3+IFNG,PTGES3,False,True,2
bxpc3+IFNG_PTPN11,0.31363246,0.30618486,1.0243238,0.9019137,0.08679452,0.8431487664013512,0.054942974878136125,0.9270487711541667,0.9293068925074616,0.9975701015762383,2282,2004,0.5256308913230896,0.5238431096076965,1.0034128427505493,-0.21469183266162872,0.25033891201019287,-0.2,0.2,0.5713632493110337,0.5634639323708315,1.014019205997738,3.0,3.0,bxpc3+IFNG_PTPN11,bxpc3+IFNG,PTPN11,False,True,2
bxpc3+IFNG_RARRES3,0.3288513,0.30174127,1.0898453,0.90323126,0.087106414,0.8131590752660357,0.14500577744915755,0.9266800793904291,0.9288748567207709,0.9976371657447053,2419,1709,0.13790780305862427,0.19311361014842987,0.7141278386116028,0.31964531540870667,0.26985353231430054,0.3631467657096893,0.3976923076923076,0.5868207096214945,0.6104198593144207,0.9613394791587694,20.0,5.0,bxpc3+IFNG_RARRES3,bxpc3+IFNG,RARRES3,False,True,2
bxpc3+IFNG_RFX5,0.3197401,0.31010684,1.0310643,0.89906543,0.108366266,0.8233966402882024,0.12482892053880654,0.9238848855139173,0.925282860165124,0.9984891380664318,2349,1767,0.3492036759853363,0.33364373445510864,1.0466363430023193,0.04378366097807884,0.1126866266131401,0.2792307692307692,0.1276923076923077,0.37531801619411287,0.3697246692137288,1.0151284116158088,16.0,9.0,bxpc3+IFNG_RFX5,bxpc3+IFNG,RFX5,False,True,2
bxpc3+IFNG_RNF14,0.29973698,0.29877827,1.0032088,0.89975375,0.118878715,0.8292679459724767,0.08594635524897282,0.924040544996849,0.9243058089151488,0.9997130128191976,2249,1844,0.4088883101940155,0.5571367144584656,0.7339102029800415,0.09521279484033585,0.627480149269104,0.3884615384615384,0.6153846153846153,0.5123063763244052,0.48522323996151173,1.0558158268862838,19.0,6.0,bxpc3+IFNG_RNF14,bxpc3+IFNG,RNF14,False,True,2
bxpc3+IFNG_RUNX1,0.3145857,0.3055273,1.0296484,0.9012526,0.028700031,0.8598882256343093,0.03523687066291804,0.9268602766899738,0.9297321867744467,0.9969110351073932,2288,2067,0.009364800527691841,0.02780650556087494,0.3367845118045807,0.8528169989585876,0.8276435732841492,0.9999999999999999,0.8999999999999998,0.9602003367636401,0.9178610565955678,1.0461282019362632,3.0,2.0,bxpc3+IFNG_RUNX1,bxpc3+IFNG,RUNX1,False,True,2
bxpc3+IFNG_SOX2,0.28260136,0.3169525,0.8916205,0.8818822,0.34242213,0.7297818553027928,0.43828631710195887,0.9059969222752771,0.904502349240345,1.0016523705396534,2825,1130,0.4223763644695282,1.0778367519378662,0.39187416434288025,-0.1644507646560669,0.6047402024269104,-0.09763725953862268,0.5430769230769231,0.14190329679436742,0.24898521667245754,0.5699265952044156,24.0,1.0,bxpc3+IFNG_SOX2,bxpc3+IFNG,SOX2,False,True,2
bxpc3+IFNG_SP100,0.3283313,0.3004002,1.0929797,0.9036686,0.04056741,0.8337882967444962,0.09879944167664934,0.9277084917657523,0.930681715629853,0.9968053268758068,2351,1935,0.05300391837954521,0.07622747868299484,0.6953387260437012,,,,,,,,1.0,0.0,bxpc3+IFNG_SP100,bxpc3+IFNG,SP100,False,False,2
bxpc3+IFNG_SP110,0.29878607,0.31349492,0.9530811,0.89043844,0.20427944,0.8042474324816069,0.215838442159747,0.9149843268292188,0.9120606456288314,1.0032055776273208,2474,1551,0.8216615319252014,0.8411592245101929,0.9768204689025879,0.2214842587709427,-0.010164448991417885,0.32483877593584004,0.07153846153846154,0.6418493317146949,0.6891837208352678,0.9313181845572249,16.0,9.0,bxpc3+IFNG_SP110,bxpc3+IFNG,SP110,False,True,2
bxpc3+IFNG_SRC,0.3020811,0.30037907,1.0056663,0.90325516,0.14135712,0.8258718293909107,0.12045170544657186,0.9272897919446241,0.9273456907535105,0.9999397217138725,2306,1795,0.26732853055000305,0.2987886071205139,0.8947079181671143,0.37787383794784546,0.17212243378162384,0.3476923076923077,0.3392307692307693,0.6323969704737559,0.6463911039397663,0.978350361908269,19.0,6.0,bxpc3+IFNG_SRC,bxpc3+IFNG,SRC,False,True,2
bxpc3+IFNG_STAT1,0.27529043,0.26065812,1.056136,0.9047128,-0.017258555,0.8319214416296645,0.030689945659173695,0.9275931200910712,0.9315603945538491,0.9957412589822714,2130,1939,1.4034730195999146,1.5470813512802124,0.9071746468544006,0.39570844173431396,-0.25848132371902466,0.18846153846153846,-0.34153846153846157,0.898097399235998,0.8996298943608549,0.9982965271224721,15.0,10.0,bxpc3+IFNG_STAT1,bxpc3+IFNG,STAT1,False,True,2
bxpc3+IFNG_STAT2,0.33342808,0.38366342,0.86906403,0.8629863,0.36215484,0.775932729200682,0.3680209852267947,0.8898089347490171,0.8813149865464558,1.0096378120561027,2598,1319,1.1688343286514282,1.4476741552352905,0.8073877096176147,,0.3210364878177643,,0.34307692307692306,,,,18.0,7.0,bxpc3+IFNG_STAT2,bxpc3+IFNG,STAT2,False,True,2
bxpc3+IFNG_STAT3,0.30110967,0.30369675,0.99148136,0.8994342,0.13947214,0.8257498055455642,0.0811740023544581,0.9237340870784935,0.9230786277999092,1.0007100795737698,2190,1864,0.18781575560569763,0.2618260085582733,0.7173303961753845,-0.12510427832603455,0.6132451891899109,-0.043110097454636995,0.5246153846153846,0.5779627384486897,0.5788617376058016,0.998446953566442,18.0,7.0,bxpc3+IFNG_STAT3,bxpc3+IFNG,STAT3,False,True,2
bxpc3+IFNG_TAPBPL,0.3496286,0.3986979,0.87692606,0.8500776,0.2314142,0.7437145700973719,0.3345211570177082,0.87696586487352,0.8860381187664108,0.9897608763091122,2678,1162,1.4406057596206665,1.8386812210083008,0.7834994792938232,,-0.10377342253923416,,-0.02923076923076923,,,,22.0,3.0,bxpc3+IFNG_TAPBPL,bxpc3+IFNG,TAPBPL,False,True,2
bxpc3+IFNG_TBX21,0.29552397,0.29123494,1.014727,0.9077139,0.10911829,0.8500437264535611,0.09637813418041699,0.93119825222569,0.9324081009290656,0.998702447241535,2324,1908,0.34183529019355774,0.3520493805408478,0.9709867835044861,0.8629782199859619,0.5856277942657471,0.8999999999999998,0.3,0.8634406636214301,0.6616246079692713,1.3050310602436541,4.0,1.0,bxpc3+IFNG_TBX21,bxpc3+IFNG,TBX21,False,True,2
bxpc3+IFNG_TRAFD1,0.30428624,0.30996156,0.9816903,0.8982887,0.15801297,0.8301701848608224,0.09801155148652,0.9229184226878903,0.9214142967790176,1.0016324099963834,2216,1844,0.5209729075431824,0.44967010617256165,1.158566951751709,0.11261928081512451,-0.2381092607975006,0.1316397618704094,-0.0007692307692307692,0.6812723798198822,0.7694669702909541,0.8853822270789304,16.0,9.0,bxpc3+IFNG_TRAFD1,bxpc3+IFNG,TRAFD1,False,True,2
bxpc3+IFNG_TSC22D1,0.31971747,0.30555248,1.0463586,0.87944484,-0.01622395,0.8013797587555022,0.004455234675158785,0.9048923492701425,0.907839411314888,0.9967537628263163,2019,1964,0.7277879118919373,0.7308091521263123,0.9958658814430237,0.055381227284669876,0.16987980902194977,0.13142300538403195,0.11923076923076922,0.5750578196615727,0.57980531687662,0.9918119115557239,12.0,13.0,bxpc3+IFNG_TSC22D1,bxpc3+IFNG,TSC22D1,False,False,2
bxpc3+IFNG_ZC3H3,0.2995682,0.32464945,0.9227436,0.88465333,0.24416079,0.8017359739914827,0.2747186325532821,0.9097984897643907,0.905303764460802,1.0049648808278908,2572,1449,0.45796310901641846,0.6600767374038696,0.6938028335571289,0.16702935099601746,0.5908035635948181,0.26177587881627734,0.6007692307692307,0.6643974506464448,0.706065748891487,0.9409852434982708,19.0,6.0,bxpc3+IFNG_ZC3H3,bxpc3+IFNG,ZC3H3,False,True,2
bxpc3+IFNG_ZFP36,0.31265214,0.3218203,0.9715116,0.8872444,0.16916159,0.7978256186105204,0.14481769880323708,0.9124227270369565,0.9102438875428382,1.0023936875863015,2343,1694,0.611303448677063,0.5992271900177002,1.0201530456542969,-0.02598293125629425,-0.04416719079017639,-0.0488931891520408,0.03230769230769231,0.6548059730663446,0.6861915822148259,0.9542611568518842,15.0,10.0,bxpc3+IFNG_ZFP36,bxpc3+IFNG,ZFP36,False,True,2
bxpc3+IFNG_ZNF267,0.30402496,0.32057682,0.94836855,0.8860626,0.19803292,0.800647354028819,0.22634684290752638,0.9109767075098908,0.9080384211223096,1.0032358613019365,2488,1535,0.7457272410392761,0.9021689891815186,0.8265937566757202,-0.3131599426269531,0.2642296254634857,-0.270560318864505,0.20384615384615384,0.4918795871945185,0.5197399384181858,0.9463955929412323,20.0,5.0,bxpc3+IFNG_ZNF267,bxpc3+IFNG,ZNF267,False,True,2
bxpc3+IFNG_ZNFX1,0.29165307,0.29944605,0.97397536,0.89438003,0.1660099,0.8188305988472471,0.13284030511444042,0.918397150253617,0.9165690711859127,1.0019944804217964,2293,1743,0.758272111415863,0.8826895952224731,0.8590472936630249,0.6711046695709229,0.3829668164253235,0.6144671482155558,0.3992307692307692,0.7739440816731171,0.6845075571988495,1.130658198779077,14.0,11.0,bxpc3+IFNG_ZNFX1,bxpc3+IFNG,ZNFX1,False,True,2
bxpc3+INS_MTOR,0.042369813,0.2729979,0.15520199,0.98620415,0.92204404,0.8819987638471128,0.7833884490091613,0.9892202406033713,0.9269072217505416,1.0672268134184415,3372,892,0.10387273877859116,0.3099122941493988,0.33516818284988403,0.9227675795555115,0.8770550489425659,0.5553846153846154,0.783076923076923,0.9344117048677187,0.7083272167152233,1.319180857119868,16.0,9.0,bxpc3+INS_MTOR,bxpc3+INS,MTOR,True,False,2
bxpc3+TGFB_FOXP2,0.03266651,0.26273152,0.124334194,0.99060917,0.9391942,0.8321218277236279,0.8130341006490163,0.9927720370458314,0.9319467674662857,1.06526689259829,3162,670,0.038062334060668945,0.014408131130039692,2.641726016998291,,,,,,,,0.0,1.0,bxpc3+TGFB_FOXP2,bxpc3+TGFB,FOXP2,True,False,2
bxpc3+TGFB_NRAS,0.060768947,0.26837993,0.2264288,0.9823606,0.8964146,0.8296575097496662,0.7160442420330847,0.9851435953271513,0.9237780432045627,1.0664288922799172,2842,937,0.2984253168106079,0.7362986207008362,0.4053047299385071,0.441782146692276,0.9122179746627808,0.23452762124791426,0.8192307692307693,0.6722853026477834,0.33615810289983616,1.999908069590998,12.0,13.0,bxpc3+TGFB_NRAS,bxpc3+TGFB,NRAS,True,False,2
bxpc3+TGFB_PRKCA,0.02943132,0.2573041,0.11438341,0.99135876,0.943833,0.8499417898869622,0.8258928579446405,0.9934101216139269,0.9346965145739732,1.0628156905738704,3211,672,,,,,,,,,,,,,bxpc3+TGFB_PRKCA,bxpc3+TGFB,PRKCA,True,False,2
bxpc3+TNFA_BIRC3,0.024875842,0.3321087,0.07490271,0.9920438,0.963085,0.8548888521981653,0.8413874973817882,0.9938845308186667,0.9121136270652103,1.0896499090980145,3360,725,0.04416631907224655,0.4976291060447693,0.08875349164009094,0.8005983829498291,0.9430493116378784,0.6992481203007518,0.9022556390977443,0.8897626786497689,0.7366489719309782,1.2078516533016175,17.0,3.0,bxpc3+TNFA_BIRC3,bxpc3+TNFA,BIRC3,True,False,2
bxpc3+TNFA_TNFRSF1A,0.119069815,0.341497,0.34867015,0.9735088,0.849944,0.8169116808668618,0.670314519378143,0.9772788757287023,0.8936871123921147,1.0935358272235114,2952,1035,0.34072956442832947,0.8776810169219971,0.38821572065353394,0.5599256753921509,0.9381310939788818,0.567128552249064,0.7953846153846152,0.7674290166314169,0.459370480260501,1.6706102146490156,11.0,14.0,bxpc3+TNFA_TNFRSF1A,bxpc3+TNFA,TNFRSF1A,True,False,2
hap1+IFNB_ADAR,0.3113609,0.3670089,0.84837425,0.88608825,0.3973006,0.7995879506520472,0.3189871197398681,0.9124461221651025,0.8964625892272777,1.0178295593479278,2530,1596,1.1531808376312256,1.1867120265960693,0.9717444777488708,-0.19628490507602692,0.23948074877262115,0.08153846153846152,0.47307692307692306,0.40367580413477466,0.3779602149623582,1.068037820263642,16.0,9.0,hap1+IFNB_ADAR,hap1+IFNB,ADAR,False,True,2
hap1+IFNB_AKT1,0.280779,0.33978334,0.8263472,0.9030561,0.46404213,0.833682734090578,0.33330106302651075,0.9262772971298733,0.9100322384540165,1.017851080422661,2660,1529,0.2689896821975708,0.40361881256103516,0.6664448380470276,0.49586713314056396,0.9044098854064941,0.7,0.8999999999999998,0.7326740490952525,0.7325165685746837,1.0002149856089606,5.0,0.0,hap1+IFNB_AKT1,hap1+IFNB,AKT1,False,True,2
hap1+IFNB_BATF2,0.28600162,0.34336793,0.8329305,0.90200347,0.424428,0.8426963672449903,0.31328947377281335,0.9255937538436496,0.9099574300717704,1.0171835772258555,2659,1585,1.3483638763427734,1.2218273878097534,1.1035633087158203,0.36814630031585693,0.5196813941001892,0.7999999999999999,0.19999999999999998,0.8872479554295358,0.8199662123513075,1.0820542871947045,2.0,2.0,hap1+IFNB_BATF2,hap1+IFNB,BATF2,False,True,2
hap1+IFNB_BRD9,0.281955,0.3427171,0.8227048,0.90280366,0.43201822,0.8285607734492774,0.3002052730875721,0.9260857602217,0.9093585978900255,1.0183944621742032,2534,1656,,,,,,,,,,,,,hap1+IFNB_BRD9,hap1+IFNB,BRD9,False,True,2
hap1+IFNB_CEBPB,0.28668827,0.34211552,0.8379867,0.9007674,0.43262714,0.8271287668585392,0.3285553289502324,0.9241567860474378,0.9086587768493675,1.017055917570958,2638,1516,0.3300723135471344,0.44243401288986206,0.7460373640060425,0.5763676166534424,0.4474273920059204,0.2323076923076923,0.4476923076923077,0.8240702944594491,0.7538686124667898,1.0931219059020738,16.0,9.0,hap1+IFNB_CEBPB,hap1+IFNB,CEBPB,False,True,2
hap1+IFNB_CEBPG,0.28887847,0.34039274,0.84866226,0.9002085,0.3925925,0.8382208097540844,0.2908801693133256,0.9244585497514471,0.9103515798485675,1.0154961777571982,2630,1622,0.00405521085485816,0.0035990262404084206,1.126752257347107,-1.0,-1.0,-0.9999999999999999,-0.9999999999999999,0.6248973598864374,0.6306684833957839,0.9908491962714351,1.0,1.0,hap1+IFNB_CEBPG,hap1+IFNB,CEBPG,False,True,2
hap1+IFNB_CRKL,0.28516212,0.34614167,0.82383066,0.8979762,0.43176416,0.8080805652240872,0.3351904961288031,0.9207909269776012,0.903312489815048,1.0193492698923403,2617,1496,0.9085480570793152,1.0477168560028076,0.8671694397926331,0.10912545025348663,0.33657923340797424,0.3371334917518206,0.3453846153846154,0.46053315955964713,0.4237544370806682,1.0867925365746143,16.0,9.0,hap1+IFNB_CRKL,hap1+IFNB,CRKL,False,True,2
hap1+IFNB_DRAP1,0.28557596,0.34205553,0.83488184,0.89987075,0.41592357,0.8129889688164097,0.300796556435827,0.923498852859826,0.9075214411832152,1.0176055473199395,2508,1635,1.2186890840530396,1.0982348918914795,1.1096798181533813,-0.10833533853292465,-0.10436543077230453,-0.0038468937045517933,-0.1523076923076923,0.5037252518413455,0.6131862841828235,0.8214881265856204,12.0,13.0,hap1+IFNB_DRAP1,hap1+IFNB,DRAP1,False,True,2
hap1+IFNB_DTX3L,0.28624508,0.34230736,0.8362224,0.90151465,0.41242528,0.835118748963146,0.3004438926085981,0.9252097139477928,0.9098195685907133,1.0169156016076006,2579,1644,0.9187742471694946,0.10048595070838928,9.143310546875,1.0,-1.0,0.9999999999999999,-0.9999999999999999,0.9951097514741589,0.9908594694528322,1.0042894902378778,0.0,2.0,hap1+IFNB_DTX3L,hap1+IFNB,DTX3L,False,True,2
hap1+IFNB_ELK1,0.2894171,0.34662685,0.8349529,0.899544,0.4608587,0.8271655827520533,0.3321290679552576,0.9231455513934518,0.9070663270448277,1.0177266246901804,2591,1569,0.6578118801116943,0.6997367739677429,0.9400847554206848,0.3610599637031555,0.3034593164920807,0.5989224253519211,0.28076923076923077,0.703049486080895,0.7290457156129109,0.9643421132923595,15.0,10.0,hap1+IFNB_ELK1,hap1+IFNB,ELK1,False,True,2
hap1+IFNB_ETS1,0.2847392,0.34160373,0.83353657,0.901757,0.4195472,0.8311435010717186,0.30913632078684466,0.9251182770906939,0.9094025020683031,1.0172814292754282,2610,1612,0.29354533553123474,0.45907196402549744,0.6394320726394653,-0.06699420511722565,0.670149564743042,-0.03333333333333333,0.7,0.733173170932222,0.7387155248932615,0.9924973094861648,7.0,2.0,hap1+IFNB_ETS1,hap1+IFNB,ETS1,False,True,2
hap1+IFNB_ETS2,0.28431827,0.33966747,0.8370489,0.9022055,0.4122954,0.8396549903406448,0.30001126876048456,0.9258329112507807,0.9106768008322578,1.0166426886077167,2622,1633,2.50791597366333,3.2711191177368164,0.7666844129562378,,,,,,,,1.0,0.0,hap1+IFNB_ETS2,hap1+IFNB,ETS2,False,True,2
hap1+IFNB_FOS,0.28684586,0.34311014,0.83601683,0.90104294,0.46023536,0.8384481293702228,0.34525457241137186,0.924517432891905,0.9088848420388704,1.0171997486699926,2694,1487,0.4883957505226135,0.751658022403717,0.6497579216957092,0.8576465845108032,0.4472981095314026,0.7,0.7999999999999999,0.9481648873560341,0.9041546281473177,1.0486755891510469,4.0,1.0,hap1+IFNB_FOS,hap1+IFNB,FOS,False,True,2
hap1+IFNB_H1F0,0.27974105,0.3408938,0.8206105,0.9039285,0.43561745,0.8366701571035445,0.3039233267993784,0.9271556327548137,0.9104837000099437,1.0183110721748099,2603,1652,,,,,,,,,,,,,hap1+IFNB_H1F0,hap1+IFNB,H1F0,False,True,2
hap1+IFNB_HERC5,0.28526995,0.34141508,0.8355517,0.9013858,0.41453788,0.830717815531953,0.30498040564628476,0.9249059285364138,0.9093911362854694,1.0170606372020699,2580,1625,0.39256176352500916,0.40924325585365295,0.9592381715774536,0.5387178063392639,0.5956790447235107,0.3714285714285715,0.6,0.7921796277259547,0.4978631532675115,1.5911593829083819,4.0,2.0,hap1+IFNB_HERC5,hap1+IFNB,HERC5,False,True,2
hap1+IFNB_HERC6,0.28200054,0.34048826,0.828224,0.90277386,0.4253011,0.8321769350472906,0.3085874040158566,0.926114319810544,0.9100479677429759,1.017654401347013,2600,1630,0.6699057221412659,0.18177545070648193,3.685347557067871,0.8216403126716614,0.09778948873281479,0.6000000000000001,-0.19999999999999998,0.9117093992246739,0.8729471196998665,1.0444039262517235,2.0,2.0,hap1+IFNB_HERC6,hap1+IFNB,HERC6,False,True,2
hap1+IFNB_HES4,0.28787553,0.3442539,0.8362303,0.9004514,0.41238374,0.8246111407854214,0.2940285253185262,0.924232723283912,0.9086561288251703,1.0171424524246386,2528,1674,0.7668794989585876,0.5843528509140015,1.312356948852539,0.22164735198020935,0.05854417756199837,-0.2142857142857143,0.2380952380952381,0.7722962131990792,0.7707066878401243,1.0020624258022328,4.0,4.0,hap1+IFNB_HES4,hap1+IFNB,HES4,False,True,2
hap1+IFNB_ID1,0.29077283,0.33910453,0.85747254,0.90062314,0.3949384,0.775197579009042,0.3410347748499087,0.9230063197681712,0.9060234580585383,1.018744395146263,2653,1453,0.34004318714141846,0.820067286491394,0.4146527945995331,0.42618459463119507,0.805121123790741,0.16153846153846155,0.8276923076923076,0.7594465229740038,0.7390801352104536,1.0275563998993842,22.0,3.0,hap1+IFNB_ID1,hap1+IFNB,ID1,False,True,2
hap1+IFNB_ID2,0.27262753,0.34047323,0.8007312,0.9065441,0.4930117,0.8383684892931205,0.3397950444643582,0.9291005092839988,0.9105317818916183,1.0203932776007052,2665,1583,,,,,,,,,,,,,hap1+IFNB_ID2,hap1+IFNB,ID2,False,True,2
hap1+IFNB_ID3,0.27912334,0.34125763,0.8179256,0.9035448,0.44090405,0.8194656898763707,0.31754175088193676,0.9264165163379655,0.9090904652554033,1.0190586654956222,2603,1591,0.3935278356075287,0.5671346187591553,0.6938878893852234,-0.05067995563149452,0.4441463053226471,0.18769230769230769,0.30000000000000004,0.3645273493256129,0.41907446879842036,0.8698390774575073,15.0,10.0,hap1+IFNB_ID3,hap1+IFNB,ID3,False,True,2
hap1+IFNB_IFI16,0.29139608,0.33932486,0.85875255,0.8935529,0.3885301,0.7970676944434352,0.30024597527189995,0.9170276168772001,0.9028355336977238,1.015719455703466,2591,1513,1.2217166423797607,1.2512997388839722,0.9763581156730652,0.31525322794914246,0.21903084218502045,0.4909580971340322,0.10692307692307691,0.6973851718747444,0.6618735836568335,1.0536531281724681,14.0,11.0,hap1+IFNB_IFI16,hap1+IFNB,IFI16,False,False,2
hap1+IFNB_IFNAR1,0.2796374,0.33119136,0.8443378,0.9020193,0.42173898,0.8431668316134129,0.31821522967143356,0.9252293773886511,0.9106947076799395,1.0159599804260855,2596,1597,0.5015878677368164,0.2944433391094208,1.7035123109817505,0.7838041186332703,0.5779483914375305,0.6592307692307691,0.6630769230769231,0.9768046654465038,0.9561518428598301,1.0215999401568914,12.0,13.0,hap1+IFNB_IFNAR1,hap1+IFNB,IFNAR1,False,True,2
hap1+IFNB_IFNAR2,0.27683526,0.32974073,0.8395543,0.90293163,0.43511438,0.8368956431605552,0.3237981675856777,0.9259897710968826,0.9111460476150178,1.0162912669387296,2646,1589,0.45367640256881714,0.293417364358902,1.5461812019348145,0.7707431316375732,0.5150234699249268,0.6453846153846153,0.5184615384615384,0.9743473274468614,0.9552234929154308,1.0200202724004022,12.0,13.0,hap1+IFNB_IFNAR2,hap1+IFNB,IFNAR2,False,True,2
hap1+IFNB_IRF1,0.28821358,0.34312013,0.83997864,0.9011618,0.4263877,0.8464197244398751,0.3029741685059645,0.9250644187307436,0.9101291215693434,1.0164100860058705,2613,1635,3.6243014335632324,2.6421315670013428,1.3717339038848877,,,,,,,,0.0,1.0,hap1+IFNB_IRF1,hap1+IFNB,IRF1,False,True,2
hap1+IFNB_IRF3,0.29900527,0.34215114,0.8738982,0.89682233,0.37613505,0.8167458216222971,0.3048844452237339,0.9211026745168253,0.9090881528148399,1.0132160139418651,2626,1539,1.057735800743103,1.1692851781845093,0.9046003818511963,0.8181675672531128,0.5775986909866333,0.6,0.028571428571428574,0.9236740140512166,0.8824128713299462,1.0467594524761215,3.0,3.0,hap1+IFNB_IRF3,hap1+IFNB,IRF3,False,False,2
hap1+IFNB_IRF7,0.28792927,0.34120205,0.84386736,0.90094143,0.42014885,0.8370300930611165,0.3128107156321076,0.9246845810327686,0.910081608579332,1.0160457834943313,2686,1557,0.04330804944038391,0.02316579595208168,1.8694825172424316,,,,,,,,0.0,1.0,hap1+IFNB_IRF7,hap1+IFNB,IRF7,False,True,2
hap1+IFNB_IRF9,0.2942626,0.33631527,0.87496054,0.8978864,0.36850184,0.8087754109599605,0.3078707592950221,0.921675037190531,0.9093449748262287,1.01355927915768,2617,1556,0.26466238498687744,0.22153659164905548,1.1946666240692139,0.26743337512016296,-0.09523536264896393,0.1753846153846154,0.06230769230769231,0.5493542528999442,0.5376898026248489,1.02169364235318,15.0,10.0,hap1+IFNB_IRF9,hap1+IFNB,IRF9,False,True,2
hap1+IFNB_JAK1,0.27360398,0.33385888,0.8195198,0.9054818,0.47492325,0.8409396924701172,0.35137190648076794,0.9282134505611027,0.9116612511302942,1.0181560852896696,2707,1539,0.5457099676132202,0.2642284035682678,2.0652964115142822,0.8665569424629211,-0.9150916337966919,0.9285714285714288,-0.8571428571428573,0.899538997203782,0.9026713168812934,0.9965299443784993,2.0,5.0,hap1+IFNB_JAK1,hap1+IFNB,JAK1,False,True,2
hap1+IFNB_JUN,0.28356627,0.34303617,0.8266366,0.9026792,0.46462232,0.8493543719798791,0.3399116618376936,0.9261262646990283,0.909892257448765,1.0178416808334885,2734,1537,,,,,,,,,,,,,hap1+IFNB_JUN,hap1+IFNB,JUN,False,True,2
hap1+IFNB_MAP3K14,0.27955607,0.34153646,0.8185248,0.9036287,0.46894696,0.8376868717841208,0.3390164672502751,0.9265789377838028,0.9094814302461782,1.0187991826650014,2667,1525,2.5482627279416192e-06,0.0003116779844276607,0.008175946772098541,,,,,,,,1.0,0.0,hap1+IFNB_MAP3K14,hap1+IFNB,MAP3K14,False,True,2
hap1+IFNB_MAPK8,0.2788375,0.34273094,0.8135755,0.90420616,0.48320013,0.8396790319937562,0.33503762542335935,0.9271891829609913,0.9096541052025588,1.0192766433506368,2661,1577,,,,,,,,,,,,,hap1+IFNB_MAPK8,hap1+IFNB,MAPK8,False,True,2
hap1+IFNB_MAPK14,0.28047553,0.34125313,0.82189876,0.90359193,0.47590604,0.8415259380125196,0.347378755870182,0.9267289540847319,0.9100566504110499,1.0183200723451133,2698,1541,1.366685390472412,1.0635648965835571,1.2850042581558228,-0.9418087005615234,-0.9726135730743408,-1.0,-1.0,0.5218356378895809,0.5540293868817836,0.9418916220791153,1.0,2.0,hap1+IFNB_MAPK14,hap1+IFNB,MAPK14,False,True,2
hap1+IFNB_MEF2A,0.2836599,0.34037033,0.8333861,0.902215,0.41658252,0.8350180216101302,0.29877297621595816,0.9256039901162672,0.9100059020864306,1.0171406449057898,2586,1612,0.7260298132896423,1.0721982717514038,0.6771413683891296,0.8866546154022217,0.5777808427810669,0.5333333333333333,0.33333333333333337,0.8866944266786558,0.8189094889285008,1.0827746395256062,7.0,2.0,hap1+IFNB_MEF2A,hap1+IFNB,MEF2A,False,True,2
hap1+IFNB_MYC,0.28479853,0.34174722,0.8333602,0.9023814,0.44615695,0.8465772233490995,0.324003411401365,0.9260132624189422,0.9105261462025122,1.0170089747351259,2714,1565,,,,,,,,,,,,,hap1+IFNB_MYC,hap1+IFNB,MYC,False,True,2
hap1+IFNB_NFE2L3,0.28766766,0.34265932,0.83951503,0.90089834,0.40770411,0.8395541479722429,0.3014869682611097,0.924678005577307,0.9095834246331734,1.016595048387366,2606,1625,,,,,,,,,,,,,hap1+IFNB_NFE2L3,hap1+IFNB,NFE2L3,False,True,2
hap1+IFNB_NFKB1,0.29358095,0.3472298,0.8454947,0.8959677,0.42537326,0.8116286795953171,0.3417737777753994,0.9196349481828938,0.9043743015321669,1.0168742595017048,2677,1443,0.5986482501029968,0.8329730033874512,0.7186886668205261,0.6382886171340942,0.4852965474128723,0.5873750778194291,0.27692307692307694,0.7188001510446442,0.6997272687874709,1.0272575946485891,16.0,9.0,hap1+IFNB_NFKB1,hap1+IFNB,NFKB1,False,True,2
hap1+IFNB_PARP12,0.2805201,0.34140348,0.8216674,0.90362066,0.44334012,0.8407572999357846,0.3236050401060294,0.926793465324175,0.9100997504024816,1.0183427310185622,2661,1579,2.4483513832092285,0.674132764339447,3.6318533420562744,,,,,,,,0.0,1.0,hap1+IFNB_PARP12,hap1+IFNB,PARP12,False,True,2
hap1+IFNB_POU2F1,0.25795677,0.32241607,0.80007416,0.8958627,0.43900904,0.7783229984134186,0.40787401054784506,0.9178123429269008,0.9006745183665166,1.0190277666470078,2723,1365,0.9232208728790283,1.081655502319336,0.8535258173942566,0.4304012954235077,0.3092816472053528,0.40772504678348803,0.3423076923076923,0.7539022191319802,0.7632696335950191,0.987727253842239,16.0,9.0,hap1+IFNB_POU2F1,hap1+IFNB,POU2F1,False,True,2
hap1+IFNB_RAP1GAP,0.27592742,0.3385736,0.81497025,0.9051427,0.44357327,0.8398754468354849,0.3141535888259333,0.9281228317603235,0.9110274181268199,1.018764982582691,2648,1629,,,,,,,,,,,,,hap1+IFNB_RAP1GAP,hap1+IFNB,RAP1GAP,False,True,2
hap1+IFNB_RAPGEF1,0.2899646,0.34541574,0.83946544,0.8976807,0.40747693,0.8133062813680766,0.31325976952696083,0.9210469339231399,0.9052361078352246,1.0174659693212251,2580,1538,0.4751514196395874,0.5052887201309204,0.9403562545776367,-0.11031298339366913,0.30999040603637695,-0.030023103584479335,0.08153846153846152,0.5573199432548986,0.5360079208965467,1.039760648168603,9.0,16.0,hap1+IFNB_RAPGEF1,hap1+IFNB,RAPGEF1,False,True,2
hap1+IFNB_RNF114,0.29084373,0.3425723,0.84899956,0.90018547,0.3896535,0.8379890841829394,0.28622563252885025,0.9244598136438651,0.9103513274656747,1.0154978476468717,2638,1640,,,,,,,,,,,,,hap1+IFNB_RNF114,hap1+IFNB,RNF114,False,True,2
hap1+IFNB_SMARCA5,0.28034586,0.33833525,0.82860374,0.9022316,0.42226028,0.8132723302109474,0.30181408335153237,0.9251667290858644,0.9089125861971662,1.0178830650334643,2531,1625,0.2648142874240875,0.3676309287548065,0.7203264832496643,-0.03569978103041649,0.5292589068412781,0.12887093910248507,0.5261538461538462,0.3912950195129046,0.33693779183053607,1.1613271915478915,17.0,8.0,hap1+IFNB_SMARCA5,hap1+IFNB,SMARCA5,False,True,2
hap1+IFNB_SOCS1,0.28337142,0.34294894,0.82627875,0.90286577,0.42524028,0.8411381319690648,0.2986241098273901,0.9264357342914505,0.9102603011875117,1.017770118155034,2616,1644,,,,,,,,,,,,,hap1+IFNB_SOCS1,hap1+IFNB,SOCS1,False,True,2
hap1+IFNB_SP100,0.3058606,0.34353402,0.89033574,0.89655626,0.35746115,0.79874825887512,0.2915665362029216,0.9209430905475884,0.9093256831223151,1.012775848786524,2619,1621,2.4937562942504883,1.9864261150360107,1.2553985118865967,,,,,,,,0.0,1.0,hap1+IFNB_SP100,hap1+IFNB,SP100,False,False,2
hap1+IFNB_SP110,0.28797114,0.33838716,0.85101086,0.89987457,0.39964867,0.8070706101525802,0.32950173849961156,0.9231481934379563,0.9087051917223162,1.0158940455575758,2638,1509,0.25694218277931213,0.43982481956481934,0.5841920971870422,0.09405944496393204,0.5568038821220398,0.21615384615384614,0.5607692307692308,0.5340948544452004,0.528479355850045,1.0106257671808638,21.0,4.0,hap1+IFNB_SP110,hap1+IFNB,SP110,False,True,2
hap1+IFNB_STAT1,0.2761367,0.32754755,0.8430431,0.9039983,0.42135653,0.8464898393077547,0.32519336537827676,0.9272368130139742,0.9130392389535718,1.0155497961694113,2693,1586,0.5305032134056091,0.306072473526001,1.733260154724121,0.7811852693557739,0.2721312344074249,0.6900000000000001,0.29846153846153844,0.9751555726930223,0.9523907740998151,1.0239027920180392,15.0,10.0,hap1+IFNB_STAT1,hap1+IFNB,STAT1,False,True,2
hap1+IFNB_STAT2,0.2751688,0.32730576,0.84070873,0.9028106,0.43352753,0.8161731353393511,0.3394282428916494,0.9254145244583397,0.9105961050174338,1.0162733174008274,2676,1505,0.5128232836723328,0.3654886484146118,1.4031168222427368,0.6945559978485107,0.09124794602394104,0.5461538461538461,0.052307692307692305,0.9579472287476505,0.946263161209813,1.0123475878770332,13.0,12.0,hap1+IFNB_STAT2,hap1+IFNB,STAT2,False,True,2
hap1+IFNB_STAT3,0.28523123,0.341006,0.8364405,0.90183383,0.4197275,0.8338882064746749,0.30923544676394005,0.9253865487662467,0.9100888387171558,1.0168090294027277,2606,1627,0.10739749670028687,0.0736447125673294,1.4583191871643066,,,,,,,,0.0,1.0,hap1+IFNB_STAT3,hap1+IFNB,STAT3,False,True,2
hap1+IFNB_STAT4,0.28519908,0.34112367,0.8360577,0.90192497,0.41346365,0.836681181915092,0.30612295370754283,0.9255408977093528,0.9102443917227043,1.0168048340926317,2617,1614,,,,,,,,,,,,,hap1+IFNB_STAT4,hap1+IFNB,STAT4,False,True,2
hap1+IFNB_STAT5A,0.28745157,0.34069818,0.8437132,0.9017821,0.43817782,0.8419668220079188,0.32921934836217526,0.9255223509704432,0.9109340484573752,1.016014663781393,2702,1579,,,,,,,,,,,,,hap1+IFNB_STAT5A,hap1+IFNB,STAT5A,False,False,2
hap1+IFNB_STAT6,0.28700352,0.34367138,0.8351103,0.8970499,0.41716105,0.8105066718151048,0.32352399301506857,0.9200878343473493,0.9036617612473652,1.0181772360017873,2580,1535,1.0022786855697632,1.360369086265564,0.7367696762084961,0.06150489300489426,0.5649189352989197,0.07321786230733154,0.4746153846153846,0.6262037640172651,0.589438118706426,1.062374054449557,15.0,10.0,hap1+IFNB_STAT6,hap1+IFNB,STAT6,False,True,2
hap1+IFNB_TRAFD1,0.28511822,0.33923867,0.84046495,0.90112936,0.41374213,0.8219922942711599,0.30687104582481456,0.9245165698397558,0.9094367643720241,1.016581477743694,2608,1576,0.496686190366745,0.8284767270088196,0.5995173454284668,0.6859081983566284,0.7092121243476868,0.4285714285714286,0.14285714285714288,0.860396379363106,0.8779807095498421,0.9799718490446653,4.0,4.0,hap1+IFNB_TRAFD1,hap1+IFNB,TRAFD1,False,True,2
hap1+IFNB_TRIM21,0.28750336,0.34514996,0.832981,0.9002309,0.4224347,0.8022643173390273,0.32677555532750646,0.923224280893865,0.9062583405693249,1.018720865304127,2569,1560,0.5748233199119568,1.124647617340088,0.5111141800880432,0.4016144275665283,0.7906948924064636,0.5870359793146037,0.8369230769230769,0.6784452496124826,0.7208985089492402,0.9411106295688748,22.0,3.0,hap1+IFNB_TRIM21,hap1+IFNB,TRIM21,False,True,2
hap1+IFNB_TRIM22,0.2816725,0.33869147,0.83164924,0.9020542,0.42017713,0.8274083533771805,0.3088689714430009,0.9251645308589108,0.9092662764571406,1.0174847069702355,2564,1607,0.20632439851760864,0.14869266748428345,1.3875895738601685,0.8728854060173035,0.31225430965423584,0.7169230769230769,0.536923076923077,0.9063720744096214,0.7107316538469893,1.2752662267167725,17.0,8.0,hap1+IFNB_TRIM22,hap1+IFNB,TRIM22,False,True,2
hap1+IFNB_TYK2,0.2762875,0.33163315,0.8331118,0.90284365,0.45196664,0.8255920434020312,0.3392863291124648,0.9254665731412881,0.9097230077861533,1.017305888957835,2644,1528,0.37530970573425293,0.3742535412311554,1.0028220415115356,0.7997854351997375,0.5835582613945007,0.8315384615384616,0.5992307692307692,0.9454508193865986,0.9166044570008466,1.0314708947413784,15.0,10.0,hap1+IFNB_TYK2,hap1+IFNB,TYK2,False,True,2
hap1+IFNB_UBA7,0.28428158,0.34141728,0.83265144,0.901536,0.41909426,0.8290932686242756,0.30303174296623053,0.9248711132107971,0.9089958064249407,1.017464664494211,2545,1630,0.2570852041244507,0.2458834946155548,1.0455570220947266,-0.20851069688796997,0.07083013653755188,-0.09090909090909088,-0.10303030303030303,0.5778267042282375,0.5913966333164874,0.9770544363566102,5.0,5.0,hap1+IFNB_UBA7,hap1+IFNB,UBA7,False,True,2
hap1+IFNB_UBE2L6,0.29072124,0.3398287,0.8554935,0.89962494,0.38642344,0.8203596984177,0.28789995222819703,0.9234797417762689,0.9097030456428826,1.0151441684177833,2547,1653,1.5198992490768433,1.6886812448501587,0.9000509977340698,0.7314786911010742,0.42526620626449585,0.49999999999999994,0.7,0.897206691456679,0.8442155215028483,1.0627697176895035,4.0,1.0,hap1+IFNB_UBE2L6,hap1+IFNB,UBE2L6,False,False,2
hap1+IFNB_USP18,0.28140318,0.36426204,0.77252954,0.90486497,0.48517257,0.8361736812757324,0.32010993236351065,0.9279282115354602,0.9056212639053892,1.0246316517943437,2616,1615,0.42545536160469055,2.216662883758545,0.19193507730960846,0.9419732093811035,0.8332388997077942,0.8284615384615385,0.8346153846153845,0.9705755267134314,0.9178822435742303,1.0574074545052898,20.0,5.0,hap1+IFNB_USP18,hap1+IFNB,USP18,False,True,2
hap1+IFNB_VAV1,0.27907667,0.34071645,0.81908774,0.9043653,0.43714792,0.8476374344687834,0.3182115396851892,0.9275827397187909,0.9108644436297875,1.018354318478369,2672,1624,,,,,,,,,,,,,hap1+IFNB_VAV1,hap1+IFNB,VAV1,False,True,2
hap1+IFNB_ZBP1,0.28239462,0.33880258,0.8335079,0.90255433,0.41724253,0.8336017081982069,0.30074600708446697,0.9260567344231484,0.9105856111578632,1.0169903006106287,2592,1631,,,,,,,,,,,,,hap1+IFNB_ZBP1,hap1+IFNB,ZBP1,False,True,2
hap1+IFNB_ZNFX1,0.2850806,0.3404498,0.83736455,0.90148985,0.41859806,0.8300581177208358,0.3147482545547887,0.9248833757285025,0.9095622014240423,1.0168445591521644,2604,1589,1.88451087474823,1.1774777173995972,1.600464105606079,0.8567744493484497,-0.7128720283508301,0.5,-0.5,0.9526058046973926,0.9758330710263217,0.9761975003526987,1.0,2.0,hap1+IFNB_ZNFX1,hap1+IFNB,ZNFX1,False,True,2
hap1+INS_MTOR,0.043239575,0.37340632,0.115797654,0.9864523,0.9467315,0.8266930248231146,0.8141985782944553,0.9888359753515812,0.8899340096009284,1.111134044416398,3322,790,0.09871689975261688,1.4514065980911255,0.06801464408636093,0.07876531034708023,0.9706423878669739,0.3195275166763522,0.9569230769230769,0.6952707524911158,0.5850691580566532,1.1883565266036322,19.0,6.0,hap1+INS_MTOR,hap1+INS,MTOR,True,False,2
hap1+TGFB_CREBBP,0.056798644,0.22936909,0.2476299,0.98609996,0.89209497,0.8251590680358807,0.7051380423834893,0.9884843196289529,0.9279981385704956,1.0651792051561992,3059,923,0.1312449872493744,0.6063363552093506,0.21645574271678925,0.42996376752853394,0.9780797958374023,0.4220926763857273,0.8430769230769231,0.8100157191304154,0.5574477323170717,1.453079225497118,13.0,12.0,hap1+TGFB_CREBBP,hap1+TGFB,CREBBP,True,False,2
hap1+TGFB_FOXP2,0.01678854,0.23194736,0.07238082,0.99449015,0.96465135,0.798916622523869,0.8402412054927676,0.995609582555243,0.9342187965612447,1.0657134990432338,3321,660,0.03269680216908455,0.3802271783351898,0.08599280565977097,0.589792013168335,0.9697007536888123,0.3130769230769231,0.9176923076923077,0.8899683110989549,0.7352529027962217,1.2104247500612904,18.0,7.0,hap1+TGFB_FOXP2,hap1+TGFB,FOXP2,True,False,2
hap1+TGFB_HDAC4,0.015411227,0.2388457,0.06452378,0.9953404,0.96997976,0.858549204309112,0.8320838533388849,0.9962134010685255,0.9327413397273079,1.0680489420140573,3236,757,0.1401183158159256,0.8172983527183533,0.17144083976745605,0.9766848683357239,0.8981404900550842,0.8238461538461539,0.9007692307692308,0.9724970865494755,0.7465607952575327,1.30263615867212,18.0,7.0,hap1+TGFB_HDAC4,hap1+TGFB,HDAC4,True,False,2
hap1+TGFB_RUNX3,0.014476221,0.22688071,0.06380543,0.9953191,0.9693866,0.8647324928751946,0.8549742175753724,0.9962583151992274,0.9400609705587691,1.0597805316894018,3404,685,0.258461058139801,0.00458292244002223,56.39656066894531,,,,,,,,0.0,1.0,hap1+TGFB_RUNX3,hap1+TGFB,RUNX3,True,False,2
hap1+TNFA_BIRC3,0.012940861,0.40113497,0.032260615,0.99565756,0.98460436,0.8409504154615198,0.8831313827240705,0.9966048870778142,0.8909120226725826,1.118634457404864,3523,661,0.03505447506904602,0.22487182915210724,0.1558864712715149,0.797070324420929,0.9906033873558044,0.7696969696969697,0.9515151515151514,0.9240174617050209,0.45025681151526165,2.052200961925261,6.0,4.0,hap1+TNFA_BIRC3,hap1+TNFA,BIRC3,True,False,2
hap1+TNFA_CASP8,0.0290636,0.41053995,0.07079359,0.9900363,0.96680486,0.7435061806865875,0.8402781131244013,0.9920466896966806,0.8827451183046737,1.123820080253655,3422,733,0.07349609583616257,2.174164056777954,0.03380430117249489,0.4628324806690216,0.9773886203765869,0.524471108422517,0.9653846153846154,0.7807041885932512,0.7167352000200028,1.0892505189803197,23.0,2.0,hap1+TNFA_CASP8,hap1+TNFA,CASP8,True,False,2
hap1+TNFA_CSF1,0.01857379,0.41080058,0.045213643,0.9936514,0.97842973,0.8190732569776514,0.8625735160794518,0.9949521899657136,0.8854612357012174,1.1236541475220965,3477,697,0.11689090728759766,0.8947223424911499,0.13064490258693695,0.8200583457946777,0.9632998108863831,0.5294807516330187,0.8923076923076924,0.8636189293042451,0.4318618804535441,1.999757256642487,15.0,10.0,hap1+TNFA_CSF1,hap1+TNFA,CSF1,True,False,2
hap1+TNFA_MTOR,0.10650648,0.44192192,0.24100746,0.9766891,0.8996064,0.789610641355981,0.703950855643356,0.9798704811539384,0.8647459050684551,1.1331311029178794,3052,1027,0.3567502498626709,1.9033616781234741,0.18743166327476501,0.35658761858940125,0.9440680742263794,0.35051007026519126,0.9261538461538461,0.74813362398818,0.6123669613632158,1.2217080136438587,16.0,9.0,hap1+TNFA_MTOR,hap1+TNFA,MTOR,True,False,2
hap1+TNFA_TNFRSF1A,0.018420026,0.41441527,0.04444823,0.9944983,0.9800624,0.8186494205250451,0.8562667426261451,0.9955119436395111,0.8813982952046973,1.1294688780947912,3442,719,0.10811464488506317,1.8536360263824463,0.058325715363025665,0.9544309377670288,0.9804731011390686,0.854503717404412,0.9738461538461539,0.9318842516226503,0.5102033381540683,1.8264957947829916,20.0,5.0,hap1+TNFA_TNFRSF1A,hap1+TNFA,TNFRSF1A,True,False,2
ht29+IFNB_IFI16,0.028740829,0.26444334,0.108684264,0.9906198,0.94689703,0.8204137400474801,0.8095078081096749,0.9923375371861639,0.9241256734473112,1.073812324122972,3394,727,0.09187941253185272,1.125799298286438,0.08161260187625885,0.8757568597793579,0.964462161064148,0.7578380597967033,0.9653846153846154,0.9561080536262228,0.7848277474153835,1.2182393611526916,21.0,4.0,ht29+IFNB_IFI16,ht29+IFNB,IFI16,True,False,2
ht29+IFNB_SP100,0.030101752,0.24490666,0.12291112,0.9918945,0.9441983,0.7505555168536382,0.8528585757379765,0.99341928012987,0.9353722028879916,1.0620577317378646,3517,712,1.281015396118164,0.18790948390960693,6.817193984985352,,,,,,,,0.0,1.0,ht29+IFNB_SP100,ht29+IFNB,SP100,True,False,2
ht29+IFNB_STAT5A,0.020363322,0.24493901,0.08313629,0.9935776,0.9591845,0.8527575557508921,0.87791881486015,0.9949633541295053,0.9354183043218806,1.06365606652394,3569,650,,,,,,,,,,,,,ht29+IFNB_STAT5A,ht29+IFNB,STAT5A,True,False,2
ht29+IFNB_UBE2L6,0.015330536,0.25031897,0.061244003,0.99527895,0.9700763,0.8314794726024588,0.8619466506774653,0.9962831701744295,0.9329659744507335,1.0678665647597414,3479,692,,,,,,,,,,,,,ht29+IFNB_UBE2L6,ht29+IFNB,UBE2L6,True,False,2
ht29+IFNG_MAFF,0.02910149,0.26428297,0.11011489,0.9911024,0.94620395,0.8198283607492617,0.8638333709000918,0.9930051700806395,0.9291737073256331,1.0686970178468862,3536,610,,,,,,,,,,,,,ht29+IFNG_MAFF,ht29+IFNG,MAFF,True,False,2
ht29+IFNG_SP100,0.031501018,0.26158983,0.12042142,0.9910958,0.9431109,0.7871905678162278,0.849420279876661,0.9929174405085885,0.9299342425524332,1.0677286576557097,3482,679,0.6452730298042297,0.6115849018096924,1.0550832748413086,0.9867612719535828,0.6499781608581543,1.0,0.5,0.9890736250564309,0.9205293573688179,1.0744617943348767,2.0,1.0,ht29+IFNG_SP100,ht29+IFNG,SP100,True,False,2
ht29+IFNG_TSC22D1,0.042009715,0.26307994,0.15968423,0.9862308,0.91801906,0.8756053990163154,0.8448175717685154,0.9890700479584668,0.9283820635368394,1.0653696218455853,3421,681,0.1374426782131195,0.3874779939651489,0.3547109365463257,0.5487945079803467,0.885250449180603,0.2053663570691434,0.9256965944272446,0.7758203654582367,0.4321693967242318,1.7951765472956183,14.0,4.0,ht29+IFNG_TSC22D1,ht29+IFNG,TSC22D1,True,False,2
ht29+INS_MTOR,0.04329413,0.23810767,0.18182586,0.9853865,0.9045769,0.8451084580673205,0.7923287203096493,0.9883961680366142,0.9342811480267457,1.0579215583276647,3415,820,0.0382540300488472,0.37249624729156494,0.10269641876220703,0.30768653750419617,0.9672510623931885,0.3941494624423954,0.9346153846153846,0.7711786218441486,0.674572122971086,1.143211519692763,19.0,6.0,ht29+INS_MTOR,ht29+INS,MTOR,True,False,2
ht29+TGFB_CREBBP,0.037187733,0.21578571,0.1723364,0.98780775,0.9097657,0.8764684791571675,0.7924904067656887,0.9904886806187854,0.9434724901990663,1.0498331333537865,3359,701,0.03705654293298721,0.2619726359844208,0.14145195484161377,0.8036527633666992,0.904319167137146,0.8351648351648352,0.9230769230769231,0.8054830560437096,0.6735669389563355,1.195847078379133,11.0,2.0,ht29+TGFB_CREBBP,ht29+TGFB,CREBBP,True,False,2
ht29+TGFB_FOXP2,0.021238849,0.2212417,0.0959984,0.9936464,0.9539218,0.821562885651615,0.8372158104993116,0.9949741114455316,0.9408476233476459,1.0575294944204645,3397,667,0.08134401589632034,0.0893680527806282,0.9102135896682739,0.9869371056556702,0.8740670680999756,1.0,1.0,0.9884378713874921,0.8966837688715745,1.102326043696971,2.0,1.0,ht29+TGFB_FOXP2,ht29+TGFB,FOXP2,True,False,2
ht29+TGFB_HDAC4,0.026156811,0.22744465,0.115002975,0.9916619,0.94410545,0.8522250249971014,0.7987215482080997,0.9932052849796659,0.9378769671539493,1.0589931513017257,3253,782,0.16116541624069214,0.8414596319198608,0.19153077900409698,0.9719085693359375,0.8544391989707947,0.42076923076923073,0.8138461538461539,0.9625695963184363,0.7052345126753584,1.3648929242938757,21.0,4.0,ht29+TGFB_HDAC4,ht29+TGFB,HDAC4,True,False,2
ht29+TGFB_PRKCA,0.024903394,0.21952422,0.113442585,0.99233216,0.94449943,0.8577349809778243,0.8323966813967529,0.9939999390990342,0.9427699236968935,1.0543398915413549,3455,683,,,,,,,,,,,,,ht29+TGFB_PRKCA,ht29+TGFB,PRKCA,True,False,2
ht29+TGFB_RUNX3,0.017248759,0.21927568,0.07866243,0.99434507,0.96065664,0.8646762866236161,0.8528204099957549,0.9955927195234155,0.9425078362807695,1.0563230152569598,3442,671,,,,,,,,,,,,,ht29+TGFB_RUNX3,ht29+TGFB,RUNX3,True,False,2
ht29+TNFA_BIRC3,0.018450277,0.22558042,0.08179024,0.99398017,0.9596656,0.8616014069165908,0.8542991147523052,0.9953048519486338,0.9409402440453524,1.0577768973612538,3495,729,0.03702573478221893,0.4452139139175415,0.08316392451524734,1.0,1.0,0.9999999999999999,0.9999999999999999,0.9996220590786336,0.9976119891644688,1.0020148814729544,1.0,1.0,ht29+TNFA_BIRC3,ht29+TNFA,BIRC3,True,False,2
ht29+TNFA_CASP8,0.024641348,0.23574819,0.10452402,0.9925438,0.94835246,0.798729537170921,0.8190001323275977,0.994091572186233,0.9353992699726599,1.0627457216374443,3347,782,0.03840663656592369,0.5173975229263306,0.07423042505979538,0.2589201331138611,0.9356035590171814,0.39312931798780454,0.9315384615384614,0.6502349590116389,0.7517420416314929,0.8649708583551413,23.0,2.0,ht29+TNFA_CASP8,ht29+TNFA,CASP8,True,False,2
ht29+TNFA_TNFRSF1A,0.011974538,0.21325259,0.056151897,0.99615574,0.97321457,0.8569164762140087,0.8571528140106482,0.9969079214657057,0.9420279626376487,1.0582572503202505,3428,706,0.07195558398962021,0.3099045753479004,0.23218625783920288,0.9300751686096191,0.892038881778717,0.9045422233785441,0.8484615384615384,0.9645363042289347,0.8383079539014704,1.1505751552755759,19.0,6.0,ht29+TNFA_TNFRSF1A,ht29+TNFA,TNFRSF1A,True,False,2
k562+IFNB_IFI16,0.047793407,0.35212958,0.13572676,0.98482966,0.9344326,0.8482470187110835,0.7728861660025049,0.9874840389375054,0.8873048098371832,1.1129028356317652,3304,876,0.2339644581079483,1.4121620655059814,0.16567818820476532,0.8595762252807617,0.9746202826499939,0.7053846153846153,0.9546153846153845,0.9125568909476065,0.6400001301261012,1.4258698521948778,16.0,9.0,k562+IFNB_IFI16,k562+IFNB,IFI16,True,False,2
k562+IFNB_SP100,0.038254462,0.32153976,0.118972726,0.9884616,0.94767,0.7974696675292107,0.8294357005160552,0.9905837491216332,0.903708495460806,1.0961319430957976,3450,788,0.173349529504776,0.17022475600242615,1.0183568000793457,0.9996365904808044,0.9571240544319153,0.39999999999999997,1.0,0.9955558963009083,0.9999146023777538,0.9956409216682299,1.0,3.0,k562+IFNB_SP100,k562+IFNB,SP100,True,False,2
k562+IFNB_STAT5A,0.028115628,0.32140827,0.087476365,0.99038357,0.9585263,0.8819895671991862,0.8706066763366953,0.9923779871776004,0.9054501860463541,1.096005061869628,3600,669,,,,,,,,,,,,,k562+IFNB_STAT5A,k562+IFNB,STAT5A,True,False,2
k562+IFNB_UBE2L6,0.019719098,0.32998285,0.059757948,0.99208605,0.9698155,0.8435145573685313,0.8441927646185333,0.9936800990517607,0.896835720284533,1.1079845244528201,3434,780,0.11298946291208267,1.2988018989562988,0.08699514716863632,0.8705824613571167,0.9762731194496155,0.846923076923077,0.9707692307692307,0.947837005022306,0.6853493115090679,1.3829984054923283,21.0,4.0,k562+IFNB_UBE2L6,k562+IFNB,UBE2L6,True,False,2
k562+IFNG_IFI16,0.08476864,0.53260684,0.15915799,0.9757141,0.9270302,0.7843805527315282,0.767104606690094,0.9786818361926922,0.8290621293557754,1.1804686302016705,3206,877,0.5951007008552551,3.2616751194000244,0.1824524700641632,0.1725023090839386,0.9651135802268982,0.16570358311659242,0.936923076923077,0.7940396927284143,0.7234598449323044,1.0975587633377417,19.0,6.0,k562+IFNG_IFI16,k562+IFNG,IFI16,True,False,2
k562+IFNG_MAFF,0.02567012,0.46354726,0.05537757,0.9913672,0.97290087,0.7911652602107457,0.8655925590841188,0.9931043918140733,0.8609081674282739,1.1535543852263583,3506,650,0.1318088173866272,5.9007391929626465,0.02233767881989479,,,,,,,,1.0,0.0,k562+IFNG_MAFF,k562+IFNG,MAFF,True,False,2
k562+IFNG_SP100,0.029943567,0.46466777,0.06444081,0.99227434,0.9712447,0.7625203832848692,0.8491843112555211,0.9937114355952035,0.8616094956705591,1.153319967558893,3464,698,1.0168399810791016,4.18169641494751,0.24316446483135223,1.0,1.0,0.9999999999999999,0.9999999999999999,0.9943852452444695,0.8572489701014299,1.159972516650342,2.0,0.0,k562+IFNG_SP100,k562+IFNG,SP100,True,False,2
k562+IFNG_TSC22D1,0.027106958,0.4711666,0.057531577,0.989789,0.97069883,0.8632252573936227,0.8606772373981069,0.991763243332319,0.8588276849387669,1.1547872299936748,3463,673,,,,,,,,,,,,,k562+IFNG_TSC22D1,k562+IFNG,TSC22D1,True,False,2
k562+TNFA_CASP8,0.021267261,0.45427245,0.046816092,0.9920784,0.9769621,0.7843307114254416,0.8553381267606981,0.9936738786349761,0.8616798393222779,1.1531822299759424,3383,685,0.04022504761815071,1.9775478839874268,0.020340871065855026,0.4565240740776062,0.9926948547363281,0.5519632120531202,0.936923076923077,0.8585512707343039,0.731416753608489,1.1738195310656874,17.0,8.0,k562+TNFA_CASP8,k562+TNFA,CASP8,True,False,2
mcf7+IFNB_IRF3,0.0434277,0.23834912,0.18220204,0.98499507,0.9035765,0.8275107379894888,0.8285973315060559,0.9881406531863033,0.9332122232580344,1.0588595268678571,3413,738,0.2550295293331146,0.7651852369308472,0.333291232585907,0.884149968624115,0.7900916934013367,0.7853846153846153,0.9707692307692307,0.8058560070118973,0.36103796661006604,2.2320533615298435,21.0,4.0,mcf7+IFNB_IRF3,mcf7+IFNB,IRF3,True,False,2
mcf7+IFNB_SP100,0.0351164,0.23727407,0.14799932,0.9890471,0.92662334,0.7774880341870741,0.8361407468818964,0.9912548545798808,0.9339579451947596,1.0613484897043979,3467,755,0.03889390453696251,0.3875178098678589,0.1003667563199997,0.8016625642776489,0.9501208066940308,0.7892307692307692,0.8730769230769231,0.8796103002609241,0.40998336505037125,2.1454780248287726,17.0,8.0,mcf7+IFNB_SP100,mcf7+IFNB,SP100,True,False,2
mcf7+IFNB_STAT5A,0.03139299,0.2369649,0.1324795,0.9894609,0.93235445,0.8635992398350408,0.8700940669436574,0.9917240058019173,0.9350251014338793,1.0606389114913484,3616,645,0.012632583267986774,0.16293957829475403,0.07752925157546997,0.854663610458374,0.9724017977714539,0.6263736263736264,0.9472527472527472,0.9525419530207533,0.7276944758465285,1.3089860987506594,11.0,3.0,mcf7+IFNB_STAT5A,mcf7+IFNB,STAT5A,True,False,2
mcf7+IFNG_MAFF,0.020913877,0.34215826,0.0611234,0.99363184,0.9711299,0.7840606358931731,0.8896737731541882,0.9948663883257861,0.9049242677411101,1.0993918759734351,3638,572,,,,,,,,,,,,,mcf7+IFNG_MAFF,mcf7+IFNG,MAFF,True,False,2
mcf7+IFNG_SP100,0.023284672,0.34260523,0.06796356,0.99361104,0.9698558,0.7438513178023038,0.8911852721316134,0.994704563081063,0.9048621380332145,1.0992885228274971,3662,565,0.6172515749931335,1.832635760307312,0.336810827255249,,,,,,,,1.0,0.0,mcf7+IFNG_SP100,mcf7+IFNG,SP100,True,False,2
mcf7+IFNG_TSC22D1,0.025815448,0.34317124,0.07522614,0.99144006,0.96203816,0.8447803675625949,0.8697384761389018,0.9932169861250301,0.9030288944773874,1.0998728747210658,3537,622,,,,,,,,,,,,,mcf7+IFNG_TSC22D1,mcf7+IFNG,TSC22D1,True,False,2
mcf7+INS_MTOR,0.033661865,0.30509982,0.11033066,0.9883745,0.94290566,0.8293290174852601,0.849691183470415,0.9908299942798502,0.9138122993530892,1.0842817447098094,3540,635,0.33930689096450806,0.3495015501976013,0.9708308577537537,0.089466392993927,0.24912801384925842,0.7142857142857144,0.4761904761904762,0.47753272728628193,0.38767697681595603,1.2317799504327636,7.0,1.0,mcf7+INS_MTOR,mcf7+INS,MTOR,True,False,2
mcf7+TGFB_FOXP2,0.04191529,0.25357112,0.16529994,0.98369235,0.9072459,0.7851230349107037,0.7891796976165686,0.9867728536374455,0.9244845819019453,1.0673762147632082,3360,741,0.7218932509422302,0.5376998782157898,1.3425579071044922,-1.0,-1.0,-0.9999999999999999,-0.9999999999999999,0.9254236251735426,0.9357831658969296,0.9889295500272678,0.0,2.0,mcf7+TGFB_FOXP2,mcf7+TGFB,FOXP2,True,False,2
mcf7+TGFB_PRKCA,0.03340044,0.23395371,0.14276515,0.98924065,0.92589176,0.820447169641373,0.801359001281348,0.9914618112459511,0.9341807405175842,1.0613169039394137,3345,833,,,,,,,,,,,,,mcf7+TGFB_PRKCA,mcf7+TGFB,PRKCA,True,False,2
mcf7+TGFB_RUNX3,0.023721147,0.23814633,0.099607445,0.991825,0.9481572,0.8275673612834655,0.8230900206723765,0.9934846974619518,0.9328289577625568,1.0650234313532474,3409,777,0.00013015132572036237,0.060265667736530304,0.002159626455977559,,,,,,,,1.0,0.0,mcf7+TGFB_RUNX3,mcf7+TGFB,RUNX3,True,False,2
mcf7+TNFA_BIRC3,0.0334898,0.24925937,0.13435724,0.98837745,0.93078804,0.8538229344455476,0.8114066553946339,0.9908807203363302,0.9298870618034666,1.065592544555432,3373,779,0.07436460256576538,1.0806889533996582,0.06881221383810043,0.8422141075134277,0.9652151465415955,0.846923076923077,0.9661538461538461,0.9303383972194574,0.76463759846073,1.2167050104419335,23.0,2.0,mcf7+TNFA_BIRC3,mcf7+TNFA,BIRC3,True,False,2
mcf7+TNFA_CASP8,0.047352266,0.25147563,0.18829763,0.9841187,0.90063643,0.7944453015028557,0.7764473261508369,0.9874067758801387,0.9269995729150633,1.065164218765622,3291,812,0.19210000336170197,0.6894733905792236,0.2786184549331665,0.7529606819152832,0.8831138610839844,0.5843431537214175,0.8969230769230769,0.8402168589128909,0.8037555686437114,1.04536365493642,19.0,6.0,mcf7+TNFA_CASP8,mcf7+TNFA,CASP8,True,False,2
mcf7+TNFA_CSF1,0.033040926,0.24671431,0.13392383,0.98874444,0.930758,0.8537032641948487,0.8105783160731685,0.9911612623466183,0.9306191340982087,1.0650557527028244,3358,793,0.06259505450725555,0.8572665452957153,0.07301702350378036,0.8565678596496582,0.9735193252563477,0.7953846153846152,0.9415384615384615,0.9247000174377487,0.8378960282124712,1.1035975661687538,25.0,0.0,mcf7+TNFA_CSF1,mcf7+TNFA,CSF1,True,False,2
mcf7+TNFA_MTOR,0.05100875,0.24721326,0.20633501,0.9820501,0.8902792,0.8712843873125486,0.7804348636432177,0.9858528778025526,0.9295275650511882,1.060595634674118,3350,772,0.0869150161743164,0.9419543743133545,0.09227094054222107,0.9148622751235962,0.9510977268218994,0.8923076923076924,0.9538461538461538,0.9519726534753127,0.847987357878703,1.1226259974638488,24.0,1.0,mcf7+TNFA_MTOR,mcf7+TNFA,MTOR,True,False,2
a549+IFNB_FOS,0.021507526,0.38985088,0.055168595,0.9933931,0.9720731,0.8552713249082207,0.8654112772140609,0.9949124395280623,0.9031175059886897,1.1016422923159706,3566,707,,,,,,,,,,,,,a549+IFNB_FOS,a549+IFNB,FOS,True,False,3
a549+IFNB_SP110,0.031430412,0.3957129,0.07942731,0.9910331,0.9618877,0.8425070953361827,0.8530872250648677,0.992947720973977,0.8952095056974659,1.1091791526502641,3497,762,0.21018150448799133,0.47740137577056885,0.4402616322040558,0.884374737739563,0.9161988496780396,0.8455472362604842,0.7884615384615384,0.9283356318027896,0.6971606550158027,1.3315949847768542,16.0,9.0,a549+IFNB_SP110,a549+IFNB,SP110,True,False,3
a549+IFNG_CUL1,0.026596557,0.36425987,0.07301534,0.9914217,0.9635284,0.8499370526989775,0.8472445522320212,0.9933827412991271,0.9049914976736011,1.0976708000602737,3417,722,0.47460195422172546,0.7846919894218445,0.6048257946968079,0.7888646125793457,0.63996422290802,0.5472527472527472,0.2571428571428571,0.9017385973718313,0.8268344116248973,1.0905915195277516,11.0,3.0,a549+IFNG_CUL1,a549+IFNG,CUL1,True,False,3
a549+IFNG_IFNGR2,0.02026668,0.35082138,0.057769228,0.9946275,0.9734329,0.8496653585126225,0.8589595463837637,0.9957548678676963,0.915770929597554,1.0873405517527097,3483,718,0.1930757462978363,1.2838525772094727,0.15038777887821198,0.9563906788825989,0.9187737107276917,0.9123076923076923,0.8961538461538462,0.9810780002160234,0.8631987419826821,1.1365609708403703,20.0,5.0,a549+IFNG_IFNGR2,a549+IFNG,IFNGR2,True,False,3
a549+IFNG_PPARG,0.080344744,0.37475446,0.21439303,0.9821633,0.90875566,0.8264327642118147,0.7660327057217934,0.9851937620632236,0.8857036508906272,1.1123288936119358,3241,813,0.5433666110038757,1.4894541501998901,0.36480921506881714,0.9439459443092346,0.9311379790306091,0.7983066260796171,0.9230769230769231,0.9408473530796354,0.6722578235998972,1.399533512368006,15.0,10.0,a549+IFNG_PPARG,a549+IFNG,PPARG,True,False,3
a549+IFNG_SP110,0.036673896,0.369348,0.09929361,0.9899408,0.95453864,0.849316253992978,0.8364655193233032,0.991905364928097,0.8982931111894047,1.1042112564068791,3345,745,0.25135451555252075,0.73209547996521,0.34333568811416626,0.8139883875846863,0.9287923574447632,0.563076923076923,0.8646153846153846,0.9167266151920471,0.8080836270180869,1.1344452288618496,19.0,6.0,a549+IFNG_SP110,a549+IFNG,SP110,True,False,3
a549+INS_RPS6KB1,0.021392282,0.3220687,0.06642149,0.9936707,0.9670291,0.8425551132127634,0.8475095115806486,0.9951064312584912,0.9224356838518233,1.0787813705376357,3446,740,,,,,,,,,,,,,a549+INS_RPS6KB1,a549+INS,RPS6KB1,True,False,3
a549+INS_SP1,0.040083297,0.32600963,0.12295126,0.9889946,0.94032747,0.7817265428387767,0.8097519889952797,0.9913716705447297,0.9207240532423666,1.076730500363898,3411,743,0.056251268833875656,1.1519427299499512,0.04883165284991264,,,,,,,,1.0,0.0,a549+INS_SP1,a549+INS,SP1,True,False,3
a549+TGFB_RPS6KB1,0.008702562,0.35556552,0.02447527,0.99751985,0.9884179,0.8526300541152028,0.8968138608507322,0.9980707620547004,0.9133435478126206,1.0927659854224558,3598,646,,,,,,,,,,,,,a549+TGFB_RPS6KB1,a549+TGFB,RPS6KB1,True,False,3
a549+TGFB_SP1,0.015165833,0.35752204,0.042419296,0.9958378,0.9800998,0.7947002120184206,0.869775998067302,0.9967086597846286,0.9107378008122724,1.0943969371817885,3521,674,,,,,,,,,,,,,a549+TGFB_SP1,a549+TGFB,SP1,True,False,3
bxpc3+IFNB_FOS,0.027981441,0.34308416,0.08155853,0.9926617,0.964169,0.8758815157507268,0.824989889648222,0.9941147608268511,0.9099324553183366,1.0925148949424643,3189,749,0.07461569458246231,0.5660271644592285,0.13182352483272552,0.5658599734306335,0.9789420962333679,0.5577995871600101,0.8992307692307692,0.9020420834891675,0.5759289514231872,1.5662384765692312,17.0,8.0,bxpc3+IFNB_FOS,bxpc3+IFNB,FOS,True,False,3
bxpc3+IFNB_SP110,0.015579142,0.35034248,0.04446832,0.9953723,0.9779176,0.8855143798592312,0.8754810269976937,0.9965083226361755,0.914115851219688,1.0901335113121087,3431,658,0.07515499740839005,0.24049784243106842,0.3124975860118866,0.9497520923614502,0.9423565864562988,0.8715384615384615,0.81,0.9587081809120649,0.49336510104876574,1.943202263139612,16.0,9.0,bxpc3+IFNB_SP110,bxpc3+IFNB,SP110,True,False,3
bxpc3+INS_FOS,0.020411342,0.27746245,0.07356434,0.9936149,0.9633373,0.9035741021685947,0.8337851816806616,0.9951274244291842,0.931236574926429,1.068608612701668,3527,814,0.05091800540685654,0.10994940996170044,0.4631039500236511,-0.02167684957385063,0.7010254263877869,0.14923076923076922,0.7407692307692308,0.45423912684639167,0.6101979337154048,0.7444127581366868,18.0,7.0,bxpc3+INS_FOS,bxpc3+INS,FOS,True,False,3
bxpc3+INS_RPS6KB1,0.015130788,0.27953842,0.054127757,0.9954618,0.973964,0.8987072929137158,0.8731625071838958,0.9965625231338043,0.9323160427176389,1.0689106241579747,3721,749,0.09639797359704971,0.12250003963708878,0.7869219779968262,0.9726487994194031,0.8066401481628418,0.3,0.8999999999999998,0.9659445751902059,0.7321168402705566,1.3193858166590424,5.0,0.0,bxpc3+INS_RPS6KB1,bxpc3+INS,RPS6KB1,True,False,3
bxpc3+INS_SP1,0.031558715,0.2830665,0.11148869,0.9913472,0.947469,0.8448969149578159,0.8020904648006619,0.9933611950836743,0.9314080584387949,1.0665155686420877,3523,845,0.031105805188417435,0.14099985361099243,0.22060877084732056,0.9169337153434753,0.8828311562538147,0.4955752579221265,0.8823076923076922,0.9264121445952983,0.5609206819186838,1.6515920600866691,19.0,6.0,bxpc3+INS_SP1,bxpc3+INS,SP1,True,False,3
bxpc3+INS_SREBF2,0.011258557,0.28069615,0.04010941,0.9964847,0.98021847,0.9013913905246047,0.890984969909798,0.9973386187020618,0.9313562859554483,1.0708454259037123,3814,715,0.17015250027179718,0.11319875717163086,1.5031304359436035,0.2474612295627594,0.41067400574684143,-0.03333333333333333,0.45,0.5239309068175851,0.5138038540420384,1.0197099587632095,6.0,3.0,bxpc3+INS_SREBF2,bxpc3+INS,SREBF2,True,False,3
bxpc3+TGFB_FOS,0.034611814,0.25940016,0.1334302,0.98968315,0.9369715,0.8514490002767836,0.7769254432698626,0.9916740565917982,0.9298516956675879,1.0664862592736628,2997,811,0.39401012659072876,0.24715299904346466,1.5941952466964722,0.4412270784378052,-0.028434373438358307,0.22360679774997896,-0.49999999999999994,0.6989504262726222,0.7901197177206731,0.8846133194713138,2.0,3.0,bxpc3+TGFB_FOS,bxpc3+TGFB,FOS,True,False,3
bxpc3+TGFB_SP1,0.036262386,0.25972176,0.13962013,0.9894067,0.9313061,0.8180620333790191,0.7946293217814991,0.9918330254125951,0.9345967452302376,1.0612416857585538,3151,729,,,,,,,,,,,,,bxpc3+TGFB_SP1,bxpc3+TGFB,SP1,True,False,3
hap1+IFNB_FOS,0.018189702,0.34311014,0.053014178,0.99407697,0.9737153,0.8756063501917195,0.8730003320045118,0.9953920362629587,0.9088848420388704,1.0951794883387314,3500,681,0.09698249399662018,0.751658022403717,0.12902475893497467,0.9838811159133911,0.830344557762146,0.7,0.39999999999999997,0.9873121768520962,0.9041546281473177,1.0919727070082854,4.0,1.0,hap1+IFNB_FOS,hap1+IFNB,FOS,True,False,3
hap1+IFNB_SP110,0.016771413,0.33838716,0.049562793,0.9946093,0.9758897,0.8688022489818149,0.8734303294389276,0.9957472484027297,0.9087051917223162,1.0957869036881347,3470,677,0.07521531730890274,0.43982481956481934,0.17101198434829712,0.9221388101577759,0.9438886046409607,0.6738461538461539,0.9030769230769231,0.9528472395584121,0.528479355850045,1.8029980339076492,16.0,9.0,hap1+IFNB_SP110,hap1+IFNB,SP110,True,False,3
hap1+IFNG_CUL1,0.12976965,0.38218406,0.33954754,0.9691445,0.830758,0.7664066642335804,0.6563557234011891,0.9733197784781191,0.8811122609172461,1.1046490006448033,3008,910,0.9039668440818787,1.9661275148391724,0.45977020263671875,0.7569824457168579,0.866182267665863,0.6429865564338846,0.8492307692307692,0.9178875911580524,0.8086465510898286,1.1350912087870746,16.0,9.0,hap1+IFNG_CUL1,hap1+IFNG,CUL1,True,False,3
hap1+IFNG_PPARG,0.10653958,0.37408555,0.28480002,0.97704864,0.8684375,0.7888113701677841,0.6603066331414287,0.9805420092638989,0.8798311114751962,1.1144661702401528,3031,986,0.7823020219802856,2.88664174079895,0.2710076570510864,0.5822398066520691,0.9361687898635864,0.5576923076923077,0.9061538461538461,0.9187113068314099,0.8167378787192664,1.1248545350584802,16.0,9.0,hap1+IFNG_PPARG,hap1+IFNG,PPARG,True,False,3
hap1+INS_RPS6KB1,0.011623199,0.3628072,0.03203685,0.9962424,0.98474544,0.8585657693673813,0.8906507912880074,0.9970527579721661,0.8999338297732714,1.1079178546086692,3559,614,0.021575715392827988,0.6490203738212585,0.033243510872125626,0.8143845796585083,0.9906549453735352,0.5858819112032382,0.9638461538461539,0.8891098951436133,0.46861586382784015,1.897310705363261,15.0,10.0,hap1+INS_RPS6KB1,hap1+INS,RPS6KB1,True,False,3
hap1+INS_SP1,0.031659193,0.35803,0.08842609,0.9904903,0.95769453,0.7897044600310141,0.8491328056233878,0.9924664436650648,0.9023190140357552,1.0999063836925167,3462,734,0.01445122342556715,0.10553637146949768,0.13693121075630188,0.33520933985710144,0.9422228932380676,0.4758607512530568,0.9053846153846155,0.7553707121188997,0.5581315106699819,1.353391983212257,17.0,8.0,hap1+INS_SP1,hap1+INS,SP1,True,False,3
hap1+INS_SREBF2,0.010412625,0.3643382,0.02857956,0.99691314,0.98711324,0.864648783549241,0.903440458885604,0.9975745044788195,0.9026971703665414,1.1051042777432802,3685,626,0.0003915968118235469,0.005971030797809362,0.06558278203010559,,,,,,,,1.0,0.0,hap1+INS_SREBF2,hap1+INS,SREBF2,True,False,3
hap1+TGFB_CUL1,0.1036998,0.2741908,0.37820306,0.9760228,0.8258484,0.794001257585915,0.5948795277939557,0.9792313426997562,0.91123002822962,1.0746258489771812,2788,1118,0.34233397245407104,1.1836061477661133,0.2892296314239502,0.6504382491111755,0.9516846537590027,0.6089466124737258,0.8753846153846153,0.826128946941434,0.6740435111265339,1.225631481209156,15.0,10.0,hap1+TGFB_CUL1,hap1+TGFB,CUL1,True,False,3
hap1+TGFB_FOS,0.011603674,0.23168793,0.050083205,0.9961274,0.9747885,0.8724752691840587,0.8640622097351641,0.9969997329568675,0.9378447341996224,1.0630754714507507,3397,662,0.034703269600868225,0.17629067599773407,0.19685254991054535,1.0,1.0,0.9999999999999999,0.9999999999999999,0.996070348176241,0.999938045212615,0.9961320633264318,1.0,1.0,hap1+TGFB_FOS,hap1+TGFB,FOS,True,False,3
hap1+TGFB_RPS6KB1,0.0130002685,0.23655528,0.054956578,0.995834,0.9733603,0.8454054055141885,0.8627608190200312,0.9967470280160312,0.9353935108100103,1.0655911298260894,3366,639,0.036618672311306,0.3974207639694214,0.0921408161520958,0.6703466773033142,0.9721115231513977,0.7885375494071146,0.9604743083003953,0.9126325185353977,0.7268872401106187,1.2555352029518527,17.0,6.0,hap1+TGFB_RPS6KB1,hap1+TGFB,RPS6KB1,True,False,3
hap1+TNFA_FOS,0.011257416,0.4011476,0.028063025,0.9962158,0.9858152,0.8630652652370285,0.9011564276395865,0.9970522664014586,0.8912071781948111,1.1187659736101347,3581,620,,,,,,,,,,,,,hap1+TNFA_FOS,hap1+TNFA,FOS,True,False,3
ht29+IFNB_SP110,0.015097726,0.25094867,0.060162608,0.9951665,0.9699787,0.8456499681093573,0.8644445274094849,0.9962034162683912,0.9325816069588072,1.068221171031946,3480,690,0.04154031723737717,0.3172147870063782,0.13095328211784363,0.879155158996582,0.9695614576339722,0.6830769230769231,0.9623076923076924,0.8729159674548437,0.7062015230511759,1.236072054451781,17.0,8.0,ht29+IFNB_SP110,ht29+IFNB,SP110,True,False,3
ht29+IFNG_ATF3,0.2528397,0.26341954,0.9598366,0.91319263,0.21485303,0.8363616604580011,0.15360664631660725,0.9323517127857603,0.928902793273285,1.003712896050535,2358,1779,0.31677523255348206,0.118564173579216,2.6717617511749268,1.0,-1.0,0.9999999999999999,-0.9999999999999999,0.9016016804959374,0.9607606739833527,0.9384248386831449,0.0,2.0,ht29+IFNG_ATF3,ht29+IFNG,ATF3,False,True,3
ht29+IFNG_ATF5,0.24591492,0.26408058,0.93121165,0.9143013,0.25451002,0.8184260899854107,0.24014114466070507,0.9328932897339719,0.9277658701434147,1.0055266309696913,2541,1554,0.28860893845558167,0.2473500669002533,1.1668035984039307,-0.02710743620991707,-0.36077797412872314,0.1926877470355731,-0.00691699604743083,0.6131467489137217,0.6801453753991822,0.9014936675175678,13.0,10.0,ht29+IFNG_ATF5,ht29+IFNG,ATF5,False,True,3
ht29+IFNG_BATF2,0.25200978,0.26014757,0.9687185,0.91300184,0.18275578,0.8359198310020216,0.15856104801690607,0.9321339709686821,0.9297031009492775,1.0026146734553456,2400,1743,,,,,,,,,,,,,ht29+IFNG_BATF2,ht29+IFNG,BATF2,False,True,3
ht29+IFNG_CEBPB,0.24936612,0.26456356,0.94255656,0.9138919,0.23817965,0.8249438232701649,0.25829040442459084,0.9326072128631957,0.928303055156016,1.004636586816421,2589,1508,0.3988645672798157,0.4580405354499817,0.8708062767982483,0.27980685234069824,0.30875295400619507,0.2323076923076923,0.3830769230769231,0.6683655751438586,0.6098143834498209,1.0960147764354196,18.0,7.0,ht29+IFNG_CEBPB,ht29+IFNG,CEBPB,False,True,3
ht29+IFNG_CEBPE,0.25364462,0.26549152,0.95537746,0.9123877,0.2126233,0.8262574005275919,0.18539385850496717,0.9316021556069013,0.9281091580607164,1.0037635632790043,2435,1704,,,,,,,,,,,,,ht29+IFNG_CEBPE,ht29+IFNG,CEBPE,False,True,3
ht29+IFNG_CLK1,0.26573476,0.2769088,0.9596473,0.9093082,0.23772275,0.7614990938817584,0.33997322309264,0.9280961186772918,0.9213817965299724,1.0072872311701906,2776,1293,0.8114286065101624,1.2889987230300903,0.6295030117034912,0.3915817141532898,0.6080989837646484,0.19615384615384615,0.6915384615384614,0.7548804827955471,0.7659083770182742,0.9856015490186185,22.0,3.0,ht29+IFNG_CLK1,ht29+IFNG,CLK1,False,True,3
ht29+IFNG_CUL1,0.26439497,0.27558887,0.9593819,0.9032272,0.1868573,0.7866714043645853,0.2248315921275483,0.9218503582045355,0.9187785108072187,1.0033434036181559,2469,1587,0.8836675882339478,0.9029890298843384,0.9786027669906616,0.3558114469051361,0.09795374423265457,0.28824716318886306,-0.023846153846153843,0.7026289455638847,0.7232219204949321,0.9715260636500692,13.0,12.0,ht29+IFNG_CUL1,ht29+IFNG,CUL1,False,False,3
ht29+IFNG_EHF,0.24523659,0.2640591,0.92871857,0.9146058,0.2559877,0.8096114806267065,0.26485475206866904,0.9331509972746026,0.9278234449092564,1.0057419893780193,2604,1496,0.2559608221054077,0.3776024281978607,0.6778579950332642,0.04341316968202591,0.6121916770935059,0.09980750703999404,0.6446153846153846,0.6089002490183862,0.5828527561304564,1.04468966237864,17.0,8.0,ht29+IFNG_EHF,ht29+IFNG,EHF,False,True,3
ht29+IFNG_ETV7,0.2518399,0.25966695,0.9698574,0.91394913,0.19678694,0.8409107749700991,0.13609693673380277,0.9329519563723128,0.9302605252383336,1.002893201485992,2330,1810,0.008930726908147335,0.0049196043983101845,1.8153343200683594,,,,,,,,0.0,1.0,ht29+IFNG_ETV7,ht29+IFNG,ETV7,False,True,3
ht29+IFNG_FBXO6,0.24571906,0.26117602,0.94081783,0.9150367,0.24170196,0.828554331244254,0.21763590121657955,0.9337359610659565,0.9292799566300686,1.0047951151900953,2497,1638,,,,,,,,,,,,,ht29+IFNG_FBXO6,ht29+IFNG,FBXO6,False,True,3
ht29+IFNG_FMNL2,0.24822462,0.263911,0.94056183,0.91414,0.24053033,0.8226353120292077,0.2183119329822376,0.9328695406151646,0.9283755956078877,1.004840653964341,2490,1623,0.5349888205528259,1.0976682901382446,0.4873866140842438,0.8172814846038818,0.9861186742782593,0.5,1.0,0.936357568311501,0.9078745037852396,1.031373349959169,2.0,1.0,ht29+IFNG_FMNL2,ht29+IFNG,FMNL2,False,True,3
ht29+IFNG_FOXN3,0.25339815,0.25949395,0.9765089,0.9133762,0.18282929,0.8340369834664406,0.12988365710044675,0.9324850681606668,0.9302124065223779,1.002443164187398,2347,1817,,,,,,,,,,,,,ht29+IFNG_FOXN3,ht29+IFNG,FOXN3,False,True,3
ht29+IFNG_GUK1,0.24553671,0.2633677,0.9322962,0.9149418,0.25515825,0.8179308679222753,0.23127678656657766,0.9335179278082517,0.9284992704201793,1.0054051279822775,2520,1588,0.5235332250595093,0.7773224115371704,0.6735084652900696,-0.07493174076080322,0.5251818895339966,0.49999999999999994,0.19999999999999998,0.5162443376297795,0.4447536129823303,1.160742313408232,4.0,1.0,ht29+IFNG_GUK1,ht29+IFNG,GUK1,False,True,3
ht29+IFNG_HLA-DQB1,0.24624941,0.26344335,0.9347338,0.9149057,0.25433874,0.8213619285918846,0.21529372183770262,0.9332889358461761,0.9283044466022866,1.0053694553140764,2480,1642,1.1172521114349365,1.03618323802948,1.0782380104064941,0.7274418473243713,-0.29314717650413513,1.0,0.0,0.8849773386659282,0.8666535157603911,1.0211431934127215,3.0,1.0,ht29+IFNG_HLA-DQB1,ht29+IFNG,HLA-DQB1,False,True,3
ht29+IFNG_HLX,0.2494846,0.2826818,0.88256335,0.9086077,0.30812323,0.7777199098325938,0.3744960601138967,0.9269086878656723,0.9181047184757729,1.0095892867259364,2773,1284,0.8114588260650635,1.0655524730682373,0.7615381479263306,0.13880109786987305,0.37298786640167236,0.07386035912739444,0.45692307692307693,0.6915010625316007,0.700009358520008,0.9878454539430788,21.0,4.0,ht29+IFNG_HLX,ht29+IFNG,HLX,False,True,3
ht29+IFNG_IFI16,0.23354043,0.28452194,0.82081693,0.9050816,0.3578199,0.7625920990469728,0.4846247141523178,0.9228891884596132,0.912436895437728,1.0114553598984737,3009,1036,1.2753499746322632,1.6913058757781982,0.754062294960022,0.04484466835856438,0.46382638812065125,0.1489941809024927,0.5423076923076924,0.6280488223713793,0.6463930386782866,0.9716206468677065,18.0,7.0,ht29+IFNG_IFI16,ht29+IFNG,IFI16,False,True,3
ht29+IFNG_IFNGR1,0.24276274,0.24380244,0.99573547,0.91566825,0.0934122,0.8352413651672368,0.1858360361732004,0.9346512297002688,0.9343628467327187,1.0003086413041342,2499,1646,1.2369738817214966,1.068406343460083,1.1577746868133545,0.721439778804779,0.09968790411949158,0.6376923076923077,0.15307692307692308,0.898943167238872,0.9112156633422371,0.9865317327202751,8.0,17.0,ht29+IFNG_IFNGR1,ht29+IFNG,IFNGR1,False,True,3
ht29+IFNG_IFNGR2,0.23658784,0.2400427,0.98560727,0.9181938,0.124229655,0.8402975636561582,0.211691854839151,0.9368343564992322,0.9358395347835005,1.0010630259555788,2582,1635,1.4921462535858154,1.2046583890914917,1.2386467456817627,0.5441985130310059,-0.2934439778327942,0.6192307692307693,-0.31999999999999995,0.8778534138403576,0.9048834049034643,0.9701287581177486,8.0,17.0,ht29+IFNG_IFNGR2,ht29+IFNG,IFNGR2,False,False,3
ht29+IFNG_IRF1,0.25059816,0.255237,0.9818253,0.913594,0.1415303,0.8525989765785373,0.13742771271366602,0.9329575624242913,0.9316581315368656,1.0013947507604342,2410,1808,,,,,,,,,,,,,ht29+IFNG_IRF1,ht29+IFNG,IRF1,False,True,3
ht29+IFNG_IRF2,0.24981831,0.27292186,0.9153474,0.911738,0.26649064,0.7978997064245953,0.31522575082297066,0.9301082312514284,0.9233766868845081,1.0072901389676976,2682,1380,0.6229773163795471,0.8759231567382812,0.7112237215042114,0.299494206905365,0.5520310401916504,0.3327563054437302,0.6307692307692307,0.57080644681227,0.5679301724441705,1.0050644859309394,21.0,4.0,ht29+IFNG_IRF2,ht29+IFNG,IRF2,False,True,3
ht29+IFNG_IRF5,0.24909227,0.26018012,0.95738393,0.91426766,0.21074831,0.8327374351257466,0.17567428261409757,0.9333319010869642,0.930042866319095,1.00353643352041,2399,1735,,,,,,,,,,,,,ht29+IFNG_IRF5,ht29+IFNG,IRF5,False,True,3
ht29+IFNG_IRF7,0.2545143,0.26150224,0.97327775,0.9118735,0.15978125,0.8368404913694434,0.17632513531869692,0.9312480287313013,0.9292794026515899,1.0021184436823782,2448,1688,0.002500449772924185,0.0038337064906954765,0.6522277593612671,,,,,,,,1.0,0.0,ht29+IFNG_IRF7,ht29+IFNG,IRF7,False,True,3
ht29+IFNG_IRF9,0.2505745,0.26453874,0.9472129,0.9105258,0.1993027,0.8033741349114936,0.3013645258431343,0.9293676777700849,0.9255253353634199,1.004151525906264,2674,1398,1.2519606351852417,1.5012307167053223,0.8339561820030212,0.18210773169994354,0.38376715779304504,0.28082324043228096,0.4130769230769231,0.4712360955495565,0.3982572553018797,1.1832454758228037,22.0,3.0,ht29+IFNG_IRF9,ht29+IFNG,IRF9,False,True,3
ht29+IFNG_JAK1,0.24481514,0.24276547,1.008443,0.91535556,0.06287132,0.841309738073501,0.13418943128778466,0.9344560348271915,0.9349647122219644,0.9994559394722352,2397,1774,0.5255079865455627,0.4760728180408478,1.1038395166397095,0.15876474976539612,-0.1262645572423935,0.3546153846153846,0.049999999999999996,0.6674001236313826,0.7046871957309687,0.9470870588745288,11.0,14.0,ht29+IFNG_JAK1,ht29+IFNG,JAK1,False,True,3
ht29+IFNG_JAK2,0.24240981,0.24179614,1.002538,0.91615736,0.08235611,0.8428823735437517,0.1441866100264014,0.9349993045983618,0.935036382839049,0.9999603456706415,2382,1771,1.3579541444778442,1.4173197746276855,0.9581141471862793,0.5707371234893799,0.06792299449443817,0.5215384615384615,0.04692307692307692,0.8806949044070401,0.8765987029679247,1.0046728353866448,17.0,8.0,ht29+IFNG_JAK2,ht29+IFNG,JAK2,False,True,3
ht29+IFNG_JUN,0.25787508,0.26658687,0.96732104,0.9102468,0.18072018,0.8309161429410868,0.1668962137666146,0.9295876028902901,0.9270382270171617,1.0027500223818508,2399,1714,0.2856138050556183,0.2897302806377411,0.9857920408248901,0.2119065672159195,-0.03927665948867798,0.24705940986539607,-0.10695652173913042,0.5382344041554068,0.5203640547582268,1.0343420135072223,17.0,7.0,ht29+IFNG_JUN,ht29+IFNG,JUN,False,True,3
ht29+IFNG_KIN,0.22232476,0.27068076,0.82135415,0.90932894,0.35098088,0.7515646273723348,0.4443384612322065,0.9265749716064328,0.916685415022179,1.0107883865306337,2904,1131,1.0380815267562866,1.5025821924209595,0.6908650398254395,0.30113017559051514,0.47774258255958557,0.2147019710106918,0.5269230769230769,0.6878244018116507,0.7392366035419822,0.9304523051429072,20.0,5.0,ht29+IFNG_KIN,ht29+IFNG,KIN,False,True,3
ht29+IFNG_KLF4,0.2454195,0.26114556,0.9397805,0.9145312,0.2355439,0.8201551230333974,0.2317143519135696,0.9331058592860948,0.9286796661102605,1.0047661140190278,2548,1552,0.31904956698417664,0.5167607665061951,0.6174028515815735,0.36150607466697693,0.7529413104057312,0.43873517786561267,0.8033596837944664,0.7308098464595401,0.7347810243853542,0.9945954266726797,21.0,2.0,ht29+IFNG_KLF4,ht29+IFNG,KLF4,False,True,3
ht29+IFNG_MAFB,0.2458469,0.2615654,0.93990606,0.9150616,0.24987859,0.8298976342709197,0.17998231517459098,0.9334326382873017,0.9289192714718867,1.0048587287981048,2355,1762,,,,,,,,,,,,,ht29+IFNG_MAFB,ht29+IFNG,MAFB,False,False,3
ht29+IFNG_MAFF,0.25097716,0.26428297,0.94965315,0.91401684,0.2301315,0.8315435248752983,0.16331420415301526,0.9330889264746738,0.9291737073256331,1.0042136568417435,2356,1790,,,,,,,,,,,,,ht29+IFNG_MAFF,ht29+IFNG,MAFF,False,True,3
ht29+IFNG_MCRS1,0.24908106,0.2906424,0.8570018,0.9031211,0.3256664,0.7390694782685484,0.45408626599686913,0.9217308380507764,0.9116481783761741,1.011059814425957,2979,1070,0.8079506754875183,1.5185972452163696,0.5320374965667725,0.1230340301990509,0.6162732839584351,0.23926061774308494,0.6000000000000001,0.69303369149649,0.7159567144198761,0.9679826692568138,23.0,2.0,ht29+IFNG_MCRS1,ht29+IFNG,MCRS1,False,True,3
ht29+IFNG_MYC,0.25761768,0.26379538,0.9765815,0.9110381,0.15522318,0.8371717064977313,0.154869633186275,0.930528107767076,0.9287447746853656,1.0019201540943414,2390,1727,,,,,,,,,,,,,ht29+IFNG_MYC,ht29+IFNG,MYC,False,True,3
ht29+IFNG_NFKB1,0.25750375,0.27480078,0.9370561,0.90689504,0.23062447,0.7965953187756049,0.2906289272122419,0.9254680891808722,0.920969758484276,1.004884341375117,2639,1417,0.793132483959198,0.8996322154998779,0.8816185593605042,0.5127110481262207,0.19120174646377563,0.15502981629343726,0.21923076923076923,0.62778375448997,0.6107076085549015,1.0279612464227772,20.0,5.0,ht29+IFNG_NFKB1,ht29+IFNG,NFKB1,False,True,3
ht29+IFNG_PARP12,0.2492607,0.25802153,0.9660461,0.9143329,0.18878308,0.8492966215858831,0.16512438770565094,0.9334534126421472,0.9309687873518865,1.0026688599274398,2443,1750,0.8249567747116089,0.06004457175731659,13.739073753356934,,,,,,,,0.0,1.0,ht29+IFNG_PARP12,ht29+IFNG,PARP12,False,True,3
ht29+IFNG_PIK3CA,0.25596315,0.26618904,0.9615841,0.9109349,0.1876934,0.8265568149216426,0.24186783028110345,0.9303009551587883,0.9274334564606269,1.0030918646272529,2557,1542,0.5399085879325867,0.5590293407440186,0.9657965302467346,-0.06497671455144882,0.009557388722896576,0.46882230981917733,-0.04384615384615385,0.2958141111902082,0.3251481747502758,0.9097824750743345,16.0,9.0,ht29+IFNG_PIK3CA,ht29+IFNG,PIK3CA,False,True,3
ht29+IFNG_PLEK,0.2488147,0.26197943,0.949749,0.9143658,0.22782561,0.8290538752476015,0.17813324757690682,0.9331056770067743,0.9292229578590377,1.0041784580491666,2432,1709,,,,,,,,,,,,,ht29+IFNG_PLEK,ht29+IFNG,PLEK,False,True,3
ht29+IFNG_PPARG,0.27340484,0.2821231,0.9690977,0.900673,0.17587562,0.7834076584473565,0.21682218541995843,0.9190580091382867,0.9148116753047292,1.0046417573673216,2432,1614,1.433806300163269,1.2827218770980835,1.1177842617034912,-0.00580168329179287,-0.01433115266263485,0.015170159951379311,-0.0876923076923077,0.6248313015529303,0.6334545250446977,0.9863869888826527,10.0,15.0,ht29+IFNG_PPARG,ht29+IFNG,PPARG,False,False,3
ht29+IFNG_PRDM1,0.25170377,0.2625981,0.9585133,0.91415405,0.22105479,0.8388023185317024,0.14977763756712495,0.9329966932453446,0.9293768612294743,1.0038949022370556,2352,1802,,,,,,,,,,,,,ht29+IFNG_PRDM1,ht29+IFNG,PRDM1,False,True,3
ht29+IFNG_PTGES3,0.25303984,0.27121666,0.9329804,0.9107114,0.24201995,0.8043973413730636,0.25857176800907095,0.9295136124137855,0.9244559281513216,1.0054709847256624,2576,1506,1.1892797946929932,1.2841328382492065,0.9261345267295837,-0.04790882766246796,0.2077665627002716,0.1392307692307692,0.16846153846153847,0.4836201020023816,0.49134004047855717,0.9842879923470994,16.0,9.0,ht29+IFNG_PTGES3,ht29+IFNG,PTGES3,False,True,3
ht29+IFNG_PTPN11,0.24641143,0.2569929,0.95882577,0.91591036,0.2200012,0.8417018099625592,0.15198385306579676,0.9347801405368386,0.9313991533935749,1.0036300088216152,2407,1809,,,,,,,,,,,,,ht29+IFNG_PTPN11,ht29+IFNG,PTPN11,False,True,3
ht29+IFNG_RARRES3,0.24350175,0.26368076,0.92347187,0.9129189,0.250503,0.7802694740236124,0.3369478501863117,0.9310097895195504,0.9248679424307311,1.0066407827615662,2762,1314,0.5900444984436035,0.7967339158058167,0.7405791282653809,0.1925317943096161,0.43438366055488586,0.30929025384596426,0.4084615384615385,0.704492912771689,0.7085367527293853,0.9942926884990526,21.0,4.0,ht29+IFNG_RARRES3,ht29+IFNG,RARRES3,False,True,3
ht29+IFNG_RFX5,0.24433096,0.26053423,0.9378075,0.91506726,0.23920229,0.8106503630531852,0.23685104015019892,0.9333355489939558,0.9287728635520816,1.0049125955558438,2534,1569,0.26811105012893677,0.31641972064971924,0.8473272323608398,0.4824862778186798,0.409514844417572,0.1476923076923077,0.4584615384615385,0.6436951467023014,0.5851206432053553,1.1001067116279961,14.0,11.0,ht29+IFNG_RFX5,ht29+IFNG,RFX5,False,True,3
ht29+IFNG_RNF14,0.24340908,0.2572456,0.9462128,0.91608924,0.23443039,0.8342224741264193,0.1944421104239868,0.9346726599882794,0.9306559464880588,1.0043160026166256,2477,1680,,,,,,,,,,,,,ht29+IFNG_RNF14,ht29+IFNG,RNF14,False,True,3
ht29+IFNG_RUNX1,0.25277334,0.25821427,0.9789287,0.9133462,0.16071501,0.8466023674870141,0.11733905982587747,0.9326237910657096,0.9309057587570776,1.001845549125108,2324,1869,,,,,,,,,,,,,ht29+IFNG_RUNX1,ht29+IFNG,RUNX1,False,True,3
ht29+IFNG_SOX2,0.30499348,0.3149083,0.9685152,0.8876485,0.17164178,0.7349910179602378,0.2160956201629766,0.9059456772822231,0.900907762555933,1.0055920427547402,2287,1603,1.4288825988769531,1.4719456434249878,0.9707441329956055,0.33812668919563293,0.21839147806167603,0.28306925853614895,0.21384615384615382,0.3527307066094547,0.33691028160510905,1.0469573826271312,15.0,10.0,ht29+IFNG_SOX2,ht29+IFNG,SOX2,False,False,3
ht29+IFNG_SP100,0.25325844,0.26158983,0.968151,0.9128793,0.1808863,0.8407078513743669,0.16790454646796862,0.932280902430062,0.9299342425524332,1.002523468617725,2454,1707,1.5110148191452026,0.6115849018096924,2.470654249191284,0.8348968625068665,-0.627583384513855,1.0,-0.5,0.8966200450982542,0.9205293573688179,0.9740265619133489,1.0,2.0,ht29+IFNG_SP100,ht29+IFNG,SP100,False,True,3
ht29+IFNG_SP110,0.27012783,0.2745658,0.9838365,0.9020827,0.14461032,0.7910821755219664,0.18631863448842437,0.9206073656169275,0.917652892172635,1.0032195980304681,2355,1706,1.6197237968444824,1.471376657485962,1.1008219718933105,0.24900630116462708,-0.03851962834596634,0.22153846153846157,-0.12461538461538461,0.784516536212216,0.7912485967255014,0.9914918515607543,9.0,16.0,ht29+IFNG_SP110,ht29+IFNG,SP110,False,False,3
ht29+IFNG_SRC,0.24898796,0.26578197,0.9368128,0.91394484,0.24694842,0.8219471785242355,0.20553280507823915,0.9328466224866765,0.9281334467081198,1.0050781229738819,2494,1615,0.03363361582159996,0.02984803169965744,1.1268285512924194,1.0,-1.0,0.9999999999999999,-0.9999999999999999,0.9928799731480922,0.9997621597601642,0.9931161761376095,1.0,1.0,ht29+IFNG_SRC,ht29+IFNG,SRC,False,True,3
ht29+IFNG_STAT1,0.2433581,0.24148658,1.00775,0.9158563,0.064112365,0.844641336087003,0.12235051017032289,0.9349256118649877,0.9354462701334013,0.9994434118932994,2403,1829,0.3174433708190918,0.2901599109172821,1.0940290689468384,0.841156542301178,0.06755511462688446,0.5923076923076923,0.11384615384615385,0.8748637130393794,0.891889289165096,0.980910661970552,10.0,15.0,ht29+IFNG_STAT1,ht29+IFNG,STAT1,False,True,3
ht29+IFNG_STAT2,0.26145524,0.2648733,0.9870955,0.90784335,0.09865086,0.8104126816967357,0.2379526075180912,0.9274322777505998,0.9265801291481056,1.0009196707070307,2600,1481,0.5627834796905518,0.7172461152076721,0.7846448421478271,0.5272527933120728,0.5119418501853943,0.4570109721007531,0.6030769230769231,0.6832735369736671,0.674395753599133,1.013164055863571,21.0,4.0,ht29+IFNG_STAT2,ht29+IFNG,STAT2,False,True,3
ht29+IFNG_STAT3,0.2544438,0.2632731,0.9664633,0.9122482,0.1854313,0.8397047420956008,0.16373250849472587,0.9316113934902774,0.9290699022955066,1.0027355220403669,2426,1717,,,,,,,,,,,,,ht29+IFNG_STAT3,ht29+IFNG,STAT3,False,True,3
ht29+IFNG_TAPBPL,0.24908079,0.27193773,0.9159479,0.9120367,0.26881135,0.7829619328380666,0.33804296946931833,0.9304188663879719,0.9233881625129362,1.007614028596492,2746,1327,0.7984528541564941,1.078413724899292,0.7403956651687622,0.1749730408191681,0.28627780079841614,0.15384615384615383,0.43692307692307686,0.7481604515868827,0.7609522386728936,0.9831897635148299,21.0,4.0,ht29+IFNG_TAPBPL,ht29+IFNG,TAPBPL,False,True,3
ht29+IFNG_TBX21,0.24969636,0.261221,0.95588166,0.91448224,0.22169355,0.8408929920775144,0.1652195064540011,0.9334197285216191,0.9298000748226924,1.0038929376292176,2379,1774,,,,,,,,,,,,,ht29+IFNG_TBX21,ht29+IFNG,TBX21,False,True,3
ht29+IFNG_TRAFD1,0.25481027,0.2621644,0.9719484,0.9121721,0.16945294,0.8391896616387603,0.15973722704536375,0.9316828609339503,0.9296280871261464,1.002210318122117,2447,1710,,,,,,,,,,,,,ht29+IFNG_TRAFD1,ht29+IFNG,TRAFD1,False,True,3
ht29+IFNG_TSC22D1,0.25136513,0.26307994,0.9554705,0.9133672,0.21987101,0.8263756650235259,0.170634193867386,0.9320835680279034,0.9283820635368394,1.0039870486908833,2395,1707,0.4645805358886719,0.3874779939651489,1.1989855766296387,-0.19717943668365479,-0.40471649169921875,-0.13725490196078433,-0.33952528379772956,0.3863475822699658,0.4321693967242318,0.8939725607560661,9.0,9.0,ht29+IFNG_TSC22D1,ht29+IFNG,TSC22D1,False,True,3
ht29+IFNG_ZC3H3,0.24707973,0.26557362,0.93036246,0.91472685,0.25909424,0.816610867006179,0.2535429851908356,0.9337461982551423,0.9282153870909371,1.0059585428566735,2604,1530,0.020778819918632507,0.08370974659919739,0.24822461605072021,0.20137615501880646,0.9997021555900574,0.7999999999999999,1.0,0.7195474076006422,0.6147065360080589,1.170554346588579,3.0,1.0,ht29+IFNG_ZC3H3,ht29+IFNG,ZC3H3,False,True,3
ht29+IFNG_ZFP36,0.24958852,0.26219884,0.95190555,0.9137143,0.22012644,0.8247139222427469,0.18429295050293684,0.9326515055717594,0.9289902946241845,1.0039410647977285,2409,1720,0.04975876584649086,0.03934481367468834,1.2646842002868652,,,,,,,,0.0,1.0,ht29+IFNG_ZFP36,ht29+IFNG,ZFP36,False,True,3
ht29+IFNG_ZNF267,0.24700615,0.26590732,0.9289182,0.9140167,0.2589879,0.8153694815373933,0.306860031920289,0.9324459126824545,0.9269823682053299,1.0058939033411198,2674,1418,0.44925597310066223,0.6459915637969971,0.6954517364501953,0.099166639149189,0.644957423210144,0.23710553600050346,0.5830769230769232,0.6359952711102927,0.6312491832950363,1.0075185646823057,19.0,6.0,ht29+IFNG_ZNF267,ht29+IFNG,ZNF267,False,True,3
ht29+IFNG_ZNFX1,0.25350097,0.2643971,0.9587887,0.91217905,0.19746694,0.8282098079125695,0.1993113840769563,0.931405439639255,0.9283442679102514,1.0032974531483827,2462,1664,0.44349029660224915,0.3597494661808014,1.2327754497528076,0.9661533236503601,0.13310883939266205,1.0,-0.028571428571428574,0.9505263201165282,0.9540323358276972,0.9963250556825967,2.0,4.0,ht29+IFNG_ZNFX1,ht29+IFNG,ZNFX1,False,True,3
ht29+INS_FOS,0.014786254,0.22830117,0.06476644,0.9951159,0.96787953,0.8707703352419506,0.866591104997287,0.9961857520165636,0.9380856954063187,1.061934700523367,3602,765,,,,,,,,,,,,,ht29+INS_FOS,ht29+INS,FOS,True,False,3
ht29+TGFB_CUL1,0.06012439,0.24899046,0.24147266,0.98546845,0.8889902,0.807636868012804,0.712287185528468,0.9876961907606074,0.9241527465897785,1.0687585947294005,3115,867,0.19857428967952728,1.1550334692001343,0.1719208061695099,0.5418844223022461,0.9580443501472473,0.5255743516724969,0.9230769230769231,0.8480326369850034,0.6167518686167243,1.374998082919481,19.0,6.0,ht29+TGFB_CUL1,ht29+TGFB,CUL1,True,False,3
ht29+TGFB_SP1,0.020870203,0.22048365,0.09465647,0.9937947,0.9552913,0.778817950347779,0.8462831699049975,0.9949811785869516,0.9419936434023726,1.0562504169276494,3423,653,0.012878203764557838,0.2711043953895569,0.04750274866819382,0.9073347449302673,0.9754709601402283,0.8571428571428573,0.8928571428571429,0.9192840859311308,0.6183146484939255,1.4867577343837781,4.0,3.0,ht29+TGFB_SP1,ht29+TGFB,SP1,True,False,3
k562+IFNB_FOS,0.01924272,0.3256297,0.059093874,0.9925406,0.96984977,0.8603157719290744,0.8449774494675062,0.9941322965413717,0.9013098809980398,1.1029861288556468,3465,764,0.10978040844202042,0.8245723247528076,0.13313618302345276,0.9434764385223389,0.9759871959686279,0.8881118881118882,0.9440559440559443,0.9605274963895041,0.47606528481191535,2.017638183319733,9.0,3.0,k562+IFNB_FOS,k562+IFNB,FOS,True,False,3
k562+IFNG_CUL1,0.10358857,0.51919234,0.19951868,0.97417724,0.90708035,0.7987729413309205,0.7428997954272127,0.9773569823681231,0.8315828193203345,1.1752972279621314,3119,906,0.541483461856842,4.439820766448975,0.12196065485477448,0.7622015476226807,0.9742496609687805,0.3176132366175879,0.9676923076923077,0.876522833359534,0.49223727021319674,1.7806917240945537,20.0,5.0,k562+IFNG_CUL1,k562+IFNG,CUL1,True,False,3
k562+IFNG_IFNGR2,0.018202052,0.45927426,0.039632205,0.9939377,0.9809471,0.8309126915912821,0.8914670209786278,0.9951415714558781,0.8635208778264317,1.1524232905181735,3554,618,0.18606317043304443,0.9891285300254822,0.1881081759929657,0.6486271023750305,0.8413013815879822,0.5736263736263736,0.7714285714285714,0.8461327172426004,0.8286890400616672,1.0210497259377718,14.0,0.0,k562+IFNG_IFNGR2,k562+IFNG,IFNGR2,True,False,3
k562+IFNG_MAFB,0.017819948,0.46729106,0.038134582,0.9933133,0.9806957,0.8561455776491841,0.8806178836561318,0.9946763264124919,0.860884525287604,1.1554120177502214,3515,644,0.1753324270248413,1.37662935256958,0.12736356258392334,,,,,,,,1.0,0.0,k562+IFNG_MAFB,k562+IFNG,MAFB,True,False,3
k562+IFNG_SOX2,0.22358203,0.586421,0.38126537,0.9408205,0.8113333,0.7277875576519274,0.6202940178672065,0.9471249218105346,0.8075747760068809,1.172801516280227,2745,1010,1.562530517578125,4.024994373321533,0.3882068693637848,0.7889395952224731,0.9256047606468201,0.5646646383882684,0.8415384615384615,0.5964193434406686,0.452438375258001,1.3182333242633608,14.0,11.0,k562+IFNG_SOX2,k562+IFNG,SOX2,True,False,3
k562+INS_CHUK,0.32612562,0.41066104,0.79414797,0.8702313,0.47120655,0.8350116883221415,0.444494940319559,0.900770165123408,0.8792518045151547,1.0244734904128165,2843,1375,0.19256426393985748,0.3357733488082886,0.5734947919845581,0.11552788317203522,0.7666831612586975,0.2682100508187465,0.5448898927159798,0.39222340900811825,0.3923303614836364,0.9997273917952367,15.0,7.0,k562+INS_CHUK,k562+INS,CHUK,False,True,3
k562+INS_COPS4,0.33913034,0.4344318,0.78062963,0.8584337,0.45115432,0.7965690184581208,0.4357028992404598,0.8889370013465238,0.8677659556643974,1.024397183991756,2745,1368,0.4563837945461273,0.6012709140777588,0.7590318918228149,0.19346362352371216,0.4146748483181,0.19168596903936808,0.2723076923076923,0.451658576455678,0.4967372288679883,0.90925050551367,16.0,9.0,k562+INS_COPS4,k562+INS,COPS4,False,True,3
k562+INS_DR1,0.34590596,0.42528793,0.8133454,0.8570652,0.41481063,0.7991070448460179,0.3982360018960883,0.8890944527079205,0.8719863855935533,1.0196196493397336,2692,1457,0.6593009829521179,1.0319534540176392,0.6388863325119019,0.42079365253448486,0.659360945224762,0.5107692307692308,0.6623076923076924,0.6920260908794753,0.6869778199988015,1.0073485209183066,17.0,8.0,k562+INS_DR1,k562+INS,DR1,False,True,3
k562+INS_EIF2B1,0.3430664,0.410806,0.8351056,0.8650449,0.40459123,0.8300272998991488,0.38148120149835785,0.8973149432401113,0.8799848619962642,1.0196936129157192,2743,1526,0.3009171783924103,0.35861387848854065,0.8391119241714478,0.6950677037239075,0.5514883399009705,0.7714285714285715,0.7714285714285715,0.806380175319845,0.7544623009301273,1.068814405074596,4.0,2.0,k562+INS_EIF2B1,k562+INS,EIF2B1,False,True,3
k562+INS_ELK1,0.3394052,0.41505566,0.8177342,0.86831164,0.45141804,0.8486806686169152,0.41421151530084993,0.9003757084567271,0.8796764416452096,1.023530545813873,2850,1505,0.4879327118396759,0.45716068148612976,1.06731116771698,-0.0015540756285190582,-0.0947878509759903,0.26363636363636367,-0.13636363636363638,0.4219217485206843,0.4137328940402145,1.019792611606255,4.0,7.0,k562+INS_ELK1,k562+INS,ELK1,False,True,3
k562+INS_FOS,0.33834562,0.4125784,0.8200759,0.8677064,0.44206753,0.829775286741598,0.4045305815389795,0.8989889750526061,0.8786811319003697,1.0231117323622456,2739,1498,0.3045026361942291,0.36070001125335693,0.8441991209983826,0.12616926431655884,0.40282025933265686,0.1746153846153846,0.5353846153846153,0.42685202741489237,0.4426831033849101,0.9642383550468319,17.0,8.0,k562+INS_FOS,k562+INS,FOS,False,False,3
k562+INS_FOXM1,0.3497896,0.4247542,0.8235106,0.8603854,0.41374427,0.8167773665883595,0.3980874912712065,0.8923759743399411,0.8738275784815501,1.02122660844674,2727,1449,0.3087083399295807,0.2533571422100067,1.2184710502624512,0.03562826290726662,-0.22404950857162476,0.2946153846153846,0.2030769230769231,0.3401573496984901,0.4525879385630289,0.7515828874682188,17.0,8.0,k562+INS_FOXM1,k562+INS,FOXM1,False,True,3
k562+INS_FOXO1,0.34739348,0.4170497,0.8329786,0.8643122,0.41088268,0.8366336751405719,0.3879291171580747,0.8969498495780742,0.8784376522969639,1.0210740025005804,2778,1571,0.11375175416469574,0.17476387321949005,0.6508882641792297,-0.11345867067575455,0.828341007232666,-0.06666666666666667,0.2833333333333333,0.38361229345351733,0.31448360879534865,1.2198164951202732,5.0,4.0,k562+INS_FOXO1,k562+INS,FOXO1,False,True,3
k562+INS_FOXO3,0.3422279,0.41387406,0.826889,0.866575,0.41832405,0.8298811128352728,0.4048324184425375,0.8984951909851535,0.8796619303287122,1.0214096575139995,2790,1547,0.4393192231655121,0.4510716199874878,0.9739456176757812,0.47151660919189453,0.20300854742527008,0.5017391304347826,0.21652173913043476,0.6203582431995344,0.6374111928220193,0.9732465482022896,12.0,12.0,k562+INS_FOXO3,k562+INS,FOXO3,False,True,3
k562+INS_FOXO4,0.33878517,0.4492459,0.7541197,0.8544983,0.47240952,0.7792680506550613,0.4650384627538849,0.8849216171414263,0.8629190117904483,1.025497879928877,2805,1289,1.1384739875793457,1.552363395690918,0.7333810925483704,-0.20151247084140778,0.4603460431098938,-0.08963262331605679,0.48692307692307696,0.25186596094783975,0.28867114872988264,0.8725013291283831,18.0,7.0,k562+INS_FOXO4,k562+INS,FOXO4,False,True,3
k562+INS_GRB2,0.34941018,0.41424823,0.84348017,0.86435413,0.3959639,0.8422011516069992,0.38136075867631275,0.8972592736743884,0.8802047850568016,1.0193755918021807,2834,1553,0.28107455372810364,0.4841953217983246,0.5804982781410217,0.25717031955718994,0.8441148996353149,0.411764705882353,0.9338235294117647,0.6182810362445876,0.36795115159862213,1.6803345595152173,12.0,5.0,k562+INS_GRB2,k562+INS,GRB2,False,True,3
k562+INS_GRB10,0.34657043,0.41389394,0.8373412,0.86479557,0.40568304,0.839945375060794,0.38238563773217443,0.8976219797826531,0.879944010197497,1.020089880015421,2819,1566,0.42123880982398987,0.7001634240150452,0.6016292572021484,0.517614483833313,0.7963334321975708,0.5714285714285713,0.6035714285714285,0.637516617054242,0.5793517602200139,1.1003964444884737,10.0,5.0,k562+INS_GRB10,k562+INS,GRB10,False,True,3
k562+INS_HSF1,0.34603408,0.41436338,0.8350981,0.8646631,0.40745437,0.8320027028740183,0.38873726802081715,0.8971018930789084,0.8789953070252102,1.0205991839876556,2766,1514,0.2592012882232666,0.154972642660141,1.672561526298523,0.6368979811668396,-0.10027692466974258,0.7142857142857144,0.023809523809523815,0.7834563156021055,0.8389674292143604,0.9338340063281866,6.0,2.0,k562+INS_HSF1,k562+INS,HSF1,False,True,3
k562+INS_IGF2,0.34189904,0.41145083,0.8309596,0.8665844,0.4160884,0.8386873258188873,0.3931314746797129,0.8989328295199637,0.8803679662714259,1.0210876178595691,2841,1553,0.06987515091896057,0.029599184170365334,2.3607120513916016,0.8926872611045837,0.42478281259536743,0.8090909090909091,0.5363636363636364,0.9305700508778252,0.9665902552558637,0.9627347739311692,5.0,6.0,k562+INS_IGF2,k562+INS,IGF2,False,True,3
k562+INS_IKBKB,0.33348003,0.42590693,0.7829881,0.86428726,0.46887636,0.8147654094205166,0.42730003758760005,0.895015533703996,0.8741721744632904,1.0238435400366097,2735,1439,0.36801791191101074,0.6400038003921509,0.5750245451927185,0.37486204504966736,0.5786937475204468,0.3976923076923076,0.39999999999999997,0.5168644964798671,0.5517191388247633,0.9368253883322929,15.0,10.0,k562+INS_IKBKB,k562+INS,IKBKB,False,True,3
k562+INS_INSR,0.34055975,0.41138232,0.8278425,0.86650956,0.4165302,0.8323396884518911,0.3900547467081897,0.898396211924411,0.8797263068361597,1.0212224017210485,2779,1528,0.03508917987346649,0.03554952144622803,0.9870507121086121,0.9934955835342407,0.7333881855010986,1.0,1.0,0.9769738708227558,0.9104380026221836,1.0730811631422899,2.0,1.0,k562+INS_INSR,k562+INS,INSR,False,True,3
k562+INS_IRS1,0.3417744,0.41106924,0.8314278,0.8662821,0.41316926,0.8363477793081613,0.3903869727467658,0.898395385588569,0.879861292788261,1.021064789361939,2802,1563,0.16687297821044922,0.13672582805156708,1.2204934358596802,0.19533012807369232,-0.5446217656135559,-0.14285714285714288,-0.3714285714285715,0.5928023758229634,0.8229213773147165,0.7203633204393634,3.0,3.0,k562+INS_IRS1,k562+INS,IRS1,False,True,3
k562+INS_IRS2,0.3392629,0.4082021,0.831115,0.8675785,0.41447648,0.8428684611085376,0.3890650040683264,0.8996321508297729,0.8812653654695248,1.0208413788626114,2852,1546,0.192469522356987,0.12371741235256195,1.5557188987731934,0.8115641474723816,-0.7681799530982971,0.8999999999999998,-0.09999999999999999,0.8811910963223045,0.9160856984024923,0.9619090199300803,3.0,2.0,k562+INS_IRS2,k562+INS,IRS2,False,True,3
k562+INS_IRS4,0.34505787,0.41956505,0.82241803,0.86385566,0.4209435,0.822051830946992,0.39304610094238196,0.8956700922561434,0.8764476644345005,1.0219322026878188,2712,1499,0.14254465699195862,0.23948463797569275,0.5952141880989075,0.2899165749549866,0.621314287185669,0.3192307692307692,0.6838461538461539,0.5210120528879262,0.5308239223426514,0.981515773796661,19.0,6.0,k562+INS_IRS4,k562+INS,IRS4,False,True,3
k562+INS_MAPK1,0.33881146,0.4162046,0.81405026,0.86586475,0.44051057,0.8347546863168372,0.4166970373507969,0.8977454035806555,0.8781810348199468,1.0222782865775732,2795,1444,0.9365922808647156,0.9649920463562012,0.9705699682235718,0.4738585948944092,0.3192247748374939,0.3038461538461538,0.1946153846153846,0.6310285448998696,0.6245078339259832,1.0104413597710917,12.0,13.0,k562+INS_MAPK1,k562+INS,MAPK1,False,True,3
k562+INS_MAPK3,0.33621442,0.41215098,0.8157555,0.8691154,0.44703585,0.8448738305464937,0.4141569136759176,0.9005753523738487,0.8798844214463329,1.023515510018355,2862,1471,0.1557028591632843,0.15864387154579163,0.9814615249633789,0.8105076551437378,0.7194689512252808,0.8857142857142858,0.8857142857142858,0.8900325840917348,0.8070281595758148,1.1028519556982352,4.0,2.0,k562+INS_MAPK3,k562+INS,MAPK3,False,True,3
k562+INS_MTOR,0.35350367,0.47706732,0.74099326,0.84656763,0.50329643,0.7654525257608227,0.5026057194051275,0.8754752060028645,0.8497636012759416,1.0302573617984063,2848,1237,0.6705185174942017,0.9568800330162048,0.7007341384887695,0.3794441521167755,0.5726759433746338,0.1236243907589068,0.6084615384615384,0.6038670249393908,0.5909880331229121,1.0217923055876839,21.0,4.0,k562+INS_MTOR,k562+INS,MTOR,False,True,3
k562+INS_PIK3CA,0.3328771,0.4147026,0.8026887,0.86863196,0.467067,0.8412427537553877,0.43442227941137956,0.9001411862887828,0.8789468091839318,1.024113378515509,2848,1423,0.04322770610451698,0.09593270719051361,0.45060446858406067,0.34598129987716675,0.7722477912902832,0.309090909090909,0.09090909090909088,0.647442338610928,0.6138327819521842,1.054753603337793,4.0,6.0,k562+INS_PIK3CA,k562+INS,PIK3CA,False,True,3
k562+INS_POLR2G,0.30190974,0.4667431,0.6468435,0.85259354,0.5535822,0.7312062759492286,0.5323609870080177,0.8811453196539607,0.8531998330912905,1.032753741244204,2890,1193,0.7212836742401123,1.4383189678192139,0.5014768838882446,0.050181593745946884,0.5889663100242615,0.30977490879969527,0.6607692307692308,0.3238109147408077,0.38130147306595563,0.8492254491888535,24.0,1.0,k562+INS_POLR2G,k562+INS,POLR2G,False,True,3
k562+INS_POLR2L,0.33032817,0.42248544,0.78186876,0.86170065,0.44741148,0.7901662199330151,0.42484993709418195,0.8919918495486726,0.8727838692417621,1.0220077168974233,2715,1413,0.5341065526008606,0.6939014196395874,0.7697153091430664,0.2178841531276703,0.21385690569877625,0.03769230769230769,0.5453846153846154,0.4221800700409313,0.5515931318638334,0.7653831160195643,21.0,4.0,k562+INS_POLR2L,k562+INS,POLR2L,False,True,3
k562+INS_PTEN,0.3506686,0.41894004,0.8370377,0.86330867,0.40576577,0.8323167316065246,0.3892091179073862,0.8961847998615087,0.8782748056453002,1.0203922440915851,2800,1538,1.1750555038452148,1.1423993110656738,1.02858567237854,0.390836238861084,0.12952612340450287,0.693076923076923,0.24846153846153846,0.5849109246417906,0.6017303711148237,0.9720482008546921,15.0,10.0,k562+INS_PTEN,k562+INS,PTEN,False,True,3
k562+INS_RAD51,0.30485353,0.44899276,0.67897207,0.8566252,0.53085315,0.7582507301494834,0.5280807925087713,0.8843312528436522,0.858369104765428,1.0302459022978454,2920,1165,0.9672170877456665,1.4716356992721558,0.6572394967079163,0.6157554388046265,0.5749251842498779,0.6870938998574269,0.49846153846153846,0.7034494854660943,0.6516736400653399,1.0794505749773202,21.0,4.0,k562+INS_RAD51,k562+INS,RAD51,False,True,3
k562+INS_RPS6KB1,0.33462334,0.4148633,0.806587,0.86742735,0.45081192,0.8371107342249556,0.42227604033856214,0.8989088126044724,0.8787676889885074,1.0229197362037152,2839,1490,0.17932049930095673,0.06932655721902847,2.58660626411438,0.9836624264717102,-0.10485281050205231,0.7142857142857144,0.21428571428571433,0.9879948262910765,0.9725718798637862,1.0158578987801399,6.0,1.0,k562+INS_RPS6KB1,k562+INS,RPS6KB1,False,False,3
k562+INS_SGK1,0.34633467,0.41569364,0.83314884,0.8645482,0.4107086,0.8350965714328609,0.38400681186166935,0.897165824290755,0.8789705738901976,1.0207006365640068,2761,1562,0.15352514386177063,0.6967791318893433,0.220335453748703,-0.17178885638713837,0.9336757659912109,-0.3,0.8999999999999998,0.36312259486674225,0.38242584674277713,0.9495241965456942,3.0,2.0,k562+INS_SGK1,k562+INS,SGK1,False,True,3
k562+INS_SHC1,0.34537393,0.41870475,0.8248627,0.8630245,0.4136594,0.8173049646940299,0.4012812335006009,0.8945911714689837,0.8760455321813329,1.0211697207580896,2753,1417,0.5981951355934143,0.8184720873832703,0.7308681011199951,0.47238388657569885,0.5440284609794617,0.5970379029464383,0.32923076923076927,0.6533612368961579,0.6226148580825865,1.0493826615514097,15.0,10.0,k562+INS_SHC1,k562+INS,SHC1,False,True,3
k562+INS_SMARCE1,0.31310204,0.5672647,0.5519505,0.833701,0.6353404,0.694535916459809,0.651282024215739,0.8613830783947871,0.8253806046228971,1.0436192388944479,3098,858,1.440609097480774,2.690904140472412,0.5353624820709229,-0.18160215020179749,0.31153586506843567,-0.16984155512168936,0.3276923076923077,0.051248064879706234,0.09405316474981817,0.5448840027448976,22.0,3.0,k562+INS_SMARCE1,k562+INS,SMARCE1,False,True,3
k562+INS_SP1,0.34604916,0.41819146,0.8274898,0.8618691,0.41023624,0.803162022876163,0.35766769757078276,0.894003035556493,0.8776826104618355,1.0185949053793713,2698,1561,0.10532429069280624,0.17944276332855225,0.5869520306587219,0.596592366695404,0.5423882007598877,0.49304347826086947,0.7391304347826086,0.7060729332034132,0.7844679115906111,0.9000660482998701,15.0,9.0,k562+INS_SP1,k562+INS,SP1,False,False,3
k562+INS_SREBF1,0.3425895,0.41250068,0.8305186,0.8657645,0.41238207,0.836042346268238,0.39656767062029097,0.8979028840420572,0.87964160947278,1.0207599030930588,2793,1523,0.3757398724555969,0.3385607600212097,1.109815239906311,0.6111946105957031,0.0333404615521431,0.6666666666666667,0.0,0.7320600725447696,0.7820222359417528,0.9361115821255183,4.0,5.0,k562+INS_SREBF1,k562+INS,SREBF1,False,True,3
k562+INS_SREBF2,0.33669302,0.4102876,0.82062685,0.8672769,0.42485893,0.838444591663349,0.4030751599470664,0.8989713094531927,0.8801040476368699,1.0214375355584178,2811,1517,0.07444053888320923,0.07700430601835251,0.9667061567306519,0.5422765016555786,0.3429897427558899,0.6571428571428573,0.14285714285714288,0.769099296169922,0.9486450110366293,0.8107345605807706,2.0,4.0,k562+INS_SREBF2,k562+INS,SREBF2,False,False,3
k562+INS_SRF,0.34272134,0.4135161,0.82879806,0.863305,0.4094806,0.8218898913253008,0.38716401459689254,0.8955588764179073,0.878824991587128,1.0190412027320235,2736,1502,0.13121333718299866,0.24851590394973755,0.5279876589775085,0.351491242647171,0.6978150606155396,0.19615384615384615,0.5384615384615384,0.564649040970575,0.4120448929194741,1.3703580621272846,17.0,8.0,k562+INS_SRF,k562+INS,SRF,False,True,3
k562+INS_TAF3,0.34399223,0.42106694,0.8169538,0.8624774,0.421444,0.8190636454319407,0.4058189029118368,0.8939304283197599,0.8750727601785301,1.0215498287678186,2750,1422,0.4243200421333313,0.6457409858703613,0.6571056246757507,0.37991610169410706,0.594514012336731,0.24153846153846154,0.6692307692307693,0.5454480029413485,0.57061049499206,0.9559025074520202,17.0,8.0,k562+INS_TAF3,k562+INS,TAF3,False,True,3
k562+INS_TAF7,0.3521542,0.4195169,0.83942795,0.8620832,0.40097654,0.8349661849193547,0.3832260044928747,0.8950981377942948,0.8775857999694149,1.0199551289748423,2769,1513,0.03618965670466423,0.054529909044504166,0.6636661887168884,0.013815175741910934,0.8050678372383118,0.25874125874125875,0.6153846153846154,0.6362691593227939,0.504149245021322,1.2620650841119165,8.0,4.0,k562+INS_TAF7,k562+INS,TAF7,False,True,3
k562+INS_TAF8,0.343135,0.44047228,0.77901614,0.856367,0.45357317,0.789225242724807,0.44707582497209486,0.8870976392932629,0.8658494976900557,1.024540225131381,2792,1322,0.8570736646652222,1.4663081169128418,0.5845112800598145,-0.051448993384838104,0.6635172963142395,-0.04849885963646662,0.553076923076923,0.4965573322525101,0.4734532713647148,1.048799031045236,19.0,6.0,k562+INS_TAF8,k562+INS,TAF8,False,True,3
k562+INS_TSC1,0.36241445,0.43235895,0.83822584,0.85622656,0.4050508,0.808798528664527,0.38439220115506945,0.8908028255935171,0.8746201442353688,1.0185025253131985,2718,1541,2.6504011154174805,2.3785343170166016,1.1143001317977905,0.34958314895629883,0.4025793671607971,0.5076923076923078,0.2846153846153846,0.7845878944150909,0.7338417941343313,1.0691512812248882,10.0,15.0,k562+INS_TSC1,k562+INS,TSC1,False,True,3
k562+INS_TSC2,0.34755427,0.41448164,0.83852756,0.8632172,0.4050396,0.82801100660611,0.37889463778525473,0.8967429962958748,0.879720272580375,1.0193501550959707,2770,1587,1.953209400177002,1.8032422065734863,1.0831652879714966,0.2946147918701172,0.5462903380393982,0.44307692307692315,0.36692307692307696,0.7301759149249827,0.7008450729606148,1.0418506786963118,8.0,17.0,k562+INS_TSC2,k562+INS,TSC2,False,True,3
k562+INS_TTF1,0.33685347,0.41659063,0.8085959,0.863534,0.4261552,0.8115955845716557,0.40711184790739124,0.894199314714109,0.8747967792333613,1.0221794774984783,2725,1417,0.596356987953186,0.5992264151573181,0.9952114224433899,0.1237436830997467,0.06583598256111145,0.3685324168960618,0.24153846153846154,0.4981678059975567,0.5426952268921038,0.9179513312664535,17.0,8.0,k562+INS_TTF1,k562+INS,TTF1,False,True,3
k562+INS_TTF2,0.32515088,0.4660167,0.6977236,0.8501221,0.5178085,0.7567973199988185,0.5090007497224904,0.879159294349478,0.8535378390097776,1.0300179490219494,2864,1218,1.2008675336837769,1.9326130151748657,0.6213698983192444,-0.18746177852153778,0.5278089046478271,-0.08672581807839878,0.6015384615384615,0.4295465172404245,0.526102547950103,0.8164691825084334,21.0,4.0,k562+INS_TTF2,k562+INS,TTF2,False,True,3
k562+INS_XBP1,0.329194,0.44192213,0.74491405,0.85791534,0.48221147,0.7635708106014774,0.46296336130921617,0.8877269141527763,0.8650760858685377,1.026183625526415,2794,1318,0.5308882594108582,0.8410854935646057,0.6311941742897034,0.13294163346290588,0.543719470500946,0.5915232560092311,0.6207692307692307,0.45459579039624076,0.5098611088751759,0.8916071111976788,21.0,4.0,k562+INS_XBP1,k562+INS,XBP1,False,True,3
k562+INS_ZNF593,0.33809158,0.40619147,0.83234537,0.8673551,0.41198602,0.8391627491006074,0.38864848540533903,0.8994333738743798,0.8814778072406205,1.020369845373609,2809,1533,0.09084852784872055,0.07369847595691681,1.2327055931091309,0.09666705131530762,-0.6281776428222656,-0.5,-0.5,0.6150264999206247,0.9980152087117616,0.6162496268112999,1.0,2.0,k562+INS_ZNF593,k562+INS,ZNF593,False,True,3
k562+TGFB_CUL1,0.19509578,0.57857877,0.3371983,0.9499057,0.8262363,0.7578965666283692,0.6863632798636563,0.9552473556621313,0.8177114690487138,1.1681961080641563,3031,937,2.045776605606079,2.227900743484497,0.9182530045509338,0.8850681781768799,0.9008172750473022,0.8341670490490453,0.8592307692307692,0.9079914509006407,0.6341796458315012,1.4317574789240242,12.0,13.0,k562+TGFB_CUL1,k562+TGFB,CUL1,True,False,3
k562+TGFB_RPS6KB1,0.015527099,0.36245397,0.04283882,0.9951725,0.9799224,0.8366829533387218,0.8832669955251676,0.9961363747640614,0.8888950222393824,1.1206456891326797,3503,626,,,,,,,,,,,,,k562+TGFB_RPS6KB1,k562+TGFB,RPS6KB1,True,False,3
k562+TNFA_FOS,0.012307389,0.4293925,0.02866233,0.99539196,0.98570144,0.8904792387883488,0.9001536916571665,0.9964130838895828,0.8733625355136724,1.1408928633554651,3547,581,0.011117123998701572,0.0036107527557760477,3.0788936614990234,0.14036306738853455,0.7823303937911987,0.5,1.0,0.9428182088014495,0.9480601610646556,0.9944708653749151,1.0,2.0,k562+TNFA_FOS,k562+TNFA,FOS,True,False,3
mcf7+IFNB_SP110,0.012193837,0.2428429,0.050212864,0.99591964,0.975194,0.8377377940746358,0.8612825596038204,0.9967665582304668,0.9328351509610314,1.0685345178122538,3472,707,0.02645956352353096,0.471749871969223,0.05608811974525452,0.5323560833930969,0.9762534499168396,0.5092307692307693,0.966923076923077,0.8870887402197077,0.7110058845536426,1.2476531622190539,23.0,2.0,mcf7+IFNB_SP110,mcf7+IFNB,SP110,True,False,3
mcf7+INS_CHUK,0.34245807,0.31118694,1.1004899,0.87479854,-0.05629281,0.8135775619414419,0.05497994172960432,0.9019013494856324,0.9108095083688769,0.9902195148366449,2325,1832,0.2899487316608429,0.2508753538131714,1.1557481288909912,0.14855226874351501,-0.22132359445095062,0.10538461538461538,-0.2946153846153846,0.5706869668784055,0.6751756478433286,0.8452422250436834,12.0,13.0,mcf7+INS_CHUK,mcf7+INS,CHUK,False,True,3
mcf7+INS_COPS4,0.3319768,0.2991648,1.1096786,0.8781664,-0.0019094925,0.7988935361232372,0.10535494093100078,0.9048551294456301,0.914969805930542,0.9889453439672524,2415,1749,0.1300230473279953,0.05052924528717995,2.57322359085083,0.04020027816295624,-0.8221763372421265,-0.06707946336429307,-0.5335397316821465,0.39589352306905257,0.6694592632897786,0.591363126598023,10.0,8.0,mcf7+INS_COPS4,mcf7+INS,COPS4,False,True,3
mcf7+INS_DR1,0.34011823,0.31175005,1.0909965,0.87372386,0.013308559,0.7933399548382571,0.10883596062684821,0.9007657653398666,0.9098499274992767,0.9900157576707426,2371,1738,0.8768625855445862,0.7828376889228821,1.1201077699661255,0.4933061897754669,-0.050849828869104385,0.5684615384615384,0.08461538461538462,0.6762967785302106,0.7095134555668485,0.9531838659633308,14.0,11.0,mcf7+INS_DR1,mcf7+INS,DR1,False,True,3
mcf7+INS_EIF2B1,0.3399076,0.30444703,1.1164753,0.87757766,-0.012956111,0.8204467032192512,0.03924278496424861,0.9049572719157581,0.9145142292035262,0.9895496898981097,2282,1958,0.1134503111243248,0.24444620311260223,0.4641115665435791,0.6133923530578613,0.7382247447967529,0.48571428571428577,0.6,0.8441448097652239,0.6655021403602912,1.2684328998674874,3.0,3.0,mcf7+INS_EIF2B1,mcf7+INS,EIF2B1,False,True,3
mcf7+INS_ELK1,0.3471,0.30737764,1.1292298,0.87553614,-0.09643078,0.8317326001215704,-0.029664450736821092,0.9034836278324162,0.9136165772813502,0.9889089693631802,2206,2049,0.010920912958681583,0.005594024900346994,1.952246069908142,0.9943338632583618,0.9909785985946655,1.0,0.5,0.9620883367958356,0.9953358402300754,0.9665966982294594,0.0,3.0,mcf7+INS_ELK1,mcf7+INS,ELK1,False,True,3
mcf7+INS_FOS,0.35403234,0.31174433,1.1356497,0.87273467,-0.093955725,0.817951935732831,-0.030310286924893046,0.900247087212914,0.9108290721629182,0.988382029874304,2128,1996,0.6727904677391052,0.43421217799186707,1.5494509935379028,-0.0982968732714653,-0.6663260459899902,0.09769230769230769,-0.5753846153846153,0.2663838003895225,0.33495800327122405,0.7952752219322992,11.0,14.0,mcf7+INS_FOS,mcf7+INS,FOS,False,False,3
mcf7+INS_FOXM1,0.3454019,0.31369781,1.1010658,0.8735951,0.0013347268,0.8084111444420066,0.059250371350936075,0.9010430950656786,0.9098223008677112,0.9903506368291262,2260,1879,0.48701536655426025,0.3830634653568268,1.2713699340820312,-0.02201148308813572,-0.1470852643251419,0.2407692307692308,-0.2346153846153846,0.42800691695140536,0.49072486923313974,0.8721932467377407,11.0,14.0,mcf7+INS_FOXM1,mcf7+INS,FOXM1,False,True,3
mcf7+INS_FOXO1,0.3342084,0.3002253,1.1131921,0.8800002,-0.0048331097,0.8326436271882698,0.045841952124101526,0.9069139855385984,0.9157190170091521,0.9903845706958101,2292,1970,0.747582733631134,0.4723009169101715,1.5828526020050049,0.8332232236862183,-0.692073404788971,1.0,-1.0,0.8992208274285795,0.9711825364691624,0.9259030034639961,1.0,2.0,mcf7+INS_FOXO1,mcf7+INS,FOXO1,False,True,3
mcf7+INS_FOXO3,0.33637103,0.30046028,1.1195191,0.8785025,-0.018380128,0.8204838626490514,0.04677627850502436,0.9054036476283557,0.9149218666200207,0.9895966865161634,2275,1921,0.35542795062065125,0.3415739834308624,1.04055917263031,-0.264191210269928,0.09751997888088226,-0.18181818181818182,0.02727272727272728,0.4804335493749953,0.6635426186870373,0.7240432428072774,8.0,3.0,mcf7+INS_FOXO3,mcf7+INS,FOXO3,False,True,3
mcf7+INS_FOXO4,0.34810683,0.3158492,1.1021298,0.87038285,0.021188095,0.7761327743756203,0.16149072008118606,0.8980123361461713,0.9087819825342326,0.9881493618986271,2541,1582,0.8214057683944702,0.9544467926025391,0.8606092929840088,0.48015347123146057,0.22224551439285278,0.21999999999999997,0.033846153846153845,0.7041500618623086,0.6946304895705484,1.0137045125929407,14.0,11.0,mcf7+INS_FOXO4,mcf7+INS,FOXO4,False,True,3
mcf7+INS_GRB2,0.3294622,0.29540053,1.1153067,0.88171756,-0.00144778,0.8291241979867929,0.044610487267522106,0.9082554326735711,0.9171416130573737,0.9903110051301895,2283,1992,0.4979668855667114,0.3447751998901367,1.4443234205245972,0.5054358839988708,-0.2955286502838135,0.286764705882353,-0.411764705882353,0.6858065801809496,0.7702625438850985,0.8903543157140102,4.0,13.0,mcf7+INS_GRB2,mcf7+INS,GRB2,False,True,3
mcf7+INS_GRB10,0.3394879,0.30474985,1.1139888,0.8779437,-0.0040548937,0.8271214005219172,0.044383699518799974,0.9052815411487496,0.9143372673782449,0.9900958578933772,2267,1950,0.31838729977607727,0.21923886239528656,1.4522393941879272,0.8698956370353699,-0.41479578614234924,0.8928571428571429,-0.39285714285714296,0.9111561120796412,0.966730880417872,0.9425126791085763,3.0,4.0,mcf7+INS_GRB10,mcf7+INS,GRB10,False,True,3
mcf7+INS_HSF1,0.33577114,0.29971987,1.1202832,0.87929934,-0.013514694,0.8255816172491635,0.03973357742218726,0.9062934665759007,0.9156287128647865,0.9898045505151558,2297,1953,0.323521226644516,0.219655379652977,1.472858190536499,0.8184295892715454,-0.1826261281967163,0.6428571428571429,-0.19047619047619052,0.892717231768358,0.9370523786455277,0.9526865862703915,2.0,6.0,mcf7+INS_HSF1,mcf7+INS,HSF1,False,True,3
mcf7+INS_IGF2,0.34102124,0.30349824,1.1236349,0.8777275,-0.020877969,0.8353011414001434,0.03372961884937934,0.9052413908169836,0.9149869992887157,0.9893489104442926,2327,1995,0.3944729268550873,0.3560788035392761,1.1078248023986816,-0.035469651222229004,0.33023184537887573,-0.09999999999999999,0.3,0.7285340493655834,0.6855961827215529,1.0626285089184477,2.0,3.0,mcf7+INS_IGF2,mcf7+INS,IGF2,False,True,3
mcf7+INS_IKBKB,0.34814495,0.32465157,1.0723649,0.8668965,-0.006491298,0.7879215601767005,0.17092477847368556,0.8945187351538905,0.9038945740954258,0.9896272870639606,2528,1534,0.9499971866607666,0.8854901790618896,1.072848916053772,0.15501758456230164,-0.1528996378183365,0.06846153846153846,-0.3661538461538461,0.5737953126358875,0.6523522007147707,0.8795790249610411,14.0,11.0,mcf7+INS_IKBKB,mcf7+INS,IKBKB,False,True,3
mcf7+INS_INSR,0.33551872,0.3023392,1.1097428,0.8792428,-0.0012272401,0.8299498643221257,0.046349652151213346,0.90624684629836,0.9149219504843091,0.99051820302119,2313,1956,0.19978758692741394,0.08982692658901215,2.2241392135620117,-0.1641283482313156,-0.7136825323104858,0.39999999999999997,-0.7999999999999999,0.47546265715559555,0.7027975134166112,0.6765286559483686,1.0,3.0,mcf7+INS_INSR,mcf7+INS,INSR,False,True,3
mcf7+INS_IRS1,0.34127972,0.3040463,1.1224597,0.8777125,-0.017416053,0.8357490009242021,0.032489961738903304,0.9052287448236654,0.9148526052135791,0.9894804252236162,2320,2067,0.5822494626045227,0.22826822102069855,2.550724983215332,0.1298781931400299,-0.8107259273529053,0.0,-0.7999999999999999,0.7141716329358513,0.740631609090867,0.9642737687262691,0.0,5.0,mcf7+INS_IRS1,mcf7+INS,IRS1,False,True,3
mcf7+INS_IRS2,0.33704272,0.302493,1.1142166,0.8793433,-0.010640765,0.8345171241152366,0.045551528271946876,0.9065148065415736,0.9154982444669696,0.9901873783159175,2357,1987,0.39029476046562195,0.250067800283432,1.560755729675293,-0.32524722814559937,-0.892352819442749,-0.5,-1.0,0.3562841071695355,0.719482654245661,0.49519485295038873,1.0,2.0,mcf7+INS_IRS2,mcf7+INS,IRS2,False,True,3
mcf7+INS_IRS4,0.3486499,0.31513822,1.1063396,0.87326086,-0.008112257,0.8075389174598809,0.058481124700483014,0.9004257676753084,0.9092668917438279,0.9902766457804664,2233,1882,0.6782879829406738,0.5252979397773743,1.2912442684173584,0.5052924752235413,-0.15746481716632843,0.33,-0.10923076923076921,0.7161254331238854,0.7770163732136238,0.9216349330736718,12.0,13.0,mcf7+INS_IRS4,mcf7+INS,IRS4,False,True,3
mcf7+INS_MAPK1,0.34521997,0.31901866,1.0821309,0.8727688,-0.02460035,0.8031565854609914,0.05494591778155623,0.8993248023920823,0.9066134702951493,0.9919605563540832,2235,1857,1.2421095371246338,1.1216793060302734,1.1073659658432007,0.3422103524208069,-0.13336004316806793,0.45076923076923076,-0.1853846153846154,0.6199472817272857,0.6567900965846648,0.9439047344821988,10.0,15.0,mcf7+INS_MAPK1,mcf7+INS,MAPK1,False,True,3
mcf7+INS_MAPK3,0.34361982,0.30920786,1.1112907,0.87612164,-0.055813268,0.8299719558711414,0.006480038256184259,0.9036262707193536,0.9122354003126999,0.9905626008479882,2238,1995,0.363681823015213,0.2496238797903061,1.4569191932678223,0.5592219233512878,-0.31249022483825684,0.3186813186813187,-0.3406593406593406,0.7007454307555511,0.7879434887398238,0.889334629665218,6.0,8.0,mcf7+INS_MAPK3,mcf7+INS,MAPK3,False,True,3
mcf7+INS_MTOR,0.33772045,0.30509982,1.106918,0.87645227,-0.043310415,0.8094272043198072,0.10346469586033753,0.9037911221699314,0.9138122993530892,0.9890336591111194,2436,1739,0.32465165853500366,0.3495015501976013,0.9288990497589111,-0.40205302834510803,0.1960355043411255,-0.3571428571428572,0.0,0.36880499408372924,0.38767697681595603,0.9513203417772575,4.0,4.0,mcf7+INS_MTOR,mcf7+INS,MTOR,False,True,3
mcf7+INS_PIK3CA,0.33902916,0.30337685,1.1175182,0.87708765,-0.10024491,0.8318709134261545,0.010923913481906153,0.9044080881646696,0.9143833837940937,0.9890906858039861,2310,1954,0.2316008359193802,0.07575803250074387,3.057112693786621,0.5198792219161987,-0.5161393284797668,0.7,-0.6,0.8734341227647998,0.8610694206000261,1.0143597041875643,2.0,3.0,mcf7+INS_PIK3CA,mcf7+INS,PIK3CA,False,True,3
mcf7+INS_POLR2G,0.33243048,0.42338213,0.78517836,0.8410349,0.36489135,0.71424607838785,0.4804600221468557,0.8686604023038517,0.8607790622925724,1.0091560545051925,2933,1018,1.123208999633789,1.4956399202346802,0.7509889006614685,0.3280896246433258,0.2787742614746094,-0.1143370196959588,0.3069230769230769,0.4555482545199051,0.4786730914169439,0.9516897078367497,21.0,4.0,mcf7+INS_POLR2G,mcf7+INS,POLR2G,False,True,3
mcf7+INS_POLR2L,0.40314063,0.4204896,0.958741,0.82673645,0.076506615,0.7179054578410198,0.27136790387154525,0.8557170415788306,0.8668376749839267,0.9871710312945242,2633,1266,1.6820588111877441,1.7606126070022583,0.9553827047348022,,-0.20843471586704254,,-0.10615384615384615,,,,18.0,7.0,mcf7+INS_POLR2L,mcf7+INS,POLR2L,False,True,3
mcf7+INS_PTEN,0.34190863,0.3051769,1.120362,0.87653553,-0.019499816,0.8183710600766996,0.03469150555565955,0.9038107583993441,0.9133579054386459,0.9895472005196947,2238,1949,0.7702547907829285,0.5263909101486206,1.4632751941680908,0.6215892434120178,-0.46920254826545715,0.5196078431372549,-0.4460784313725491,0.7627788987556033,0.8135795930191575,0.937559035772966,6.0,11.0,mcf7+INS_PTEN,mcf7+INS,PTEN,False,True,3
mcf7+INS_RAD51,0.30865493,0.30363193,1.016543,0.86882794,0.105755284,0.7413554349183454,0.23969260342585996,0.8949615320823707,0.9037075526651803,0.990322067623518,2613,1436,0.8968836069107056,0.8196370601654053,1.0942448377609253,0.358706533908844,-0.12125344574451447,0.28769230769230764,-0.09230769230769231,0.675372686461484,0.75657435216285,0.8926719291114859,11.0,14.0,mcf7+INS_RAD51,mcf7+INS,RAD51,False,True,3
mcf7+INS_RPS6KB1,0.33582604,0.30132088,1.114513,0.8784428,-0.0760907,0.8234425956688619,0.026904825761519043,0.9059215474369768,0.9158371827803035,0.9891731461336559,2314,1967,0.1834591031074524,0.13141025602817535,1.3960790634155273,-0.5407784581184387,-0.7526234984397888,-0.39999999999999997,-0.19999999999999998,0.5085467031653367,0.5974900349794708,0.851138384563702,0.0,4.0,mcf7+INS_RPS6KB1,mcf7+INS,RPS6KB1,False,False,3
mcf7+INS_SGK1,0.33704048,0.30342725,1.1107786,0.8787428,-0.007904411,0.8198496118426484,0.04252245790235404,0.9055964046891442,0.9143647616296583,0.9904104386909154,2285,1926,0.13565625250339508,0.1162613108754158,1.1668219566345215,0.9116715788841248,-0.042877424508333206,0.4464285714285714,-0.06428571428571428,0.9311255539606226,0.9352710646059212,0.995567583770973,8.0,7.0,mcf7+INS_SGK1,mcf7+INS,SGK1,False,True,3
mcf7+INS_SHC1,0.34498882,0.30970776,1.1139172,0.874879,-0.014425123,0.8179114050303244,0.05284885008217625,0.9022732157768627,0.9119112013546754,0.9894310042869359,2274,1902,0.265109121799469,0.24193155765533447,1.0958021879196167,0.04044455289840698,0.1016416996717453,0.08578431372549021,-0.09803921568627452,0.5207247624452954,0.570634426999411,0.9125365344384188,7.0,10.0,mcf7+INS_SHC1,mcf7+INS,SHC1,False,True,3
mcf7+INS_SMARCE1,0.3269101,0.32728484,0.998855,0.86468023,0.15132165,0.7230692404020941,0.3182921678644851,0.8911760189813275,0.8980334140660283,0.9923639867099682,2836,1206,1.0109490156173706,1.2323822975158691,0.8203209638595581,0.2509969472885132,0.307214617729187,0.1763234695404306,0.27384615384615385,0.5325518131205068,0.5426978310318452,0.9813044804471625,16.0,9.0,mcf7+INS_SMARCE1,mcf7+INS,SMARCE1,False,True,3
mcf7+INS_SP1,0.35130328,0.30553165,1.1498097,0.8721992,-0.09745682,0.8038084646827047,0.03304237210152829,0.9009396182161854,0.9145807444898608,0.9850848311033661,2367,1926,0.8537853956222534,0.6834508776664734,1.2492271661758423,0.2179536074399948,-0.1980692595243454,0.2835164835164835,-0.2923076923076923,0.5914444403597007,0.6592672995884643,0.8971238839373638,3.0,11.0,mcf7+INS_SP1,mcf7+INS,SP1,False,False,3
mcf7+INS_SREBF1,0.33743918,0.3008399,1.121657,0.878459,-0.01784107,0.8301253616930924,0.03960594320890633,0.9058062221352515,0.9155590141904033,0.98934771882097,2345,1973,0.42840009927749634,0.18074636161327362,2.3701727390289307,-0.7158231139183044,-0.785792350769043,-0.7999999999999999,-0.8999999999999998,0.5512185740627588,0.6346425850377853,0.8685496168366016,1.0,4.0,mcf7+INS_SREBF1,mcf7+INS,SREBF1,False,True,3
mcf7+INS_SREBF2,0.3372589,0.30641758,1.1006513,0.87845147,-0.0028842129,0.8223771395687364,0.06365500833933972,0.9057289083448385,0.9142251972465235,0.9907065688768214,2387,1943,0.36138424277305603,0.10750165581703186,3.3616621494293213,,,,,,,,0.0,1.0,mcf7+INS_SREBF2,mcf7+INS,SREBF2,False,False,3
mcf7+INS_SRF,0.33345744,0.30246073,1.1024817,0.8781933,0.0017499235,0.8101524958104644,0.08067382180903326,0.9049629522333333,0.9141197201319968,0.9899829664572368,2337,1842,0.21500670909881592,0.19465407729148865,1.104557991027832,0.11618015170097351,0.04901881143450737,0.41818181818181815,0.3696969696969697,0.47260519037596493,0.5698204866623398,0.8293931184261158,7.0,3.0,mcf7+INS_SRF,mcf7+INS,SRF,False,True,3
mcf7+INS_TAF3,0.33483464,0.3010406,1.1122575,0.87851864,-0.010586344,0.826088445286987,0.06627960786602781,0.905822193069282,0.9154625236012137,0.9894694427315179,2391,1918,0.6731886267662048,0.41388094425201416,1.626527190208435,0.788053572177887,-0.7938416600227356,0.19999999999999998,-0.7999999999999999,0.8949965630206923,0.965313732330892,0.9271561493894751,1.0,3.0,mcf7+INS_TAF3,mcf7+INS,TAF3,False,True,3
mcf7+INS_TAF7,0.34104133,0.3052209,1.117359,0.87757295,-0.0143770315,0.8319531303366056,0.0409383434959032,0.9051352866987823,0.9146005329433655,0.9896509504383053,2316,1965,0.1456502079963684,0.024823931977152824,5.867330074310303,1.0,-1.0,0.9999999999999999,-0.9999999999999999,0.9679959818993885,0.9987539511732135,0.9692036569790845,1.0,1.0,mcf7+INS_TAF7,mcf7+INS,TAF7,False,True,3
mcf7+INS_TAF8,0.3391114,0.30812722,1.1005564,0.87486804,0.007730609,0.7952694998200689,0.11442703722977736,0.9021255786143645,0.911918735770213,0.9892609321733289,2410,1733,0.5188920497894287,0.5917677879333496,0.8768507838249207,-0.13404978811740875,0.18860743939876556,-0.057692307692307696,0.17153846153846153,0.20439504298577393,0.30278921390144353,0.6750407002684831,17.0,8.0,mcf7+INS_TAF8,mcf7+INS,TAF8,False,True,3
mcf7+INS_TSC1,0.33922097,0.3134882,1.0820854,0.87258327,0.010480212,0.7870124751503653,0.1018252992203337,0.899497156915545,0.9078214317723177,0.9908304931284544,2322,1760,0.7159432768821716,0.5219637155532837,1.3716342449188232,0.26140105724334717,-0.3175037205219269,0.14310444580932674,-0.1476923076923077,0.516468290830848,0.6268385867451227,0.8239254917484011,14.0,11.0,mcf7+INS_TSC1,mcf7+INS,TSC1,False,True,3
mcf7+INS_TSC2,0.3370946,0.3047655,1.1060786,0.87819,-0.0072085885,0.8224903018885118,0.05374014451193786,0.9053211052024486,0.9141121150617669,0.9903830069479778,2306,1891,0.29271602630615234,0.08437623828649521,3.4691760540008545,0.2570732831954956,-0.9879699349403381,0.642857142857143,-1.0,0.6628899277883589,0.8018332090209546,0.8267179761708215,1.0,6.0,mcf7+INS_TSC2,mcf7+INS,TSC2,False,True,3
mcf7+INS_TTF1,0.33126992,0.2995154,1.1060196,0.8797666,0.0035343738,0.8197132888558641,0.07559114342229419,0.9065796919951523,0.9156297094864704,0.9901160726901339,2378,1866,0.6698595881462097,0.7062892913818359,0.9484210014343262,-0.3764507472515106,0.20972475409507751,-0.2,0.08571428571428573,0.30506088746997007,0.3660508940185395,0.8333838066094698,2.0,4.0,mcf7+INS_TTF1,mcf7+INS,TTF1,False,True,3
mcf7+INS_TTF2,0.3457732,0.31134623,1.1105745,0.8727274,0.024319092,0.7807202835508812,0.15207630703657501,0.9001965470180467,0.9109456362940956,0.9882000760003876,2471,1628,0.347372829914093,0.4440379738807678,0.7823043465614319,0.08029837906360626,0.3084295988082886,0.24461538461538462,0.27307692307692305,0.48948928889167953,0.5052843812921994,0.9687401926809492,16.0,9.0,mcf7+INS_TTF2,mcf7+INS,TTF2,False,True,3
mcf7+INS_XBP1,0.3296105,0.30220518,1.0906845,0.8775519,0.04675562,0.7731818824294477,0.15805281328680823,0.9034532455551655,0.9124923460778303,0.990094053323825,2507,1586,0.7971874475479126,0.49151837825775146,1.6218873262405396,0.24562396109104156,-0.3224511444568634,0.21999999999999997,-0.19538461538461538,0.6116547386640995,0.793077941593572,0.7712416479962491,8.0,17.0,mcf7+INS_XBP1,mcf7+INS,XBP1,False,True,3
mcf7+INS_ZNF593,0.34528437,0.30611658,1.1279505,0.8759743,-0.03691424,0.8330368812853034,0.025181225065954996,0.9037176194819688,0.9140192299033605,0.9887293285695085,2307,1982,0.2339419722557068,0.0600874125957489,3.8933606147766113,-1.0,-1.0,-0.9999999999999999,-0.9999999999999999,0.6705564869929688,0.8634214620472093,0.7766270778155672,0.0,2.0,mcf7+INS_ZNF593,mcf7+INS,ZNF593,False,True,3
mcf7+TGFB_CUL1,0.026961096,0.23658775,0.11395812,0.9902994,0.9393049,0.780506125468588,0.8055499948111592,0.9922346277079533,0.931980747165177,1.0646514219591463,3324,841,0.3183247148990631,0.23061048984527588,1.3803566694259644,0.5870220065116882,0.6900585293769836,0.5,0.5,0.9429935784251283,0.7738321050723211,1.2186022940169918,3.0,0.0,mcf7+TGFB_CUL1,mcf7+TGFB,CUL1,True,False,3
mcf7+TGFB_FOS,0.02451785,0.24581186,0.09974233,0.99126345,0.94755507,0.8103726326578589,0.8094724078287948,0.9929656986514168,0.9289978501916595,1.0688568315271776,3341,827,,,,,,,,,,,,,mcf7+TGFB_FOS,mcf7+TGFB,FOS,True,False,3
mcf7+TGFB_RPS6KB1,0.020473786,0.2417643,0.0846849,0.9934784,0.958039,0.7775697279601436,0.8319643239460693,0.9947709938177418,0.9317122383841866,1.0676805056708434,3408,760,,,,,,,,,,,,,mcf7+TGFB_RPS6KB1,mcf7+TGFB,RPS6KB1,True,False,3
mcf7+TNFA_FOS,0.015823102,0.22991987,0.068820074,0.99451226,0.96493125,0.8645469250491499,0.8649222650460543,0.9957246463026506,0.9357377436140989,1.0641065331583872,3494,666,0.09953012317419052,0.014263655059039593,6.977883338928223,0.9999704360961914,0.6692849397659302,1.0,0.5,0.9325500982016486,0.9681049065009929,0.9632738063193487,1.0,2.0,mcf7+TNFA_FOS,mcf7+TNFA,FOS,True,False,3
a549+IFNB_MAPK14,0.02483092,0.39672184,0.06259026,0.9924624,0.9683635,0.8733852210564803,0.8591675334712445,0.9942031432771475,0.9031312261919838,1.1008401818517168,3564,708,0.010957136750221252,0.3022801876068115,0.03624827787280083,0.9925788044929504,0.9973748922348022,1.0,1.0,0.9631298625514688,0.29736477708946407,3.238883474964169,2.0,1.0,a549+IFNB_MAPK14,a549+IFNB,MAPK14,True,False,4
a549+IFNG_CUL1,0.028489819,0.36425987,0.078212894,0.990992,0.961064,0.8389285760688255,0.8461903356660406,0.9930170013166999,0.9049914976736011,1.0972666636862112,3416,723,0.48594045639038086,0.7846919894218445,0.6192753911018372,0.7882903814315796,0.631874680519104,0.5120879120879122,0.15604395604395604,0.8991727909349447,0.8268344116248973,1.0874883511051359,11.0,3.0,a549+IFNG_CUL1,a549+IFNG,CUL1,True,False,4
a549+INS_CHUK,0.3453438,0.3284396,1.0514683,0.8885361,0.010917113,0.8186465839073402,0.1367170122950665,0.9143976028642019,0.9183585131139491,0.9956869673518715,2399,1738,0.5386587977409363,0.703845202922821,0.7653086185455322,-0.1066574826836586,0.3786078989505768,-0.12609476430090236,0.2937062937062937,0.5525250207540797,0.6018487058105525,0.9180463718202317,8.0,4.0,a549+INS_CHUK,a549+INS,CHUK,False,True,4
a549+INS_COPS4,0.33957148,0.3214622,1.056334,0.8854279,0.03256321,0.7855920206860957,0.1489076309214218,0.9109449584373411,0.9153511953477244,0.9951862881342397,2428,1692,0.5793554782867432,0.7934368848800659,0.7301847338676453,0.6741755604743958,0.4390673041343689,0.27262243834876887,0.3538461538461538,0.8136109860324489,0.7165439907465829,1.1354655074069209,15.0,10.0,a549+INS_COPS4,a549+INS,COPS4,False,True,4
a549+INS_DR1,0.36232513,0.34298384,1.0563912,0.8783811,0.025076967,0.7918104171018885,0.15276370551740476,0.9058562796841177,0.9106544484716139,0.9947310763203879,2423,1691,0.7811281085014343,0.6175950765609741,1.2647900581359863,-0.08300070464611053,-0.35798361897468567,-0.06230769230769231,-0.16076923076923075,0.32148799510316795,0.4211235138182745,0.7634054726326637,12.0,13.0,a549+INS_DR1,a549+INS,DR1,False,True,4
a549+INS_EIF2B1,0.33897272,0.32081395,1.0566021,0.8919927,0.02330126,0.8353055486879278,0.07559691869576357,0.917909853474206,0.9228093573855985,0.9946906651171448,2259,1924,,,,,,,,,,,,,a549+INS_EIF2B1,a549+INS,EIF2B1,False,True,4
a549+INS_ELK1,0.3480578,0.32267264,1.0786716,0.8904013,-0.08071489,0.8428875198879939,0.024320946572005054,0.9171271313242809,0.9244423868926845,0.9920868453544279,2210,2019,,,,,,,,,,,,,a549+INS_ELK1,a549+INS,ELK1,False,True,4
a549+INS_FOS,0.34340844,0.3165317,1.0849102,0.8900521,-0.0869596,0.8340019901561018,0.06282180869010562,0.9162423424939378,0.9234014193903715,0.9922470588130998,2301,1864,,,,,,,,,,,,,a549+INS_FOS,a549+INS,FOS,False,True,4
a549+INS_FOXM1,0.3379058,0.31741595,1.0645521,0.890942,0.013953933,0.8178070649635462,0.0868353626221711,0.9164263754824875,0.9215577738727676,0.9944318212750615,2276,1872,0.9112337231636047,0.34116244316101074,2.6709673404693604,1.0,-1.0,0.9999999999999999,-0.9999999999999999,0.8713915834791331,0.8757005050900626,0.9950794574333536,1.0,1.0,a549+INS_FOXM1,a549+INS,FOXM1,False,True,4
a549+INS_FOXO1,0.33889422,0.32352632,1.0475012,0.8925955,0.04401775,0.8373663807506889,0.10552295083170092,0.9183420338982107,0.9225537014050487,0.9954347725228097,2307,1890,,,,,,,,,,,,,a549+INS_FOXO1,a549+INS,FOXO1,False,False,4
a549+INS_FOXO3,0.3336151,0.31648993,1.0541097,0.89252853,0.023919694,0.8250905543087024,0.07174956494856431,0.9179824199230581,0.9227838597674372,0.9947967882255883,2249,1920,,,,,,,,,,,,,a549+INS_FOXO3,a549+INS,FOXO3,False,True,4
a549+INS_FOXO4,0.35094297,0.33278835,1.054553,0.87719613,0.027971547,0.7833054010194679,0.16941754369279527,0.9039382710945004,0.9091438936831399,0.9942741488725725,2463,1645,1.5011296272277832,1.482970118522644,1.0122454166412354,0.20553748309612274,-0.057162798941135406,0.12163206067558295,-0.16461538461538464,0.7006814701593231,0.7161197939995451,0.9784417021152305,14.0,11.0,a549+INS_FOXO4,a549+INS,FOXO4,False,True,4
a549+INS_GRB2,0.33635288,0.3202865,1.0501626,0.8930274,0.034237966,0.8347377546833162,0.06876919881003633,0.918635460221239,0.9234328350926466,0.9948048469914692,2250,1943,1.433880090713501,0.971531093120575,1.4758973121643066,,,,,,,,0.0,1.0,a549+INS_GRB2,a549+INS,GRB2,False,True,4
a549+INS_GRB10,0.33385897,0.31908065,1.0463153,0.893074,0.043447956,0.8293639456252448,0.0816974375340218,0.9186132055212413,0.9229382048555663,0.995313879833372,2275,1921,,,,,,,,,,,,,a549+INS_GRB10,a549+INS,GRB10,False,True,4
a549+INS_HSF1,0.33309677,0.31968573,1.0419507,0.8943988,0.048725106,0.8297522025889751,0.07957362489828894,0.919840643932245,0.9236341529856515,0.9958928445411594,2276,1923,,,,,,,,,,,,,a549+INS_HSF1,a549+INS,HSF1,False,True,4
a549+INS_IGF2,0.33491236,0.31831014,1.0521574,0.89396393,0.02467996,0.8431344095598677,0.06354011795533024,0.9196219214985454,0.9244776915758568,0.9947475530004036,2251,1969,,,,,,,,,,,,,a549+INS_IGF2,a549+INS,IGF2,False,True,4
a549+INS_IKBKB,0.34351483,0.31907606,1.0765923,0.8857622,0.016736839,0.7892064405581745,0.22345593258163615,0.9108997253585718,0.9154996323997561,0.9949755227873476,2629,1483,0.3000187575817108,0.5650677680969238,0.530942976474762,0.060514483600854874,0.6331811547279358,-0.0007692307692307692,0.4907692307692308,0.5947423915580747,0.6743502697490209,0.8819487708953174,16.0,9.0,a549+INS_IKBKB,a549+INS,IKBKB,False,True,4
a549+INS_INSR,0.34093058,0.3220443,1.0586449,0.8916465,0.021340244,0.8258840304000541,0.06851933386249998,0.9173984860491174,0.9224754211704254,0.994496400657628,2249,1932,,,,,,,,,,,,,a549+INS_INSR,a549+INS,INSR,False,True,4
a549+INS_IRS1,0.32922146,0.3137569,1.0492883,0.8952284,0.039752,0.8348152231770114,0.06728576076037321,0.9203202742043114,0.9247626459858759,0.9951962032626993,2237,1966,,,,,,,,,,,,,a549+INS_IRS1,a549+INS,IRS1,False,True,4
a549+INS_IRS2,0.337008,0.320145,1.052673,0.8935692,0.027829755,0.8346628983888783,0.0676375622474113,0.919355873902275,0.9242577462160038,0.9946964227957001,2267,1960,,,,,,,,,,,,,a549+INS_IRS2,a549+INS,IRS2,False,True,4
a549+INS_IRS4,0.3341027,0.3159542,1.0574403,0.8914088,0.0247376,0.8159905552072361,0.08066547318631007,0.9166587688823032,0.9214712007737176,0.9947774473175357,2228,1899,,,,,,,,,,,,,a549+INS_IRS4,a549+INS,IRS4,False,True,4
a549+INS_MAPK1,0.34274313,0.32652166,1.0496796,0.89013493,0.031053532,0.8224446352599246,0.13665785519563695,0.9157160575289408,0.9195033825390004,0.9958811190018663,2364,1771,0.7771286368370056,0.5257805585861206,1.478047490119934,0.25731852650642395,-0.8454075455665588,0.33333333333333337,-0.7666666666666667,0.7724444835159336,0.8096676491456766,0.9540266112039686,3.0,6.0,a549+INS_MAPK1,a549+INS,MAPK1,False,True,4
a549+INS_MAPK3,0.3302099,0.3176261,1.0396184,0.8952708,0.0368989,0.8441603024584943,0.1122497221022344,0.9203494036801321,0.9239625219469395,0.9960895402346038,2303,1879,,,,,,,,,,,,,a549+INS_MAPK3,a549+INS,MAPK3,False,True,4
a549+INS_MTOR,0.35572422,0.31842083,1.1171513,0.8876033,-0.077399924,0.8183703312453835,0.10115897957243455,0.9139237694772637,0.922326938949213,0.9908891640078052,2390,1765,0.06554939597845078,0.012026862241327763,5.450249195098877,-1.0,-1.0,-0.9999999999999999,-0.9999999999999999,0.40954757805856934,0.863024269045455,0.47454931772839715,0.0,2.0,a549+INS_MTOR,a549+INS,MTOR,False,True,4
a549+INS_PIK3CA,0.34598446,0.32044625,1.0796957,0.8881851,-0.085686974,0.8193104974364571,0.08903799620818303,0.914392958450459,0.9210623408201392,0.9927590326147288,2328,1838,0.5972350239753723,0.44203343987464905,1.351108193397522,0.8791464567184448,-0.8762310147285461,1.0,-0.5,0.8899843867573461,0.9456678289633851,0.9411173347547652,2.0,1.0,a549+INS_PIK3CA,a549+INS,PIK3CA,False,True,4
a549+INS_POLR2G,0.3059161,0.322881,0.9474577,0.8695475,0.15524435,0.7496288611200629,0.303011408863538,0.8947070186918916,0.8976904860435255,0.9966765077740957,2632,1406,0.4464362859725952,0.8198297023773193,0.5445475578308105,0.15063714981079102,0.44093966484069824,0.22050770193618505,0.5107692307692308,0.6231199800373298,0.6754202630832171,0.9225663103337433,23.0,2.0,a549+INS_POLR2G,a549+INS,POLR2G,False,False,4
a549+INS_POLR2L,0.37806356,0.3257451,1.1606116,0.8839122,-0.014362221,0.7681292628186387,0.16146644998700752,0.9100956331114777,0.9177697866705262,0.9916382586673628,2507,1619,0.435907781124115,0.7520201206207275,0.5796490907669067,0.12933234870433807,0.5067601799964905,0.1750336635571066,0.4476923076923077,0.578707801990232,0.6515944690905725,0.8881410592664052,18.0,7.0,a549+INS_POLR2L,a549+INS,POLR2L,False,True,4
a549+INS_PTEN,0.33729723,0.31927168,1.0564584,0.89196813,0.020017892,0.8324626387656248,0.058711215942940355,0.9177000976598177,0.9227010598228476,0.9945800840805472,2228,1926,,,,,,,,,,,,,a549+INS_PTEN,a549+INS,PTEN,False,True,4
a549+INS_RAD51,0.30405036,0.33772698,0.90028447,0.8674136,0.23323068,0.7382763645884667,0.3923017110741274,0.8933815965942056,0.8928229553918371,1.000625702104762,2879,1216,0.3369717299938202,0.5944116711616516,0.5668995976448059,0.5803360342979431,0.5579740405082703,0.5384604665709877,0.5853846153846154,0.7712230332157615,0.7732382152354544,0.9973938406302393,22.0,3.0,a549+INS_RAD51,a549+INS,RAD51,False,True,4
a549+INS_RPS6KB1,0.33157024,0.3220687,1.0295016,0.8944382,0.055777356,0.8405704283650772,0.11954255411593788,0.9195580441510336,0.9224356838518233,0.9968803898730657,2346,1840,,,,,,,,,,,,,a549+INS_RPS6KB1,a549+INS,RPS6KB1,False,True,4
a549+INS_SGK1,0.33532712,0.3197445,1.0487345,0.8919674,0.031670615,0.8261958617605183,0.07521419535332724,0.9173731696768291,0.921697065569436,0.9953087667801833,2256,1908,,,,,,,,,,,,,a549+INS_SGK1,a549+INS,SGK1,False,True,4
a549+INS_SHC1,0.33802977,0.3199436,1.0565293,0.8881664,0.023338147,0.8016860878438301,0.08838477651593825,0.9136726444271519,0.9186028272823235,0.9946329548432183,2277,1858,0.3555701971054077,0.47622233629226685,0.7466474771499634,0.494678258895874,0.4397258162498474,0.2076923076923077,0.3876923076923077,0.7920778900190543,0.7580153275307328,1.0449365088688665,15.0,10.0,a549+INS_SHC1,a549+INS,SHC1,False,True,4
a549+INS_SMARCE1,0.32711515,0.32942665,0.9929833,0.8780115,0.1915026,0.7431073085194956,0.36240500096517364,0.9030352314549285,0.9027471495829319,1.0003191169001526,2886,1208,0.4965928792953491,0.9816693067550659,0.505865752696991,-0.02748282253742218,0.5722824335098267,0.2869230769230769,0.6000000000000001,0.4619317657597397,0.5422290147222729,0.8519126664520874,22.0,3.0,a549+INS_SMARCE1,a549+INS,SMARCE1,False,True,4
a549+INS_SP1,0.33934867,0.32600963,1.0409161,0.8917614,0.04472989,0.8312996990283448,0.1265477031364372,0.9173309090956699,0.9207240532423666,0.9963147002245162,2333,1821,1.667803168296814,1.1519427299499512,1.4478178024291992,,,,,,,,0.0,1.0,a549+INS_SP1,a549+INS,SP1,False,True,4
a549+INS_SREBF1,0.33252418,0.31776562,1.0464448,0.89328283,0.0437996,0.8291967855707774,0.07490741597229142,0.9187402086755474,0.9229121928219575,0.9954795437974944,2191,1988,,,,,,,,,,,,,a549+INS_SREBF1,a549+INS,SREBF1,False,True,4
a549+INS_SREBF2,0.3396615,0.32195723,1.0549896,0.89236426,0.026516683,0.8350958821228651,0.0627382168711803,0.9183423913057092,0.9233676353908091,0.9945576995635406,2239,1977,,,,,,,,,,,,,a549+INS_SREBF2,a549+INS,SREBF2,False,True,4
a549+INS_SRF,0.3365369,0.32132626,1.0473372,0.88491356,0.03597491,0.79703455104169,0.10883768931350217,0.9107663962559083,0.9149443531468251,0.995433649186918,2285,1822,0.9730455875396729,0.9143831133842468,1.0641552209854126,0.3535671830177307,0.04582029581069946,0.3469230769230769,-0.016153846153846154,0.7131600681079964,0.6991454546804442,1.020045347264623,13.0,12.0,a549+INS_SRF,a549+INS,SRF,False,True,4
a549+INS_TAF3,0.34012252,0.32031998,1.0618211,0.88974106,0.014391368,0.8167096555893095,0.10071699151667307,0.9152922032716845,0.9202316045389803,0.9946324368311927,2325,1811,0.07184840738773346,0.05940457060933113,1.209476113319397,-1.0,-1.0,-0.9999999999999999,-0.9999999999999999,0.7363431137975073,0.8255656921152077,0.8919255255277136,0.0,2.0,a549+INS_TAF3,a549+INS,TAF3,False,True,4
a549+INS_TAF7,0.34078655,0.32337618,1.0538393,0.8922919,0.025693629,0.8316572395371881,0.06505905340214721,0.9182611903680914,0.9232235447409222,0.9946249698666174,2246,1961,,,,,,,,,,,,,a549+INS_TAF7,a549+INS,TAF7,False,True,4
a549+INS_TAF8,0.34465763,0.3284781,1.0492561,0.8803324,0.03322921,0.7850414907178546,0.1422849798009409,0.9065005784612293,0.9110853625252114,0.9949677777159379,2393,1720,0.5738574862480164,0.7634932994842529,0.7516208291053772,0.03810335323214531,0.39635512232780457,-0.024615384615384615,0.34615384615384615,0.6599310680269835,0.6913029448381933,0.9546192055950916,15.0,10.0,a549+INS_TAF8,a549+INS,TAF8,False,True,4
a549+INS_TSC1,0.3402184,0.3299511,1.0311176,0.8856785,0.06543871,0.8011446294564082,0.09733843408017917,0.9115693465264865,0.9143754950556806,0.9969310764074848,2213,1904,1.0451548099517822,0.8758375644683838,1.193320393562317,0.1734742969274521,-0.03676161170005798,-0.013076923076923076,-0.2653846153846154,0.686360170984323,0.7010222173439611,0.9790847622273803,10.0,15.0,a549+INS_TSC1,a549+INS,TSC1,False,True,4
a549+INS_TSC2,0.33495167,0.32294887,1.0371662,0.89385164,0.053545017,0.8328379405593568,0.07547482817768376,0.919299099553509,0.9228754217794606,0.9961248049936623,2218,1952,,,,,,,,,,,,,a549+INS_TSC2,a549+INS,TSC2,False,True,4
a549+INS_TTF1,0.3388438,0.31943837,1.0607486,0.8885646,0.016112342,0.8050409308899346,0.09834639123636495,0.9139283463083238,0.9190014151986602,0.99447980296174,2299,1825,0.981473445892334,0.7458728551864624,1.315872311592102,-0.0806736946105957,-0.5397138595581055,0.07142857142857144,-0.3571428571428572,0.5821141433736843,0.6673223589609644,0.8723132614349216,5.0,2.0,a549+INS_TTF1,a549+INS,TTF1,False,True,4
a549+INS_TTF2,0.33015326,0.33269408,0.99236286,0.8732067,0.13208672,0.7550914904018009,0.30177479874668167,0.8991810433238518,0.9013146601008682,0.9976327725804686,2738,1361,0.533693790435791,0.8330574035644531,0.6406446695327759,0.22518983483314514,0.43970343470573425,0.34219716699426533,0.4753846153846154,0.7321647785029568,0.7754567896136473,0.9441722457130595,22.0,3.0,a549+INS_TTF2,a549+INS,TTF2,False,True,4
a549+INS_XBP1,0.3146563,0.3115697,1.0099066,0.8804519,0.08099131,0.7778683973995926,0.19771492111623806,0.9049304666761685,0.9074405447482011,0.9972338925271086,2463,1584,0.9631519913673401,1.1420185565948486,0.8433768153190613,0.282858282327652,0.1998099386692047,0.274374305067474,0.10923076923076921,0.7435905700018658,0.7678413676906037,0.9684169169451292,18.0,7.0,a549+INS_XBP1,a549+INS,XBP1,False,True,4
a549+INS_ZNF593,0.33812675,0.31619498,1.0693616,0.892011,-0.003212681,0.8342542985089972,0.06259712845960867,0.9176864889645181,0.9235239708022629,0.9936791225541511,2240,1930,,,,,,,,,,,,,a549+INS_ZNF593,a549+INS,ZNF593,False,True,4
a549+TGFB_CUL1,0.034579627,0.37666005,0.091805935,0.9898576,0.9589155,0.8273245331446057,0.8246984527219863,0.9915763446401583,0.8946377855695519,1.108355091450662,3376,777,0.12015407532453537,0.6231775879859924,0.19280871748924255,0.4035891890525818,0.925358235836029,0.4212348606484214,0.87,0.8512039669160102,0.7901186885320307,1.0773115220163574,16.0,9.0,a549+TGFB_CUL1,a549+TGFB,CUL1,True,False,4
a549+TGFB_MAPK14,0.016921997,0.35119453,0.04818411,0.9949244,0.976302,0.8705846387768207,0.8397396731249659,0.9960628345770952,0.9150969187789125,1.0884779678924306,3464,768,0.5285767316818237,0.6561527252197266,0.8055696487426758,,,,,,,,1.0,0.0,a549+TGFB_MAPK14,a549+TGFB,MAPK14,True,False,4
a549+TNFA_BIRC3,0.018986378,0.23580278,0.08051804,0.99429566,0.9596411,0.8627350301771609,0.851991654256819,0.9956334179687583,0.9433956929431538,1.0553720198389247,3390,665,1.1189197301864624,0.2917930483818054,3.83463454246521,1.0,1.0,0.9999999999999999,0.9999999999999999,0.999905726932952,0.9978059270548145,1.002104417122812,2.0,0.0,a549+TNFA_BIRC3,a549+TNFA,BIRC3,True,False,4
a549+TNFA_CSF1,0.01914773,0.23216641,0.08247416,0.993863,0.9582101,0.8456805000710689,0.8209887881257155,0.995221263486154,0.9405543210682829,1.0581220469603292,3273,764,0.1221376582980156,0.2526368498802185,0.4834514856338501,0.9321605563163757,0.8213393688201904,0.4692307692307692,0.6946153846153846,0.9575629898630201,0.5973356471410423,1.6030568315252771,13.0,12.0,a549+TNFA_CSF1,a549+TNFA,CSF1,True,False,4
bxpc3+IFNG_CUL1,0.08969636,0.32685053,0.27442625,0.97827554,0.87989867,0.8181455129682148,0.7223116981147094,0.9818944927744596,0.8990813127992989,1.0921086655858978,3052,941,0.22764156758785248,1.3684827089309692,0.16634595394134521,0.2547861933708191,0.9541289210319519,0.12435392259645475,0.9261538461538461,0.5476079706092584,0.3455351232558401,1.584811307890689,17.0,8.0,bxpc3+IFNG_CUL1,bxpc3+IFNG,CUL1,True,False,4
bxpc3+INS_CHUK,0.22422794,0.28057444,0.7991745,0.9275116,0.49013013,0.8573912427666381,0.42367906783981685,0.9452347091014185,0.9300482681996473,1.0163286588675322,2805,1487,0.5372896194458008,0.5473044514656067,0.9817015528678894,0.3233274519443512,0.2015671730041504,0.25658781009360465,0.14153846153846153,0.5184173366189253,0.5602347265448548,0.925357376212948,13.0,12.0,bxpc3+INS_CHUK,bxpc3+INS,CHUK,False,True,4
bxpc3+INS_COPS4,0.22430244,0.2755665,0.8139685,0.9275788,0.4670813,0.8460500653077688,0.4114980358010259,0.9451390479253248,0.9301595863436223,1.0161041844879388,2795,1498,0.3544381856918335,0.48700961470603943,0.7277847528457642,0.5211634039878845,0.5409904718399048,0.5653846153846154,0.27153846153846156,0.6790287176460357,0.6420547724464332,1.057586901906702,14.0,11.0,bxpc3+INS_COPS4,bxpc3+INS,COPS4,False,True,4
bxpc3+INS_DR1,0.22793785,0.28242335,0.8070786,0.9265145,0.47585917,0.8454918817918158,0.4208209352836898,0.944183861816044,0.9286645126180426,1.0167114700595699,2784,1504,0.14609965682029724,0.07862181961536407,1.8582583665847778,0.6192651391029358,-0.2548476755619049,0.3569230769230769,0.09846153846153846,0.7109102613795527,0.8746035416620431,0.8128371628001669,17.0,8.0,bxpc3+INS_DR1,bxpc3+INS,DR1,False,True,4
bxpc3+INS_EIF2B1,0.22310327,0.28506064,0.78265196,0.9291841,0.5029484,0.871738579828557,0.4300983516691553,0.94708394258272,0.9316459387240013,1.0165706769246081,2912,1568,0.22687697410583496,0.22673900425434113,1.0006084442138672,0.31153684854507446,0.23664721846580505,0.30769230769230765,-0.12637362637362637,0.5773335183784053,0.592304797295939,0.9747236912719898,6.0,7.0,bxpc3+INS_EIF2B1,bxpc3+INS,EIF2B1,False,True,4
bxpc3+INS_ELK1,0.22380812,0.28084606,0.79690677,0.92730415,0.47613272,0.8808726108424193,0.4156572982219261,0.9457620442913232,0.9319511349152341,1.0148193492755875,2965,1580,0.06978641450405121,0.11311893165111542,0.6169295907020569,0.8011537790298462,0.7235149145126343,0.5476190476190477,0.8333333333333335,0.8730101647864095,0.8011275776545953,1.0897267665435506,5.0,3.0,bxpc3+INS_ELK1,bxpc3+INS,ELK1,False,True,4
bxpc3+INS_FOS,0.22174634,0.27746245,0.79919404,0.92753947,0.4796028,0.8651439370390684,0.413919008443471,0.9455257371698794,0.931236574926429,1.015344288044721,2882,1459,0.11552697420120239,0.10994940996170044,1.050728440284729,0.004862215369939804,0.15198825299739838,-0.03461538461538462,0.10692307692307691,0.42951407214061343,0.6101979337154048,0.7038930294722008,16.0,9.0,bxpc3+INS_FOS,bxpc3+INS,FOS,False,True,4
bxpc3+INS_FOXM1,0.2250765,0.2818031,0.7987013,0.92721343,0.4838473,0.8608396279693542,0.4279483306053478,0.9450114304507957,0.9300016565277999,1.0161395131047781,2844,1504,0.12640243768692017,0.09732559323310852,1.2987585067749023,0.8551590442657471,0.16821852326393127,0.8153846153846154,0.4246153846153846,0.9234281499172966,0.9242464300731719,0.9991146515374579,15.0,10.0,bxpc3+INS_FOXM1,bxpc3+INS,FOXM1,False,True,4
bxpc3+INS_FOXO1,0.2143594,0.2757083,0.77748626,0.9307369,0.50535506,0.8701003550818247,0.43319976224925455,0.9480777034584082,0.932598451188028,1.0165979819617559,2867,1554,0.04643430560827255,0.0648600310087204,0.7159155607223511,0.6715865731239319,0.4370073676109314,0.49638802889576883,0.46955624355005166,0.7846458255429276,0.8069063383899149,0.9724125195355319,12.0,6.0,bxpc3+INS_FOXO1,bxpc3+INS,FOXO1,False,False,4
bxpc3+INS_FOXO3,0.21959704,0.27907643,0.7868706,0.9282929,0.49365988,0.8616621027603035,0.42888330374365313,0.9461166211304995,0.9310954824067817,1.016132758677864,2856,1492,0.1809879094362259,0.2048931121826172,0.8833284378051758,0.5946296453475952,0.35223495960235596,0.53,0.10846153846153846,0.7313252927671513,0.6904129314722706,1.0592578143164804,15.0,10.0,bxpc3+INS_FOXO3,bxpc3+INS,FOXO3,False,True,4
bxpc3+INS_FOXO4,0.23884399,0.30495825,0.78320223,0.9030267,0.45254308,0.7840581237433689,0.44233624653874826,0.922183184589743,0.9030286605923481,1.0212114242141888,2784,1298,0.6149646043777466,0.784453809261322,0.7839398384094238,-0.30598947405815125,0.28391796350479126,-0.4690444232054901,0.2907692307692308,0.011710157076181393,0.007445301090599932,1.5728251864744673,19.0,6.0,bxpc3+INS_FOXO4,bxpc3+INS,FOXO4,False,True,4
bxpc3+INS_GRB2,0.21635383,0.27776468,0.7789105,0.929861,0.50202584,0.8669859420164553,0.4179897267480792,0.9474769416387595,0.9324453266574023,1.0161206395180744,2860,1599,0.136714369058609,0.1683751344680786,0.8119629621505737,0.7753695845603943,0.45872747898101807,0.6569230769230769,0.42923076923076925,0.8440723629559198,0.8396061623598992,1.0053193994949576,16.0,9.0,bxpc3+INS_GRB2,bxpc3+INS,GRB2,False,True,4
bxpc3+INS_GRB10,0.21649645,0.2790039,0.7759621,0.93003047,0.5075777,0.8711659759950494,0.4279367973765059,0.9476969763517361,0.9322983436468677,1.0165168508662512,2925,1605,1.4944967031478882,1.5800065994262695,0.9458800554275513,0.43157342076301575,0.4100194573402405,0.7142857142857143,0.028571428571428574,0.6253018334496604,0.5955814874896913,1.0499013931498056,1.0,5.0,bxpc3+INS_GRB10,bxpc3+INS,GRB10,False,True,4
bxpc3+INS_HSF1,0.21844067,0.28002647,0.7800715,0.93032014,0.5014041,0.868242413332133,0.419293852716576,0.9480391769660336,0.9329282869482037,1.0161972685674057,2945,1614,0.054726243019104004,0.09126335382461548,0.5996518731117249,0.3498495817184448,0.7597771883010864,0.3,0.48333333333333334,0.702075149737311,0.5077824596372345,1.3826297785844779,5.0,4.0,bxpc3+INS_HSF1,bxpc3+INS,HSF1,False,True,4
bxpc3+INS_IGF2,0.21203423,0.2722773,0.7787437,0.93107617,0.50225466,0.8788294434306133,0.42509627414186263,0.9484673172440972,0.9336141061371714,1.0159093687737655,2923,1602,0.4051847457885742,0.42935606837272644,0.943703293800354,0.5641010999679565,0.5480748414993286,0.7692307692307694,0.5174825174825175,0.7479135817343279,0.6673612445708781,1.1207027495509512,6.0,6.0,bxpc3+INS_IGF2,bxpc3+INS,IGF2,False,True,4
bxpc3+INS_IKBKB,0.2389191,0.27411237,0.87161005,0.92850196,0.41602728,0.8503557438343258,0.376635292288424,0.9457230013126183,0.9322235540067284,1.014480912060062,2762,1575,0.33301153779029846,0.3941020667552948,0.8449880480766296,0.3174722492694855,0.596216082572937,0.4415384615384615,0.5161538461538462,0.5984159561733731,0.5677860333303704,1.0539462421492507,10.0,15.0,bxpc3+INS_IKBKB,bxpc3+INS,IKBKB,False,True,4
bxpc3+INS_INSR,0.21995208,0.27812824,0.7908297,0.92871714,0.49269867,0.8650534736981932,0.4168115705839153,0.9466029062568277,0.9318253080128978,1.0158587646384525,2829,1559,0.123508520424366,0.16411741077899933,0.7525619864463806,0.8621115684509277,0.33798015117645264,0.2967032967032967,0.5,0.863524131674671,0.7999201794145149,1.0795128737803685,10.0,3.0,bxpc3+INS_INSR,bxpc3+INS,INSR,False,True,4
bxpc3+INS_IRS1,0.21054208,0.2725085,0.7726074,0.9312706,0.5099476,0.8668371673808324,0.4176107973341379,0.9486024010327757,0.9330907403660442,1.0166239573448628,2832,1616,0.3196001648902893,0.3213513195514679,0.9945506453514099,0.7749516367912292,0.20915347337722778,0.6222910216718266,0.47781217750258,0.813604603172388,0.7355064094978363,1.1061828866017265,13.0,5.0,bxpc3+INS_IRS1,bxpc3+INS,IRS1,False,True,4
bxpc3+INS_IRS2,0.21759307,0.27944547,0.77866024,0.9284696,0.50384575,0.8553028563898034,0.4152844491683435,0.9463538234901809,0.9307920948196992,1.0167188019291207,2786,1541,0.30638161301612854,0.40955084562301636,0.7480917572975159,0.09965942800045013,0.5203167200088501,0.1815384615384615,0.5561538461538461,0.44381586293748176,0.43924147893582033,1.010414280574649,18.0,7.0,bxpc3+INS_IRS2,bxpc3+INS,IRS2,False,True,4
bxpc3+INS_IRS4,0.22082481,0.280504,0.787243,0.9288275,0.49711666,0.8524710275377023,0.4220759036137797,0.9464364971294629,0.9311138451760864,1.016456260459191,2819,1522,0.1684252917766571,0.10114994645118713,1.6651051044464111,0.3522651493549347,-0.15630006790161133,0.2388920990526664,-0.1323076923076923,0.5530531594580603,0.6454893766681389,0.8567966870543833,12.0,13.0,bxpc3+INS_IRS4,bxpc3+INS,IRS4,False,True,4
bxpc3+INS_MAPK1,0.21795835,0.27160203,0.8024916,0.9311402,0.48242423,0.8652396582682841,0.43738201198231774,0.9482035558038641,0.9339265293485661,1.0152870980817479,2851,1487,0.41999930143356323,0.4791107177734375,0.8766226172447205,0.5057641267776489,0.39984872937202454,0.6369230769230769,0.49538461538461537,0.7715390968779882,0.7454543723873127,1.0349917117088459,14.0,11.0,bxpc3+INS_MAPK1,bxpc3+INS,MAPK1,False,True,4
bxpc3+INS_MAPK3,0.21263233,0.27626935,0.7696559,0.93176895,0.5241971,0.8779259242354307,0.45347651532190747,0.9489942355981068,0.9331970228386665,1.016928057390697,2997,1526,0.02549932524561882,0.021755797788500786,1.1720703840255737,-0.10380293428897858,-0.24630707502365112,0.07142857142857144,-0.1785714285714286,0.3882135496722138,0.4428186357741486,0.876687470466385,4.0,3.0,bxpc3+INS_MAPK3,bxpc3+INS,MAPK3,False,True,4
bxpc3+INS_MTOR,0.2159945,0.2729979,0.7911948,0.92566997,0.48615286,0.8348083829738565,0.42775602373561794,0.9432859479015357,0.9269072217505416,1.0176702972710274,2824,1440,0.3222922384738922,0.3099122941493988,1.0399465560913086,0.5631176829338074,0.07701179385185242,0.4476923076923077,0.10307692307692308,0.7007046136721351,0.7083272167152233,0.9892385851295719,18.0,7.0,bxpc3+INS_MTOR,bxpc3+INS,MTOR,False,True,4
bxpc3+INS_PIK3CA,0.21839312,0.27485868,0.7945651,0.9212495,0.48182747,0.8306299087597014,0.417257265165651,0.938813714406554,0.9223738102293431,1.0178234724304707,2793,1435,0.15100888907909393,0.14924031496047974,1.0118504762649536,-0.29165583848953247,0.043980903923511505,-0.03788219457515491,0.13846153846153847,0.39639328956164266,0.4497691257812313,0.8813261445483238,17.0,8.0,bxpc3+INS_PIK3CA,bxpc3+INS,PIK3CA,False,True,4
bxpc3+INS_POLR2G,0.23782219,0.28364906,0.83843815,0.9225645,0.42814383,0.8129784916337898,0.39127453071054447,0.9407306211229552,0.9254983437645256,1.01645845987846,2761,1491,0.273403137922287,0.284575492143631,0.9607402682304382,0.7417653799057007,0.048143014311790466,0.5988450422399643,0.10846153846153846,0.7877613168060027,0.7924513381324821,0.9940816286113768,17.0,8.0,bxpc3+INS_POLR2G,bxpc3+INS,POLR2G,False,False,4
bxpc3+INS_POLR2L,0.24363142,0.27638724,0.88148576,0.9229202,0.3891397,0.8101193945285646,0.37943970561261087,0.9407217917098126,0.9262791066222283,1.0155921524995322,2804,1450,0.1499834507703781,0.16528892517089844,0.9074016809463501,0.5770280361175537,0.11986876279115677,0.3981506510827758,0.3946153846153846,0.6455025762855365,0.7458399991483866,0.8654705795111323,20.0,5.0,bxpc3+INS_POLR2L,bxpc3+INS,POLR2L,False,True,4
bxpc3+INS_PTEN,0.21640788,0.27575976,0.7847696,0.92912906,0.49825224,0.8560636673887877,0.4131019090123228,0.9467126236483053,0.9316431433314624,1.016175163660794,2803,1533,0.15727606415748596,0.21538503468036652,0.7302088737487793,0.8137440085411072,0.5110911726951599,0.52,0.4815384615384616,0.8532752311128687,0.8036468860429351,1.0617539194537267,15.0,10.0,bxpc3+INS_PTEN,bxpc3+INS,PTEN,False,True,4
bxpc3+INS_RAD51,0.23832583,0.27081475,0.8800327,0.92745495,0.40391418,0.8163684865694465,0.38493915249660204,0.9444185054106387,0.9302158438119744,1.0152681355549293,2789,1525,0.32743003964424133,0.356200635433197,0.91922926902771,0.5424100160598755,0.33130520582199097,0.24230769230769234,0.3246153846153846,0.6701739457167607,0.6895319857765664,0.9719258272870341,16.0,9.0,bxpc3+INS_RAD51,bxpc3+INS,RAD51,False,True,4
bxpc3+INS_RPS6KB1,0.21272288,0.27953842,0.76097906,0.9315056,0.53365374,0.8763696682842064,0.4596146796459825,0.948853774092073,0.9323160427176389,1.017738331871055,2984,1486,0.10592576116323471,0.12250003963708878,0.8646998405456543,0.6641229391098022,0.40396639704704285,0.39999999999999997,0.0,0.7399864160093076,0.7321168402705566,1.0107490707847162,4.0,1.0,bxpc3+INS_RPS6KB1,bxpc3+INS,RPS6KB1,False,True,4
bxpc3+INS_SGK1,0.21586923,0.27681538,0.77983105,0.9294948,0.504941,0.8674982930518546,0.42794673458766097,0.9472896960628745,0.931881701839565,1.0165342813287284,2888,1534,0.012170587666332722,0.017474008724093437,0.6964966058731079,-0.1891680806875229,0.4888634979724884,-0.21666666666666667,0.39999999999999997,0.5976597192666512,0.6389918103623554,0.9353167123186353,5.0,4.0,bxpc3+INS_SGK1,bxpc3+INS,SGK1,False,True,4
bxpc3+INS_SHC1,0.22033328,0.28235668,0.7803367,0.9296082,0.5107504,0.8658022002663852,0.4381454362676571,0.9472411590711565,0.9314719514371986,1.0169293424344414,2846,1539,0.1723233461380005,0.2183324098587036,0.7892705798149109,0.7080349922180176,0.5973221063613892,0.6392307692307693,0.4392307692307692,0.7654901526210968,0.6630791918875796,1.1544475561689473,17.0,8.0,bxpc3+INS_SHC1,bxpc3+INS,SHC1,False,True,4
bxpc3+INS_SMARCE1,0.19906545,0.3217159,0.6187616,0.9041029,0.58817375,0.7641140380662266,0.5841897991535868,0.9221561702988196,0.8971218668479227,1.0279051312603225,3077,965,0.5053697824478149,0.731656014919281,0.6907204389572144,-0.37518149614334106,0.47130149602890015,-0.4352387290875916,0.3723076923076923,0.07636390675210925,0.15090691338247264,0.5060331898682825,16.0,9.0,bxpc3+INS_SMARCE1,bxpc3+INS,SMARCE1,False,True,4
bxpc3+INS_SP1,0.22159864,0.2830665,0.7828501,0.9293616,0.5095761,0.8680789430403788,0.4447089226151974,0.9471578225440511,0.9314080584387949,1.0169096283444827,2903,1465,0.12265022099018097,0.14099985361099243,0.8698606491088867,0.47469857335090637,0.30406635999679565,0.7195075561447023,0.33307692307692305,0.5602630172664576,0.5609206819186838,0.9988275264695595,19.0,6.0,bxpc3+INS_SP1,bxpc3+INS,SP1,False,True,4
bxpc3+INS_SREBF1,0.21380198,0.27174917,0.78676224,0.93039495,0.49021128,0.8682399369714684,0.4198509780114539,0.947842798599163,0.933380558989432,1.0154944727211688,2855,1602,0.21393217146396637,0.2656981945037842,0.8051698207855225,0.3898707628250122,0.49568918347358704,0.48260869565217385,0.5765217391304347,0.5997153332311613,0.5367610644900865,1.1172854607121703,19.0,5.0,bxpc3+INS_SREBF1,bxpc3+INS,SREBF1,False,True,4
bxpc3+INS_SREBF2,0.2201758,0.28069615,0.78439194,0.9283812,0.49638057,0.8741414425887895,0.42238437102800713,0.9464255048681538,0.9313562859554483,1.0161798649345524,2930,1599,0.07799452543258667,0.11319875717163086,0.6890051364898682,0.12650153040885925,0.5779787302017212,-0.16666666666666669,0.2833333333333333,0.6085299048323042,0.5138038540420384,1.1843622815303279,4.0,5.0,bxpc3+INS_SREBF2,bxpc3+INS,SREBF2,False,True,4
bxpc3+INS_SRF,0.2220508,0.2834819,0.783298,0.92861116,0.5073924,0.857929663301267,0.43709705983954167,0.9463289373855986,0.9300743947408285,1.0174766048142843,2862,1499,0.3047346770763397,0.27283087372779846,1.116936206817627,0.4579589366912842,0.012002156116068363,0.4438461538461538,0.10153846153846155,0.6464138491733961,0.7174892883245039,0.9009386755904263,16.0,9.0,bxpc3+INS_SRF,bxpc3+INS,SRF,False,True,4
bxpc3+INS_TAF3,0.2188825,0.2736033,0.79999954,0.93016386,0.4844627,0.8654609959416981,0.4198873783511897,0.9476476122744432,0.9331804453140425,1.0155030755659824,2875,1598,0.1544746309518814,0.14437800645828247,1.0699318647384644,0.09834914654493332,-0.005730650387704372,0.35714285714285715,0.010989010989010988,0.38156059882371274,0.4425328890738689,0.8622197541571233,7.0,6.0,bxpc3+INS_TAF3,bxpc3+INS,TAF3,False,True,4
bxpc3+INS_TAF7,0.21955371,0.2818071,0.7790922,0.9288317,0.5072614,0.869040682308074,0.4345427660226687,0.9467276033441595,0.9312182951353317,1.0166548577168728,2872,1546,0.14239934086799622,0.24941162765026093,0.5709410905838013,0.793422281742096,0.651251494884491,0.3205882352941176,0.4382352941176471,0.8604962707684818,0.8685536807215652,0.9907231871421124,10.0,6.0,bxpc3+INS_TAF7,bxpc3+INS,TAF7,False,True,4
bxpc3+INS_TAF8,0.20964405,0.26389536,0.79442114,0.9253803,0.47581312,0.8248397719637861,0.4187159319473768,0.9425221576178042,0.9269084599527782,1.0168449187159447,2748,1491,0.4650280475616455,0.34615805745124817,1.3433979749679565,0.3305020332336426,-0.2966201901435852,0.3729757530235317,-0.21076923076923076,0.5185218247396433,0.6476367950837636,0.8006367591769998,10.0,15.0,bxpc3+INS_TAF8,bxpc3+INS,TAF8,False,True,4
bxpc3+INS_TSC1,0.21499549,0.2738813,0.7849952,0.92231095,0.49668643,0.8213537799197649,0.39982370017594543,0.9399982517439851,0.9228691021240952,1.0185607575120514,2671,1557,1.079111933708191,1.2558461427688599,0.8592708110809326,0.5322474837303162,0.5161657929420471,0.4507373861733155,0.5830769230769232,0.678611963547925,0.5999318147345397,1.1311484853461222,17.0,8.0,bxpc3+INS_TSC1,bxpc3+INS,TSC1,False,True,4
bxpc3+INS_TSC2,0.21360216,0.27447218,0.7782288,0.9274101,0.5067343,0.8405385867932488,0.40087372404402083,0.9448097441008434,0.9286236384726504,1.0174302106446644,2679,1567,0.3973720669746399,0.4422564208507538,0.8985105752944946,0.24431557953357697,0.3251980245113373,0.38953052342939853,0.21999999999999997,0.4447259739130811,0.40870259942766896,1.088140801002631,13.0,12.0,bxpc3+INS_TSC2,bxpc3+INS,TSC2,False,True,4
bxpc3+INS_TTF1,0.21941061,0.27967387,0.78452307,0.9275243,0.5039191,0.852844852979354,0.43826751692219873,0.9450977292884771,0.9289760118838454,1.0173542881607234,2811,1488,0.2945987284183502,0.3207480311393738,0.918474018573761,0.6948704719543457,0.35522931814193726,0.8093864354376973,0.576923076923077,0.8447323048267055,0.8158290832721946,1.035428035292127,17.0,8.0,bxpc3+INS_TTF1,bxpc3+INS,TTF1,False,True,4
bxpc3+INS_TTF2,0.25150257,0.27960962,0.89947754,0.92660165,0.39115375,0.8302154426222064,0.3543043090246595,0.944162653767323,0.9312004908244523,1.0139198411841412,2738,1642,0.14761002361774445,0.2326478362083435,0.6344783902168274,0.9264440536499023,0.5564891695976257,0.53,0.40461538461538454,0.9426177755034105,0.9333688099597534,1.0099092292831768,20.0,5.0,bxpc3+INS_TTF2,bxpc3+INS,TTF2,False,True,4
bxpc3+INS_XBP1,0.2211856,0.3051043,0.7249508,0.9124025,0.553015,0.7939680035549255,0.49107315940124363,0.9296024054955186,0.9034402781483315,1.0289583362397883,2873,1281,0.5298730731010437,0.6740526556968689,0.7861003875732422,-0.2065722793340683,0.4133680760860443,-0.17813882275051715,0.6353846153846153,0.052385595383513284,0.05360334973450831,0.9772821221616479,18.0,7.0,bxpc3+INS_XBP1,bxpc3+INS,XBP1,False,True,4
bxpc3+INS_ZNF593,0.22091052,0.27722335,0.7968684,0.9279707,0.4875639,0.86383083471228,0.42897708060453965,0.9460012822795252,0.931591439550347,1.0154679853392958,2855,1554,0.04018266871571541,0.0880814641714096,0.45619893074035645,0.05317411571741104,0.7810972929000854,-0.11455108359133126,0.6016511867905057,0.399753521341802,0.32355571167276,1.2355013585608017,14.0,4.0,bxpc3+INS_ZNF593,bxpc3+INS,ZNF593,False,True,4
bxpc3+TGFB_MAPK14,0.038776178,0.25665036,0.15108562,0.9876524,0.92257607,0.8805404008392498,0.8006710959766272,0.9905977670538599,0.9364293223787377,1.0578457373990837,3194,719,1.6939258575439453,0.5161466002464294,3.281869649887085,-0.34264665842056274,0.10448034107685089,0.0,0.19999999999999998,0.5741639162812238,0.8276047123348831,0.6937658857226193,3.0,1.0,bxpc3+TGFB_MAPK14,bxpc3+TGFB,MAPK14,True,False,4
bxpc3+TGFB_SMAD9,0.021604752,0.2571624,0.0840121,0.99331176,0.95793974,0.855958842799208,0.8324270109370214,0.9948873912886127,0.9351358690833067,1.0638960863129752,3248,643,,,,,,,,,,,,,bxpc3+TGFB_SMAD9,bxpc3+TGFB,SMAD9,True,False,4
bxpc3+TNFA_CSF1,0.015344185,0.33367872,0.045984905,0.9950435,0.97698426,0.8456153499202099,0.860726933729052,0.996193553214141,0.9110319071270614,1.0934782255383753,3420,685,0.03038107603788376,0.24570558965206146,0.12364829331636429,0.8257089257240295,0.9625345468521118,0.6963404062597267,0.9615384615384615,0.8788754151819476,0.41043248865303084,2.141339780547749,20.0,5.0,bxpc3+TNFA_CSF1,bxpc3+TNFA,CSF1,True,False,4
bxpc3+TNFA_IKBKE,0.027811987,0.33815145,0.08224713,0.9921199,0.96149164,0.8162457884267796,0.8453404558615566,0.9938639825396083,0.910763503342234,1.0912426539847282,3417,684,0.0441930778324604,0.34735649824142456,0.12722685933113098,0.6063055992126465,0.9114604592323303,0.4681669638439533,0.8753846153846153,0.7703062501752701,0.6565409725809116,1.173279783510142,19.0,6.0,bxpc3+TNFA_IKBKE,bxpc3+TNFA,IKBKE,True,False,4
bxpc3+TNFA_TRAF2,0.016091004,0.3387768,0.047497362,0.9946306,0.97599447,0.8448865475230414,0.8670452655397621,0.9958522937271403,0.9089962406712783,1.095551608653211,3446,631,0.05701589956879616,0.5086622834205627,0.11208988726139069,0.7538889050483704,0.960902750492096,0.83,0.9492307692307692,0.8984797878770835,0.528183121572386,1.7010762956649106,19.0,6.0,bxpc3+TNFA_TRAF2,bxpc3+TNFA,TRAF2,True,False,4
hap1+IFNB_MAPK14,0.01615376,0.34125313,0.047336593,0.9948103,0.97651625,0.8716062833359115,0.8627195871127127,0.9959861512568566,0.9100566504110499,1.0944221448269122,3486,753,0.20088398456573486,1.0635648965835571,0.18887796998023987,0.8929950594902039,0.9616531729698181,0.5,1.0,0.9549540452026707,0.5540293868817836,1.7236523329157531,2.0,1.0,hap1+IFNB_MAPK14,hap1+IFNB,MAPK14,True,False,4
hap1+INS_FOXO1,0.01046833,0.35510167,0.029479811,0.9966204,0.98564947,0.8802265374153818,0.8977975111412941,0.9973813232643032,0.904143579343199,1.1031227186160357,3648,663,0.0002569441276136786,0.00048663438064977527,0.5280024409294128,,,,,,,,1.0,0.0,hap1+INS_FOXO1,hap1+INS,FOXO1,True,False,4
hap1+INS_POLR2G,0.11788386,0.4349457,0.2710312,0.96753466,0.8662325,0.756908831791808,0.6957772180614944,0.9721338866056762,0.8608293763092835,1.1292991542337918,2991,917,0.2284235954284668,1.3875300884246826,0.16462604701519012,-0.22375299036502838,0.9342370629310608,-0.38732936689791353,0.846923076923077,0.07828767867483466,0.021997563989103353,3.558924920669171,14.0,11.0,hap1+INS_POLR2G,hap1+INS,POLR2G,True,False,4
hap1+TGFB_AKT1,0.4089787,0.23065273,1.7731361,0.8551835,-0.429654,0.8237780308351003,-0.22083135271286297,0.8900793261686168,0.9388585942362699,0.9480440735515305,1846,2238,,,,,,,,,,,,,hap1+TGFB_AKT1,hap1+TGFB,AKT1,False,True,4
hap1+TGFB_ATF2,0.40683144,0.23238496,1.7506789,0.8538744,-0.40170828,0.7955117456825347,-0.18893418595239203,0.8879453166465925,0.9370094380643348,0.9476375376547983,1836,2186,1.1435680389404297,0.9995920062065125,1.144034743309021,,,,,,,,0.0,1.0,hap1+TGFB_ATF2,hap1+TGFB,ATF2,False,True,4
hap1+TGFB_CHUK,0.39029375,0.23138545,1.6867688,0.8602319,-0.39645028,0.8164092632910468,-0.18873275718301483,0.8931983176751415,0.9379588640237311,0.9522787746185667,1841,2220,0.33731403946876526,0.2615346312522888,1.289749026298523,-1.0,-1.0,-0.9999999999999999,-0.9999999999999999,0.853957784950064,0.8794218312206654,0.9710445597703021,1.0,1.0,hap1+TGFB_CHUK,hap1+TGFB,CHUK,False,True,4
hap1+TGFB_CREBBP,0.4003164,0.22936909,1.7452935,0.85029197,-0.3924197,0.7635262957690937,-0.140928539280938,0.8815396080400113,0.9279981385704956,0.9499368278884159,1863,2119,1.0644649267196655,0.6063363552093506,1.7555683851242065,0.10005928575992584,-0.574708104133606,0.16837365681992414,-0.4553846153846154,0.5425353883984257,0.5574477323170717,0.9732488930277612,12.0,13.0,hap1+TGFB_CREBBP,hap1+TGFB,CREBBP,False,True,4
hap1+TGFB_CUL1,0.45777538,0.2741908,1.6695504,0.8167734,-0.42126915,0.7320024019597994,-0.08845581422484752,0.8523398939992354,0.91123002822962,0.9353729218682586,1979,1927,1.5317171812057495,1.1836061477661133,1.2941105365753174,0.28512340784072876,-0.40898042917251587,0.18476410947796235,-0.4323076923076923,0.6274777639483964,0.6740435111265339,0.930915814173017,16.0,9.0,hap1+TGFB_CUL1,hap1+TGFB,CUL1,False,False,4
hap1+TGFB_EP300,0.4042616,0.2371394,1.7047423,0.85044324,-0.37319648,0.760853254240365,-0.11861930751894471,0.883724728163099,0.9333198194143275,0.9468616328298373,1991,2010,0.716686487197876,0.41581374406814575,1.7235757112503052,0.21165604889392853,-0.5639523863792419,0.08732705931759506,-0.3815384615384615,0.5330218654006877,0.6200478604977125,0.8596463262897658,14.0,11.0,hap1+TGFB_EP300,hap1+TGFB,EP300,False,True,4
hap1+TGFB_FOS,0.40325698,0.23168793,1.7405179,0.8560996,-0.43184596,0.819616828410644,-0.2156309294465698,0.890188714748931,0.9378447341996224,0.9491855978789899,1866,2193,0.8116640448570251,0.17629067599773407,4.604123592376709,1.0,-1.0,0.9999999999999999,-0.9999999999999999,0.9947076394848747,0.999938045212615,0.9947692702035074,1.0,1.0,hap1+TGFB_FOS,hap1+TGFB,FOS,False,True,4
hap1+TGFB_FOXP2,0.40961167,0.23194736,1.7659682,0.85021305,-0.40302593,0.7795084453962117,-0.17867623348624895,0.8838438865749249,0.9342187965612447,0.9460780384940398,1811,2170,0.7108089923858643,0.3802271783351898,1.8694323301315308,0.2457953691482544,-0.20084473490715027,0.4123076923076923,-0.09230769230769231,0.642172075774994,0.7352529027962217,0.8734029792099639,15.0,10.0,hap1+TGFB_FOXP2,hap1+TGFB,FOXP2,False,True,4
hap1+TGFB_HDAC4,0.41464052,0.2388457,1.7360183,0.8462848,-0.3620297,0.7545937606734215,-0.1172094652529299,0.8803150526444867,0.9327413397273079,0.9437933274211388,1990,2003,1.1317721605300903,0.8172983527183533,1.3847723007202148,0.4525841474533081,-0.15334193408489227,0.5123076923076924,-0.12153846153846154,0.6335897350537864,0.7465607952575327,0.8486780166847953,14.0,11.0,hap1+TGFB_HDAC4,hap1+TGFB,HDAC4,False,True,4
hap1+TGFB_HDAC5,0.4031618,0.2302968,1.7506182,0.85887265,-0.38450623,0.8204917821289561,-0.19557933710086473,0.8931688080033282,0.9397604369927745,0.9504218020301652,1879,2264,,,,,,,,,,,,,hap1+TGFB_HDAC5,hap1+TGFB,HDAC5,False,True,4
hap1+TGFB_HRAS,0.39806554,0.22732705,1.7510698,0.86097765,-0.3857763,0.8304202942162275,-0.19489315383466513,0.8951313852296194,0.9408365851505078,0.9514206817185188,1945,2293,,,,,,,,,,,,,hap1+TGFB_HRAS,hap1+TGFB,HRAS,False,True,4
hap1+TGFB_IKBKB,0.38188204,0.23473448,1.6268681,0.85245514,-0.34526962,0.7705917757797464,-0.07173653644186584,0.8844478550592016,0.9307172833537503,0.9502862693944812,2082,1902,1.0281120538711548,0.8381044864654541,1.2267110347747803,0.3250943124294281,-0.33457526564598083,0.2071683577312043,-0.2746153846153846,0.6949619665469515,0.7214248576558981,0.9633185759707094,16.0,9.0,hap1+TGFB_IKBKB,hap1+TGFB,IKBKB,False,True,4
hap1+TGFB_IRF7,0.40991622,0.22729883,1.8034242,0.85491866,-0.45512938,0.829229225139869,-0.23452893088410118,0.8899487523681547,0.9400223386731773,0.9467314932369582,1845,2270,,,,,,,,,,,,,hap1+TGFB_IRF7,hap1+TGFB,IRF7,False,True,4
hap1+TGFB_JUN,0.4088558,0.230882,1.770843,0.85576355,-0.44964772,0.8293165335370302,-0.23608538265423115,0.8905669322142777,0.9391560256276971,0.9482630233022844,1832,2258,,,,,,,,,,,,,hap1+TGFB_JUN,hap1+TGFB,JUN,False,True,4
hap1+TGFB_KRAS,0.40671065,0.23325373,1.7436405,0.85669994,-0.39642978,0.8099991735914374,-0.19311218081138118,0.8907420970810346,0.9375802791038833,0.9500435503319081,1817,2236,0.2012811154127121,0.1581314206123352,1.2728723287582397,-1.0,1.0,-0.9999999999999999,0.9999999999999999,0.598463553648742,0.9379432432125705,0.638059454001642,1.0,1.0,hap1+TGFB_KRAS,hap1+TGFB,KRAS,False,True,4
hap1+TGFB_MAP3K7,0.39585704,0.23055318,1.716988,0.86002016,-0.40364748,0.8276110592685759,-0.2095375484717754,0.8938221676818754,0.939213409630701,0.9516710031145388,1867,2239,,,,,,,,,,,,,hap1+TGFB_MAP3K7,hap1+TGFB,MAP3K7,False,True,4
hap1+TGFB_MAPK1,0.38818648,0.2304585,1.6844095,0.8609239,-0.38813677,0.8103439138760338,-0.17762274160001115,0.8936713388954797,0.9381137290468377,0.9526257970912404,1862,2188,0.8442251682281494,1.649797797203064,0.5117143392562866,,,,,,,,1.0,0.0,hap1+TGFB_MAPK1,hap1+TGFB,MAPK1,False,True,4
hap1+TGFB_MAPK3,0.3911249,0.23213655,1.6848916,0.86138,-0.38281572,0.8243729154659016,-0.1888835326086605,0.894550992463579,0.9383501356437213,0.9533232409562179,1826,2239,,,,,,,,,,,,,hap1+TGFB_MAPK3,hap1+TGFB,MAPK3,False,True,4
hap1+TGFB_MAPK14,0.4126296,0.2301043,1.7932286,0.8551576,-0.42249554,0.8236345814743014,-0.23767660838721935,0.8901667880567232,0.939275774536392,0.9477161151059091,1786,2299,,,,,,,,,,,,,hap1+TGFB_MAPK14,hap1+TGFB,MAPK14,False,False,4
hap1+TGFB_MED15,0.40951207,0.2287261,1.7904037,0.8514321,-0.4502048,0.7938140229412135,-0.21833440664064901,0.8859425445153171,0.9373229581859988,0.9451838736884048,1825,2187,1.1084543466567993,0.6372596025466919,1.7394077777862549,-0.11160696297883987,-0.4922729432582855,0.046153846153846156,-0.5884615384615385,0.2359025922431689,0.442376877140215,0.5332615795115295,8.0,17.0,hap1+TGFB_MED15,hap1+TGFB,MED15,False,False,4
hap1+TGFB_MYC,0.4144661,0.23052359,1.7979337,0.853999,-0.45001775,0.8335207273356356,-0.23005397301763034,0.8894314096772875,0.939520189512189,0.946686851018169,1881,2268,,,,,,,,,,,,,hap1+TGFB_MYC,hap1+TGFB,MYC,False,True,4
hap1+TGFB_NFKB1,0.421255,0.23878364,1.7641702,0.8451656,-0.45285165,0.7828625328521841,-0.204935411910826,0.8804642006731211,0.9332810085679281,0.9434073902608908,1842,2174,1.3517711162567139,0.9080540537834167,1.4886460304260254,0.4954097270965576,-0.378318727016449,0.5392307692307693,-0.39,0.716517168857729,0.7751313755125789,0.924381584197789,11.0,14.0,hap1+TGFB_NFKB1,hap1+TGFB,NFKB1,False,True,4
hap1+TGFB_NRAS,0.39085227,0.23225422,1.6828641,0.8493905,-0.34814018,0.7524075792614834,-0.06396333098694446,0.8820794169613246,0.9314412916216346,0.9470048460334294,2081,1912,0.8818506002426147,0.66385817527771,1.3283720016479492,0.25052523612976074,-0.23147977888584137,0.2508174695367769,-0.20230769230769227,0.6881273639588784,0.8113463093550286,0.8481302694356226,15.0,10.0,hap1+TGFB_NRAS,hap1+TGFB,NRAS,False,True,4
hap1+TGFB_PAK1,0.39694145,0.22896262,1.7336518,0.8607995,-0.38181263,0.8279142993515392,-0.19466439013972114,0.8947264763678744,0.940104371067298,0.9517310033907126,1867,2278,,,,,,,,,,,,,hap1+TGFB_PAK1,hap1+TGFB,PAK1,False,True,4
hap1+TGFB_PIK3CA,0.41380575,0.23901406,1.731303,0.84851557,-0.4460098,0.7940892549300568,-0.20803487382445213,0.8827113374177588,0.9321355066381158,0.9469774846378155,1820,2176,0.7794908881187439,0.556639552116394,1.4003512859344482,0.33107444643974304,-0.2641647458076477,0.3062127388823228,-0.11461538461538462,0.6609859194755081,0.7040830188480538,0.9387897474887882,14.0,11.0,hap1+TGFB_PIK3CA,hap1+TGFB,PIK3CA,False,True,4
hap1+TGFB_PPP2CA,0.41755643,0.24155498,1.7286186,0.8458909,-0.40859973,0.7740320346276537,-0.15846383340083767,0.8791362113255243,0.9289193895478212,0.9464074291241458,1852,2127,0.6287338733673096,0.43342316150665283,1.450623631477356,0.4990538954734802,-0.22513750195503235,0.48893189152040806,-0.16384615384615386,0.7206336299642476,0.8088070993253361,0.8909833142727875,15.0,10.0,hap1+TGFB_PPP2CA,hap1+TGFB,PPP2CA,False,True,4
hap1+TGFB_PRKCA,0.4162171,0.2295669,1.8130536,0.8516251,-0.4401533,0.798469681024487,-0.22967130739052055,0.886882847644966,0.939618487589893,0.9438754764391737,1847,2281,,,,,,,,,,,,,hap1+TGFB_PRKCA,hap1+TGFB,PRKCA,False,False,4
hap1+TGFB_RAF1,0.4071097,0.23549394,1.7287481,0.8520732,-0.40099978,0.7814436855156437,-0.172961498025353,0.8858826288995131,0.9348121421629775,0.9476584534404412,1843,2171,0.3894883394241333,0.30249613523483276,1.287581205368042,0.039585504680871964,-0.19430853426456451,0.04461538461538461,-0.030769230769230767,0.6308941626636728,0.7015710906126804,0.899259064555688,15.0,10.0,hap1+TGFB_RAF1,hap1+TGFB,RAF1,False,True,4
hap1+TGFB_RBL1,0.4084611,0.2376849,1.7184982,0.85052836,-0.38749033,0.7694264881194207,-0.15318941798821867,0.8843827562481406,0.9337876405052478,0.947091948839272,1915,2089,1.2498619556427002,0.7798455953598022,1.602704405784607,0.439981609582901,-0.23958580195903778,0.1709336691614655,-0.17153846153846153,0.5959203083081366,0.6860869720237671,0.8685783765144763,12.0,13.0,hap1+TGFB_RBL1,hap1+TGFB,RBL1,False,True,4
hap1+TGFB_RBX1,0.40819862,0.24382995,1.674112,0.84523505,-0.36700508,0.7598940976107054,-0.10242192741969267,0.8781218464682746,0.9272668707923123,0.947000129227042,1971,2009,1.5087651014328003,0.9563097953796387,1.5776948928833008,0.1628301590681076,-0.5362107753753662,0.49121855842876955,-0.48923076923076925,0.572180716733371,0.6202723451241133,0.9224669151078798,15.0,10.0,hap1+TGFB_RBX1,hap1+TGFB,RBX1,False,True,4
hap1+TGFB_RELA,0.4095095,0.233372,1.7547499,0.8549485,-0.40697062,0.8063791184926508,-0.20246875937549216,0.8895648735522049,0.9378746305292979,0.9484901761871638,1820,2234,,,,,,,,,,,,,hap1+TGFB_RELA,hap1+TGFB,RELA,False,True,4
hap1+TGFB_RHOA,0.3641655,0.24484722,1.4873173,0.84650564,-0.23002282,0.7373418672143226,0.05848469360919831,0.8770298283990774,0.9210843696026844,0.9521710033765852,2239,1727,0.9364608526229858,0.7766731977462769,1.2057334184646606,0.02262755110859871,-0.3986862599849701,0.48605878950302595,-0.046153846153846156,0.20891747902073365,0.37011589648223997,0.564465025702452,19.0,6.0,hap1+TGFB_RHOA,hap1+TGFB,RHOA,False,True,4
hap1+TGFB_RPS6KB1,0.39863786,0.23655528,1.6851785,0.8577088,-0.3794119,0.8104467407346458,-0.17623347571560294,0.8908573907230697,0.9353935108100103,0.9523878244051808,1855,2150,0.9363051652908325,0.3974207639694214,2.35595440864563,0.23802047967910767,-0.4099900722503662,0.33695652173913043,-0.44762845849802374,0.6864334045100909,0.7268872401106187,0.9443464771862395,8.0,15.0,hap1+TGFB_RPS6KB1,hap1+TGFB,RPS6KB1,False,True,4
hap1+TGFB_RUNX1,0.40851998,0.22802272,1.7915758,0.85745466,-0.42518273,0.8375017855723204,-0.22602517022017152,0.8924620827878771,0.9405324459585839,0.948890265958115,1878,2339,,,,,,,,,,,,,hap1+TGFB_RUNX1,hap1+TGFB,RUNX1,False,True,4
hap1+TGFB_RUNX2,0.4059624,0.23269646,1.7446007,0.85502446,-0.40816295,0.7987342639948308,-0.1947128140363189,0.8891857747955904,0.9376791591666073,0.9482836065012717,1858,2199,,,,,,,,,,,,,hap1+TGFB_RUNX2,hap1+TGFB,RUNX2,False,True,4
hap1+TGFB_RUNX3,0.39537075,0.22688071,1.7426372,0.8604139,-0.39607322,0.8179162450173201,-0.20190688621974542,0.8940335424591602,0.9400609705587691,0.9510378267568641,1812,2277,0.014313592575490475,0.00458292244002223,3.1232457160949707,,,,,,,,1.0,0.0,hap1+TGFB_RUNX3,hap1+TGFB,RUNX3,False,True,4
hap1+TGFB_SKP1,0.37990233,0.2962268,1.2824712,0.8222146,-0.08879135,0.7004853035154526,0.19203084140830887,0.8550133747359602,0.9042609283624032,0.945538337351776,2496,1457,0.9836589694023132,1.0959115028381348,0.8975715637207031,0.22470399737358093,-0.05702754855155945,0.280773790715764,-0.08692307692307692,0.529718599378137,0.7242480466519727,0.7314049403749181,20.0,5.0,hap1+TGFB_SKP1,hap1+TGFB,SKP1,False,True,4
hap1+TGFB_SMAD1,0.4019536,0.23207547,1.7319952,0.85737836,-0.390805,0.8045064661375739,-0.1863807820810037,0.891042833728642,0.9376260515745931,0.9503179143031254,1845,2198,2.853428363800049,0.6105308532714844,4.673684120178223,-1.0,-1.0,-0.9999999999999999,-0.9999999999999999,0.6669759793779793,0.5917817698569484,1.1270640857003884,0.0,2.0,hap1+TGFB_SMAD1,hap1+TGFB,SMAD1,False,True,4
hap1+TGFB_SMAD2,0.4038059,0.23012227,1.754745,0.85843706,-0.39053345,0.8124646697811391,-0.192382846202401,0.8924318073186127,0.9389208888842178,0.9504866894367947,1813,2245,0.005572413560003042,0.008101144805550575,0.687855064868927,1.0,-1.0,0.9999999999999999,-0.9999999999999999,0.6853566437173335,0.973079497246598,0.7043172173050629,2.0,0.0,hap1+TGFB_SMAD2,hap1+TGFB,SMAD2,False,True,4
hap1+TGFB_SMAD3,0.40218475,0.22999589,1.7486606,0.8587841,-0.39388326,0.8170016829867053,-0.19672671316045212,0.892982514927779,0.9393376630909452,0.9506512407789208,1871,2247,2.3866467475891113,1.0835773944854736,2.2025623321533203,1.0,-1.0,0.9999999999999999,-0.9999999999999999,0.9979025027063344,0.9983741893027016,0.9995275452816977,0.0,2.0,hap1+TGFB_SMAD3,hap1+TGFB,SMAD3,False,True,4
hap1+TGFB_SMAD4,0.41176727,0.24077876,1.7101479,0.848346,-0.39139628,0.7667519610100207,-0.1521827609912134,0.8821277781163054,0.9307939228483096,0.9477154464190294,1908,2096,0.9536821842193604,0.9105210900306702,1.0474026203155518,0.1402474194765091,0.03207717835903168,0.3416041609641993,-0.04538461538461538,0.4559124611716221,0.5036979146817763,0.9051307299130992,17.0,8.0,hap1+TGFB_SMAD4,hap1+TGFB,SMAD4,False,True,4
hap1+TGFB_SMAD5,0.40297988,0.24008438,1.6784927,0.8489754,-0.3671114,0.7607788905402773,-0.1104117002570258,0.8821566420873644,0.9309845913593934,0.947552355081697,1995,1992,0.8266098499298096,0.6387487649917603,1.2941079139709473,-0.05091889575123787,-0.13231387734413147,-0.05973036135598099,-0.12692307692307694,0.4932166771112635,0.5757949468416093,0.8565838929582312,12.0,13.0,hap1+TGFB_SMAD5,hap1+TGFB,SMAD5,False,True,4
hap1+TGFB_SMAD6,0.40248618,0.23012339,1.7490016,0.8579807,-0.39330006,0.8034112479716464,-0.19928316623175873,0.8920560787853813,0.9388699294993815,0.9501380870309032,1829,2253,1.9096415042877197,1.9915505647659302,0.9588717222213745,,,,,,,,1.0,0.0,hap1+TGFB_SMAD6,hap1+TGFB,SMAD6,False,True,4
hap1+TGFB_SMAD7,0.3856056,0.22885801,1.684912,0.8629408,-0.3355078,0.8082971329402248,-0.15011767242153967,0.8956798125911533,0.939231515754268,0.9536304921283016,1898,2188,,,,,,,,,,,,,hap1+TGFB_SMAD7,hap1+TGFB,SMAD7,False,False,4
hap1+TGFB_SMAD9,0.39488968,0.22903481,1.724147,0.8597014,-0.37096804,0.8123905716091077,-0.1717761827257089,0.8932562225298971,0.9395047417824701,0.9507735116218485,1905,2195,,,,,,,,,,,,,hap1+TGFB_SMAD9,hap1+TGFB,SMAD9,False,False,4
hap1+TGFB_SMURF1,0.39949283,0.22964382,1.7396194,0.8607489,-0.3745569,0.8303727723600398,-0.19095518460669195,0.8950279296725779,0.9404602246479359,0.9516914232153033,1928,2285,4.102795600891113,2.7109029293060303,1.5134425163269043,,,,,,,,0.0,1.0,hap1+TGFB_SMURF1,hap1+TGFB,SMURF1,False,True,4
hap1+TGFB_SMURF2,0.40255764,0.23206721,1.7346597,0.85858095,-0.3830974,0.8178038386467097,-0.18426972709935485,0.8927808362602917,0.9388898574120501,0.9508898506169264,1912,2212,1.1964417695999146,0.9219947457313538,1.2976665496826172,1.0,-1.0,0.9999999999999999,-0.9999999999999999,0.9999983826964639,0.9998433744042968,1.0001550325742363,1.0,1.0,hap1+TGFB_SMURF2,hap1+TGFB,SMURF2,False,True,4
hap1+TGFB_SP1,0.39122275,0.23084404,1.6947492,0.85709774,-0.384067,0.8027817608365706,-0.16708719745275705,0.8898508208934267,0.9350155744586337,0.9516962553363274,1842,2181,0.5018011331558228,0.40735316276550293,1.2318576574325562,0.25379955768585205,-0.1464572548866272,0.4653846153846154,0.04769230769230769,0.6207068064528459,0.6896363554657604,0.9000494268223991,16.0,9.0,hap1+TGFB_SP1,hap1+TGFB,SP1,False,True,4
hap1+TGFB_TGFBR1,0.39544597,0.22506675,1.7570164,0.8601957,-0.41729125,0.8266136175549679,-0.21289400215069434,0.8944355998423421,0.9411572446612507,0.9503572383000408,1936,2272,1.3562260866165161,0.9735320806503296,1.3930984735488892,0.12726452946662903,-0.384000688791275,0.24769230769230768,-0.42076923076923073,0.5584724699865606,0.714340620636184,0.7818013617777905,5.0,20.0,hap1+TGFB_TGFBR1,hap1+TGFB,TGFBR1,False,True,4
hap1+TGFB_TGFBR2,0.39858222,0.2260615,1.7631584,0.8600835,-0.40748504,0.8253107635636132,-0.2142390383460679,0.89431559032528,0.9408644522803797,0.95052543239116,1857,2303,,,,,,,,,,,,,hap1+TGFB_TGFBR2,hap1+TGFB,TGFBR2,False,True,4
hap1+TGFB_TGFBR3,0.3975573,0.23055664,1.7243367,0.8578279,-0.3974726,0.8034234313219312,-0.18498899950261716,0.89131783237135,0.9378076774404698,0.9504271012197265,1836,2210,0.2957647144794464,0.32154378294944763,0.9198271632194519,,,,,,,,1.0,0.0,hap1+TGFB_TGFBR3,hap1+TGFB,TGFBR3,False,True,4
hap1+TGFB_TGIF1,0.40386415,0.23353505,1.7293513,0.85597754,-0.39931756,0.8055493720041393,-0.17058656396170688,0.8896774980357948,0.937129980209288,0.9493640336179452,1893,2145,0.35550856590270996,0.13887451589107513,2.5599265098571777,-0.062206536531448364,-0.47357410192489624,0.14285714285714288,-0.2380952380952381,0.5416138620232608,0.6976531373131579,0.7763368829804957,4.0,4.0,hap1+TGFB_TGIF1,hap1+TGFB,TGIF1,False,True,4
ht29+IFNB_MAPK14,0.023926875,0.24637927,0.09711399,0.99236166,0.95180535,0.8587229821229027,0.8086217001207049,0.9939143849422533,0.9332726470641156,1.064977515486931,3321,822,0.16267205774784088,0.760820209980011,0.21381142735481262,0.6593192219734192,0.8874639868736267,0.8476923076923076,0.7699999999999999,0.7917623170112753,0.5110988046726751,1.5491374853015878,20.0,5.0,ht29+IFNB_MAPK14,ht29+IFNB,MAPK14,True,False,4
ht29+IFNG_CUL1,0.03368419,0.27558887,0.12222624,0.9890201,0.93889904,0.805419942968855,0.8187967174240164,0.9909516200314873,0.9187785108072187,1.078553327461761,3335,721,0.08964326232671738,0.9029890298843384,0.0992739200592041,0.5148304104804993,0.9700514674186707,0.47630146216769365,0.9015384615384615,0.8531934807756437,0.7232219204949321,1.1797118651931435,17.0,8.0,ht29+IFNG_CUL1,ht29+IFNG,CUL1,True,False,4
ht29+INS_FOXO1,0.009205223,0.22764692,0.040436406,0.9969057,0.9795177,0.8814584718422659,0.8901614232565683,0.9975881062911405,0.9385318544709911,1.0629240782172884,3696,717,0.013390756212174892,0.05204865336418152,0.2572738230228424,-0.33717817068099976,0.8636541366577148,-0.19999999999999998,0.7999999999999999,0.3456760481891674,0.13754355207259383,2.5132115826609143,3.0,1.0,ht29+INS_FOXO1,ht29+INS,FOXO1,True,False,4
ht29+TGFB_CUL1,0.064058326,0.24899046,0.2572722,0.98274606,0.8752454,0.8089316950322716,0.6996318632181129,0.985575492031352,0.9241527465897785,1.0664638455798892,3104,878,0.20939716696739197,1.1550334692001343,0.18129099905490875,0.44433194398880005,0.9468035101890564,0.5263489638341365,0.8823076923076922,0.8187198167161089,0.6167518686167243,1.327470346465859,18.0,7.0,ht29+TGFB_CUL1,ht29+TGFB,CUL1,True,False,4
ht29+TGFB_MED15,0.031722054,0.22060883,0.14379323,0.98977053,0.92727554,0.8370450865283874,0.7800708236470995,0.991971196769385,0.9424609622035407,1.0525329287380625,3298,790,0.1776524782180786,0.352110356092453,0.5045363903045654,0.6440218091011047,0.7037670016288757,0.633076923076923,0.5446153846153846,0.7399172190243977,0.3898702092369285,1.8978552387282859,15.0,10.0,ht29+TGFB_MED15,ht29+TGFB,MED15,True,False,4
ht29+TGFB_SMAD7,0.01048367,0.21803956,0.048081506,0.9965472,0.9756012,0.8558247572198414,0.8708022298176953,0.997300628677868,0.942247662632001,1.0584272779112938,3460,606,0.028081662952899933,0.2518526315689087,0.11150037497282028,0.9677292108535767,0.9999457597732544,0.7999999999999999,1.0,0.9732413121455772,0.782061423641973,1.2444563594676499,3.0,1.0,ht29+TGFB_SMAD7,ht29+TGFB,SMAD7,True,False,4
ht29+TNFA_BIRC3,0.011980281,0.22558042,0.053108692,0.9960808,0.9730813,0.8654973022911026,0.8736752734566282,0.9969446711707516,0.9409402440453524,1.059519642697629,3577,647,0.3124295473098755,0.4452139139175415,0.7017515301704407,1.0,1.0,0.9999999999999999,0.9999999999999999,0.9996923549162837,0.9976119891644688,1.002085345579655,1.0,1.0,ht29+TNFA_BIRC3,ht29+TNFA,BIRC3,True,False,4
ht29+TNFA_CSF1,0.013819014,0.22847609,0.06048341,0.9954782,0.96924734,0.8453297189771809,0.8456559491608883,0.9964498297182023,0.9395409019360701,1.0605709955413996,3472,704,0.01995399408042431,0.20986638963222504,0.09507951140403748,0.4191634953022003,0.9292449951171875,0.4680524866503445,0.8938461538461538,0.7235449994536867,0.7157896629443057,1.0108346584351058,18.0,7.0,ht29+TNFA_CSF1,ht29+TNFA,CSF1,True,False,4
ht29+TNFA_FADD,0.018176494,0.22648552,0.080254555,0.99463737,0.9622681,0.865466005268041,0.8262061684342914,0.9956843278571739,0.9399422142532348,1.0593037665067795,3375,821,0.21346867084503174,0.3238781690597534,0.6591017842292786,0.8241661190986633,0.6190809607505798,0.546923076923077,0.5738461538461538,0.8342878977608938,0.5902516121189694,1.4134445050744515,14.0,11.0,ht29+TNFA_FADD,ht29+TNFA,FADD,True,False,4
ht29+TNFA_MAPK14,0.013722143,0.22028697,0.062292125,0.995611,0.9690926,0.8850218067830217,0.8654366802352438,0.9965613484491,0.9426717996458407,1.0571668196964261,3534,680,0.021350277587771416,0.08247347921133041,0.25887447595596313,0.8697933554649353,0.814854621887207,0.38260869565217387,0.7521739130434782,0.8263427393691765,0.6411689688694898,1.288806507317697,18.0,6.0,ht29+TNFA_MAPK14,ht29+TNFA,MAPK14,True,False,4
k562+IFNG_CUL1,0.08753037,0.51919234,0.16858949,0.9760503,0.91979486,0.7958413561736429,0.7705720624886121,0.9792292845691568,0.8315828193203345,1.1775487201256707,3183,842,0.4393201470375061,4.439820766448975,0.09894997626543045,0.8015133142471313,0.9773834347724915,0.46698770426319286,0.9707692307692307,0.8956350800957874,0.49223727021319674,1.8195190293247643,20.0,5.0,k562+IFNG_CUL1,k562+IFNG,CUL1,True,False,4
k562+INS_FOXO1,0.011990402,0.4170497,0.028750535,0.99565184,0.9860587,0.8933522737371931,0.9017710185886441,0.9965586356541002,0.8784376522969639,1.1344671224511724,3701,648,0.03698868304491043,0.17476387321949005,0.21164947748184204,0.7611244916915894,0.9366759657859802,0.6166666666666666,0.8166666666666667,0.8894892109631998,0.31448360879534865,2.828411993777514,8.0,1.0,k562+INS_FOXO1,k562+INS,FOXO1,True,False,4
k562+INS_POLR2G,0.041009925,0.4667431,0.08786402,0.98386365,0.95472276,0.8028378833373326,0.8206984467282765,0.9866765250852897,0.8531998330912905,1.1564424731664444,3323,760,0.26833075284957886,1.4383189678192139,0.1865585893392563,0.9272430539131165,0.941399335861206,0.5407542048872486,0.9230769230769231,0.9075265140997875,0.38130147306595563,2.380076076818114,14.0,11.0,k562+INS_POLR2G,k562+INS,POLR2G,True,False,4
k562+TGFB_CUL1,0.17785278,0.57857877,0.30739596,0.94957376,0.83953154,0.7503704184804405,0.7026016881758036,0.9554120472377319,0.8177114690487138,1.1683975135498739,3060,908,1.9226129055023193,2.227900743484497,0.8629706501960754,0.8850429058074951,0.9186432957649231,0.804155503926432,0.8523076923076923,0.9073365410004315,0.6341796458315012,1.4307247906242435,12.0,13.0,k562+TGFB_CUL1,k562+TGFB,CUL1,True,False,4
k562+TGFB_MED15,0.039453298,0.4228172,0.093310535,0.9844748,0.9521264,0.8001717578089533,0.8249750999473987,0.9871182154843223,0.8640197327520432,1.1424718418642945,3351,743,0.5532867908477783,1.4080806970596313,0.3929368555545807,0.6721476912498474,0.9040567278862,0.39615384615384613,0.9138461538461539,0.8747783329782008,0.5819585985334514,1.503162484724277,18.0,7.0,k562+TGFB_MED15,k562+TGFB,MED15,True,False,4
k562+TGFB_PRKCA,0.030603433,0.3626806,0.08438122,0.9926126,0.96439856,0.8004863516201763,0.8499513645025817,0.9938644464550977,0.8897167857414824,1.1170570932039003,3463,661,,,,,,,,,,,,,k562+TGFB_PRKCA,k562+TGFB,PRKCA,True,False,4
k562+TGFB_SMAD7,0.013219656,0.37281415,0.035459105,0.9946782,0.9815543,0.8372911287800806,0.8684707793275745,0.9956790817065742,0.8837698700463057,1.126627095416146,3426,678,,,,,,,,,,,,,k562+TGFB_SMAD7,k562+TGFB,SMAD7,True,False,4
k562+TGFB_SMAD9,0.016027259,0.35995576,0.044525634,0.9954444,0.9799367,0.8600090266208443,0.888290181951556,0.996325539473054,0.8907497260384755,1.1185246656253456,3557,588,,,,,,,,,,,,,k562+TGFB_SMAD9,k562+TGFB,SMAD9,True,False,4
mcf7+IFNB_MAPK14,0.02227495,0.23861577,0.09335071,0.99268645,0.95384693,0.8376795722300988,0.8097922839147309,0.9941344503237594,0.9335885799519845,1.064852839539756,3353,834,0.036797914654016495,0.6150785684585571,0.05982636287808418,0.5796955227851868,0.9780194759368896,0.6738461538461539,0.9184615384615386,0.8970045886910472,0.8380282180258012,1.0703751608796426,17.0,8.0,mcf7+IFNB_MAPK14,mcf7+IFNB,MAPK14,True,False,4
mcf7+IFNG_CUL1,0.019726273,0.33101168,0.059593886,0.9936468,0.97069335,0.8281930162774395,0.8820188950835798,0.9949604375247105,0.9086274938698324,1.0950146723903182,3589,626,0.37766197323799133,1.5277328491210938,0.24720419943332672,0.9437918066978455,0.9105090498924255,0.8787878787878788,0.9393939393939393,0.9718293973026779,0.6550122150041042,1.4836813345482245,10.0,0.0,mcf7+IFNG_CUL1,mcf7+IFNG,CUL1,True,False,4
mcf7+TGFB_CUL1,0.039573357,0.23658775,0.16726714,0.98577356,0.90939516,0.8034879574240198,0.7860993898967944,0.9886156079853133,0.931980747165177,1.0607682733708863,3309,856,0.4066118896007538,0.23061048984527588,1.763197660446167,0.6041350960731506,0.660190224647522,0.5,0.5,0.9384945223674693,0.7738321050723211,1.2127882989292091,3.0,0.0,mcf7+TGFB_CUL1,mcf7+TGFB,CUL1,True,False,4
mcf7+TGFB_MAPK14,0.03432717,0.23939869,0.14338914,0.9880173,0.9248562,0.8456651791759598,0.7767054692178398,0.990394585737751,0.9323035938008714,1.0623090936505466,3301,880,,,,,,,,,,,,,mcf7+TGFB_MAPK14,mcf7+TGFB,MAPK14,True,False,4
mcf7+TGFB_MED15,0.0436554,0.25646016,0.17022292,0.98394036,0.9072536,0.8011335900755067,0.7844367000667434,0.986953880712163,0.9249003864791496,1.067092083796434,3308,835,0.07107479870319366,1.9834041595458984,0.03583475202322006,1.0,1.0,0.9999999999999999,0.9999999999999999,0.9119686939783215,0.6531824431474449,1.3961929068146433,2.0,0.0,mcf7+TGFB_MED15,mcf7+TGFB,MED15,True,False,4
mcf7+TGFB_SMAD7,0.024660613,0.2412955,0.10220088,0.991017,0.9453241,0.8063284798115176,0.8021050690904303,0.9927054485350899,0.9297802020219785,1.0676775504321008,3327,832,0.7361658811569214,1.3725852966308594,0.5363352298736572,,,,,,,,1.0,0.0,mcf7+TGFB_SMAD7,mcf7+TGFB,SMAD7,True,False,4
mcf7+TNFA_BIRC3,0.017569354,0.24925937,0.07048623,0.99389523,0.9651286,0.8488264236295895,0.8683789640297704,0.9952113228494714,0.9298870618034666,1.0702496719540455,3491,661,0.0436997227370739,1.0806889533996582,0.04043691232800484,0.8920004367828369,0.9593901634216309,0.8476923076923076,0.98,0.9590085632135484,0.76463759846073,1.254200114072472,22.0,3.0,mcf7+TNFA_BIRC3,mcf7+TNFA,BIRC3,True,False,4
mcf7+TNFA_CSF1,0.017321331,0.24671431,0.07020805,0.9940778,0.96500486,0.8401278181164513,0.8665846260882581,0.9953441441186096,0.9306191340982087,1.0695504827365503,3492,659,0.03361599147319794,0.8572665452957153,0.03921299800276756,0.8147836923599243,0.9393368363380432,0.8184615384615385,0.9469230769230769,0.9294334622844104,0.8378960282124712,1.109246769276638,25.0,0.0,mcf7+TNFA_CSF1,mcf7+TNFA,CSF1,True,False,4
mcf7+TNFA_IKBKE,0.035043024,0.22200893,0.15784511,0.9886584,0.9222108,0.8413670182682802,0.8291620055625901,0.9910062806057152,0.938694338492893,1.055728409097269,3479,690,0.01995086669921875,0.15448009967803955,0.1291484534740448,0.6887861490249634,0.9462643265724182,0.5357142857142858,0.8571428571428573,0.8779673200281775,0.699810930276505,1.2545778896040969,4.0,3.0,mcf7+TNFA_IKBKE,mcf7+TNFA,IKBKE,True,False,4
mcf7+TNFA_MAPK14,0.018869948,0.23222436,0.0812574,0.993492,0.9586857,0.8779448983385558,0.8636932816422574,0.9949535258306463,0.9355494596601482,1.063496446454127,3519,671,,,,,,,,,,,,,mcf7+TNFA_MAPK14,mcf7+TNFA,MAPK14,True,False,4
mcf7+TNFA_TRAF2,0.01622544,0.23492432,0.06906667,0.9943917,0.9650214,0.8475150692610111,0.8730366105236279,0.9956236425114245,0.9342872869349875,1.0656504229846222,3534,631,0.01730440743267536,0.2961098253726959,0.05843915417790413,1.0,1.0,0.9999999999999999,0.9999999999999999,0.9965212237285757,0.5876971554846855,1.6956373098432387,1.0,1.0,mcf7+TNFA_TRAF2,mcf7+TNFA,TRAF2,True,False,4
a549+IFNB_DRAP1,0.024801316,0.39567965,0.06268029,0.9927433,0.969839,0.8645029888558823,0.8616605915912391,0.9944601277718664,0.9051145236755577,1.0987119328651223,3529,763,0.1146760880947113,0.27723658084869385,0.4136398136615753,0.9966431856155396,0.9990886449813843,0.7999999999999999,1.0,0.992176536646429,0.47231405458923237,2.10067121019576,3.0,1.0,a549+IFNB_DRAP1,a549+IFNB,DRAP1,True,False,5
a549+IFNB_H1F0,0.036751177,0.39166522,0.09383314,0.9913778,0.9576111,0.7902230091062278,0.8521873606191858,0.9932294690599555,0.9049908340173854,1.097502241708754,3533,741,,,,,,,,,,,,,a549+IFNB_H1F0,a549+IFNB,H1F0,True,False,5
a549+IFNB_IFNAR1,0.016675366,0.3683493,0.04527052,0.9950441,0.9772113,0.8730142506888139,0.871670632953688,0.9961839325295447,0.9102431992048269,1.094415133669545,3583,709,0.0791044682264328,0.2562398910522461,0.30871254205703735,0.8960212469100952,0.9483128190040588,0.8691729323308269,0.9548872180451128,0.9547639432564984,0.6889542831475374,1.3858161079928124,16.0,4.0,a549+IFNB_IFNAR1,a549+IFNB,IFNAR1,True,False,5
a549+IFNB_USP18,0.060831476,0.42700577,0.14246055,0.9847075,0.9341486,0.7623378403253473,0.8368082441764808,0.9879711127393682,0.8919424204505508,1.107662434353453,3487,780,0.9892120361328125,2.1009905338287354,0.4708312749862671,0.42242494225502014,0.6561071872711182,0.4553846153846154,0.673076923076923,0.8467025094578262,0.6202544204407701,1.365089036940899,23.0,2.0,a549+IFNB_USP18,a549+IFNB,USP18,True,False,5
a549+TGFB_CHUK,0.03329663,0.3622739,0.0919101,0.9900478,0.95495415,0.8174865169966431,0.8117468499164561,0.9922108173350606,0.9078524915599128,1.0929207404940857,3359,814,0.09315156191587448,0.5396566987037659,0.17261262238025665,0.6791215538978577,0.9521927237510681,0.7009040329693368,0.7876923076923077,0.9124385844076791,0.5948187978892353,1.5339773854584697,15.0,10.0,a549+TGFB_CHUK,a549+TGFB,CHUK,True,False,5
a549+TGFB_SMAD5,0.026994897,0.3644052,0.074079335,0.9924131,0.96643794,0.8445868903057734,0.8217999510774625,0.993824166952808,0.9041882950358093,1.0991340768389937,3377,780,0.08753269165754318,0.9753977060317993,0.08974051475524902,0.7196336388587952,0.9839091300964355,0.6438461538461538,0.9715384615384616,0.946569239044561,0.7241407350140844,1.3071619828515109,19.0,6.0,a549+TGFB_SMAD5,a549+TGFB,SMAD5,True,False,5
a549+TNFA_CHUK,0.016937083,0.22819087,0.07422332,0.99468875,0.9637741,0.8389166355466452,0.8455571976333477,0.9958889436811271,0.9414471178357154,1.057827810839304,3353,672,0.04930298030376434,0.6672495007514954,0.07388987392187119,0.9642912149429321,0.9765260219573975,0.8592307692307692,0.9107692307692308,0.9610493550780255,0.7120637780246859,1.3496675224009327,20.0,5.0,a549+TNFA_CHUK,a549+TNFA,CHUK,True,False,5
a549+TNFA_MTOR,0.028486004,0.24199675,0.11771234,0.9910494,0.94164824,0.8670809949830769,0.817760275960367,0.9930533283281127,0.9387072506025361,1.057894596734704,3316,734,0.06519962102174759,0.4845033884048462,0.13457000255584717,0.8481893539428711,0.9689332842826843,0.8259280783672701,0.9038461538461539,0.9250395220008374,0.6734494136974425,1.3735842710473063,17.0,8.0,a549+TNFA_MTOR,a549+TNFA,MTOR,True,False,5
bxpc3+IFNB_H1F0,0.030870706,0.33867517,0.09115137,0.991732,0.95759535,0.85222443891726,0.8583463061007273,0.9935936677845651,0.9185607410133946,1.081685318586979,3418,675,0.09177009761333466,0.2531093955039978,0.3625708818435669,-0.06338975578546524,0.7997011542320251,0.6544117647058824,0.8946078431372549,0.3327290744274072,0.14935204580231942,2.227817320077446,15.0,2.0,bxpc3+IFNB_H1F0,bxpc3+IFNB,H1F0,True,False,5
bxpc3+IFNB_NFE2L3,0.022858942,0.3442384,0.066404395,0.9928843,0.9660263,0.878382524036225,0.8649941046012244,0.9946533028517343,0.9176520234087006,1.083911196705049,3452,660,0.04843992739915848,0.08370453119277954,0.578701376914978,0.2832227945327759,0.7755787968635559,0.6245614035087719,0.6578947368421053,0.6445509885482357,0.4315376455691009,1.4936147406055806,14.0,5.0,bxpc3+IFNB_NFE2L3,bxpc3+IFNB,NFE2L3,True,False,5
bxpc3+IFNB_USP18,0.08348484,0.4070274,0.20510866,0.9787313,0.90565515,0.8202571339105053,0.8277783718056186,0.9834336161517349,0.9028713322205595,1.0892289754433082,3385,758,2.190432071685791,4.009862899780273,0.5462610721588135,0.7099497318267822,0.5996523499488831,0.85,0.6230769230769231,0.8845311984056095,0.7190025930248786,1.2302197613562755,19.0,6.0,bxpc3+IFNB_USP18,bxpc3+IFNB,USP18,True,False,5
bxpc3+INS_CHUK,0.034660056,0.28057444,0.12353248,0.98964465,0.93749624,0.883724918639558,0.8064820446043496,0.9921250955957552,0.9300482681996473,1.0667458125762375,3466,826,0.5591211915016174,0.5473044514656067,1.0215908288955688,0.28142106533050537,0.1938253492116928,0.4750913725121465,0.20615384615384616,0.49363179363010135,0.5602347265448548,0.8811160219832945,16.0,9.0,bxpc3+INS_CHUK,bxpc3+INS,CHUK,True,False,5
bxpc3+INS_GRB10,0.021591915,0.2790039,0.0773893,0.99315685,0.96054715,0.9063150376022661,0.8350425822592714,0.9948323307858887,0.9322983436468677,1.0670750812389167,3634,896,0.8986794948577881,1.5800065994262695,0.5687820911407471,0.6572557091712952,0.751908540725708,0.7714285714285715,0.48571428571428577,0.7993140785584208,0.5955814874896913,1.3420734111925463,4.0,2.0,bxpc3+INS_GRB10,bxpc3+INS,GRB10,True,False,5
bxpc3+INS_SHC1,0.03111189,0.28235668,0.11018649,0.9918326,0.9476788,0.8640531523904912,0.8122009911382272,0.9937611621590016,0.9314719514371986,1.0668718050239676,3535,850,0.14374381303787231,0.2183324098587036,0.6583713889122009,0.7579634189605713,0.6886927485466003,0.7761538461538461,0.5392307692307693,0.8144372151982661,0.6630791918875796,1.2282653794033522,18.0,7.0,bxpc3+INS_SHC1,bxpc3+INS,SHC1,True,False,5
bxpc3+INS_TAF7,0.02205473,0.2818071,0.0782618,0.99379754,0.9624186,0.8790926772311856,0.8347548277287343,0.9952785457837594,0.9312182951353317,1.0687918729508186,3555,863,0.07538416981697083,0.24941162765026093,0.3022480309009552,0.7257075309753418,0.8935992121696472,0.8117647058823528,0.9294117647058824,0.8183111856070656,0.8685536807215652,0.9421538400795678,12.0,4.0,bxpc3+INS_TAF7,bxpc3+INS,TAF7,True,False,5
bxpc3+INS_TAF8,0.031889122,0.26389536,0.12084002,0.98926437,0.9391204,0.8551199757372806,0.8072081724969596,0.9915675014979309,0.9269084599527782,1.0697577423648144,3376,863,0.24896295368671417,0.34615805745124817,0.7192175388336182,0.6977540850639343,0.6745309829711914,0.7482681256310604,0.6961538461538461,0.7599461322258352,0.6476367950837636,1.1734140771411017,14.0,11.0,bxpc3+INS_TAF8,bxpc3+INS,TAF8,True,False,5
bxpc3+TGFB_CHUK,0.04325404,0.24876396,0.17387582,0.9854213,0.9094652,0.8418950978986662,0.7603229205582728,0.9884515374882247,0.9316421944938745,1.0609776406973628,3034,763,0.4695338010787964,0.5007451772689819,0.937670111656189,0.9147689938545227,0.8182194828987122,0.8034703110788407,0.6415384615384615,0.9248378050843127,0.7589553038422032,1.2185668910966576,13.0,12.0,bxpc3+TGFB_CHUK,bxpc3+TGFB,CHUK,True,False,5
hap1+INS_CHUK,0.02115487,0.35995513,0.05877085,0.9946035,0.97402775,0.8438604258555178,0.8657642232819475,0.9957699102323312,0.9027199663428979,1.1030773078681284,3522,704,0.10375680774450302,0.07860536128282547,1.3199710845947266,0.9685257077217102,0.06988329440355301,0.4642857142857144,0.42857142857142866,0.8511385597518993,0.7278023845578555,1.1694638239870172,6.0,1.0,hap1+INS_CHUK,hap1+INS,CHUK,True,False,5
hap1+INS_SHC1,0.0246213,0.36009964,0.068373576,0.9944255,0.9706517,0.831902859064872,0.8466638559487425,0.995600792956009,0.9019975882758223,1.1037732316547655,3472,721,0.005509869661182165,0.24844542145729065,0.022177385166287422,0.7232221364974976,0.9918251037597656,0.37591384083068136,0.96,0.8802996182590311,0.5271147968867644,1.6700339725961788,21.0,4.0,hap1+INS_SHC1,hap1+INS,SHC1,True,False,5
hap1+INS_TAF7,0.019524619,0.35872287,0.05442814,0.99527264,0.97654146,0.8528056023000623,0.8714362425204343,0.9962598406300663,0.9032446166415316,1.102978996248421,3543,725,0.003695521503686905,0.009822393767535686,0.3762342929840088,0.9411823749542236,0.9814907312393188,0.5,1.0,0.9564186440817952,0.7283842173792947,1.3130688739014167,2.0,1.0,hap1+INS_TAF7,hap1+INS,TAF7,True,False,5
hap1+INS_TAF8,0.02049888,0.37259686,0.055016242,0.99299705,0.97207355,0.8317779847613322,0.8592415043291053,0.9944147676392336,0.8936436550961755,1.112764312674735,3428,703,0.05994284525513649,0.8909280300140381,0.06728135794401169,0.5846962928771973,0.9887358546257019,0.5806842991679468,0.8938461538461538,0.8853265970231496,0.6772537571711025,1.3072302481143405,13.0,12.0,hap1+INS_TAF8,hap1+INS,TAF8,True,False,5
hap1+TGFB_SMAD5,0.019839266,0.24008438,0.08263455,0.9940162,0.96213835,0.8591886319983761,0.8178355530210233,0.9951318233225426,0.9309845913593934,1.0689025710613358,3234,753,0.045662593096494675,0.6387487649917603,0.07148756086826324,0.6673036217689514,0.9929038882255554,0.6420050452842859,0.9492307692307692,0.8734688966780753,0.5757949468416093,1.5169790938063767,19.0,6.0,hap1+TGFB_SMAD5,hap1+TGFB,SMAD5,True,False,5
ht29+IFNB_DRAP1,0.022189258,0.24754448,0.08963746,0.9927026,0.9540969,0.8630540102153414,0.8486787466920154,0.9942903703014915,0.9343610785136033,1.064139328109883,3476,705,0.03902459517121315,0.6098974347114563,0.06398550420999527,0.7391310334205627,0.9616258144378662,0.9020979020979022,0.9090909090909092,0.8164291517878616,0.30723436489719147,2.6573497143168208,12.0,0.0,ht29+IFNB_DRAP1,ht29+IFNB,DRAP1,True,False,5
ht29+IFNB_IFNAR1,0.010304406,0.23396067,0.044043325,0.99658287,0.9777982,0.8795049060109318,0.8700317259869452,0.9973159860911671,0.9371700968274483,1.0641781993122992,3544,657,0.08668503910303116,0.6712114214897156,0.12914714217185974,0.9362068772315979,0.9092453718185425,0.9284615384615384,0.9284615384615384,0.9938120797191965,0.9625104601190593,1.0325208097959426,22.0,3.0,ht29+IFNB_IFNAR1,ht29+IFNB,IFNAR1,True,False,5
ht29+IFNB_NFE2L3,0.015308517,0.24749511,0.061853815,0.9949756,0.9685391,0.8469663123542913,0.8644933960998696,0.9960697314777226,0.9344824503818889,1.0659052302915535,3522,673,,,,,,,,,,,,,ht29+IFNB_NFE2L3,ht29+IFNB,NFE2L3,True,False,5
ht29+IFNB_USP18,0.04380153,0.26948857,0.16253577,0.9874921,0.9229665,0.7304005585804232,0.858017402378452,0.9898426400851551,0.9283419197205245,1.0662479190675191,3549,640,1.3958172798156738,1.6705756187438965,0.8355307579040527,0.69081050157547,0.4573304355144501,0.8369230769230769,0.36,0.8432152718879584,0.7856496590796984,1.0732713521134747,19.0,6.0,ht29+IFNB_USP18,ht29+IFNB,USP18,True,False,5
ht29+INS_CHUK,0.21361215,0.2314971,0.92274225,0.9266391,0.2732563,0.838718571883173,0.20395457744594195,0.9429907386188645,0.9370480518712536,1.0063419231657795,2498,1804,0.15749111771583557,0.14083094894886017,1.1182990074157715,0.300007700920105,-0.13521550595760345,0.25769230769230766,0.2892307692307692,0.4431490651042007,0.620881985782326,0.7137412185438468,17.0,8.0,ht29+INS_CHUK,ht29+INS,CHUK,False,False,5
ht29+INS_COPS4,0.22187075,0.23196155,0.95649797,0.92308706,0.21899453,0.8254040134029074,0.20505046103432698,0.9400503471888678,0.9364454246203424,1.0038495810580599,2481,1758,0.10278963297605515,0.19983693957328796,0.5143675208091736,-0.1878703087568283,0.7574285268783569,-0.09271013827969823,0.7069230769230769,0.22181536375137523,0.22707823591739162,0.9768235289271361,18.0,7.0,ht29+INS_COPS4,ht29+INS,COPS4,False,True,5
ht29+INS_DR1,0.21592088,0.22830893,0.94574,0.92539537,0.23616548,0.8313268465989869,0.21137654168779021,0.9419794431652394,0.9378140386877198,1.0044416102827254,2485,1771,0.18269599974155426,0.30317574739456177,0.6026075482368469,0.17210647463798523,0.7901856899261475,0.40276977086657284,0.4946153846153846,0.394276854746042,0.3899665755853887,1.0110529451253176,18.0,7.0,ht29+INS_DR1,ht29+INS,DR1,False,True,5
ht29+INS_EIF2B1,0.21740171,0.22942358,0.94759965,0.9242046,0.22911464,0.8465815008028218,0.17209559513252237,0.9410302549299511,0.9376956181677787,1.0035562038443648,2396,1898,0.11898893117904663,0.15405642986297607,0.7723723649978638,0.03418990969657898,0.4685840904712677,0.26635881641615,0.2376923076923077,0.2794068478828047,0.27254750864072264,1.0251674993335718,14.0,11.0,ht29+INS_EIF2B1,ht29+INS,EIF2B1,False,True,5
ht29+INS_ELK1,0.2215146,0.2264727,0.9781073,0.9228536,0.18064968,0.8603232155676473,0.11802188318895085,0.9402245601781752,0.9388590294955107,1.0014544576339628,2384,2011,0.10128774493932724,0.015948006883263588,6.3511223793029785,-0.9813960194587708,-0.9962161779403687,-1.0,-1.0,0.4807252743035463,0.67201352604539,0.7153505929151142,1.0,2.0,ht29+INS_ELK1,ht29+INS,ELK1,False,True,5
ht29+INS_FOS,0.20965217,0.22830117,0.91831404,0.9271114,0.2775826,0.8605935793430035,0.21173889622867875,0.943413193403836,0.9380856954063187,1.0056791165493786,2552,1815,,,,,,,,,,,,,ht29+INS_FOS,ht29+INS,FOS,False,True,5
ht29+INS_FOXM1,0.21827324,0.23110618,0.94447166,0.9237481,0.23363142,0.8327393021847905,0.18594053220892703,0.9406313625169805,0.9369590764827926,1.0039193665191581,2444,1858,0.08099304139614105,0.10638086497783661,0.7613497376441956,0.2341793179512024,0.6255154013633728,0.5266448520953386,0.22615384615384618,0.5923665310920257,0.5319658573102606,1.1135423880155855,13.0,11.0,ht29+INS_FOXM1,ht29+INS,FOXM1,False,True,5
ht29+INS_FOXO1,0.21903995,0.22764692,0.9621916,0.92360795,0.21148854,0.8550448624037126,0.1604467081930447,0.9409234872925012,0.9385318544709911,1.0025482702692687,2472,1941,0.09618435055017471,0.05204865336418152,1.8479700088500977,-0.44321101903915405,-0.7183714509010315,-0.7999999999999999,-0.39999999999999997,0.12323697136651401,0.13754355207259383,0.8959850862472348,3.0,1.0,ht29+INS_FOXO1,ht29+INS,FOXO1,False,True,5
ht29+INS_FOXO3,0.21863012,0.22941501,0.9529896,0.9238124,0.22444378,0.8463372557037936,0.17481755811673716,0.9410155035058897,0.9380276653094662,1.003185234622518,2448,1942,0.01834762655198574,0.019250506535172462,0.9530983567237854,0.27667564153671265,-0.23237977921962738,0.6000000000000001,0.39999999999999997,0.6696843673855122,0.7888563424643102,0.8489307004789789,2.0,2.0,ht29+INS_FOXO3,ht29+INS,FOXO3,False,True,5
ht29+INS_FOXO4,0.2289957,0.23605657,0.97008824,0.92175126,0.21950112,0.8086679325206781,0.22248968548011258,0.9385713826207659,0.934290363153449,1.0045821081284274,2538,1679,0.18087896704673767,0.30344489216804504,0.5960850715637207,-0.30896756052970886,0.6285548806190491,-0.2712581963005429,0.42769230769230765,0.5751931252566387,0.5850081027313063,0.983222493109338,20.0,5.0,ht29+INS_FOXO4,ht29+INS,FOXO4,False,True,5
ht29+INS_GRB2,0.21740766,0.22609426,0.96157974,0.9244765,0.21193941,0.8550907335215999,0.15425579283155263,0.9414616207522991,0.9390625207304537,1.0025547819968146,2427,1973,0.04723295941948891,0.0701458603143692,0.6733534932136536,-1.0,-1.0,-0.9999999999999999,-0.9999999999999999,0.9242365228717034,0.9827633568815342,0.9404466664329593,2.0,0.0,ht29+INS_GRB2,ht29+INS,GRB2,False,True,5
ht29+INS_GRB10,0.21720442,0.2269115,0.95722085,0.92445236,0.2213518,0.856084603498525,0.1577418549938832,0.941398097115113,0.9387130737435798,1.0028603238269873,2457,1993,1.882887840270996,1.690845012664795,1.113577961921692,1.0,-1.0,0.9999999999999999,-0.9999999999999999,0.9999937635256514,0.9999978625685045,0.9999959009483854,0.0,2.0,ht29+INS_GRB10,ht29+INS,GRB10,False,False,5
ht29+INS_HSF1,0.21804228,0.22617911,0.96402484,0.9241764,0.20577745,0.8509689342623484,0.15764697238522532,0.9411824386173749,0.9388801719824503,1.0024521410757492,2406,1954,0.0005658918526023626,0.0014574803644791245,0.3882672190666199,,,,,,,,1.0,0.0,ht29+INS_HSF1,ht29+INS,HSF1,False,True,5
ht29+INS_IGF2,0.21881226,0.22653247,0.96592003,0.92399055,0.20486927,0.8568839623865235,0.14983817870331634,0.9411646544206761,0.9390269983249372,1.0022764586104043,2469,2028,,,,,,,,,,,,,ht29+INS_IGF2,ht29+INS,IGF2,False,True,5
ht29+INS_IKBKB,0.21750307,0.23694766,0.9179372,0.9265944,0.29203343,0.8187998504401119,0.2402997458735963,0.9426731002294219,0.9346954402228973,1.0085350368293464,2560,1689,0.18930843472480774,0.28384026885032654,0.6669541001319885,0.3546910881996155,0.5440131425857544,0.20278282683271825,0.5446153846153846,0.6826364454380505,0.7399373789648649,0.9225597528172241,19.0,6.0,ht29+INS_IKBKB,ht29+INS,IKBKB,False,True,5
ht29+INS_INSR,0.22188276,0.23008028,0.9643711,0.92263114,0.20655501,0.84143505210352,0.1537952996611273,0.9399810870195177,0.9377024206326701,1.0024300527936252,2417,1965,,,,,,,,,,,,,ht29+INS_INSR,ht29+INS,INSR,False,True,5
ht29+INS_IRS1,0.21992952,0.2281313,0.96404797,0.9237524,0.20914143,0.8417858638048401,0.1471772263332222,0.9410062919641451,0.9387331938469592,1.0024214527962634,2381,1974,0.05669403076171875,0.06646126508712769,0.8530386686325073,0.6250877380371094,0.3397718071937561,0.33433772855494054,0.42105263157894735,0.7077636960216016,0.7830332384734822,0.9038743967004287,12.0,8.0,ht29+INS_IRS1,ht29+INS,IRS1,False,True,5
ht29+INS_IRS2,0.21642466,0.22618264,0.956858,0.9249012,0.22032118,0.8532719654274211,0.15858814472791796,0.9419187134603781,0.9392009410932802,1.0028937070313562,2489,2017,,,,,,,,,,,,,ht29+INS_IRS2,ht29+INS,IRS2,False,True,5
ht29+INS_IRS4,0.21756633,0.22999038,0.94598013,0.92411196,0.23482198,0.8429748409823477,0.18106364161313582,0.9410972597784409,0.9375711814948,1.0037608646183207,2484,1893,0.03739314526319504,0.06627979129552841,0.5641711354255676,0.591596782207489,0.7232279777526855,0.04242424242424241,0.9030303030303028,0.6803753362192768,0.31986968739996713,2.12703911317652,8.0,2.0,ht29+INS_IRS4,ht29+INS,IRS4,False,True,5
ht29+INS_MAPK1,0.20936649,0.23498206,0.89098924,0.926035,0.31882745,0.8409621922879185,0.23478136839022157,0.9422032253022579,0.9351128988290132,1.0075823213241133,2476,1776,0.40101954340934753,0.5119059085845947,0.7833852767944336,0.09475955367088318,0.4685184061527252,0.24461538461538462,0.28769230769230764,0.31691879324125893,0.22567337521159603,1.4043251355819415,17.0,8.0,ht29+INS_MAPK1,ht29+INS,MAPK1,False,True,5
ht29+INS_MAPK3,0.2079039,0.22703701,0.91572696,0.9277607,0.28634053,0.861116793423499,0.2109021123518205,0.9440958315246143,0.9387809710329467,1.005661448895603,2529,1874,0.007676742505282164,0.034199416637420654,0.22446998953819275,0.9551838636398315,0.8513351082801819,0.880952380952381,0.7380952380952381,0.974560999366052,0.9665681665091459,1.0082692903965305,6.0,2.0,ht29+INS_MAPK3,ht29+INS,MAPK3,False,True,5
ht29+INS_MTOR,0.2371293,0.23810767,0.9958911,0.91650593,0.1434738,0.8209220609265452,0.10931527427341152,0.9344101508028261,0.9342811480267457,1.0001380770406776,2310,1925,0.35196053981781006,0.37249624729156494,0.9448700547218323,0.19436243176460266,0.2847582697868347,0.33564290161110233,0.22076923076923075,0.6547306479558269,0.674572122971086,0.9705865772693522,14.0,11.0,ht29+INS_MTOR,ht29+INS,MTOR,False,False,5
ht29+INS_PIK3CA,0.21401694,0.23112622,0.9259743,0.9257951,0.26539797,0.8553334366972162,0.21264383117045896,0.9423840002951179,0.9374048046291852,1.0053116814009742,2515,1778,0.0305487010627985,0.04693782702088356,0.6508333086967468,0.2637057900428772,0.5882772207260132,0.2830655504701128,0.39999999999999997,0.6714469687010545,0.6327324278275881,1.0611862758581667,17.0,8.0,ht29+INS_PIK3CA,ht29+INS,PIK3CA,False,True,5
ht29+INS_POLR2G,0.21307148,0.26829374,0.7941724,0.9148166,0.3827101,0.7619123549320603,0.38112331275636474,0.9308816357406641,0.918880347907243,1.01306077321248,2783,1397,0.2689365744590759,0.5183108448982239,0.5188711881637573,0.04183565452694893,0.682280421257019,0.11322770341445956,0.7169230769230769,0.1629056012389627,0.05982273461102716,2.7231386578729584,18.0,7.0,ht29+INS_POLR2G,ht29+INS,POLR2G,False,True,5
ht29+INS_POLR2L,0.21458304,0.2466477,0.86999816,0.919123,0.30709302,0.7799122505480063,0.2901273878664589,0.9351141485172285,0.9273368419519787,1.0083867115091416,2592,1597,0.3792498707771301,0.6912075877189636,0.5486772656440735,-0.05563468858599663,0.6990911960601807,0.03386771814731845,0.5623076923076923,0.44280549499754684,0.4669610482835047,0.9482707318420864,18.0,7.0,ht29+INS_POLR2L,ht29+INS,POLR2L,False,True,5
ht29+INS_PTEN,0.2204274,0.22652705,0.9730732,0.92302096,0.19249472,0.8563452827496535,0.15065807693104716,0.9404478883782287,0.9387705061180547,1.001786786279759,2531,2061,0.6551126837730408,0.6916576623916626,0.9471632242202759,0.999381959438324,0.4343687891960144,1.0,0.6000000000000001,0.9994997196678532,0.9984409096932038,1.0010604633327522,3.0,1.0,ht29+INS_PTEN,ht29+INS,PTEN,False,True,5
ht29+INS_RAD51,0.21889433,0.24861892,0.8804412,0.92070436,0.3047413,0.7864541829944235,0.28325007598246404,0.9367957020542214,0.9283945910972398,1.0090490735701643,2637,1570,0.37785014510154724,0.8534235954284668,0.4427463114261627,-0.19748565554618835,0.852875828742981,0.027594578479490522,0.726153846153846,0.370371843328703,0.32793338289002705,1.1294118337836552,18.0,7.0,ht29+INS_RAD51,ht29+INS,RAD51,False,True,5
ht29+INS_RPS6KB1,0.20225939,0.22198254,0.91115,0.930096,0.29423213,0.8625933113934928,0.20904069647217235,0.945805122081414,0.9403021894469131,1.0058523022665062,2475,1921,0.03472882881760597,0.03709911182522774,0.9361094236373901,0.08446824550628662,0.3520910441875458,0.2857142857142857,-0.010989010989010988,0.579323728067656,0.6094238987049964,0.9506088115328228,9.0,4.0,ht29+INS_RPS6KB1,ht29+INS,RPS6KB1,False,True,5
ht29+INS_SGK1,0.2200263,0.22922793,0.9598582,0.9237042,0.21309596,0.8466366521677274,0.16512782188381311,0.9407841233944428,0.938230155986061,1.0027221118316088,2435,1924,0.22947999835014343,0.17462579905986786,1.3141242265701294,0.262724369764328,-0.21184222400188446,0.3,-0.09999999999999999,0.7986616817474893,0.8705964774729477,0.9173729763595401,3.0,2.0,ht29+INS_SGK1,ht29+INS,SGK1,False,True,5
ht29+INS_SHC1,0.2079833,0.23174438,0.89746857,0.9290865,0.31453413,0.8346882879970946,0.24021847090017173,0.9448450886325152,0.9368967693162754,1.0084836660521737,2580,1726,0.13314732909202576,0.29563531279563904,0.450376957654953,0.22693170607089996,0.7971873879432678,0.03618168893514176,0.4676923076923077,0.536851344903416,0.5534456958471965,0.9700162977717653,22.0,3.0,ht29+INS_SHC1,ht29+INS,SHC1,False,False,5
ht29+INS_SMARCE1,0.21777138,0.26848507,0.8111117,0.9131489,0.37404707,0.7480849538917178,0.4127663867206822,0.9296549611900493,0.9184906812128129,1.0121550280319607,2945,1240,0.21023626625537872,0.7222625613212585,0.291080117225647,,0.8899037837982178,,0.8884615384615385,,,,23.0,2.0,ht29+INS_SMARCE1,ht29+INS,SMARCE1,False,True,5
ht29+INS_SP1,0.20349896,0.22674029,0.897498,0.92992246,0.31473565,0.8554568504711983,0.2287752856969834,0.9457247395322679,0.93905320507288,1.0071045329735817,2514,1881,0.01734245754778385,0.015223528258502483,1.1391878128051758,0.7198750972747803,-0.14556366205215454,0.6571428571428573,-0.3714285714285715,0.8031255676357778,0.8894395015166481,0.9029569366621449,5.0,1.0,ht29+INS_SP1,ht29+INS,SP1,False,True,5
ht29+INS_SREBF1,0.21708909,0.22777647,0.9530795,0.9245978,0.22489062,0.8531287670852827,0.16656434530243255,0.9416736969754367,0.9386697590757199,1.00320020738995,2493,1983,,,,,,,,,,,,,ht29+INS_SREBF1,ht29+INS,SREBF1,False,True,5
ht29+INS_SREBF2,0.21605669,0.22591001,0.9563839,0.92471886,0.21842223,0.8539305773979913,0.16457974232980394,0.9417738009054283,0.9390344017509209,1.0029172511139097,2540,2003,0.07705418020486832,0.07698977738618851,1.0008364915847778,,,,,,,,0.0,1.0,ht29+INS_SREBF2,ht29+INS,SREBF2,False,True,5
ht29+INS_SRF,0.21236376,0.22303164,0.95216876,0.92650414,0.22215426,0.8412462618521956,0.18362687872321723,0.9429902527337357,0.9397824385025257,1.0034133583474079,2430,1872,0.07422526925802231,0.10348095744848251,0.7172843217849731,-0.0357125960290432,0.5231903195381165,0.11434076518233163,0.2692307692307692,0.224742508608885,0.27673033355962284,0.8121354306121384,18.0,7.0,ht29+INS_SRF,ht29+INS,SRF,False,True,5
ht29+INS_TAF3,0.2143544,0.22241426,0.9637619,0.92530024,0.20769767,0.8491021671961791,0.17233747122520537,0.9422377984967171,0.9398056720500118,1.002587903562446,2482,1888,0.026536574587225914,0.049951523542404175,0.531246542930603,-0.14079144597053528,0.8316330313682556,-0.16666666666666669,0.5333333333333333,0.6468201997732809,0.6040088614124798,1.0708786593969606,7.0,2.0,ht29+INS_TAF3,ht29+INS,TAF3,False,True,5
ht29+INS_TAF7,0.20568955,0.22718234,0.9053941,0.9296207,0.30407763,0.8475498475966068,0.23253675032753432,0.9455232231402076,0.9386760944044366,1.0072944530883312,2546,1854,0.0039237383753061295,0.008458028547465801,0.4639069736003876,1.0,1.0,0.9999999999999999,0.9999999999999999,0.934074900723418,0.8086956525455051,1.1550388552025237,1.0,1.0,ht29+INS_TAF7,ht29+INS,TAF7,False,False,5
ht29+INS_TAF8,0.21928108,0.238741,0.9184894,0.9229771,0.2705768,0.8162010957785362,0.2302715686228053,0.9394654240396422,0.9338158578089404,1.0060499788940804,2481,1758,0.15589074790477753,0.2774869203567505,0.5617949366569519,-0.18903882801532745,0.7246536612510681,-0.20011548456356426,0.3723076923076923,0.590605627394191,0.5364753336838208,1.100899874256423,16.0,9.0,ht29+INS_TAF8,ht29+INS,TAF8,False,False,5
ht29+INS_TSC1,0.21922573,0.2278172,0.9622879,0.92259383,0.2006689,0.8219475881080053,0.17604081977024005,0.9394033090551861,0.9370268946950641,1.002536121827,2437,1805,0.2763913869857788,0.24742554128170013,1.117068886756897,0.7351070046424866,0.03855970874428749,0.6055825711508676,0.24846153846153846,0.8148938461303578,0.8317263646459705,0.9797619514889641,14.0,11.0,ht29+INS_TSC1,ht29+INS,TSC1,False,True,5
ht29+INS_TSC2,0.21630366,0.22239761,0.97259885,0.92471266,0.19235404,0.8439907735237463,0.14342642234356642,0.9418998735047327,0.9401580930572283,1.0018526463372137,2430,2004,0.19468457996845245,0.2027951329946518,0.9600061774253845,0.862742006778717,0.28813308477401733,0.39285714285714296,0.3214285714285715,0.8987048164300047,0.8519286433677913,1.0549062100756477,6.0,1.0,ht29+INS_TSC2,ht29+INS,TSC2,False,True,5
ht29+INS_TTF1,0.21559846,0.2335407,0.923173,0.92464566,0.263694,0.8260032864080947,0.21658342491597599,0.9409709796480152,0.9357957476277181,1.0055303008518863,2467,1776,0.32398468255996704,0.5281511545181274,0.6134317517280579,0.694028913974762,0.6586493849754333,0.28373449137837853,0.39999999999999997,0.839753494182513,0.7645651399894509,1.0983413319028639,17.0,8.0,ht29+INS_TTF1,ht29+INS,TTF1,False,True,5
ht29+INS_TTF2,0.21269375,0.24063627,0.8838807,0.9215781,0.3002472,0.7993084318606867,0.29473125050772553,0.9376382167447632,0.9301095191514442,1.0080944205368283,2656,1543,0.13624438643455505,0.40193870663642883,0.33896806836128235,-0.0576416477560997,0.9133822917938232,0.15882292886790775,0.5523076923076923,0.3200080624843137,0.36642579325783753,0.8733229711783369,23.0,2.0,ht29+INS_TTF2,ht29+INS,TTF2,False,True,5
ht29+INS_XBP1,0.22639596,0.23968957,0.94453824,0.921555,0.24040112,0.8124189647420337,0.22130429922343653,0.9384145183061523,0.9333442814194793,1.0054323329425257,2538,1677,0.15386126935482025,0.21271289885044098,0.7233283519744873,0.5739775896072388,0.5009709000587463,0.3058869022112505,0.37,0.6607714106463035,0.5896259909732355,1.1206619463223382,19.0,6.0,ht29+INS_XBP1,ht29+INS,XBP1,False,True,5
ht29+INS_ZNF593,0.21502861,0.22639446,0.94979626,0.92530173,0.23235513,0.8523704885035135,0.16830638625462238,0.9422562034568045,0.9389279698896325,1.0035447166064968,2548,1876,,,,,,,,,,,,,ht29+INS_ZNF593,ht29+INS,ZNF593,False,False,5
ht29+TGFB_CHUK,0.026162982,0.22814956,0.114674695,0.9912453,0.94034594,0.8328498331145852,0.8069289382939884,0.9930878598781371,0.9375379397150112,1.0592508503495994,3328,720,0.07709262520074844,0.6356189846992493,0.12128747999668121,0.7354730367660522,0.9313961267471313,0.6399999999999999,0.9146153846153846,0.9228035026334561,0.7997506664991485,1.1538639994799411,22.0,3.0,ht29+TGFB_CHUK,ht29+TGFB,CHUK,True,False,5
ht29+TNFA_CHUK,0.014224989,0.21591084,0.06588363,0.9954216,0.9666888,0.8455179061214232,0.8558106747564859,0.9964108443878301,0.9422507750655995,1.0574794638067133,3526,640,0.1592158079147339,0.31042128801345825,0.5129023790359497,0.8465262055397034,0.8238169550895691,0.7899999999999999,0.6876923076923077,0.958767702859545,0.8454687888602404,1.134007210546519,19.0,6.0,ht29+TNFA_CHUK,ht29+TNFA,CHUK,True,False,5
ht29+TNFA_MTOR,0.022848492,0.23661767,0.096562915,0.99282163,0.95313805,0.8641272440666257,0.8337972712441774,0.994268987981785,0.9360158060996955,1.0622352544716376,3420,716,0.03818151354789734,0.5639280080795288,0.06770636141300201,0.6117838621139526,0.9778705835342407,0.5678015107918448,0.9092307692307693,0.9029498348889974,0.6943583176369357,1.30040904235431,17.0,8.0,ht29+TNFA_MTOR,ht29+TNFA,MTOR,True,False,5
k562+IFNB_H1F0,0.031644195,0.32535127,0.09726163,0.9903528,0.95570254,0.8184675787785838,0.8435840779507894,0.9922034321179051,0.9026123753814332,1.09925750984592,3518,729,,,,,,,,,,,,,k562+IFNB_H1F0,k562+IFNB,H1F0,True,False,5
k562+IFNB_NFE2L3,0.021697989,0.33170137,0.06541423,0.9915894,0.9664757,0.8473027673177862,0.8444160578847525,0.9933252078771523,0.89806785965308,1.1060692098043345,3451,760,0.1283109486103058,1.1926567554473877,0.1075841411948204,0.9654357433319092,0.9770214557647705,0.8538461538461539,0.8984615384615385,0.9681741080513022,0.5903622241570666,1.6399662248608209,18.0,7.0,k562+IFNB_NFE2L3,k562+IFNB,NFE2L3,True,False,5
k562+IFNB_USP18,0.059559148,0.33196348,0.17941476,0.98286647,0.9223033,0.7593106471519203,0.8102500580748949,0.9858553710409415,0.9009220715747233,1.0942737470264916,3441,807,1.0147870779037476,1.3003813028335571,0.7803765535354614,0.5880361199378967,0.6827471256256104,0.5653846153846154,0.43999999999999995,0.8065983439812262,0.6598927928063991,1.2223172502777553,12.0,13.0,k562+IFNB_USP18,k562+IFNB,USP18,True,False,5
k562+INS_CHUK,0.017718555,0.41066104,0.043146424,0.9938029,0.9795583,0.8524927513399718,0.8913433701335456,0.9950607004991769,0.8792518045151547,1.1317130034755887,3588,630,0.11417058110237122,0.3357733488082886,0.3400227725505829,0.43851399421691895,0.8234753012657166,0.5708639186900057,0.6058723884810843,0.6717428054639956,0.3923303614836364,1.7121866452642949,16.0,6.0,k562+INS_CHUK,k562+INS,CHUK,True,False,5
k562+INS_MTOR,0.08555727,0.47706732,0.17934003,0.97716516,0.91922975,0.8353475122605629,0.7515327395868119,0.9801455856344341,0.8497636012759416,1.153433242095473,3159,926,0.4850843548774719,0.9568800330162048,0.5069437623023987,0.8634997010231018,0.8791754245758057,0.43425023336198276,0.6407692307692306,0.8986967678634393,0.5909880331229121,1.5206683003622354,7.0,18.0,k562+INS_MTOR,k562+INS,MTOR,True,False,5
k562+INS_TAF8,0.014533789,0.44047228,0.03299592,0.99445045,0.98326993,0.8515350607297681,0.8775948598795513,0.9955395057093237,0.8658494976900557,1.1497835459456403,3447,667,0.06822803616523743,1.4663081169128418,0.04653048887848854,0.5392512679100037,0.9860102534294128,0.4988454134036566,0.9046153846153847,0.8508081271788454,0.4734532713647148,1.797026609883625,17.0,8.0,k562+INS_TAF8,k562+INS,TAF8,True,False,5
k562+TGFB_AKT1,0.412939,0.36229908,1.1397738,0.8394673,-0.34702265,0.8173135582959125,-0.1680109278301926,0.8760402094987904,0.8896160490828554,0.9847396642652063,1935,2208,,,,,,,,,,,,,k562+TGFB_AKT1,k562+TGFB,AKT1,False,True,5
k562+TGFB_ATF2,0.40989366,0.37812892,1.0840051,0.8346932,-0.2060318,0.795025449155877,0.03061926596534505,0.8684471947134756,0.8798607376376614,0.987028012006957,2282,1815,1.0258333683013916,1.0267620086669922,0.9990955591201782,-0.07664325833320618,-0.5734968185424805,0.32121212121212117,-0.4424242424242424,0.5115166934578838,0.5898152111453148,0.8672490702038874,6.0,4.0,k562+TGFB_ATF2,k562+TGFB,ATF2,False,True,5
k562+TGFB_CHUK,0.3934421,0.37837064,1.0398325,0.83646405,-0.08465126,0.7828348960780613,0.06444697225043342,0.870741530150749,0.8809496720850486,0.9884123437946928,2372,1734,1.1280760765075684,1.1695035696029663,0.9645768404006958,0.06581708043813705,-0.24641913175582886,-0.08571428571428573,-0.2,0.741667575070276,0.8000083143700505,0.9270748337838043,4.0,2.0,k562+TGFB_CHUK,k562+TGFB,CHUK,False,False,5
k562+TGFB_CREBBP,0.39595214,0.3595679,1.1011888,0.84279644,-0.22534756,0.8016883666524539,-0.0042124186807894655,0.8784190785086999,0.890712629197016,0.9861980729975741,2227,1920,2.4778716564178467,1.751269817352295,1.4148999452590942,-0.4084542989730835,-0.8375380635261536,-0.5,-0.5,0.4807535593109189,0.533730341241659,0.900742420212619,1.0,2.0,k562+TGFB_CREBBP,k562+TGFB,CREBBP,False,True,5
k562+TGFB_CUL1,0.4162994,0.57857877,0.7195207,0.79851437,0.5365713,0.6929196625759908,0.6243864386747051,0.8304487052414697,0.8177114690487138,1.0155766877130559,3118,850,1.4374340772628784,2.227900743484497,0.6451966166496277,0.08252762258052826,0.596540629863739,0.10273182753509921,0.6315384615384615,0.6222241238849703,0.6341796458315012,0.9811480516205222,25.0,0.0,k562+TGFB_CUL1,k562+TGFB,CUL1,False,True,5
k562+TGFB_EP300,0.41943055,0.46013877,0.91153055,0.82114136,0.22320229,0.7443094700109295,0.3071792344314625,0.8536665877885705,0.8509825424494294,1.0031540545255082,2649,1436,2.0957343578338623,2.386852741241455,0.8780325055122375,0.37098830938339233,0.05732099711894989,0.08307692307692309,0.15692307692307692,0.7298407621420827,0.7286486747464248,1.0016360249280256,20.0,5.0,k562+TGFB_EP300,k562+TGFB,EP300,False,True,5
k562+TGFB_FOS,0.40292054,0.36798555,1.0949358,0.83938575,-0.25479472,0.8122410771435807,-0.07769058406501925,0.8742944671863947,0.886084567420742,0.9866941591493162,2114,2004,,,,,,,,,,,,,k562+TGFB_FOS,k562+TGFB,FOS,False,True,5
k562+TGFB_FOXP2,0.4128301,0.38293207,1.0780766,0.8322427,-0.18239905,0.7900007754487401,0.05613371805641371,0.8675725097570148,0.8801572944828179,0.9857016640040484,2344,1771,1.6213839054107666,1.8337759971618652,0.8841777443885803,0.3051818013191223,-0.18243134021759033,0.14285714285714288,-0.3571428571428572,0.8152374920020875,0.8307385541343573,0.9813406250918232,6.0,2.0,k562+TGFB_FOXP2,k562+TGFB,FOXP2,False,True,5
k562+TGFB_HDAC4,0.41534376,0.42890802,0.9683749,0.8179823,0.040810056,0.7532240783679559,0.23869213905506617,0.852157380299457,0.8609128957269322,0.989829963668877,2631,1461,1.1365910768508911,1.3570446968078613,0.8375487327575684,0.5563129186630249,-0.13843968510627747,0.41108557215671704,0.08692307692307692,0.7073889996472379,0.7151728756142116,0.9891160917417503,21.0,4.0,k562+TGFB_HDAC4,k562+TGFB,HDAC4,False,True,5
k562+TGFB_HDAC5,0.4141607,0.36125758,1.1464416,0.84170365,-0.30867326,0.8185669853847868,-0.0886770760018866,0.8777959363811371,0.8903905728129355,0.9858549306154385,2061,2091,,,,,,,,,,,,,k562+TGFB_HDAC5,k562+TGFB,HDAC5,False,True,5
k562+TGFB_HRAS,0.40493476,0.3528235,1.1476978,0.8455488,-0.3066584,0.829422783345443,-0.1044435645412603,0.8817926067404287,0.8939542948478172,0.9863956265130324,2022,2153,,,,,,,,,,,,,k562+TGFB_HRAS,k562+TGFB,HRAS,False,True,5
k562+TGFB_IKBKB,0.3859739,0.46183068,0.83574766,0.8235644,0.3446517,0.7513609155393975,0.45059986891657816,0.8550619338019768,0.8509162378513178,1.0048720376533506,2913,1134,1.7236130237579346,2.289238929748535,0.7529196739196777,0.07208055257797241,0.4150082767009735,-0.05885747367964245,0.42000000000000004,0.6717599284470681,0.6905980635583608,0.9727219983585998,21.0,4.0,k562+TGFB_IKBKB,k562+TGFB,IKBKB,False,True,5
k562+TGFB_IRF7,0.41012305,0.36486796,1.1240314,0.8391495,-0.2658698,0.8182423178570979,-0.07385400627504046,0.8753461003752641,0.888694185584152,0.9849801141659162,2134,2004,,,,,,,,,,,,,k562+TGFB_IRF7,k562+TGFB,IRF7,False,True,5
k562+TGFB_JUN,0.4140452,0.36459407,1.1356335,0.8381536,-0.30069062,0.8164327452620423,-0.11626880328773094,0.8745794700475302,0.8888632745625744,0.983930256852975,2071,2068,0.001518278382718563,0.007669823709875345,0.19795478880405426,,,,,,,,1.0,0.0,k562+TGFB_JUN,k562+TGFB,JUN,False,True,5
k562+TGFB_KRAS,0.41064945,0.3592141,1.1431886,0.84224695,-0.3110999,0.8118170243841241,-0.08952424607243165,0.877639346609966,0.890086011343771,0.9860163348539608,2039,2101,,,,,,,,,,,,,k562+TGFB_KRAS,k562+TGFB,KRAS,False,True,5
k562+TGFB_MAP3K7,0.40982553,0.368065,1.1134597,0.8391617,-0.2946219,0.8089654612599408,-0.11032972837670153,0.8747320799844599,0.8867803520926157,0.9864134652062098,2058,2067,,,,,,,,,,,,,k562+TGFB_MAP3K7,k562+TGFB,MAP3K7,False,True,5
k562+TGFB_MAPK1,0.4154175,0.39241752,1.0586109,0.83282745,-0.15436049,0.7820161095633571,0.016789666655558137,0.8658555510615357,0.8743506645592041,0.9902840887049006,2233,1858,1.6546752452850342,1.3255234956741333,1.2483183145523071,0.44918525218963623,-0.7218725085258484,0.5407692307692307,-0.5784615384615384,0.7477753267817832,0.7913702140887129,0.9449121453766989,12.0,13.0,k562+TGFB_MAPK1,k562+TGFB,MAPK1,False,True,5
k562+TGFB_MAPK3,0.39771494,0.36329088,1.0947562,0.84529257,-0.21651906,0.8175325887225335,-0.0687661709835085,0.880104416264471,0.8890334497847736,0.9899564706789556,2066,2075,,,,,,,,,,,,,k562+TGFB_MAPK3,k562+TGFB,MAPK3,False,True,5
k562+TGFB_MAPK14,0.42636904,0.38121665,1.1184429,0.83097446,-0.331434,0.7959517064154223,-0.13099139668326604,0.8664325764530958,0.8799485626735521,0.9846400269359034,2034,2074,0.5397599935531616,0.5282657146453857,1.0217585563659668,0.48525866866111755,-0.15935790538787842,0.3736263736263736,-0.13736263736263735,0.809579106728851,0.8238137110986916,0.9827210883018002,6.0,7.0,k562+TGFB_MAPK14,k562+TGFB,MAPK14,False,True,5
k562+TGFB_MED15,0.4371145,0.4228172,1.0338144,0.8227594,-0.08894202,0.770678204521433,0.07004770869713337,0.8576792761831565,0.8640197327520432,0.9926616761995801,2300,1794,1.2200559377670288,1.4080806970596313,0.8664673566818237,-0.023692090064287186,0.16948723793029785,0.1992307692307692,0.23307692307692307,0.5646019278191138,0.5819585985334514,0.9701754201105081,17.0,8.0,k562+TGFB_MED15,k562+TGFB,MED15,False,True,5
k562+TGFB_MYC,0.4152236,0.36643413,1.1331466,0.83758694,-0.32018673,0.8192324712185385,-0.12327529299558011,0.8741408178053509,0.8882958674686094,0.9840649380666417,2061,2073,,,,,,,,,,,,,k562+TGFB_MYC,k562+TGFB,MYC,False,True,5
k562+TGFB_NFKB1,0.41840684,0.3989979,1.0486442,0.82332456,-0.14107327,0.7858366206573457,0.09185549047801708,0.8586490764515047,0.8721622058242959,0.9845061741009291,2490,1611,0.8638302087783813,1.0587941408157349,0.8158622980117798,0.1445804387331009,-0.07922880351543427,0.15076923076923077,-0.09153846153846153,0.6937358354487884,0.7451117026944553,0.9310494425736668,20.0,5.0,k562+TGFB_NFKB1,k562+TGFB,NFKB1,False,True,5
k562+TGFB_NRAS,0.40600362,0.42526752,0.9547017,0.8224167,0.07230932,0.7550642053980673,0.2537084394281166,0.8552097903755234,0.8621824018719884,0.9919128348232046,2683,1405,1.4476847648620605,1.6723928451538086,0.8656367659568787,-0.1311052143573761,-0.1428828239440918,-0.07615384615384616,0.018461538461538463,0.6938210512336788,0.7723772106052852,0.8982930124128796,19.0,6.0,k562+TGFB_NRAS,k562+TGFB,NRAS,False,True,5
k562+TGFB_PAK1,0.40451452,0.35401025,1.1426632,0.84441555,-0.30970058,0.8253742601668631,-0.09225303267710683,0.8804271755588177,0.8930388202411299,0.9858778315158718,2067,2077,,,,,,,,,,,,,k562+TGFB_PAK1,k562+TGFB,PAK1,False,True,5
k562+TGFB_PIK3CA,0.39707264,0.36382774,1.0913754,0.8414288,-0.217664,0.8129877571408922,-0.03009831028271529,0.8769891708022252,0.888564329560344,0.9869731899277949,2233,1900,,,,,,,,,,,,,k562+TGFB_PIK3CA,k562+TGFB,PIK3CA,False,True,5
k562+TGFB_PPP2CA,0.40557814,0.3746246,1.0826255,0.8371201,-0.18901551,0.7931812579416297,0.024454544478199215,0.8716081708374366,0.8825120823797352,0.9876444620305982,2273,1839,,,,,,,,,,,,,k562+TGFB_PPP2CA,k562+TGFB,PPP2CA,False,True,5
k562+TGFB_PRKCA,0.41138,0.3626806,1.1342763,0.8420174,-0.3021371,0.8164836299349473,-0.0805228818365791,0.8776477998403741,0.8897167857414824,0.9864350250613176,2069,2055,,,,,,,,,,,,,k562+TGFB_PRKCA,k562+TGFB,PRKCA,False,True,5
k562+TGFB_RAF1,0.42250156,0.3959011,1.0671896,0.8279848,-0.17228875,0.7755558928007987,0.04211361434209384,0.8624683848902941,0.8733063078344058,0.9875897805307428,2294,1808,2.0534698963165283,2.0359296798706055,1.0086153745651245,0.11083181947469711,-0.20819368958473206,0.10999999999999999,-0.15999999999999998,0.7204452989243963,0.7266513248612622,0.991459417020879,13.0,12.0,k562+TGFB_RAF1,k562+TGFB,RAF1,False,True,5
k562+TGFB_RBL1,0.42854902,0.4139868,1.0351756,0.82073236,-0.10381643,0.764518343362936,0.1103181283292298,0.8553048516691363,0.866339663864989,0.987262718473926,2411,1686,2.223468065261841,2.062089681625366,1.0782595872879028,0.3285157084465027,-0.27851828932762146,0.2230769230769231,-0.30615384615384617,0.6925461259865048,0.6957737975469832,0.9953610331808155,11.0,14.0,k562+TGFB_RBL1,k562+TGFB,RBL1,False,True,5
k562+TGFB_RBX1,0.4304601,0.42493662,1.0129983,0.8220735,-0.03034896,0.7521713723410138,0.14100636611965822,0.8549036840967822,0.8628738952940168,0.9907631796016741,2442,1608,2.037212371826172,1.9653891324996948,1.0365440845489502,0.2550095319747925,-0.21674536168575287,0.19769230769230767,-0.3130769230769231,0.7755643015668748,0.7886923389379266,0.9833546787220854,12.0,13.0,k562+TGFB_RBX1,k562+TGFB,RBX1,False,True,5
k562+TGFB_RELA,0.40371406,0.36131108,1.1173587,0.8418712,-0.25916198,0.8123334825245936,-0.04455727363308077,0.8775871477037192,0.8899234097752017,0.9861378384521892,2157,1981,,,,,,,,,,,,,k562+TGFB_RELA,k562+TGFB,RELA,False,True,5
k562+TGFB_RHOA,0.37861276,0.4197127,0.902076,0.8250095,0.16493742,0.7449587438411973,0.35321547784428875,0.8565344380229297,0.8637251305663274,0.9916747906377543,2818,1212,1.1224918365478516,1.479636788368225,0.7586265802383423,0.09777175635099411,0.1669846475124359,0.25658781009360465,0.14153846153846153,0.7227605759174428,0.7564366557699482,0.9554806346365806,23.0,2.0,k562+TGFB_RHOA,k562+TGFB,RHOA,False,True,5
k562+TGFB_RPS6KB1,0.39895478,0.36245397,1.1007047,0.84435743,-0.22474033,0.8180667512721503,-0.0657148192054996,0.879192047503756,0.8888950222393824,0.9890842287414527,2030,2099,,,,,,,,,,,,,k562+TGFB_RPS6KB1,k562+TGFB,RPS6KB1,False,True,5
k562+TGFB_RUNX1,0.40452054,0.34828997,1.1614476,0.844866,-0.32855594,0.8312911426794195,-0.14234931085193175,0.8813648378831415,0.895579635023158,0.9841278245014482,1986,2191,,,,,,,,,,,,,k562+TGFB_RUNX1,k562+TGFB,RUNX1,False,True,5
k562+TGFB_RUNX2,0.41387656,0.3829772,1.080682,0.8329835,-0.20269302,0.7874341215309099,0.027903705339163067,0.8671832244039425,0.8784507433287261,0.9871734197843723,2259,1847,0.1510034054517746,0.22656889259815216,0.6664789915084839,0.846286416053772,0.3657797873020172,0.6,-0.09999999999999999,0.9283899459875256,0.9211646597069669,1.007843642506712,4.0,1.0,k562+TGFB_RUNX2,k562+TGFB,RUNX2,False,True,5
k562+TGFB_RUNX3,0.40852302,0.36274442,1.1262007,0.8416947,-0.27662128,0.8131519724949543,-0.0759716831482596,0.8775035500219156,0.8894502925186006,0.9865683978102293,2064,2078,,,,,,,,,,,,,k562+TGFB_RUNX3,k562+TGFB,RUNX3,False,True,5
k562+TGFB_SKP1,0.36029702,0.44759238,0.80496687,0.8164722,0.3139038,0.7179899330904579,0.50115739927986,0.8490607559391605,0.8553663719352614,0.9926281693985298,3055,1022,2.122765302658081,2.6583261489868164,0.7985345721244812,-0.30604228377342224,-0.23458528518676758,-0.2776923076923077,-0.18615384615384614,0.5495321020818896,0.6221832169596677,0.8832319598191803,21.0,4.0,k562+TGFB_SKP1,k562+TGFB,SKP1,False,True,5
k562+TGFB_SMAD1,0.40304697,0.36183593,1.1138942,0.84095144,-0.2625382,0.800859913869086,-0.03617286942196435,0.8763814193794149,0.8889020294281431,0.9859145219223056,2164,1972,,,,,,,,,,,,,k562+TGFB_SMAD1,k562+TGFB,SMAD1,False,True,5
k562+TGFB_SMAD2,0.40750602,0.35846078,1.1368217,0.8433237,-0.29139572,0.8151989080636568,-0.09638870853072513,0.8796456906402244,0.8919246565816417,0.986233180290724,2005,2150,,,,,,,,,,,,,k562+TGFB_SMAD2,k562+TGFB,SMAD2,False,True,5
k562+TGFB_SMAD3,0.4225617,0.3636713,1.1619331,0.8413332,-0.32471585,0.8198654663199322,-0.14853988286226913,0.8768830425567385,0.8885006517264754,0.9869244787303618,1941,2191,,,,,,,,,,,,,k562+TGFB_SMAD3,k562+TGFB,SMAD3,False,False,5
k562+TGFB_SMAD4,0.41289374,0.3869173,1.067137,0.8318114,-0.17426205,0.7820102380568289,0.042810283534198565,0.8664054948525702,0.8773307179105531,0.9875472010326934,2279,1823,1.7589820623397827,1.664597988128662,1.0567008256912231,-0.32232213020324707,-0.3256613314151764,-0.15461538461538463,-0.45461538461538464,0.5697285771240364,0.605049372664098,0.9416232837585794,11.0,14.0,k562+TGFB_SMAD4,k562+TGFB,SMAD4,False,True,5
k562+TGFB_SMAD5,0.4664542,0.40944454,1.1392366,0.81994605,-0.34794992,0.7654635615299721,-0.09941871198114835,0.8543879769797383,0.8677217305853658,0.9846336064481956,2090,2001,2.883981227874756,2.5200071334838867,1.1444337368011475,-0.044203631579875946,-0.4888676106929779,-0.027692307692307697,-0.576923076923077,0.6203807353331805,0.6618659493833902,0.9373208214006805,10.0,15.0,k562+TGFB_SMAD5,k562+TGFB,SMAD5,False,False,5
k562+TGFB_SMAD6,0.41288492,0.3635634,1.1356615,0.83996177,-0.30671307,0.8071193186318412,-0.07060839982560899,0.8749946120825897,0.8878619420420059,0.9855075104020987,2099,2017,,,,,,,,,,,,,k562+TGFB_SMAD6,k562+TGFB,SMAD6,False,True,5
k562+TGFB_SMAD7,0.41041356,0.37281415,1.100853,0.8377886,-0.23612323,0.7929032387873213,-0.013841264646878359,0.8722975339305554,0.8837698700463057,0.9870188648599786,2181,1923,,,,,,,,,,,,,k562+TGFB_SMAD7,k562+TGFB,SMAD7,False,True,5
k562+TGFB_SMAD9,0.41401753,0.35995576,1.15019,0.84045446,-0.29964834,0.8150285413585235,-0.07403314924958537,0.8769193114711736,0.8907497260384755,0.9844732878798501,2099,2046,,,,,,,,,,,,,k562+TGFB_SMAD9,k562+TGFB,SMAD9,False,True,5
k562+TGFB_SMURF1,0.40448624,0.3489105,1.1592836,0.84488773,-0.3401217,0.8225934114333994,-0.1117171848928166,0.881233734355166,0.8950808725893014,0.9845297350684323,2076,2102,3.4722564220428467,2.7212789058685303,1.2759649753570557,,,,,,,,0.0,1.0,k562+TGFB_SMURF1,k562+TGFB,SMURF1,False,True,5
k562+TGFB_SMURF2,0.41353384,0.361065,1.1453168,0.8403787,-0.31607452,0.8110362113489993,-0.09023039062847968,0.8763746775358449,0.889990246795748,0.9847014399214783,2066,2072,3.3641607761383057,3.2587311267852783,1.0323529243469238,,,,,,,,0.0,1.0,k562+TGFB_SMURF2,k562+TGFB,SMURF2,False,True,5
k562+TGFB_SP1,0.42848644,0.39968398,1.0720631,0.8285531,-0.19046833,0.7864930728529657,0.006049072244535247,0.8623297010168461,0.8721471564309207,0.9887433498559459,2214,1880,0.9207565784454346,0.9791772961616516,0.9403369426727295,0.23195019364356995,0.05539426952600479,0.2646153846153846,0.03307692307692307,0.7140163080200359,0.7188241621014128,0.9933115018458456,14.0,11.0,k562+TGFB_SP1,k562+TGFB,SP1,False,True,5
k562+TGFB_TGFBR1,0.40640023,0.3624761,1.121178,0.84043986,-0.29498613,0.8102845969770139,-0.07462489302523993,0.8765288457948324,0.8894613561767934,0.985460289767338,2096,2041,0.3724459409713745,0.7509852647781372,0.4959430694580078,,,,,,,,1.0,0.0,k562+TGFB_TGFBR1,k562+TGFB,TGFBR1,False,True,5
k562+TGFB_TGFBR2,0.39847383,0.35100365,1.1352413,0.8459039,-0.30638507,0.8213282108360597,-0.09481279860172033,0.8816126015581625,0.8940074771475667,0.9861356018755554,2054,2112,,,,,,,,,,,,,k562+TGFB_TGFBR2,k562+TGFB,TGFBR2,False,True,5
k562+TGFB_TGFBR3,0.41001198,0.37275293,1.0999564,0.83784926,-0.21631575,0.7933576593669471,-0.00348781270087225,0.8726885753609552,0.8842405909460822,0.9869356646783575,2204,1909,0.36668890714645386,0.46775251626968384,0.7839378714561462,-1.0,1.0,-0.9999999999999999,0.9999999999999999,0.795464614136309,0.8128826829797998,0.9785724690558777,1.0,1.0,k562+TGFB_TGFBR3,k562+TGFB,TGFBR3,False,True,5
k562+TGFB_TGIF1,0.40545785,0.37609175,1.0780823,0.8373479,-0.17329317,0.790659917658245,0.04039708898896277,0.8717538582649266,0.8821483384994052,0.9882168567565854,2315,1788,,,,,,,,,,,,,k562+TGFB_TGIF1,k562+TGFB,TGIF1,False,True,5
k562+TNFA_CHUK,0.009824389,0.44132656,0.02226104,0.99637306,0.9888852,0.8602099503887252,0.9017430629233237,0.9971401722017711,0.868260172178095,1.1484347712280423,3525,571,0.039421673864126205,0.5271623134613037,0.0747809037566185,0.9287241697311401,0.9603003263473511,0.7984615384615384,0.9,0.9483500737817373,0.5635662816209313,1.6827658160351424,18.0,7.0,k562+TNFA_CHUK,k562+TNFA,CHUK,True,False,5
k562+TNFA_MTOR,0.055591725,0.47072354,0.11809846,0.98688173,0.9508072,0.8483805766368893,0.7896722878183522,0.9885158865831668,0.8512857979931172,1.1612033102320816,3184,843,0.14646896719932556,2.233133316040039,0.06558899581432343,0.16744528710842133,0.987672746181488,0.1924557922082009,0.9615384615384615,0.8313941136190718,0.7441836781105757,1.1171893956743535,16.0,9.0,k562+TNFA_MTOR,k562+TNFA,MTOR,True,False,5
mcf7+IFNB_ADAR,0.25473973,0.24142349,1.0551572,0.9095821,0.010894854,0.8217368288437957,-0.04450248005752083,0.9293128896870112,0.9332051539916217,0.9958291440119441,2194,2012,0.53944993019104,0.5721117258071899,0.9429101347923279,0.13144738972187042,0.03519241139292717,0.03307692307692307,0.21923076923076923,0.5227260049182771,0.5146547261654357,1.0156829002873022,17.0,8.0,mcf7+IFNB_ADAR,mcf7+IFNB,ADAR,False,True,5
mcf7+IFNB_AKT1,0.26858127,0.23942344,1.1217835,0.90427375,-0.26120567,0.8293385491634799,-0.21209766939660074,0.9250164903111953,0.9330261267511519,0.9914154210580933,1873,2317,0.43170660734176636,0.3699244260787964,1.1670129299163818,0.2959584891796112,-0.332775741815567,0.21119446437989348,-0.2753846153846154,0.7345788906645654,0.7218698803143558,1.0176056803265916,10.0,15.0,mcf7+IFNB_AKT1,mcf7+IFNB,AKT1,False,True,5
mcf7+IFNB_BATF2,0.2534994,0.23529868,1.0773516,0.9108262,-0.01797887,0.8430373183091009,-0.07827492649094187,0.9307532213400385,0.9357133001255292,0.9946991468595933,2137,2108,0.17913340032100677,0.18610204756259918,0.9625546932220459,-0.2138839066028595,-0.023778576403856277,-0.4090909090909091,-0.08181818181818183,0.5811434219696142,0.6497009769844215,0.8944782947179543,7.0,4.0,mcf7+IFNB_BATF2,mcf7+IFNB,BATF2,False,True,5
mcf7+IFNB_BRD9,0.25206885,0.2386504,1.0562264,0.9112007,0.03546329,0.828808086900823,-0.14028635810045248,0.9305162004152868,0.9339998902947799,0.996270138877218,1972,2233,0.5214874744415283,0.5683146119117737,0.9176034927368164,0.9788730144500732,0.2964230179786682,0.6,-0.2571428571428572,0.9581350809977385,0.9465342494280181,1.0122561138983937,3.0,3.0,mcf7+IFNB_BRD9,mcf7+IFNB,BRD9,False,True,5
mcf7+IFNB_CEBPB,0.25625712,0.23670164,1.0826166,0.90985334,-0.08729542,0.8357580397194817,0.013645316502279367,0.9298667329683948,0.9353764529746929,0.9941096229344069,2364,1838,0.7638315558433533,0.653512179851532,1.1688100099563599,0.686485767364502,-0.3856765925884247,0.6900000000000001,-0.22999999999999998,0.8089513483009364,0.8389320844554903,0.9642632142576679,15.0,10.0,mcf7+IFNB_CEBPB,mcf7+IFNB,CEBPB,False,True,5
mcf7+IFNB_CEBPG,0.2545652,0.23898824,1.0651789,0.90995765,0.007843729,0.8271413280624859,-0.12398843629890034,0.9295504643196354,0.9338539507261564,0.9953916922414103,2020,2198,0.3869423568248749,0.3412270247936249,1.1339733600616455,0.2504434287548065,0.05887116491794586,0.19141727837380013,0.05815923207227556,0.6871066942229155,0.6411514257935489,1.0716761541510853,7.0,15.0,mcf7+IFNB_CEBPG,mcf7+IFNB,CEBPG,False,True,5
mcf7+IFNB_CRKL,0.25267866,0.24298613,1.0398892,0.90995866,0.04847827,0.8215705186427256,0.006832887096274672,0.9296849874302888,0.9325548049789594,0.9969226285325554,2251,1955,0.48446619510650635,0.5478062629699707,0.8843750357627869,0.15948624908924103,0.3758131265640259,0.5324675324675324,0.2831168831168831,0.5178082601914078,0.5044906431419216,1.0263981448031332,14.0,7.0,mcf7+IFNB_CRKL,mcf7+IFNB,CRKL,False,True,5
mcf7+IFNB_DRAP1,0.25980937,0.23473501,1.1068199,0.9084619,-0.27803546,0.8339219710337507,-0.1421367637329228,0.9290175901732697,0.9359190775600569,0.9926259785143183,2045,2207,0.444410115480423,0.39209750294685364,1.1334173679351807,0.3652411103248596,-0.4426153302192688,0.19473684210526312,-0.4736842105263158,0.706622731699518,0.6999260704749753,1.009567669368278,7.0,12.0,mcf7+IFNB_DRAP1,mcf7+IFNB,DRAP1,False,False,5
mcf7+IFNB_DTX3L,0.24954827,0.23615836,1.0566989,0.9125795,0.0149216335,0.8370073788113781,-0.1295905959148141,0.9322426137415799,0.9359373232083141,0.9960523964851951,2057,2254,0.1575169712305069,0.14544224739074707,1.0830206871032715,0.791229248046875,-0.9083652496337891,1.0,-1.0,0.9830145226345939,0.9853973690376074,0.997581842130002,1.0,2.0,mcf7+IFNB_DTX3L,mcf7+IFNB,DTX3L,False,True,5
mcf7+IFNB_ELK1,0.25170296,0.23459153,1.0729414,0.9119686,-0.1197684,0.8493302135970718,-0.15808952229379564,0.9317742415958379,0.9365422068623512,0.9949089691510143,2038,2298,0.035710614174604416,0.026232466101646423,1.3613137006759644,0.31901881098747253,-0.9528362154960632,0.5,-1.0,0.7200876193470267,0.8346641019112837,0.8627274345429614,1.0,2.0,mcf7+IFNB_ELK1,mcf7+IFNB,ELK1,False,True,5
mcf7+IFNB_ETS1,0.251822,0.23904693,1.0534416,0.9116571,0.023109926,0.8343823337190014,-0.12856547677928354,0.9310544974698551,0.9345424330318499,0.9962677611644886,1991,2245,0.5111923813819885,0.4574500620365143,1.1174824237823486,0.025093158707022667,-0.32674887776374817,0.5734265734265735,0.013986013986013986,0.42936508102127113,0.5337725625054919,0.804397061935632,6.0,6.0,mcf7+IFNB_ETS1,mcf7+IFNB,ETS1,False,True,5
mcf7+IFNB_ETS2,0.24811855,0.23296487,1.065047,0.91315174,0.0059186704,0.8460855571117388,-0.14714150351682853,0.9324318012308799,0.936471071452642,0.9956867111596983,1992,2263,0.27298399806022644,0.2752719223499298,0.9916884899139404,-0.11010763049125671,0.10639229416847229,0.1398601398601399,0.2657342657342658,0.24729184430990547,0.24773726279856223,0.9982020529183818,10.0,2.0,mcf7+IFNB_ETS2,mcf7+IFNB,ETS2,False,True,5
mcf7+IFNB_FOS,0.26424935,0.23768662,1.1117553,0.90625644,-0.27748984,0.8386349200366657,-0.11530947176833788,0.927204489232843,0.9347786261160287,0.9918974004415827,2104,2127,0.3451158106327057,0.23508486151695251,1.4680477380752563,0.5403417944908142,-0.9862738847732544,0.7999999999999999,-0.7999999999999999,0.7514303442352119,0.8015342078690351,0.937490049530101,2.0,2.0,mcf7+IFNB_FOS,mcf7+IFNB,FOS,False,True,5
mcf7+IFNB_H1F0,0.26886055,0.2402727,1.1189809,0.90495217,-0.07677829,0.8177886204130907,0.12317958549658826,0.9263032457522041,0.9340689793848876,0.9916861240400067,2569,1689,0.0242677703499794,0.09896702319383621,0.2452106773853302,0.9462329149246216,0.9366065263748169,1.0,1.0,0.9715069507779645,0.9960788957908319,0.9753313265478246,3.0,0.0,mcf7+IFNB_H1F0,mcf7+IFNB,H1F0,False,False,5
mcf7+IFNB_HERC5,0.25130805,0.24118085,1.04199,0.9112874,0.04137705,0.8320279830703656,-0.08645465497432282,0.9306887787681336,0.9335371639477906,0.9969488250820014,2067,2157,0.4231360852718353,0.4165745973587036,1.0157510042190552,0.03798238933086395,-0.012735085561871529,0.15711462450592886,0.05533596837944664,0.3086373744005866,0.3169220373617435,0.9738589874338698,14.0,9.0,mcf7+IFNB_HERC5,mcf7+IFNB,HERC5,False,True,5
mcf7+IFNB_HERC6,0.24976565,0.23659953,1.0556473,0.91206765,0.02002998,0.8301925895831759,-0.08348656763210008,0.9316125181494981,0.9353443480440091,0.9960102074681747,2090,2159,0.21826200187206268,0.24769045412540436,0.8811885714530945,0.84755939245224,0.5817158222198486,0.3916083916083916,0.21678321678321683,0.8408306549636158,0.7161318338924324,1.1741283031553014,7.0,5.0,mcf7+IFNB_HERC6,mcf7+IFNB,HERC6,False,True,5
mcf7+IFNB_HES4,0.2551971,0.24277705,1.0511583,0.9093864,0.030205816,0.8231192206879925,-0.09024519112098284,0.929038091215968,0.9326193086732112,0.9961600436277285,2061,2151,0.5166934728622437,0.592068076133728,0.8726927042007446,-0.0711374431848526,0.5068536400794983,-0.005384615384615384,0.45692307692307693,0.5619643649948645,0.5574185133470073,1.008155185985054,12.0,13.0,mcf7+IFNB_HES4,mcf7+IFNB,HES4,False,True,5
mcf7+IFNB_ID1,0.28989214,0.24434905,1.1863854,0.9040701,0.01551486,0.7562941696637496,0.2628327165202169,0.9248056145675206,0.9315475582220218,0.9927626414829865,2745,1405,3.8830697536468506,2.6018426418304443,1.4924306869506836,0.5299139022827148,-0.20411120355129242,0.6607692307692308,-0.10307692307692308,0.8177710069023963,0.8708919646736702,0.9390039638370314,9.0,16.0,mcf7+IFNB_ID1,mcf7+IFNB,ID1,False,True,5
mcf7+IFNB_ID2,0.2599976,0.2405592,1.0808051,0.90744686,-0.08601891,0.825932264045091,-0.11056944763405349,0.9275428956103837,0.9330293515763888,0.9941197391521119,2071,2140,0.37200018763542175,0.3759513795375824,0.9894901514053345,0.12450329959392548,-0.0955217108130455,0.4684615384615385,-0.02923076923076923,0.6060032921490538,0.6854965862851087,0.8840354631569348,17.0,8.0,mcf7+IFNB_ID2,mcf7+IFNB,ID2,False,True,5
mcf7+IFNB_ID3,0.25511375,0.23991363,1.0633566,0.9095364,-0.0007179156,0.8132567708551199,-0.049449449834463664,0.9292917654614806,0.9337088274920688,0.995269336756243,2165,2035,0.40747085213661194,0.404104083776474,1.0083314180374146,0.3336544632911682,-0.060766927897930145,0.10999999999999999,-0.04076923076923076,0.6665777313599129,0.693616221150314,0.9610180832484575,11.0,14.0,mcf7+IFNB_ID3,mcf7+IFNB,ID3,False,True,5
mcf7+IFNB_IFI16,0.254663,0.2572034,0.990123,0.89925027,0.13555226,0.7670515997262782,0.4070075135697697,0.919138336744883,0.9221011542748218,0.9967868844798607,2967,1132,0.7582163214683533,1.093308448791504,0.6935063004493713,0.22274072468280792,0.44157227873802185,0.2795929530679474,0.5307692307692308,0.6876316517252364,0.7316673127751232,0.9398146394119139,22.0,3.0,mcf7+IFNB_IFI16,mcf7+IFNB,IFI16,False,True,5
mcf7+IFNB_IFNAR1,0.24846973,0.22267254,1.1158526,0.91126037,-0.29578236,0.8277081940465558,-0.17580638437130525,0.9308055681660494,0.9380075029330732,0.992322092579746,1941,2232,0.7791946530342102,0.6428384184837341,1.2121158838272095,0.5091192722320557,-0.5802950263023376,0.2353846153846154,-0.5669230769230769,0.6766340265990749,0.7139744259569669,0.9477006486502044,5.0,20.0,mcf7+IFNB_IFNAR1,mcf7+IFNB,IFNAR1,False,False,5
mcf7+IFNB_IFNAR2,0.25810963,0.23291238,1.1081834,0.906848,-0.29415992,0.8236101027509567,-0.1407956095905814,0.9268002508813461,0.933989229336278,0.9923029321654591,1976,2175,0.6455546021461487,0.6077519059181213,1.062200903892517,-0.16139453649520874,-0.21156123280525208,-0.1176923076923077,-0.11230769230769232,0.4802868061692096,0.5083998714419424,0.9447028474004182,14.0,11.0,mcf7+IFNB_IFNAR2,mcf7+IFNB,IFNAR2,False,True,5
mcf7+IFNB_IRF1,0.25604013,0.23440044,1.0923194,0.9096911,-0.12177925,0.8494663608021246,-0.13399096041272238,0.9300989200752092,0.9360908257814002,0.9935990124663499,2101,2210,0.6523318290710449,0.3787187933921814,1.7224701642990112,0.2604925036430359,-0.3721826672554016,0.14285714285714288,0.0,0.7101708124815931,0.7932014484146649,0.895322132733089,4.0,3.0,mcf7+IFNB_IRF1,mcf7+IFNB,IRF1,False,True,5
mcf7+IFNB_IRF3,0.2532461,0.23834912,1.0625006,0.9097957,0.013813379,0.816537206104937,0.175123357302623,0.9293913237808004,0.9332122232580344,0.9959056478451445,2598,1553,0.8554475903511047,0.7651852369308472,1.1179614067077637,0.023549215868115425,-0.3034687042236328,-0.09076923076923075,-0.2030769230769231,0.25951937795361246,0.36103796661006604,0.7188146454245425,19.0,6.0,mcf7+IFNB_IRF3,mcf7+IFNB,IRF3,False,True,5
mcf7+IFNB_IRF7,0.26411632,0.24077812,1.0969282,0.90535176,-0.15494138,0.8271843116582158,-0.070202905638848,0.9257049593712087,0.9323240215510739,0.9929004701939854,2126,2052,0.8067044615745544,0.7435863614082336,1.0848833322525024,0.44738495349884033,-0.23855453729629517,0.61,-0.20923076923076922,0.7730268912593691,0.7975577433911694,0.9692425378161379,12.0,13.0,mcf7+IFNB_IRF7,mcf7+IFNB,IRF7,False,True,5
mcf7+IFNB_IRF9,0.26578096,0.2563391,1.0368334,0.8992705,0.002746177,0.7908517341179546,0.24050031259855403,0.9195798517444242,0.9243029368300618,0.9948901113504675,2692,1418,0.8935185074806213,1.0192973613739014,0.8766024112701416,0.3091610372066498,0.08437429368495941,0.3278652170644853,0.3246153846153846,0.7557118949631273,0.7361878039073705,1.0265205304300495,21.0,4.0,mcf7+IFNB_IRF9,mcf7+IFNB,IRF9,False,True,5
mcf7+IFNB_JAK1,0.26044986,0.23412222,1.1124525,0.90815425,-0.23195049,0.8457759845508354,-0.16093835930736206,0.9286411895213196,0.9357527150129965,0.9924002085405884,2033,2230,0.708263635635376,0.3074352443218231,2.303781509399414,0.9696599841117859,-0.736748993396759,1.0,-1.0,0.986835962941504,0.9982232978089789,0.988592397219671,1.0,3.0,mcf7+IFNB_JAK1,mcf7+IFNB,JAK1,False,True,5
mcf7+IFNB_JUN,0.26088646,0.23850605,1.0938358,0.90792066,-0.1445179,0.8390157074324295,-0.10619192889955868,0.9284588678081077,0.9346932645194574,0.9933300078774453,2172,2078,0.5387045741081238,0.5941479206085205,0.9066842794418335,-0.855141282081604,-0.1614934802055359,-0.7999999999999999,-0.19999999999999998,0.7165295705173621,0.7430099280440702,0.9643606948881341,4.0,0.0,mcf7+IFNB_JUN,mcf7+IFNB,JUN,False,True,5
mcf7+IFNB_MAP3K14,0.26238102,0.2417824,1.0851948,0.90718895,-0.10806351,0.8368222187181701,-0.10048347300612262,0.9274274825795412,0.9331955952392155,0.9938189671178252,2106,2112,0.5674310326576233,0.41760843992233276,1.358763337135315,-0.0873284712433815,-0.5129655003547668,0.02846153846153846,-0.4015384615384615,0.3161061306935963,0.35537426034481556,0.8895020432455691,16.0,9.0,mcf7+IFNB_MAP3K14,mcf7+IFNB,MAP3K14,False,True,5
mcf7+IFNB_MAPK8,0.26161924,0.23730293,1.1024694,0.9076962,-0.113659635,0.8368014165795186,-0.1403076571134483,0.9281651365434798,0.9348578153414692,0.9928409660932825,2067,2190,0.6044080257415771,0.5335113406181335,1.1328868865966797,-0.22605162858963013,-0.44313499331474304,-0.07017543859649124,-0.28421052631578947,0.29058726996530804,0.30323886400135835,0.9582784545849188,8.0,11.0,mcf7+IFNB_MAPK8,mcf7+IFNB,MAPK8,False,True,5
mcf7+IFNB_MAPK14,0.2657317,0.23861577,1.1136384,0.90518606,-0.25813392,0.8313447836515298,-0.15817440282245443,0.9259443110095092,0.9335885799519845,0.9918119511028418,2008,2179,0.6232665777206421,0.6150785684585571,1.0133121013641357,0.49568885564804077,-0.24789881706237793,0.5576923076923077,-0.21615384615384614,0.8330995911031283,0.8380282180258012,0.994118781663124,14.0,11.0,mcf7+IFNB_MAPK14,mcf7+IFNB,MAPK14,False,True,5
mcf7+IFNB_MEF2A,0.25380352,0.24129786,1.0518267,0.9102029,0.017381303,0.8286118057976823,-0.07734780484951104,0.9299173520442922,0.933482888998555,0.9961803938815761,2128,2111,0.36641520261764526,0.35390985012054443,1.035334825515747,0.6278749704360962,-0.08354144543409348,0.4911764705882353,0.10588235294117648,0.7970819919180634,0.783517147921897,1.0173127595639024,11.0,5.0,mcf7+IFNB_MEF2A,mcf7+IFNB,MEF2A,False,True,5
mcf7+IFNB_MYC,0.2592829,0.23711595,1.0934856,0.9082202,-0.16973275,0.8393499836406947,-0.11971909034806522,0.9285266629628549,0.9347300940798644,0.9933633985293733,2123,2083,0.3408777713775635,0.23429854214191437,1.4548864364624023,0.5563149452209473,-0.46696048974990845,0.1808300395256917,-0.2549407114624506,0.7526356889033491,0.8137324886410425,0.9249178316086077,15.0,8.0,mcf7+IFNB_MYC,mcf7+IFNB,MYC,False,True,5
mcf7+IFNB_NFE2L3,0.25084487,0.23725536,1.0572779,0.9113683,0.048819147,0.832136449009475,-0.03436353066514651,0.9310221047299838,0.9347957131176686,0.9959631731995225,2209,2051,0.0014338517794385552,0.0007537059718742967,1.9024020433425903,,,,,,,,0.0,1.0,mcf7+IFNB_NFE2L3,mcf7+IFNB,NFE2L3,False,False,5
mcf7+IFNB_NFKB1,0.26036537,0.25747854,1.011212,0.90293145,0.0207135,0.8190176610449204,0.21998044257763721,0.9234318252915662,0.9253523369296347,0.9979245617464577,2619,1501,0.9866790175437927,1.0569753646850586,0.93349289894104,-0.02502407319843769,0.08550861477851868,0.04538461538461538,0.019999999999999997,0.49732819857520005,0.5130676472541529,0.9693228587629963,18.0,7.0,mcf7+IFNB_NFKB1,mcf7+IFNB,NFKB1,False,True,5
mcf7+IFNB_PARP12,0.25811166,0.238419,1.0825969,0.90932846,-0.021429248,0.848130806783144,-0.09516335554175745,0.9294444511524609,0.9345400139665453,0.9945475177756629,2119,2143,0.18605707585811615,0.20125584304332733,0.9244803786277771,0.9529357552528381,0.7106670141220093,0.09999999999999999,0.7,0.9586896564574964,0.9021427127348811,1.0626807077465503,4.0,1.0,mcf7+IFNB_PARP12,mcf7+IFNB,PARP12,False,True,5
mcf7+IFNB_POU2F1,0.2567416,0.2699691,0.9510037,0.89724565,0.15682214,0.7700509889355603,0.28532326676780606,0.9170167276715812,0.9175508866617215,0.999417842652756,2685,1415,1.0802849531173706,1.2458769083023071,0.8670880198478699,0.45910489559173584,0.14118550717830658,0.13389766285473606,0.35,0.570722513594446,0.5941249178624697,0.9606102966490274,20.0,5.0,mcf7+IFNB_POU2F1,mcf7+IFNB,POU2F1,False,True,5
mcf7+IFNB_RAP1GAP,0.2506349,0.23531103,1.0651218,0.9125123,0.024150189,0.8328871793750374,-0.17067471594222786,0.9318171984180137,0.935803130920745,0.9957406292295587,1943,2343,0.36483317613601685,0.37043729424476624,0.9848716259002686,,,,,,,,1.0,0.0,mcf7+IFNB_RAP1GAP,mcf7+IFNB,RAP1GAP,False,True,5
mcf7+IFNB_RAPGEF1,0.2569208,0.24545264,1.0467225,0.9085173,0.033754483,0.8222348017415286,-0.050402140039221104,0.9282387131110355,0.931599525727451,0.9963924277292958,2147,2065,0.37939465045928955,0.2433534413576126,1.5590273141860962,0.21259646117687225,-0.29075053334236145,0.363076923076923,-0.1815384615384615,0.639552572447571,0.7548766193218701,0.8472279523269665,16.0,9.0,mcf7+IFNB_RAPGEF1,mcf7+IFNB,RAPGEF1,False,True,5
mcf7+IFNB_RNF114,0.25328183,0.23883247,1.0605,0.9106561,0.014250215,0.8362809552338055,-0.11584834722005234,0.930245497157226,0.9340819195834328,0.9958928415744117,2025,2199,0.6528512239456177,0.608078122138977,1.073630452156067,0.7542455196380615,-0.13195692002773285,0.5439560439560439,-0.016483516483516484,0.8994296951412035,0.890927827675362,1.0095427117682751,6.0,7.0,mcf7+IFNB_RNF114,mcf7+IFNB,RNF114,False,True,5
mcf7+IFNB_SMARCA5,0.24752197,0.23608889,1.048427,0.9130226,0.035952784,0.8129432278539566,0.007970107360709378,0.9324063505060591,0.9354950129588353,0.9966983656673838,2291,1931,0.15748664736747742,0.20944984257221222,0.7519062757492065,0.004347921349108219,0.3482983410358429,0.09999999999999999,0.6529411764705881,0.4167744922711112,0.5346269438914549,0.7795613315660512,15.0,1.0,mcf7+IFNB_SMARCA5,mcf7+IFNB,SMARCA5,False,True,5
mcf7+IFNB_SOCS1,0.25242215,0.23975202,1.0528468,0.91112036,0.04027518,0.830067125682502,-0.1415631769496191,0.9304089591593098,0.9336833257209166,0.9964930651845167,1986,2236,0.4746187925338745,0.439036101102829,1.0810472965240479,0.14388470351696014,-0.2868383824825287,0.08823529411764706,-0.10784313725490197,0.6665403210132081,0.6801562988525856,0.979981104545606,12.0,5.0,mcf7+IFNB_SOCS1,mcf7+IFNB,SOCS1,False,True,5
mcf7+IFNB_SP100,0.25303766,0.23727407,1.0664363,0.91034496,-0.0058987793,0.827665808767446,-0.056778051958610264,0.9297095294714813,0.9339579451947596,0.9954511702104613,2139,2083,0.4628659784793854,0.3875178098678589,1.1944379806518555,-0.17241346836090088,-0.10825963318347931,-0.09153846153846153,0.2123076923076923,0.3191667783696872,0.40998336505037125,0.7784871425953437,17.0,8.0,mcf7+IFNB_SP100,mcf7+IFNB,SP100,False,True,5
mcf7+IFNB_SP110,0.2608061,0.2428429,1.0739706,0.90777487,0.007111731,0.8221612197450109,0.16157529457113118,0.9280758779078565,0.9328351509610314,0.9948980556229342,2611,1568,0.3466494679450989,0.471749871969223,0.7348162531852722,-0.011006001383066177,0.31867319345474243,0.006153846153846154,0.4438461538461538,0.667077080629087,0.7110058845536426,0.9382159769997779,23.0,2.0,mcf7+IFNB_SP110,mcf7+IFNB,SP110,False,True,5
mcf7+IFNB_STAT1,0.26537392,0.24055997,1.1031508,0.9065718,-0.20532586,0.838639282370564,-0.1333066386816261,0.927608134659675,0.9345141498792081,0.9926100474557547,2081,2166,0.6508839130401611,0.6039620041847229,1.0776901245117188,0.4197483956813812,-0.37248411774635315,0.2833333333333333,-0.11666666666666665,0.747066573869983,0.7614965210390381,0.9810505409146638,5.0,4.0,mcf7+IFNB_STAT1,mcf7+IFNB,STAT1,False,True,5
mcf7+IFNB_STAT2,0.25510365,0.22640142,1.1267759,0.90745354,-0.17493919,0.8166562452599052,0.13306688127712724,0.927358515429376,0.9359413839338164,0.9908296944105985,2551,1602,0.42961859703063965,0.5086909532546997,0.8445571660995483,0.6453889608383179,0.2216821163892746,0.6315384615384615,0.28769230769230764,0.8881718269695218,0.888040153847605,1.0001482738380085,15.0,10.0,mcf7+IFNB_STAT2,mcf7+IFNB,STAT2,False,True,5
mcf7+IFNB_STAT3,0.25734898,0.23887125,1.0773544,0.9093976,-0.01541174,0.8423950844293012,-0.06249346568925607,0.9296797486083099,0.9347298654265921,0.9945972446103695,2158,2072,,,,,,,,,,,,,mcf7+IFNB_STAT3,mcf7+IFNB,STAT3,False,True,5
mcf7+IFNB_STAT4,0.25636417,0.24142873,1.0618627,0.9094276,-0.006977601,0.8260305055722531,-0.09846849075876461,0.9291722472636433,0.9333786389404395,0.9954933705344154,2084,2115,0.2622610926628113,0.3196594715118408,0.8204389810562134,-0.001988166943192482,0.39932510256767273,0.43093500688880565,0.40230769230769226,0.45366740363639435,0.45765982611890066,0.9912764410274695,15.0,10.0,mcf7+IFNB_STAT4,mcf7+IFNB,STAT4,False,True,5
mcf7+IFNB_STAT5A,0.2542131,0.2369649,1.072788,0.9112982,-0.0027834158,0.8399388829956368,-0.16970375357297918,0.9306891059069944,0.9350251014338793,0.9953626961241623,1932,2329,0.2022034376859665,0.16293957829475403,1.2409719228744507,0.26317426562309265,-0.5353655219078064,0.3274725274725274,-0.5164835164835165,0.724800843825964,0.7276944758465285,0.9960235619252182,5.0,9.0,mcf7+IFNB_STAT5A,mcf7+IFNB,STAT5A,False,True,5
mcf7+IFNB_STAT6,0.2597125,0.24575952,1.0567749,0.9073856,-0.012800291,0.8272738138416232,-0.03207212733716676,0.9276232734620626,0.9317516567701979,0.9955692235391931,2200,1981,0.2771042585372925,0.30888405442237854,0.8971141576766968,0.3316138684749603,0.28327974677085876,0.44461538461538463,0.41923076923076924,0.5082451211380645,0.498837978009012,1.018858113342931,16.0,9.0,mcf7+IFNB_STAT6,mcf7+IFNB,STAT6,False,True,5
mcf7+IFNB_TRAFD1,0.2621207,0.24379727,1.0751585,0.9072346,-0.01892146,0.8342732384645279,-0.029218706745353627,0.927606043065636,0.9327036516597835,0.9945345892180478,2237,2000,0.18273518979549408,0.15269042551517487,1.196769118309021,-0.17657001316547394,-0.6332514882087708,0.23632610939112486,-0.6429308565531475,0.38698257671204594,0.44861233405005574,0.8626213488567767,8.0,10.0,mcf7+IFNB_TRAFD1,mcf7+IFNB,TRAFD1,False,True,5
mcf7+IFNB_TRIM21,0.25890836,0.2429644,1.0656226,0.90904087,0.037913874,0.7908936378657753,0.15967191135543668,0.9287597410508001,0.932137985930923,0.9963758103080103,2544,1611,0.4397630989551544,0.40100792050361633,1.096644401550293,0.6393318176269531,-0.06129422411322594,0.6130769230769231,0.06999999999999999,0.7219372127945152,0.7652689760096252,0.9433770810348844,17.0,8.0,mcf7+IFNB_TRIM21,mcf7+IFNB,TRIM21,False,True,5
mcf7+IFNB_TRIM22,0.24728256,0.23597851,1.0479028,0.9119652,0.021330526,0.8156228635904943,-0.04701615109283922,0.931011868347916,0.9343394350350832,0.9964385890583306,2141,2032,0.5387527346611023,0.490970641374588,1.0973217487335205,0.43334946036338806,0.09474708884954453,-0.00615502992728287,0.1176923076923077,0.607305402679861,0.42489332764417,1.4293126372378653,18.0,7.0,mcf7+IFNB_TRIM22,mcf7+IFNB,TRIM22,False,True,5
mcf7+IFNB_TYK2,0.2548243,0.22436006,1.1357828,0.9093408,-0.37151682,0.8345601591286177,-0.18939448166297826,0.9293019345301428,0.9377443627639819,0.9909970898583115,1944,2287,0.2869826853275299,0.31886282563209534,0.9000192880630493,0.5997887253761292,0.5393453240394592,0.5307692307692308,0.4792307692307692,0.771990273212148,0.7233644022893777,1.0672218190014247,16.0,9.0,mcf7+IFNB_TYK2,mcf7+IFNB,TYK2,False,True,5
mcf7+IFNB_UBA7,0.24656123,0.23692968,1.0406514,0.91184515,0.048256706,0.8173617465820572,-0.0709245935716137,0.9305338977198857,0.9333693162764254,0.9969621686645418,2035,2129,0.7711650133132935,0.6667801737785339,1.156550645828247,0.09119017422199249,-0.2599080801010132,0.2123076923076923,-0.24,0.5506281797114182,0.5287316259305662,1.041413361159008,10.0,15.0,mcf7+IFNB_UBA7,mcf7+IFNB,UBA7,False,True,5
mcf7+IFNB_UBE2L6,0.25875938,0.24785483,1.0439957,0.9072721,0.028718654,0.8118087566407519,-0.040186075704537756,0.9267833098540678,0.9300790183211816,0.9964565285290893,2153,1996,0.8193668127059937,0.8730822205543518,0.9384761452674866,-0.15797211229801178,0.07780188322067261,-0.039999999999999994,0.22076923076923075,0.575380015563056,0.6094324398246778,0.9441243654974815,17.0,8.0,mcf7+IFNB_UBE2L6,mcf7+IFNB,UBE2L6,False,True,5
mcf7+IFNB_USP18,0.2753751,0.2470092,1.1148374,0.90600306,-0.015529463,0.8077377191035514,0.19634722035447305,0.9271223930218767,0.932924707145986,0.9937805118894752,2696,1579,0.05142754316329956,0.08293385803699493,0.620103120803833,-0.11598074436187744,0.5798115134239197,0.1666666666666667,0.6666666666666669,0.30251141413019933,0.40096512538990126,0.754458168490427,5.0,3.0,mcf7+IFNB_USP18,mcf7+IFNB,USP18,False,False,5
mcf7+IFNB_VAV1,0.2546783,0.23972651,1.0623702,0.9105486,0.022694362,0.8330481969020483,-0.15097629489257935,0.9301812915545357,0.9341566127434892,0.9957444810273531,1923,2323,0.6624974012374878,0.47321823239326477,1.3999828100204468,-0.01669340208172798,-0.15429461002349854,0.37990196078431376,0.08578431372549021,0.2768714092326864,0.32193011147808726,0.8600357635434551,11.0,6.0,mcf7+IFNB_VAV1,mcf7+IFNB,VAV1,False,True,5
mcf7+IFNB_ZBP1,0.25127715,0.23616996,1.0639675,0.91172886,0.0032231528,0.8408186289724264,-0.10436546087095358,0.931426321637957,0.9356629716262382,0.9954720341439636,2094,2197,0.220967099070549,0.17973585426807404,1.2293990850448608,-0.9941090941429138,-0.20646965503692627,-1.0,0.5,0.7855869355242674,0.7898510540125155,0.994601363805763,1.0,2.0,mcf7+IFNB_ZBP1,mcf7+IFNB,ZBP1,False,True,5
mcf7+IFNB_ZNFX1,0.25981688,0.24240541,1.0718279,0.9071772,-0.028903555,0.8336462527212909,0.05876438137366184,0.9275060345551306,0.9326138453787358,0.9945231235318719,2366,1824,0.5141333937644958,0.47144976258277893,1.0905369520187378,0.6750045418739319,0.06912317872047424,0.24923076923076923,0.22923076923076924,0.7008447712851669,0.6710930058296032,1.0443332968711017,15.0,10.0,mcf7+IFNB_ZNFX1,mcf7+IFNB,ZNFX1,False,True,5
mcf7+INS_MTOR,0.022672681,0.30509982,0.07431234,0.9921832,0.9619824,0.8688343014167985,0.8747168825863989,0.9938316293249516,0.9138122993530892,1.0875664838703858,3582,593,0.06679369509220123,0.3495015501976013,0.19111129641532898,0.3476869463920593,0.9043068885803223,0.6904761904761906,0.9285714285714287,0.7022273743851489,0.38767697681595603,1.8113723960412564,6.0,2.0,mcf7+INS_MTOR,mcf7+INS,MTOR,True,False,5
mcf7+INS_SHC1,0.026330758,0.30970776,0.085018076,0.9920017,0.95895994,0.8089888504776918,0.8744179518362178,0.9936248955773357,0.9119112013546754,1.089607073694535,3553,623,0.038633860647678375,0.24193155765533447,0.15968921780586243,0.6388392448425293,0.91820228099823,0.7990196078431374,0.9338235294117647,0.8506464261281439,0.570634426999411,1.4907029542558985,16.0,1.0,mcf7+INS_SHC1,mcf7+INS,SHC1,True,False,5
mcf7+INS_TAF8,0.02548364,0.30812722,0.08270493,0.99160933,0.9586146,0.8062102971593568,0.876865484272042,0.9933086668254014,0.911918735770213,1.0892512982381548,3553,590,0.11135008186101913,0.5917677879333496,0.18816515803337097,0.5329383611679077,0.8871786594390869,0.7107692307692308,0.8853846153846154,0.6788806003953366,0.30278921390144353,2.2420897747576602,19.0,6.0,mcf7+INS_TAF8,mcf7+INS,TAF8,True,False,5
mcf7+INS_ZNF593,0.032154817,0.30611658,0.10504108,0.98905265,0.9461839,0.8339399026323313,0.8582978893199462,0.9913685247123101,0.9140192299033605,1.0846254567501032,3648,641,0.009061355143785477,0.0600874125957489,0.150802880525589,1.0,1.0,0.9999999999999999,0.9999999999999999,0.9830335048445352,0.8634214620472093,1.1385326263650206,1.0,1.0,mcf7+INS_ZNF593,mcf7+INS,ZNF593,True,False,5
mcf7+TGFB_CHUK,0.04964998,0.27262247,0.18211992,0.98151505,0.900215,0.7866794490837385,0.7590769032363572,0.9847322992958355,0.9181686249986217,1.0724961325021465,3293,855,0.5841901302337646,1.7703890800476074,0.3299783766269684,0.9607667922973633,0.9408180713653564,0.8576923076923076,0.9346153846153846,0.9721832622340114,0.7608905859825523,1.2776912740727537,20.0,5.0,mcf7+TGFB_CHUK,mcf7+TGFB,CHUK,True,False,5
mcf7+TGFB_SMAD3,0.01867028,0.2290901,0.08149754,0.993654,0.9578122,0.8644969840436295,0.8279188927097625,0.9949860416008754,0.9365351538603148,1.0624118459404661,3396,817,,,,,,,,,,,,,mcf7+TGFB_SMAD3,mcf7+TGFB,SMAD3,True,False,5
mcf7+TNFA_CHUK,0.020252189,0.24126823,0.08394055,0.9929464,0.95644605,0.8448467941060069,0.8519739443296276,0.9944204420737554,0.9304810319023117,1.068716511115464,3444,652,0.0712391585111618,0.5042399764060974,0.14128026366233826,0.850731372833252,0.950657308101654,0.7412964168671305,0.9076923076923077,0.8811754508528542,0.6918746212253989,1.2736056849320174,19.0,6.0,mcf7+TNFA_CHUK,mcf7+TNFA,CHUK,True,False,5
mcf7+TNFA_MTOR,0.033891756,0.24721326,0.13709521,0.9882443,0.9290217,0.8801328231510104,0.8232404682251256,0.9907413433256105,0.9295275650511882,1.0658547208022295,3441,681,0.02825188636779785,0.9419543743133545,0.029992839321494102,0.9131752252578735,0.9622728824615479,0.8799999999999999,0.9653846153846154,0.9619658679501749,0.847987357878703,1.134410624182649,24.0,1.0,mcf7+TNFA_MTOR,mcf7+TNFA,MTOR,True,False,5
a549+IFNB_ADAR,0.4039568,0.38878468,1.0390245,0.85951644,-0.01800974,0.778411621529848,0.1346512885172768,0.8921743980462554,0.8966847005746774,0.9949700239944639,2464,1794,0.8666213154792786,1.0350213050842285,0.8372980356216431,-0.032906606793403625,0.24350006878376007,0.11923076923076922,0.17384615384615384,0.6118994216220853,0.6315799323877181,0.9688392398865022,18.0,7.0,a549+IFNB_ADAR,a549+IFNB,ADAR,False,False,6
a549+IFNB_AKT1,0.39518827,0.39251682,1.0068059,0.8720466,0.060293518,0.82521124026793,0.10547999977165397,0.9033628860655738,0.9042587097967787,0.9990093280589952,2365,1914,,,,,,,,,,,,,a549+IFNB_AKT1,a549+IFNB,AKT1,False,True,6
a549+IFNB_BATF2,0.38885438,0.39564377,0.98283964,0.87412655,0.13423496,0.8159698250647339,0.14151851680661395,0.9050686287238425,0.9035881638165353,1.0016384288402518,2412,1871,2.1931211948394775,2.4181790351867676,0.9069308638572693,,,,,,,,1.0,0.0,a549+IFNB_BATF2,a549+IFNB,BATF2,False,True,6
a549+IFNB_BRD9,0.39221817,0.39220586,1.0000314,0.87489223,0.10994908,0.8047825397472536,0.19900595195778603,0.9054067793707775,0.9049232928449218,1.0005342845406662,2503,1789,,,,,,,,,,,,,a549+IFNB_BRD9,a549+IFNB,BRD9,False,False,6
a549+IFNB_CEBPB,0.3881187,0.38783845,1.0007226,0.8693119,0.08284615,0.801877872750659,0.17872223567156878,0.900182631840059,0.9002611948420184,0.9999127331018937,2511,1737,0.49507537484169006,0.46735092997550964,1.0593225955963135,-0.057703908532857895,-0.07121255248785019,0.09923076923076923,-0.03,0.5003742255222564,0.5308721392853136,0.9425513009514588,11.0,14.0,a549+IFNB_CEBPB,a549+IFNB,CEBPB,False,True,6
a549+IFNB_CEBPG,0.39715534,0.39533105,1.0046146,0.8718806,0.07743591,0.8258477178119258,0.11724358986041263,0.9034093332937204,0.9041377495862889,0.9991943525276964,2359,1909,,,,,,,,,,,,,a549+IFNB_CEBPG,a549+IFNB,CEBPG,False,True,6
a549+IFNB_CRKL,0.40126193,0.3955126,1.0145364,0.85508305,0.060034104,0.7812795716408755,0.09512295056826726,0.8870672931246929,0.8868735084048738,1.0002185032228188,2319,1920,1.3180166482925415,1.0794464349746704,1.2210116386413574,0.1691315621137619,-0.4207831025123596,0.11923076923076922,-0.4438461538461538,0.7015126503641831,0.7116309996764788,0.985781466354198,7.0,18.0,a549+IFNB_CRKL,a549+IFNB,CRKL,False,False,6
a549+IFNB_DRAP1,0.38849682,0.39567965,0.9818468,0.8765309,0.14876086,0.8177142945264607,0.19311244699530827,0.9068612375461897,0.9051145236755577,1.001929826364446,2509,1783,0.45947757363319397,0.27723658084869385,1.6573482751846313,-0.6559605002403259,-0.9712615013122559,-0.7999999999999999,-1.0,0.2914925527127822,0.47231405458923237,0.6171583290408135,0.0,4.0,a549+IFNB_DRAP1,a549+IFNB,DRAP1,False,True,6
a549+IFNB_DTX3L,0.39194682,0.39610165,0.9895107,0.8722969,0.121740766,0.8075962109196531,0.13045532178095637,0.9033068282250101,0.902380439080606,1.0010266059682633,2341,1926,,,,,,,,,,,,,a549+IFNB_DTX3L,a549+IFNB,DTX3L,False,True,6
a549+IFNB_ELK1,0.4169956,0.3987186,1.0458394,0.86630523,-0.05041655,0.8287957836350052,0.04584504386074169,0.8996320931645007,0.904685433673598,0.9944142568002035,2326,1975,,,,,,,,,,,,,a549+IFNB_ELK1,a549+IFNB,ELK1,False,True,6
a549+IFNB_ETS1,0.3825695,0.383637,0.99721736,0.87621576,0.098156855,0.8149860087242968,0.1230840547743972,0.9064171434758374,0.9063748539629253,1.0000466578620613,2343,1935,,,,,,,,,,,,,a549+IFNB_ETS1,a549+IFNB,ETS1,False,True,6
a549+IFNB_ETS2,0.38818985,0.38943508,0.99680245,0.8731876,0.097129494,0.8163706232127865,0.11541853818078485,0.9040698047091925,0.9039160173778477,1.0001701345350544,2341,1928,0.08879955857992172,0.18268465995788574,0.4860810935497284,0.7805717587471008,0.7201520204544067,0.8214285714285715,0.8571428571428573,0.9084908804229412,0.8644858382636406,1.0509031382719778,6.0,1.0,a549+IFNB_ETS2,a549+IFNB,ETS2,False,True,6
a549+IFNB_FOS,0.40391627,0.38985088,1.0360789,0.86745477,-0.018569712,0.8173156975036857,0.11770170349938909,0.8993875707067401,0.9031175059886897,0.9958699335831541,2444,1829,,,,,,,,,,,,,a549+IFNB_FOS,a549+IFNB,FOS,False,True,6
a549+IFNB_H1F0,0.38790116,0.39166522,0.9903896,0.8750583,0.1184176,0.8154337572761454,0.13452117430561378,0.9056714776111161,0.9049908340173854,1.0007520999861503,2380,1894,,,,,,,,,,,,,a549+IFNB_H1F0,a549+IFNB,H1F0,False,True,6
a549+IFNB_HERC5,0.390177,0.38950878,1.0017155,0.8712133,0.09251301,0.8019325781578157,0.13277866363865476,0.902033713895954,0.9022607086019655,0.9997484156144145,2360,1901,0.8447305560112,0.8728933930397034,0.9677362442016602,0.18056611716747284,0.28709426522254944,-0.39999999999999997,0.39999999999999997,0.600216982083871,0.5487329213509227,1.093823531867197,2.0,2.0,a549+IFNB_HERC5,a549+IFNB,HERC5,False,True,6
a549+IFNB_HERC6,0.39702794,0.3964249,1.0015212,0.86765957,0.091331854,0.8073330076501594,0.1427245750750915,0.8993447431257005,0.899498974757585,0.9998285360670632,2369,1879,0.10134577751159668,0.009846460074186325,10.292610168457031,0.9978584051132202,-0.7436778545379639,1.0,-0.5,0.9908292865946423,0.9957818128672483,0.9950264945507031,0.0,3.0,a549+IFNB_HERC6,a549+IFNB,HERC6,False,True,6
a549+IFNB_HES4,0.38771075,0.39044195,0.99300486,0.8701595,0.11028394,0.7976650929864196,0.13273433658673497,0.9009651923079451,0.9001778146448629,1.0008746912557414,2347,1913,1.2449147701263428,0.7709233164787292,1.6148360967636108,,,,,,,,0.0,1.0,a549+IFNB_HES4,a549+IFNB,HES4,False,True,6
a549+IFNB_ID1,0.38317817,0.38116354,1.0052855,0.85621965,0.07437019,0.7602989515843488,0.2618134108438943,0.8877350343980331,0.8911303030347343,0.9961899302210478,2701,1520,0.5194230675697327,0.8004703521728516,0.6488973498344421,0.4670047461986542,0.526807427406311,0.3387221942864335,0.5576923076923077,0.753219534701965,0.7624550261737423,0.9878871655970004,21.0,4.0,a549+IFNB_ID1,a549+IFNB,ID1,False,True,6
a549+IFNB_ID2,0.38879803,0.39223444,0.9912389,0.8744086,0.118642315,0.8183718158566062,0.1766871833724451,0.904994310809919,0.9042685752698241,1.000802566361303,2465,1805,,,,,,,,,,,,,a549+IFNB_ID2,a549+IFNB,ID2,False,True,6
a549+IFNB_ID3,0.39229113,0.39043248,1.0047605,0.8708732,0.090049274,0.797848463340931,0.16141138010333905,0.9018119153869825,0.9022936147623308,0.9994661389957024,2410,1856,,,,,,,,,,,,,a549+IFNB_ID3,a549+IFNB,ID3,False,True,6
a549+IFNB_IFI16,0.3541015,0.38351366,0.92330873,0.85499537,0.21876958,0.7490314572693444,0.3855934654178328,0.8852687198725249,0.8837335219929667,1.001737172848322,2919,1308,0.984321653842926,1.4313358068466187,0.6876944303512573,0.4142298996448517,0.2718644142150879,0.5906118174770685,0.3707692307692308,0.7230429988365237,0.7696989607928115,0.9393841432392855,21.0,4.0,a549+IFNB_IFI16,a549+IFNB,IFI16,False,True,6
a549+IFNB_IFNAR1,0.38427404,0.3683493,1.0432327,0.87584716,-0.009725545,0.8146207443170027,0.09912462347363789,0.9060256675267202,0.9102431992048269,0.9953665880922911,2403,1889,0.2558302879333496,0.2562398910522461,0.9984014630317688,0.32162249088287354,0.1452278345823288,0.193984962406015,0.1413533834586466,0.6324809488476596,0.6889542831475374,0.9180303603863593,10.0,10.0,a549+IFNB_IFNAR1,a549+IFNB,IFNAR1,False,True,6
a549+IFNB_IFNAR2,0.38497624,0.36829215,1.0453012,0.87699735,-0.006472408,0.8187006119678804,0.11850313019460253,0.907092665474956,0.9113157773145176,0.9953659182199102,2437,1844,0.7287027835845947,0.5057627558708191,1.440799593925476,0.4842071533203125,-0.11675015091896057,0.5623076923076923,-0.04076923076923076,0.7465019298823043,0.8281522889609614,0.9014065889003345,11.0,14.0,a549+IFNB_IFNAR2,a549+IFNB,IFNAR2,False,True,6
a549+IFNB_IRF1,0.38172784,0.3882123,0.98329663,0.8788377,0.12743317,0.8349978922899389,0.14226239342065714,0.909004657204545,0.9078887628404876,1.0012291091262835,2434,1868,0.005290542263537645,0.03204130753874779,0.1651163101196289,,,,,,,,1.0,0.0,a549+IFNB_IRF1,a549+IFNB,IRF1,False,True,6
a549+IFNB_IRF3,0.39051962,0.39539635,0.9876662,0.8661233,0.12318939,0.7942199018027202,0.22045207814372583,0.8968278905670798,0.8956281019827422,1.0013396057824464,2548,1700,0.6272598505020142,0.727385401725769,0.8623486757278442,0.3343776762485504,0.26048076152801514,0.2353846153846154,0.3484615384615385,0.7177841798730739,0.7432487207193129,0.9657388702645938,15.0,10.0,a549+IFNB_IRF3,a549+IFNB,IRF3,False,True,6
a549+IFNB_IRF7,0.39403272,0.39071155,1.0085003,0.8681991,0.055122,0.8154096238711783,0.10404057488178041,0.8996243334946009,0.9004204920219249,0.9991157925276266,2376,1895,,,,,,,,,,,,,a549+IFNB_IRF7,a549+IFNB,IRF7,False,True,6
a549+IFNB_IRF9,0.3695762,0.37136313,0.9951881,0.87281513,0.11020158,0.7874886424474471,0.24247861791831538,0.902057864709421,0.9016157475587253,1.0004903609457718,2624,1616,0.6023887395858765,0.7808911204338074,0.7714119553565979,0.3068384528160095,0.3610258996486664,0.3123076923076923,0.3792307692307692,0.7176729324148519,0.7394485134303077,0.9705515926802818,15.0,10.0,a549+IFNB_IRF9,a549+IFNB,IRF9,False,True,6
a549+IFNB_JAK1,0.38895386,0.38140017,1.0198052,0.8753465,0.026864527,0.8302040980602643,0.08912118112977545,0.9060247595743601,0.9083804192356472,0.997406747645145,2320,1956,0.25515854358673096,0.25768572092056274,0.9901927709579468,-0.4234192967414856,-0.05927076190710068,-0.7166666666666667,0.016666666666666666,0.34299359524163386,0.4328247984833904,0.7924536589480933,6.0,3.0,a549+IFNB_JAK1,a549+IFNB,JAK1,False,True,6
a549+IFNB_JUN,0.3872011,0.38197875,1.0136719,0.87294567,0.044905752,0.8211784175511042,0.12568041927198087,0.9036078744521455,0.9050656940285408,0.9983892665626223,2431,1840,0.5586231350898743,0.8321897387504578,0.6712689399719238,0.9884616136550903,0.982688307762146,1.0,0.5,0.9936511882378335,0.9952780275419624,0.9983654423597126,2.0,1.0,a549+IFNB_JUN,a549+IFNB,JUN,False,True,6
a549+IFNB_MAP3K14,0.38650078,0.38932917,0.9927352,0.8715323,0.110699,0.8070256561676504,0.16617760981322247,0.9022979473252933,0.9015620300950208,1.000816269103741,2433,1813,0.3419695198535919,0.4024846851825714,0.8496460318565369,-0.02213544398546219,0.34198519587516785,0.33516483516483514,0.41208791208791207,0.47600256591122725,0.4737447055194537,1.0047659854885298,9.0,4.0,a549+IFNB_MAP3K14,a549+IFNB,MAP3K14,False,True,6
a549+IFNB_MAPK8,0.38817862,0.38842106,0.9993758,0.874028,0.0970925,0.8157624739714127,0.1661922446923099,0.9047029452927852,0.9047897300974063,0.9999040829026521,2479,1808,,,,,,,,,,,,,a549+IFNB_MAPK8,a549+IFNB,MAPK8,False,True,6
a549+IFNB_MAPK14,0.39726394,0.39672184,1.0013665,0.8716352,0.08315446,0.8217216997759473,0.15661765976368733,0.9028885737127781,0.9031312261919838,0.9997313209064547,2483,1789,0.4489611089229584,0.3022801876068115,1.4852482080459595,-0.4233190715312958,-0.9838642477989197,-0.5,-1.0,0.22136199415867175,0.29736477708946407,0.7444122882518585,1.0,2.0,a549+IFNB_MAPK14,a549+IFNB,MAPK14,False,True,6
a549+IFNB_MEF2A,0.385689,0.38812262,0.99372977,0.8744095,0.11037311,0.8136643818052335,0.12413514049409807,0.9050047808427528,0.9045528419658342,1.0004996268387554,2337,1938,3.264176845550537,3.1714580059051514,1.0292353630065918,,,,,,,,0.0,1.0,a549+IFNB_MEF2A,a549+IFNB,MEF2A,False,True,6
a549+IFNB_MYC,0.39843762,0.39754593,1.0022429,0.8701204,0.070245475,0.8166517012014806,0.12832226382469017,0.9014736669892222,0.9018310916116021,0.9996036678866979,2404,1863,2.043816566467285,2.7807211875915527,0.7349951267242432,,,,,,,,1.0,0.0,a549+IFNB_MYC,a549+IFNB,MYC,False,True,6
a549+IFNB_NFE2L3,0.39123806,0.3906367,1.0015395,0.87065136,0.08792229,0.8067613294121307,0.13956022961609413,0.9016808516197204,0.9018715348578036,0.9997885694018348,2389,1872,0.7687185406684875,0.5467976927757263,1.4058555364608765,-0.6194523572921753,-0.8881828188896179,-0.5,-1.0,0.13563450657507647,0.28308449391063517,0.47913082310292104,1.0,2.0,a549+IFNB_NFE2L3,a549+IFNB,NFE2L3,False,True,6
a549+IFNB_NFKB1,0.40438253,0.40214124,1.0055734,0.861386,0.06808108,0.7999222139021479,0.20957211895981057,0.893486127655593,0.8942914571100815,0.9990994776388774,2598,1659,0.4990321099758148,0.6166735291481018,0.809232234954834,0.5101925134658813,0.27990999817848206,0.3238461538461538,0.3376923076923077,0.7359350127742247,0.7617140672796313,0.9661565203889783,19.0,6.0,a549+IFNB_NFKB1,a549+IFNB,NFKB1,False,True,6
a549+IFNB_PARP12,0.38264185,0.38963637,0.98204863,0.8766618,0.13511223,0.8240230738560198,0.1350703397933739,0.906919276840814,0.9054856030010434,1.0015833204139513,2409,1874,0.4084574282169342,0.13983164727687836,2.9210658073425293,,,,,,,,0.0,1.0,a549+IFNB_PARP12,a549+IFNB,PARP12,False,True,6
a549+IFNB_POU2F1,0.35023427,0.37470016,0.93470544,0.857335,0.1982246,0.7503418190264053,0.355708571293774,0.8875978398932522,0.8861471857337052,1.001637035227219,2829,1388,1.0938656330108643,1.362481951713562,0.8028478026390076,-0.12533614039421082,0.27803364396095276,-0.27996770586852465,0.31692307692307686,0.5104440391950426,0.5439584197668943,0.9383879735031698,17.0,8.0,a549+IFNB_POU2F1,a549+IFNB,POU2F1,False,True,6
a549+IFNB_RAP1GAP,0.38601813,0.3883144,0.99408656,0.87562215,0.11077209,0.8099667025473718,0.12392821404638651,0.9061246636261131,0.9058526688705378,1.0003002637900427,2358,1937,,,,,,,,,,,,,a549+IFNB_RAP1GAP,a549+IFNB,RAP1GAP,False,True,6
a549+IFNB_RAPGEF1,0.39411876,0.39441815,0.99924093,0.8668024,0.098629,0.7914337213226652,0.19679915865789832,0.8979588741635031,0.8979095774029661,1.000054901698097,2511,1738,0.7234903573989868,0.7449610233306885,0.9711788296699524,0.1794549822807312,-0.14643612504005432,0.11076923076923079,-0.09384615384615384,0.6748227359851473,0.6931423730204298,0.973570167185923,16.0,9.0,a549+IFNB_RAPGEF1,a549+IFNB,RAPGEF1,False,True,6
a549+IFNB_RNF114,0.39336708,0.39405474,0.9982549,0.87414134,0.09857392,0.8175692832158209,0.16540395311559364,0.9049714452376386,0.9049451540343362,1.0000290528140685,2463,1832,,,,,,,,,,,,,a549+IFNB_RNF114,a549+IFNB,RNF114,False,False,6
a549+IFNB_SMARCA5,0.3829481,0.3867957,0.99005264,0.8717762,0.12382228,0.7986583455644521,0.19990848270890327,0.9019417165562298,0.900885532725009,1.0011723840519737,2518,1735,0.29508736729621887,0.3354912996292114,0.8795678615570068,0.19027139246463776,0.19739317893981934,-0.17954383080010436,0.10588235294117648,0.5334532948959094,0.5929243513108927,0.899698745238749,7.0,9.0,a549+IFNB_SMARCA5,a549+IFNB,SMARCA5,False,True,6
a549+IFNB_SOCS1,0.3912585,0.39542535,0.9894624,0.8728777,0.12146078,0.8103483817730482,0.13571369711292774,0.90387723572569,0.9029824640150671,1.0009909070732608,2405,1887,,,,,,,,,,,,,a549+IFNB_SOCS1,a549+IFNB,SOCS1,False,True,6
a549+IFNB_SP100,0.37738517,0.384013,0.98274064,0.876158,0.13641416,0.8083338266321096,0.13154608473065563,0.9058989497922924,0.9042486910116098,1.0018250054405238,2343,1919,0.15153805911540985,0.04347608983516693,3.4855494499206543,,,,,,,,0.0,1.0,a549+IFNB_SP100,a549+IFNB,SP100,False,True,6
a549+IFNB_SP110,0.39205092,0.3957129,0.99074584,0.8645719,0.11799964,0.7906645054346796,0.22636097228861957,0.8960028220178379,0.8952095056974659,1.0008861795091797,2591,1668,0.448760449886322,0.47740137577056885,0.9400066137313843,0.502689778804779,0.1023126170039177,0.3804577873801724,0.07615384615384616,0.7011077537523611,0.6971606550158027,1.0056616774170495,14.0,11.0,a549+IFNB_SP110,a549+IFNB,SP110,False,True,6
a549+IFNB_STAT1,0.4009598,0.39280993,1.0207475,0.87038803,0.023324829,0.8230243716814857,0.1071234428017157,0.9018599950034673,0.9041802544967941,0.9974338529493567,2416,1859,,,,,,,,,,,,,a549+IFNB_STAT1,a549+IFNB,STAT1,False,True,6
a549+IFNB_STAT2,0.37599638,0.36218283,1.0381397,0.87537897,0.030105945,0.7964332459836285,0.2128498016873333,0.9046059531269455,0.9074196715811278,0.9968992093269484,2617,1642,0.9187610149383545,0.6410810947418213,1.4331432580947876,0.45954540371894836,-0.1923942267894745,0.6453846153846153,-0.07153846153846154,0.7734007024604423,0.8472583383130157,0.912827490137622,10.0,15.0,a549+IFNB_STAT2,a549+IFNB,STAT2,False,True,6
a549+IFNB_STAT3,0.39230165,0.39672494,0.9888505,0.8716668,0.120278895,0.8137903647167053,0.16715711241867987,0.9027006436901697,0.9016347416970643,1.0011821882452079,2467,1811,0.14679820835590363,0.10074460506439209,1.4571322202682495,0.4949348270893097,-0.052294306457042694,0.2545454545454546,-0.05454545454545456,0.7743815994169312,0.77575496048075,0.9982296457853551,6.0,5.0,a549+IFNB_STAT3,a549+IFNB,STAT3,False,True,6
a549+IFNB_STAT4,0.3890693,0.39300177,0.98999375,0.87322295,0.12312334,0.804224640774607,0.18833218958124745,0.9038859592718623,0.9029221272425038,1.0010674586437505,2502,1777,,,,,,,,,,,,,a549+IFNB_STAT4,a549+IFNB,STAT4,False,True,6
a549+IFNB_STAT5A,0.39858305,0.39397255,1.0117027,0.8731258,0.05519892,0.8241598784003014,0.1336183228194179,0.9044802397910688,0.9058888448192697,0.9984450575407164,2416,1884,,,,,,,,,,,,,a549+IFNB_STAT5A,a549+IFNB,STAT5A,False,False,6
a549+IFNB_STAT6,0.39628565,0.39005724,1.015968,0.8755691,0.079908565,0.808616522732192,0.19361784195231374,0.9060540743911241,0.9068666952408728,0.9991039246958641,2535,1759,0.52228844165802,0.5679560303688049,0.919593095779419,0.2036573737859726,0.5125001072883606,0.2582417582417582,0.5549450549450549,0.6570921577639407,0.6421023218363369,1.0233449333818552,8.0,5.0,a549+IFNB_STAT6,a549+IFNB,STAT6,False,True,6
a549+IFNB_TRAFD1,0.39801574,0.4031817,0.987187,0.8688787,0.1235971,0.8153449461458961,0.17036913888587665,0.9004873867172279,0.8991647759679446,1.0014709325639002,2476,1791,,,,,,,,,,,,,a549+IFNB_TRAFD1,a549+IFNB,TRAFD1,False,True,6
a549+IFNB_TRIM21,0.38830072,0.3946664,0.98387074,0.85966665,0.12432945,0.7739690321284796,0.2500875549355404,0.8907808273990147,0.8899185219234036,1.000968971264636,2583,1652,0.8157901763916016,0.9412686824798584,0.8666921257972717,0.16238592565059662,0.05500592663884163,0.2504327801663218,0.16692307692307692,0.6643658024728838,0.6971207369804535,0.9530139719420108,19.0,6.0,a549+IFNB_TRIM21,a549+IFNB,TRIM21,False,True,6
a549+IFNB_TRIM22,0.38862145,0.38825232,1.0009507,0.8705241,0.09414603,0.7992426957925389,0.18031608400853436,0.9013704198185853,0.9014601477798414,0.9999004637515291,2498,1770,0.7278901934623718,0.7313531637191772,0.995265007019043,0.4503200054168701,0.02148183435201645,0.45,0.3,0.697727941374448,0.6630455237298412,1.0523077472109417,6.0,3.0,a549+IFNB_TRIM22,a549+IFNB,TRIM22,False,True,6
a549+IFNB_TYK2,0.37963277,0.36871797,1.029602,0.87846476,0.021372098,0.8201836565253035,0.10453151093112446,0.9083802594586916,0.9113068441793537,0.9967885847238451,2380,1916,0.5581079125404358,0.4801175594329834,1.1624400615692139,0.40244045853614807,0.07757335901260376,0.39384615384615385,0.30999999999999994,0.729764219001264,0.7691101391151162,0.9488422813420184,11.0,14.0,a549+IFNB_TYK2,a549+IFNB,TYK2,False,True,6
a549+IFNB_UBA7,0.3809512,0.38516176,0.9890681,0.87474,0.12698111,0.799358378359403,0.17638308429382807,0.9047185210596583,0.9036443553081935,1.001188704101514,2436,1831,,,,,,,,,,,,,a549+IFNB_UBA7,a549+IFNB,UBA7,False,True,6
a549+IFNB_UBE2L6,0.381067,0.3857437,0.9878762,0.87396324,0.13325793,0.7981015691383269,0.20467109317927693,0.9039241850517602,0.9026082379706643,1.0014579382568616,2504,1753,,,,,,,,,,,,,a549+IFNB_UBE2L6,a549+IFNB,UBE2L6,False,True,6
a549+IFNB_USP18,0.40050328,0.42700577,0.9379341,0.867412,0.2493,0.7987418260133129,0.18678480073013998,0.8991006567429719,0.8919424204505508,1.0080254466300698,2425,1842,1.940860629081726,2.1009905338287354,0.9237836003303528,-0.060132864862680435,0.3040004372596741,-0.07615384615384616,0.2815384615384615,0.6624199833813905,0.6202544204407701,1.0679810760730353,16.0,9.0,a549+IFNB_USP18,a549+IFNB,USP18,False,True,6
a549+IFNB_VAV1,0.3866845,0.38653085,1.0003976,0.8762481,0.094885476,0.818474935643079,0.13264428307545614,0.9067752318559887,0.9071237491043231,0.9996157996649536,2398,1889,,,,,,,,,,,,,a549+IFNB_VAV1,a549+IFNB,VAV1,False,True,6
a549+IFNB_ZBP1,0.39049274,0.39081225,0.99918246,0.8711089,0.09417486,0.8065254325939916,0.11121564081166735,0.9022281478779983,0.9022050172216004,1.0000256379159465,2346,1929,0.17137880623340607,0.3173058331012726,0.5401060581207275,0.6503821015357971,0.779469907283783,0.19999999999999998,0.7999999999999999,0.9295024558160212,0.9204497738476484,1.0098350634935038,2.0,2.0,a549+IFNB_ZBP1,a549+IFNB,ZBP1,False,True,6
a549+IFNB_ZNFX1,0.38422716,0.38907623,0.98753697,0.8715345,0.12780923,0.799925148026546,0.1997672046580945,0.9018741585034997,0.9005309525764577,1.0014915710817036,2544,1711,2.125354290008545,1.7272255420684814,1.2305018901824951,0.6241766214370728,-0.9807306528091431,0.7999999999999999,-1.0,0.7997373333503918,0.8210282059990959,0.9740680375008608,0.0,4.0,a549+IFNB_ZNFX1,a549+IFNB,ZNFX1,False,True,6
a549+IFNG_IFNGR1,0.016078338,0.35843688,0.044856817,0.99510187,0.977435,0.8757909527114983,0.8650676452264411,0.996256790440599,0.9119471864139714,1.0924500950084142,3458,675,0.2513462007045746,0.8802171945571899,0.28555020689964294,0.7798448801040649,0.7893726825714111,0.7500000000000001,0.7569230769230769,0.9621783392991312,0.816824921436705,1.1779492937198408,18.0,7.0,a549+IFNG_IFNGR1,a549+IFNG,IFNGR1,True,False,6
a549+IFNG_KIN,0.026880866,0.36423218,0.07380146,0.99102825,0.96260536,0.8201379518860678,0.8446868626277397,0.9929921600890327,0.9002665736750499,1.102997922088188,3437,670,0.23816341161727905,0.7937827110290527,0.3000360131263733,0.46282923221588135,0.8558889031410217,0.7586074385376136,0.8038461538461538,0.7545971202515595,0.6442292096081138,1.1713177685789546,19.0,6.0,a549+IFNG_KIN,a549+IFNG,KIN,True,False,6
a549+IFNG_PRDM1,0.018502133,0.37825385,0.048914593,0.9944518,0.97592837,0.8723838218793735,0.8738586532867001,0.9957560999907855,0.906972698537281,1.0978898279922755,3487,668,0.8089023232460022,0.129644975066185,6.239365100860596,,,,,,,,1.0,0.0,a549+IFNG_PRDM1,a549+IFNG,PRDM1,True,False,6
a549+INS_MTOR,0.03272532,0.31842083,0.1027738,0.9900811,0.948153,0.8715303483627385,0.8116487306293214,0.9922598884852019,0.922326938949213,1.0758222996453535,3379,776,0.06512969732284546,0.012026862241327763,5.4153523445129395,1.0,1.0,0.9999999999999999,0.9999999999999999,0.9898789287973012,0.863024269045455,1.146988519676455,1.0,1.0,a549+INS_MTOR,a549+INS,MTOR,True,False,6
a549+TNFA_TNFRSF1A,0.042421684,0.20917994,0.20279996,0.98734516,0.90511936,0.8412645002664938,0.7460447995270871,0.9900108346607855,0.9433111786095478,1.0495060984224458,3147,878,1.3185398578643799,1.8463183641433716,0.7141454219818115,0.5483313202857971,0.4905981123447418,0.5553846153846154,0.5569230769230769,0.9157599097606673,0.8597605675535138,1.0651336480416893,15.0,10.0,a549+TNFA_TNFRSF1A,a549+TNFA,TNFRSF1A,True,False,6
bxpc3+IFNB_ADAR,0.35992867,0.3863895,0.9315177,0.8795547,0.2923643,0.8052144178633754,0.2973105187534912,0.9094698658289705,0.9016866731615641,1.0086318151294356,2449,1568,3.255479335784912,2.996091365814209,1.0865755081176758,0.6050341725349426,-0.050144974142313004,0.7307692307692306,0.006923076923076924,0.8233154304543483,0.854317819077315,0.9637109423089758,10.0,15.0,bxpc3+IFNB_ADAR,bxpc3+IFNB,ADAR,False,False,6
bxpc3+IFNB_AKT1,0.31628096,0.35458472,0.8919757,0.8997169,0.35873485,0.8523247613343726,0.32222454990928634,0.9258414836784977,0.9166073117967418,1.010074294371114,2649,1603,0.13222473859786987,0.10428421199321747,1.2679266929626465,0.4229104220867157,-0.2609517574310303,0.6,0.09999999999999999,0.7311586825569796,0.8234473649371366,0.8879240054557677,3.0,2.0,bxpc3+IFNB_AKT1,bxpc3+IFNB,AKT1,False,True,6
bxpc3+IFNB_BATF2,0.3113301,0.35928816,0.8665193,0.8987956,0.39869583,0.8325755782490124,0.2955128325397805,0.9246541374849817,0.9128734444421832,1.012905067087363,2472,1596,0.25476589798927307,0.27198460698127747,0.9366923570632935,-0.0020081177353858948,0.13863061368465424,0.1176923076923077,0.20230769230769227,0.33903477530499604,0.3930408590747575,0.8625942251986343,15.0,10.0,bxpc3+IFNB_BATF2,bxpc3+IFNB,BATF2,False,True,6
bxpc3+IFNB_BRD9,0.32270318,0.3466027,0.93104637,0.8981377,0.2911018,0.8261355869344664,0.2893418979887389,0.9242108724151935,0.9172370042321523,1.007603125638045,2536,1641,0.31435996294021606,0.29519304633140564,1.0649300813674927,0.2520754933357239,0.05778089910745621,0.5516483516483517,0.3098901098901099,0.5280363791171752,0.568805854074476,0.9283244455638764,8.0,6.0,bxpc3+IFNB_BRD9,bxpc3+IFNB,BRD9,False,False,6
bxpc3+IFNB_CEBPB,0.31221876,0.34658545,0.9008421,0.8981723,0.34673804,0.8316564043080505,0.31961672778418665,0.9236188313332389,0.9144433759007525,1.0100339241054135,2501,1511,0.35998401045799255,0.38713714480400085,0.9298617243766785,0.5381219983100891,0.24288713932037354,0.5192307692307693,0.19153846153846155,0.7084316944384551,0.6606298271690251,1.0723580215478217,12.0,13.0,bxpc3+IFNB_CEBPB,bxpc3+IFNB,CEBPB,False,True,6
bxpc3+IFNB_CEBPG,0.30720693,0.35313684,0.86993736,0.90196407,0.3994457,0.840963756148381,0.3047219782941726,0.9274310502015221,0.9161483242332266,1.012315392245834,2595,1604,0.04308353364467621,0.04730892926454544,0.9106850028038025,0.13366305828094482,0.29242202639579773,0.4666666666666666,0.43333333333333335,0.6009517061226796,0.5515895010379724,1.0894908351080252,4.0,5.0,bxpc3+IFNB_CEBPG,bxpc3+IFNB,CEBPG,False,True,6
bxpc3+IFNB_CRKL,0.30858013,0.35069823,0.8799021,0.8970541,0.37861383,0.824172603946397,0.28992266124924015,0.9229489571397042,0.9122653890049249,1.0117110308727513,2417,1597,0.18087120354175568,0.26149144768714905,0.6916906833648682,0.5334533452987671,0.6212813258171082,0.5804466692999338,0.5992307692307692,0.7347255694673529,0.6927658556270859,1.0605683919024638,12.0,13.0,bxpc3+IFNB_CRKL,bxpc3+IFNB,CRKL,False,False,6
bxpc3+IFNB_DRAP1,0.30827856,0.34989205,0.88106763,0.9008534,0.37830415,0.8301442344616415,0.2976652463628824,0.9260816528741036,0.9153666676525491,1.0117056755507965,2480,1600,0.17628879845142365,0.2364189475774765,0.7456627488136292,0.14893358945846558,0.4478716254234314,0.3966147409392899,0.48615384615384616,0.529534694284913,0.571077173169204,0.9272559282071278,17.0,8.0,bxpc3+IFNB_DRAP1,bxpc3+IFNB,DRAP1,False,True,6
bxpc3+IFNB_DTX3L,0.30872467,0.35733446,0.8639656,0.90248036,0.40104753,0.8409639032670163,0.3028644045097135,0.927912874379419,0.916231954545318,1.0127488675505731,2603,1641,0.23056279122829437,0.11019688844680786,2.092280387878418,0.9758080244064331,0.3449099361896515,0.942857142857143,0.3714285714285715,0.9837278464181964,0.9519799856839953,1.0333492943251221,5.0,1.0,bxpc3+IFNB_DTX3L,bxpc3+IFNB,DTX3L,False,True,6
bxpc3+IFNB_ELK1,0.32618976,0.35255536,0.9252157,0.8953264,0.27717268,0.8519132041251785,0.26747346108337505,0.9226999143012021,0.916647572861816,1.0066026918289768,2584,1630,0.07468507438898087,0.1049853265285492,0.7113858461380005,0.10177299380302429,0.813472330570221,0.5,0.5,0.5915325623178613,0.6336887729937065,0.933474897343236,2.0,1.0,bxpc3+IFNB_ELK1,bxpc3+IFNB,ELK1,False,True,6
bxpc3+IFNB_ETS1,0.3034152,0.34874654,0.8700164,0.9024078,0.39594343,0.8301294849324594,0.2897896181709617,0.9274453973929209,0.9161750916964407,1.012301475775347,2461,1623,0.20353832840919495,0.20575082302093506,0.9892467260360718,0.5935392379760742,0.1485898792743683,0.4685516532144085,0.33384615384615385,0.7412228945129316,0.7371016303386121,1.0055911749542952,18.0,7.0,bxpc3+IFNB_ETS1,bxpc3+IFNB,ETS1,False,True,6
bxpc3+IFNB_ETS2,0.30662826,0.35112515,0.87327343,0.9023231,0.38683772,0.8444288274950708,0.2895196982479602,0.9279980839918723,0.9173366186092472,1.0116221953493896,2603,1686,0.031932879239320755,0.0411219596862793,0.7765408158302307,0.7964931726455688,-0.4546855688095093,1.0,-0.5,0.9041119028523239,0.9409930515865307,0.9608061412653106,3.0,0.0,bxpc3+IFNB_ETS2,bxpc3+IFNB,ETS2,False,True,6
bxpc3+IFNB_FOS,0.31802824,0.34308416,0.9269686,0.8902583,0.28157195,0.823407849849241,0.2971595407975524,0.9168616275331892,0.9099324553183366,1.0076150401871626,2426,1512,0.36259567737579346,0.5660271644592285,0.6405976414680481,0.03229740634560585,0.7474002242088318,0.09271013827969823,0.6015384615384615,0.6005701016580399,0.5759289514231872,1.0427850521734696,17.0,8.0,bxpc3+IFNB_FOS,bxpc3+IFNB,FOS,False,True,6
bxpc3+IFNB_H1F0,0.29356983,0.33867517,0.8668183,0.90517527,0.3922153,0.8422709844434679,0.29628888618522264,0.9295907531743496,0.9185607410133946,1.0120079290007389,2496,1597,0.28332364559173584,0.2531093955039978,1.1193722486495972,-0.1347571313381195,-0.21499742567539215,0.03431372549019608,0.09558823529411767,0.13591848991535171,0.14935204580231942,0.9100544233270952,10.0,7.0,bxpc3+IFNB_H1F0,bxpc3+IFNB,H1F0,False,True,6
bxpc3+IFNB_HERC5,0.30359042,0.3468314,0.8753256,0.9024669,0.38527504,0.828202281518608,0.2925223231383887,0.9274400111548126,0.9166182770297673,1.0118061513677343,2454,1620,0.127372145652771,0.16650095582008362,0.7649934887886047,0.6551390290260315,0.5825803279876709,0.5397191867486166,0.33,0.7524633883754086,0.6155378453850517,1.222448617931368,13.0,12.0,bxpc3+IFNB_HERC5,bxpc3+IFNB,HERC5,False,True,6
bxpc3+IFNB_HERC6,0.30950463,0.35072914,0.88246053,0.9007432,0.37400424,0.8308659229673491,0.29474728934230465,0.9263359698173801,0.9159754208679223,1.011310946465835,2535,1614,0.2117731273174286,0.20152944326400757,1.0508297681808472,0.6162986755371094,0.07079938054084778,0.0629514963880289,0.24045407636738902,0.7200631992469848,0.7029020473729913,1.024414713171104,10.0,8.0,bxpc3+IFNB_HERC6,bxpc3+IFNB,HERC6,False,True,6
bxpc3+IFNB_HES4,0.30553463,0.35215408,0.86761636,0.9017513,0.40061635,0.8279380906640781,0.30268630396380036,0.927211568795519,0.9155561797088432,1.012730392022893,2524,1592,0.43301042914390564,0.41867050528526306,1.034251093864441,0.1476808339357376,0.017225712537765503,0.11666666666666665,-0.13333333333333333,0.40367751317536227,0.4437425875004488,0.9097110003554797,4.0,5.0,bxpc3+IFNB_HES4,bxpc3+IFNB,HES4,False,True,6
bxpc3+IFNB_ID1,0.36425763,0.45957384,0.7925987,0.83735037,0.5497023,0.7286649152070933,0.49952829010852745,0.8672860345670097,0.8447416971540056,1.0266878472898373,2632,1035,0.23728883266448975,0.37188103795051575,0.6380772590637207,,0.6810782551765442,,0.673076923076923,,,,17.0,8.0,bxpc3+IFNB_ID1,bxpc3+IFNB,ID1,False,True,6
bxpc3+IFNB_ID2,0.32943267,0.36393818,0.9051885,0.895735,0.322874,0.8394756819289994,0.2917411637673122,0.9228974644209558,0.9145581986637932,1.0091183543806688,2580,1663,0.5267829298973083,0.587696373462677,0.8963521718978882,0.9190129637718201,0.7206825613975525,0.8285714285714287,0.7142857142857143,0.9485131627501284,0.9330005719426476,1.0166265608767862,5.0,1.0,bxpc3+IFNB_ID2,bxpc3+IFNB,ID2,False,True,6
bxpc3+IFNB_ID3,0.32174018,0.3603971,0.892738,0.8971605,0.36384737,0.8228550311682061,0.2852432085671777,0.9234613941468779,0.9132510183034347,1.0111802512549193,2494,1612,0.2658415138721466,0.2901502847671509,0.9162200689315796,0.099521204829216,0.219074547290802,0.18846153846153846,0.28384615384615386,0.6316736980023593,0.674192295322174,0.9369340207314347,13.0,12.0,bxpc3+IFNB_ID3,bxpc3+IFNB,ID3,False,True,6
bxpc3+IFNB_IFI16,0.34417814,0.34959754,0.98449814,0.8947027,0.25790012,0.7885613335312663,0.29913149754372986,0.919551640669649,0.9114238052657595,1.00891773438101,2476,1489,0.2712445855140686,0.33370715379714966,0.8128222227096558,0.36202502250671387,0.11602754890918732,0.2694381090914812,0.21461538461538462,0.5704873839454233,0.6151902732735278,0.9273348567586527,19.0,6.0,bxpc3+IFNB_IFI16,bxpc3+IFNB,IFI16,False,True,6
bxpc3+IFNB_IFNAR1,0.3077407,0.3258661,0.9443777,0.9006808,0.24466339,0.8350979672422448,0.25892333525800293,0.925931227586079,0.9213156844180203,1.005009730373769,2496,1606,0.22508656978607178,0.24299240112304688,0.9263111352920532,-0.14361339807510376,0.20000164210796356,-0.10923076923076921,0.07538461538461538,0.2774081550155194,0.3626343315478501,0.7649803972818692,15.0,10.0,bxpc3+IFNB_IFNAR1,bxpc3+IFNB,IFNAR1,False,True,6
bxpc3+IFNB_IFNAR2,0.3058321,0.32291687,0.94709235,0.90362585,0.25028664,0.8493351503196807,0.2591039891605648,0.9284438481040608,0.923787406016125,1.0050405992305274,2602,1689,0.6180253624916077,0.5358033180236816,1.1534556150436401,0.6784546971321106,-0.016619065776467323,0.5461538461538461,-0.11461538461538462,0.8107119146065689,0.8064113602448516,1.0053329535938227,12.0,13.0,bxpc3+IFNB_IFNAR2,bxpc3+IFNB,IFNAR2,False,True,6
bxpc3+IFNB_IRF1,0.30465218,0.34463716,0.8839795,0.9015252,0.3623014,0.8363527055570108,0.31104252626744666,0.9270618175327291,0.9175673054936913,1.0103474829390628,2558,1616,0.050317663699388504,0.09312077611684799,0.5403484106063843,0.3004527986049652,0.7145659327507019,0.6593406593406593,0.5439560439560439,0.619746501069246,0.45144629866336494,1.3728022644203344,10.0,3.0,bxpc3+IFNB_IRF1,bxpc3+IFNB,IRF1,False,True,6
bxpc3+IFNB_IRF3,0.28321543,0.32312915,0.87647754,0.8877462,0.36445996,0.7887772437571774,0.31473697778968646,0.9121143364858538,0.9000996423885307,1.01334818228062,2427,1419,0.3306119441986084,0.6257517337799072,0.5283436179161072,0.22296254336833954,0.8312888741493225,0.22382262927826602,0.40230769230769226,0.6330874812641294,0.5668202287259213,1.1169105285588719,17.0,8.0,bxpc3+IFNB_IRF3,bxpc3+IFNB,IRF3,False,True,6
bxpc3+IFNB_IRF7,0.3159228,0.35021797,0.90207475,0.89963144,0.33442125,0.8536147393294025,0.3005751586392526,0.925830643049684,0.9177858581634435,1.0087654269399386,2685,1696,0.12925346195697784,0.14264941215515137,0.9060918092727661,0.9281519651412964,0.8192932605743408,0.7500000000000002,0.642857142857143,0.9520841497087126,0.9351683087174707,1.0180885524386951,4.0,3.0,bxpc3+IFNB_IRF7,bxpc3+IFNB,IRF7,False,True,6
bxpc3+IFNB_IRF9,0.27965897,0.30472037,0.9177561,0.9080078,0.32144296,0.820397648357943,0.32008550228867005,0.930346965930961,0.9219919326362433,1.0090619375278351,2505,1465,0.7683099508285522,0.9504497647285461,0.8083646297454834,0.684856116771698,0.6713328957557678,0.7484615384615385,0.4938461538461539,0.8871940849593223,0.8154456400915763,1.0879867907070893,19.0,6.0,bxpc3+IFNB_IRF9,bxpc3+IFNB,IRF9,False,True,6
bxpc3+IFNB_JAK1,0.30292186,0.33505172,0.90410477,0.90229106,0.32826194,0.841253961611943,0.3009097628336615,0.9273958130682692,0.9198380807734319,1.0082163724820814,2518,1598,0.20984907448291779,0.2547915279865265,0.8236109018325806,0.7452646493911743,0.5100339651107788,0.29384615384615387,0.34076923076923077,0.7896011614200401,0.7189692415902262,1.0982405306708103,13.0,12.0,bxpc3+IFNB_JAK1,bxpc3+IFNB,JAK1,False,True,6
bxpc3+IFNB_JUN,0.32825577,0.3568389,0.91989905,0.89520276,0.30468076,0.8432166122423604,0.301175995444279,0.9223303047880463,0.9152723240900988,1.0077113450414488,2587,1608,1.1065151691436768,1.0357606410980225,1.0683116912841797,0.30635735392570496,-0.12179065495729446,0.4090909090909091,0.05454545454545456,0.5604235790313461,0.5898935053054308,0.9500419550155481,5.0,6.0,bxpc3+IFNB_JUN,bxpc3+IFNB,JUN,False,True,6
bxpc3+IFNB_MAP3K14,0.32089484,0.3560941,0.90115184,0.89777875,0.32962933,0.840291286123463,0.2883113230496,0.9244233831526942,0.9157367120381098,1.0094859919891723,2547,1639,0.050394657999277115,0.06865986436605453,0.7339754700660706,0.13806754350662231,0.6517458558082581,0.4285714285714286,0.6428571428571429,0.6458024226507475,0.6747191954144579,0.9571425076383846,4.0,4.0,bxpc3+IFNB_MAP3K14,bxpc3+IFNB,MAP3K14,False,True,6
bxpc3+IFNB_MAPK8,0.32083842,0.3545768,0.9048489,0.89652467,0.32259005,0.8348212968266425,0.2858290278155144,0.9232348752259072,0.9148557789900857,1.0091589258419191,2519,1608,0.1237555518746376,0.1618020385503769,0.764857828617096,0.005492839030921459,0.5397500991821289,0.1384615384615385,0.26593406593406593,0.5800060109636025,0.5245119956425092,1.1058012319682318,10.0,4.0,bxpc3+IFNB_MAPK8,bxpc3+IFNB,MAPK8,False,True,6
bxpc3+IFNB_MAPK14,0.31876573,0.35126132,0.9074888,0.89544535,0.32578367,0.8278112027286477,0.31058751147151137,0.9218671162414126,0.9135058974684048,1.0091528897582152,2479,1553,0.17220281064510345,0.23158223927021027,0.7435925006866455,0.33257657289505005,0.5892252922058105,0.27736103609818435,0.6553846153846155,0.5719544828846428,0.511218464600113,1.1188063860956958,16.0,9.0,bxpc3+IFNB_MAPK14,bxpc3+IFNB,MAPK14,False,True,6
bxpc3+IFNB_MEF2A,0.3039169,0.3481065,0.87305725,0.8937876,0.39000142,0.8070226176712496,0.28603172513804004,0.9195213365591018,0.907233173039411,1.0135446585121255,2380,1573,0.4274861514568329,0.5869274735450745,0.7283458113670349,0.7635719776153564,0.5692353248596191,0.3258318967755369,0.5476923076923077,0.7708732510341397,0.7342419565002968,1.0498899500492223,18.0,7.0,bxpc3+IFNB_MEF2A,bxpc3+IFNB,MEF2A,False,True,6
bxpc3+IFNB_MYC,0.31429157,0.35184547,0.8932659,0.89945745,0.35497743,0.8468916919576512,0.32450905111253214,0.9255088858956224,0.9163625337481467,1.0099811502660032,2577,1586,0.061495210975408554,0.08985781669616699,0.6843612790107727,0.7056278586387634,0.5966009497642517,0.7999999999999999,0.39999999999999997,0.8721250286810366,0.7601663806767724,1.147281767321238,2.0,2.0,bxpc3+IFNB_MYC,bxpc3+IFNB,MYC,False,True,6
bxpc3+IFNB_NFE2L3,0.302542,0.3442384,0.87887347,0.90347046,0.38690013,0.8378492895811224,0.3021230205319978,0.9283547203861182,0.9176520234087006,1.0116631323251069,2510,1602,0.08892665058374405,0.08370453119277954,1.0623875856399536,-0.10648257285356522,-0.011008401401340961,0.2508771929824561,0.05964912280701754,0.3772542224627369,0.4315376455691009,0.8742092986238167,10.0,9.0,bxpc3+IFNB_NFE2L3,bxpc3+IFNB,NFE2L3,False,True,6
bxpc3+IFNB_NFKB1,0.31390584,0.341952,0.91798216,0.8946346,0.31812593,0.8232148979506679,0.3286421389365385,0.9204217696921122,0.9121220189227485,1.0090993864824862,2477,1500,0.47758615016937256,0.684706449508667,0.697504997253418,0.10484632104635239,0.658716082572937,0.5997307285396246,0.5953846153846154,0.3605220469271715,0.34141787466062856,1.055955395673213,17.0,8.0,bxpc3+IFNB_NFKB1,bxpc3+IFNB,NFKB1,False,True,6
bxpc3+IFNB_PARP12,0.30459934,0.35277167,0.8634462,0.9008274,0.3994537,0.837724290743528,0.2926046413845753,0.926443589970881,0.9148711336109534,1.012649274782834,2500,1612,0.2166321873664856,0.22614270448684692,0.9579446315765381,0.7598013877868652,0.2726152837276459,-0.03896103896103896,0.16753246753246753,0.8012590236534449,0.7375775066114081,1.0863387460588427,12.0,9.0,bxpc3+IFNB_PARP12,bxpc3+IFNB,PARP12,False,True,6
bxpc3+IFNB_POU2F1,0.32675543,0.33936113,0.9628546,0.9003761,0.2826899,0.7956995265022005,0.2661624035326363,0.924762263296394,0.9163142016255419,1.0092196122856825,2404,1655,0.09952311217784882,0.21832706034183502,0.45584413409233093,0.3380690813064575,0.7247689962387085,0.3915384615384615,0.7415384615384616,0.6951078173573852,0.7418211872227397,0.9370288006463635,18.0,7.0,bxpc3+IFNB_POU2F1,bxpc3+IFNB,POU2F1,False,True,6
bxpc3+IFNB_RAP1GAP,0.30497473,0.3535019,0.8627245,0.9039513,0.4012822,0.8392812686449,0.29772250073286227,0.929120121789972,0.9176396416883096,1.0125108807206065,2643,1685,0.4332577586174011,0.13172101974487305,3.2892074584960938,1.0,-1.0,0.9999999999999999,-0.9999999999999999,0.9999649237495597,0.9994868078867561,1.0004783613540777,1.0,1.0,bxpc3+IFNB_RAP1GAP,bxpc3+IFNB,RAP1GAP,False,True,6
bxpc3+IFNB_RAPGEF1,0.31968775,0.35800537,0.89296913,0.8971985,0.3656289,0.8160823812229937,0.29807301744771897,0.9231867918472877,0.9125575738344724,1.0116477231876477,2441,1576,0.20679597556591034,0.21657805144786835,0.9548335075378418,0.6586146354675293,0.20819632709026337,0.22461538461538463,0.09615384615384616,0.791116588858827,0.8144581001170604,0.9713410533275086,13.0,12.0,bxpc3+IFNB_RAPGEF1,bxpc3+IFNB,RAPGEF1,False,True,6
bxpc3+IFNB_RNF114,0.32798314,0.35635483,0.9203836,0.89453834,0.2977543,0.8233196065855496,0.2873429568159229,0.9215807303267686,0.9145345364223826,1.0077046777609409,2503,1614,0.17223525047302246,0.22754256427288055,0.7569364309310913,-0.2499433010816574,0.3424564599990845,-0.3571428571428572,0.642857142857143,0.5291304184604668,0.591563546228772,0.8944608264550487,5.0,2.0,bxpc3+IFNB_RNF114,bxpc3+IFNB,RNF114,False,False,6
bxpc3+IFNB_SMARCA5,0.3023807,0.34593153,0.8741057,0.90152127,0.40068606,0.8191001475433758,0.3243232118668891,0.9262427336289416,0.9143217155615481,1.0130381001178257,2500,1521,0.07334192842245102,0.13282623887062073,0.5521644353866577,0.7929105162620544,0.7078864574432373,0.4066166645711246,0.44461538461538463,0.8325082046778897,0.7442493350619079,1.1185877708693421,17.0,8.0,bxpc3+IFNB_SMARCA5,bxpc3+IFNB,SMARCA5,False,True,6
bxpc3+IFNB_SOCS1,0.31288117,0.36370993,0.8602492,0.9002479,0.4102354,0.834672442620359,0.29737419403596355,0.9263949993601753,0.9138969996085378,1.013675501459126,2587,1657,0.1581954061985016,0.21052832901477814,0.7514209747314453,0.1977771818637848,0.39844992756843567,0.18787878787878787,0.32121212121212117,0.6413780118751952,0.6787931411028489,0.9448799244393297,7.0,3.0,bxpc3+IFNB_SOCS1,bxpc3+IFNB,SOCS1,False,True,6
bxpc3+IFNB_SP100,0.30350894,0.3485017,0.8708965,0.90306056,0.38666332,0.8450881425817636,0.2920313162353058,0.9283467130948524,0.9178164572342741,1.0114731608673808,2563,1672,0.10178134590387344,0.09876586496829987,1.030531644821167,-0.3200121521949768,-0.1204521656036377,0.0,0.09999999999999999,0.4236594234763974,0.5344445558224984,0.7927097747761597,2.0,3.0,bxpc3+IFNB_SP100,bxpc3+IFNB,SP100,False,True,6
bxpc3+IFNB_SP110,0.31358236,0.35034248,0.8950738,0.8996927,0.3709231,0.8311765827694662,0.3242653400532581,0.9248166203925197,0.914115851219688,1.0117061411401562,2563,1526,0.1662261188030243,0.24049784243106842,0.691175103187561,0.3589491844177246,0.6668761968612671,0.5807692307692308,0.6499999999999999,0.5913030133094432,0.49336510104876574,1.198510012265738,19.0,6.0,bxpc3+IFNB_SP110,bxpc3+IFNB,SP110,False,True,6
bxpc3+IFNB_STAT1,0.30772123,0.33853704,0.9089736,0.90198976,0.32457244,0.8457867854487171,0.30677151076538717,0.9272337539298353,0.9198223755302656,1.0080574017296515,2586,1586,0.20650671422481537,0.2224649339914322,0.9282663464546204,0.8539177775382996,0.21455541253089905,0.3557312252964427,0.3448616600790514,0.8733614224246687,0.8637054660000605,1.0111796866000238,15.0,8.0,bxpc3+IFNB_STAT1,bxpc3+IFNB,STAT1,False,True,6
bxpc3+IFNB_STAT2,0.29355243,0.3023066,0.9710421,0.9092667,0.24611591,0.8315663529926508,0.2615399285049699,0.9317740416559495,0.926518792158569,1.0056720376767934,2493,1649,1.8080799579620361,1.3750636577606201,1.314906358718872,0.7533069849014282,-0.005739154294133186,0.7084615384615385,-0.06230769230769231,0.9495235865629694,0.960728471698158,0.9883370947512535,1.0,24.0,bxpc3+IFNB_STAT2,bxpc3+IFNB,STAT2,False,True,6
bxpc3+IFNB_STAT3,0.3105051,0.35680798,0.87023026,0.9014874,0.4031894,0.8432305223920039,0.32060049465235474,0.9268519601006316,0.9152880436255494,1.0126341828188603,2570,1558,0.3171719014644623,0.36768853664398193,0.8626102805137634,-0.30709150433540344,0.4858463406562805,-0.15,0.6333333333333333,0.2181330961618394,0.23911352624954474,0.912257451860713,6.0,3.0,bxpc3+IFNB_STAT3,bxpc3+IFNB,STAT3,False,True,6
bxpc3+IFNB_STAT4,0.3092161,0.35232905,0.87763447,0.9019711,0.3876176,0.8374634760983293,0.30370925410346433,0.9273626211337868,0.9164254048112032,1.011934649852747,2544,1613,0.03490792587399483,0.05249307304620743,0.6650006175041199,0.1366710662841797,0.619996190071106,0.4642857142857144,-0.03571428571428572,0.5272126305616865,0.568302036374561,0.9276979437290052,4.0,3.0,bxpc3+IFNB_STAT4,bxpc3+IFNB,STAT4,False,True,6
bxpc3+IFNB_STAT5A,0.3251654,0.3545709,0.91706735,0.89739764,0.31124634,0.8439419487567992,0.27828355167707014,0.9239929834748554,0.9168296605829186,1.0078131447965835,2614,1716,0.06613549590110779,0.10581570118665695,0.6250064373016357,0.27812814712524414,0.918032169342041,0.5,0.5,0.6607250253134015,0.7257327409504262,0.9104247170220129,3.0,0.0,bxpc3+IFNB_STAT5A,bxpc3+IFNB,STAT5A,False,False,6
bxpc3+IFNB_STAT6,0.29450786,0.33116937,0.8892968,0.902792,0.37573197,0.8108132130279952,0.3202348012340191,0.9266774685754237,0.9157515324200112,1.0119311142472664,2459,1523,0.3728622794151306,0.4190201163291931,0.8898434042930603,0.4412524998188019,0.23724375665187836,0.44230769230769235,0.16846153846153847,0.6794777029390686,0.7036318103599074,0.9656722350166574,15.0,10.0,bxpc3+IFNB_STAT6,bxpc3+IFNB,STAT6,False,True,6
bxpc3+IFNB_TRAFD1,0.31044352,0.35579997,0.8725226,0.9005338,0.3953347,0.8404864848409875,0.3025708781428129,0.9262420658469345,0.9149462256773648,1.0123459060790234,2528,1632,0.1151425838470459,0.3013661801815033,0.3820686936378479,0.04808519780635834,0.9049303531646729,0.19999999999999998,0.7999999999999999,0.6858463115665577,0.6738697541461978,1.0177728074997734,3.0,1.0,bxpc3+IFNB_TRAFD1,bxpc3+IFNB,TRAFD1,False,True,6
bxpc3+IFNB_TRIM21,0.2720396,0.31656182,0.85935694,0.8917386,0.38740933,0.7867757902417886,0.3600393352487242,0.9160967043979484,0.903138204292514,1.0143483024456768,2500,1390,0.45875251293182373,0.6857090592384338,0.6690191626548767,0.11395956575870514,0.6385690569877625,0.2150284827985999,0.6284615384615384,0.5094497996957673,0.5243762883362637,0.9715347757469068,19.0,6.0,bxpc3+IFNB_TRIM21,bxpc3+IFNB,TRIM21,False,True,6
bxpc3+IFNB_TRIM22,0.31188935,0.34997955,0.8911645,0.9015438,0.37056965,0.8323913351008537,0.30258489186300136,0.9267874815121822,0.916688820714027,1.0110164546244702,2544,1646,0.06067485362291336,0.08392371237277985,0.7229762673377991,0.8803950548171997,0.5559396147727966,0.12727272727272726,0.6363636363636362,0.9159415795581647,0.8196140853435737,1.1175278657811396,8.0,2.0,bxpc3+IFNB_TRIM22,bxpc3+IFNB,TRIM22,False,True,6
bxpc3+IFNB_TYK2,0.2963364,0.31674254,0.935575,0.905717,0.27014786,0.8525939298388684,0.2669539915714164,0.9300758111983465,0.9248985328032063,1.005597671756975,2596,1653,1.2520722150802612,1.134503722190857,1.1036299467086792,0.7568342685699463,0.2929951846599579,0.7184615384615384,0.29923076923076924,0.9436036082897865,0.9325178383566853,1.0118879977166302,10.0,15.0,bxpc3+IFNB_TYK2,bxpc3+IFNB,TYK2,False,True,6
bxpc3+IFNB_UBA7,0.31150836,0.35891217,0.8679236,0.9002837,0.40312868,0.8319361856321418,0.31977940253202064,0.9258391133696914,0.9136264338711355,1.013367257169661,2539,1543,0.33732321858406067,0.3271521031856537,1.0310899019241333,0.27311667799949646,0.09243910759687424,0.2592307692307692,0.08692307692307692,0.5278459472703613,0.5074884314194749,1.0401142461394544,14.0,11.0,bxpc3+IFNB_UBA7,bxpc3+IFNB,UBA7,False,True,6
bxpc3+IFNB_UBE2L6,0.3136279,0.3539892,0.8859815,0.9021983,0.3804757,0.8317377746368263,0.3041045031056112,0.9273973112362045,0.9165399909668386,1.0118459864014364,2583,1646,0.13053210079669952,0.12769314646720886,1.0222326517105103,-0.1395971029996872,0.001249074935913086,0.6,0.39999999999999997,0.458667061303659,0.49973153739910836,0.9178269270153078,3.0,2.0,bxpc3+IFNB_UBE2L6,bxpc3+IFNB,UBE2L6,False,True,6
bxpc3+IFNB_USP18,0.32986787,0.4070274,0.8104316,0.8949113,0.4741007,0.8298162187486509,0.31464671328813454,0.9222183079833411,0.9028713322205595,1.021428275627269,2542,1601,3.5638372898101807,4.009862899780273,0.8887678384780884,0.5824217796325684,0.5845062732696533,0.6907692307692308,0.563076923076923,0.8212286503818428,0.7190025930248786,1.142177592054146,17.0,8.0,bxpc3+IFNB_USP18,bxpc3+IFNB,USP18,False,True,6
bxpc3+IFNB_VAV1,0.30448517,0.34959295,0.87097055,0.9030025,0.39003897,0.8396797438584925,0.2913417015651375,0.9283357067742724,0.9173156538713126,1.0120133705954457,2591,1653,0.003061685711145401,0.0005080167320556939,6.026741981506348,1.0,-1.0,0.9999999999999999,-0.9999999999999999,0.9857543462005736,0.9877058308991905,0.9980242247868069,2.0,0.0,bxpc3+IFNB_VAV1,bxpc3+IFNB,VAV1,False,True,6
bxpc3+IFNB_ZBP1,0.3079979,0.35041958,0.87894034,0.9013238,0.37595755,0.8329997214876798,0.2849309396590833,0.926874267160486,0.9164718574342059,1.0113504955355674,2504,1614,0.04362543672323227,0.07818744331598282,0.5579596161842346,0.3003508746623993,0.6350952982902527,-0.09999999999999999,0.49999999999999994,0.7116266181642429,0.7484507487927279,0.9507995273063947,5.0,0.0,bxpc3+IFNB_ZBP1,bxpc3+IFNB,ZBP1,False,True,6
bxpc3+IFNB_ZNFX1,0.31546447,0.35465688,0.88949203,0.8988825,0.37645635,0.8289810336694882,0.320335913976854,0.9245722877448569,0.9138343133138654,1.011750460969289,2535,1549,0.20697547495365143,0.2079806923866272,0.9951667785644531,0.8005984425544739,-0.037406664341688156,0.5708790257554861,0.11615384615384615,0.8356217516344204,0.8200594827039402,1.01897700015512,15.0,10.0,bxpc3+IFNB_ZNFX1,bxpc3+IFNB,ZNFX1,False,True,6
bxpc3+IFNG_GUK1,0.03891287,0.29063827,0.13388763,0.9879973,0.93009955,0.8840960521375403,0.7887253226556936,0.990955775447789,0.930938884007765,1.0644692068094164,3245,881,0.1437441110610962,0.2627992331981659,0.5469731092453003,0.6389706134796143,0.7177334427833557,0.5470282847872651,0.6869230769230769,0.7892366802702344,0.6085218960782149,1.2969733469850224,16.0,9.0,bxpc3+IFNG_GUK1,bxpc3+IFNG,GUK1,True,False,6
bxpc3+IFNG_IFNGR1,0.018082185,0.2678391,0.06751137,0.99442434,0.9656011,0.876788729691232,0.8190248683293957,0.9957690737393968,0.9344734802554766,1.065593721789903,3307,767,0.24179227650165558,2.052778720855713,0.11778779327869415,0.8952334523200989,0.8598806262016296,0.8961538461538462,0.8523076923076923,0.9832540666594837,0.8889132423756754,1.1061305195900522,24.0,1.0,bxpc3+IFNG_IFNGR1,bxpc3+IFNG,IFNGR1,True,False,6
bxpc3+IFNG_KIN,0.22071035,0.54470754,0.40519056,0.9300833,0.79257846,0.7448221054074404,0.6396872237790547,0.9416520159100314,0.8283207369227946,1.1368205260781732,2467,802,1.2783961296081543,2.5556044578552246,0.5002323985099792,0.7713710069656372,0.8156177401542664,0.6180274346778739,0.8415384615384615,0.7176209962629266,0.35716679344548385,2.0092041293655725,15.0,9.0,bxpc3+IFNG_KIN,bxpc3+IFNG,KIN,True,False,6
bxpc3+IFNG_MAFB,0.026143918,0.30878896,0.08466598,0.9919785,0.956963,0.8822394859760241,0.8201021911248068,0.9939362178605861,0.9258455719077584,1.0735442799737358,3270,829,0.023943651467561722,0.14223544299602509,0.16833814978599548,0.8101641535758972,0.9703748822212219,0.33307692307692305,0.8553846153846153,0.8831238551516423,0.5369457031055274,1.644717240577451,15.0,10.0,bxpc3+IFNG_MAFB,bxpc3+IFNG,MAFB,True,False,6
bxpc3+INS_MTOR,0.029152906,0.2729979,0.106788024,0.99163365,0.95047915,0.8898885675606883,0.8110497921979385,0.9933920713984561,0.9269072217505416,1.0717276207238435,3408,856,0.04131010174751282,0.3099122941493988,0.13329610228538513,0.980596661567688,0.9721025228500366,0.5838461538461539,0.9,0.9724099584857459,0.7083272167152233,1.3728259137001293,17.0,8.0,bxpc3+INS_MTOR,bxpc3+INS,MTOR,True,False,6
bxpc3+TNFA_BATF,0.028241992,0.33219072,0.0850174,0.9907943,0.9570045,0.874403316874414,0.8466345853354054,0.9929419271297417,0.9123653870807734,1.088316086065894,3402,713,0.05509846657514572,0.11561073362827301,0.47658607363700867,0.550011157989502,0.8312324285507202,0.6346749226006192,0.7110423116615068,0.8505922056531898,0.5614850026881488,1.5148974622312616,12.0,6.0,bxpc3+TNFA_BATF,bxpc3+TNFA,BATF,True,False,6
bxpc3+TNFA_TNFRSF1A,0.120193094,0.341497,0.35195944,0.9764219,0.85595137,0.8202518262167096,0.6692536342641088,0.9796373689575977,0.8936871123921147,1.0961748864604544,2974,1013,0.3211168348789215,0.8776810169219971,0.3658696413040161,0.5272066593170166,0.9527854919433594,0.479878005749208,0.7769230769230768,0.7526761802783415,0.459370480260501,1.638494880758363,9.0,16.0,bxpc3+TNFA_TNFRSF1A,bxpc3+TNFA,TNFRSF1A,True,False,6
bxpc3+TNFA_TNFRSF1B,0.016236056,0.3338129,0.04863819,0.9947989,0.975689,0.8679134756122893,0.8700310227327666,0.9960391846332758,0.9131204201088275,1.0908081373479368,3508,669,0.0417574867606163,0.0026058193761855364,16.02470588684082,1.0,1.0,0.9999999999999999,0.9999999999999999,0.9854289670347539,0.9111426568032421,1.081530932260538,1.0,1.0,bxpc3+TNFA_TNFRSF1B,bxpc3+TNFA,TNFRSF1B,True,False,6
hap1+IFNB_ADAR,0.028780045,0.3670089,0.07841784,0.990291,0.9611536,0.8524141005443221,0.8327411377650061,0.9924391545127184,0.8964625892272777,1.1070614283727884,3381,745,0.2518375515937805,1.1867120265960693,0.21221454441547394,0.42365482449531555,0.8562573194503784,0.6761538461538462,0.9192307692307692,0.6714236464076756,0.3779602149623582,1.7764400056618235,21.0,4.0,hap1+IFNB_ADAR,hap1+IFNB,ADAR,True,False,6
hap1+IFNB_BRD9,0.015519128,0.3427171,0.045282617,0.99496603,0.97785544,0.8653935808129692,0.8968333937832624,0.9961229153894207,0.9093585978900255,1.0954126542606113,3609,581,,,,,,,,,,,,,hap1+IFNB_BRD9,hap1+IFNB,BRD9,True,False,6
hap1+IFNB_CRKL,0.030048126,0.34614167,0.086808756,0.9917731,0.96117425,0.8683938303894783,0.8434705429487145,0.9933064137899411,0.903312489815048,1.0996265688669038,3397,716,0.18661783635616302,1.0477168560028076,0.17811857163906097,0.909433901309967,0.9349747896194458,0.719836000716373,0.93,0.9125741944557804,0.4237544370806682,2.1535448708046396,16.0,9.0,hap1+IFNB_CRKL,hap1+IFNB,CRKL,True,False,6
hap1+INS_MTOR,0.042531833,0.37340632,0.113902286,0.9887699,0.9520861,0.8480101435677161,0.8054122366999374,0.9902618763726078,0.8899340096009284,1.112736299196689,3298,814,0.18413197994232178,1.4514065980911255,0.1268645077943802,0.20167222619056702,0.9600302577018738,0.31333061938323503,0.9546153846153845,0.7632506445998879,0.5850691580566532,1.3045477343825072,19.0,6.0,hap1+INS_MTOR,hap1+INS,MTOR,True,False,6
hap1+TNFA_ARID5B,0.3861308,0.4133415,0.934169,0.8606248,0.2450441,0.797325717625825,0.20061095207159163,0.8923714706780856,0.886454073900846,1.0066753562891309,2410,1780,0.6670717597007751,0.7627636194229126,0.8745458722114563,0.04620831087231636,0.3869202136993408,0.02692307692307692,0.12230769230769231,0.6186240632880298,0.5992197027064552,1.032382714543484,14.0,11.0,hap1+TNFA_ARID5B,hap1+TNFA,ARID5B,False,True,6
hap1+TNFA_BATF,0.3612089,0.39857554,0.9062495,0.8725293,0.32938826,0.8141408167379498,0.276718081193549,0.9022397384551227,0.8920591410000083,1.011412469181922,2479,1759,1.1242202520370483,1.3307257890701294,0.8448173403739929,-0.33035367727279663,0.9793474674224854,0.5,1.0,0.5873475659571991,0.5259760684535897,1.1166811594376267,1.0,2.0,hap1+TNFA_BATF,hap1+TNFA,BATF,False,False,6
hap1+TNFA_BIRC2,0.37478393,0.39844546,0.9406154,0.865853,0.23682883,0.8075595841542655,0.1952465312198563,0.8971320263628624,0.8920559933228748,1.0056902628063509,2402,1795,,,,,,,,,,,,,hap1+TNFA_BIRC2,hap1+TNFA,BIRC2,False,True,6
hap1+TNFA_BIRC3,0.37266523,0.40113497,0.929027,0.86673224,0.25930482,0.8047580218897135,0.2053871564936451,0.897594413774788,0.8909120226725826,1.007500618391207,2370,1814,0.2711825668811798,0.22487182915210724,1.2059428691864014,-0.5345486998558044,-0.13357894122600555,-0.3696969696969697,0.10303030303030303,0.3974989548106549,0.45025681151526165,0.8828271880506166,5.0,5.0,hap1+TNFA_BIRC3,hap1+TNFA,BIRC3,False,True,6
hap1+TNFA_CASP3,0.3621908,0.40509194,0.8940953,0.8653394,0.31031114,0.793372140383964,0.266977278305646,0.8953744253065342,0.8866574957778995,1.0098312252139559,2569,1621,0.4421283006668091,0.5623067617416382,0.7862759828567505,-0.12857431173324585,0.3566446304321289,0.012307692307692308,0.586923076923077,0.3887583362539211,0.4303528430429564,0.9033478982155034,18.0,7.0,hap1+TNFA_CASP3,hap1+TNFA,CASP3,False,True,6
hap1+TNFA_CASP7,0.37187958,0.4014057,0.9264432,0.8678427,0.26679763,0.8202311506011736,0.2145217023394869,0.8989691670357077,0.8918723506640136,1.0079572108793489,2408,1817,0.0832362249493599,0.2887424826622009,0.2882714867591858,1.0,1.0,0.9999999999999999,0.9999999999999999,0.9936137384593063,0.9995209398592879,0.9940899673389402,2.0,0.0,hap1+TNFA_CASP7,hap1+TNFA,CASP7,False,True,6
hap1+TNFA_CASP8,0.3598054,0.41053995,0.87641996,0.8629477,0.32614973,0.7756448082929229,0.31246651908070716,0.8922692783120206,0.8827451183046737,1.0107892525371742,2675,1480,1.3601160049438477,2.174164056777954,0.6255811452865601,0.0852961540222168,0.5082713961601257,0.07899821985791035,0.5184615384615384,0.7156393837118025,0.7167352000200028,0.9984711001940888,22.0,3.0,hap1+TNFA_CASP8,hap1+TNFA,CASP8,False,True,6
hap1+TNFA_CASP10,0.3611273,0.4236294,0.8524604,0.84770316,0.32552072,0.7182178189475789,0.404568285648444,0.8782104745848935,0.8732335585576287,1.005699409944214,2923,1217,0.9106271862983704,1.706528663635254,0.5336137413978577,0.36734747886657715,0.8585168123245239,0.2975100089927406,0.8615384615384615,0.7264659201404374,0.7351611389790832,0.9881723633396607,23.0,2.0,hap1+TNFA_CASP10,hap1+TNFA,CASP10,False,True,6
hap1+TNFA_CEBPB,0.36535496,0.4017005,0.9095208,0.8677791,0.30542934,0.8066019387785687,0.2661167392937596,0.8977034168771502,0.8892474151893235,1.0095091664517533,2521,1667,0.36788231134414673,0.4830153286457062,0.7616369128227234,0.6190438270568848,0.592534065246582,0.5598497327992971,0.30615384615384617,0.7980334161151951,0.77744463442483,1.0264826339763693,17.0,8.0,hap1+TNFA_CEBPB,hap1+TNFA,CEBPB,False,True,6
hap1+TNFA_CHUK,0.34651616,0.40217394,0.86160773,0.87554526,0.39601517,0.8110634262800607,0.3157498739608779,0.9038942865969487,0.8901047000232988,1.0154920950010589,2576,1624,0.18709924817085266,0.23023094236850739,0.8126590251922607,0.33237195014953613,0.4100271165370941,0.26,0.6015384615384615,0.6861505523840881,0.6929528306896375,0.9901836344347137,19.0,6.0,hap1+TNFA_CHUK,hap1+TNFA,CHUK,False,True,6
hap1+TNFA_CREB1,0.38768193,0.40973136,0.94618565,0.8623853,0.22712214,0.8157422937419326,0.18610758068224195,0.8947412063902466,0.8896465686005051,1.00572658623048,2382,1828,0.4165542423725128,0.4864597022533417,0.8562975525856018,0.2848581075668335,0.5299863815307617,0.3227081887497038,0.532608695652174,0.4530016815920501,0.34158171203108,1.3261883339668727,15.0,8.0,hap1+TNFA_CREB1,hap1+TNFA,CREB1,False,True,6
hap1+TNFA_CSF1,0.3779339,0.41080058,0.9199936,0.8618746,0.26743343,0.7934620393224107,0.22245295973323928,0.8924377921706501,0.8854612357012174,1.007879008349708,2456,1718,0.5826641321182251,0.8947223424911499,0.6512234210968018,0.14451555907726288,0.7367894649505615,0.3487482388849213,0.8453846153846154,0.45083531352541417,0.4318618804535441,1.0439340306024325,22.0,3.0,hap1+TNFA_CSF1,hap1+TNFA,CSF1,False,True,6
hap1+TNFA_CSF2,0.37134752,0.39395085,0.942624,0.8685918,0.23647985,0.8263490638814295,0.19067312034526765,0.900016245014702,0.8945516473287426,1.0061087559363147,2395,1891,,,,,,,,,,,,,hap1+TNFA_CSF2,hap1+TNFA,CSF2,False,True,6
hap1+TNFA_DNM1L,0.3694836,0.4248264,0.8697284,0.8509997,0.3219159,0.7615661135635106,0.2953899632086836,0.8814867261379538,0.8732872403844543,1.0093892196912093,2645,1509,0.7753537893295288,1.2705295085906982,0.6102603673934937,-0.010933775454759598,0.7491679787635803,0.0,0.5946153846153845,0.5749753473308917,0.5014712703444995,1.1465768456404224,18.0,7.0,hap1+TNFA_DNM1L,hap1+TNFA,DNM1L,False,True,6
hap1+TNFA_FADD,0.37054366,0.39732733,0.9325904,0.86833835,0.2555536,0.8165508534997593,0.2021115021573513,0.8994927178152263,0.8932388791951095,1.0070013058833178,2414,1838,,,,,,,,,,,,,hap1+TNFA_FADD,hap1+TNFA,FADD,False,True,6
hap1+TNFA_FOS,0.35561222,0.4011476,0.8864872,0.87301123,0.3651141,0.8193446778874643,0.3012528533745275,0.9025330760097523,0.8912071781948111,1.0127084903399033,2540,1661,,,,,,,,,,,,,hap1+TNFA_FOS,hap1+TNFA,FOS,False,True,6
hap1+TNFA_ID2,0.36368433,0.39804834,0.91366875,0.8710346,0.3014567,0.8266646613647851,0.23915336098990714,0.901816486755033,0.8932118991992724,1.009633310487102,2486,1781,,,,,,,,,,,,,hap1+TNFA_ID2,hap1+TNFA,ID2,False,True,6
hap1+TNFA_IKBKB,0.33419198,0.4187475,0.79807514,0.8674717,0.45343435,0.7683207170325004,0.38700138666760797,0.8948764646993357,0.8773814208686829,1.0199400664460516,2745,1407,0.44722139835357666,0.9036109447479248,0.49492692947387695,0.07833179086446762,0.7983249425888062,0.12587447626644177,0.816923076923077,0.31757979295474836,0.2987844577918395,1.062906000204346,23.0,2.0,hap1+TNFA_IKBKB,hap1+TNFA,IKBKB,False,True,6
hap1+TNFA_IKBKE,0.3650373,0.40038767,0.9117096,0.87010443,0.29793054,0.8148654146390991,0.23475171766198122,0.9007419506755105,0.8920037284323892,1.009796172330443,2454,1778,1.347626805305481,2.3937370777130127,0.5629802942276001,1.0,1.0,0.9999999999999999,0.9999999999999999,0.9949983900274971,0.997709745797833,0.9972824202812937,2.0,0.0,hap1+TNFA_IKBKE,hap1+TNFA,IKBKE,False,True,6
hap1+TNFA_IKBKG,0.3747993,0.40591717,0.92333937,0.865138,0.2689256,0.8044289754466522,0.2216338028800813,0.8962253900626796,0.8893127850295212,1.0077729738619794,2435,1754,0.7466129064559937,1.102797508239746,0.6770172119140625,0.07746193557977676,0.5994727611541748,0.11076923076923079,0.6515384615384615,0.6965365742388525,0.7173731611587139,0.9709543260773713,18.0,7.0,hap1+TNFA_IKBKG,hap1+TNFA,IKBKG,False,True,6
hap1+TNFA_IRF1,0.37119207,0.39980742,0.92842716,0.8688606,0.2767062,0.822543655551527,0.23551656474208804,0.9000844488183702,0.8926604510610049,1.0083167096162278,2450,1801,,,,,,,,,,,,,hap1+TNFA_IRF1,hap1+TNFA,IRF1,False,True,6
hap1+TNFA_ITCH,0.37910375,0.4085478,0.92793,0.8615277,0.25352597,0.7909712877905907,0.2443647434433476,0.8926769245282989,0.8872502533577251,1.0061162802152348,2541,1631,0.49009522795677185,0.8039302229881287,0.6096240878105164,0.7870729565620422,0.6472654342651367,0.41923076923076924,0.4776923076923077,0.8131098656540023,0.7426265810625374,1.0949108022643341,19.0,6.0,hap1+TNFA_ITCH,hap1+TNFA,ITCH,False,True,6
hap1+TNFA_JUN,0.36055863,0.40073076,0.8997528,0.8721849,0.34332138,0.8306155637665006,0.3001514842677927,0.9024692946651606,0.892353908379526,1.0113356216526284,2575,1673,0.001203447231091559,0.0006977514130994678,1.7247506380081177,,,,,,,,0.0,1.0,hap1+TNFA_JUN,hap1+TNFA,JUN,False,True,6
hap1+TNFA_JUNB,0.37776083,0.4029356,0.93752164,0.86427116,0.24195355,0.813782875457822,0.1900038275996989,0.8958542326643577,0.8903473717783783,1.006185070075492,2374,1839,0.6722671985626221,1.222375512123108,0.5499678254127502,0.05710361897945404,0.8660759329795837,0.19999999999999998,0.7999999999999999,0.8521650057239994,0.8545938577786865,0.9971578873021621,3.0,1.0,hap1+TNFA_JUNB,hap1+TNFA,JUNB,False,True,6
hap1+TNFA_KLF6,0.37450507,0.39864606,0.9394426,0.8664706,0.24108922,0.822274236003271,0.19578761507522116,0.8979383029601339,0.8921623779325092,1.0064740737454203,2389,1831,3.342522144317627,3.580733060836792,0.9334742426872253,,,,,,,,1.0,0.0,hap1+TNFA_KLF6,hap1+TNFA,KLF6,False,True,6
hap1+TNFA_MAP2K3,0.3696572,0.40061,0.9227358,0.8691723,0.27952766,0.8322102939337238,0.21927514971233475,0.9003913374855166,0.8926084506434503,1.008719261885159,2452,1801,,,,,,,,,,,,,hap1+TNFA_MAP2K3,hap1+TNFA,MAP2K3,False,True,6
hap1+TNFA_MAP3K7,0.35645598,0.40379936,0.8827552,0.8737176,0.37764725,0.8277666671013942,0.3034053684012305,0.9034045094807526,0.891224345928254,1.0136667760571694,2565,1654,0.00538964569568634,0.006126381456851959,0.879743754863739,1.0,1.0,0.9999999999999999,0.9999999999999999,0.999993791442904,0.8643100557070111,1.1569850250381533,1.0,1.0,hap1+TNFA_MAP3K7,hap1+TNFA,MAP3K7,False,True,6
hap1+TNFA_MAP3K14,0.37372926,0.40368956,0.9257838,0.86670816,0.27125764,0.8200567996528596,0.2218776738418566,0.8976469443575394,0.8904591408484801,1.0080720194552784,2452,1760,0.09298395365476608,0.22277525067329407,0.41738906502723694,0.3140451908111572,0.8549901247024536,0.19999999999999998,0.7,0.773179489024463,0.5147812710837485,1.5019573019754955,3.0,2.0,hap1+TNFA_MAP3K14,hap1+TNFA,MAP3K14,False,True,6
hap1+TNFA_MAPK8,0.36271548,0.39965513,0.9075712,0.8715086,0.31392366,0.8322402165370869,0.2539878664112352,0.9018623223800802,0.8925584707839278,1.0104238006816304,2506,1733,,,,,,,,,,,,,hap1+TNFA_MAPK8,hap1+TNFA,MAPK8,False,True,6
hap1+TNFA_MAPK9,0.37459877,0.40045616,0.93543017,0.86656773,0.24909621,0.8218862471111841,0.19764854105509597,0.8979628298922254,0.8918424140980701,1.0068626650823116,2415,1807,,,,,,,,,,,,,hap1+TNFA_MAPK9,hap1+TNFA,MAPK9,False,True,6
hap1+TNFA_MAPK14,0.35702124,0.3981925,0.89660466,0.8727245,0.35146374,0.8235459049623328,0.2950423782234789,0.9026254930722307,0.8922688346067347,1.0116071054639724,2527,1692,0.5917894840240479,1.1338341236114502,0.5219365358352661,-0.49123287200927734,0.9039226770401001,-0.8999999999999998,0.8999999999999998,0.1781569680103401,0.15113161433283584,1.1788199894297864,3.0,2.0,hap1+TNFA_MAPK14,hap1+TNFA,MAPK14,False,True,6
hap1+TNFA_MMP9,0.36937588,0.3916115,0.94322026,0.86915815,0.23563327,0.8325585870844256,0.19182515760283272,0.9004274884729048,0.8949532837642198,1.0061167491175185,2435,1851,,,,,,,,,,,,,hap1+TNFA_MMP9,hap1+TNFA,MMP9,False,True,6
hap1+TNFA_MTF1,0.3681355,0.38909778,0.946126,0.86905986,0.229842,0.8248971058899144,0.18828410987813846,0.9005166297801251,0.8954474890142703,1.0056610139936124,2398,1864,0.13371969759464264,0.1545473039150238,0.8652347326278687,0.17254596948623657,0.3615420460700989,0.10714285714285716,0.3214285714285715,0.6364341596562006,0.518859380820289,1.2266023959131898,3.0,4.0,hap1+TNFA_MTF1,hap1+TNFA,MTF1,False,True,6
hap1+TNFA_MTOR,0.38777685,0.44192192,0.8774782,0.85081255,0.39874917,0.7532117976956935,0.2695347791465182,0.8781755969475527,0.8647459050684551,1.015530217374125,2392,1687,1.5128506422042847,1.9033616781234741,0.794830858707428,0.1588006317615509,0.5749416351318359,0.15505684132802408,0.5846153846153846,0.636766513993083,0.6123669613632158,1.039844658790132,17.0,8.0,hap1+TNFA_MTOR,hap1+TNFA,MTOR,False,False,6
hap1+TNFA_MYC,0.36152065,0.3941385,0.9172427,0.8718375,0.30513608,0.83097807506204,0.26175225852946016,0.9023181304103036,0.8940943420902261,1.0091978977306264,2546,1728,,,,,,,,,,,,,hap1+TNFA_MYC,hap1+TNFA,MYC,False,True,6
hap1+TNFA_NFAT5,0.3748387,0.42038018,0.891666,0.85526985,0.29422683,0.77005321428638,0.2861502673652192,0.8856261258099386,0.8782324052376793,1.0084188655851958,2635,1518,1.5874395370483398,2.2291507720947266,0.7121275067329407,0.5818904638290405,0.5284544229507446,0.1993839053445976,0.5323076923076923,0.6659248133048394,0.6049606944125284,1.1007736857210413,23.0,2.0,hap1+TNFA_NFAT5,hap1+TNFA,NFAT5,False,True,6
hap1+TNFA_NFKB1,0.36888638,0.41674644,0.8851578,0.8630457,0.3507998,0.7883331275749123,0.31925911319878675,0.8931157536263636,0.8827374340081863,1.011756972366124,2624,1553,0.9013726711273193,1.4547306299209595,0.619614839553833,0.3915274441242218,0.718904972076416,0.1992690938957829,0.7646153846153846,0.6668301392799335,0.6452726661423464,1.0334083160014584,19.0,6.0,hap1+TNFA_NFKB1,hap1+TNFA,NFKB1,False,True,6
hap1+TNFA_NFKBIA,0.37606344,0.39674908,0.94786215,0.866938,0.2263382,0.8240694344148339,0.17953955050422382,0.8988017836308737,0.8938290755426375,1.0055633769635626,2385,1876,3.784116506576538,1.1791115999221802,3.209294557571411,,,,,,,,0.0,1.0,hap1+TNFA_NFKBIA,hap1+TNFA,NFKBIA,False,True,6
hap1+TNFA_NFKBIE,0.3834858,0.40425068,0.9486336,0.8657249,0.22464877,0.8291078633898441,0.19054964481751338,0.8977009318070209,0.8927404911078105,1.0055564195291007,2435,1816,1.7002902030944824,1.6653928756713867,1.0209543704986572,0.4781259298324585,0.3473828434944153,0.49615384615384617,0.3130769230769231,0.7150419388839337,0.7056295214418489,1.0133390357915468,13.0,12.0,hap1+TNFA_NFKBIE,hap1+TNFA,NFKBIE,False,True,6
hap1+TNFA_NKX3-1,0.38003683,0.40246743,0.9442673,0.8651401,0.23197107,0.8198600992283125,0.18797636207401242,0.8969397978868004,0.8914891204008732,1.0061141267584692,2376,1851,1.2408643960952759,1.3427377939224243,0.9241300821304321,-0.997107982635498,0.5857188701629639,-1.0,0.5,0.8048299190409318,0.7859615167810364,1.0240067762314526,1.0,2.0,hap1+TNFA_NKX3-1,hap1+TNFA,NKX3-1,False,True,6
hap1+TNFA_PDCD5,0.374569,0.4247243,0.8819109,0.8502178,0.31367305,0.7524155294647246,0.2703099463600431,0.8802305994746146,0.8716793469521996,1.0098100896302227,2545,1607,1.2506825923919678,1.4153743982315063,0.8836408257484436,0.013149507343769073,0.28913265466690063,0.026061556839549072,0.2353846153846154,0.532931753562095,0.5158660828759825,1.0330815908480946,18.0,7.0,hap1+TNFA_PDCD5,hap1+TNFA,PDCD5,False,True,6
hap1+TNFA_PIK3CA,0.3582556,0.41038463,0.8729752,0.86742496,0.38413417,0.7914924641088908,0.31268329539005907,0.8964639237513249,0.8841591783384158,1.0139168893049701,2566,1599,1.7206071615219116,2.136141300201416,0.8054744005203247,0.3118996322154999,0.41535893082618713,0.2712581963005429,0.48307692307692307,0.7162537892423761,0.7188563613693147,0.9963795658398555,16.0,9.0,hap1+TNFA_PIK3CA,hap1+TNFA,PIK3CA,False,True,6
hap1+TNFA_PTGS2,0.37746114,0.40079743,0.9417753,0.8642356,0.23310557,0.8116613546412877,0.19468700677045278,0.8956693954973944,0.8905037812034604,1.0058007774958047,2379,1820,1.4759331941604614,1.5731849670410156,0.9381815791130066,0.4254159927368164,0.2712993025779724,0.411764705882353,0.27941176470588236,0.7836083249989833,0.8087665277523916,0.9688931207089834,8.0,9.0,hap1+TNFA_PTGS2,hap1+TNFA,PTGS2,False,True,6
hap1+TNFA_RELB,0.37533954,0.39987,0.9386539,0.86682,0.2435601,0.8151784320862038,0.19599393793852396,0.8983556867877637,0.8924462696859313,1.0066215942657388,2418,1850,,,,,,,,,,,,,hap1+TNFA_RELB,hap1+TNFA,RELB,False,True,6
hap1+TNFA_REPIN1,0.37256455,0.39489776,0.9434456,0.8680753,0.23449472,0.8197540785950724,0.1834576575457776,0.8995075417972387,0.8940674884446842,1.006084611534212,2392,1882,,,,,,,,,,,,,hap1+TNFA_REPIN1,hap1+TNFA,REPIN1,False,True,6
hap1+TNFA_SOX4,0.36595824,0.39439607,0.92789525,0.86833584,0.25931507,0.8059498242625632,0.2223039555406917,0.8987079136869418,0.8924915427987499,1.0069651874444638,2475,1727,0.426212877035141,0.5507336258888245,0.7739002108573914,0.26138734817504883,0.3662897050380707,0.12076923076923077,0.30846153846153845,0.5891905539199813,0.555102534140174,1.0614085104702466,14.0,11.0,hap1+TNFA_SOX4,hap1+TNFA,SOX4,False,True,6
hap1+TNFA_SOX9,0.37882814,0.41611046,0.91040283,0.8574865,0.2738917,0.7807977783559805,0.24832904032308395,0.8885689098009089,0.8820238269191814,1.007420528427887,2533,1633,0.8375924825668335,1.1829555034637451,0.7080507278442383,-0.04371234029531479,0.6722781658172607,0.026928255931862554,0.6507692307692308,0.44808538114656016,0.40985999280786056,1.093264502536161,19.0,6.0,hap1+TNFA_SOX9,hap1+TNFA,SOX9,False,True,6
hap1+TNFA_TNFRSF1A,0.37851137,0.41441527,0.9133625,0.8601111,0.2887488,0.7761731556463108,0.2325004906204043,0.8901827726379534,0.8813982952046973,1.0099665241934874,2378,1783,1.5219883918762207,1.8536360263824463,0.8210826516151428,0.2825227975845337,0.37440556287765503,0.6566591630143813,0.40307692307692305,0.5276495792014151,0.5102033381540683,1.0341946822819073,18.0,7.0,hap1+TNFA_TNFRSF1A,hap1+TNFA,TNFRSF1A,False,False,6
hap1+TNFA_TNFRSF1B,0.37644306,0.3946605,0.9538402,0.86664444,0.21428907,0.8201266096251953,0.1810516834646163,0.8983845876243834,0.8940547230991588,1.004842952465164,2381,1890,,,,,,,,,,,,,hap1+TNFA_TNFRSF1B,hap1+TNFA,TNFRSF1B,False,False,6
hap1+TNFA_TRAF1,0.3744375,0.40263724,0.92996246,0.86480737,0.25276774,0.8013444973493429,0.20662765289370683,0.8956264293372878,0.8896297975523487,1.0067405923244002,2413,1782,0.3738357126712799,0.5765199065208435,0.6484350562095642,0.19835075736045837,0.7267280220985413,0.1776923076923077,0.21076923076923076,0.5280104930654624,0.48622814534184067,1.085931569622007,11.0,14.0,hap1+TNFA_TRAF1,hap1+TNFA,TRAF1,False,True,6
hap1+TNFA_TRAF2,0.37295637,0.401115,0.9297991,0.8663234,0.25730604,0.8125517481626335,0.21940579008227926,0.8973665709903108,0.8910938258502223,1.0070393767279258,2480,1742,0.29290688037872314,0.34844857454299927,0.8406028747558594,-0.3518761992454529,0.2250746637582779,-0.6,-0.19999999999999998,0.6969673119918891,0.7859328457150982,0.8868026267024609,4.0,1.0,hap1+TNFA_TRAF2,hap1+TNFA,TRAF2,False,True,6
hap1+TNFA_TRAF3,0.36778882,0.3956057,0.9296853,0.86945194,0.26139104,0.8231720337788068,0.22027157233060982,0.9003969813773687,0.8935973788421101,1.0076092462850208,2469,1796,0.5994514226913452,0.5206350684165955,1.1513850688934326,0.9168702960014343,0.08067844808101654,0.7857142857142859,-0.14285714285714288,0.9542957369236226,0.9372738076002716,1.0181611063760896,3.0,4.0,hap1+TNFA_TRAF3,hap1+TNFA,TRAF3,False,True,6
hap1+TNFA_ZFP36L1,0.3737546,0.3949279,0.94638693,0.8664994,0.23047411,0.8148868580223557,0.20135764280408824,0.897926394209496,0.8935875905744699,1.00485548778966,2443,1794,0.11547230184078217,0.5122342705726624,0.22542868554592133,,,,,,,,1.0,0.0,hap1+TNFA_ZFP36L1,hap1+TNFA,ZFP36L1,False,True,6
hap1+TNFA_ZNF22,0.3774438,0.40043163,0.9425923,0.86578155,0.23449971,0.8173148905498955,0.18511612068171124,0.897408532927838,0.8920054917229283,1.0060571837898369,2379,1842,,,,,,,,,,,,,hap1+TNFA_ZNF22,hap1+TNFA,ZNF22,False,True,6
hap1+TNFA_ZNF267,0.3707034,0.4129538,0.8976874,0.86121523,0.3044101,0.7807402581929574,0.2828033075557919,0.8913840568334912,0.8833652963452849,1.0090775135964498,2564,1593,0.7346714735031128,1.1433076858520508,0.6425842046737671,0.18603289127349854,0.6475855112075806,0.2640946325756684,0.6115384615384616,0.6036904389394572,0.6169413940401028,0.9785215334411743,21.0,4.0,hap1+TNFA_ZNF267,hap1+TNFA,ZNF267,False,True,6
ht29+IFNB_ADAR,0.01748701,0.25688156,0.06807421,0.99413073,0.9657943,0.8083633531670484,0.8415865754020999,0.9952461794503892,0.9272537103041341,1.0733267156450137,3397,734,0.094760000705719,0.8001089692115784,0.1184338703751564,0.8297606110572815,0.9755220413208008,0.7468221955347817,0.9223076923076923,0.9331104890761683,0.5787379868790398,1.612319409182302,16.0,9.0,ht29+IFNB_ADAR,ht29+IFNB,ADAR,True,False,6
ht29+IFNB_BRD9,0.013040156,0.2442368,0.05339145,0.995835,0.9736229,0.838824323198408,0.8870594782460324,0.9967155127987319,0.9348961948228974,1.0661242588408923,3601,598,,,,,,,,,,,,,ht29+IFNB_BRD9,ht29+IFNB,BRD9,True,False,6
ht29+IFNB_CRKL,0.015437735,0.25300798,0.06101679,0.9953111,0.97131026,0.8552839667243993,0.8461235097200196,0.9961762941378282,0.9305709086266287,1.070500146633664,3413,739,0.03700663149356842,0.8808015584945679,0.042014721781015396,0.7639185190200806,0.994810938835144,0.722831327085282,0.9646153846153847,0.9470849021095306,0.6190005314033318,1.530022760986006,19.0,6.0,ht29+IFNB_CRKL,ht29+IFNB,CRKL,True,False,6
ht29+INS_MTOR,0.019766029,0.23810767,0.08301299,0.9935992,0.95911616,0.870081678754556,0.830815174895706,0.9948385659035417,0.9342811480267457,1.0648171249143759,3435,800,0.026807527989149094,0.37249624729156494,0.0719672441482544,0.47791099548339844,0.980689287185669,0.41031574898788425,0.9453846153846153,0.8400004144970389,0.674572122971086,1.245234402508868,21.0,4.0,ht29+INS_MTOR,ht29+INS,MTOR,True,False,6
ht29+TNFA_MTOR,0.02096132,0.23661767,0.0885873,0.99350655,0.9578058,0.8633050671976543,0.8397993571611674,0.9947364118333355,0.9360158060996955,1.06273463049553,3411,725,0.042110227048397064,0.5639280080795288,0.07467305660247803,0.5142492055892944,0.9751076102256775,0.4981727347394573,0.9292307692307692,0.8790802782137989,0.6943583176369357,1.266032617288312,16.0,9.0,ht29+TNFA_MTOR,ht29+TNFA,MTOR,True,False,6
ht29+TNFA_TNFRSF1B,0.012760187,0.22705762,0.056198012,0.99584776,0.9716278,0.860084163829476,0.8620721023248568,0.9967581706414274,0.9406762788771081,1.0596186945749972,3544,729,0.0020445759873837233,0.8490672707557678,0.0024080260191112757,,,,,,,,1.0,0.0,ht29+TNFA_TNFRSF1B,ht29+TNFA,TNFRSF1B,True,False,6
k562+IFNB_BRD9,0.021167338,0.32068542,0.06600655,0.9930153,0.9686108,0.865968157225103,0.8582739713427378,0.9944985414041998,0.9044681673503872,1.0995395717657526,3534,716,0.026403451338410378,1.4673849364044145e-05,1799.3541259765625,1.0,-1.0,0.9999999999999999,-0.9999999999999999,0.9904159707047568,0.9997866904514116,0.9906272809628784,1.0,1.0,k562+IFNB_BRD9,k562+IFNB,BRD9,True,False,6
k562+IFNB_RNF114,0.022615878,0.32123718,0.07040243,0.99137545,0.9640144,0.864166613563701,0.8593661301619373,0.9932480161734678,0.9035722105722005,1.0992458649701928,3528,712,0.027037035673856735,1.3725082874298096,0.01969899609684944,,,,,,,,1.0,0.0,k562+IFNB_RNF114,k562+IFNB,RNF114,True,False,6
k562+IFNG_GUK1,0.038999178,0.4759043,0.08194752,0.9868331,0.9606644,0.8519360591455096,0.8398076878551438,0.9892097144269055,0.8539888814621556,1.158340273392356,3413,720,0.23793047666549683,2.320573329925537,0.10253090411424637,0.48686325550079346,0.959012508392334,0.4992307692307692,0.9638461538461539,0.8813880334024426,0.7453816598194624,1.1824654145849554,22.0,3.0,k562+IFNG_GUK1,k562+IFNG,GUK1,True,False,6
k562+IFNG_MAFB,0.020434823,0.46729106,0.043730397,0.992434,0.9780024,0.8772017961562124,0.8698864134291037,0.9939308632299773,0.860884525287604,1.1545460907174807,3478,681,0.14699886739253998,1.37662935256958,0.1067817360162735,,,,,,,,1.0,0.0,k562+IFNG_MAFB,k562+IFNG,MAFB,True,False,6
k562+IFNG_PRDM1,0.018702365,0.4585438,0.04078643,0.99312353,0.97932994,0.8646575169516088,0.8850369248952302,0.9945768223798548,0.8643644542662283,1.1506452139151946,3551,614,,,,,,,,,,,,,k562+IFNG_PRDM1,k562+IFNG,PRDM1,True,False,6
k562+INS_MTOR,0.09010359,0.47706732,0.18886976,0.9760947,0.9160725,0.8357533827824805,0.7493477606038437,0.9791061001846865,0.8497636012759416,1.1522099778274026,3143,942,0.5121001601219177,0.9568800330162048,0.5351769924163818,0.8630698919296265,0.874667763710022,0.5046691901233854,0.6138461538461538,0.8992500046272051,0.5909880331229121,1.5216044221324891,7.0,18.0,k562+INS_MTOR,k562+INS,MTOR,True,False,6
k562+TNFA_BATF,0.017546756,0.43146235,0.040668104,0.99397653,0.9797028,0.9053666496471005,0.8828187981404626,0.995317392550815,0.8732201845415867,1.139824078932996,3529,616,0.025700299069285393,0.003145023016259074,8.171736717224121,,,,,,,,0.0,1.0,k562+TNFA_BATF,k562+TNFA,BATF,True,False,6
k562+TNFA_TNFRSF1B,0.009839354,0.43018067,0.022872608,0.9963987,0.98845613,0.8811352760782367,0.9017212949281034,0.9971955195457821,0.8738566837536977,1.1411430936961835,3611,608,,,,,,,,,,,,,k562+TNFA_TNFRSF1B,k562+TNFA,TNFRSF1B,True,False,6
mcf7+IFNB_CRKL,0.017384516,0.24298613,0.0715453,0.9943024,0.96589804,0.8678985111151394,0.8383209041650539,0.995452624932012,0.9325548049789594,1.0674467812693023,3426,780,0.12139791250228882,0.5478062629699707,0.22160738706588745,0.8420959115028381,0.8722212910652161,0.6727272727272726,0.6922077922077923,0.8814281237920188,0.5044906431419216,1.747164463353701,16.0,5.0,mcf7+IFNB_CRKL,mcf7+IFNB,CRKL,True,False,6
mcf7+IFNB_RNF114,0.022223307,0.23883247,0.09304977,0.9924485,0.9533577,0.8316561236098085,0.8362007651297139,0.9940679825383876,0.9340819195834328,1.064219274238502,3440,784,0.02646769769489765,0.608078122138977,0.04352680593729019,0.7264246940612793,0.9786481857299805,0.6703296703296703,0.9560439560439561,0.9124285947117775,0.890927827675362,1.0241330064776581,12.0,1.0,mcf7+IFNB_RNF114,mcf7+IFNB,RNF114,True,False,6
mcf7+IFNB_STAT5A,0.0152759105,0.2369649,0.06446487,0.99483216,0.9679177,0.8538799969300682,0.8694150501269249,0.9959411931768001,0.9350251014338793,1.065149151236159,3589,672,0.007357897702604532,0.16293957829475403,0.04515721648931503,0.7698022127151489,0.9837874174118042,0.6,0.9736263736263736,0.9270327931734733,0.7276944758465285,1.2739313323700228,13.0,1.0,mcf7+IFNB_STAT5A,mcf7+IFNB,STAT5A,True,False,6
mcf7+IFNG_GUK1,0.024964362,0.3435105,0.07267423,0.9918229,0.96341133,0.8763899339911607,0.8733152760567853,0.9935756569970079,0.9048533320592649,1.0980516088014274,3590,646,0.054702334105968475,3.0344643592834473,0.018027015030384064,,,,,,,,1.0,0.0,mcf7+IFNG_GUK1,mcf7+IFNG,GUK1,True,False,6
mcf7+IFNG_IFNGR1,0.013780606,0.34975982,0.039400198,0.9954434,0.98060405,0.8628957453487793,0.8956722665840352,0.9964037774138939,0.9015068056139258,1.1052648423827962,3580,607,0.06984058022499084,0.3796258270740509,0.18397215008735657,0.9664385318756104,0.9289997816085815,0.9484615384615385,0.9307692307692308,0.9815536428697278,0.9131542347490086,1.0749045511895585,20.0,5.0,mcf7+IFNG_IFNGR1,mcf7+IFNG,IFNGR1,True,False,6
mcf7+IFNG_KIN,0.023359945,0.339636,0.06877936,0.99242216,0.96639824,0.804585598789938,0.8772009588698149,0.9939186002115139,0.9047736788272397,1.0985273151400947,3609,573,,,,,,,,,,,,,mcf7+IFNG_KIN,mcf7+IFNG,KIN,True,False,6
mcf7+INS_MTOR,0.02521795,0.30509982,0.08265475,0.9915688,0.9582243,0.8769422334732172,0.8583634716523315,0.9933282284777776,0.9138122993530892,1.0870156039494978,3549,626,0.16672897338867188,0.3495015501976013,0.4770478904247284,0.13797268271446228,0.671937108039856,0.6666666666666669,0.7857142857142858,0.5683768835077327,0.38767697681595603,1.466109460963841,6.0,2.0,mcf7+INS_MTOR,mcf7+INS,MTOR,True,False,6
mcf7+TNFA_BATF,0.037673403,0.24489921,0.15383227,0.98717237,0.92025656,0.8858214439980617,0.8031655476982473,0.9900052157065494,0.9318044766882154,1.0624602483400691,3438,779,0.02145092748105526,0.713184654712677,0.03007766231894493,0.9371655583381653,0.9765385985374451,0.8766233766233766,0.9675324675324675,0.9714414463200477,0.9275075409226139,1.0473677069554945,21.0,0.0,mcf7+TNFA_BATF,mcf7+TNFA,BATF,True,False,6
mcf7+TNFA_MTOR,0.032723125,0.24721326,0.132368,0.98877287,0.9327634,0.873444821574244,0.8226072415927239,0.9910985283406031,0.9295275650511882,1.0662389859154142,3390,732,0.03899543359875679,0.9419543743133545,0.04139843210577965,0.9302090406417847,0.9682577252388,0.9138461538461539,0.9700000000000001,0.9643952170474366,0.847987357878703,1.137275465355917,25.0,0.0,mcf7+TNFA_MTOR,mcf7+TNFA,MTOR,True,False,6
a549+IFNB_CEBPG,0.024058085,0.39533105,0.06085554,0.99280024,0.9695704,0.859167944648607,0.8708095540978849,0.9944710055064807,0.9041377495862889,1.0999109438374033,3552,716,,,,,,,,,,,,,a549+IFNB_CEBPG,a549+IFNB,CEBPG,True,False,7
a549+IFNB_CRKL,0.06278804,0.3955126,0.15875104,0.98572934,0.9323601,0.8429276687008813,0.8002548228194405,0.988233726047774,0.8868735084048738,1.1142893734927388,3353,886,0.4002766013145447,1.0794464349746704,0.37081655859947205,0.6541742086410522,0.9445022940635681,0.5346153846153846,0.9192307692307692,0.9091960803240589,0.7116309996764788,1.2776229264006163,19.0,6.0,a549+IFNB_CRKL,a549+IFNB,CRKL,True,False,7
a549+IFNB_FOS,0.021253578,0.38985088,0.0545172,0.99353707,0.97278595,0.8602828793408017,0.8679528516997762,0.9950253892682169,0.9031175059886897,1.1017673588099823,3593,680,,,,,,,,,,,,,a549+IFNB_FOS,a549+IFNB,FOS,True,False,7
a549+IFNB_IFI16,0.0852815,0.38351366,0.22236887,0.98157424,0.9067198,0.8313554804165274,0.7827881745632382,0.9845083792447097,0.8837335219929667,1.114033082081665,3371,856,0.5244157910346985,1.4313358068466187,0.36638209223747253,0.9170494079589844,0.8512110710144043,0.6667949704806252,0.8861538461538463,0.9465727558232044,0.7696989607928115,1.2297960683852398,17.0,8.0,a549+IFNB_IFI16,a549+IFNB,IFI16,True,False,7
a549+IFNB_MYC,0.029669195,0.39754593,0.074630864,0.99153167,0.9640037,0.8191175668638845,0.8657943621702865,0.9934318390066393,0.9018310916116021,1.101571955377302,3577,690,0.1555229127407074,2.7807211875915527,0.05592898651957512,,,,,,,,1.0,0.0,a549+IFNB_MYC,a549+IFNB,MYC,True,False,7
a549+IFNG_IFI16,0.17763144,0.46335372,0.38336033,0.964066,0.8378405,0.7926646450363638,0.6594913318478408,0.9691009285306067,0.8507066174753941,1.1391717292696821,2843,940,1.1341662406921387,1.4265576601028442,0.7950370907783508,0.5723236203193665,0.8876463770866394,0.5420350824599907,0.8607692307692307,0.833344821346941,0.7341848433707162,1.1350613253209796,10.0,15.0,a549+IFNG_IFI16,a549+IFNG,IFI16,True,False,7
a549+IFNG_MYC,0.023803927,0.38381743,0.06201888,0.9936835,0.9720465,0.8287361240249727,0.8732856464980283,0.9950730052891626,0.9037621594573187,1.1010341547013578,3494,649,,,,,,,,,,,,,a549+IFNG_MYC,a549+IFNG,MYC,True,False,7
a549+IFNG_PTGES3,0.045747865,0.35191688,0.12999623,0.9865016,0.93889964,0.8448139323366981,0.8175780458057266,0.9891530439641198,0.9007628654701608,1.0981281332549417,3316,780,0.29515931010246277,0.5479322671890259,0.5386784672737122,0.8082386255264282,0.8945605754852295,0.7938461538461539,0.8553846153846153,0.9093346496116064,0.6688520561998599,1.3595452704116198,17.0,8.0,a549+IFNG_PTGES3,a549+IFNG,PTGES3,True,False,7
a549+IFNG_SP110,0.036756482,0.369348,0.09951721,0.989339,0.95337677,0.8526101245207823,0.8370270354970221,0.9914196056623399,0.8982931111894047,1.1036704983183374,3348,742,0.25439688563346863,0.73209547996521,0.34749141335487366,0.8163139224052429,0.9221403002738953,0.586923076923077,0.8315384615384616,0.9190784186752667,0.8080836270180869,1.137355575519779,19.0,6.0,a549+IFNG_SP110,a549+IFNG,SP110,True,False,7
a549+INS_FOS,0.028852765,0.3165317,0.09115285,0.99116087,0.95358354,0.8544639930686444,0.8259601224344816,0.9931841058596668,0.9234014193903715,1.0755713441672698,3415,750,,,,,,,,,,,,,a549+INS_FOS,a549+INS,FOS,True,False,7
a549+TGFB_CHUK,0.015205118,0.3622739,0.04197133,0.99537516,0.9806938,0.8616326208748097,0.8611259858030608,0.9963116044205391,0.9078524915599128,1.0974377596393792,3476,697,0.0718376487493515,0.5396566987037659,0.13311731815338135,0.8551482558250427,0.9765785932540894,0.838622827592291,0.916923076923077,0.9607075185805578,0.5948187978892353,1.6151263577911619,15.0,10.0,a549+TGFB_CHUK,a549+TGFB,CHUK,True,False,7
a549+TGFB_MAPK1,0.017506056,0.36497775,0.047964722,0.99479365,0.97797036,0.8672097175679632,0.8600144125717066,0.9958523430567002,0.9071958242944772,1.0977258893703252,3460,716,0.17357498407363892,0.786075234413147,0.22081217169761658,0.983424961566925,0.9004570245742798,0.8823076923076922,0.9092307692307693,0.984236885866769,0.8100984422021399,1.2149596081079455,19.0,6.0,a549+TGFB_MAPK1,a549+TGFB,MAPK1,True,False,7
a549+TGFB_PAK1,0.0075284475,0.35357976,0.021292077,0.99776113,0.99021393,0.8911711312039541,0.905288763816288,0.9982827488000301,0.9142689976318182,1.0918917204737644,3674,594,,,,,,,,,,,,,a549+TGFB_PAK1,a549+TGFB,PAK1,True,False,7
a549+TGFB_RUNX2,0.011028474,0.35658297,0.030928213,0.997378,0.98687714,0.8407250887169538,0.8962091906017685,0.9979575139314976,0.9108894414639788,1.0955857741940485,3617,582,,,,,,,,,,,,,a549+TGFB_RUNX2,a549+TGFB,RUNX2,True,False,7
a549+TNFA_BIRC3,0.018207379,0.23580278,0.077214435,0.9945076,0.9617054,0.8694114800041923,0.8561557188934187,0.9958026015873308,0.9433956929431538,1.0555513545760218,3381,674,1.2350102663040161,0.2917930483818054,4.232486724853516,1.0,1.0,0.9999999999999999,0.9999999999999999,0.9999603025686437,0.9978059270548145,1.0021591127647318,2.0,0.0,a549+TNFA_BIRC3,a549+TNFA,BIRC3,True,False,7
a549+TNFA_CASP8,0.02314727,0.24001619,0.09644045,0.99218166,0.9503861,0.7963042227463539,0.834856946781639,0.9938473949150771,0.9335939760003771,1.064539211331282,3364,651,0.07394295930862427,0.7501667141914368,0.09856870025396347,0.5611351728439331,0.9510737061500549,0.5697249576441206,0.9269230769230768,0.8340440600400436,0.5559353802094757,1.5002536081185853,20.0,5.0,a549+TNFA_CASP8,a549+TNFA,CASP8,True,False,7
a549+TNFA_CHUK,0.015920706,0.22819087,0.06976925,0.99486315,0.9650958,0.846687697167887,0.8518336967965934,0.9960179696635555,0.9414471178357154,1.057964861534966,3374,651,0.05383635684847832,0.6672495007514954,0.08068399876356125,0.9586763978004456,0.9718846082687378,0.8784615384615384,0.8938461538461538,0.9615361548340027,0.7120637780246859,1.3503511686851568,20.0,5.0,a549+TNFA_CHUK,a549+TNFA,CHUK,True,False,7
a549+TNFA_CSF2,0.027183697,0.23540603,0.11547579,0.99168354,0.9413718,0.860597484853795,0.8379925805721039,0.9936186507004784,0.9435422603156877,1.0530727583606443,3389,697,0.02618228644132614,0.001974165439605713,13.262457847595215,,,,,,,,1.0,0.0,a549+TNFA_CSF2,a549+TNFA,CSF2,True,False,7
a549+TNFA_MYC,0.03219078,0.2411338,0.1334976,0.9908935,0.9361166,0.8243913805095725,0.8279895247999913,0.9929233895872145,0.9419032883184815,1.054167027444841,3378,691,,,,,,,,,,,,,a549+TNFA_MYC,a549+TNFA,MYC,True,False,7
bxpc3+IFNG_IFI16,0.041318282,0.3060977,0.13498397,0.9882022,0.93818724,0.8525360371636207,0.774898682221197,0.9904485522124713,0.9124110574100002,1.0855288788629884,3199,838,0.40891706943511963,0.6277990937232971,0.651350200176239,0.9554640650749207,0.8395368456840515,0.6142006026220165,0.9353846153846154,0.9445416772402284,0.516100999525618,1.8301489012972616,15.0,10.0,bxpc3+IFNG_IFI16,bxpc3+IFNG,IFI16,True,False,7
bxpc3+IFNG_MYC,0.030059485,0.3052018,0.09849052,0.99413025,0.95966166,0.8337051147253348,0.8347373320373398,0.9953271789476239,0.9271395193188133,1.0735462767016009,3385,735,0.009610888548195362,0.15399345755577087,0.06241101771593094,-0.11288179457187653,0.968895435333252,0.2842854447663775,0.8946153846153846,0.6183009431257661,0.45454084251511495,1.3602758768706371,20.0,5.0,bxpc3+IFNG_MYC,bxpc3+IFNG,MYC,True,False,7
bxpc3+IFNG_PPARG,0.094471976,0.31571367,0.29923308,0.97898704,0.87338996,0.8338960967516837,0.670061825305335,0.9821067699155955,0.905165767660396,1.0850021123247633,2916,1099,0.23559704422950745,0.7167148590087891,0.3287179470062256,0.11477280408143997,0.9327568411827087,0.1512843136776238,0.9015384615384615,0.736359960075706,0.5358099050734437,1.374293295258834,14.0,11.0,bxpc3+IFNG_PPARG,bxpc3+IFNG,PPARG,True,False,7
bxpc3+IFNG_SP110,0.047485225,0.31349492,0.15147048,0.9860055,0.928878,0.837624999083837,0.7624229017313455,0.9886685604275768,0.9120606456288314,1.083994321173596,3136,889,0.18782232701778412,0.8411592245101929,0.2232898622751236,0.6938486099243164,0.9486243724822998,0.4152219787527088,0.8930769230769231,0.9060009779113741,0.6891837208352678,1.3146000848849577,14.0,11.0,bxpc3+IFNG_SP110,bxpc3+IFNG,SP110,True,False,7
bxpc3+INS_CHUK,0.026027245,0.28057444,0.09276414,0.9919237,0.9528656,0.883959992500633,0.8247529651636083,0.9938567002364147,0.9300482681996473,1.0686076564179678,3500,792,0.5433723330497742,0.5473044514656067,0.9928154945373535,0.3218655586242676,0.20842623710632324,0.5354876036736097,0.11076923076923079,0.5147081913536158,0.5602347265448548,0.9187366776207972,15.0,10.0,bxpc3+INS_CHUK,bxpc3+INS,CHUK,True,False,7
bxpc3+INS_FOS,0.022484409,0.27746245,0.08103586,0.992917,0.9588639,0.8862713202319099,0.8264207610186607,0.9946370207150936,0.931236574926429,1.0680819970947484,3505,836,0.07047706842422485,0.10994940996170044,0.640995442867279,-0.03770352900028229,0.6404106616973877,0.4061538461538462,0.7207692307692307,0.40412918614179594,0.6101979337154048,0.6622919610381393,18.0,7.0,bxpc3+INS_FOS,bxpc3+INS,FOS,True,False,7
bxpc3+TGFB_FOS,0.031702068,0.25940016,0.12221298,0.9897379,0.9391663,0.8389965609700338,0.7762767949426831,0.9917904670984685,0.9298516956675879,1.066611451825564,3009,799,0.32469111680984497,0.24715299904346466,1.313725233078003,0.30843865871429443,0.3326742649078369,0.22360679774997896,0.49999999999999994,0.6419816026268858,0.7901197177206731,0.8125118108416098,3.0,2.0,bxpc3+TGFB_FOS,bxpc3+TGFB,FOS,True,False,7
bxpc3+TGFB_PAK1,0.026071563,0.25667256,0.10157519,0.9916632,0.9478015,0.8691075100530776,0.8302876132207077,0.993665292903824,0.9362430447258794,1.061332629920639,3259,676,,,,,,,,,,,,,bxpc3+TGFB_PAK1,bxpc3+TGFB,PAK1,True,False,7
bxpc3+TGFB_RUNX2,0.027429877,0.2613926,0.10493747,0.9918947,0.94781613,0.8259868424364877,0.8158332144968948,0.9937429304692179,0.9315859541391371,1.066721676141542,3167,670,,,,,,,,,,,,,bxpc3+TGFB_RUNX2,bxpc3+TGFB,RUNX2,True,False,7
bxpc3+TGFB_SMAD6,0.024611006,0.2586247,0.09516108,0.99262583,0.95319235,0.845579536438303,0.827204088404965,0.9943652537475034,0.9349544634430749,1.0635440469321271,3227,666,,,,,,,,,,,,,bxpc3+TGFB_SMAD6,bxpc3+TGFB,SMAD6,True,False,7
hap1+IFNB_CEBPG,0.02099672,0.34039274,0.061683808,0.99311876,0.9689302,0.8764902322741728,0.88567072426014,0.9947093523250716,0.9103515798485675,1.092665047596816,3629,623,0.025998424738645554,0.0035990262404084206,7.223738670349121,-1.0,-1.0,-0.9999999999999999,-0.9999999999999999,0.8060517035576072,0.6306684833957839,1.2780909856434977,1.0,1.0,hap1+IFNB_CEBPG,hap1+IFNB,CEBPG,True,False,7
hap1+IFNB_FOS,0.019683762,0.34311014,0.057368636,0.9935428,0.97118926,0.8688141059756946,0.8705417127213785,0.9950174375632939,0.9088848420388704,1.094767336345059,3494,687,0.08099304139614105,0.751658022403717,0.10775251686573029,0.983690083026886,0.865907609462738,0.8999999999999998,0.7,0.9888055134724059,0.9041546281473177,1.0936243455376038,4.0,1.0,hap1+IFNB_FOS,hap1+IFNB,FOS,True,False,7
hap1+IFNB_IFI16,0.0272953,0.33932486,0.08044003,0.992257,0.963813,0.8466276494692021,0.8403090100379572,0.993656377053015,0.9028355336977238,1.1005951139110777,3339,765,0.2034834623336792,1.2512997388839722,0.16261768341064453,0.7743498682975769,0.8994265794754028,0.739900016292119,0.8638461538461538,0.8899836150534722,0.6618735836568335,1.3446429001386293,18.0,7.0,hap1+IFNB_IFI16,hap1+IFNB,IFI16,True,False,7
hap1+IFNB_MYC,0.028495211,0.34174722,0.08338096,0.9917463,0.9609334,0.8393167361882633,0.8705802704463328,0.9935233372657613,0.9105261462025122,1.0911530013821147,3570,709,,,,,,,,,,,,,hap1+IFNB_MYC,hap1+IFNB,MYC,True,False,7
hap1+IFNG_IFI16,0.08971248,0.3844623,0.23334531,0.97734666,0.89170873,0.7967230444597518,0.7047496731427039,0.9807298092539298,0.8780604825995089,1.1169273970176488,3105,946,0.8321122527122498,2.3100104331970215,0.36022013425827026,0.5450810194015503,0.940971314907074,0.61,0.9453846153846153,0.8771370193295537,0.6462355580007629,1.3573023156496105,17.0,8.0,hap1+IFNG_IFI16,hap1+IFNG,IFI16,True,False,7
hap1+IFNG_PTGES3,0.04718994,0.34784618,0.13566324,0.98366654,0.93119705,0.8251718939031275,0.7821795744678569,0.9867964819395866,0.8970696824754105,1.100022106662417,3292,814,0.23628884553909302,1.399851679801941,0.1687956303358078,0.5432602763175964,0.9549152851104736,0.6023076923076923,0.8730769230769231,0.8806530684933936,0.6332903088256335,1.3905993131751326,17.0,8.0,hap1+IFNG_PTGES3,hap1+IFNG,PTGES3,True,False,7
hap1+INS_CHUK,0.01366454,0.35995513,0.037961785,0.9955675,0.9812547,0.8693448364188342,0.897775996659598,0.996550856107241,0.9027199663428979,1.1039424110053433,3609,617,0.10054022818803787,0.07860536128282547,1.2790504693984985,0.9237928986549377,0.09230025857686996,0.8214285714285715,0.4642857142857144,0.7863525222040002,0.7278023845578555,1.0804478508018551,5.0,2.0,hap1+INS_CHUK,hap1+INS,CHUK,True,False,7
hap1+INS_FOS,0.013799661,0.35793418,0.03855363,0.9954262,0.98070914,0.8811968933521747,0.9025086637780643,0.9964571553181033,0.9034298892602527,1.1029712069123851,3665,601,0.08921932429075241,0.7237774729728699,0.12326899915933609,0.991311252117157,0.9991217255592346,1.0,1.0,0.9974992083404594,0.963520725667809,1.0352649214152607,2.0,1.0,hap1+INS_FOS,hap1+INS,FOS,True,False,7
hap1+INS_MAPK1,0.010400822,0.35671666,0.029157097,0.9965165,0.9853225,0.8949204680020134,0.9147901513872962,0.9972991365164934,0.9033146162232409,1.1040440601816028,3694,563,0.239762544631958,0.5823108553886414,0.4117432236671448,0.999262809753418,0.6673048734664917,0.4666666666666666,0.5272727272727272,0.9983448602692252,0.8504357699175734,1.17392153009508,7.0,3.0,hap1+INS_MAPK1,hap1+INS,MAPK1,True,False,7
hap1+TGFB_CHUK,0.013361688,0.23138545,0.057746448,0.9956856,0.9716313,0.8650730492360453,0.866586159815832,0.9966319637529707,0.9379588640237311,1.0625540223347738,3402,659,0.030144482851028442,0.2615346312522888,0.11526000499725342,-1.0,1.0,-0.9999999999999999,0.9999999999999999,0.9732928293984323,0.8794218312206654,1.1067417192128048,2.0,0.0,hap1+TGFB_CHUK,hap1+TGFB,CHUK,True,False,7
hap1+TGFB_MAPK1,0.011474308,0.2304585,0.04978904,0.99614817,0.9749305,0.8776888498157724,0.866905624487401,0.9970103594879978,0.9381137290468377,1.0627819726090157,3417,633,1.339979648590088,1.649797797203064,0.8122084140777588,,,,,,,,1.0,0.0,hap1+TGFB_MAPK1,hap1+TGFB,MAPK1,True,False,7
hap1+TGFB_MYC,0.02376474,0.23052359,0.10309028,0.99406064,0.95629287,0.818762712854558,0.8187961707324223,0.9950996916809337,0.939520189512189,1.0591573260363913,3333,816,,,,,,,,,,,,,hap1+TGFB_MYC,hap1+TGFB,MYC,True,False,7
hap1+TGFB_RUNX2,0.020399138,0.23269646,0.08766416,0.99570024,0.9643275,0.8237762830414387,0.8278835424452805,0.9964956291909463,0.9376791591666073,1.0627255809722955,3315,742,,,,,,,,,,,,,hap1+TGFB_RUNX2,hap1+TGFB,RUNX2,True,False,7
hap1+TGFB_SMAD6,0.014194095,0.23012339,0.061680365,0.9958789,0.9720019,0.8480831983663865,0.8505801281433901,0.9967107647680812,0.9388699294993815,1.0616068674172376,3343,739,0.5165033936500549,1.9915505647659302,0.2593473792076111,,,,,,,,1.0,0.0,hap1+TGFB_SMAD6,hap1+TGFB,SMAD6,True,False,7
hap1+TNFA_CASP8,0.019722309,0.41053995,0.048039924,0.9932738,0.97538584,0.7770661469461922,0.8674174593591187,0.9946341005017897,0.8827451183046737,1.1267511763893983,3497,658,0.0572320930659771,2.174164056777954,0.026323722675442696,0.5192037224769592,0.9809411764144897,0.5707139688271474,0.976923076923077,0.8537128595453264,0.7167352000200028,1.191113342168071,23.0,2.0,hap1+TNFA_CASP8,hap1+TNFA,CASP8,True,False,7
hap1+TNFA_CHUK,0.013859821,0.40217394,0.034462254,0.9954098,0.98264194,0.8498161433370962,0.9018228622015702,0.9964045347675098,0.8901047000232988,1.1194239674741955,3593,607,0.09812262654304504,0.23023094236850739,0.42619216442108154,0.8860975503921509,0.896957278251648,0.91,0.9615384615384615,0.9605649043953993,0.6929528306896375,1.3861908947531538,21.0,4.0,hap1+TNFA_CHUK,hap1+TNFA,CHUK,True,False,7
hap1+TNFA_CSF2,0.021685962,0.39395085,0.055047378,0.99307877,0.97313625,0.8427587748419341,0.8791378880150614,0.9945523913383075,0.8945516473287426,1.111788675710543,3612,674,,,,,,,,,,,,,hap1+TNFA_CSF2,hap1+TNFA,CSF2,True,False,7
hap1+TNFA_MYC,0.026380323,0.3941385,0.066931605,0.9932432,0.9711232,0.7958796834942237,0.8655372806954865,0.9944670860145552,0.8940943420902261,1.112261915996109,3554,720,,,,,,,,,,,,,hap1+TNFA_MYC,hap1+TNFA,MYC,True,False,7
hap1+TNFA_TRAF2,0.013882132,0.401115,0.03460886,0.9953317,0.98250353,0.8508172540607306,0.8978544073240785,0.996360589600307,0.8910938258502223,1.118132076215034,3625,597,0.07532874494791031,0.34844857454299927,0.21618324518203735,0.9289785027503967,0.8557866811752319,0.8999999999999998,0.8999999999999998,0.9544578800108325,0.7859328457150982,1.2144267607780128,4.0,1.0,hap1+TNFA_TRAF2,hap1+TNFA,TRAF2,True,False,7
ht29+IFNB_CEBPG,0.017369872,0.24812259,0.0700052,0.99433464,0.9647131,0.8475886812002486,0.8714205132828359,0.9955418087242537,0.9342553617291024,1.0655992456727499,3543,647,,,,,,,,,,,,,ht29+IFNB_CEBPG,ht29+IFNB,CEBPG,True,False,7
ht29+IFNB_FOS,0.017397808,0.24915493,0.069827266,0.9942539,0.96444345,0.8384743740932904,0.855059700561,0.9954891956192077,0.9330889974302088,1.0668748622702158,3492,696,0.0414971262216568,0.9672659039497375,0.04290146753191948,0.518661379814148,0.9965363144874573,0.0,0.9999999999999999,0.8685305280111705,0.7511780246628496,1.1562246225200639,3.0,2.0,ht29+IFNB_FOS,ht29+IFNB,FOS,True,False,7
ht29+IFNB_SP110,0.018193979,0.25094867,0.072500795,0.99398625,0.9629719,0.8579668993967691,0.8621577325372665,0.9952801760751193,0.9325816069588072,1.0672311877571499,3480,690,0.04745299741625786,0.3172147870063782,0.14959263801574707,0.7604033946990967,0.9445628523826599,0.72,0.8907692307692309,0.8048642346983448,0.7062015230511759,1.1397090043375893,16.0,9.0,ht29+IFNB_SP110,ht29+IFNB,SP110,True,False,7
ht29+IFNG_PPARG,0.062447533,0.2821231,0.22134854,0.9826716,0.89629173,0.8278521717768699,0.7549399098774494,0.9853464111178124,0.9148116753047292,1.077103012256143,3191,855,0.2494560182094574,1.2827218770980835,0.1944739669561386,0.17098481953144073,0.938270092010498,0.32868679894655173,0.8761538461538461,0.7261148201622264,0.6334545250446977,1.1462777381075469,15.0,10.0,ht29+IFNG_PPARG,ht29+IFNG,PPARG,True,False,7
ht29+IFNG_PTGES3,0.03417986,0.27121666,0.12602419,0.98853546,0.9348521,0.836878132957745,0.8399558405625167,0.990838536735337,0.9244559281513216,1.0718072182378275,3408,674,0.09466493874788284,1.2841328382492065,0.07371895760297775,0.6862584948539734,0.9582114219665527,0.693076923076923,0.9638461538461539,0.8214922531903328,0.49134004047855717,1.6719424136290884,21.0,4.0,ht29+IFNG_PTGES3,ht29+IFNG,PTGES3,True,False,7
ht29+IFNG_SP110,0.05328164,0.2745658,0.19405782,0.98445594,0.90689707,0.8307713087777525,0.7843825578360446,0.9870729865767128,0.917652892172635,1.0756496219825764,3232,829,0.15422426164150238,1.471376657485962,0.10481630265712738,0.28153321146965027,0.9694879651069641,0.4592307692307693,0.9346153846153846,0.8502840940642584,0.7912485967255014,1.0746105554980687,18.0,7.0,ht29+IFNG_SP110,ht29+IFNG,SP110,True,False,7
ht29+INS_CHUK,0.020283174,0.2314971,0.087617405,0.99315536,0.95510936,0.8498506779453774,0.8609622420378895,0.9946375781588396,0.9370480518712536,1.0614584558097973,3618,684,0.03923635557293892,0.14083094894886017,0.2786060571670532,0.4422672390937805,0.8123815655708313,0.7484615384615385,0.8784615384615384,0.5622057380506621,0.620881985782326,0.905495329103919,18.0,7.0,ht29+INS_CHUK,ht29+INS,CHUK,True,False,7
ht29+TGFB_AKT1,0.23133746,0.21840127,1.0592313,0.9216555,-0.09875629,0.8579730016775741,0.03455646598319424,0.9395787362940933,0.9432061076095489,0.9961542113794738,2221,1899,,,,,,,,,,,,,ht29+TGFB_AKT1,ht29+TGFB,AKT1,False,True,7
ht29+TGFB_ATF2,0.22185786,0.22038887,1.0066655,0.9240724,0.06072392,0.829095420641501,0.17851977845750847,0.94070348535084,0.9408545308176023,0.9998394592768438,2402,1648,0.867077648639679,0.8848749995231628,0.9798871874809265,0.7172632813453674,-0.1382904052734375,0.8666666666666667,0.06666666666666667,0.8786961473713445,0.8790218277233364,0.9996294968546624,6.0,3.0,ht29+TGFB_ATF2,ht29+TGFB,ATF2,False,True,7
ht29+TGFB_CHUK,0.23394622,0.22814956,1.0254073,0.9183923,0.016934505,0.8225027866969602,0.11845301550572924,0.9358992655507536,0.9375379397150112,0.9982521516251858,2322,1726,0.5441281795501709,0.6356189846992493,0.8560603260993958,0.23708947002887726,0.0829114317893982,0.3876923076923077,-0.03,0.7526119935271407,0.7997506664991485,0.9410582886059302,19.0,6.0,ht29+TGFB_CHUK,ht29+TGFB,CHUK,False,False,7
ht29+TGFB_CREBBP,0.21811555,0.21578571,1.010797,0.9269819,0.06511929,0.8371404761242158,0.17901635371397526,0.943381075584839,0.9434724901990663,0.999903108341603,2402,1658,0.18668913841247559,0.2619726359844208,0.7126283645629883,0.4342803657054901,0.4385089874267578,0.3681318681318681,0.7582417582417583,0.6129540200459594,0.6735669389563355,0.9100120338383988,10.0,3.0,ht29+TGFB_CREBBP,ht29+TGFB,CREBBP,False,True,7
ht29+TGFB_CUL1,0.21940926,0.24899046,0.8811954,0.9112307,0.24377958,0.7663491361118295,0.4322980758677381,0.9282672763111705,0.9241527465897785,1.0044522182470106,2892,1090,0.7466692924499512,1.1550334692001343,0.6464481949806213,-0.033909015357494354,0.5728864073753357,-0.08404541953790112,0.5969230769230769,0.5577421632468401,0.6167518686167243,0.9043218052954854,22.0,3.0,ht29+TGFB_CUL1,ht29+TGFB,CUL1,False,True,7
ht29+TGFB_EP300,0.22496355,0.230692,0.9751684,0.92075086,0.12834574,0.8012299954191966,0.2814260136708631,0.9371154448364756,0.9351053960279934,1.002149542518972,2627,1406,0.38851261138916016,0.6121891140937805,0.634628415107727,0.35902687907218933,0.5326669216156006,0.3646855231915101,0.6038461538461538,0.7828002480387304,0.822147263931419,0.9521411581368824,22.0,3.0,ht29+TGFB_EP300,ht29+TGFB,EP300,False,True,7
ht29+TGFB_FOS,0.2316918,0.2212252,1.0473119,0.92085737,-0.032926816,0.8343920844465641,0.059345321254968664,0.9383849760071243,0.9411746522080833,0.9970359633098765,2237,1842,0.06973844766616821,0.10231344401836395,0.6816156506538391,0.1429532766342163,0.6652185320854187,0.19999999999999998,0.8999999999999998,0.6593261736948511,0.6932571711825364,0.9510556848192326,5.0,0.0,ht29+TGFB_FOS,ht29+TGFB,FOS,False,False,7
ht29+TGFB_FOXP2,0.22151357,0.2212417,1.0012288,0.9243158,0.07355871,0.833077503894556,0.17172353383623667,0.9409545040838839,0.9408476233476459,1.0001136004742806,2391,1673,0.01606113463640213,0.0893680527806282,0.1797189712524414,0.9676839709281921,0.9911825656890869,1.0,1.0,0.9723648090624396,0.8966837688715745,1.0844010372643473,3.0,0.0,ht29+TGFB_FOXP2,ht29+TGFB,FOXP2,False,True,7
ht29+TGFB_HDAC4,0.22803506,0.22744465,1.0025959,0.92217577,0.09138657,0.8123266454196534,0.24169303421142385,0.9388468200213612,0.9378769671539493,1.0010340939178355,2554,1481,0.6008198261260986,0.8414596319198608,0.7140209674835205,0.6447837352752686,0.39513009786605835,-0.003076923076923077,0.3507692307692308,0.7210623386887408,0.7052345126753584,1.0224433514368694,21.0,4.0,ht29+TGFB_HDAC4,ht29+TGFB,HDAC4,False,True,7
ht29+TGFB_HDAC5,0.21990484,0.21614152,1.0174114,0.92568225,0.04217437,0.8465140974990947,0.09657017280813925,0.942732338493503,0.9439725482872761,0.9986861802326527,2251,1900,,,,,,,,,,,,,ht29+TGFB_HDAC5,ht29+TGFB,HDAC5,False,True,7
ht29+TGFB_HRAS,0.21805723,0.21442086,1.0169591,0.926276,0.048594374,0.8522172862017845,0.08944829987859779,0.9432125625042547,0.9444405047478137,0.9986998204361355,2277,1934,,,,,,,,,,,,,ht29+TGFB_HRAS,ht29+TGFB,HRAS,False,True,7
ht29+TGFB_IKBKB,0.22206934,0.23588775,0.94141954,0.91956764,0.19176276,0.8113422084355514,0.31360377389948174,0.9359381935844597,0.9323853865912279,1.003810449031404,2677,1345,0.6786677837371826,0.9231008887290955,0.7352043390274048,0.24382123351097107,0.3369818925857544,0.09017357778902937,0.3661538461538461,0.6689482295978887,0.6836745595882974,0.9784600292875067,23.0,2.0,ht29+TGFB_IKBKB,ht29+TGFB,IKBKB,False,True,7
ht29+TGFB_IRF7,0.23410252,0.21805318,1.0736029,0.9202956,-0.1495578,0.8515678670631908,0.029866619150374935,0.9384098170611052,0.942858905705362,0.9952812784422623,2227,1871,,,,,,,,,,,,,ht29+TGFB_IRF7,ht29+TGFB,IRF7,False,True,7
ht29+TGFB_JUN,0.23598619,0.21976726,1.0738004,0.91926205,-0.14010814,0.8505284482286634,0.02073062524595172,0.9374991871731446,0.9420086253996446,0.9952129544200439,2188,1904,0.008234068751335144,0.005856519099324942,1.4059664011001587,1.0,1.0,0.9999999999999999,0.9999999999999999,0.9991853899607075,0.9987848269458427,1.0004010503604561,0.0,2.0,ht29+TGFB_JUN,ht29+TGFB,JUN,False,True,7
ht29+TGFB_KRAS,0.21913743,0.21418889,1.0231036,0.9260031,0.022868764,0.8519905391482143,0.10084999322671047,0.9430074609073442,0.9444974232915205,0.9984224812610034,2321,1848,,,,,,,,,,,,,ht29+TGFB_KRAS,ht29+TGFB,KRAS,False,True,7
ht29+TGFB_MAP3K7,0.23063672,0.21918301,1.0522563,0.9217439,-0.034325756,0.8557077198658589,0.07083880003522887,0.9394369382067395,0.9426657271077488,0.9965748315567643,2263,1849,,,,,,,,,,,,,ht29+TGFB_MAP3K7,ht29+TGFB,MAP3K7,False,True,7
ht29+TGFB_MAPK1,0.23634414,0.2320105,1.0186787,0.91750014,0.038666263,0.8306903292209357,0.10758162403403278,0.9351192260557076,0.9363635335552513,0.9986711277672048,2283,1753,0.8834604620933533,1.0009968280792236,0.8825806975364685,0.2576834559440613,0.22770379483699799,0.4684615384615385,0.28076923076923077,0.5233268778241401,0.5063924146302944,1.0334413840029757,17.0,8.0,ht29+TGFB_MAPK1,ht29+TGFB,MAPK1,False,False,7
ht29+TGFB_MAPK3,0.22311284,0.21899673,1.0187953,0.9241304,0.06481036,0.8457810550513419,0.10770760402476943,0.9412062890850438,0.9424267069405929,0.9987050262407026,2260,1832,,,,,,,,,,,,,ht29+TGFB_MAPK3,ht29+TGFB,MAPK3,False,True,7
ht29+TGFB_MAPK14,0.233377,0.21596895,1.0806044,0.92052263,-0.14612398,0.8491440082527709,0.0033419026028037122,0.9385717519766853,0.9433622475444673,0.9949218917968665,2189,1907,,,,,,,,,,,,,ht29+TGFB_MAPK14,ht29+TGFB,MAPK14,False,True,7
ht29+TGFB_MED15,0.22821507,0.22060883,1.0344784,0.92426836,0.016683865,0.8295582669936238,0.16543913895864162,0.9414658840200345,0.9424609622035407,0.9989441703970638,2427,1661,0.3706510663032532,0.352110356092453,1.0526559352874756,0.028189100325107574,-0.09148477017879486,0.3384615384615385,-0.11153846153846154,0.3309384032441236,0.3898702092369285,0.8488425004102035,12.0,13.0,ht29+TGFB_MED15,ht29+TGFB,MED15,False,True,7
ht29+TGFB_MYC,0.22999711,0.21855748,1.0523416,0.92351747,-0.004506631,0.8405288404074498,0.1901554276967958,0.9411029661135717,0.9430685481933494,0.9979157590574479,2562,1583,,,,,,,,,,,,,ht29+TGFB_MYC,ht29+TGFB,MYC,False,False,7
ht29+TGFB_NFKB1,0.23721817,0.22343414,1.0616918,0.9187987,-0.08541808,0.8246471664912621,0.1337139447049955,0.9366214539510207,0.9399349818030778,0.9964747265329983,2431,1620,0.4499872922897339,0.5223034620285034,0.8615437746047974,0.3391112685203552,0.10799187421798706,0.3446153846153846,0.20384615384615384,0.6753529078959807,0.6898137579246576,0.9790365879738566,20.0,5.0,ht29+TGFB_NFKB1,ht29+TGFB,NFKB1,False,True,7
ht29+TGFB_NRAS,0.22174934,0.22804621,0.97238773,0.9226432,0.15224929,0.809230484713294,0.30027122314881494,0.9389465248697738,0.9362143321157655,1.002918341089517,2672,1350,0.5905343890190125,0.8896137475967407,0.6638098955154419,-0.03185980021953583,0.2619796693325043,-0.062319678013739055,0.3069230769230769,0.48344701692099334,0.5525017127110294,0.8750145127130977,22.0,3.0,ht29+TGFB_NRAS,ht29+TGFB,NRAS,False,True,7
ht29+TGFB_PAK1,0.2228934,0.21624137,1.0307621,0.9246419,-0.02065619,0.8457602220370508,0.0849926679962836,0.9419889458124849,0.9438618370212033,0.9980157146573178,2312,1836,,,,,,,,,,,,,ht29+TGFB_PAK1,ht29+TGFB,PAK1,False,False,7
ht29+TGFB_PIK3CA,0.22821772,0.2216185,1.0297774,0.92259806,-0.011629844,0.8407051504101095,0.1564710646084375,0.9397750116607883,0.9411929731303881,0.9984934423544581,2395,1671,,,,,,,,,,,,,ht29+TGFB_PIK3CA,ht29+TGFB,PIK3CA,False,True,7
ht29+TGFB_PPP2CA,0.21779083,0.22158243,0.9828885,0.92470014,0.116527654,0.8246649869862539,0.22539995821845463,0.9408840397450853,0.9396221030058027,1.0013430258135112,2470,1580,0.43181586265563965,0.5194700360298157,0.8312622904777527,0.14644744992256165,0.2144748568534851,0.1753846153846154,0.16692307692307692,0.708391425983095,0.7559322315621868,0.9371096989992801,19.0,6.0,ht29+TGFB_PPP2CA,ht29+TGFB,PPP2CA,False,True,7
ht29+TGFB_PRKCA,0.22423173,0.21952422,1.0214442,0.92402184,0.023075014,0.8428832770657516,0.0804417040253635,0.9413411395025391,0.9427699236968935,0.9984844826309778,2249,1889,,,,,,,,,,,,,ht29+TGFB_PRKCA,ht29+TGFB,PRKCA,False,True,7
ht29+TGFB_RAF1,0.22173616,0.22359794,0.9916735,0.9243791,0.10747318,0.8281952019091096,0.22419229394314405,0.9409542271756342,0.9399699667097579,1.0010471190577732,2476,1578,0.41838711500167847,0.626046895980835,0.6682999730110168,0.3716144561767578,0.5685696005821228,0.35846153846153844,0.7176923076923076,0.717070768440049,0.7433768758081375,0.9646126907842127,22.0,3.0,ht29+TGFB_RAF1,ht29+TGFB,RAF1,False,True,7
ht29+TGFB_RBL1,0.2222576,0.22224395,1.0000614,0.9247059,0.09846771,0.8272445400168656,0.2307181465351986,0.9412033477356557,0.9401493537489052,1.001121092071752,2519,1524,0.4241970479488373,0.6016867160797119,0.7050131559371948,0.6801457405090332,0.6373081207275391,0.5208694075963128,0.573076923076923,0.7322996543661344,0.6879260908326338,1.0645033879726715,21.0,4.0,ht29+TGFB_RBL1,ht29+TGFB,RBL1,False,True,7
ht29+TGFB_RBX1,0.22509731,0.22668609,0.99299127,0.92147166,0.102488145,0.8140108848803166,0.25387909963404165,0.938251265345023,0.9372176290836746,1.0011028775273456,2591,1449,0.5527368187904358,0.7041484713554382,0.7849719524383545,0.26348888874053955,0.41950491070747375,0.43033115137753714,0.44538461538461543,0.6887570484413064,0.7256843117453994,0.9491138740270182,24.0,1.0,ht29+TGFB_RBX1,ht29+TGFB,RBX1,False,True,7
ht29+TGFB_RELA,0.22065808,0.21700454,1.0168363,0.9247209,0.0396823,0.8390303776136709,0.09745327466625946,0.9414106817191726,0.9424768478688611,0.9988687614426823,2214,1867,0.16868998110294342,0.3943926990032196,0.427720844745636,1.0,1.0,0.9999999999999999,0.9999999999999999,0.9669161110830695,0.9288455921551285,1.040986918869485,2.0,0.0,ht29+TGFB_RELA,ht29+TGFB,RELA,False,True,7
ht29+TGFB_RHOA,0.23111734,0.23323056,0.9909393,0.9216804,0.15794784,0.7994994064826714,0.3224069236817385,0.9383021658611014,0.9347954045498251,1.0037513677262513,2728,1295,0.3024328649044037,0.4147149324417114,0.7292548418045044,0.37972408533096313,0.5766999125480652,0.5176923076923077,0.5907692307692308,0.6131442340721753,0.5993882662585662,1.0229500118503738,18.0,7.0,ht29+TGFB_RHOA,ht29+TGFB,RHOA,False,True,7
ht29+TGFB_RPS6KB1,0.2165764,0.21572627,1.0039408,0.9269365,0.09999651,0.8610332005109773,0.1431443316433524,0.9436097179656842,0.9439240295598461,0.9996670160051879,2348,1781,,,,,,,,,,,,,ht29+TGFB_RPS6KB1,ht29+TGFB,RPS6KB1,False,True,7
ht29+TGFB_RUNX1,0.23163147,0.21501401,1.0772855,0.92140734,-0.11681358,0.861518298354446,-0.001343073350330573,0.9396497127585678,0.9443569880475153,0.9950153645829635,2206,2011,,,,,,,,,,,,,ht29+TGFB_RUNX1,ht29+TGFB,RUNX1,False,True,7
ht29+TGFB_RUNX2,0.22234805,0.22115923,1.0053754,0.9261973,0.106861025,0.8350278198093434,0.2209997375814219,0.9426623247830338,0.9411215752362876,1.001637141881865,2518,1541,,,,,,,,,,,,,ht29+TGFB_RUNX2,ht29+TGFB,RUNX2,False,False,7
ht29+TGFB_RUNX3,0.2202085,0.21927568,1.0042541,0.92533684,0.071489304,0.8451139469832508,0.11190047036419595,0.9421548432768773,0.9425078362807695,0.999625474727844,2278,1835,,,,,,,,,,,,,ht29+TGFB_RUNX3,ht29+TGFB,RUNX3,False,True,7
ht29+TGFB_SKP1,0.23056626,0.25653404,0.89877456,0.91855025,0.29049057,0.7716072475580601,0.4358055331589635,0.9348409857713725,0.9246489582132777,1.0110225912953918,2934,1069,0.6680772304534912,1.3637527227401733,0.4898815155029297,-0.009205466136336327,0.6414726376533508,0.006162146942488227,0.7269230769230769,0.6358390639336372,0.7349760748060337,0.8651153224292919,25.0,0.0,ht29+TGFB_SKP1,ht29+TGFB,SKP1,False,True,7
ht29+TGFB_SMAD1,0.2247083,0.22136633,1.015097,0.9234991,0.04295569,0.8362409187738786,0.122295720789171,0.9405696708247755,0.9415325097180955,0.9989773705279615,2291,1797,0.6441616415977478,0.5690942406654358,1.1319067478179932,1.0,-1.0,0.9999999999999999,-0.9999999999999999,0.9061779769808104,0.9438005301634806,0.9601371773163198,1.0,1.0,ht29+TGFB_SMAD1,ht29+TGFB,SMAD1,False,True,7
ht29+TGFB_SMAD2,0.22099362,0.21565844,1.024739,0.92497504,0.023507353,0.8454054238265261,0.07348514205707668,0.9422363311788353,0.94388060975624,0.9982579591524512,2231,1925,,,,,,,,,,,,,ht29+TGFB_SMAD2,ht29+TGFB,SMAD2,False,True,7
ht29+TGFB_SMAD3,0.21920061,0.21639292,1.012975,0.9257165,0.05140065,0.8512035178272597,0.09969020362761913,0.9428371221785453,0.9438026300910385,0.9989770023077812,2289,1878,,,,,,,,,,,,,ht29+TGFB_SMAD3,ht29+TGFB,SMAD3,False,True,7
ht29+TGFB_SMAD4,0.22335103,0.22334546,1.0000249,0.9238271,0.0769273,0.8321247889532322,0.19405902454229504,0.9405685526795128,0.9403022586428249,1.000283200464787,2406,1650,,,,,,,,,,,,,ht29+TGFB_SMAD4,ht29+TGFB,SMAD4,False,True,7
ht29+TGFB_SMAD5,0.22530206,0.22836557,0.986585,0.9224845,0.11589104,0.8052409661539037,0.2464545988813648,0.9389691286670375,0.9373003197530523,1.001780442061969,2531,1503,0.5090818405151367,0.7240227460861206,0.7031296491622925,0.08397267758846283,0.5562735795974731,-0.04923076923076923,0.6276923076923077,0.7024522669187094,0.7457877041829006,0.9418930655183296,20.0,5.0,ht29+TGFB_SMAD5,ht29+TGFB,SMAD5,False,True,7
ht29+TGFB_SMAD6,0.22793515,0.21627764,1.0539006,0.92349726,-0.049616996,0.8375410662454711,0.10300055958303013,0.941065565865459,0.9437226346074172,0.9971844812824018,2357,1771,,,,,,,,,,,,,ht29+TGFB_SMAD6,ht29+TGFB,SMAD6,False,False,7
ht29+TGFB_SMAD7,0.21886653,0.21803956,1.0037928,0.9254263,0.07148163,0.8334058769845416,0.15084185231214622,0.9420430340395689,0.942247662632001,0.9997828292915468,2311,1755,0.3271278142929077,0.2518526315689087,1.2988858222961426,0.10301119834184647,-0.5315808653831482,-0.19999999999999998,-0.39999999999999997,0.7281317572280325,0.782061423641973,0.9310416486689804,2.0,2.0,ht29+TGFB_SMAD7,ht29+TGFB,SMAD7,False,True,7
ht29+TGFB_SMAD9,0.2217507,0.21681948,1.0227435,0.92496264,0.02560976,0.8470619479687188,0.09834251558213912,0.9420252811687155,0.9435304101948552,0.9984047901266597,2327,1803,,,,,,,,,,,,,ht29+TGFB_SMAD9,ht29+TGFB,SMAD9,False,True,7
ht29+TGFB_SMURF1,0.22451408,0.21744727,1.032499,0.9242712,0.0058878716,0.8562310831846107,0.05226808592535966,0.9417759601818744,0.9439594620806164,0.9976868689954871,2241,1951,0.6696664094924927,0.5591137409210205,1.1977283954620361,,,,,,,,0.0,1.0,ht29+TGFB_SMURF1,ht29+TGFB,SMURF1,False,True,7
ht29+TGFB_SMURF2,0.22130632,0.21852648,1.0127208,0.9250393,0.05530739,0.8424590239328266,0.10084368331536117,0.9419448684374729,0.942848679902199,0.9990414034786369,2255,1854,0.8697392344474792,0.8426473736763,1.0321508646011353,,,,,,,,0.0,1.0,ht29+TGFB_SMURF2,ht29+TGFB,SMURF2,False,True,7
ht29+TGFB_SP1,0.22057632,0.22048365,1.0004203,0.92525387,0.10359344,0.8434252177922932,0.16785825330487128,0.942038343489466,0.9419936434023726,1.0000474526419647,2349,1727,0.23336948454380035,0.2711043953895569,0.860810399055481,0.26721930503845215,0.5585702657699585,0.4642857142857144,0.5714285714285715,0.6311468304688902,0.6183146484939255,1.0207534820761905,6.0,1.0,ht29+TGFB_SP1,ht29+TGFB,SP1,False,True,7
ht29+TGFB_TGFBR1,0.21653078,0.21470872,1.0084863,0.92609847,0.05392747,0.8492263899517736,0.12212148681525417,0.9429025503830167,0.9434426750824237,0.999427496006199,2301,1807,0.3320324420928955,0.38858965039253235,0.8544551730155945,0.48218822479248047,0.4509219527244568,-0.023809523809523815,0.5714285714285715,0.7249429324771034,0.727857425202222,0.9959957917248576,5.0,3.0,ht29+TGFB_TGFBR1,ht29+TGFB,TGFBR1,False,True,7
ht29+TGFB_TGFBR2,0.2148558,0.21463223,1.0010417,0.9270316,0.08180396,0.8617744045168755,0.13099208779743818,0.9436977278318806,0.9439319168145557,0.9997519005571234,2334,1800,,,,,,,,,,,,,ht29+TGFB_TGFBR2,ht29+TGFB,TGFBR2,False,True,7
ht29+TGFB_TGFBR3,0.22108422,0.22112578,0.99981207,0.92415416,0.07620665,0.8280116867220045,0.15692409589557302,0.9407996092077328,0.9407501868652712,1.0000525350333718,2368,1694,0.4428327679634094,0.4839271605014801,0.9150814414024353,0.5170998573303223,0.04280535876750946,-0.0303030303030303,0.32121212121212117,0.7341010034143715,0.7736244998623861,0.9489112657949106,8.0,2.0,ht29+TGFB_TGFBR3,ht29+TGFB,TGFBR3,False,True,7
ht29+TGFB_TGIF1,0.22270922,0.22229795,1.0018501,0.9237603,0.075810194,0.8284444412792139,0.176665942662581,0.9405834493269551,0.9405803337399472,1.0000033124092607,2393,1684,0.24442806839942932,0.31040889024734497,0.7874389886856079,0.1479588747024536,0.4364422559738159,0.22692307692307692,0.3715384615384616,0.5960953153761447,0.6367475505867685,0.9361564325246915,18.0,7.0,ht29+TGFB_TGIF1,ht29+TGFB,TGIF1,False,True,7
ht29+TNFA_BIRC3,0.0113272015,0.22558042,0.050213583,0.99629617,0.9746653,0.8621624609960824,0.8879662432924412,0.9971123859346125,0.9409402440453524,1.059697884371234,3617,607,0.4761623442173004,0.4452139139175415,1.0695135593414307,1.0,1.0,0.9999999999999999,0.9999999999999999,0.9999815995250484,0.9976119891644688,1.0023752825610728,1.0,1.0,ht29+TNFA_BIRC3,ht29+TNFA,BIRC3,True,False,7
ht29+TNFA_CASP3,0.013597424,0.22854018,0.059496865,0.99587667,0.9708282,0.8084888255782567,0.864300311647806,0.9967477879688561,0.9392825921017771,1.061179879570101,3518,656,0.014689568430185318,0.2336135357618332,0.0628797858953476,0.6645669937133789,0.9507943391799927,0.4026175172995562,0.9538461538461538,0.8166691804308874,0.786435948044783,1.0384433499781762,20.0,5.0,ht29+TNFA_CASP3,ht29+TNFA,CASP3,True,False,7
ht29+TNFA_CASP8,0.015396352,0.23574819,0.06530847,0.99509466,0.9670979,0.7840167356708694,0.8538054549595181,0.9961076070437833,0.9353992699726599,1.06490098829444,3479,650,0.03358547389507294,0.5173975229263306,0.06491231918334961,0.24722814559936523,0.9562289714813232,0.23325157963127105,0.9384615384615383,0.5475650068990621,0.7517420416314929,0.7283948170714133,20.0,5.0,ht29+TNFA_CASP8,ht29+TNFA,CASP8,True,False,7
ht29+TNFA_CSF2,0.020247921,0.22513008,0.08993877,0.99342227,0.9552167,0.847796967981476,0.8742871882981219,0.9948557974270442,0.9412656130277811,1.0569341784694322,3642,670,,,,,,,,,,,,,ht29+TNFA_CSF2,ht29+TNFA,CSF2,True,False,7
ht29+TNFA_FOS,0.012352355,0.22704251,0.054405473,0.995943,0.9723697,0.860889754544455,0.8811339781266145,0.9968307341875892,0.9401202982924014,1.0603225310613913,3586,623,0.006659258622676134,0.255482017993927,0.026065468788146973,0.5636013746261597,0.9909664392471313,0.5798983625070583,0.9875776397515529,0.8688500978242729,0.6241868907028263,1.3919710759159953,18.0,4.0,ht29+TNFA_FOS,ht29+TNFA,FOS,True,False,7
ht29+TNFA_MYC,0.020461652,0.2303178,0.088840954,0.9935535,0.956078,0.8185288071928273,0.8651384387979033,0.994878179493928,0.9398607443235792,1.0585378584036351,3555,674,,,,,,,,,,,,,ht29+TNFA_MYC,ht29+TNFA,MYC,True,False,7
k562+IFNB_CRKL,0.014493593,0.3286981,0.044093937,0.99471426,0.9783636,0.8767528925298822,0.8729601058290596,0.9958357008155418,0.901211726068984,1.1049963865420396,3511,715,0.10011091828346252,0.04609360173344612,2.1719048023223877,,,,,,,,0.0,1.0,k562+IFNB_CRKL,k562+IFNB,CRKL,True,False,7
k562+IFNB_FOS,0.017822666,0.3256297,0.054732922,0.99308634,0.97177124,0.864284008000926,0.8519193506543399,0.9945790676893848,0.9013098809980398,1.1034818198021594,3474,755,0.1190316379070282,0.8245723247528076,0.14435561001300812,0.9505623579025269,0.974584698677063,0.7762237762237763,0.9510489510489512,0.9700543796922722,0.47606528481191535,2.0376498993736183,9.0,3.0,k562+IFNB_FOS,k562+IFNB,FOS,True,False,7
k562+IFNB_IFI16,0.05227343,0.35212958,0.14844942,0.9867425,0.9336706,0.8438220534562276,0.7610942391034099,0.9887742789749072,0.8873048098371832,1.1143569470296721,3211,969,0.3367958962917328,1.4121620655059814,0.23849663138389587,0.8910029530525208,0.9562558531761169,0.7476923076923078,0.9107692307692308,0.9301020678103872,0.6400001301261012,1.4532841854690346,14.0,11.0,k562+IFNB_IFI16,k562+IFNB,IFI16,True,False,7
k562+IFNB_MYC,0.021099463,0.33013478,0.06391166,0.99239695,0.9682076,0.8292323804000815,0.8536337496948029,0.9939891600397351,0.8997754687985632,1.1047080016161943,3502,715,0.0351182222366333,1.0609058141708374,0.03310211002826691,0.857697069644928,0.9900199770927429,0.8705573457637024,0.975438596491228,0.9520522957707571,0.5477616474138299,1.7380776844558607,16.0,3.0,k562+IFNB_MYC,k562+IFNB,MYC,True,False,7
k562+IFNG_ATF3,0.4656557,0.4537333,1.0262762,0.82453775,0.032139108,0.8118205279675422,0.12055344322004775,0.8646746699112628,0.8659574379676228,0.9985186707797434,2354,1824,2.3684422969818115,2.021383047103882,1.1716939210891724,,,,,,,,0.0,1.0,k562+IFNG_ATF3,k562+IFNG,ATF3,False,True,7
k562+IFNG_ATF5,0.46430263,0.467016,0.99419,0.81982225,0.089653134,0.7918728616128847,0.20133939408279497,0.8586676096259326,0.8589456157701298,0.9996763402256288,2479,1659,1.8967456817626953,1.9922157526016235,0.9520784616470337,0.46940699219703674,0.19547763466835022,0.5272727272727272,-0.04242424242424241,0.8396127529032645,0.8419452993520983,0.9972295748303023,4.0,6.0,k562+IFNG_ATF5,k562+IFNG,ATF5,False,True,7
k562+IFNG_BATF2,0.4616518,0.45561415,1.0132517,0.8243231,0.03096282,0.8126574773702614,0.13298052722629314,0.8640299711660465,0.8647332856233496,0.9991866689197744,2373,1796,,,,,,,,,,,,,k562+IFNG_BATF2,k562+IFNG,BATF2,False,True,7
k562+IFNG_CEBPB,0.45784497,0.473869,0.9661847,0.8187525,0.14353314,0.7844205828469003,0.21371464874213777,0.8572752091600061,0.8554408668651846,1.002144323898791,2491,1630,1.911083698272705,2.078601598739624,0.91940838098526,-0.15850360691547394,0.12882450222969055,0.07692307692307691,0.19692307692307692,0.4604672499699809,0.4773986889360802,0.9645339642556784,14.0,11.0,k562+IFNG_CEBPB,k562+IFNG,CEBPB,False,True,7
k562+IFNG_CEBPE,0.46330196,0.46476367,0.9968549,0.82067895,0.08163737,0.7973924787591675,0.18139386845471395,0.8601209422695377,0.860561370314393,0.9994882084415498,2448,1694,,,,,,,,,,,,,k562+IFNG_CEBPE,k562+IFNG,CEBPE,False,True,7
k562+IFNG_CLK1,0.4168462,0.51874185,0.8035715,0.803249,0.3827021,0.7132319915748431,0.4676740317897184,0.8407492208424144,0.8341087143502101,1.0079612002344054,2930,1164,3.351996660232544,4.5693039894104,0.7335901856422424,0.26202237606048584,0.2707935571670532,0.33814195663010266,0.17153846153846153,0.7751622647097223,0.8039017091426923,0.9642500518333034,23.0,2.0,k562+IFNG_CLK1,k562+IFNG,CLK1,False,True,7
k562+IFNG_CUL1,0.45395213,0.51919234,0.8743429,0.78209144,0.22229685,0.6766628876605051,0.3894146649785894,0.8218543114663379,0.8315828193203345,0.9883012159126281,2860,1165,4.216983318328857,4.439820766448975,0.9498093724250793,-0.32167187333106995,-0.4638190269470215,-0.2925891634295355,-0.4976923076923077,0.4354748072133524,0.49223727021319674,0.8846847517757859,16.0,9.0,k562+IFNG_CUL1,k562+IFNG,CUL1,False,True,7
k562+IFNG_EHF,0.47241944,0.48031187,0.98356813,0.8143102,0.11095781,0.7803402927043854,0.20582027680306264,0.85382768209913,0.8538311669977459,0.9999959185155677,2485,1639,1.3985310792922974,1.4322683811187744,0.9764448404312134,0.20465891063213348,0.0686061680316925,0.09615384615384616,0.2530769230769231,0.6071711405225498,0.6049983678715691,1.0035913694422427,14.0,11.0,k562+IFNG_EHF,k562+IFNG,EHF,False,True,7
k562+IFNG_ETV7,0.47804376,0.4625665,1.0334595,0.8206624,0.017319258,0.8076246972338932,0.10610645382811668,0.8611287903290382,0.8625908079312167,0.9983050855762249,2317,1851,,,,,,,,,,,,,k562+IFNG_ETV7,k562+IFNG,ETV7,False,True,7
k562+IFNG_FBXO6,0.47301435,0.47585586,0.9940286,0.81449556,0.081979856,0.7851088904006394,0.18563256777705958,0.8544439132915519,0.8563623580787171,0.9977597745054216,2450,1670,0.8040953874588013,1.0179393291473389,0.789924681186676,0.3182249367237091,0.4958816468715668,0.4264761490014444,0.3699248120300751,0.7024952426065827,0.7302806722002787,0.9619523963163633,11.0,9.0,k562+IFNG_FBXO6,k562+IFNG,FBXO6,False,True,7
k562+IFNG_FMNL2,0.47854,0.48212135,0.9925717,0.81295097,0.09030654,0.783318940223301,0.19672006880576323,0.8521313223146902,0.8520127980913637,1.0001391108485602,2451,1664,1.8158546686172485,2.1353893280029297,0.8503623604774475,0.5420283675193787,0.3657774031162262,0.3471902491435943,0.5484615384615384,0.7514036551909948,0.7322087669992677,1.02621504829885,18.0,7.0,k562+IFNG_FMNL2,k562+IFNG,FMNL2,False,True,7
k562+IFNG_FOXN3,0.4703159,0.45940265,1.0237553,0.82327515,0.0429196,0.8049513892435203,0.1331959983930314,0.8630284211399892,0.8637262552264943,0.99919206567789,2371,1795,,,,,,,,,,,,,k562+IFNG_FOXN3,k562+IFNG,FOXN3,False,True,7
k562+IFNG_GUK1,0.4724628,0.4759043,0.9927685,0.8152212,0.094708,0.7864326673586299,0.185189911915581,0.8547058510849811,0.8539888814621556,1.0008395538143282,2435,1698,2.0361151695251465,2.320573329925537,0.8774189949035645,0.28363168239593506,0.43398964405059814,0.21846153846153843,0.5238461538461539,0.776208788203906,0.7453816598194624,1.0413575085707236,16.0,9.0,k562+IFNG_GUK1,k562+IFNG,GUK1,False,True,7
k562+IFNG_HLA-DQB1,0.47250265,0.4716021,1.0019095,0.8184863,0.07712923,0.7925983014333601,0.17430897764402586,0.8578815146909844,0.8577338363702178,1.0001721726653474,2419,1711,0.44331780076026917,0.3961126506328583,1.1191710233688354,0.9195050001144409,-0.6324132084846497,0.8999999999999998,-0.7999999999999999,0.9494282335430175,0.9575186119018773,0.9915506829232382,1.0,4.0,k562+IFNG_HLA-DQB1,k562+IFNG,HLA-DQB1,False,True,7
k562+IFNG_HLX,0.4308636,0.49003673,0.87924755,0.8107815,0.27756742,0.7394980207511533,0.3915973202890828,0.8482973856612683,0.8454503791263765,1.003367443678757,2788,1324,2.387030839920044,2.7220752239227295,0.8769158124923706,-0.05469375103712082,0.25022777915000916,0.2238892136049144,0.23615384615384616,0.4869683733359814,0.49665557910947944,0.9804951234195989,20.0,5.0,k562+IFNG_HLX,k562+IFNG,HLX,False,True,7
k562+IFNG_IFI16,0.5003585,0.53260684,0.93945193,0.8018895,0.22982065,0.7315679667189076,0.2589617821218049,0.8374704836624838,0.8290621293557754,1.0101420074672114,2535,1548,2.939648389816284,3.2616751194000244,0.9012695550918579,0.1588847041130066,0.6099631786346436,0.09364179231937667,0.6000000000000001,0.7209026586077216,0.7234598449323044,0.99646533758232,15.0,10.0,k562+IFNG_IFI16,k562+IFNG,IFI16,False,False,7
k562+IFNG_IFNGR1,0.46463516,0.47281983,0.9826897,0.82081175,0.11384636,0.7993492509928056,0.17251634466057056,0.8596192389887266,0.8570951005545151,1.0029449922564935,2417,1724,1.1249520778656006,1.1974706649780273,0.9394401907920837,0.6599278450012207,0.09877479076385498,0.4592307692307693,0.08384615384615385,0.8188295939678788,0.8146055922032576,1.0051853336204046,14.0,11.0,k562+IFNG_IFNGR1,k562+IFNG,IFNGR1,False,True,7
k562+IFNG_IFNGR2,0.46584266,0.45927426,1.0143017,0.82581854,0.04435678,0.8145179694706837,0.10267506700867167,0.8652120808068523,0.8635208778264317,1.001958496920975,2266,1906,0.9112652540206909,0.9891285300254822,0.9212809205055237,0.6715288162231445,0.4890185296535492,0.7142857142857143,0.4769230769230769,0.8673201319375233,0.8286890400616672,1.0466171145125576,6.0,8.0,k562+IFNG_IFNGR2,k562+IFNG,IFNGR2,False,True,7
k562+IFNG_IRF1,0.45157462,0.45583263,0.9906588,0.82866704,0.09580217,0.8278548063407913,0.1625631759659513,0.8683975571851961,0.8665690264291037,1.002110080905646,2438,1756,,,,,,,,,,,,,k562+IFNG_IRF1,k562+IFNG,IRF1,False,True,7
k562+IFNG_IRF2,0.44139025,0.46866336,0.9418066,0.8164511,0.17906724,0.7649719897189643,0.2747301426017575,0.8542324967492544,0.8539122635354999,1.0003750188718787,2560,1488,2.3267853260040283,2.8486626148223877,0.8167991638183594,0.21238192915916443,0.5281391143798828,0.3646153846153847,0.5323076923076923,0.597621168309853,0.6000565880766695,0.9959413498406499,17.0,8.0,k562+IFNG_IRF2,k562+IFNG,IRF2,False,True,7
k562+IFNG_IRF5,0.45828515,0.4604682,0.99525905,0.82343936,0.089588225,0.8006318307263325,0.17424557317629782,0.8628070167332381,0.8628414311112518,0.9999601150608063,2432,1716,0.007690215017646551,0.007027671206742525,1.0942764282226562,,,,,,,,0.0,1.0,k562+IFNG_IRF5,k562+IFNG,IRF5,False,True,7
k562+IFNG_IRF7,0.45185566,0.46385175,0.9741381,0.82567275,0.14025068,0.805086804800948,0.1999031422264441,0.8644071896390526,0.8617532913306001,1.0030796497502839,2464,1690,,,,,,,,,,,,,k562+IFNG_IRF7,k562+IFNG,IRF7,False,True,7
k562+IFNG_IRF9,0.4430431,0.4901286,0.9039324,0.81337553,0.27648872,0.7620367801766356,0.3358922321848954,0.8500585518630684,0.8446919109604926,1.0063533707768948,2686,1414,1.8504208326339722,2.1545658111572266,0.8588370084762573,-0.08460904657840729,0.5028946995735168,0.2407692307692308,0.41000000000000003,0.478692618246354,0.4814081190949072,0.9943592541528826,15.0,10.0,k562+IFNG_IRF9,k562+IFNG,IRF9,False,True,7
k562+IFNG_JAK1,0.45863536,0.45925865,0.99864286,0.82559234,0.06715098,0.8169244721447759,0.1446671567481008,0.8650393974899283,0.8637299468184049,1.0015160417632234,2382,1796,1.0994253158569336,1.1425589323043823,0.9622482061386108,0.2947607636451721,0.24941715598106384,0.0,0.21428571428571433,0.7906579107740814,0.7566167171131333,1.0449913316623933,4.0,3.0,k562+IFNG_JAK1,k562+IFNG,JAK1,False,True,7
k562+IFNG_JAK2,0.47105536,0.4686384,1.0051575,0.8216904,0.058434647,0.8087361052207417,0.1268819398340588,0.8615775081198179,0.8601283435282103,1.0016848236690623,2320,1815,1.2060264348983765,1.1571331024169922,1.042253851890564,0.6686054468154907,0.2719745635986328,0.7754385964912281,0.3368421052631579,0.8457140545371998,0.8044092917959728,1.0513479433448705,10.0,9.0,k562+IFNG_JAK2,k562+IFNG,JAK2,False,True,7
k562+IFNG_JUN,0.4598624,0.46938622,0.9797101,0.8222904,0.120326765,0.8026512317326215,0.17873990698745468,0.8608158069896127,0.858621378124448,1.0025557584764055,2401,1741,2.6906542778015137,2.882033348083496,0.9335958361625671,0.09791062772274017,0.38487762212753296,0.3764705882352941,0.37058823529411766,0.6012410920056571,0.5775965014773664,1.0409361733802283,10.0,6.0,k562+IFNG_JUN,k562+IFNG,JUN,False,True,7
k562+IFNG_KIN,0.42560646,0.4985741,0.85364735,0.79799026,0.26122934,0.6956061511280716,0.4043485137693696,0.834045598722212,0.838792448939489,0.994340852467999,2798,1115,3.5440237522125244,4.3996052742004395,0.8055322170257568,0.07156193256378174,0.08349424600601196,0.11587000790740677,0.12538461538461537,0.6460178190520017,0.693111271800955,0.9320549893430713,23.0,2.0,k562+IFNG_KIN,k562+IFNG,KIN,False,True,7
k562+IFNG_KLF4,0.46428218,0.4811188,0.9650053,0.81396747,0.14168754,0.7757806728498655,0.24983527241979664,0.8530502930144932,0.8528626166136379,1.0002200546690632,2552,1566,2.5265471935272217,2.870027780532837,0.8803215026855469,0.08662209659814835,0.19604367017745972,0.1476923076923077,0.20230769230769227,0.675667482462825,0.6808678463923811,0.9923621537467066,14.0,11.0,k562+IFNG_KLF4,k562+IFNG,KLF4,False,True,7
k562+IFNG_MAFB,0.47028604,0.46729106,1.0064093,0.82057583,0.068198994,0.8000009290364523,0.1531604537844434,0.8604149832448567,0.860884525287604,0.9994545818527864,2390,1769,1.1341370344161987,1.37662935256958,0.823850691318512,,,,,,,,1.0,0.0,k562+IFNG_MAFB,k562+IFNG,MAFB,False,True,7
k562+IFNG_MAFF,0.46915957,0.46354726,1.0121074,0.8205453,0.049454324,0.7999948003695309,0.15125342886766244,0.860225121710424,0.8609081674282739,0.9992065986318955,2396,1760,6.929723262786865,5.9007391929626465,1.174382209777832,,,,,,,,0.0,1.0,k562+IFNG_MAFF,k562+IFNG,MAFF,False,True,7
k562+IFNG_MCRS1,0.41650262,0.56417876,0.73824584,0.790359,0.44741458,0.6953350540081277,0.5567844700327852,0.8265122728734756,0.8186022776697139,1.0096628062485713,3081,963,2.1181037425994873,2.514312744140625,0.8424185514450073,-0.20110033452510834,0.18435750901699066,-0.24826319780550518,0.24692307692307694,0.3367627888781328,0.4179278194403002,0.8057917497072444,22.0,3.0,k562+IFNG_MCRS1,k562+IFNG,MCRS1,False,True,7
k562+IFNG_MYC,0.44915166,0.46224776,0.97166866,0.82157314,0.12151551,0.77675141173478,0.20304331657858898,0.8613340414107135,0.8626911801028373,0.9984268545646171,2477,1668,,,,,,,,,,,,,k562+IFNG_MYC,k562+IFNG,MYC,False,False,7
k562+IFNG_NFKB1,0.445723,0.47672218,0.9349743,0.81760347,0.21596476,0.7693794161945045,0.2744679557860642,0.855825078543485,0.85339745253527,1.002844660481471,2615,1512,2.462937593460083,2.9371044635772705,0.8385597467422485,0.12549564242362976,0.3285664916038513,0.25076923076923074,0.2453846153846154,0.7131816278865323,0.7214827332101289,0.9884943811660438,19.0,6.0,k562+IFNG_NFKB1,k562+IFNG,NFKB1,False,True,7
k562+IFNG_PARP12,0.4643083,0.4611795,1.0067843,0.8238997,0.04672154,0.8219228468785822,0.12784010005157917,0.8645611601284333,0.8648808190898463,0.9996304011438832,2366,1820,0.8943665027618408,0.7226474285125732,1.237625002861023,0.7730599641799927,-0.9075125455856323,0.7999999999999999,-1.0,0.8165655291427549,0.8213626827002839,0.9941595184946095,1.0,3.0,k562+IFNG_PARP12,k562+IFNG,PARP12,False,True,7
k562+IFNG_PIK3CA,0.45489424,0.48026034,0.9471826,0.82021576,0.22110195,0.789770644280361,0.27164682419923214,0.8594743765274856,0.8560398235425595,1.0040121415972365,2534,1610,,,,,,,,,,,,,k562+IFNG_PIK3CA,k562+IFNG,PIK3CA,False,True,7
k562+IFNG_PLEK,0.47506943,0.47224385,1.0059834,0.8170029,0.068867944,0.7956471895765302,0.16738216692297278,0.8566902690864125,0.8569918183938808,0.9996481304710313,2430,1707,3.735126495361328,3.490600824356079,1.0700526237487793,0.41689467430114746,0.28199464082717896,0.42857142857142866,0.07142857142857144,0.8791255778317979,0.8352426945096105,1.0525390806895378,3.0,4.0,k562+IFNG_PLEK,k562+IFNG,PLEK,False,True,7
k562+IFNG_PPARG,0.50033176,0.5339825,0.93698156,0.8053329,0.31803,0.7500300219467788,0.26668530860634815,0.8411588740952544,0.8284437541476435,1.0153481994208442,2465,1596,3.6180710792541504,3.788034677505493,0.955131471157074,-0.2187623828649521,0.39191558957099915,-0.08631926763571914,0.3738461538461539,0.46911245978772664,0.46005491330583825,1.0196879681531996,13.0,12.0,k562+IFNG_PPARG,k562+IFNG,PPARG,False,False,7
k562+IFNG_PRDM1,0.47313175,0.4585438,1.0318136,0.8221298,0.01796098,0.8045820511290722,0.10458126825728278,0.8625683559999541,0.8643644542662283,0.9979220590835159,2316,1849,,,,,,,,,,,,,k562+IFNG_PRDM1,k562+IFNG,PRDM1,False,True,7
k562+IFNG_PTGES3,0.4534061,0.4728775,0.95882356,0.8227689,0.18582182,0.788430705226872,0.22932472375563276,0.8603704945187034,0.855994581064499,1.0051120807900005,2483,1642,1.9402899742126465,1.9336079359054565,1.0034557580947876,0.23968039453029633,-0.406809538602829,0.1776923076923077,-0.4176923076923077,0.7047612808603585,0.7255721167611822,0.9713180324600684,15.0,10.0,k562+IFNG_PTGES3,k562+IFNG,PTGES3,False,False,7
k562+IFNG_PTPN11,0.46838886,0.45674795,1.0254865,0.82500374,0.039766543,0.8172727359177381,0.12526145724429694,0.8648163823273228,0.8650946364700761,0.9996783541002072,2353,1807,,,,,,,,,,,,,k562+IFNG_PTPN11,k562+IFNG,PTPN11,False,True,7
k562+IFNG_RARRES3,0.43815342,0.49345118,0.8879367,0.81163245,0.27568352,0.7542283250898756,0.37784507832694475,0.8483523567246,0.8432725899203211,1.0060238727844324,2740,1362,2.952946662902832,3.2003326416015625,0.9226999282836914,-0.1020134836435318,0.09654395282268524,0.16657049740709265,0.07846153846153846,0.3845547282382775,0.4144413194284642,0.9278870378286562,15.0,10.0,k562+IFNG_RARRES3,k562+IFNG,RARRES3,False,True,7
k562+IFNG_RFX5,0.46227995,0.47159198,0.98025405,0.8182924,0.1179037,0.7880221661006382,0.21839511682198595,0.8575924031326004,0.8571779779729023,1.0004834762095478,2502,1623,1.853416919708252,2.2070906162261963,0.8397557139396667,-0.5978696346282959,0.3972894847393036,-0.5594405594405596,0.5104895104895105,0.3729613511965524,0.38857998201565125,0.959805878990262,8.0,4.0,k562+IFNG_RFX5,k562+IFNG,RFX5,False,True,7
k562+IFNG_RNF14,0.46445805,0.46492597,0.9989936,0.82102704,0.08337919,0.794648119987089,0.1793660900499287,0.860723559533577,0.8610886137048787,0.9995760550476553,2438,1702,,,,,,,,,,,,,k562+IFNG_RNF14,k562+IFNG,RNF14,False,True,7
k562+IFNG_RUNX1,0.45573175,0.45506528,1.0014646,0.82878304,0.07170822,0.8137962024138234,0.12699328419477224,0.8682273737999626,0.8661967476855259,1.0023443012454878,2347,1842,,,,,,,,,,,,,k562+IFNG_RUNX1,k562+IFNG,RUNX1,False,True,7
k562+IFNG_SOX2,0.38247144,0.586421,0.65221304,0.778988,0.5177742,0.6149051095223577,0.5916142594272217,0.8139758385561293,0.8075747760068809,1.0079262784567133,2973,782,2.6417081356048584,4.024994373321533,0.6563259363174438,0.42350828647613525,0.32881563901901245,0.002043418474263939,0.39692307692307693,0.46200445491321274,0.452438375258001,1.0211433869855906,25.0,0.0,k562+IFNG_SOX2,k562+IFNG,SOX2,False,True,7
k562+IFNG_SP100,0.467986,0.46466777,1.0071411,0.8217273,0.047978602,0.8025112872246686,0.12779227836235413,0.8614335203201579,0.8616094956705591,0.9997957597365332,2346,1816,4.816824913024902,4.18169641494751,1.1518830060958862,1.0,1.0,0.9999999999999999,0.9999999999999999,0.8880752881050464,0.8572489701014299,1.0359595859298252,1.0,1.0,k562+IFNG_SP100,k562+IFNG,SP100,False,True,7
k562+IFNG_SP110,0.46423355,0.47413224,0.9791225,0.8167143,0.10657662,0.7806502097032971,0.18280519636872553,0.8539453435602099,0.8516359103011585,1.0027117612481076,2411,1691,2.3478543758392334,2.344839572906494,1.0012856721878052,-0.12292847782373428,-0.016480255872011185,0.033467975229600606,-0.25846153846153846,0.3811791929735402,0.3876005613902854,0.9834330260159778,12.0,13.0,k562+IFNG_SP110,k562+IFNG,SP110,False,False,7
k562+IFNG_SRC,0.47768536,0.47643116,1.0026325,0.81450725,0.07496244,0.7901817457806349,0.1683221475842436,0.85415922636011,0.8542425421536335,0.9999024682225338,2390,1743,3.047764778137207,3.4556169509887695,0.8819741606712341,-0.3192468285560608,-0.48669910430908203,0.39999999999999997,-0.6000000000000001,0.7921271540975522,0.8105333771752767,0.977291221316671,3.0,1.0,k562+IFNG_SRC,k562+IFNG,SRC,False,True,7
k562+IFNG_STAT1,0.46119785,0.46480298,0.99224377,0.8240748,0.08269705,0.8133245873342212,0.149746657498583,0.8638617472761204,0.8623099864310099,1.0017995394574208,2405,1767,0.44917741417884827,0.45996224880218506,0.9765527844429016,0.9509552717208862,0.2641657292842865,0.8333333333333333,0.049999999999999996,0.9661591124956775,0.9540099883016447,1.0127347976887129,5.0,4.0,k562+IFNG_STAT1,k562+IFNG,STAT1,False,True,7
k562+IFNG_STAT2,0.4355448,0.47553614,0.9159026,0.82167554,0.2623899,0.7822013451644948,0.3204346951284561,0.8594465287679033,0.8551006620717438,1.0050822866697708,2652,1473,1.5383840799331665,2.0195047855377197,0.7617630362510681,-0.21497498452663422,0.5163971185684204,-0.1946153846153846,0.5515384615384615,0.49289619966004694,0.490812597263223,1.0042452096960064,18.0,7.0,k562+IFNG_STAT2,k562+IFNG,STAT2,False,True,7
k562+IFNG_STAT3,0.46530664,0.46689063,0.99660736,0.8220452,0.072898485,0.8058071445489281,0.14592716800407482,0.861917132577393,0.8619961897201862,0.9999082859718685,2356,1794,1.9345985651016235,1.8424488306045532,1.050014853477478,-0.3398986756801605,-0.3636026978492737,0.0,-0.4523809523809524,0.3621877285220505,0.35784697558495626,1.012130193164267,2.0,6.0,k562+IFNG_STAT3,k562+IFNG,STAT3,False,True,7
k562+IFNG_TAPBPL,0.4207524,0.49875215,0.8436102,0.8087472,0.32741222,0.7255742408528199,0.42256575701293425,0.8459614063976671,0.8415311878460288,1.005264473397567,2825,1274,2.3477256298065186,3.0552115440368652,0.7684330940246582,-0.18242013454437256,0.4440554976463318,-0.2123076923076923,0.5130769230769231,0.6663781611636211,0.7074026283483972,0.9420069059107716,20.0,5.0,k562+IFNG_TAPBPL,k562+IFNG,TAPBPL,False,True,7
k562+IFNG_TBX21,0.4706316,0.45968023,1.0238239,0.82369953,0.03934272,0.816099523707605,0.13020503125733554,0.8641453601718222,0.8647923347444921,0.9992518729102045,2371,1819,1.1926517486572266,1.3637140989303589,0.8745614290237427,0.14426982402801514,0.872957170009613,-0.19999999999999998,0.7999999999999999,0.6352381231150979,0.5813646376151869,1.0926672900520835,3.0,1.0,k562+IFNG_TBX21,k562+IFNG,TBX21,False,True,7
k562+IFNG_TRAFD1,0.45689794,0.45999366,0.9932701,0.82379425,0.08257769,0.8134371720037049,0.16251618445325652,0.8634243643650714,0.86350033467412,0.9999120205215933,2390,1769,,,,,,,,,,,,,k562+IFNG_TRAFD1,k562+IFNG,TRAFD1,False,True,7
k562+IFNG_TSC22D1,0.462368,0.4711666,0.9813259,0.81863475,0.11321523,0.7875536681063124,0.19276673399234184,0.8583030849976017,0.8588276849387669,0.9993891674076592,2434,1702,,,,,,,,,,,,,k562+IFNG_TSC22D1,k562+IFNG,TSC22D1,False,True,7
k562+IFNG_ZC3H3,0.44363365,0.47028154,0.9433363,0.8143463,0.17207247,0.7652453284255644,0.28670059960539485,0.8526672820361646,0.8533850880027092,0.9991588721473625,2608,1501,2.944908857345581,3.1634488105773926,0.9309172034263611,0.12406915426254272,0.13509994745254517,0.09307692307692307,0.08230769230769232,0.7773113494310588,0.7885333691120264,0.9857684910739988,15.0,10.0,k562+IFNG_ZC3H3,k562+IFNG,ZC3H3,False,True,7
k562+IFNG_ZFP36,0.46816573,0.47787338,0.9796857,0.815837,0.11614928,0.7797383552960699,0.212345594479438,0.8551363964220209,0.8548800455442506,1.0002998676587511,2477,1654,2.9617371559143066,3.4237167835235596,0.8650648593902588,0.18861612677574158,0.45072367787361145,0.24110671936758896,0.38791643139469234,0.7540651907487638,0.7547706388193685,0.9990653477568918,14.0,8.0,k562+IFNG_ZFP36,k562+IFNG,ZFP36,False,True,7
k562+IFNG_ZNF267,0.4429022,0.48659208,0.9102125,0.81202936,0.25762787,0.7639179143017516,0.3344540772306738,0.8492355338037005,0.8451662345493777,1.0048147915616772,2695,1404,2.530106782913208,2.906890869140625,0.8703824281692505,0.29348504543304443,0.37512505054473877,0.3507692307692308,0.31846153846153846,0.8040973007376933,0.8155900370186432,0.9859086848057129,18.0,7.0,k562+IFNG_ZNF267,k562+IFNG,ZNF267,False,True,7
k562+IFNG_ZNFX1,0.4588185,0.46813458,0.98009956,0.819191,0.10488687,0.788075042607385,0.1855651657167949,0.8585572392214837,0.8587649521537128,0.9997581259788162,2449,1692,2.481034278869629,2.559602737426758,0.9693044424057007,0.4288872480392456,0.041932493448257446,-0.2380952380952381,0.07142857142857144,0.7293549058199416,0.7037029084260343,1.036452879598413,4.0,4.0,k562+IFNG_ZNFX1,k562+IFNG,ZNFX1,False,True,7
k562+INS_MAPK1,0.019794263,0.4162046,0.04755897,0.9924937,0.9758356,0.9083911996494493,0.9052727538294657,0.9941736198382796,0.8781810348199468,1.1320827715689792,3660,579,0.4609312117099762,0.9649920463562012,0.4776528477668762,0.7793988585472107,0.7171093821525574,0.5084615384615384,0.536923076923077,0.8454530771350451,0.6245078339259832,1.3537909874085718,21.0,4.0,k562+INS_MAPK1,k562+INS,MAPK1,True,False,7
k562+TGFB_MAPK1,0.035480145,0.39241752,0.09041427,0.98758554,0.95708245,0.8407882057423808,0.8296073225419589,0.9893567017545407,0.8743506645592041,1.1315330814705973,3356,735,0.6259916424751282,1.3255234956741333,0.4722599387168884,0.9662011861801147,0.9258785843849182,0.916923076923077,0.8861538461538463,0.9744314566594354,0.7913702140887129,1.2313218760470068,15.0,10.0,k562+TGFB_MAPK1,k562+TGFB,MAPK1,True,False,7
k562+TGFB_MYC,0.026438328,0.36643413,0.07215029,0.992725,0.96698797,0.8032021280338045,0.846585059987647,0.9941447900670637,0.8882958674686094,1.1191595350995986,3435,699,,,,,,,,,,,,,k562+TGFB_MYC,k562+TGFB,MYC,True,False,7
k562+TGFB_SMAD6,0.013545798,0.3635634,0.03725842,0.9953767,0.98122674,0.8430017549756926,0.8738409317121776,0.9963222512511265,0.8878619420420059,1.1221589799869913,3475,641,,,,,,,,,,,,,k562+TGFB_SMAD6,k562+TGFB,SMAD6,True,False,7
k562+TNFA_CASP3,0.012176559,0.43628085,0.02790991,0.99576277,0.9864287,0.8535788811234232,0.8902367999006998,0.9966448974700013,0.8702366977494853,1.1452572616707841,3515,583,0.01666511408984661,0.6926157474517822,0.02406112477183342,0.7564842700958252,0.9925859570503235,0.7314729085738386,0.9676923076923077,0.9253341559092435,0.7093799336470024,1.3044267423128197,18.0,7.0,k562+TNFA_CASP3,k562+TNFA,CASP3,True,False,7
k562+TNFA_CASP8,0.014560883,0.45427245,0.032053195,0.99447775,0.98374045,0.8167146821760705,0.885457346435329,0.99559356927867,0.8616798393222779,1.155410076742328,3456,612,0.047804757952690125,1.9775478839874268,0.024173755198717117,0.5557395815849304,0.9950792789459229,0.5704389681051074,0.9576923076923078,0.899880351275699,0.731416753608489,1.2303250463379252,17.0,8.0,k562+TNFA_CASP8,k562+TNFA,CASP8,True,False,7
k562+TNFA_CHUK,0.007996168,0.44132656,0.018118484,0.9969502,0.9912669,0.8916153562038659,0.9149121720814359,0.9975963821161065,0.868260172178095,1.148960201195872,3568,528,0.030479561537504196,0.5271623134613037,0.05781817063689232,0.960186779499054,0.9775080680847168,0.7969230769230768,0.9123076923076923,0.9566443305074788,0.5635662816209313,1.6974832627601053,18.0,7.0,k562+TNFA_CHUK,k562+TNFA,CHUK,True,False,7
mcf7+IFNB_CEBPG,0.018932406,0.23898824,0.07921898,0.9935444,0.95958894,0.8317487646211692,0.8578227865347947,0.994920615903827,0.9338539507261564,1.0653920938388552,3519,699,0.015806138515472412,0.3412270247936249,0.04632147401571274,0.881061851978302,0.9810950756072998,0.811405985319029,0.979672501411632,0.9420933673163893,0.6411514257935489,1.469377325567617,20.0,2.0,mcf7+IFNB_CEBPG,mcf7+IFNB,CEBPG,True,False,7
mcf7+IFNB_IFI16,0.040515967,0.2572034,0.157525,0.98893654,0.9278439,0.8191082101861317,0.7633760997374935,0.9905822164352811,0.9221011542748218,1.0742663229982785,3242,857,0.21371117234230042,1.093308448791504,0.19547198712825775,0.7334898710250854,0.9386460185050964,0.7742871145044676,0.9138461538461539,0.9034487163875176,0.7316673127751232,1.2347807543306109,16.0,9.0,mcf7+IFNB_IFI16,mcf7+IFNB,IFI16,True,False,7
mcf7+IFNB_SP110,0.017997367,0.2428429,0.074111156,0.9939273,0.96396166,0.8436372036357794,0.8639305288413883,0.9951925141612921,0.9328351509610314,1.0668471413582759,3496,683,0.026969142258167267,0.471749871969223,0.05716830864548683,0.5400040149688721,0.9733818173408508,0.6007692307692307,0.9615384615384615,0.884184205588903,0.7110058845536426,1.2435680559015048,24.0,1.0,mcf7+IFNB_SP110,mcf7+IFNB,SP110,True,False,7
mcf7+IFNG_MYC,0.016311524,0.34593126,0.0471525,0.99451965,0.97656953,0.8091600641941872,0.8929057798442347,0.9956525292421482,0.9030181965527472,1.1025830188616692,3608,584,,,,,,,,,,,,,mcf7+IFNG_MYC,mcf7+IFNG,MYC,True,False,7
mcf7+IFNG_PPARG,0.033453394,0.34938425,0.09574958,0.99030894,0.9557438,0.8533951990384706,0.8451579799687764,0.991953475291347,0.8972320840145713,1.1055706689098261,3433,697,0.18282963335514069,0.8083858489990234,0.22616629302501678,0.7908418774604797,0.9595814943313599,0.7359107656807582,0.9269230769230768,0.9265373930515268,0.6377236058218656,1.452882384457845,19.0,6.0,mcf7+IFNG_PPARG,mcf7+IFNG,PPARG,True,False,7
mcf7+INS_CHUK,0.028043829,0.31118694,0.090118915,0.99027455,0.9537066,0.8333891691677152,0.8557768903745466,0.9922689469676877,0.9108095083688769,1.0894363067692305,3507,650,0.19119423627853394,0.2508753538131714,0.7621085047721863,0.4599280059337616,0.680029034614563,0.6630769230769231,0.6346153846153846,0.731317743364876,0.6751756478433286,1.0831518371565658,15.0,10.0,mcf7+INS_CHUK,mcf7+INS,CHUK,True,False,7
mcf7+TGFB_AKT1,0.29668462,0.23069541,1.2860447,0.8935658,-0.29740304,0.8353694455963848,-0.11587973932531921,0.9166866637700727,0.9356839205942613,0.9796969292663239,2033,2175,,,,,,,,,,,,,mcf7+TGFB_AKT1,mcf7+TGFB,AKT1,False,True,7
mcf7+TGFB_ATF2,0.29277474,0.2511046,1.1659473,0.8907212,-0.14592515,0.80042034741953,-0.004611040879714646,0.9125811654258604,0.9271898023185894,0.9842441786393706,2125,2042,0.49131080508232117,1.243316888809204,0.39516136050224304,1.0,1.0,0.9999999999999999,0.9999999999999999,0.9688164678763745,0.9972965478195005,0.9714427168073577,1.0,1.0,mcf7+TGFB_ATF2,mcf7+TGFB,ATF2,False,True,7
mcf7+TGFB_CHUK,0.30532765,0.27262247,1.1199651,0.8805838,-0.111739784,0.789653712562066,0.014183881573104946,0.9026829130487894,0.9181686249986217,0.9831341307814178,2174,1974,1.5571240186691284,1.7703890800476074,0.8795377612113953,0.21733127534389496,-0.24905343353748322,0.23615384615384616,-0.1476923076923077,0.7037239663061645,0.7608905859825523,0.9248688040967579,18.0,7.0,mcf7+TGFB_CHUK,mcf7+TGFB,CHUK,False,False,7
mcf7+TGFB_CREBBP,0.28354457,0.23846684,1.1890314,0.8966488,-0.14485484,0.8189814283064467,0.01220629101585185,0.9187714454256423,0.9329858680170244,0.9847645896056351,2180,1993,,,,,,,,,,,,,mcf7+TGFB_CREBBP,mcf7+TGFB,CREBBP,False,True,7
mcf7+TGFB_CUL1,0.28612196,0.23658775,1.2093693,0.89205474,-0.08433384,0.7827068136141535,0.18021545590551824,0.9145518184533764,0.931980747165177,0.9812990463968119,2604,1561,0.28959164023399353,0.23061048984527588,1.255760908126831,-0.6822458505630493,0.9694092869758606,-0.5,1.0,0.7391053607382418,0.7738321050723211,0.9551236707465972,1.0,2.0,mcf7+TGFB_CUL1,mcf7+TGFB,CUL1,False,True,7
mcf7+TGFB_EP300,0.29226887,0.2781054,1.0509284,0.88219494,0.0014367253,0.7798033614605835,0.17760518155158678,0.9047589971878447,0.9170287823030836,0.9866200654199492,2502,1643,0.9621421098709106,1.4269611835479736,0.6742594838142395,0.13201546669006348,0.08278307318687439,0.17846153846153845,0.2538461538461539,0.6988541144616034,0.7740044939792807,0.9029070501499065,22.0,3.0,mcf7+TGFB_EP300,mcf7+TGFB,EP300,False,True,7
mcf7+TGFB_FOS,0.29581776,0.24581186,1.2034316,0.8902229,-0.20932035,0.809166763490169,-0.07747522163234975,0.9126048088941413,0.9289978501916595,0.9823540589527348,2031,2137,,,,,,,,,,,,,mcf7+TGFB_FOS,mcf7+TGFB,FOS,False,False,7
mcf7+TGFB_FOXP2,0.29571933,0.25357112,1.1662185,0.8859807,-0.14440979,0.7925047217117146,-0.003410223395322271,0.9080752610395557,0.9244845819019453,0.9822503033759302,2119,1982,0.31941622495651245,0.5376998782157898,0.5940418243408203,-1.0,1.0,-0.9999999999999999,0.9999999999999999,0.9727613028924629,0.9357831658969296,1.0395157108432171,1.0,1.0,mcf7+TGFB_FOXP2,mcf7+TGFB,FOXP2,False,True,7
mcf7+TGFB_HDAC4,0.3023415,0.3092712,0.9775935,0.87359893,0.073562495,0.7643644077324743,0.2186691046669693,0.8957082707442011,0.9068931873166421,0.9876667762765585,2555,1551,1.1060413122177124,1.5182063579559326,0.7285184264183044,0.43373098969459534,0.15386466681957245,0.3453846153846154,0.09153846153846153,0.8002435720568847,0.8042998288409005,0.9949567852204303,23.0,2.0,mcf7+TGFB_HDAC4,mcf7+TGFB,HDAC4,False,True,7
mcf7+TGFB_HDAC5,0.29210493,0.233281,1.2521591,0.8957411,-0.23149276,0.825507142388532,-0.10187295066524939,0.9180494464706035,0.9345787538786406,0.982313628103102,1964,2222,0.44713032245635986,0.7800992727279663,0.573171079158783,,,,,,,,1.0,0.0,mcf7+TGFB_HDAC5,mcf7+TGFB,HDAC5,False,True,7
mcf7+TGFB_HRAS,0.29056177,0.23170967,1.2539907,0.89675796,-0.2165973,0.8287038330921151,-0.08784172585399476,0.9190727348081055,0.9353213906006844,0.9826277299376809,1977,2221,,,,,,,,,,,,,mcf7+TGFB_HRAS,mcf7+TGFB,HRAS,False,True,7
mcf7+TGFB_IKBKB,0.32785442,0.35026288,0.9360239,0.86341697,0.14343749,0.7543581699917213,0.3095312574417322,0.8863500309062499,0.8954785583014389,0.9898059788137148,2622,1414,1.682448148727417,2.3749773502349854,0.7084059715270996,0.5092547535896301,0.14865843951702118,0.6549345826663171,0.23384615384615384,0.704657870258828,0.7014201206216222,1.0046159919597635,23.0,2.0,mcf7+TGFB_IKBKB,mcf7+TGFB,IKBKB,False,True,7
mcf7+TGFB_IRF7,0.31013596,0.24725781,1.2543019,0.8876836,-0.27740204,0.8217154302274775,-0.09636689800677707,0.9110594501089957,0.9297838162212049,0.9798615917103095,2008,2158,0.28179994225502014,0.03659486770629883,7.700531959533691,1.0,1.0,0.9999999999999999,0.9999999999999999,0.9733750106272429,0.9957352464639109,0.9775439948359019,0.0,2.0,mcf7+TGFB_IRF7,mcf7+TGFB,IRF7,False,True,7
mcf7+TGFB_JUN,0.30980578,0.24338232,1.2729182,0.8879925,-0.3046853,0.8287898558381607,-0.13094940975268787,0.9118535718965946,0.9313331409036634,0.9790842093429983,1976,2205,,,,,,,,,,,,,mcf7+TGFB_JUN,mcf7+TGFB,JUN,False,True,7
mcf7+TGFB_KRAS,0.2899123,0.23569185,1.2300482,0.8962805,-0.20694803,0.8276646751527768,-0.06646995911606024,0.9188034246578609,0.9343955199895186,0.9833131741344044,2043,2172,,,,,,,,,,,,,mcf7+TGFB_KRAS,mcf7+TGFB,KRAS,False,True,7
mcf7+TGFB_MAP3K7,0.30651397,0.24379966,1.2572371,0.88872695,-0.2584928,0.815139598936834,-0.12772420911225355,0.9114833028816985,0.9301345397772321,0.9799478074429957,1908,2262,,,,,,,,,,,,,mcf7+TGFB_MAP3K7,mcf7+TGFB,MAP3K7,False,True,7
mcf7+TGFB_MAPK1,0.30465448,0.2607451,1.1683996,0.887265,-0.14572823,0.8049726229265656,-0.03621695954893422,0.909578010222206,0.9240604835094622,0.9843273535166728,2040,2116,1.2148863077163696,1.2448804378509521,0.9759060144424438,0.412497341632843,0.08506230264902115,0.19780219780219782,0.13736263736263735,0.8264830050694757,0.8404098212789971,0.9834285418174593,5.0,8.0,mcf7+TGFB_MAPK1,mcf7+TGFB,MAPK1,False,False,7
mcf7+TGFB_MAPK3,0.29440123,0.24648336,1.1944062,0.8931914,-0.13984326,0.8095302086966774,-0.07796689989580283,0.9148258166184581,0.9291372617325322,0.9845970604091498,1936,2228,,,,,,,,,,,,,mcf7+TGFB_MAPK3,mcf7+TGFB,MAPK3,False,True,7
mcf7+TGFB_MAPK14,0.30201012,0.23939869,1.2615362,0.8904549,-0.29122943,0.8231737630751554,-0.1337553786629989,0.913596661845343,0.9323035938008714,0.9799347207498549,1943,2238,,,,,,,,,,,,,mcf7+TGFB_MAPK14,mcf7+TGFB,MAPK14,False,True,7
mcf7+TGFB_MED15,0.28961012,0.25646016,1.1292597,0.8894111,-0.11302836,0.7938804680274658,0.06444056350228973,0.9111929352675089,0.9249003864791496,0.98517953780534,2271,1872,2.031182050704956,1.9834041595458984,1.0240888595581055,-1.0,-1.0,-0.9999999999999999,-0.9999999999999999,0.5967865889028432,0.6531824431474449,0.9136598743027279,1.0,1.0,mcf7+TGFB_MED15,mcf7+TGFB,MED15,False,True,7
mcf7+TGFB_MYC,0.28718477,0.23612522,1.2162393,0.8952309,-0.18974876,0.8213056644646534,0.02236797404498515,0.9179187208164598,0.9339366038224828,0.9828490681910701,2312,1888,,,,,,,,,,,,,mcf7+TGFB_MYC,mcf7+TGFB,MYC,False,False,7
mcf7+TGFB_NFKB1,0.29796293,0.24375777,1.2223731,0.88881195,-0.233605,0.8115904708842482,0.01122354399155704,0.9119158199377836,0.9302556196643034,0.9802852040462405,2279,1887,0.07798310369253159,0.30315110087394714,0.25724169611930847,,,,,,,,1.0,0.0,mcf7+TGFB_NFKB1,mcf7+TGFB,NFKB1,False,True,7
mcf7+TGFB_NRAS,0.29346332,0.30247822,0.97019655,0.8764808,0.10319638,0.7627469803241355,0.2677517897408317,0.8989820015209331,0.908833648162985,0.9891601211487219,2631,1495,1.1280544996261597,1.329832911491394,0.8482678532600403,0.5338441133499146,-0.04232088103890419,0.19,0.07076923076923076,0.7822642073511904,0.8140104919701903,0.961000153029769,17.0,8.0,mcf7+TGFB_NRAS,mcf7+TGFB,NRAS,False,True,7
mcf7+TGFB_PAK1,0.29453653,0.23544878,1.250958,0.8939221,-0.24338526,0.8172828007831466,-0.08671192050695103,0.9165302965006434,0.9339311665343563,0.9813681450440462,2042,2155,,,,,,,,,,,,,mcf7+TGFB_PAK1,mcf7+TGFB,PAK1,False,False,7
mcf7+TGFB_PIK3CA,0.30040663,0.25146785,1.1946125,0.8883308,-0.20960487,0.8097269811946327,0.002372710149575641,0.9113454978839696,0.9278623499153779,0.9821990276543556,2153,2009,,,,,,,,,,,,,mcf7+TGFB_PIK3CA,mcf7+TGFB,PIK3CA,False,True,7
mcf7+TGFB_PPP2CA,0.2926614,0.24781355,1.1809741,0.89116484,-0.15134913,0.8014274307080701,0.017676547561794282,0.9133594005891147,0.9287499371610077,0.9834287616546832,2194,1973,,,,,,,,,,,,,mcf7+TGFB_PPP2CA,mcf7+TGFB,PPP2CA,False,True,7
mcf7+TGFB_PRKCA,0.2900671,0.23395371,1.2398483,0.8960253,-0.21900928,0.8257895218562449,-0.08981830333102321,0.9180485937144227,0.9341807405175842,0.9827312359338265,1972,2206,,,,,,,,,,,,,mcf7+TGFB_PRKCA,mcf7+TGFB,PRKCA,False,True,7
mcf7+TGFB_RAF1,0.29140195,0.25553855,1.1403444,0.890026,-0.10546927,0.7994178083179901,0.04944762860374582,0.911731753389574,0.9255220048182977,0.9851000285709781,2215,1932,0.31358838081359863,0.8816887736320496,0.3556678891181946,0.5178177356719971,0.8717222213745117,0.6,0.8999999999999998,0.841477595021964,0.8364138055310306,1.0060541677545822,5.0,0.0,mcf7+TGFB_RAF1,mcf7+TGFB,RAF1,False,True,7
mcf7+TGFB_RBL1,0.29342675,0.2619469,1.1201766,0.886543,-0.08020297,0.7911427927612341,0.09504086617534802,0.9088474923848571,0.9230101254735454,0.9846560371356464,2348,1802,,,,,,,,,,,,,mcf7+TGFB_RBL1,mcf7+TGFB,RBL1,False,True,7
mcf7+TGFB_RBX1,0.2776082,0.2395449,1.1588984,0.8963407,-0.09750314,0.8067838922072941,0.08878376616787872,0.9179064863108285,0.9315460397104501,0.9853581542745207,2352,1803,,,,,,,,,,,,,mcf7+TGFB_RBX1,mcf7+TGFB,RBX1,False,True,7
mcf7+TGFB_RELA,0.29951298,0.24320488,1.2315254,0.8916138,-0.21218583,0.8124737939597246,-0.09900000476010318,0.9138005750752148,0.9302833369403078,0.9822819981713263,1931,2226,1.1449432373046875,1.0967106819152832,1.043979287147522,,,,,,,,0.0,1.0,mcf7+TGFB_RELA,mcf7+TGFB,RELA,False,True,7
mcf7+TGFB_RHOA,0.28481093,0.29021227,0.98138833,0.88,0.09454006,0.7535129203401423,0.319318839502064,0.9024535946154646,0.9126301963449575,0.9888491507619958,2777,1326,1.2706719636917114,2.0143678188323975,0.6308043599128723,0.5269688963890076,0.09140393137931824,0.40307692307692305,0.0723076923076923,0.8174129840115324,0.8374214757618659,0.9761070233694088,23.0,2.0,mcf7+TGFB_RHOA,mcf7+TGFB,RHOA,False,True,7
mcf7+TGFB_RPS6KB1,0.28972304,0.2417643,1.1983697,0.89548135,-0.13922967,0.826912538375085,-0.05069382294649387,0.9174904726231136,0.9317122383841866,0.9847358817721049,2044,2124,,,,,,,,,,,,,mcf7+TGFB_RPS6KB1,mcf7+TGFB,RPS6KB1,False,True,7
mcf7+TGFB_RUNX1,0.30200243,0.23239248,1.2995362,0.8930348,-0.3037725,0.8316386237180176,-0.16576051366710662,0.9162148842969566,0.9351986008327943,0.9797008715379465,1855,2376,,,,,,,,,,,,,mcf7+TGFB_RUNX1,mcf7+TGFB,RUNX1,False,True,7
mcf7+TGFB_RUNX2,0.27979296,0.2475969,1.1300342,0.8943802,-0.06684796,0.7957935289387003,0.1118499406090456,0.915473596359863,0.9284444882149875,0.9860294373871915,2360,1789,,,,,,,,,,,,,mcf7+TGFB_RUNX2,mcf7+TGFB,RUNX2,False,False,7
mcf7+TGFB_RUNX3,0.29146597,0.23814633,1.2238944,0.8952873,-0.19774514,0.8259802274643356,-0.06394113703613763,0.9172687598830527,0.9328289577625568,0.9833193451489476,2035,2151,0.22653549909591675,0.060265667736530304,3.7589478492736816,,,,,,,,0.0,1.0,mcf7+TGFB_RUNX3,mcf7+TGFB,RUNX3,False,True,7
mcf7+TGFB_SKP1,0.24251337,0.2770188,0.8754402,0.8820734,0.21873775,0.7393568190423296,0.4552621836319417,0.9036258427949095,0.9175367645416801,0.9848388399415045,3015,1025,1.4689701795578003,2.035562753677368,0.7216531038284302,0.1373564600944519,-0.3438272476196289,0.2692307692307692,-0.21923076923076923,0.600983290155938,0.7027312036724592,0.8552107648204766,22.0,3.0,mcf7+TGFB_SKP1,mcf7+TGFB,SKP1,False,True,7
mcf7+TGFB_SMAD1,0.30370736,0.25165328,1.2068484,0.88906896,-0.19300127,0.8092308831006282,-0.06803658363265988,0.9113496501592979,0.9273751152761853,0.9827195437391969,2017,2145,,,,,,,,,,,,,mcf7+TGFB_SMAD1,mcf7+TGFB,SMAD1,False,True,7
mcf7+TGFB_SMAD2,0.29008505,0.23370174,1.2412618,0.8967653,-0.2141926,0.8283177928609321,-0.08988536513582723,0.9189548331430288,0.9346775412464242,0.9831784680710006,1942,2239,,,,,,,,,,,,,mcf7+TGFB_SMAD2,mcf7+TGFB,SMAD2,False,True,7
mcf7+TGFB_SMAD3,0.28575587,0.2290901,1.2473515,0.89851075,-0.21780086,0.837252554736323,-0.08590268071539617,0.9206748883071009,0.9365351538603148,0.9830649543822895,1976,2237,,,,,,,,,,,,,mcf7+TGFB_SMAD3,mcf7+TGFB,SMAD3,False,True,7
mcf7+TGFB_SMAD4,0.3055015,0.26370972,1.1584764,0.88376296,-0.15168424,0.8026680113490219,0.012686013904526953,0.9069970863096882,0.9226005005387928,0.9830875723349464,2196,1959,1.1976574659347534,1.039923906326294,1.1516779661178589,0.22050431370735168,-0.36679723858833313,0.26076923076923075,-0.25230769230769234,0.7377235664685066,0.8094498105627569,0.91138889260548,11.0,14.0,mcf7+TGFB_SMAD4,mcf7+TGFB,SMAD4,False,True,7
mcf7+TGFB_SMAD5,0.29244635,0.28000543,1.044431,0.8800525,-0.0020270962,0.78128943003441,0.17404667582342007,0.9025848243585816,0.9158534849626973,0.9855122453296598,2474,1667,1.4089196920394897,1.8743188381195068,0.7516969442367554,0.3908146321773529,0.04091263934969902,0.29000000000000004,0.0876923076923077,0.7845421714306732,0.8135597771595519,0.964332546244862,18.0,7.0,mcf7+TGFB_SMAD5,mcf7+TGFB,SMAD5,False,True,7
mcf7+TGFB_SMAD6,0.2826888,0.23490849,1.2033997,0.89612097,-0.17741187,0.8144362125631288,0.001967483277958041,0.9180833035881486,0.9334406857405362,0.9835475543470618,2174,1994,,,,,,,,,,,,,mcf7+TGFB_SMAD6,mcf7+TGFB,SMAD6,False,False,7
mcf7+TGFB_SMAD7,0.2885463,0.2412955,1.1958213,0.89321065,-0.16969356,0.7997803488073241,-0.02564284142928552,0.9144631898363415,0.9297802020219785,0.9835262009748891,2085,2074,0.49054446816444397,1.3725852966308594,0.3573872447013855,,,,,,,,1.0,0.0,mcf7+TGFB_SMAD7,mcf7+TGFB,SMAD7,False,True,7
mcf7+TGFB_SMAD9,0.22938083,0.18976939,1.2087346,0.9179652,-0.11322761,0.8309081616627881,-0.004408903222468193,0.9358978930062112,0.9471244553580976,0.9881466872823574,2059,2115,0.4636714458465576,0.6619368195533752,0.700476884841919,0.7111670970916748,0.5967128872871399,0.6799999999999999,0.693076923076923,0.9294792506726547,0.8737858001748149,1.0637381043348353,18.0,7.0,mcf7+TGFB_SMAD9,mcf7+TGFB,SMAD9,False,True,7
mcf7+TGFB_SMURF1,0.289338,0.2290233,1.2633562,0.8972696,-0.23566523,0.8351808346809696,-0.1179733295821378,0.9197163910838689,0.9362573689548143,0.9823328729690953,1933,2290,0.4243493974208832,0.3738485872745514,1.135083556175232,,,,,,,,0.0,1.0,mcf7+TGFB_SMURF1,mcf7+TGFB,SMURF1,False,True,7
mcf7+TGFB_SMURF2,0.2903689,0.23395117,1.2411518,0.89583504,-0.21650325,0.8137131631874778,-0.08962560388269483,0.9178473189313041,0.9339799975789432,0.9827269548711342,1962,2220,,,,,,,,,,,,,mcf7+TGFB_SMURF2,mcf7+TGFB,SMURF2,False,True,7
mcf7+TGFB_SP1,0.29008365,0.2495043,1.1626399,0.89348054,-0.10510958,0.8095229144921083,-0.0146526610571787,0.9146700379942566,0.927924246925431,0.9857162812857939,2077,2064,,,,,,,,,,,,,mcf7+TGFB_SP1,mcf7+TGFB,SP1,False,True,7
mcf7+TGFB_TGFBR1,0.30867794,0.24990092,1.2352012,0.88839024,-0.24628581,0.813489470051159,-0.06137518538576671,0.9115660129848232,0.9291393285276618,0.9810864581841716,2037,2128,1.0526467561721802,1.0187828540802002,1.0332396030426025,0.501433253288269,0.1353168487548828,0.44846153846153847,0.1576923076923077,0.7849865728210682,0.7906851458023969,0.9927928670323688,12.0,13.0,mcf7+TGFB_TGFBR1,mcf7+TGFB,TGFBR1,False,True,7
mcf7+TGFB_TGFBR2,0.3099989,0.24797261,1.2501336,0.8893675,-0.25464243,0.8266260750981861,-0.09432811304470107,0.9126857013117907,0.9301604372923696,0.9812132022821282,1970,2198,0.6747599244117737,0.9794123768806458,0.68894362449646,0.11554127931594849,0.6419572830200195,-0.11666666666666665,0.5,0.724764601952427,0.726357528037432,0.9978069669225994,6.0,3.0,mcf7+TGFB_TGFBR2,mcf7+TGFB,TGFBR2,False,True,7
mcf7+TGFB_TGFBR3,0.2943309,0.2501411,1.1766595,0.8913929,-0.15592133,0.7994852855311058,-0.021033513826882153,0.9129922877800808,0.9275237485596013,0.9843330579922216,2059,2095,0.23769545555114746,0.26819512248039246,0.8862780928611755,-0.4051722288131714,0.25665566325187683,-0.19999999999999998,-0.09999999999999999,0.7908352660057176,0.8172490502936148,0.9676796390544504,4.0,1.0,mcf7+TGFB_TGFBR3,mcf7+TGFB,TGFBR3,False,True,7
mcf7+TGFB_TGIF1,0.2953894,0.24804252,1.1908822,0.89059436,-0.17062816,0.8021333348414443,-0.012337547761887327,0.9126174522374398,0.9283423623001252,0.9830613029187592,2140,2022,2.8196358680725098,2.4139130115509033,1.1680768728256226,1.0,-1.0,0.9999999999999999,-0.9999999999999999,0.8918954736928383,0.953978983315356,0.9349215122048503,1.0,1.0,mcf7+TGFB_TGIF1,mcf7+TGFB,TGIF1,False,True,7
mcf7+TNFA_BIRC3,0.019601094,0.24925937,0.07863734,0.99321026,0.9613428,0.8668014749025085,0.8582223492460554,0.9946449785599398,0.9298870618034666,1.069640625637783,3475,677,0.06143086031079292,1.0806889533996582,0.056844163686037064,0.8822552561759949,0.9508885741233826,0.8223076923076923,0.9630769230769232,0.9556414171921374,0.76463759846073,1.2497965299063396,22.0,3.0,mcf7+TNFA_BIRC3,mcf7+TNFA,BIRC3,True,False,7
mcf7+TNFA_CASP3,0.028557368,0.22943845,0.12446635,0.98992926,0.934983,0.8256045471086156,0.8344570480575477,0.9920761178405514,0.9338598796369041,1.0623393717548746,3413,689,0.1665296107530594,0.3471163809299469,0.4797515273094177,0.9218387603759766,0.8827395439147949,0.6689748152215569,0.7776923076923077,0.9552099568112488,0.5554197453990996,1.7197983412074738,14.0,11.0,mcf7+TNFA_CASP3,mcf7+TNFA,CASP3,True,False,7
mcf7+TNFA_CASP8,0.026838822,0.25147563,0.10672534,0.9907739,0.945472,0.8020237668979077,0.8482885740970177,0.9926804312257745,0.9269995729150633,1.0708531699795392,3475,628,0.1598253846168518,0.6894733905792236,0.2318079024553299,0.7866442203521729,0.8746686577796936,0.5577995871600101,0.9046153846153847,0.8630146854477858,0.8037555686437114,1.0737277838137662,21.0,4.0,mcf7+TNFA_CASP8,mcf7+TNFA,CASP8,True,False,7
mcf7+TNFA_CHUK,0.02070365,0.24126823,0.08581175,0.9927142,0.95696914,0.8529921072441927,0.8459992650907513,0.9941810129321033,0.9304810319023117,1.0684591935201095,3389,707,0.09463769942522049,0.5042399764060974,0.1876838505268097,0.8681590557098389,0.9520794749259949,0.7682246727989932,0.9084615384615384,0.8848741413367035,0.6918746212253989,1.2789515819636188,19.0,6.0,mcf7+TNFA_CHUK,mcf7+TNFA,CHUK,True,False,7
mcf7+TNFA_CSF2,0.028328748,0.24219052,0.116968855,0.99018383,0.93973,0.8572940627878405,0.8284238644066538,0.9923547808981137,0.9327110220182384,1.0639466645851527,3495,737,0.009331727400422096,0.6231574416160583,0.014974911697208881,0.8154775500297546,0.9491919875144958,0.9761904761904763,0.9761904761904763,0.939542083951966,0.9267044620245545,1.0138529838297805,8.0,0.0,mcf7+TNFA_CSF2,mcf7+TNFA,CSF2,True,False,7
mcf7+TNFA_FOS,0.02435754,0.22991987,0.10593926,0.9915247,0.94528586,0.8693475850303944,0.8490264419955871,0.993399484406849,0.9357377436140989,1.061621689609359,3483,677,0.2008458524942398,0.014263655059039593,14.080952644348145,0.9978907108306885,0.5733269453048706,1.0,0.5,0.8968095310403689,0.9681049065009929,0.9263557337827097,1.0,2.0,mcf7+TNFA_FOS,mcf7+TNFA,FOS,True,False,7
mcf7+TNFA_MYC,0.031512048,0.24819124,0.1269668,0.9892647,0.9356431,0.8178536127209168,0.8286208646004662,0.991568159979376,0.9304990161038326,1.0656305303053957,3464,713,0.012286122888326645,0.8037303686141968,0.015286373905837536,0.7715505361557007,0.9737304449081421,0.6857707509881423,0.9604743083003953,0.9126116461476891,0.8850386644043903,1.0311545504758877,22.0,1.0,mcf7+TNFA_MYC,mcf7+TNFA,MYC,True,False,7
a549+IFNB_ELK1,0.039396126,0.3987186,0.09880684,0.9886345,0.9508792,0.8405917221489405,0.8587638764899481,0.9912467493287663,0.904685433673598,1.0956811201255605,3576,725,,,,,,,,,,,,,a549+IFNB_ELK1,a549+IFNB,ELK1,True,False,8
a549+IFNB_MAPK8,0.02619413,0.38842106,0.06743746,0.9919868,0.96585953,0.8515117143289231,0.8581462319772848,0.9938519497288554,0.9047897300974063,1.0984341628434056,3527,760,,,,,,,,,,,,,a549+IFNB_MAPK8,a549+IFNB,MAPK8,True,False,8
a549+INS_HSF1,0.031242087,0.31968573,0.0977275,0.99051696,0.9498417,0.8422510791949043,0.8155042697682403,0.9927117350574345,0.9236341529856515,1.0747888997483357,3386,813,,,,,,,,,,,,,a549+INS_HSF1,a549+INS,HSF1,True,False,8
a549+TGFB_AKT1,0.36662787,0.35302177,1.0385418,0.88190734,0.018974919,0.8467960779958683,0.0882527741249491,0.9106685308615292,0.9142765231895081,0.9960537187202486,2336,1909,,,,,,,,,,,,,a549+TGFB_AKT1,a549+TGFB,AKT1,False,True,8
a549+TGFB_ATF2,0.34632906,0.35744855,0.9688921,0.8868034,0.19143125,0.8274000729299718,0.19006464373065518,0.9131637584002791,0.9100714713765428,1.0033978507413919,2429,1761,0.2214730679988861,0.38694363832473755,0.5723651647567749,-0.22656136751174927,0.9591050744056702,-0.3,0.9999999999999999,0.6227183010588637,0.5396930027460538,1.1538380114071565,4.0,1.0,a549+TGFB_ATF2,a549+TGFB,ATF2,False,True,8
a549+TGFB_CHUK,0.35622233,0.3622739,0.9832956,0.8826499,0.14917171,0.8177410566919473,0.20820829382845518,0.9096368146401012,0.9078524915599128,1.0019654328173098,2491,1682,0.33081385493278503,0.5396566987037659,0.6130079627037048,-0.09726796299219131,0.7822793126106262,-0.1769571104093825,0.5807692307692308,0.6247778536211,0.5948187978892353,1.050366692912492,15.0,10.0,a549+TGFB_CHUK,a549+TGFB,CHUK,False,False,8
a549+TGFB_CREBBP,0.33581078,0.34281197,0.9795772,0.8931077,0.18403313,0.842981031080173,0.21345228839386116,0.9188308699612137,0.9163259594218852,1.0027336457224336,2522,1736,,,,,,,,,,,,,a549+TGFB_CREBBP,a549+TGFB,CREBBP,False,True,8
a549+TGFB_CUL1,0.37451124,0.37666005,0.9942951,0.8638238,0.14241277,0.7766897338783777,0.3285984525484593,0.8931014444702579,0.8946377855695519,0.99828272276884,2764,1389,0.37823715806007385,0.6231775879859924,0.6069492101669312,0.1979137808084488,0.4151332974433899,0.21696480493672116,0.43615384615384617,0.6936956334978561,0.7901186885320307,0.8779638345052692,22.0,3.0,a549+TGFB_CUL1,a549+TGFB,CUL1,False,True,8
a549+TGFB_EP300,0.3486917,0.3616044,0.96429056,0.8799053,0.19369006,0.8099345335927058,0.23686283191135782,0.9067974309517332,0.9036266524202989,1.0035089475536623,2501,1668,0.5133416652679443,0.7305575609207153,0.7026710510253906,0.11403737217187881,0.5854474306106567,0.2869230769230769,0.6476923076923076,0.6306221362168061,0.6593339034014034,0.9564533735691769,23.0,2.0,a549+TGFB_EP300,a549+TGFB,EP300,False,True,8
a549+TGFB_FOS,0.35741568,0.35513866,1.0064117,0.8845368,0.092545465,0.839360821192186,0.17608046738918334,0.9119753862035834,0.9123815545765712,0.999554826189821,2456,1745,0.05479493364691734,0.0006116715376265347,89.58228302001953,,,,,,,,0.0,1.0,a549+TGFB_FOS,a549+TGFB,FOS,False,True,8
a549+TGFB_FOXP2,0.34597203,0.35718247,0.9686142,0.8878517,0.19856939,0.8234831263043622,0.23354914507803928,0.9140027444676183,0.9104224792119116,1.0039325316954013,2513,1666,0.13514526188373566,0.28473955392837524,0.47462764382362366,,,,,,,,1.0,0.0,a549+TGFB_FOXP2,a549+TGFB,FOXP2,False,True,8
a549+TGFB_HDAC4,0.3548866,0.36884028,0.96216875,0.88100374,0.19524333,0.8107089767039282,0.16268898699511739,0.907757076064725,0.9039121908715382,1.0042536047549924,2337,1827,0.9829161167144775,0.9575132131576538,1.0265300273895264,0.4627370834350586,-0.04256831109523773,0.025384615384615387,0.06538461538461539,0.662754407601721,0.6678968057471066,0.9923006097631604,14.0,11.0,a549+TGFB_HDAC4,a549+TGFB,HDAC4,False,False,8
a549+TGFB_HDAC5,0.34154537,0.35422087,0.9642159,0.89087266,0.19778106,0.8491208735475119,0.1827700147537514,0.9173870189512681,0.914397544672876,1.0032693376046427,2480,1791,,,,,,,,,,,,,a549+TGFB_HDAC5,a549+TGFB,HDAC5,False,True,8
a549+TGFB_HRAS,0.33587614,0.35158452,0.9553212,0.8930713,0.21512613,0.8545657550637871,0.1893400757612489,0.9191895410692961,0.915438835389655,1.0040971668828584,2483,1834,,,,,,,,,,,,,a549+TGFB_HRAS,a549+TGFB,HRAS,False,True,8
a549+TGFB_IKBKB,0.35068408,0.37283233,0.9405946,0.8761395,0.22566062,0.7945178711149539,0.28716619090019474,0.9028573525425309,0.8978437387315027,1.0055840605605955,2609,1545,0.49276280403137207,0.834251880645752,0.5906643271446228,0.03236118704080582,0.6560261845588684,0.13615384615384615,0.6153846153846153,0.6934693217515493,0.6781097578801856,1.022650557218611,16.0,9.0,a549+TGFB_IKBKB,a549+TGFB,IKBKB,False,True,8
a549+TGFB_IRF7,0.3737814,0.35426527,1.0550891,0.87910914,-0.01201807,0.8440612986224177,0.09421630948199791,0.9081724075507471,0.9132323841268057,0.9944592672533216,2343,1875,,,,,,,,,,,,,a549+TGFB_IRF7,a549+TGFB,IRF7,False,True,8
a549+TGFB_JUN,0.37985298,0.36006343,1.0549613,0.8751037,-0.011491504,0.8260499472014826,0.07233832016472286,0.904691589005,0.9099140374661107,0.9942605034694773,2251,1950,0.43595755100250244,0.7095383405685425,0.6144242286682129,0.6023015379905701,0.5649068355560303,0.39999999999999997,0.39999999999999997,0.9066988972136958,0.8592075704232573,1.0552734035700402,4.0,0.0,a549+TGFB_JUN,a549+TGFB,JUN,False,True,8
a549+TGFB_KRAS,0.34764516,0.35913035,0.9680194,0.88636124,0.187147,0.8423699798766614,0.15326075884539367,0.9136648773904142,0.9107174729576405,1.003236354325345,2388,1830,0.5570439100265503,0.5461766123771667,1.0198969841003418,0.5712031126022339,0.07388464361429214,0.24848484848484845,-0.07878787878787878,0.7647659106809201,0.7684775198339834,0.9951701786229673,4.0,6.0,a549+TGFB_KRAS,a549+TGFB,KRAS,False,True,8
a549+TGFB_MAP3K7,0.34789374,0.35481283,0.9804993,0.8885473,0.16298027,0.8455003592061997,0.1775330433466344,0.9154268615121891,0.9136652452031001,1.0019280763040268,2430,1797,,,,,,,,,,,,,a549+TGFB_MAP3K7,a549+TGFB,MAP3K7,False,True,8
a549+TGFB_MAPK1,0.34550554,0.36497775,0.94664824,0.88600683,0.23244928,0.8297361387928663,0.17836202197383472,0.9124086909344616,0.9071958242944772,1.0057461316513867,2377,1799,0.741722583770752,0.786075234413147,0.9435771107673645,0.70350182056427,0.2003270983695984,0.49538461538461537,0.2592307692307692,0.8211556658026171,0.8100984422021399,1.0136492344935508,12.0,13.0,a549+TGFB_MAPK1,a549+TGFB,MAPK1,False,True,8
a549+TGFB_MAPK3,0.33416557,0.35277414,0.9472508,0.8925138,0.23335245,0.8475216723705561,0.17900641284321733,0.9182460004926697,0.9134943126816195,1.005201661077781,2395,1826,,,,,,,,,,,,,a549+TGFB_MAPK3,a549+TGFB,MAPK3,False,True,8
a549+TGFB_MAPK14,0.36231923,0.35119453,1.0316768,0.8841686,0.044119645,0.8450432522811495,0.13659890815286985,0.9122977922538433,0.9150969187789125,0.9969411693257537,2412,1820,0.4185729920864105,0.6561527252197266,0.637920081615448,,,,,,,,1.0,0.0,a549+TGFB_MAPK14,a549+TGFB,MAPK14,False,True,8
a549+TGFB_MED15,0.3435999,0.34921467,0.98392165,0.89220726,0.176323,0.845814853170113,0.21274824914947385,0.9183401281259532,0.9158794651389881,1.0026866668384051,2496,1758,0.5634562969207764,0.5290696620941162,1.0649945735931396,0.5422584414482117,0.036054156720638275,0.2912087912087912,-0.07142857142857142,0.6771648630416592,0.709314200395871,0.9546754635163527,6.0,7.0,a549+TGFB_MED15,a549+TGFB,MED15,False,True,8
a549+TGFB_MYC,0.36962178,0.35600835,1.0382391,0.8805892,0.017664153,0.8428845760318063,0.10864960530888876,0.909409568340417,0.9130287043039859,0.9960361202813138,2394,1833,4.977219104766846,5.0871148109436035,0.9783972501754761,,,,,,,,1.0,0.0,a549+TGFB_MYC,a549+TGFB,MYC,False,True,8
a549+TGFB_NFKB1,0.38159397,0.35937306,1.0618324,0.87597245,-0.0008296501,0.8250956562464739,0.16633134033852903,0.905120865832319,0.9102816809091018,0.9943305295657179,2471,1708,1.0141745805740356,1.196213960647583,0.8478204011917114,-0.054547831416130066,0.5377098917961121,-0.09999999999999999,0.49999999999999994,0.79975981872134,0.7531669385304457,1.0618626201009365,3.0,2.0,a549+TGFB_NFKB1,a549+TGFB,NFKB1,False,True,8
a549+TGFB_NRAS,0.33311602,0.3555413,0.9369264,0.88450825,0.24149358,0.798236836515495,0.31192371016306186,0.9096697675890754,0.9036974912497312,1.0066087118722495,2651,1501,0.26407766342163086,0.5790444016456604,0.45605769753456116,0.5024318695068359,0.837242066860199,0.34384615384615386,0.7384615384615385,0.7559872452893889,0.7079013235345811,1.0679274358673505,21.0,4.0,a549+TGFB_NRAS,a549+TGFB,NRAS,False,True,8
a549+TGFB_PAK1,0.33878705,0.35357976,0.958163,0.89159596,0.20953083,0.8492264836378508,0.17642465261094473,0.917870335662373,0.9142689976318182,1.0039390354916147,2418,1850,,,,,,,,,,,,,a549+TGFB_PAK1,a549+TGFB,PAK1,False,True,8
a549+TGFB_PIK3CA,0.35994533,0.35511976,1.0135885,0.8840973,0.09105858,0.8405051941576918,0.1846882679089967,0.9115596394882329,0.9121995129076419,0.9992985378633131,2482,1713,1.2293177843093872,1.4466338157653809,0.8497781157493591,,,,,,,,1.0,0.0,a549+TGFB_PIK3CA,a549+TGFB,PIK3CA,False,True,8
a549+TGFB_PPP2CA,0.34990224,0.35907456,0.97445565,0.88725126,0.18652767,0.8325265835306587,0.2041852554993203,0.9138164470585952,0.9109448652522961,1.003152311315245,2463,1729,,,,,,,,,,,,,a549+TGFB_PPP2CA,a549+TGFB,PPP2CA,False,True,8
a549+TGFB_PRKCA,0.33898166,0.35401738,0.9575283,0.8913211,0.21103007,0.846936650244689,0.18118160264791786,0.917532439083254,0.9138141018206313,1.0040690302931576,2403,1830,,,,,,,,,,,,,a549+TGFB_PRKCA,a549+TGFB,PRKCA,False,True,8
a549+TGFB_RAF1,0.34046888,0.3548662,0.95942885,0.8884507,0.20969805,0.8231538418228831,0.21251445535139715,0.9141973584038785,0.9101649643353321,1.0044303991326353,2450,1735,0.6642306447029114,0.6339206099510193,1.0478136539459229,0.059258945286273956,-0.11625955253839493,-0.010723864871956167,-0.35,0.5908796335407387,0.6300465388203759,0.9378349012868659,7.0,8.0,a549+TGFB_RAF1,a549+TGFB,RAF1,False,True,8
a549+TGFB_RBL1,0.3406789,0.35284942,0.96550786,0.8871177,0.19185936,0.8258961136018064,0.24922820033985182,0.912695471544623,0.9091359533423815,1.00391527602572,2541,1607,0.8101221323013306,0.9236307740211487,0.8771060705184937,0.35105887055397034,0.1995542198419571,-0.0585178326859071,0.2946153846153846,0.6481320729504898,0.6534318149930839,0.9918893725083616,19.0,6.0,a549+TGFB_RBL1,a549+TGFB,RBL1,False,True,8
a549+TGFB_RBX1,0.35229295,0.35813653,0.98368335,0.8867002,0.17542839,0.8284510455118498,0.19762512826329745,0.9134909488021874,0.9113285123837626,1.0023728396390985,2465,1732,,,,,,,,,,,,,a549+TGFB_RBX1,a549+TGFB,RBX1,False,True,8
a549+TGFB_RELA,0.34227347,0.35401773,0.9668258,0.888763,0.19494286,0.8371742922571394,0.16921313711654637,0.915140295567344,0.912069109114625,1.003367273841453,2402,1805,0.21213239431381226,0.33689698576927185,0.6296654343605042,-0.9999042749404907,0.6821730732917786,-1.0,0.5,0.5449277209974056,0.4894138598804837,1.1134292787100033,1.0,2.0,a549+TGFB_RELA,a549+TGFB,RELA,False,True,8
a549+TGFB_RHOA,0.36384773,0.3739244,0.9730516,0.8792729,0.20672724,0.781898177244831,0.3064067407608498,0.9058156515138465,0.9011947100480174,1.005127572781228,2638,1523,0.4289442300796509,0.8954548835754395,0.47902384400367737,0.5503045320510864,0.7145472168922424,0.3035199132891366,0.733076923076923,0.7765224072190856,0.7343296383517463,1.0574575322358553,20.0,5.0,a549+TGFB_RHOA,a549+TGFB,RHOA,False,True,8
a549+TGFB_RPS6KB1,0.33686596,0.35556552,0.947409,0.8920292,0.23236501,0.8478239382833543,0.18208435286695704,0.9180446438284704,0.9133435478126206,1.0051471278546922,2380,1864,,,,,,,,,,,,,a549+TGFB_RPS6KB1,a549+TGFB,RPS6KB1,False,True,8
a549+TGFB_RUNX1,0.3642251,0.3531911,1.0312408,0.8831169,0.043382518,0.8533590801930858,0.08915386484486058,0.9117376975330466,0.9148538187326596,0.9965938588922001,2363,1931,,,,,,,,,,,,,a549+TGFB_RUNX1,a549+TGFB,RUNX1,False,True,8
a549+TGFB_RUNX2,0.34271437,0.35658297,0.96110696,0.88849604,0.2052483,0.8269137653926064,0.19514562094303328,0.9146681074457702,0.9108894414639788,1.0041483255923116,2407,1792,,,,,,,,,,,,,a549+TGFB_RUNX2,a549+TGFB,RUNX2,False,True,8
a549+TGFB_RUNX3,0.34316567,0.35569125,0.9647852,0.8894217,0.19812387,0.8393622272189716,0.16659284905172086,0.9158280363378283,0.9126656639493357,1.0034649845101087,2386,1838,,,,,,,,,,,,,a549+TGFB_RUNX3,a549+TGFB,RUNX3,False,True,8
a549+TGFB_SKP1,0.35294023,0.35988876,0.98069257,0.8849751,0.2043032,0.7966988884711576,0.3060568383044792,0.9108375240175552,0.9063213873962821,1.0049829306513964,2664,1496,0.5847281217575073,0.7994478344917297,0.7314149737358093,0.26268258690834045,0.37430763244628906,0.19349875333895522,0.4753846153846154,0.6750942215217587,0.7020317775526562,0.9616291500011521,22.0,3.0,a549+TGFB_SKP1,a549+TGFB,SKP1,False,False,8
a549+TGFB_SMAD1,0.3443323,0.35632718,0.9663375,0.88929343,0.1976586,0.838811355490084,0.19538873648210606,0.9156322348869683,0.912283404512706,1.0036708224195432,2466,1738,,,,,,,,,,,,,a549+TGFB_SMAD1,a549+TGFB,SMAD1,False,True,8
a549+TGFB_SMAD2,0.34150565,0.35287586,0.96777844,0.89231706,0.2003142,0.8483801651460209,0.19318990324601293,0.9185152075599263,0.9152964948588027,1.0035165792933798,2484,1805,0.48987069725990295,0.5023295283317566,0.9751979112625122,0.9992285966873169,0.9203800559043884,1.0,0.5,0.9973335647999199,0.9536679877573264,1.04578697995859,1.0,2.0,a549+TGFB_SMAD2,a549+TGFB,SMAD2,False,False,8
a549+TGFB_SMAD3,0.3369301,0.348001,0.96818715,0.89245504,0.19030955,0.8444788918308547,0.15715082136042904,0.9186164877495463,0.9159586046910247,1.0029017501936326,2364,1867,,,,,,,,,,,,,a549+TGFB_SMAD3,a549+TGFB,SMAD3,False,True,8
a549+TGFB_SMAD4,0.31082863,0.32046738,0.96992284,0.9004341,0.20197472,0.8282893311334686,0.19301974574425715,0.9240320340913677,0.9207659381556276,1.003547151127552,2451,1729,3.3686037063598633,3.0283713340759277,1.1123483180999756,0.5426746010780334,0.5159271955490112,0.43538461538461537,0.49846153846153846,0.889636369828546,0.8840529945156423,1.006315656807387,6.0,19.0,a549+TGFB_SMAD4,a549+TGFB,SMAD4,False,True,8
a549+TGFB_SMAD5,0.35022438,0.3644052,0.96108496,0.8819245,0.20524508,0.8065215064714171,0.258115566172812,0.9082371776549985,0.9041882950358093,1.0044779197446134,2549,1608,0.5550893545150757,0.9753977060317993,0.5690903067588806,0.13469114899635315,0.5969852805137634,0.16307692307692304,0.6892307692307692,0.7214805915081632,0.7241407350140844,0.9963264827162783,21.0,4.0,a549+TGFB_SMAD5,a549+TGFB,SMAD5,False,True,8
a549+TGFB_SMAD6,0.34415382,0.3548679,0.9698082,0.8896752,0.18964991,0.8393717361441246,0.17711885233402835,0.9162281900284479,0.9133970340762804,1.003099589605117,2432,1818,,,,,,,,,,,,,a549+TGFB_SMAD6,a549+TGFB,SMAD6,False,True,8
a549+TGFB_SMAD7,0.34199068,0.35738143,0.95693463,0.8899863,0.2178723,0.8291448105161203,0.21576492037945805,0.9160077268323806,0.9116977873754792,1.0047273773355407,2459,1736,,,,,,,,,,,,,a549+TGFB_SMAD7,a549+TGFB,SMAD7,False,True,8
a549+TGFB_SMAD9,0.3453544,0.35666808,0.96827954,0.8901425,0.20631185,0.8340785243665749,0.203820270386392,0.916391059649532,0.9127517660562414,1.00398716686029,2471,1750,,,,,,,,,,,,,a549+TGFB_SMAD9,a549+TGFB,SMAD9,False,False,8
a549+TGFB_SMURF1,0.33980262,0.35671297,0.952594,0.8917155,0.22126026,0.8567192767212448,0.19333961647044673,0.9182598364580311,0.914144438382836,1.004501912282566,2482,1834,2.4792697429656982,2.602647066116333,0.9525954723358154,,,,,,,,1.0,0.0,a549+TGFB_SMURF1,a549+TGFB,SMURF1,False,True,8
a549+TGFB_SMURF2,0.33513114,0.3527595,0.9500272,0.8928615,0.22862385,0.8418727366453882,0.20524038421239243,0.9186717703793126,0.9141487805354321,1.0049477611743147,2414,1811,0.34932056069374084,0.11373145133256912,3.07145094871521,,,,,,,,0.0,1.0,a549+TGFB_SMURF2,a549+TGFB,SMURF2,False,True,8
a549+TGFB_SP1,0.33705372,0.35752204,0.9427495,0.890295,0.24157311,0.8425404741636788,0.20913843273748528,0.9161513253611643,0.9107378008122724,1.0059441087699046,2445,1750,,,,,,,,,,,,,a549+TGFB_SP1,a549+TGFB,SP1,False,True,8
a549+TGFB_TGFBR1,0.32383448,0.32430592,0.9985463,0.8903134,0.13082708,0.8171892128251542,0.08718205492042784,0.9157353051080204,0.9155097184889064,1.000246405488176,2230,1922,2.7206058502197266,2.528473138809204,1.075987696647644,0.5167299509048462,0.20783540606498718,0.41692307692307695,0.2623076923076923,0.8930236154319935,0.8914090699724184,1.0018112284404117,9.0,16.0,a549+TGFB_TGFBR1,a549+TGFB,TGFBR1,False,True,8
a549+TGFB_TGFBR2,0.32672223,0.32957935,0.99133104,0.894966,0.14773342,0.838172781230686,0.1059681001562301,0.9206127530175386,0.920117458188851,1.0005382952190285,2289,1908,1.522429347038269,1.449529767036438,1.050291895866394,0.7641094326972961,0.40699702501296997,0.713076923076923,0.25461538461538463,0.8905513501087716,0.8732158817368191,1.0198524428317457,9.0,16.0,a549+TGFB_TGFBR2,a549+TGFB,TGFBR2,False,True,8
a549+TGFB_TGFBR3,0.34847814,0.35923216,0.97006387,0.88610804,0.1897088,0.8201592572389926,0.18344698118888342,0.9126053797127256,0.9096599309564564,1.003237966910527,2385,1800,1.0156327486038208,1.7036170959472656,0.5961625576019287,1.0,-1.0,0.9999999999999999,-0.9999999999999999,0.9671201719244457,0.9999840589614595,0.967135589070145,2.0,0.0,a549+TGFB_TGFBR3,a549+TGFB,TGFBR3,False,True,8
a549+TGFB_TGIF1,0.34875336,0.35937363,0.97044784,0.8882703,0.19355737,0.8358288840471426,0.20052366504534608,0.9146774987252299,0.9115173117838737,1.0034669521911455,2459,1751,0.3989650011062622,0.6408083438873291,0.6225964426994324,0.3113168776035309,0.5985399484634399,0.1868131868131868,0.532967032967033,0.587120614780539,0.5430128175526285,1.0812279117585204,8.0,5.0,a549+TGFB_TGIF1,a549+TGFB,TGIF1,False,True,8
a549+TNFA_CASP3,0.025755422,0.2375602,0.1084164,0.9915544,0.94421333,0.8067972262343417,0.8175107660966553,0.9934376771113147,0.9377133110635768,1.0594258025243706,3308,717,0.037798572331666946,0.3918597102165222,0.09645944833755493,0.7433500289916992,0.977634072303772,0.6386913449073677,0.8807692307692306,0.8575269199895391,0.6230012714209947,1.3764448955836288,13.0,12.0,a549+TNFA_CASP3,a549+TNFA,CASP3,True,False,8
a549+TNFA_CHUK,0.019443246,0.22819087,0.08520606,0.99375653,0.95671004,0.8466085937963423,0.8401116623811932,0.995170936553566,0.9414471178357154,1.0570651475797768,3377,648,0.05679520592093468,0.6672495007514954,0.08511839061975479,0.9338655471801758,0.955929696559906,0.8576923076923076,0.8646153846153846,0.9498159646670138,0.7120637780246859,1.3338917018105723,19.0,6.0,a549+TNFA_CHUK,a549+TNFA,CHUK,True,False,8
a549+TNFA_JUNB,0.027098762,0.2376688,0.114019014,0.99140596,0.9414731,0.8745049692572142,0.8368179826002531,0.9934130603107953,0.9411248159288812,1.0555593089215336,3351,719,0.03647638484835625,0.3821656107902527,0.09544654190540314,0.6779109239578247,0.9432496428489685,0.7964912280701755,0.8666666666666666,0.7755007012764059,0.48894066778738665,1.5860834501367933,11.0,8.0,a549+TNFA_JUNB,a549+TNFA,JUNB,True,False,8
a549+TNFA_MAP3K14,0.02834527,0.23268525,0.12181808,0.991266,0.9378466,0.8625437149753493,0.8417491302046388,0.9932788798176462,0.943801052811591,1.052424000649989,3394,667,0.003781847655773163,0.8121703267097473,0.004656471312046051,0.8818120956420898,0.9977082014083862,0.4285714285714286,0.8285714285714287,0.9318916119015894,0.9416515109211857,0.9896353386508683,6.0,0.0,a549+TNFA_MAP3K14,a549+TNFA,MAP3K14,True,False,8
a549+TNFA_ZFP36L1,0.06972254,0.25009698,0.278782,0.9827926,0.87211597,0.8469877590750071,0.7288986207424094,0.9862070422223056,0.9286959597353422,1.0619267068883909,3098,913,0.30931201577186584,0.8129560351371765,0.380478173494339,0.9356443285942078,0.8982725143432617,0.793614171249035,0.7438461538461538,0.9120493140901712,0.7764875502565676,1.1745833063116224,11.0,14.0,a549+TNFA_ZFP36L1,a549+TNFA,ZFP36L1,True,False,8
bxpc3+IFNB_ELK1,0.030350033,0.35255536,0.08608586,0.99074644,0.9561152,0.8936627174033753,0.8877490483267206,0.9930115034874399,0.916647572861816,1.0833078414064985,3584,630,0.001846948522143066,0.1049853265285492,0.017592445015907288,0.997565746307373,0.9923058152198792,1.0,1.0,0.9963899778304439,0.6336887729937065,1.5723648899809994,2.0,1.0,bxpc3+IFNB_ELK1,bxpc3+IFNB,ELK1,True,False,8
bxpc3+IFNB_MAP3K14,0.029130047,0.3560941,0.08180436,0.9912348,0.95890915,0.8945332729311242,0.8857534832876292,0.993346828738253,0.9157367120381098,1.0847515619717922,3555,631,0.005239132791757584,0.06865986436605453,0.07630561292171478,0.5532751679420471,0.9644306898117065,0.6666666666666669,0.6428571428571429,0.8867507982593615,0.6747191954144579,1.3142516239139448,7.0,1.0,bxpc3+IFNB_MAP3K14,bxpc3+IFNB,MAP3K14,True,False,8
bxpc3+INS_CHUK,0.030805144,0.28057444,0.10979313,0.9902656,0.9435482,0.8620259221689658,0.7966753627167683,0.9925838753985639,0.9300482681996473,1.0672390985899805,3434,858,0.5596020817756653,0.5473044514656067,1.022469401359558,0.2869904637336731,0.15982823073863983,0.41623389883250406,0.16846153846153847,0.4960044088514928,0.5602347265448548,0.8853510597433136,15.0,10.0,bxpc3+INS_CHUK,bxpc3+INS,CHUK,True,False,8
bxpc3+INS_ELK1,0.020574067,0.28084606,0.073257454,0.9938322,0.963904,0.8927177347565429,0.8442676293537233,0.9953600728721146,0.9319511349152341,1.0680389084591306,3690,855,0.004264165181666613,0.11311893165111542,0.03769629821181297,0.9944647550582886,0.9813551902770996,0.9285714285714287,0.8095238095238096,0.9957600180981517,0.8011275776545953,1.242948121962507,6.0,2.0,bxpc3+INS_ELK1,bxpc3+INS,ELK1,True,False,8
bxpc3+INS_MTOR,0.048753407,0.2729979,0.17858529,0.985432,0.9137445,0.8777708877248664,0.7680238943482023,0.9886262870912449,0.9269072217505416,1.0665860227349848,3356,908,0.14650873839855194,0.3099122941493988,0.47274258732795715,0.8872207403182983,0.819177508354187,0.5646153846153846,0.7230769230769231,0.9062228920817494,0.7083272167152233,1.2793845424777577,15.0,10.0,bxpc3+INS_MTOR,bxpc3+INS,MTOR,True,False,8
bxpc3+TGFB_CHUK,0.041070666,0.24876396,0.16509894,0.9866823,0.91772896,0.833870885931421,0.7494173387606377,0.9893136878960087,0.9316421944938745,1.061903050058252,2983,814,0.32770633697509766,0.5007451772689819,0.6544373035430908,0.9194681644439697,0.8494329452514648,0.8187186527489502,0.6892307692307692,0.9248474785657906,0.7589553038422032,1.2185796368821193,13.0,12.0,bxpc3+TGFB_CHUK,bxpc3+TGFB,CHUK,True,False,8
bxpc3+TGFB_HDAC4,0.07515049,0.27898568,0.2693704,0.9782793,0.871571,0.8234807278393026,0.7044424593621178,0.9821851138919635,0.9197689528248282,1.0678606957491232,2873,900,0.995229184627533,1.2552549839019775,0.7928501963615417,0.7851982116699219,0.7932873368263245,0.4830066889811634,0.7638461538461538,0.7540363340761472,0.584666602700831,1.28968600325882,13.0,12.0,bxpc3+TGFB_HDAC4,bxpc3+TGFB,HDAC4,True,False,8
bxpc3+TNFA_ARID5B,0.3414206,0.3267819,1.0447965,0.87964034,-0.060194127,0.8140825499647893,0.08995522501731257,0.9081782539883901,0.91240092078764,0.9953719174290129,2298,1759,0.42161697149276733,0.45374417304992676,0.9291953444480896,0.38225603103637695,0.029934950172901154,0.3118384504972681,0.014615384615384615,0.6799824355866841,0.7377119583154998,0.9217451715698957,17.0,8.0,bxpc3+TNFA_ARID5B,bxpc3+TNFA,ARID5B,False,True,8
bxpc3+TNFA_BATF,0.33984944,0.33219072,1.0230552,0.881508,0.0041443,0.8325271328289956,0.09272936197570122,0.9102872505325242,0.9123653870807734,0.9977222540687362,2270,1845,0.11120869219303131,0.11561073362827301,0.9619235992431641,-0.18051597476005554,0.06853346526622772,-0.09597523219814243,0.052631578947368425,0.5414917167421073,0.5614850026881488,0.9643921282842421,12.0,6.0,bxpc3+TNFA_BATF,bxpc3+TNFA,BATF,False,True,8
bxpc3+TNFA_BIRC2,0.34676683,0.33751562,1.0274097,0.87431985,0.008840408,0.8044639959709342,0.08788211697231814,0.9031994401713416,0.9054601206992112,0.9975032798505539,2256,1784,0.5478643178939819,0.5325641632080078,1.0287292003631592,0.43273675441741943,-0.08311223238706589,0.4634335476373477,0.06923076923076923,0.7070363572673084,0.7317942405634525,0.9661682452200204,14.0,11.0,bxpc3+TNFA_BIRC2,bxpc3+TNFA,BIRC2,False,True,8
bxpc3+TNFA_BIRC3,0.34298122,0.3321087,1.0327379,0.8803238,-0.009171015,0.8186668816255646,0.07756813858169379,0.9092834323575375,0.9121136270652103,0.996897102922605,2263,1822,0.5206627249717712,0.4976291060447693,1.046286702156067,0.50777268409729,-0.1530739963054657,0.7428571428571428,0.27669172932330827,0.7364418262699572,0.7366489719309782,0.9997188000405702,16.0,4.0,bxpc3+TNFA_BIRC3,bxpc3+TNFA,BIRC3,False,True,8
bxpc3+TNFA_CASP3,0.3250369,0.3436297,0.945893,0.871213,0.19109288,0.7759818897094558,0.2687101931241507,0.8988076444101729,0.8968248897497312,1.0022108604289461,2545,1485,0.8209695219993591,0.9042927026748657,0.9078581929206848,0.4594787359237671,0.1048809289932251,0.3450897180104604,0.29615384615384616,0.7290324209956588,0.7520944690557383,0.9693362349958056,19.0,6.0,bxpc3+TNFA_CASP3,bxpc3+TNFA,CASP3,False,False,8
bxpc3+TNFA_CASP7,0.3314567,0.3249206,1.020116,0.8847643,0.039952867,0.8202450193317045,0.11145050759063972,0.9128580132009646,0.9145662438640575,0.9981321958091569,2315,1802,0.12823320925235748,0.22695818543434143,0.5650081038475037,0.4228743016719818,0.847230851650238,0.4428571428571427,0.5357142857142856,0.6757037241195626,0.5736560643244416,1.1778899695156122,9.0,6.0,bxpc3+TNFA_CASP7,bxpc3+TNFA,CASP7,False,True,8
bxpc3+TNFA_CASP8,0.33791113,0.33911416,0.99645245,0.8743373,0.084992155,0.7768457997149019,0.20361886503069915,0.9023765050411793,0.9038561184954522,0.9983629989065783,2443,1589,0.6256930828094482,0.6587399840354919,0.9498331546783447,-0.016004303470253944,-0.0734868198633194,0.07195075561447023,0.003076923076923077,0.6169417133243364,0.6777579424849676,0.9102685112952696,17.0,8.0,bxpc3+TNFA_CASP8,bxpc3+TNFA,CASP8,False,True,8
bxpc3+TNFA_CASP10,0.3317869,0.38662192,0.8581689,0.84398234,0.2398797,0.739241568404297,0.43171026053033484,0.87381957392745,0.8821618539575157,0.990543367985545,2895,1028,0.9993131756782532,1.1247502565383911,0.8884755969047546,-0.18713119626045227,-0.21250934898853302,-0.14153462926807447,-0.12846153846153846,0.029795574972893202,0.06714090745482526,0.4437767689234868,19.0,6.0,bxpc3+TNFA_CASP10,bxpc3+TNFA,CASP10,False,True,8
bxpc3+TNFA_CEBPB,0.35454535,0.34104842,1.0395749,0.8725709,-0.058928575,0.8149297439499367,0.1254515996344282,0.9020288472508168,0.9061911993181397,0.9954067617623578,2404,1647,0.4569391906261444,0.4192185699939728,1.0899784564971924,0.02317604422569275,-0.38955631852149963,0.22739516881364658,-0.2823076923076923,0.45913536974597036,0.5056325809766616,0.9080415048791378,15.0,10.0,bxpc3+TNFA_CEBPB,bxpc3+TNFA,CEBPB,False,True,8
bxpc3+TNFA_CHUK,0.31070507,0.31706822,0.9799313,0.8891065,0.13959563,0.8160903962814119,0.2045805945536879,0.9150275351689828,0.9136016858994258,1.0015606902784482,2419,1641,0.6743177771568298,0.5377832055091858,1.2538840770721436,0.3837311267852783,-0.4099528193473816,0.5623076923076923,-0.21000000000000002,0.662089997083453,0.7503804675944089,0.8823390608846735,8.0,17.0,bxpc3+TNFA_CHUK,bxpc3+TNFA,CHUK,False,False,8
bxpc3+TNFA_CREB1,0.35413423,0.34322688,1.0317788,0.8771521,-0.02493357,0.8374327048723477,0.07674926633283373,0.907287480965452,0.9102507638950207,0.9967445422216525,2263,1858,0.028567960485816002,0.035562168806791306,0.8033244609832764,0.9289425015449524,0.7546299695968628,0.7999999999999999,0.7999999999999999,0.9255281210417761,0.8663807088339526,1.0682695397124309,2.0,2.0,bxpc3+TNFA_CREB1,bxpc3+TNFA,CREB1,False,True,8
bxpc3+TNFA_CSF1,0.3409419,0.33367872,1.021767,0.8798354,0.030698437,0.8123649162029019,0.12115447363432146,0.9087810473440291,0.9110319071270614,0.997529329362206,2322,1783,0.217291921377182,0.24570558965206146,0.8843588829040527,0.09677577763795853,0.3977198004722595,0.3202318083020659,0.07615384615384616,0.4290213324249459,0.41043248865303084,1.045290868256849,13.0,12.0,bxpc3+TNFA_CSF1,bxpc3+TNFA,CSF1,False,True,8
bxpc3+TNFA_CSF2,0.3368794,0.32908872,1.0236735,0.88346016,0.018718038,0.8318918254235085,0.09233925852987315,0.9122819282370396,0.9143275007668122,0.9977627572964205,2301,1863,0.020789189264178276,0.0018747880822047591,11.088820457458496,-1.0,-1.0,-0.9999999999999999,-0.9999999999999999,0.7320265865099232,0.9974293168445322,0.7339132449262299,0.0,2.0,bxpc3+TNFA_CSF2,bxpc3+TNFA,CSF2,False,True,8
bxpc3+TNFA_DNM1L,0.34774032,0.35414585,0.98191273,0.868568,0.11032143,0.7852533861833427,0.24016867374110407,0.8975806391644698,0.8984302128528531,0.9990543798770017,2515,1519,0.6605008840560913,0.7869294881820679,0.8393393754959106,-0.09191155433654785,0.29811611771583557,0.06466750605815162,0.3815384615384615,0.492547161889201,0.5183427769154487,0.9502344468273444,19.0,6.0,bxpc3+TNFA_DNM1L,bxpc3+TNFA,DNM1L,False,True,8
bxpc3+TNFA_FADD,0.35659242,0.3458486,1.0310651,0.87275684,-0.0057763886,0.8135459296586028,0.07387306842323677,0.9026839499427078,0.9053716553323349,0.9970313789107519,2263,1813,0.5735560059547424,0.6704817414283752,0.8554386496543884,0.4637400507926941,0.3072098195552826,0.4870069628136347,0.2884615384615385,0.5904425693486224,0.5546115794186056,1.0646055568612145,17.0,8.0,bxpc3+TNFA_FADD,bxpc3+TNFA,FADD,False,True,8
bxpc3+TNFA_FOS,0.3302284,0.3331981,0.99108726,0.8818947,0.09604098,0.8268246456119259,0.1706664765089954,0.9096332050564941,0.9090135755895318,1.000681650399512,2391,1669,0.2119961380958557,0.22167649865150452,0.9563311338424683,-0.13765034079551697,0.19524437189102173,-0.016156953559117535,0.34153846153846157,0.4591900598333867,0.46267931756491054,0.9924585828692584,13.0,12.0,bxpc3+TNFA_FOS,bxpc3+TNFA,FOS,False,True,8
bxpc3+TNFA_ID2,0.34244102,0.32726896,1.0463597,0.88187724,-0.0466841,0.8434415876861701,0.0709243251926691,0.9111080178417823,0.9151666840395044,0.9955651071345742,2328,1837,0.3246133625507355,0.2803719639778137,1.1577954292297363,,,,,,,,0.0,1.0,bxpc3+TNFA_ID2,bxpc3+TNFA,ID2,False,True,8
bxpc3+TNFA_IKBKB,0.32136065,0.3536665,0.90865445,0.8679704,0.25356904,0.7822013759134618,0.3717709381343759,0.8952914767921186,0.8917176367755806,1.0040078157806331,2720,1299,0.656873345375061,0.9296386241912842,0.7065899968147278,-0.13905365765094757,0.3686065971851349,-0.020670757054502015,0.5838461538461539,0.4175203926353446,0.4890212508500469,0.8537878300985589,21.0,4.0,bxpc3+TNFA_IKBKB,bxpc3+TNFA,IKBKB,False,True,8
bxpc3+TNFA_IKBKE,0.35496822,0.33815145,1.0497315,0.87643623,-0.055616226,0.8278831806043988,0.038037024278158124,0.9064859028021808,0.910763503342234,0.9953032806822455,2198,1903,0.31344273686408997,0.34735649824142456,0.9023661017417908,0.33644765615463257,0.268359899520874,0.4423927760234563,0.23153846153846153,0.6244140501117552,0.6565409725809116,0.9510663860888026,16.0,9.0,bxpc3+TNFA_IKBKE,bxpc3+TNFA,IKBKE,False,True,8
bxpc3+TNFA_IKBKG,0.33982813,0.32986888,1.0301915,0.8783927,-0.016474996,0.8165743974403328,0.10531698897019452,0.9071091481414152,0.9101232458395073,0.9966882532537537,2319,1741,0.2930977940559387,0.22877168655395508,1.2811803817749023,0.05782877281308174,-0.3192857801914215,-0.03541186576630896,-0.2069230769230769,0.44066806327108,0.4507906592932851,0.9775447964292904,11.0,14.0,bxpc3+TNFA_IKBKG,bxpc3+TNFA,IKBKG,False,True,8
bxpc3+TNFA_IRF1,0.34793326,0.333677,1.0427247,0.8801731,-0.06888997,0.8480466499101581,0.02866081285108728,0.9100193756947687,0.9136861950970705,0.9959867847167021,2236,1921,,,,,,,,,,,,,bxpc3+TNFA_IRF1,bxpc3+TNFA,IRF1,False,True,8
bxpc3+TNFA_ITCH,0.36416513,0.36276117,1.0038702,0.86133146,0.030457456,0.7906592669626614,0.17811792314939356,0.8913854597205182,0.893728963209885,0.9973778364741028,2429,1596,0.9268177151679993,0.9814962148666382,0.9442906379699707,0.6134551763534546,-0.024130845442414284,-0.22573216318610015,-0.005384615384615384,0.6280653202313782,0.630162562788695,0.9966719023293993,17.0,8.0,bxpc3+TNFA_ITCH,bxpc3+TNFA,ITCH,False,True,8
bxpc3+TNFA_JUN,0.35486612,0.34079552,1.0412875,0.87733614,-0.08581483,0.8391350305917853,0.0419106253861911,0.9072125284057962,0.9110168960849974,0.9958240426763214,2241,1859,1.1372398138046265,1.082696795463562,1.0503770112991333,0.009365880861878395,-0.21460247039794922,0.27153846153846156,-0.15846153846153843,0.3627180691382923,0.3988908032427223,0.9093167006850766,12.0,13.0,bxpc3+TNFA_JUN,bxpc3+TNFA,JUN,False,True,8
bxpc3+TNFA_JUNB,0.3488392,0.33239555,1.0494701,0.8780271,-0.06850183,0.8292607081867518,0.05299677299205517,0.9077528452108294,0.9123217250554907,0.9949920299833007,2240,1843,0.32489657402038574,0.34626609086990356,0.9382858276367188,0.31860873103141785,0.17588679492473602,0.1346153846153846,0.09230769230769231,0.671458153456861,0.6496343987410386,1.0335939025983165,18.0,7.0,bxpc3+TNFA_JUNB,bxpc3+TNFA,JUNB,False,False,8
bxpc3+TNFA_KLF6,0.34369302,0.3344919,1.0275077,0.88103175,-0.011235371,0.8365251352863763,0.07303636233099631,0.9103873322729715,0.9128559646058114,0.9972957044390832,2244,1886,0.016912750899791718,0.015925884246826172,1.0619661808013916,1.0,-1.0,0.9999999999999999,-0.9999999999999999,0.8635214013364154,0.8938974476140309,0.9660184215105497,0.0,2.0,bxpc3+TNFA_KLF6,bxpc3+TNFA,KLF6,False,True,8
bxpc3+TNFA_MAP2K3,0.3297691,0.3156616,1.0446918,0.8869702,-0.062027633,0.8418746699430424,0.027308256873379108,0.9148430318502054,0.9185578982828777,0.995955762353558,2216,1917,0.21969157457351685,0.19930073618888855,1.1023118495941162,0.2154686599969864,-0.17862051725387573,0.509090909090909,0.06753246753246753,0.44097416826035485,0.5121035608577501,0.8611034993034284,11.0,10.0,bxpc3+TNFA_MAP2K3,bxpc3+TNFA,MAP2K3,False,True,8
bxpc3+TNFA_MAP3K7,0.3296759,0.32718715,1.0076065,0.885157,0.06305075,0.8381630778663891,0.10317178808879728,0.9129584813056358,0.9134926242180452,0.9994152739734854,2297,1802,0.5339560508728027,0.5134586095809937,1.0399203300476074,0.386778324842453,0.010049703530967236,0.37430275745288955,-0.059230769230769226,0.72524719299356,0.705439555012713,1.0280784339921085,11.0,14.0,bxpc3+TNFA_MAP3K7,bxpc3+TNFA,MAP3K7,False,True,8
bxpc3+TNFA_MAP3K14,0.34225485,0.33110785,1.0336658,0.88207704,-0.023361942,0.8458822566054689,0.10180597762659288,0.9109837293783295,0.9140129938247037,0.9966857534117779,2383,1756,0.12043973803520203,0.11002414673566818,1.0946663618087769,0.6765126585960388,0.8035482168197632,0.5,0.5,0.9121359854110466,0.8810833193702198,1.0352437338877583,2.0,1.0,bxpc3+TNFA_MAP3K14,bxpc3+TNFA,MAP3K14,False,False,8
bxpc3+TNFA_MAPK8,0.33979943,0.32947057,1.0313499,0.8806244,-0.01801373,0.8262828072849093,0.07527227317582624,0.9095364223034751,0.9122717369002312,0.9970016449199113,2241,1850,0.34846699237823486,0.32195746898651123,1.082338571548462,-0.03380470722913742,-0.10796092450618744,0.07078284416375301,-0.18769230769230769,0.5138329273922018,0.5476259141241655,0.9382918414552937,11.0,14.0,bxpc3+TNFA_MAPK8,bxpc3+TNFA,MAPK8,False,False,8
bxpc3+TNFA_MAPK9,0.3615215,0.3502709,1.0321198,0.8747293,-0.025697857,0.841010309257523,0.06846762212642762,0.905680635402946,0.9086910082193792,0.9966871326015075,2307,1880,1.6411828994750977,1.5188989639282227,1.0805082321166992,0.18815603852272034,-0.7140204906463623,-0.39999999999999997,-0.7999999999999999,0.5290861121438861,0.5953403414358415,0.8887120111293593,1.0,3.0,bxpc3+TNFA_MAPK9,bxpc3+TNFA,MAPK9,False,True,8
bxpc3+TNFA_MAPK14,0.3208993,0.31477123,1.0194683,0.889007,0.00797081,0.846765988172819,0.11540849935832574,0.9162344132488137,0.9178969010140687,0.9981888077371017,2367,1741,0.3934035003185272,0.3793146014213562,1.0371429920196533,0.0933753252029419,-0.013190165162086487,0.26,0.02846153846153846,0.4261500883294307,0.46371369072660784,0.9189939759201038,13.0,12.0,bxpc3+TNFA_MAPK14,bxpc3+TNFA,MAPK14,False,True,8
bxpc3+TNFA_MMP9,0.33701324,0.33140868,1.0169114,0.8841021,0.041237112,0.8296662375807602,0.09939786366350825,0.9129535072768279,0.914354922013809,0.9984673186492018,2324,1861,0.33173036575317383,0.2471906691789627,1.3420019149780273,,,,,,,,0.0,1.0,bxpc3+TNFA_MMP9,bxpc3+TNFA,MMP9,False,True,8
bxpc3+TNFA_MTF1,0.34083804,0.33434463,1.0194213,0.8814993,0.02218603,0.8291511816597542,0.09075227111624817,0.9105692899351713,0.9121685932103011,0.9982467021041569,2288,1830,0.6206921935081482,0.588885486125946,1.0540117025375366,0.5389904975891113,0.16107164323329926,0.3626373626373627,0.16923076923076924,0.7929499008510776,0.8024526569700531,0.9881578607330475,9.0,5.0,bxpc3+TNFA_MTF1,bxpc3+TNFA,MTF1,False,True,8
bxpc3+TNFA_MTOR,0.344584,0.33713147,1.0221057,0.8790652,-0.0011593066,0.8290379639656338,0.08225097236914831,0.9080747331463589,0.9096781691837946,0.9982373590004096,2256,1824,0.394083172082901,0.28516465425491333,1.381949543952942,-0.031448401510715485,-0.5256986618041992,0.3038461538461538,-0.3646153846153847,0.4825268974831377,0.5065800361120779,0.9525185816370809,11.0,14.0,bxpc3+TNFA_MTOR,bxpc3+TNFA,MTOR,False,False,8
bxpc3+TNFA_MYC,0.34414306,0.33829147,1.0172975,0.8812702,0.0022414997,0.8482932408702141,0.08193420791985564,0.9106556499696913,0.9121399804374676,0.9983726944332991,2358,1827,,,,,,,,,,,,,bxpc3+TNFA_MYC,bxpc3+TNFA,MYC,False,True,8
bxpc3+TNFA_NFAT5,0.3407213,0.3387248,1.0058942,0.87310755,0.05070058,0.7852693244835661,0.20503674361287252,0.9017034186588523,0.9042050308847684,0.9972333573244242,2497,1540,0.4442366063594818,0.5504025816917419,0.8071121573448181,0.7005013227462769,0.3915959894657135,0.3745201660795297,0.4461538461538462,0.7512230491302281,0.7290658340265701,1.0303912405019524,21.0,4.0,bxpc3+TNFA_NFAT5,bxpc3+TNFA,NFAT5,False,True,8
bxpc3+TNFA_NFKB1,0.3354358,0.32258,1.0398531,0.88157463,-0.027051572,0.8192898112673921,0.1415196120299205,0.9098052979815247,0.9136235048384709,0.9958208092975659,2416,1660,0.2679062783718109,0.28173357248306274,0.9509207010269165,0.2502169609069824,0.013137800619006157,0.2832949261304717,0.11230769230769232,0.539114968104686,0.5840344979553075,0.9230875401917458,14.0,11.0,bxpc3+TNFA_NFKB1,bxpc3+TNFA,NFKB1,False,True,8
bxpc3+TNFA_NFKBIA,0.34537214,0.33343047,1.0358145,0.8810606,-0.01459381,0.8323006519876365,0.06117246759981812,0.9105089023688773,0.9135688665698254,0.9966505380022008,2237,1929,0.033774543553590775,0.025374067947268486,1.3310654163360596,0.9946161508560181,-0.9317402839660645,1.0,-1.0,0.9429762579704852,0.9563963311530596,0.9859680837897039,1.0,2.0,bxpc3+TNFA_NFKBIA,bxpc3+TNFA,NFKBIA,False,True,8
bxpc3+TNFA_NFKBIE,0.33886036,0.3301772,1.0262985,0.88350844,0.006239798,0.8332544146355902,0.07479695291768715,0.9124105128264315,0.9145816497608442,0.9976260873646651,2256,1887,0.025495534762740135,0.019717475399374962,1.293042540550232,1.0,-1.0,0.9999999999999999,-0.9999999999999999,0.9389006146996268,0.9691276750260942,0.9688100328724453,1.0,1.0,bxpc3+TNFA_NFKBIE,bxpc3+TNFA,NFKBIE,False,True,8
bxpc3+TNFA_NKX3-1,0.33772525,0.32996467,1.0235194,0.88390386,0.0177944,0.8337836284955978,0.09520345973185045,0.9127915702026059,0.9148699117955391,0.9977282654439316,2325,1865,0.007715921383351088,0.03953232988715172,0.1951800286769867,,,,,,,,1.0,0.0,bxpc3+TNFA_NKX3-1,bxpc3+TNFA,NKX3-1,False,True,8
bxpc3+TNFA_PDCD5,0.33856922,0.3377944,1.0022938,0.87770617,0.08844496,0.7942765747752637,0.19531445458056232,0.9063338020867246,0.9074010758718327,0.9988238125196374,2446,1624,0.40993937849998474,0.49853256344795227,0.8222920894622803,-0.035684727132320404,0.4276598393917084,0.15926139936844427,0.27384615384615385,0.5199938857720386,0.5269397574690199,0.9868184709949702,16.0,9.0,bxpc3+TNFA_PDCD5,bxpc3+TNFA,PDCD5,False,True,8
bxpc3+TNFA_PIK3CA,0.35218993,0.35067937,1.0043075,0.8749768,0.06337109,0.8245474087749549,0.189950867912755,0.9046586468182075,0.9055424998236986,0.9990239519341575,2489,1601,0.4389039874076843,0.502270519733429,0.8738398551940918,-0.02101629227399826,0.3176287114620209,0.46384615384615385,0.30923076923076925,0.4798565501927289,0.4859095651664953,0.9875429186669903,17.0,8.0,bxpc3+TNFA_PIK3CA,bxpc3+TNFA,PIK3CA,False,True,8
bxpc3+TNFA_PTGS2,0.33681837,0.32892096,1.0240101,0.88215077,0.010219932,0.8231330500201497,0.09866920135681773,0.910657975749598,0.912737174394489,0.9977220182291027,2286,1810,0.4804964065551758,0.5908487439155579,0.8132308125495911,0.5966254472732544,0.5824692249298096,0.44695652173913036,0.44260869565217387,0.6692839619518599,0.583002210314886,1.1479955823672987,17.0,7.0,bxpc3+TNFA_PTGS2,bxpc3+TNFA,PTGS2,False,True,8
bxpc3+TNFA_RELB,0.34442276,0.33224604,1.0366497,0.8805535,-0.03318887,0.830219572291742,0.05430248621841214,0.9099339179545035,0.9131377189218187,0.996491437270713,2227,1915,0.03791707009077072,0.060223184525966644,0.6296091675758362,1.0,1.0,0.9999999999999999,0.9999999999999999,0.9887944602799814,0.9590672442232104,1.0309959663786123,2.0,0.0,bxpc3+TNFA_RELB,bxpc3+TNFA,RELB,False,True,8
bxpc3+TNFA_REPIN1,0.34582737,0.33241114,1.0403603,0.88096756,-0.035487045,0.8344852150447506,0.0579788006449485,0.9106042921582557,0.9141616091070298,0.9961086563761423,2277,1949,,,,,,,,,,,,,bxpc3+TNFA_REPIN1,bxpc3+TNFA,REPIN1,False,True,8
bxpc3+TNFA_SOX4,0.3401772,0.33598104,1.0124893,0.87746847,0.033211052,0.8075990354700622,0.1578086103698775,0.9058596964566619,0.9076935659958812,0.9979796380541628,2371,1670,0.2978181540966034,0.28469476103782654,1.0460963249206543,0.45192334055900574,-0.22728483378887177,0.3371875237837636,-0.2930769230769231,0.6920702109657948,0.7174662667467753,0.9646031361221561,10.0,15.0,bxpc3+TNFA_SOX4,bxpc3+TNFA,SOX4,False,True,8
bxpc3+TNFA_SOX9,0.3305648,0.33531958,0.9858202,0.87506163,0.092380494,0.7992402090657317,0.23012258072669425,0.9025429698229251,0.9032931831495389,0.9991694686281171,2518,1507,0.6549981832504272,0.705691933631897,0.9281644821166992,-0.04789333790540695,0.12954159080982208,0.16503173992527195,0.18076923076923077,0.23341257501868995,0.26893289724354785,0.8679212450803652,20.0,5.0,bxpc3+TNFA_SOX9,bxpc3+TNFA,SOX9,False,True,8
bxpc3+TNFA_TNFRSF1A,0.3266127,0.341497,0.9564146,0.8646624,0.109711364,0.7739414043084529,0.25599848148105764,0.8915000296433399,0.8936871123921147,0.9975527422087125,2579,1408,0.8066275715827942,0.8776810169219971,0.9190441370010376,-0.020864736288785934,0.18109764158725739,0.004235463422323107,0.19384615384615386,0.4290501844359107,0.459370480260501,0.9339959855335149,19.0,6.0,bxpc3+TNFA_TNFRSF1A,bxpc3+TNFA,TNFRSF1A,False,True,8
bxpc3+TNFA_TNFRSF1B,0.3453614,0.3338129,1.0345957,0.8804467,-0.015474819,0.82438633124601,0.05896561368238682,0.9101024541144666,0.9131204201088275,0.996694887193519,2242,1935,0.0013762414455413818,0.0026058193761855364,0.5281415581703186,-1.0,1.0,-0.9999999999999999,0.9999999999999999,0.9591360453979024,0.9111426568032421,1.0526738466652914,1.0,1.0,bxpc3+TNFA_TNFRSF1B,bxpc3+TNFA,TNFRSF1B,False,True,8
bxpc3+TNFA_TRAF1,0.3407592,0.3326211,1.0244665,0.8809707,0.016515892,0.8187039415658919,0.10782740390662159,0.9096377476863298,0.9119941698069622,0.997416187297413,2277,1803,0.3501892387866974,0.35190922021865845,0.995112419128418,0.41915106773376465,0.010076627135276794,0.551259867862272,0.09615384615384616,0.6299171323801366,0.6515997894081565,0.966723965568322,15.0,10.0,bxpc3+TNFA_TRAF1,bxpc3+TNFA,TRAF1,False,True,8
bxpc3+TNFA_TRAF2,0.34955758,0.3387768,1.0318227,0.8765706,-0.0064335503,0.8138377507852808,0.09296317685417761,0.9059680378173844,0.9089962406712783,0.996668629947625,2275,1802,0.4620142877101898,0.5086622834205627,0.9082927703857422,-0.00921216793358326,0.29394057393074036,0.16923076923076924,0.18692307692307694,0.5506939354507538,0.528183121572386,1.0426193359063687,14.0,11.0,bxpc3+TNFA_TRAF2,bxpc3+TNFA,TRAF2,False,True,8
bxpc3+TNFA_TRAF3,0.35331523,0.34147313,1.0346794,0.87735415,-0.009617535,0.8276171855960458,0.0749266460118537,0.9074459130419067,0.9105578340395618,0.9965824015989742,2264,1885,0.04239514470100403,0.04643269255757332,0.9130451679229736,0.9009851217269897,0.4132826030254364,0.19999999999999998,0.09999999999999999,0.9247254084788744,0.8443190638907464,1.0952321794294253,2.0,3.0,bxpc3+TNFA_TRAF3,bxpc3+TNFA,TRAF3,False,True,8
bxpc3+TNFA_ZFP36L1,0.35054037,0.331302,1.058069,0.87678766,-0.08191553,0.8284451689817075,0.01081460251458436,0.9067136797205066,0.9113755256218311,0.9948848243448893,2189,1925,0.9382582902908325,0.9034274220466614,1.0385541915893555,0.30206748843193054,-0.16403858363628387,0.05731871619782173,-0.010769230769230769,0.5439906952499278,0.579510930257286,0.9387065313995231,16.0,9.0,bxpc3+TNFA_ZFP36L1,bxpc3+TNFA,ZFP36L1,False,False,8
bxpc3+TNFA_ZNF22,0.34698975,0.3400302,1.0204675,0.87918997,0.009160722,0.8264394098616583,0.08650658810735834,0.9088608382850152,0.91065883239434,0.9980256117380453,2288,1852,0.31328558921813965,0.29688867926597595,1.0552291870117188,-0.061802297830581665,0.210333451628685,-0.14285714285714288,-0.08571428571428573,0.6980077907930051,0.733976856230841,0.9509942784537564,2.0,4.0,bxpc3+TNFA_ZNF22,bxpc3+TNFA,ZNF22,False,True,8
bxpc3+TNFA_ZNF267,0.35050336,0.33632505,1.0421566,0.87430406,-0.005698,0.8068018219169852,0.17884056620555389,0.9035965511611753,0.9083507215349386,0.9947661511560979,2473,1572,0.4105938673019409,0.5394298434257507,0.7611626982688904,0.49062255024909973,0.33365297317504883,0.44008463980072515,0.5653846153846154,0.6336361661903045,0.6493643496951351,0.9757791084277806,19.0,6.0,bxpc3+TNFA_ZNF267,bxpc3+TNFA,ZNF267,False,True,8
hap1+IFNB_ELK1,0.030387342,0.34662685,0.08766586,0.9899492,0.9558924,0.8621307720983694,0.8730078793525987,0.9922220495861528,0.9070663270448277,1.0938803701585502,3525,635,0.05031859502196312,0.6997367739677429,0.07191074639558792,0.7510558366775513,0.977598249912262,0.7729024615081346,0.9730769230769231,0.882022558749128,0.7290457156129109,1.2098316194171843,21.0,4.0,hap1+IFNB_ELK1,hap1+IFNB,ELK1,True,False,8
hap1+IFNB_MAP3K14,0.032715213,0.34153646,0.095788345,0.98927987,0.95124704,0.8746279567755025,0.886672608975482,0.9917060719614752,0.9094814302461782,1.0904082689110435,3642,550,0.002448947634547949,0.0003116779844276607,7.857300758361816,,,,,,,,1.0,0.0,hap1+IFNB_MAP3K14,hap1+IFNB,MAP3K14,True,False,8
hap1+IFNB_MAPK8,0.026114041,0.34273094,0.076193996,0.9914429,0.9611248,0.870271760827149,0.880836769112314,0.9934232708339449,0.9096541052025588,1.0920890315915548,3586,652,,,,,,,,,,,,,hap1+IFNB_MAPK8,hap1+IFNB,MAPK8,True,False,8
hap1+INS_CHUK,0.31606185,0.35995513,0.878059,0.88884497,0.43992072,0.8366726828168208,0.34648104274348235,0.9149322571595941,0.9027199663428979,1.0135283269142377,2660,1566,0.12872162461280823,0.07860536128282547,1.6375679969787598,0.22944454848766327,-0.806346595287323,0.03571428571428572,-0.3214285714285715,0.46078858244435206,0.7278023845578555,0.633123210669726,3.0,4.0,hap1+INS_CHUK,hap1+INS,CHUK,False,False,8
hap1+INS_COPS4,0.35464376,0.37909928,0.9354905,0.8660445,0.23781808,0.7690260751571167,0.24844327610942954,0.8927872174089125,0.8851326436623612,1.008647939719949,2522,1590,1.3259201049804688,1.264203667640686,1.0488184690475464,-0.1112302839756012,-0.12246166169643402,-0.05755463845247329,0.1853846153846154,0.6126219750119006,0.6524454291663294,0.9389627815995067,18.0,7.0,hap1+INS_COPS4,hap1+INS,COPS4,False,True,8
hap1+INS_DR1,0.35381597,0.3754308,0.9424266,0.8693391,0.23264116,0.7794085814806717,0.22811471256846794,0.8961610635302782,0.8890169468580632,1.008035973551982,2425,1679,1.0383762121200562,1.198140263557434,0.8666566610336304,0.03685343265533447,0.4931970238685608,-0.21544562131172948,0.5807692307692308,0.5397866598020391,0.5456773133032482,0.9892048773925561,20.0,5.0,hap1+INS_DR1,hap1+INS,DR1,False,True,8
hap1+INS_EIF2B1,0.35200703,0.37082645,0.94925004,0.87681973,0.23539506,0.8107934869846252,0.2143899494668031,0.9042742224829423,0.8967485411198757,1.0083921869041108,2410,1726,0.5372831225395203,0.6165921688079834,0.8713752031326294,-0.048164334148168564,0.24109217524528503,0.10469595096126126,0.32615384615384607,0.3608085649888685,0.35415762707662246,1.0187795981330288,17.0,8.0,hap1+INS_EIF2B1,hap1+INS,EIF2B1,False,True,8
hap1+INS_ELK1,0.33501887,0.3698778,0.9057556,0.8825674,0.36632156,0.8305730077661331,0.3090805093643699,0.9100464504201853,0.9003583143201576,1.010760311695842,2622,1598,0.232168048620224,0.2242731899023056,1.0352020263671875,0.03285538777709007,-0.07566458731889725,0.05461538461538461,0.016153846153846154,0.5776262700111838,0.5911407338027711,0.9771383309949738,13.0,12.0,hap1+INS_ELK1,hap1+INS,ELK1,False,False,8
hap1+INS_FOS,0.31520537,0.35793418,0.8806238,0.88951796,0.45478708,0.8574963997884383,0.37179995656334225,0.9155813984582659,0.9034298892602527,1.0134504175060703,2757,1509,0.8319171071052551,0.7237774729728699,1.1494100093841553,0.9992958307266235,-0.9964491128921509,1.0,-1.0,0.9602251760106995,0.963520725667809,0.9965796795343189,1.0,2.0,hap1+INS_FOS,hap1+INS,FOS,False,True,8
hap1+INS_FOXM1,0.346025,0.37001044,0.9351763,0.8780308,0.2589546,0.8115049945257496,0.2390373558833386,0.9055531867569592,0.8974723135095048,1.009004036253614,2478,1674,0.5245481729507446,0.5379660725593567,0.9750580787658691,0.06184504181146622,0.21490035951137543,0.11538461538461539,0.2369230769230769,0.5560497720101752,0.5769165909851376,0.9638304404813002,11.0,14.0,hap1+INS_FOXM1,hap1+INS,FOXM1,False,True,8
hap1+INS_FOXO1,0.33441448,0.35510167,0.9417429,0.8837506,0.24427837,0.8428580836839913,0.23199057777272966,0.911261225911386,0.904143579343199,1.0078722525169703,2563,1748,0.00017325633962173015,0.00048663438064977527,0.35602980852127075,,,,,,,,1.0,0.0,hap1+INS_FOXO1,hap1+INS,FOXO1,False,True,8
hap1+INS_FOXO3,0.33961093,0.36142245,0.9396509,0.8819826,0.24857172,0.8355660557871593,0.23304645818488942,0.909845930046298,0.9024989419944204,1.0081407165260954,2517,1723,1.3526304960250854,1.249361515045166,1.0826574563980103,1.0,-1.0,0.9999999999999999,-0.9999999999999999,0.9999829706457453,0.999999986893344,0.9999829837521782,0.0,2.0,hap1+INS_FOXO3,hap1+INS,FOXO3,False,True,8
hap1+INS_FOXO4,0.33669958,0.3763245,0.8947054,0.87025887,0.30310065,0.7717972692619208,0.30666980293930657,0.8966986120197139,0.8880192077990922,1.0097738924388058,2603,1515,0.9367920160293579,1.0507161617279053,0.8915747404098511,-0.15547476708889008,0.23985430598258972,-0.10891898909487602,0.30230769230769233,0.42382525089050427,0.45687495445492043,0.9276613803357935,20.0,5.0,hap1+INS_FOXO4,hap1+INS,FOXO4,False,True,8
hap1+INS_GRB2,0.33937323,0.35996804,0.9427871,0.88247603,0.24266523,0.8384974650855818,0.22003473355828107,0.9103514802513515,0.9031171062097508,1.0080104495772007,2499,1782,,,,,,,,,,,,,hap1+INS_GRB2,hap1+INS,GRB2,False,True,8
hap1+INS_GRB10,0.3393211,0.36044142,0.94140434,0.882571,0.24417537,0.8405945937219672,0.2234200202230194,0.9105379104251536,0.9035070572200965,1.0077817357915162,2538,1787,,,,,,,,,,,,,hap1+INS_GRB10,hap1+INS,GRB10,False,True,8
hap1+INS_HSF1,0.3322393,0.36025238,0.9222404,0.8836952,0.32671875,0.8199412474974556,0.2833363899024004,0.9107496663775876,0.9020615084785323,1.0096314473208254,2519,1691,0.21764890849590302,0.20042727887630463,1.0859246253967285,0.533316969871521,-0.02309979684650898,0.20076923076923076,-0.09384615384615384,0.6908032111908069,0.7502382103215928,0.9207784963321065,12.0,12.0,hap1+INS_HSF1,hap1+INS,HSF1,False,False,8
hap1+INS_IGF2,0.3338938,0.35841215,0.93159175,0.884477,0.2653999,0.8507826895394022,0.24366311665724574,0.9121430070894607,0.9040671256959749,1.0089328338172554,2623,1766,0.1996098905801773,0.2239522486925125,0.8913055658340454,,,,,,,,1.0,0.0,hap1+INS_IGF2,hap1+INS,IGF2,False,True,8
hap1+INS_IKBKB,0.3167583,0.36526582,0.8671994,0.88650155,0.42531627,0.8139224423915833,0.3631298365038795,0.9119300652777191,0.8989637699061066,1.0144236017130777,2666,1486,0.5396991968154907,0.6836393475532532,0.7894501686096191,0.13399574160575867,0.4483618438243866,0.5691162111352853,0.34307692307692306,0.44543525257742744,0.4478791535617407,0.9945433919733075,16.0,9.0,hap1+INS_IKBKB,hap1+INS,IKBKB,False,True,8
hap1+INS_INSR,0.33397505,0.3573324,0.9346341,0.88382757,0.25859103,0.8396548761042625,0.23479344268816,0.9113151527556178,0.9038346586659797,1.0082763965930217,2557,1749,,,,,,,,,,,,,hap1+INS_INSR,hap1+INS,INSR,False,True,8
hap1+INS_IRS1,0.34784248,0.3673381,0.94692737,0.8802657,0.2333585,0.830397719183965,0.20867484939480768,0.9086951432075826,0.901876102943609,1.0075609501590264,2472,1797,0.3400079905986786,0.2654321491718292,1.2809600830078125,-0.18179889023303986,-0.6205555200576782,0.1164835164835165,-0.621978021978022,0.12821660090290043,0.19035620822994304,0.6735614356639195,6.0,8.0,hap1+INS_IRS1,hap1+INS,IRS1,False,True,8
hap1+INS_IRS2,0.3358438,0.35574457,0.94405884,0.8835875,0.23887923,0.8419171780135157,0.22258478908405196,0.9113205062064875,0.9044758216820311,1.0075675704760438,2566,1785,,,,,,,,,,,,,hap1+INS_IRS2,hap1+INS,IRS2,False,True,8
hap1+INS_IRS4,0.33594173,0.35541642,0.945206,0.882555,0.23475789,0.8364259429283734,0.22326589485761178,0.910346482652546,0.9041427483869668,1.0068614544292336,2530,1732,0.04695143178105354,0.027735650539398193,1.6928188800811768,1.0,-1.0,0.9999999999999999,-0.9999999999999999,0.8913315883595861,0.9456217583773314,0.9425878586900261,1.0,1.0,hap1+INS_IRS4,hap1+INS,IRS4,False,True,8
hap1+INS_MAPK1,0.3248201,0.35671666,0.9105829,0.88605064,0.3145292,0.8399323103706087,0.2924309972788547,0.9127574254888734,0.9033146162232409,1.0104535109872492,2636,1621,0.6194101572036743,0.5823108553886414,1.0637104511260986,0.8185904026031494,-0.10317374020814896,0.5393939393939393,-0.006060606060606061,0.8317472668463993,0.8504357699175734,0.9780247918393821,7.0,3.0,hap1+INS_MAPK1,hap1+INS,MAPK1,False,True,8
hap1+INS_MAPK3,0.32768622,0.35918227,0.9123118,0.8861649,0.30953914,0.8434783056567615,0.28334719160786154,0.9131099795869819,0.9033453779656799,1.0108093779627143,2611,1661,,,,,,,,,,,,,hap1+INS_MAPK3,hap1+INS,MAPK3,False,True,8
hap1+INS_MTOR,0.35910586,0.37340632,0.96170264,0.8712526,0.22405314,0.7937543077150585,0.2485791710189875,0.8980211723280137,0.8899340096009284,1.0090873734904364,2473,1639,1.6023585796356201,1.4514065980911255,1.10400390625,-0.10054097324609756,-0.1069108247756958,-0.1134806816802075,-0.002307692307692308,0.5740869295362144,0.5850691580566532,0.981229178859954,12.0,13.0,hap1+INS_MTOR,hap1+INS,MTOR,False,False,8
hap1+INS_PIK3CA,0.32429034,0.3648394,0.8888578,0.88485837,0.4125486,0.8279964788097431,0.3596274003909743,0.9110481832929931,0.899791954518724,1.0125098126491805,2679,1482,0.5882389545440674,0.6892879605293274,0.8534008860588074,0.1686679720878601,0.3168151378631592,0.31390652629142635,0.36846153846153845,0.6658760419873032,0.6888880431737974,0.9665954411394995,17.0,8.0,hap1+INS_PIK3CA,hap1+INS,PIK3CA,False,True,8
hap1+INS_POLR2G,0.33104828,0.4349457,0.7611255,0.84497535,0.43698448,0.7130596429216122,0.4761100037914879,0.8723699551897214,0.8608293763092835,1.0134063488050524,2783,1125,0.7960716485977173,1.3875300884246826,0.5737329125404358,-0.27263352274894714,0.5657975673675537,-0.364449151131792,0.5892307692307692,0.004812917608205569,0.021997563989103353,0.2187932086748188,23.0,2.0,hap1+INS_POLR2G,hap1+INS,POLR2G,False,True,8
hap1+INS_POLR2L,0.34100717,0.38615224,0.88308996,0.8599162,0.28961438,0.7467839062120906,0.3115285945794328,0.8872146478007937,0.8806784866859576,1.0074217335993207,2633,1431,1.2440361976623535,1.520617961883545,0.8181122541427612,0.2292269617319107,0.33379504084587097,0.21822965140416517,0.21000000000000002,0.5199476961112794,0.4883465057305415,1.0647105897347708,18.0,7.0,hap1+INS_POLR2L,hap1+INS,POLR2L,False,True,8
hap1+INS_PTEN,0.33720702,0.3542815,0.9518053,0.88275945,0.22251666,0.8411424962343155,0.21122571377486166,0.9106842906596969,0.9047149327394388,1.0065980539330583,2540,1816,2.70208477973938,2.25919246673584,1.196040153503418,,,,,,,,0.0,1.0,hap1+INS_PTEN,hap1+INS,PTEN,False,True,8
hap1+INS_RAD51,0.34539315,0.39191034,0.8813065,0.8617327,0.3046878,0.7564461285093182,0.3286404383346519,0.8894584579509945,0.8817026547829327,1.008796393121864,2654,1441,1.0985097885131836,1.3493988513946533,0.8140734434127808,0.09225210547447205,0.3594147264957428,0.20365299790573063,0.32846153846153847,0.5352660546845188,0.5945843755420255,0.9002356548581825,18.0,7.0,hap1+INS_RAD51,hap1+INS,RAD51,False,True,8
hap1+INS_RPS6KB1,0.3324468,0.3628072,0.9163181,0.88381255,0.30591714,0.8249253214243989,0.2811887079066992,0.9102305211114072,0.8999338297732714,1.0114416093689131,2547,1626,0.585436224937439,0.6490203738212585,0.9020305871963501,-0.004667230881750584,0.2547836899757385,0.33775726725964744,0.09538461538461537,0.46188543054811126,0.46861586382784015,0.9856376324421626,11.0,14.0,hap1+INS_RPS6KB1,hap1+INS,RPS6KB1,False,True,8
hap1+INS_SGK1,0.33573756,0.35218278,0.9533049,0.88320464,0.22034311,0.8400431255709107,0.20808952122346852,0.910801220688684,0.9048958616654214,1.0065260095370467,2508,1777,,,,,,,,,,,,,hap1+INS_SGK1,hap1+INS,SGK1,False,True,8
hap1+INS_SHC1,0.34079665,0.36009964,0.9463954,0.8800602,0.23083638,0.8273241516198601,0.2246483861678841,0.9078522252239535,0.9019975882758223,1.0064907456785137,2475,1718,0.11420924961566925,0.24844542145729065,0.4596955180168152,0.13366463780403137,0.7587324976921082,0.5078876866903782,0.5823076923076923,0.5109666967175777,0.5271147968867644,0.9693651169260276,19.0,6.0,hap1+INS_SHC1,hap1+INS,SHC1,False,True,8
hap1+INS_SMARCE1,0.320722,0.3771744,0.85032815,0.86917245,0.3526504,0.7311065596695394,0.36338552848288413,0.895850788131511,0.8863133116406009,1.0107608408512514,2754,1348,0.48372483253479004,0.4027526080608368,1.2010470628738403,0.4868534505367279,-0.45528843998908997,0.5436954304647738,0.07153846153846154,0.5614603247424699,0.6686139168873251,0.8397377179289064,17.0,8.0,hap1+INS_SMARCE1,hap1+INS,SMARCE1,False,True,8
hap1+INS_SP1,0.32623473,0.35803,0.91119385,0.88562024,0.3120782,0.8405189239616655,0.28675296193457894,0.9121097255854381,0.9023190140357552,1.0108506098146957,2587,1609,0.11389300227165222,0.10553637146949768,1.079182505607605,0.13325262069702148,-0.05345187336206436,0.23696865220039048,0.22999999999999998,0.5612185910381123,0.5581315106699819,1.0055310985119343,14.0,11.0,hap1+INS_SP1,hap1+INS,SP1,False,True,8
hap1+INS_SREBF1,0.3337502,0.3571935,0.934368,0.88397956,0.25898072,0.8414887777974045,0.23914361654424396,0.9115918607433405,0.9041248258914383,1.0082588539082975,2559,1767,0.053207483142614365,0.032829541712999344,1.6207196712493896,,,,,,,,0.0,1.0,hap1+INS_SREBF1,hap1+INS,SREBF1,False,True,8
hap1+INS_SREBF2,0.344638,0.3643382,0.9459288,0.8808281,0.23379067,0.8391694861007226,0.21750300616024945,0.9092422394912704,0.9026971703665414,1.007250570113199,2537,1774,0.005278312601149082,0.005971030797809362,0.8839868307113647,,,,,,,,1.0,0.0,hap1+INS_SREBF2,hap1+INS,SREBF2,False,True,8
hap1+INS_SRF,0.35672662,0.37404728,0.9536939,0.8719411,0.21723858,0.7900999527051903,0.2048704687666388,0.8995991681491048,0.8932533756283842,1.0071041349452012,2394,1733,0.9410008788108826,0.9815049767494202,0.9587326645851135,-0.33561140298843384,0.13569015264511108,-0.3972287551177266,-0.07846153846153846,0.5209651743545709,0.5030604774000219,1.03559153970331,13.0,12.0,hap1+INS_SRF,hap1+INS,SRF,False,True,8
hap1+INS_TAF3,0.34769547,0.37096977,0.9372609,0.87579155,0.25779653,0.7914756415912294,0.24048038837828833,0.9022808405091817,0.8936184020259004,1.009693666181944,2429,1698,1.4730401039123535,1.2508692741394043,1.1776131391525269,0.19820234179496765,-0.4216049611568451,0.24206630051238803,-0.29384615384615387,0.6983893212002578,0.7065066003356528,0.9885106818088626,12.0,13.0,hap1+INS_TAF3,hap1+INS,TAF3,False,True,8
hap1+INS_TAF7,0.33793548,0.35872287,0.94205165,0.88263214,0.24341598,0.8389013005654141,0.23465796283753784,0.910296676041281,0.9032446166415316,1.0078074745974912,2544,1724,0.01984327659010887,0.009822393767535686,2.0202078819274902,0.2493133842945099,-0.9996077418327332,0.5,-1.0,0.6244116779213548,0.7283842173792947,0.8572559138746442,1.0,2.0,hap1+INS_TAF7,hap1+INS,TAF7,False,True,8
hap1+INS_TAF8,0.3439022,0.37259686,0.9229874,0.87451595,0.27038303,0.7942725509134256,0.251658442851937,0.9017001347238058,0.8936436550961755,1.0090153156481185,2496,1635,0.8805779814720154,0.8909280300140381,0.9883828163146973,0.33349400758743286,0.04121614620089531,0.1904767887044925,0.04923076923076923,0.6738340918182755,0.6772537571711025,0.9949506882514598,15.0,10.0,hap1+INS_TAF8,hap1+INS,TAF8,False,True,8
hap1+INS_TSC1,0.34288907,0.35530576,0.9650535,0.8786144,0.19226345,0.8207313198281548,0.17390014846123847,0.907313697324356,0.9038990973734163,1.0037776339868707,2425,1794,0.23340576887130737,0.19848503172397614,1.1759363412857056,0.5014218688011169,-0.1421682983636856,0.07232160164557372,-0.09461538461538462,0.621919148289874,0.6863342284938185,0.9061461930212845,13.0,12.0,hap1+INS_TSC1,hap1+INS,TSC1,False,True,8
hap1+INS_TSC2,0.34128964,0.3550297,0.9612988,0.881053,0.19870538,0.8325010689990212,0.19093299625579996,0.9097048751122088,0.905233922075958,1.004939002977261,2475,1824,0.7011363506317139,0.6432158946990967,1.0900481939315796,0.7724637985229492,-0.23852086067199707,0.5833333333333334,0.08333333333333334,0.8528128603553565,0.8850281509901389,0.9635996995138053,5.0,4.0,hap1+INS_TSC2,hap1+INS,TSC2,False,True,8
hap1+INS_TTF1,0.33369341,0.35715836,0.934301,0.8821989,0.2566436,0.8185503554108123,0.24941910485287191,0.9090991571800158,0.9017941188661617,1.0081005610493876,2488,1680,0.4789675176143646,0.42790859937667847,1.1193220615386963,0.16803574562072754,-0.16101187467575073,0.47663012999396726,0.12,0.5176580482833978,0.532931086802148,0.971341438139036,16.0,9.0,hap1+INS_TTF1,hap1+INS,TTF1,False,True,8
hap1+INS_TTF2,0.36570522,0.41389918,0.88356113,0.85107344,0.3012522,0.7448570925322412,0.3328581488288406,0.8789541182930354,0.8701684806813451,1.010096478793177,2651,1397,0.6745415329933167,0.9298932552337646,0.7253967523574829,,0.5143624544143677,,0.5507692307692308,,,,19.0,6.0,hap1+INS_TTF2,hap1+INS,TTF2,False,True,8
hap1+INS_XBP1,0.32378477,0.36200976,0.89440894,0.8800488,0.31818557,0.7883654405094668,0.2990419896789948,0.9059698901355004,0.8968013761532166,1.0102235726060231,2586,1547,0.6565557718276978,0.8303505778312683,0.7906970977783203,0.3711583912372589,0.36436688899993896,0.3994023257980975,0.24615384615384614,0.6931698684699775,0.7375924419033152,0.9397735512057204,20.0,5.0,hap1+INS_XBP1,hap1+INS,XBP1,False,True,8
hap1+INS_ZNF593,0.34190664,0.35972857,0.9504573,0.8812098,0.22386976,0.836364478087295,0.22263262005548495,0.9095122730364448,0.9034961072991632,1.006658762211235,2547,1722,0.11886133998632431,0.12151683866977692,0.9781470894813538,0.5661643743515015,0.3148947060108185,0.642857142857143,0.0,0.8419191154119793,0.8273862342641053,1.017564808968329,4.0,3.0,hap1+INS_ZNF593,hap1+INS,ZNF593,False,True,8
hap1+TGFB_SKP1,0.085645944,0.2962268,0.28912288,0.97388196,0.84742695,0.7594053772523007,0.6927221494326743,0.9778589901943362,0.9042609283624032,1.0813902929160253,3060,893,0.2134421467781067,1.0959115028381348,0.1947622150182724,0.4562756419181824,0.956909716129303,0.43078849548415465,0.9323076923076923,0.6921118296817168,0.7242480466519727,0.9556281620381111,16.0,9.0,hap1+TGFB_SKP1,hap1+TGFB,SKP1,True,False,8
hap1+TNFA_MAP3K14,0.01475028,0.40368956,0.03653867,0.995265,0.98197263,0.8495995789547953,0.8973349344776386,0.9962976056644244,0.8904591408484801,1.1188583057444896,3626,586,0.032604463398456573,0.22277525067329407,0.14635586738586426,0.952380895614624,0.9826286435127258,0.49999999999999994,0.9999999999999999,0.9821582270119621,0.5147812710837485,1.9079136755388624,5.0,0.0,hap1+TNFA_MAP3K14,hap1+TNFA,MAP3K14,True,False,8
hap1+TNFA_MAPK8,0.014408083,0.39965513,0.03605129,0.9951929,0.9819752,0.863029696373608,0.9001837260657048,0.9962726229194743,0.8925584707839278,1.1161987203420467,3648,591,,,,,,,,,,,,,hap1+TNFA_MAPK8,hap1+TNFA,MAPK8,True,False,8
hap1+TNFA_ZFP36L1,0.025323179,0.3949279,0.064121015,0.9916801,0.9676171,0.875972323432101,0.874009316152287,0.9935506839573537,0.8935875905744699,1.111867145915287,3571,666,0.007268475368618965,0.5122342705726624,0.014189748093485832,,,,,,,,1.0,0.0,hap1+TNFA_ZFP36L1,hap1+TNFA,ZFP36L1,True,False,8
ht29+IFNB_ELK1,0.027760983,0.24725717,0.11227574,0.9909071,0.94257236,0.8405877125843649,0.8520805765033482,0.9928817925536854,0.9343437102047797,1.0626515507190346,3494,700,0.07224130630493164,0.015476170927286148,4.667905807495117,,,,,,,,0.0,1.0,ht29+IFNB_ELK1,ht29+IFNB,ELK1,True,False,8
ht29+IFNB_MAP3K14,0.02409667,0.24807017,0.097136505,0.9921076,0.9503859,0.840717249094687,0.8682783173594102,0.9938075120711054,0.9341091148618108,1.0639094472578037,3559,639,,,,,,,,,,,,,ht29+IFNB_MAP3K14,ht29+IFNB,MAP3K14,True,False,8
ht29+IFNB_MAPK8,0.019330554,0.24590258,0.078610614,0.99364245,0.9598821,0.8377924844296906,0.8561186303516731,0.9950185047811227,0.9345075210032737,1.0647517354519365,3493,709,,,,,,,,,,,,,ht29+IFNB_MAPK8,ht29+IFNB,MAPK8,True,False,8
ht29+INS_HSF1,0.017550768,0.22617911,0.07759677,0.9941072,0.9609054,0.8641242495826068,0.8523507182939433,0.9954025263925292,0.9388801719824503,1.060201883154835,3602,758,0.0070717125199735165,0.0014574803644791245,4.8520121574401855,,,,,,,,0.0,1.0,ht29+INS_HSF1,ht29+INS,HSF1,True,False,8
ht29+TGFB_CHUK,0.022807194,0.22814956,0.099965975,0.9923965,0.9490832,0.8331163533599139,0.8198650657722609,0.9939679679579685,0.9375379397150112,1.0601895943113626,3335,713,0.07999186217784882,0.6356189846992493,0.12584875524044037,0.6932143568992615,0.9477505087852478,0.48923076923076925,0.9084615384615384,0.9244507993819305,0.7997506664991485,1.1559237623754013,20.0,5.0,ht29+TGFB_CHUK,ht29+TGFB,CHUK,True,False,8
ht29+TGFB_HDAC4,0.020922408,0.22744465,0.09198901,0.9934874,0.9550537,0.8455538885545473,0.8304958491876824,0.9947411411652262,0.9378769671539493,1.060630739428259,3325,710,0.1526384949684143,0.8414596319198608,0.18139728903770447,0.9776124954223633,0.8603920340538025,0.4553846153846154,0.8584615384615385,0.9665416604254184,0.7052345126753584,1.3705251842522175,20.0,5.0,ht29+TGFB_HDAC4,ht29+TGFB,HDAC4,True,False,8
ht29+TGFB_SKP1,0.020930314,0.25653404,0.08158884,0.9924834,0.95738584,0.7792450765348277,0.8342622949280694,0.993918122570452,0.9246489582132777,1.0749140133040596,3363,640,0.07745608687400818,1.3637527227401733,0.05679628252983093,0.41372326016426086,0.9698049426078796,0.33891808183685246,0.9576923076923078,0.830495263400009,0.7349760748060337,1.1299623101598018,21.0,4.0,ht29+TGFB_SKP1,ht29+TGFB,SKP1,True,False,8
ht29+TGFB_SMAD2,0.014362878,0.21565844,0.06660012,0.9954152,0.9669887,0.8433592685254643,0.8674103057425464,0.9963923197637352,0.94388060975624,1.0556338476124183,3494,662,,,,,,,,,,,,,ht29+TGFB_SMAD2,ht29+TGFB,SMAD2,True,False,8
ht29+TGFB_SMAD9,0.015712965,0.21681948,0.07247026,0.9951997,0.96493185,0.8319405708367874,0.8655056229706017,0.9961922870958987,0.9435304101948552,1.0558136508712719,3503,627,,,,,,,,,,,,,ht29+TGFB_SMAD9,ht29+TGFB,SMAD9,True,False,8
ht29+TNFA_CASP3,0.018364573,0.22854018,0.080355994,0.9940933,0.9594018,0.8134945174032662,0.837070929681524,0.9953704921638487,0.9392825921017771,1.0597135521659855,3440,734,0.023034481331706047,0.2336135357618332,0.09860079735517502,0.6237986087799072,0.9451656937599182,0.4133950416632155,0.9207692307692308,0.8579350843441838,0.786435948044783,1.090915396831948,19.0,6.0,ht29+TNFA_CASP3,ht29+TNFA,CASP3,True,False,8
ht29+TNFA_CHUK,0.015686627,0.21591084,0.072653264,0.99481606,0.9630586,0.8531035232001674,0.8516382576435716,0.9959248549267173,0.9422507750655995,1.0569636887349665,3478,688,0.19471246004104614,0.31042128801345825,0.6272522807121277,0.7742109298706055,0.7457296848297119,0.7176923076923076,0.6315384615384615,0.9418704354598818,0.8454687888602404,1.1140215320421214,20.0,5.0,ht29+TNFA_CHUK,ht29+TNFA,CHUK,True,False,8
ht29+TNFA_JUNB,0.019403124,0.22974585,0.08445473,0.9936867,0.9569764,0.8708854328986116,0.8536371504252465,0.9950356742003867,0.9396397481352152,1.0589544303283347,3507,685,0.012261249125003815,0.14619974792003632,0.0838664174079895,0.5038222074508667,0.9827030301094055,0.4852225004207442,0.9116883116883117,0.8836203155776806,0.7290323861794457,1.2120453526191968,15.0,6.0,ht29+TNFA_JUNB,ht29+TNFA,JUNB,True,False,8
ht29+TNFA_MAP3K14,0.02096323,0.22726889,0.09223977,0.9931341,0.95324266,0.8607065764010816,0.8753185971344758,0.9946472039502293,0.9404419086779652,1.0576381111603839,3628,614,,,,,,,,,,,,,ht29+TNFA_MAP3K14,ht29+TNFA,MAP3K14,True,False,8
ht29+TNFA_MTOR,0.025733026,0.23661767,0.10875361,0.9922461,0.94745183,0.8616214096380486,0.8230938939223809,0.9937669861245955,0.9360158060996955,1.0616989367578573,3412,724,0.04835616424679756,0.5639280080795288,0.0857488289475441,0.4675244390964508,0.970127284526825,0.5004808709621883,0.9176923076923077,0.8639535376605568,0.6943583176369357,1.244247409033413,15.0,10.0,ht29+TNFA_MTOR,ht29+TNFA,MTOR,True,False,8
ht29+TNFA_ZFP36L1,0.026563883,0.22488542,0.118121855,0.99166036,0.94044805,0.8677057851487637,0.8303460152527533,0.9935011961001761,0.9406435210310322,1.0561930996039892,3476,754,0.0214473158121109,0.09521633386611938,0.2252482771873474,0.8378555774688721,0.92507004737854,0.2224788957926802,0.8338461538461539,0.803477481736031,0.5722168741618211,1.4041485283232142,17.0,8.0,ht29+TNFA_ZFP36L1,ht29+TNFA,ZFP36L1,True,False,8
k562+IFNB_ELK1,0.03691973,0.32512823,0.11355437,0.9874127,0.9445717,0.8716756334336622,0.8401084319032895,0.9901723559390606,0.9042100962303622,1.0950689005432186,3493,762,0.46297287940979004,0.836579442024231,0.5534117221832275,0.8035182952880859,0.927711546421051,0.7,0.7,0.9489982300998347,0.8491885508783054,1.1175353566864479,5.0,0.0,k562+IFNB_ELK1,k562+IFNB,ELK1,True,False,8
k562+IFNB_MAP3K14,0.024753049,0.32372558,0.07646306,0.9905809,0.9606895,0.8795087452370879,0.8504768767752848,0.9926168453609512,0.9018775964749931,1.1006114901186306,3494,735,0.055149927735328674,1.0766493082046509,0.051223669201135635,0.763710618019104,0.9963484406471252,0.7380952380952381,1.0,0.9675099759876875,0.7590602243421916,1.2746155640366224,7.0,1.0,k562+IFNB_MAP3K14,k562+IFNB,MAP3K14,True,False,8
k562+INS_CHUK,0.022654034,0.41066104,0.0551648,0.9918529,0.97319084,0.8644315217547741,0.8738174632775728,0.9936620853411876,0.8792518045151547,1.1301223156307563,3536,682,0.11418456584215164,0.3357733488082886,0.3400644063949585,0.4441958963871002,0.8259686827659607,0.6295878035008471,0.7221908526256353,0.6729694043986518,0.3923303614836364,1.7153130893407047,17.0,5.0,k562+INS_CHUK,k562+INS,CHUK,True,False,8
k562+INS_HSF1,0.016973946,0.41436338,0.040963914,0.99376106,0.98026526,0.8932305529532353,0.8937509123416177,0.9951523304349783,0.8789953070252102,1.1321474898459687,3616,664,0.17606434226036072,0.154972642660141,1.1360994577407837,0.6693959832191467,-0.12371968477964401,0.7142857142857144,0.28571428571428575,0.8420510078478011,0.8389674292143604,1.0036754449887622,6.0,2.0,k562+INS_HSF1,k562+INS,HSF1,True,False,8
mcf7+IFNB_ELK1,0.032236256,0.23459153,0.13741441,0.98939514,0.92981017,0.8366223114897328,0.8468792311247926,0.9916969601783645,0.9365422068623512,1.058891903548902,3560,776,0.010750350542366505,0.026232466101646423,0.4098109006881714,0.9948986172676086,0.986207127571106,1.0,1.0,0.9875191489848538,0.8346641019112837,1.183133606349608,2.0,1.0,mcf7+IFNB_ELK1,mcf7+IFNB,ELK1,True,False,8
mcf7+INS_ELK1,0.022015795,0.30737764,0.071624584,0.99268234,0.964087,0.8295797105476305,0.8766755806763027,0.9942312667318458,0.9136165772813502,1.0882368943987213,3595,660,0.047938574105501175,0.005594024900346994,8.569602966308594,-0.7249434590339661,-0.9808719754219055,-1.0,-1.0,0.634486168456944,0.9953358402300754,0.6374593808560941,1.0,2.0,mcf7+INS_ELK1,mcf7+INS,ELK1,True,False,8
mcf7+INS_HSF1,0.019221457,0.29971987,0.06413141,0.99338126,0.967379,0.8513948495561059,0.8771775411751163,0.9947916523934888,0.9156287128647865,1.0864574673297651,3599,651,0.09410765767097473,0.219655379652977,0.42843320965766907,0.9657173752784729,0.8422074317932129,0.7142857142857144,0.880952380952381,0.9787746691214522,0.9370523786455277,1.044525035554824,7.0,1.0,mcf7+INS_HSF1,mcf7+INS,HSF1,True,False,8
mcf7+INS_MTOR,0.034418628,0.30509982,0.112811044,0.9883435,0.9420372,0.8522806899924776,0.8419516385176479,0.9907993735986524,0.9138122993530892,1.0842482359890149,3531,644,0.3535486161708832,0.3495015501976013,1.0115795135498047,0.054056163877248764,0.2027643620967865,0.6904761904761906,0.4761904761904762,0.4859787803260447,0.38767697681595603,1.253566266218476,7.0,1.0,mcf7+INS_MTOR,mcf7+INS,MTOR,True,False,8
mcf7+TGFB_CHUK,0.057967834,0.27262247,0.21263044,0.9810907,0.88781387,0.7925097196214737,0.7546528660713375,0.9842619154740974,0.9181686249986217,1.071983825929115,3273,875,0.6412253379821777,1.7703890800476074,0.36219459772109985,0.9650025963783264,0.9401833415031433,0.9092307692307693,0.9361538461538461,0.9714689245235649,0.7608905859825523,1.2767524561617343,20.0,5.0,mcf7+TGFB_CHUK,mcf7+TGFB,CHUK,True,False,8
mcf7+TGFB_SKP1,0.058176707,0.2770188,0.21000998,0.97895294,0.8774462,0.7328104904132531,0.7697690756012099,0.9826113524616644,0.9175367645416801,1.0709231394695011,3231,809,0.5759385824203491,2.035562753677368,0.28293827176094055,0.8636319041252136,0.9245503544807434,0.7992307692307692,0.89,0.8942705360923471,0.7027312036724592,1.2725641488792687,19.0,6.0,mcf7+TGFB_SKP1,mcf7+TGFB,SKP1,True,False,8
mcf7+TGFB_SMAD2,0.02202595,0.23370174,0.09424812,0.9927128,0.95196116,0.801182972103977,0.8190737443857696,0.9942142728761271,0.9346775412464242,1.0636976165601546,3359,822,,,,,,,,,,,,,mcf7+TGFB_SMAD2,mcf7+TGFB,SMAD2,True,False,8
mcf7+TNFA_JUNB,0.04314106,0.25023144,0.17240463,0.98495,0.90954983,0.8559417707167009,0.793362475013148,0.9881049879545806,0.9289322087729622,1.0636997819892373,3360,768,0.03637050464749336,0.8913657665252686,0.04080311954021454,0.7623215913772583,0.9762983918190002,0.5969230769230769,0.953076923076923,0.8671100028555354,0.7973980260930107,1.0874243156884782,25.0,0.0,mcf7+TNFA_JUNB,mcf7+TNFA,JUNB,True,False,8
mcf7+TNFA_MAP3K14,0.0335711,0.2438488,0.1376718,0.98845464,0.92888343,0.8589944277681444,0.8289062060103186,0.9909719925580281,0.9319146025290695,1.0633721049854634,3514,699,0.012325514107942581,0.5523251891136169,0.022315682843327522,0.8410089612007141,0.9614057540893555,0.8080495356037152,0.9566563467492261,0.9382964829274744,0.9399323533121693,0.9982595871086569,18.0,0.0,mcf7+TNFA_MAP3K14,mcf7+TNFA,MAP3K14,True,False,8
mcf7+TNFA_MTOR,0.043302447,0.24721326,0.17516232,0.9853535,0.9093046,0.8706666825937743,0.7901172806175022,0.9884368565186761,0.9295275650511882,1.0633755185778098,3354,768,0.02216826006770134,0.9419543743133545,0.023534324020147324,0.9207351803779602,0.9687155485153198,0.8684615384615384,0.9676923076923077,0.964888450796416,0.847987357878703,1.1378571175991927,25.0,0.0,mcf7+TNFA_MTOR,mcf7+TNFA,MTOR,True,False,8
mcf7+TNFA_ZFP36L1,0.04515652,0.2489479,0.18138944,0.9846733,0.90501595,0.8752237605410012,0.7834931631276076,0.9880343756881086,0.9305760901771019,1.061744854738393,3397,791,0.023898234590888023,0.6688679456710815,0.03572937473654747,0.7103381156921387,0.9418935775756836,0.7569230769230769,0.89,0.9058585608533736,0.9087653459082987,0.9968013909553077,25.0,0.0,mcf7+TNFA_ZFP36L1,mcf7+TNFA,ZFP36L1,True,False,8
a549+IFNG_HLA-DQB1,0.03377377,0.36922792,0.09147133,0.98918617,0.95459086,0.8401870682248425,0.8366182058343415,0.9915818563996344,0.9036576268628325,1.0972981657246037,3366,747,0.09734006971120834,0.09525658190250397,1.0218724012374878,-0.14766284823417664,0.8826667070388794,-0.3,0.7,0.9244511489012667,0.6762038507985569,1.3671190245508722,5.0,0.0,a549+IFNG_HLA-DQB1,a549+IFNG,HLA-DQB1,True,False,9
a549+IFNG_IRF5,0.032267265,0.37111032,0.0869479,0.99111426,0.95786065,0.8364575465501005,0.8584914058313611,0.993146390343035,0.9069834421942286,1.094999472030444,3478,653,,,,,,,,,,,,,a549+IFNG_IRF5,a549+IFNG,IRF5,True,False,9
a549+TNFA_ARID5B,0.03252008,0.22884656,0.1421043,0.98971957,0.93034375,0.8264954770453583,0.8111005360941342,0.9920800342235274,0.9429989767884582,1.0520478374241964,3282,755,0.027832267805933952,0.23374028503894806,0.11907347291707993,0.8283231258392334,0.9695020914077759,0.6451067259661969,0.9736263736263736,0.909621883923167,0.520244290680799,1.7484514490929308,10.0,4.0,a549+TNFA_ARID5B,a549+TNFA,ARID5B,True,False,9
a549+TNFA_CASP3,0.028075019,0.2375602,0.118180655,0.9908531,0.9394118,0.7875969881772458,0.8028074310262392,0.9928934531329779,0.9377133110635768,1.0588454290009113,3231,794,0.03710288181900978,0.3918597102165222,0.09468409419059753,0.8356909155845642,0.9857568740844727,0.654860746044263,0.9046153846153847,0.892326448503051,0.6230012714209947,1.4323027727820785,14.0,11.0,a549+TNFA_CASP3,a549+TNFA,CASP3,True,False,9
a549+TNFA_CSF2,0.036811076,0.23540603,0.1563727,0.98937476,0.9264418,0.7963167935157397,0.8148235166850339,0.9916880499088631,0.9435422603156877,1.0510266382526066,3354,732,0.007940804585814476,0.001974165439605713,4.022360324859619,,,,,,,,1.0,0.0,a549+TNFA_CSF2,a549+TNFA,CSF2,True,False,9
a549+TNFA_IKBKE,0.030753912,0.23504959,0.13084011,0.99069804,0.93453866,0.8270537878121811,0.8163135810736293,0.9928529686987914,0.9430030088522967,1.0528629912932788,3318,742,,,,,,,,,,,,,a549+TNFA_IKBKE,a549+TNFA,IKBKE,True,False,9
a549+TNFA_MAPK9,0.028361227,0.23426501,0.121064715,0.99108815,0.93812615,0.8490117013917686,0.8182422146753805,0.993195952226009,0.943149915720274,1.053062652788889,3300,774,,,,,,,,,,,,,a549+TNFA_MAPK9,a549+TNFA,MAPK9,True,False,9
bxpc3+IFNG_PLEK,0.032830093,0.3058884,0.10732702,0.9900128,0.94550955,0.8533699502934036,0.8116263135796012,0.9924088786986053,0.9255291997004961,1.0722610145846847,3350,753,0.07896798849105835,0.40071702003479004,0.19706672430038452,0.8540287017822266,0.9283199906349182,0.6301211888055839,0.9407692307692307,0.8866550678048561,0.35203599428648114,2.518648894417628,17.0,8.0,bxpc3+IFNG_PLEK,bxpc3+IFNG,PLEK,True,False,9
bxpc3+IFNG_SOX2,0.121846445,0.3169525,0.38443124,0.9668511,0.8129773,0.8142961752572703,0.655041276295416,0.972931907097874,0.904502349240345,1.0756543727221939,2949,1006,0.3600183427333832,1.0778367519378662,0.33401936292648315,0.810869574546814,0.8784302473068237,0.3672326776676554,0.9107692307692308,0.734654690947595,0.24898521667245754,2.9505956247757483,16.0,9.0,bxpc3+IFNG_SOX2,bxpc3+IFNG,SOX2,True,False,9
bxpc3+IFNG_TAPBPL,0.35067335,0.3986979,0.87954646,0.93202186,0.50368726,0.7825946397936597,0.38213848048623394,0.9416790723441705,0.8860381187664108,1.06279747157518,2480,1360,1.205755591392517,1.8386812210083008,0.6557719707489014,,0.800807774066925,,0.7476923076923078,,,,13.0,12.0,bxpc3+IFNG_TAPBPL,bxpc3+IFNG,TAPBPL,True,False,9
bxpc3+TGFB_RELA,0.032773685,0.26160172,0.12528084,0.9896029,0.93519926,0.8519059515741011,0.793065089661488,0.9920622529648434,0.9343810792714133,1.0617319581625166,3166,717,0.013076676987111568,0.9394879937171936,0.013918939977884293,,,,,,,,1.0,0.0,bxpc3+TGFB_RELA,bxpc3+TGFB,RELA,True,False,9
bxpc3+TNFA_CASP3,0.0507545,0.3436297,0.14770114,0.9824674,0.92730737,0.8040435348615002,0.7851606379736609,0.9857845743307501,0.8968248897497312,1.099194040662547,3184,846,0.09878356009721756,0.9042927026748657,0.10923848301172256,0.2222875952720642,0.9855169057846069,0.1746750424497392,0.94,0.7877749840182869,0.7520944690557383,1.0474415335181841,12.0,13.0,bxpc3+TNFA_CASP3,bxpc3+TNFA,CASP3,True,False,9
bxpc3+TNFA_IKBKE,0.03637748,0.33815145,0.10757747,0.9882173,0.9451408,0.8520827329068897,0.8346340064814864,0.9909775832074408,0.910763503342234,1.0880734455990437,3361,740,0.09350493550300598,0.34735649824142456,0.26919010281562805,0.5551350116729736,0.8382776975631714,0.49701866662809174,0.8007692307692308,0.7403447741102093,0.6565409725809116,1.1276444350454757,16.0,9.0,bxpc3+TNFA_IKBKE,bxpc3+TNFA,IKBKE,True,False,9
bxpc3+TNFA_MAPK9,0.042017095,0.3502709,0.119955994,0.9862175,0.9382987,0.8762629097353382,0.8364128503360825,0.9895188299201929,0.9086910082193792,1.0889497320538029,3473,714,0.7402200102806091,1.5188989639282227,0.4873398542404175,0.8826171159744263,0.7288298010826111,1.0,1.0,0.8809965466916788,0.5953403414358415,1.479820004414436,2.0,2.0,bxpc3+TNFA_MAPK9,bxpc3+TNFA,MAPK9,True,False,9
hap1+IFNG_HLA-DQB1,0.04257069,0.34976777,0.121711306,0.9857356,0.9386788,0.8335116075499921,0.805754922865565,0.9885717469047469,0.9015973205359531,1.096467041757724,3314,829,,,,,,,,,,,,,hap1+IFNG_HLA-DQB1,hap1+IFNG,HLA-DQB1,True,False,9
hap1+IFNG_IRF5,0.047927674,0.34744042,0.13794501,0.9873944,0.934055,0.830868783404161,0.812611403913182,0.9901529687429641,0.9064270305144326,1.0923691984130413,3406,753,,,,,,,,,,,,,hap1+IFNG_IRF5,hap1+IFNG,IRF5,True,False,9
hap1+IFNG_PLEK,0.03436427,0.3442099,0.09983521,0.98827326,0.95144737,0.8177978647929538,0.8178420355180936,0.9907429703149953,0.9025915476408034,1.0976647996589401,3385,760,0.8055750131607056,2.9273760318756104,0.2751867175102234,1.0,1.0,0.9999999999999999,0.9999999999999999,0.9670511413827364,0.8492337263277198,1.1387337918908214,2.0,0.0,hap1+IFNG_PLEK,hap1+IFNG,PLEK,True,False,9
hap1+IFNG_SOX2,0.23625869,0.45988268,0.51373684,0.93637085,0.72320837,0.7403885303991379,0.5833005062352936,0.9453620324073918,0.8515396015962201,1.1101797622040133,2827,953,1.6933321952819824,2.924844741821289,0.5789477229118347,0.7502601742744446,0.820006251335144,0.48826573041692906,0.8315384615384616,0.6818429091928866,0.5399465248629294,1.2627971063726708,14.0,10.0,hap1+IFNG_SOX2,hap1+IFNG,SOX2,True,False,9
hap1+IFNG_TAPBPL,0.090301394,0.36384818,0.24818426,0.9731089,0.8802309,0.8232026740021547,0.6915881886677004,0.9774894651936423,0.8872400904786019,1.10171922536363,3121,977,0.7096010446548462,1.5656991004943848,0.4532167315483093,0.7477346658706665,0.8975645899772644,0.6589728915897224,0.8946153846153846,0.9329321021663924,0.7663406159190499,1.2173856934981244,18.0,7.0,hap1+IFNG_TAPBPL,hap1+IFNG,TAPBPL,True,False,9
hap1+TNFA_ARID5B,0.026161963,0.4133415,0.06329382,0.9911309,0.9714203,0.8618876081291039,0.8716038203699191,0.9930169977528851,0.886454073900846,1.1202125716260838,3534,656,0.05330850929021835,0.7627636194229126,0.069888636469841,0.49426501989364624,0.9895395636558533,0.4969230769230769,0.9207692307692308,0.8964771697127611,0.5992197027064552,1.4960742540068412,20.0,5.0,hap1+TNFA_ARID5B,hap1+TNFA,ARID5B,True,False,9
hap1+TNFA_IKBKE,0.020347722,0.40038767,0.05082005,0.993575,0.9761545,0.8731771413564674,0.8922409010653787,0.9950096207280639,0.8920037284323892,1.1154769750533415,3627,605,0.3635469079017639,2.3937370777130127,0.15187419950962067,-1.0,1.0,-0.9999999999999999,0.9999999999999999,0.7459581846664473,0.997709745797833,0.7476705402631213,1.0,1.0,hap1+TNFA_IKBKE,hap1+TNFA,IKBKE,True,False,9
hap1+TNFA_MAPK9,0.016659977,0.40045616,0.0416025,0.9944734,0.9804239,0.8781271110401397,0.9024257987594959,0.9956954873502439,0.8918424140980701,1.11644778450821,3616,606,,,,,,,,,,,,,hap1+TNFA_MAPK9,hap1+TNFA,MAPK9,True,False,9
ht29+IFNG_HLA-DQB1,0.032236304,0.26344335,0.12236522,0.9892898,0.9368762,0.8437224673660062,0.8361023876556195,0.9915260785782712,0.9283044466022866,1.068104415752164,3385,737,0.07697400450706482,1.03618323802948,0.0742860957980156,0.9642709493637085,0.9870051145553589,0.7999999999999999,1.0,0.9877236630878413,0.8666535157603911,1.13969844364068,4.0,0.0,ht29+IFNG_HLA-DQB1,ht29+IFNG,HLA-DQB1,True,False,9
ht29+IFNG_IRF5,0.03388911,0.26018012,0.1302525,0.9890816,0.933314,0.843661706807731,0.8398889318587041,0.9914458119900783,0.930042866319095,1.0660216296416558,3464,670,,,,,,,,,,,,,ht29+IFNG_IRF5,ht29+IFNG,IRF5,True,False,9
ht29+IFNG_PLEK,0.026379544,0.26197943,0.10069319,0.9912266,0.9484319,0.8355793711496344,0.8516829135955718,0.9931054115372159,0.9292229578590377,1.0687482515771731,3474,667,,,,,,,,,,,,,ht29+IFNG_PLEK,ht29+IFNG,PLEK,True,False,9
ht29+IFNG_ZC3H3,0.034134664,0.26557362,0.12853183,0.98931414,0.9352807,0.8636722514352603,0.8450382433534059,0.9915998057729769,0.9282153870909371,1.0682863261733777,3447,687,0.04354918375611305,0.08370974659919739,0.520240306854248,0.6638595461845398,0.9652934074401855,0.39999999999999997,0.7999999999999999,0.9133724579822521,0.6147065360080589,1.4858674903861404,1.0,3.0,ht29+IFNG_ZC3H3,ht29+IFNG,ZC3H3,True,False,9
ht29+TNFA_ARID5B,0.25287926,0.23028684,1.0981055,0.9136621,-0.015589092,0.8291408293036251,0.08414502758958649,0.9330374225427717,0.9392930698749777,0.9933400473900668,2363,1805,0.1925201267004013,0.23805418610572815,0.8087239861488342,0.27054262161254883,0.32919058203697205,0.44787150161201955,0.3984615384615384,0.6774403501554608,0.6892260629913186,0.9829000766675792,17.0,8.0,ht29+TNFA_ARID5B,ht29+TNFA,ARID5B,False,False,9
ht29+TNFA_BATF,0.2667767,0.22772916,1.1714649,0.9088818,-0.1489082,0.8284677831522301,0.03249791223719759,0.9295320500130907,0.9402856420299529,0.9885634837583539,2295,1902,,,,,,,,,,,,,ht29+TNFA_BATF,ht29+TNFA,BATF,False,True,9
ht29+TNFA_BIRC2,0.26080263,0.22584951,1.1547629,0.9111089,-0.083580434,0.8145947363548413,0.049098410735354384,0.9314210462426028,0.9410253054670263,0.9897938353319234,2308,1966,,,,,,,,,,,,,ht29+TNFA_BIRC2,ht29+TNFA,BIRC2,False,True,9
ht29+TNFA_BIRC3,0.25894654,0.22558042,1.1479123,0.91164136,-0.07841982,0.8202029357084721,0.0454816314229049,0.9317268520926107,0.9409402440453524,0.9902083134279274,2289,1935,0.05362445116043091,0.4452139139175415,0.12044648826122284,1.0,1.0,0.9999999999999999,0.9999999999999999,0.9998189563577918,0.9976119891644688,1.0022122500704622,2.0,0.0,ht29+TNFA_BIRC3,ht29+TNFA,BIRC3,False,True,9
ht29+TNFA_CASP3,0.27327487,0.22854018,1.195741,0.90677476,-0.16003998,0.7910413633070036,0.056819717194229444,0.9276574640375607,0.9392825921017771,0.9876233966625491,2354,1820,0.2396957278251648,0.2336135357618332,1.0260353088378906,0.5466347336769104,-0.17473900318145752,0.33333343210460387,0.16923076923076924,0.7842149225163956,0.786435948044783,0.9971758341745323,19.0,6.0,ht29+TNFA_CASP3,ht29+TNFA,CASP3,False,False,9
ht29+TNFA_CASP7,0.26688173,0.2266082,1.1777232,0.9087501,-0.121009074,0.8140676118713049,0.015169998817622073,0.9295995752838645,0.9406904658318502,0.9882098405896161,2255,1994,,,,,,,,,,,,,ht29+TNFA_CASP7,ht29+TNFA,CASP7,False,True,9
ht29+TNFA_CASP8,0.26860666,0.23574819,1.1393795,0.9061669,-0.077051625,0.7817484436896369,0.11751910335245949,0.9263125178777843,0.9353992699726599,0.9902856968285413,2416,1713,0.39239272475242615,0.5173975229263306,0.7583969831466675,0.24319973587989807,0.4582258462905884,0.19849554955376378,0.45692307692307693,0.7308448375114801,0.7517420416314929,0.9722016290659227,18.0,7.0,ht29+TNFA_CASP8,ht29+TNFA,CASP8,False,True,9
ht29+TNFA_CASP10,0.2918892,0.24443398,1.1941433,0.8997322,-0.02845741,0.7439689610267372,0.1945763609192528,0.9206552617211052,0.9309801155715604,0.9889096945490438,2634,1481,0.32107844948768616,0.4956333041191101,0.6478145122528076,0.14382559061050415,0.4446781575679779,0.040170312363052754,0.48,0.616253761390839,0.6768860162155791,0.9104247194177083,20.0,5.0,ht29+TNFA_CASP10,ht29+TNFA,CASP10,False,True,9
ht29+TNFA_CEBPB,0.26027814,0.2298924,1.1321737,0.91117597,-0.056320865,0.8228021045795185,0.08023181113840999,0.9309767842505507,0.9392910292707355,0.9911483823851273,2409,1757,0.2508735954761505,0.2235296219587326,1.1223281621932983,0.19944436848163605,-0.14142493903636932,0.4604731764348497,-0.021538461538461538,0.4279631726434563,0.5727827843316668,0.7471648665956525,15.0,10.0,ht29+TNFA_CEBPB,ht29+TNFA,CEBPB,False,True,9
ht29+TNFA_CHUK,0.2587076,0.21591084,1.198215,0.9104706,-0.2741884,0.82604287648322,-0.0037136676060435026,0.9304589663337092,0.9422507750655995,0.9874854878935287,2250,1916,0.3886498212814331,0.31042128801345825,1.2520076036453247,0.3687977194786072,0.0046343207359313965,0.45999999999999996,0.04769230769230769,0.8034655749031566,0.8454687888602404,0.9503196161579099,8.0,17.0,ht29+TNFA_CHUK,ht29+TNFA,CHUK,False,True,9
ht29+TNFA_CREB1,0.27013877,0.2271895,1.189046,0.9074176,-0.1804268,0.831280946461517,0.015510680745519841,0.9285650166185804,0.9404003482187528,0.9874145818612358,2305,1945,0.053190384060144424,0.04021947830915451,1.3225030899047852,-0.28088486194610596,-0.3952525854110718,-0.10714285714285716,-0.28571428571428575,0.533579661852897,0.6394357046972391,0.8344539692314132,4.0,3.0,ht29+TNFA_CREB1,ht29+TNFA,CREB1,False,True,9
ht29+TNFA_CSF1,0.26544312,0.22847609,1.1617982,0.908854,-0.12724179,0.8151321471007283,0.060532991603305816,0.9293637330016091,0.9395409019360701,0.9891679341330544,2341,1835,0.18770068883895874,0.20986638963222504,0.8943818211555481,0.12784427404403687,0.21314966678619385,0.1832179141822072,0.25846153846153846,0.6280048456447828,0.7157896629443057,0.8773594788468561,18.0,7.0,ht29+TNFA_CSF1,ht29+TNFA,CSF1,False,True,9
ht29+TNFA_CSF2,0.26303676,0.22513008,1.1683768,0.9107034,-0.048605163,0.8212961172304674,0.07238599117873683,0.9312267042967837,0.9412656130277811,0.9893346696277312,2480,1832,,,,,,,,,,,,,ht29+TNFA_CSF2,ht29+TNFA,CSF2,False,False,9
ht29+TNFA_DNM1L,0.26766205,0.23819345,1.1237171,0.9069464,-0.05084204,0.7884368861728671,0.14749152685188902,0.9268373839806257,0.9347611264892912,0.9915232434424985,2477,1649,0.3607915937900543,0.4854649305343628,0.7431877851486206,0.044029999524354935,0.39219170808792114,0.07384615384615385,0.5084615384615384,0.6656382431237744,0.6767118075891966,0.9836362180455044,19.0,6.0,ht29+TNFA_DNM1L,ht29+TNFA,DNM1L,False,True,9
ht29+TNFA_FADD,0.26009583,0.22648552,1.1483994,0.9103969,-0.09489773,0.8104321483584583,0.05849106829664844,0.9306386592325444,0.9399422142532348,0.9901019925697434,2300,1896,0.29913097620010376,0.3238781690597534,0.9235910177230835,0.5523306727409363,0.3687264621257782,0.2784615384615384,0.14153846153846153,0.6664825433577206,0.5902516121189694,1.1291498907814697,13.0,12.0,ht29+TNFA_FADD,ht29+TNFA,FADD,False,True,9
ht29+TNFA_FOS,0.25748795,0.22704251,1.1340958,0.91186845,-0.16083033,0.8402234168326561,0.03212634600907196,0.9317067316360315,0.9401202982924014,0.9910505424979633,2284,1925,0.24094562232494354,0.255482017993927,0.9431020617485046,0.016663990914821625,0.11854266375303268,0.02766798418972332,0.34500282326369286,0.5639826062819016,0.6241868907028263,0.9035476628592192,19.0,3.0,ht29+TNFA_FOS,ht29+TNFA,FOS,False,True,9
ht29+TNFA_ID2,0.25624123,0.22309463,1.1485764,0.91288185,-0.0644459,0.8432685324277626,-0.05001619621792458,0.9326476254637662,0.9418082897594428,0.9902733237801332,2148,2083,0.30232998728752136,0.25541138648986816,1.1836981773376465,0.20120106637477875,0.07482658326625824,0.21428571428571433,-0.10714285714285716,0.7905281454023463,0.7568573899150436,1.0444875823846844,2.0,5.0,ht29+TNFA_ID2,ht29+TNFA,ID2,False,True,9
ht29+TNFA_IKBKB,0.27221203,0.23537186,1.156519,0.90211,-0.17508797,0.7929091431742461,0.1176339190324632,0.922703728678392,0.933704842294185,0.9882177824110214,2466,1644,0.6829678416252136,0.7517531514167786,0.9085001349449158,0.47382351756095886,0.04043273627758026,0.3387221942864335,0.19153846153846155,0.8002833469860081,0.8230122923660895,0.9723832249033151,19.0,6.0,ht29+TNFA_IKBKB,ht29+TNFA,IKBKB,False,True,9
ht29+TNFA_IKBKE,0.26345405,0.2293998,1.1484493,0.9101702,-0.13572595,0.8299660665691561,0.03056508438462622,0.9305438051224436,0.9397096045045988,0.9902461363189032,2300,1918,,,,,,,,,,,,,ht29+TNFA_IKBKE,ht29+TNFA,IKBKE,False,False,9
ht29+TNFA_IKBKG,0.26557338,0.22332634,1.1891718,0.9088889,-0.1872963,0.8226429237236473,0.0337441018396449,0.9293936497053025,0.9409859900537955,0.9876806451200933,2287,1881,0.11517000198364258,0.14233364164829254,0.8091551661491394,-0.11320680379867554,0.3611123561859131,-0.29961613286362376,0.37,0.4913840515862291,0.5366183572629208,0.9157048858570286,20.0,5.0,ht29+TNFA_IKBKG,ht29+TNFA,IKBKG,False,True,9
ht29+TNFA_IRF1,0.25934318,0.22404094,1.1575705,0.9115628,-0.10226935,0.8602317848374385,-0.03719716802372636,0.9318312148235943,0.941558515983489,0.98966893613645,2255,2081,,,,,,,,,,,,,ht29+TNFA_IRF1,ht29+TNFA,IRF1,False,True,9
ht29+TNFA_ITCH,0.27238354,0.2354271,1.1569762,0.9062449,-0.118670866,0.8025083394113498,0.09595296622531013,0.9268986965211978,0.936858378258761,0.9893690637040851,2402,1731,0.36613887548446655,0.36996421217918396,0.9896602630615234,0.40506207942962646,0.1084660142660141,0.5102393879718636,-0.06,0.7280323682175253,0.765486323479503,0.9510716859163055,15.0,10.0,ht29+TNFA_ITCH,ht29+TNFA,ITCH,False,True,9
ht29+TNFA_JUN,0.2516313,0.22476685,1.1195214,0.91377985,-0.07793784,0.8493521247795393,0.0255526949804411,0.9332460173796737,0.9406757242397471,0.9921017342442019,2284,1934,0.1758735477924347,0.18968644738197327,0.9271803498268127,-0.14390994608402252,0.3728029429912567,-0.232843137254902,0.4460784313725491,0.6771693856475224,0.6947660813477468,0.9746724888093424,11.0,6.0,ht29+TNFA_JUN,ht29+TNFA,JUN,False,True,9
ht29+TNFA_JUNB,0.26736936,0.22974585,1.1637614,0.90872127,-0.13485496,0.8242522569580394,0.030102850387345878,0.9292695669227015,0.9396397481352152,0.9889636626876479,2289,1903,0.18690747022628784,0.14619974792003632,1.2784390449523926,0.23993030190467834,-0.17200174927711487,-0.09288730597077166,0.11818181818181818,0.6448345696314522,0.7290323861794457,0.8845074400751398,13.0,8.0,ht29+TNFA_JUNB,ht29+TNFA,JUNB,False,True,9
ht29+TNFA_KLF6,0.26645014,0.2273136,1.1721698,0.90902233,-0.15243205,0.8311641181370683,0.019253864932168303,0.9296457156746754,0.9404280616921205,0.9885346402806778,2287,1940,0.5262783765792847,0.4522228538990021,1.1637588739395142,,,,,,,,0.0,1.0,ht29+TNFA_KLF6,ht29+TNFA,KLF6,False,True,9
ht29+TNFA_MAP2K3,0.26481852,0.22372055,1.1837022,0.9098035,-0.20270488,0.8455004033475538,-0.03834425013418224,0.9304679892345438,0.9417779014548592,0.9879908923294507,2206,2052,0.1386336088180542,0.0848846361041069,1.6332002878189087,0.3079124987125397,-0.21994668245315552,0.08333333333333334,-0.5833333333333334,0.5132730717793343,0.5887875437057741,0.8717458058790465,4.0,5.0,ht29+TNFA_MAP2K3,ht29+TNFA,MAP2K3,False,True,9
ht29+TNFA_MAP3K7,0.26459113,0.22338438,1.1844656,0.90909016,-0.23640054,0.8330134525431946,-0.0019395311059658559,0.929397958741912,0.9407580476546964,0.987924537088888,2228,1940,0.40489959716796875,0.3772670328617096,1.0732440948486328,0.49848058819770813,0.116560198366642,0.5529875390053723,0.048461538461538466,0.7274856629659961,0.6720500776179348,1.0824872836032569,16.0,9.0,ht29+TNFA_MAP3K7,ht29+TNFA,MAP3K7,False,True,9
ht29+TNFA_MAP3K14,0.25980532,0.22726889,1.1431627,0.9113663,-0.08325623,0.8420777550540371,-0.02415873119284946,0.9314695052867743,0.9404419086779652,0.9904593752060625,2207,2035,,,,,,,,,,,,,ht29+TNFA_MAP3K14,ht29+TNFA,MAP3K14,False,True,9
ht29+TNFA_MAPK8,0.25832754,0.22416443,1.152402,0.9116811,-0.09486441,0.8418970967061433,-0.04498856914646486,0.931621291383536,0.9410561312031313,0.9899742007870106,2166,2066,,,,,,,,,,,,,ht29+TNFA_MAPK8,ht29+TNFA,MAPK8,False,True,9
ht29+TNFA_MAPK9,0.2615661,0.2271625,1.1514493,0.9107655,-0.19105078,0.8414372235526609,-0.01841494956553826,0.931022820333434,0.9405078847502757,0.9899149549188945,2258,2006,,,,,,,,,,,,,ht29+TNFA_MAPK9,ht29+TNFA,MAPK9,False,False,9
ht29+TNFA_MAPK14,0.25281844,0.22028697,1.1476777,0.9140949,-0.1473909,0.8461280321666224,0.00028057101679288996,0.9337253772092408,0.9426717996458407,0.9905095045381,2269,1945,0.07511422783136368,0.08247347921133041,0.9107682704925537,0.6303262114524841,0.31731516122817993,0.06608695652173913,0.30347826086956514,0.6678664821043652,0.6411689688694898,1.0416388105649412,15.0,9.0,ht29+TNFA_MAPK14,ht29+TNFA,MAPK14,False,True,9
ht29+TNFA_MMP9,0.26013833,0.22468084,1.1578127,0.9114041,-0.08630623,0.8257256189961324,0.015140884847578667,0.931735987890855,0.9415218023547689,0.9896063857051006,2306,2026,1.9632667303085327,1.7484954595565796,1.1228320598602295,,,,,,,,0.0,1.0,ht29+TNFA_MMP9,ht29+TNFA,MMP9,False,True,9
ht29+TNFA_MTF1,0.262893,0.22497895,1.1685226,0.910319,-0.12351907,0.8311188073871176,0.02687290056078001,0.9308452748008723,0.9412717352602948,0.9889230069608547,2299,1966,0.028964251279830933,0.12404362857341766,0.23350051045417786,0.970928430557251,0.964616060256958,0.42857142857142866,0.7857142857142859,0.9743528231102973,0.8125500855257775,1.1991295557858712,6.0,1.0,ht29+TNFA_MTF1,ht29+TNFA,MTF1,False,True,9
ht29+TNFA_MTOR,0.27650386,0.23661767,1.1685681,0.9041426,-0.18367158,0.8004903788971814,0.10526978104900732,0.9252004227513365,0.9360158060996955,0.9884452983829132,2427,1709,0.5515276193618774,0.5639280080795288,0.9780107140541077,0.06349590420722961,-0.08660297095775604,0.07155222290466337,0.1946153846153846,0.6511900990666429,0.6943583176369357,0.9378300547803556,21.0,4.0,ht29+TNFA_MTOR,ht29+TNFA,MTOR,False,True,9
ht29+TNFA_MYC,0.25898588,0.2303178,1.1244718,0.91182685,-0.074694976,0.8451835673821674,0.014682699680163978,0.931942021606,0.9398607443235792,0.9915745787177458,2255,1974,,,,,,,,,,,,,ht29+TNFA_MYC,ht29+TNFA,MYC,False,True,9
ht29+TNFA_NFAT5,0.2687019,0.23223338,1.157034,0.9075498,-0.111648664,0.7923977630084431,0.112079900863701,0.9277870500666384,0.9372438729215711,0.9899099656683229,2446,1686,0.48525989055633545,0.514972448348999,0.9423026442527771,0.4210517108440399,0.08916416764259338,0.4565051391178524,0.21307692307692308,0.7114839371249474,0.7227195193396322,0.9844537446214944,17.0,8.0,ht29+TNFA_NFAT5,ht29+TNFA,NFAT5,False,True,9
ht29+TNFA_NFKB1,0.25488463,0.22497524,1.1329452,0.9126636,-0.09305953,0.8255686804021658,0.07975249966109278,0.9320510745767536,0.9399828321413289,0.9915618059252143,2395,1770,0.336465984582901,0.3059885799884796,1.0996030569076538,0.31121423840522766,0.007942479103803635,0.4420931454600337,0.1376923076923077,0.4210250177004695,0.4179706399855221,1.0073076370030518,15.0,10.0,ht29+TNFA_NFKB1,ht29+TNFA,NFKB1,False,True,9
ht29+TNFA_NFKBIA,0.26348653,0.22552097,1.168346,0.9101504,-0.114358515,0.8263452021346722,0.020563121375836303,0.9307670685323245,0.941233563919328,0.9888800232076078,2301,1986,0.7913097739219666,0.050319164991378784,15.725812911987305,,,,,,,,0.0,1.0,ht29+TNFA_NFKBIA,ht29+TNFA,NFKBIA,False,True,9
ht29+TNFA_NFKBIE,0.26319894,0.2267193,1.1609023,0.91036236,-0.11882133,0.829765639824755,0.025744661112027226,0.9309028836919202,0.9409606405494295,0.9893111821854349,2299,1979,0.1971566081047058,0.22001385688781738,0.896109938621521,0.9960767030715942,0.8730924129486084,0.5,0.5,0.7261060082879403,0.7337808194466316,0.9895407307532524,2.0,1.0,ht29+TNFA_NFKBIE,ht29+TNFA,NFKBIE,False,True,9
ht29+TNFA_NKX3-1,0.26644325,0.22617216,1.178055,0.9092202,-0.13951014,0.8258836431278589,0.012193425904224618,0.9299826435169234,0.9410747200299273,0.9882133944553827,2271,1975,0.2196662724018097,0.08081664144992828,2.7180821895599365,,,,,,,,0.0,1.0,ht29+TNFA_NKX3-1,ht29+TNFA,NKX3-1,False,True,9
ht29+TNFA_PDCD5,0.2643458,0.22642241,1.1674895,0.91120493,-0.09582087,0.8055786045275722,0.08808245990381525,0.931425272952508,0.9406152363188862,0.9902298378640524,2365,1839,0.082450732588768,0.10133063793182373,0.8136801719665527,0.5416902899742126,0.30038076639175415,0.5821428571428571,0.6035714285714285,0.6178995653919034,0.6874849117505619,0.8987827293816945,10.0,5.0,ht29+TNFA_PDCD5,ht29+TNFA,PDCD5,False,True,9
ht29+TNFA_PIK3CA,0.26472944,0.23041023,1.1489483,0.9096085,-0.1662809,0.8340309451408393,0.08639138823952223,0.930031890305325,0.9393514227745037,0.9900787583398211,2401,1768,0.4238288998603821,0.3465346097946167,1.223049283027649,-0.06818512082099915,-0.12095493823289871,0.2766864480877055,-0.09769230769230769,0.25648299561023846,0.2826555428318156,0.9074047975165652,12.0,13.0,ht29+TNFA_PIK3CA,ht29+TNFA,PIK3CA,False,True,9
ht29+TNFA_PTGS2,0.26715046,0.2285858,1.1687099,0.9088833,-0.117654294,0.8299107378604529,0.026578829523909893,0.9296723807068864,0.9402812229352225,0.9887173730905535,2253,1995,,,,,,,,,,,,,ht29+TNFA_PTGS2,ht29+TNFA,PTGS2,False,True,9
ht29+TNFA_RELB,0.2633914,0.22121519,1.190657,0.90975124,-0.16187024,0.8278534302287625,0.009171854696435897,0.9303555612440864,0.941991861369208,0.9876471330567463,2252,1995,0.007100699003785849,0.0366295762360096,0.1938515156507492,0.07935469597578049,0.7678927183151245,0.19999999999999998,0.39999999999999997,0.47450064961713756,0.6650444321990051,0.7134871395707738,4.0,0.0,ht29+TNFA_RELB,ht29+TNFA,RELB,False,True,9
ht29+TNFA_REPIN1,0.26073667,0.22558135,1.1558433,0.91114044,-0.10189715,0.833961512447835,0.03367318560738326,0.9315223369059747,0.9411735126491955,0.9897455935451744,2315,1995,,,,,,,,,,,,,ht29+TNFA_REPIN1,ht29+TNFA,REPIN1,False,True,9
ht29+TNFA_SOX4,0.2720539,0.23168057,1.1742629,0.9065125,-0.13917887,0.808768573551483,0.06140943926426892,0.9274675714061471,0.9384340684422563,0.9883140463407164,2318,1850,0.21124757826328278,0.2021929919719696,1.0447819232940674,0.48543229699134827,0.04991039261221886,0.35257901132542396,0.14615384615384616,0.7598351674035078,0.7903701018117073,0.9613662835446248,16.0,9.0,ht29+TNFA_SOX4,ht29+TNFA,SOX4,False,True,9
ht29+TNFA_SOX9,0.27171198,0.2351791,1.1553407,0.9059563,-0.12113016,0.7893683531738751,0.11433702613591178,0.9263246676008201,0.9362727637803497,0.9893747884544215,2424,1701,0.489216685295105,0.4757523834705353,1.0283011198043823,0.2504040598869324,-0.1389121264219284,0.21618537239164734,0.003846153846153846,0.6995121195818095,0.7062658860221482,0.9904373599603153,14.0,11.0,ht29+TNFA_SOX9,ht29+TNFA,SOX9,False,True,9
ht29+TNFA_TNFRSF1A,0.2637589,0.21325259,1.236838,0.9092021,-0.2346502,0.7876428657839006,0.046872352765094105,0.9292403951595936,0.9420279626376487,0.9864254905531145,2384,1750,0.39330005645751953,0.3099045753479004,1.269100546836853,0.48057737946510315,0.0031321323476731777,0.5535028583907856,-0.018461538461538463,0.7879476215154514,0.8383079539014704,0.9399262142848068,14.0,11.0,ht29+TNFA_TNFRSF1A,ht29+TNFA,TNFRSF1A,False,True,9
ht29+TNFA_TNFRSF1B,0.25991854,0.22705762,1.1447251,0.91130567,-0.07953845,0.8234499736557052,0.03553521783815722,0.9316033985427539,0.9406762788771081,0.9903549387413227,2298,1975,0.6965512633323669,0.8490672707557678,0.8203722834587097,,,,,,,,1.0,0.0,ht29+TNFA_TNFRSF1B,ht29+TNFA,TNFRSF1B,False,True,9
ht29+TNFA_TRAF1,0.2647942,0.22902617,1.1561744,0.909179,-0.10938166,0.8069861689641805,0.05330234587199013,0.9295934240359905,0.9394458307092024,0.9895125335052324,2306,1881,0.3269331753253937,0.2733045518398285,1.1962229013442993,0.5413525700569153,-0.24350525438785553,0.2467678135503017,-0.05846153846153846,0.692526982198194,0.6358882781140945,1.0890702125412304,15.0,10.0,ht29+TNFA_TRAF1,ht29+TNFA,TRAF1,False,True,9
ht29+TNFA_TRAF2,0.26502752,0.23175178,1.1435835,0.9096202,-0.08140914,0.8137994012402373,0.04578527065496857,0.9299163887996749,0.9390776551950993,0.9902443995501936,2283,1896,0.3303966224193573,0.29270297288894653,1.1287778615951538,0.21062713861465454,0.12495262920856476,0.08307692307692309,-0.04769230769230769,0.4615573487968805,0.340230653560066,1.3566013055181545,14.0,11.0,ht29+TNFA_TRAF2,ht29+TNFA,TRAF2,False,True,9
ht29+TNFA_TRAF3,0.26799262,0.2321226,1.1545305,0.9090161,-0.09445746,0.8241540642955415,0.021376905030110683,0.9298406615630244,0.939713832206452,0.9894934284193249,2272,2001,0.16376818716526031,0.12137309461832047,1.3492956161499023,0.9781773686408997,-0.2818639278411865,0.18881118881118883,0.10489510489510491,0.978433133089108,0.9688429999978678,1.009898541963209,9.0,3.0,ht29+TNFA_TRAF3,ht29+TNFA,TRAF3,False,True,9
ht29+TNFA_ZFP36L1,0.2663155,0.22488542,1.1842275,0.9083103,-0.17164913,0.819235524234276,0.028581287698054757,0.9293090349347196,0.9406435210310322,0.9879502852644018,2321,1909,0.13848385214805603,0.09521633386611938,1.454412817955017,0.2659837305545807,-0.20790168642997742,-0.20323331657186014,0.15615384615384614,0.44378283092312065,0.5722168741618211,0.7755500597097391,18.0,7.0,ht29+TNFA_ZFP36L1,ht29+TNFA,ZFP36L1,False,True,9
ht29+TNFA_ZNF22,0.2658207,0.22562851,1.1781344,0.90914834,-0.14111342,0.8316089674578807,0.020213134248248214,0.9299454895870991,0.9410053648140962,0.988246745831059,2287,1986,,,,,,,,,,,,,ht29+TNFA_ZNF22,ht29+TNFA,ZNF22,False,True,9
ht29+TNFA_ZNF267,0.26172653,0.22817925,1.1470217,0.9105983,-0.06866042,0.8104359458814905,0.11757513177133021,0.9305557696440867,0.9393178540495303,0.9906718643027288,2461,1687,0.2504866123199463,0.2420007884502411,1.0350652933120728,0.0641600713133812,-0.01769750937819481,0.41480481255802815,0.17615384615384613,0.2660265107901476,0.33507085631398537,0.7939410598600725,18.0,7.0,ht29+TNFA_ZNF267,ht29+TNFA,ZNF267,False,True,9
k562+IFNG_HLA-DQB1,0.022947086,0.4716021,0.048657726,0.9911896,0.9751147,0.8379736856143698,0.8594635831358789,0.9928776287736144,0.8577338363702178,1.1575591246059522,3425,705,0.16053219139575958,0.3961126506328583,0.4052690267562866,0.7020959258079529,0.939449667930603,0.7999999999999999,0.7,0.9059586690549337,0.9575186119018773,0.9461525424090376,3.0,2.0,k562+IFNG_HLA-DQB1,k562+IFNG,HLA-DQB1,True,False,9
k562+IFNG_PLEK,0.018352829,0.47224385,0.038863033,0.9928609,0.98043936,0.8339381368920071,0.8755856127579386,0.9942509455484634,0.8569918183938808,1.1601638711228595,3497,640,0.13839095830917358,3.490600824356079,0.03964674472808838,0.1608809530735016,0.9924207329750061,0.0,1.0,0.9160011863112805,0.8352426945096105,1.0966886538877003,6.0,1.0,k562+IFNG_PLEK,k562+IFNG,PLEK,True,False,9
k562+IFNG_PPARG,0.07892377,0.5339825,0.14780216,0.97910583,0.93423283,0.8102380984912781,0.7837945601278491,0.9815724573031733,0.8284437541476435,1.184838985614755,3234,827,0.4533681571483612,3.788034677505493,0.11968427151441574,0.8951458930969238,0.9822272658348083,0.8756350933136914,0.9653846153846154,0.9101649898228352,0.46005491330583825,1.9783833701125368,21.0,4.0,k562+IFNG_PPARG,k562+IFNG,PPARG,True,False,9
k562+IFNG_SOX2,0.1975404,0.586421,0.33685765,0.94234085,0.8305975,0.7200067845607551,0.6396598665721713,0.9485265865261139,0.8075747760068809,1.1745371632533903,2745,1010,1.4029641151428223,4.024994373321533,0.34856298565864563,0.7872122526168823,0.9461111426353455,0.5646646383882684,0.8515384615384616,0.573400110307608,0.452438375258001,1.2673551618618315,14.0,11.0,k562+IFNG_SOX2,k562+IFNG,SOX2,True,False,9
k562+IFNG_TAPBPL,0.062682554,0.49875215,0.12567876,0.98209447,0.943171,0.8204334657195763,0.7882904453493542,0.9845654389470234,0.8415311878460288,1.1699690435325434,3248,851,0.4940970242023468,3.0552115440368652,0.16172268986701965,0.4289337992668152,0.9737887978553772,0.2692307692307692,0.9630769230769232,0.9139444764283234,0.7074026283483972,1.2919721242231574,22.0,3.0,k562+IFNG_TAPBPL,k562+IFNG,TAPBPL,True,False,9
k562+IFNG_ZC3H3,0.038292725,0.47028154,0.08142511,0.9889596,0.96415406,0.8482634694982842,0.8261610096460178,0.9905637296653573,0.8533850880027092,1.1607464714244136,3325,784,0.3258792757987976,3.1634488105773926,0.10301392525434494,0.5684441328048706,0.9760502576828003,0.5707692307692307,0.9730769230769231,0.9295567325540891,0.7885333691120264,1.1788426070045332,22.0,3.0,k562+IFNG_ZC3H3,k562+IFNG,ZC3H3,True,False,9
k562+TNFA_ARID5B,0.47005898,0.43967277,1.069111,0.81776416,-0.14665145,0.7849991106781601,-0.03840741418273296,0.8599187929607798,0.8697303633106479,0.9887188365914694,2136,1973,0.4673362970352173,0.45567741990089417,1.0255857706069946,0.41004663705825806,-0.14295585453510284,0.2732872249356452,0.11307692307692309,0.6312873857510647,0.675391015236995,0.9346991172654936,19.0,6.0,k562+TNFA_ARID5B,k562+TNFA,ARID5B,False,False,9
k562+TNFA_BATF,0.46460512,0.43146235,1.076815,0.8209014,-0.16830155,0.8027116041957167,-0.08186195140464354,0.8632631584811408,0.8732201845415867,0.988597347797597,2043,2102,0.00020997993124183267,0.003145023016259074,0.06676578521728516,,,,,,,,1.0,0.0,k562+TNFA_BATF,k562+TNFA,BATF,False,True,9
k562+TNFA_BIRC2,0.47213203,0.44466054,1.0617808,0.81530666,-0.09762229,0.7723570630758781,-0.029210062924022655,0.8575213035949749,0.8675305223900184,0.9884624015677645,2071,2030,1.0207111835479736,1.0448613166809082,0.9768867492675781,0.47262364625930786,0.0983598455786705,0.17307692307692307,0.023076923076923078,0.7159008594051653,0.7406623048252003,0.9665685086729521,11.0,14.0,k562+TNFA_BIRC2,k562+TNFA,BIRC2,False,True,9
k562+TNFA_BIRC3,0.4667731,0.4355302,1.0717354,0.81929755,-0.121554345,0.7880100864689439,-0.05101675846079497,0.8618426849534511,0.871779695323621,0.9886014661462365,2025,2105,0.1103951707482338,0.013376280665397644,8.25305461883545,0.9992815256118774,-0.5843096971511841,1.0,-0.19999999999999998,0.9909181374538565,0.9904549578281823,1.0004676433007007,2.0,2.0,k562+TNFA_BIRC3,k562+TNFA,BIRC3,False,True,9
k562+TNFA_CASP3,0.44107807,0.43628085,1.0109957,0.8215781,0.032085583,0.774182108611471,0.07617153346464114,0.862363366604421,0.8702366977494853,0.9909526555643706,2238,1860,0.5908808708190918,0.6926157474517822,0.8531149625778198,0.31850728392601013,0.36941149830818176,0.2552455465181343,0.03846153846153846,0.6799053639691981,0.7093799336470024,0.9584502348039756,13.0,12.0,k562+TNFA_CASP3,k562+TNFA,CASP3,False,False,9
k562+TNFA_CASP7,0.460796,0.4307384,1.0697815,0.8206886,-0.103092894,0.790138473295082,-0.048933805637926694,0.8634637571262448,0.8736747813098381,0.9883125570269011,2051,2125,,,,,,,,,,,,,k562+TNFA_CASP7,k562+TNFA,CASP7,False,True,9
k562+TNFA_CASP8,0.45331788,0.45427245,0.9978987,0.8126685,0.050207626,0.7416446952356468,0.1052420637929983,0.8534025750388702,0.8616798393222779,0.9903940374305172,2281,1787,1.8742691278457642,1.9775478839874268,0.947774350643158,0.2951057255268097,0.1950811892747879,0.28791386514346845,0.31076923076923074,0.7304769177564058,0.731416753608489,0.9987150474097749,18.0,7.0,k562+TNFA_CASP8,k562+TNFA,CASP8,False,True,9
k562+TNFA_CASP10,0.4083252,0.4739335,0.8615665,0.80721915,0.2870907,0.6923303059702126,0.3495729715722765,0.845477052813233,0.8503264931603485,0.9942969666520776,2677,1340,1.7757515907287598,2.238349199295044,0.7933309078216553,0.3438023030757904,0.29175496101379395,0.3468709670879554,0.2930769230769231,0.6908546048781176,0.7101403444174476,0.9728423547669993,20.0,5.0,k562+TNFA_CASP10,k562+TNFA,CASP10,False,True,9
k562+TNFA_CEBPB,0.46408814,0.43878007,1.0576782,0.8167363,-0.08982433,0.800660237687879,-0.02184148006437016,0.8590151659977647,0.8694796559564467,0.9879646523216569,2122,1991,0.3740141689777374,0.378519743680954,0.9880968332290649,0.1814725697040558,0.016331207007169724,0.11386805365473308,0.09846153846153846,0.44568861833260676,0.4331264700511025,1.0290034185165873,18.0,7.0,k562+TNFA_CEBPB,k562+TNFA,CEBPB,False,True,9
k562+TNFA_CHUK,0.44504794,0.44132656,1.0084323,0.8224335,0.016991122,0.7976602111905596,0.05456589729709513,0.8630085569734345,0.868260172178095,0.9939515650113416,2205,1891,0.5072864294052124,0.5271623134613037,0.9622964859008789,0.2540736794471741,-0.13522791862487793,0.37615384615384617,0.03230769230769231,0.5273072291765537,0.5635662816209313,0.9356614232844287,16.0,9.0,k562+TNFA_CHUK,k562+TNFA,CHUK,False,True,9
k562+TNFA_CREB1,0.46748954,0.4377332,1.0679783,0.81806517,-0.14521809,0.8002968617138451,-0.08158622039849593,0.8611678278172337,0.8713826254050058,0.9882774830597243,2032,2127,0.030548863112926483,0.0331433042883873,0.9217205047607422,0.46326491236686707,0.02028539776802063,0.05988131309566294,0.3333333333333334,0.6635197009512023,0.7092384933281132,0.9355381965206446,5.0,3.0,k562+TNFA_CREB1,k562+TNFA,CREB1,False,True,9
k562+TNFA_CSF1,0.46469262,0.4409708,1.0537945,0.8172879,-0.091298655,0.7872672735690172,-0.01935668681953153,0.8596903403456678,0.8694054322031298,0.9888255910331233,2110,2005,0.3888534903526306,0.45239880681037903,0.8595369458198547,0.5871524214744568,0.3773806691169739,0.6055825711508676,0.2676923076923077,0.7172043533199716,0.7522948407359626,0.9533554059979165,18.0,7.0,k562+TNFA_CSF1,k562+TNFA,CSF1,False,True,9
k562+TNFA_CSF2,0.45039678,0.42627245,1.0565937,0.8220617,-0.029390886,0.7821626954426654,0.009340527897830136,0.8641147148845439,0.8749274015022394,0.98764161849414,2188,2037,,,,,,,,,,,,,k562+TNFA_CSF2,k562+TNFA,CSF2,False,False,9
k562+TNFA_DNM1L,0.45185304,0.45163476,1.0004833,0.8117254,0.040363908,0.7483782885470405,0.11603081659513251,0.8527667744143738,0.8622449062426647,0.9890076105295965,2299,1754,0.6576591730117798,0.7218334078788757,0.9110954999923706,-0.014453647658228874,0.04476144164800644,-0.07001346542284265,0.17846153846153845,0.4763106082483095,0.5479000287257983,0.8693385349075854,17.0,8.0,k562+TNFA_DNM1L,k562+TNFA,DNM1L,False,True,9
k562+TNFA_FADD,0.45421532,0.42756572,1.0623287,0.8227203,-0.09490521,0.7932942627228912,-0.029981092271564695,0.8653518418922629,0.874700478394287,0.9893121854475424,2129,2100,,,,,,,,,,,,,k562+TNFA_FADD,k562+TNFA,FADD,False,True,9
k562+TNFA_FOS,0.45178145,0.4293925,1.0521411,0.8240457,-0.15207876,0.8159716108333493,-0.05375806239816864,0.8654874295179896,0.8733625355136724,0.990983004565165,2107,2021,0.0010769321816042066,0.0036107527557760477,0.2982569634914398,0.825330913066864,0.8622169494628906,0.5,0.5,0.8874553037445512,0.9480601610646556,0.9360748823660661,3.0,0.0,k562+TNFA_FOS,k562+TNFA,FOS,False,True,9
k562+TNFA_ID2,0.4673415,0.43024346,1.0862257,0.81929016,-0.14020854,0.8165167567198649,-0.07783513179128158,0.8627188832659041,0.8737909487116736,0.9873287020630114,2038,2134,,,,,,,,,,,,,k562+TNFA_ID2,k562+TNFA,ID2,False,True,9
k562+TNFA_IKBKB,0.42935118,0.46892035,0.91561645,0.8136362,0.21914434,0.7555459049406862,0.26705925856185553,0.8510514942795243,0.8525018998882591,0.9982986482388779,2557,1477,1.2788569927215576,1.6849267482757568,0.7589985728263855,0.11851475387811661,0.41463035345077515,0.2232975485093677,0.3723076923076923,0.6514507090194528,0.6632767720487823,0.9821702439649737,21.0,4.0,k562+TNFA_IKBKB,k562+TNFA,IKBKB,False,True,9
k562+TNFA_IKBKE,0.44293052,0.43108907,1.0274687,0.8255415,-0.020950839,0.8016312574979524,0.0022673253314158615,0.8669000642067766,0.873626584432624,0.9923004629830308,2169,2009,,,,,,,,,,,,,k562+TNFA_IKBKE,k562+TNFA,IKBKE,False,False,9
k562+TNFA_IKBKG,0.4595835,0.4418901,1.0400403,0.81696653,-0.068189725,0.7846970945802949,-0.01670466349325538,0.8586321700586127,0.8675350375832703,0.989737742985622,2103,1970,0.4383851885795593,0.49976158142089844,0.8771886825561523,0.3227503001689911,0.32646238803863525,0.20461538461538462,0.41846153846153844,0.5246808438612739,0.46323131658403005,1.1326540867970374,17.0,8.0,k562+TNFA_IKBKG,k562+TNFA,IKBKG,False,True,9
k562+TNFA_IRF1,0.46239546,0.43098524,1.07288,0.82261986,-0.13207231,0.8216944766675314,-0.07138860208932293,0.8655112694166461,0.8741948094477745,0.9900668135554205,2105,2151,,,,,,,,,,,,,k562+TNFA_IRF1,k562+TNFA,IRF1,False,True,9
k562+TNFA_ITCH,0.45277125,0.4447588,1.0180153,0.8161076,-0.007711835,0.7723298271155953,0.05768113707693844,0.8568990027833207,0.8658039340685104,0.9897148408146582,2251,1820,0.8529112339019775,0.8906795978546143,0.9575960040092468,0.6439816355705261,0.06724019348621368,0.666923076923077,-0.005384615384615384,0.6962084095719078,0.6848847467877673,1.016533676413806,17.0,8.0,k562+TNFA_ITCH,k562+TNFA,ITCH,False,True,9
k562+TNFA_JUN,0.46440274,0.43252188,1.0737092,0.8209505,-0.17238817,0.811198612364095,-0.0780227711627868,0.8635057230843454,0.8730358033277126,0.9890839754715193,2072,2104,0.23217448592185974,0.34998956322669983,0.6633754372596741,0.839583694934845,0.9542596340179443,1.0,0.7999999999999999,0.7983213642109817,0.810832625681196,0.9845698593347754,2.0,2.0,k562+TNFA_JUN,k562+TNFA,JUN,False,True,9
k562+TNFA_JUNB,0.470337,0.43579975,1.0792503,0.8165181,-0.16542482,0.7913663737622297,-0.09141334282893156,0.8596685580814146,0.8714544121492304,0.98647565047178,1970,2161,0.1506713479757309,0.24271823465824127,0.6207665205001831,0.62888503074646,0.6345567107200623,0.4285714285714286,0.2571428571428572,0.8161806921949226,0.7561890340853481,1.0793342079895905,4.0,2.0,k562+TNFA_JUNB,k562+TNFA,JUNB,False,True,9
k562+TNFA_KLF6,0.46564105,0.43434897,1.0720437,0.8204719,-0.15110393,0.7982982122540954,-0.06818594371189869,0.8632938935176635,0.8727505825723318,0.9891644998657052,2123,2070,,,,,,,,,,,,,k562+TNFA_KLF6,k562+TNFA,KLF6,False,True,9
k562+TNFA_MAP2K3,0.47174844,0.43822676,1.0764939,0.8185804,-0.17687556,0.8013550730199173,-0.09629301624923954,0.8609303394564427,0.870388271203385,0.9891336636075462,1983,2119,0.732353150844574,0.7287074327468872,1.0050029754638672,0.43553656339645386,-0.11375336349010468,-0.04230769230769231,-0.21615384615384614,0.6057429720170784,0.6292206574230997,0.9626876754139454,10.0,15.0,k562+TNFA_MAP2K3,k562+TNFA,MAP2K3,False,True,9
k562+TNFA_MAP3K7,0.47161523,0.43808046,1.0765493,0.8178137,-0.20556828,0.8019078311047186,-0.07533245913130089,0.8603792273211099,0.8704566878938735,0.9884227891945472,2047,2075,0.4108217656612396,0.3853420913219452,1.0661221742630005,-0.08573691546916962,-0.2052728831768036,-0.11428571428571425,-0.3285714285714285,0.5912171279876898,0.6329115354404455,0.9341228511126117,5.0,10.0,k562+TNFA_MAP3K7,k562+TNFA,MAP3K7,False,True,9
k562+TNFA_MAP3K14,0.46794593,0.43564287,1.0741503,0.8183408,-0.12399155,0.8148209133741051,-0.062380793699333394,0.8618989609967757,0.8725256837576815,0.9878207335798529,2092,2079,,,,,,,,,,,,,k562+TNFA_MAP3K14,k562+TNFA,MAP3K14,False,True,9
k562+TNFA_MAPK8,0.4622041,0.43070468,1.0731347,0.82127225,-0.1175524,0.8123368620739247,-0.06075930653252452,0.8640466658035251,0.8736226326726803,0.9890387834391843,2064,2111,,,,,,,,,,,,,k562+TNFA_MAPK8,k562+TNFA,MAPK8,False,True,9
k562+TNFA_MAPK9,0.45374486,0.43097848,1.0528249,0.8236799,-0.1288806,0.8138839226350816,-0.058701832572538915,0.865807712732219,0.873573030889891,0.9911108540636132,2098,2090,,,,,,,,,,,,,k562+TNFA_MAPK9,k562+TNFA,MAPK9,False,False,9
k562+TNFA_MAPK14,0.47385234,0.44504464,1.0647299,0.81539917,-0.16812444,0.797214659739835,-0.06346341850840226,0.858531923124063,0.8684483977364843,0.9885813887868669,2081,2030,0.47990134358406067,0.4808565378189087,0.9980135560035706,0.5416377782821655,-0.0041590528562664986,0.1676923076923077,-0.07769230769230769,0.7382802502489622,0.7790821480796164,0.9476282469939427,13.0,12.0,k562+TNFA_MAPK14,k562+TNFA,MAPK14,False,True,9
k562+TNFA_MMP9,0.46379814,0.4297563,1.079212,0.82135165,-0.12572277,0.7888278548165264,-0.06770970829462318,0.8643999570583224,0.8743545783260979,0.9886148920420443,2069,2176,,,,,,,,,,,,,k562+TNFA_MMP9,k562+TNFA,MMP9,False,True,9
k562+TNFA_MTF1,0.46155345,0.42766017,1.0792528,0.82311803,-0.15378043,0.7999461649501036,-0.07233437921426068,0.8652134978316111,0.874620839009574,0.9892440921158294,2072,2100,0.2734784185886383,0.281931072473526,0.970018744468689,0.2570376396179199,0.2328035831451416,0.07142857142857144,0.1785714285714286,0.6080448437554571,0.5758156206302109,1.055971428996616,5.0,2.0,k562+TNFA_MTF1,k562+TNFA,MTF1,False,True,9
k562+TNFA_MTOR,0.44443858,0.47072354,0.9441605,0.80924785,0.14867182,0.7513548067784627,0.2203505678876952,0.8475220794292561,0.8512857979931172,0.9955787837965416,2493,1534,1.8975547552108765,2.233133316040039,0.8497275114059448,0.23390021920204163,0.39343658089637756,0.18629720685753842,0.4992307692307692,0.7455707792957584,0.7441836781105757,1.0018639231495972,21.0,4.0,k562+TNFA_MTOR,k562+TNFA,MTOR,False,True,9
k562+TNFA_MYC,0.46583286,0.43438154,1.0724049,0.8204808,-0.16805255,0.8076946930361866,-0.07970316913972507,0.8629257748843184,0.8721028681472576,0.9894770518500468,2085,2087,,,,,,,,,,,,,k562+TNFA_MYC,k562+TNFA,MYC,False,True,9
k562+TNFA_NFAT5,0.44574687,0.4557505,0.97805023,0.81196177,0.076606125,0.7490444579927747,0.14333581727789835,0.8516875765995323,0.8593131883842797,0.9911259225532365,2377,1674,1.0733160972595215,1.2949061393737793,0.8288756012916565,-0.015540726482868195,0.4604226052761078,-0.12658715827358666,0.5253846153846153,0.5371551028977796,0.5701534987568594,0.9421236633099187,17.0,8.0,k562+TNFA_NFAT5,k562+TNFA,NFAT5,False,True,9
k562+TNFA_NFKB1,0.45674774,0.44251427,1.032165,0.8168309,-0.049593713,0.7839096457561149,0.012616518832114086,0.8587750894628682,0.8681705376815221,0.9891778771441095,2192,1909,0.9051350951194763,0.9699162244796753,0.9332095384597778,0.42986029386520386,0.19355769455432892,0.2262046588126506,0.15076923076923077,0.5926013918886429,0.5867120193166369,1.0100379272592124,15.0,10.0,k562+TNFA_NFKB1,k562+TNFA,NFKB1,False,True,9
k562+TNFA_NFKBIA,0.4631171,0.4277574,1.0826629,0.8211163,-0.15183026,0.8038580911147238,-0.07394258518680324,0.8640408748015512,0.8748785805389091,0.9876123316098537,2121,2118,0.6275626420974731,0.1896141767501831,3.3096821308135986,,,,,,,,0.0,1.0,k562+TNFA_NFKBIA,k562+TNFA,NFKBIA,False,True,9
k562+TNFA_NFKBIE,0.46552143,0.4317541,1.0782096,0.8199453,-0.15706985,0.8028360402088446,-0.07365204797637726,0.8629000422607692,0.8734382255165012,0.9879348270457247,2091,2098,,,,,,,,,,,,,k562+TNFA_NFKBIE,k562+TNFA,NFKBIE,False,True,9
k562+TNFA_NKX3-1,0.46061122,0.42688915,1.0789949,0.8215834,-0.14785168,0.800187145991064,-0.07741390736148625,0.8641374062835515,0.8747487639991421,0.9878692509754708,2055,2112,,,,,,,,,,,,,k562+TNFA_NKX3-1,k562+TNFA,NKX3-1,False,True,9
k562+TNFA_PDCD5,0.44519815,0.43364567,1.0266404,0.8202917,0.00036293734,0.7714942939116488,0.05715334462114321,0.8616645383294946,0.8715480914900519,0.9886597730440099,2239,1870,0.32560986280441284,0.3491668403148651,0.9325337409973145,-0.12468607723712921,0.06842675060033798,-0.07153846153846154,-0.06461538461538462,0.3886366474734799,0.4493982800215941,0.8647933575865165,14.0,11.0,k562+TNFA_PDCD5,k562+TNFA,PDCD5,False,True,9
k562+TNFA_PIK3CA,0.44677877,0.43466622,1.0278664,0.82414067,-0.044597574,0.8027716596396777,0.037752871329352414,0.8654089704540955,0.8719995913971075,0.9924419449182854,2243,1899,0.6381305456161499,0.4540048837661743,1.4055588245391846,-1.0,-1.0,-0.9999999999999999,-0.9999999999999999,0.6703849440609096,0.7225392047261191,0.9278180888676086,1.0,1.0,k562+TNFA_PIK3CA,k562+TNFA,PIK3CA,False,True,9
k562+TNFA_PTGS2,0.46178925,0.4318454,1.0693393,0.822214,-0.11556021,0.792647328336975,-0.05144707440266433,0.8643527166367814,0.8730695304627187,0.9900158996256374,2101,2079,,,,,,,,,,,,,k562+TNFA_PTGS2,k562+TNFA,PTGS2,False,True,9
k562+TNFA_RELB,0.46867323,0.43177685,1.0854524,0.81845117,-0.17699888,0.7951904917396737,-0.09031740161260518,0.8614928474864145,0.8729369853423272,0.9868900756319486,2016,2154,,,,,,,,,,,,,k562+TNFA_RELB,k562+TNFA,RELB,False,True,9
k562+TNFA_REPIN1,0.46873194,0.42852265,1.0938324,0.8205459,-0.19581228,0.7998119304620633,-0.10151733446194322,0.8636105074392971,0.8744071999665977,0.9876525576096434,2035,2179,,,,,,,,,,,,,k562+TNFA_REPIN1,k562+TNFA,REPIN1,False,True,9
k562+TNFA_SOX4,0.45969853,0.44299117,1.0377148,0.816584,-0.046256788,0.7721088006590466,0.009724397329071634,0.8584241621921962,0.8681515790285916,0.9887952552625893,2146,1936,0.5128979086875916,0.5682448148727417,0.9026002287864685,0.4375968277454376,0.2363462895154953,0.4058472858302142,-0.05461538461538461,0.6812824379960781,0.6615457226773657,1.0298342422029958,11.0,14.0,k562+TNFA_SOX4,k562+TNFA,SOX4,False,True,9
k562+TNFA_SOX9,0.4518074,0.44579467,1.0134877,0.8155733,0.0032954887,0.7637749822987251,0.06885488628477689,0.8563869260715002,0.865400372064211,0.9895846520481482,2248,1816,0.877906322479248,1.102232813835144,0.7964799404144287,0.14238594472408295,0.4001036286354065,0.2504821605250816,0.4653846153846154,0.566829557648524,0.59716396629478,0.9492025467737586,21.0,4.0,k562+TNFA_SOX9,k562+TNFA,SOX9,False,True,9
k562+TNFA_TNFRSF1A,0.42208725,0.44474438,0.94905585,0.82348686,0.17440452,0.7651646663639786,0.18276765070633824,0.8621693728641964,0.8653646801733995,0.99630755982719,2359,1689,0.6730013489723206,0.8726885914802551,0.771181583404541,0.36710917949676514,0.6010767221450806,0.39307692307692305,0.536923076923077,0.7013144379886344,0.6362524257428521,1.1022581755500884,20.0,5.0,k562+TNFA_TNFRSF1A,k562+TNFA,TNFRSF1A,False,True,9
k562+TNFA_TNFRSF1B,0.4621969,0.43018067,1.0744251,0.82119757,-0.12417292,0.7946699630372253,-0.0608873753214231,0.8640268631650829,0.8738566837536977,0.9887512211425902,2073,2146,,,,,,,,,,,,,k562+TNFA_TNFRSF1B,k562+TNFA,TNFRSF1B,False,True,9
k562+TNFA_TRAF1,0.46365044,0.43994874,1.0538738,0.8176812,-0.085064255,0.7822130530978764,-0.019438917653666198,0.8598614031944833,0.8695242734176897,0.9888871759896637,2125,1978,1.0186035633087158,1.011326789855957,1.007195234298706,0.05170345678925514,-0.04466550797224045,0.019234468522758966,-0.21999999999999997,0.524605764227056,0.5415036458808815,0.9687945191461504,9.0,16.0,k562+TNFA_TRAF1,k562+TNFA,TRAF1,False,True,9
k562+TNFA_TRAF2,0.46704262,0.44018993,1.0610025,0.81666005,-0.09630212,0.7794060850227222,-0.029875054213988967,0.8585376790215007,0.8686539302384155,0.9883541064343792,2060,2020,0.8000352382659912,0.8002830743789673,0.9996902942657471,-0.09052836149930954,0.05150793120265007,-0.03385266460005578,-0.07307692307692308,0.333742368665606,0.3148074240529327,1.0601477067119278,13.0,12.0,k562+TNFA_TRAF2,k562+TNFA,TRAF2,False,True,9
k562+TNFA_TRAF3,0.45823222,0.4280027,1.0706294,0.8226882,-0.11001159,0.7939145260244271,-0.048827715966750035,0.8652864081519596,0.874911396481824,0.9889988993530451,2072,2110,0.6562005281448364,0.7352408766746521,0.8924973607063293,0.5794489979743958,0.4017706513404846,0.46813725490196084,0.25000000000000006,0.7282380874812319,0.6806115303070985,1.0699761244900505,10.0,7.0,k562+TNFA_TRAF3,k562+TNFA,TRAF3,False,True,9
k562+TNFA_ZFP36L1,0.45597485,0.43288016,1.0533512,0.82018673,-0.096783265,0.8015975012181799,-0.03974646420498566,0.8627063498781988,0.8726091136568022,0.9886515466964305,2104,2059,2.213681221008301,2.9565067291259766,0.7487488985061646,,,,,,,,1.0,0.0,k562+TNFA_ZFP36L1,k562+TNFA,ZFP36L1,False,True,9
k562+TNFA_ZNF22,0.46414176,0.4292478,1.081291,0.82149744,-0.16182417,0.8057069379089584,-0.08600469000170992,0.864043100464623,0.8742125401415226,0.9883673143429704,2049,2128,,,,,,,,,,,,,k562+TNFA_ZNF22,k562+TNFA,ZNF22,False,True,9
k562+TNFA_ZNF267,0.46056738,0.45084667,1.021561,0.81419706,-0.0012019537,0.7633098252737817,0.06542800750021968,0.8554390887961087,0.8647783311245019,0.9892004205097866,2282,1785,0.6989718079566956,0.9663985371589661,0.7232748866081238,-0.13178135454654694,0.5904797911643982,0.12664187059184098,0.42230769230769233,0.36441322255112063,0.3989801488319227,0.9133617890965198,18.0,7.0,k562+TNFA_ZNF267,k562+TNFA,ZNF267,False,True,9
mcf7+IFNG_ATF3,0.27662188,0.34389898,0.80436957,0.9026011,0.47009522,0.8275229307550068,0.43269679203777583,0.9242569755786021,0.9044352903991202,1.021916089951261,2838,1354,,,,,,,,,,,,,mcf7+IFNG_ATF3,mcf7+IFNG,ATF3,False,True,9
mcf7+IFNG_ATF5,0.27571192,0.3465199,0.7956597,0.90140116,0.4734028,0.8143143242709442,0.44897718386630353,0.9231860870184405,0.9030406987986256,1.0223083945680584,2889,1303,0.15869097411632538,0.1213686615228653,1.3075119256973267,-1.0,-1.0,-0.9999999999999999,-0.9999999999999999,0.8048370160657563,0.9257091012531304,0.8694275717676861,1.0,1.0,mcf7+IFNG_ATF5,mcf7+IFNG,ATF5,False,True,9
mcf7+IFNG_BATF2,0.27107483,0.34368286,0.7887354,0.9046024,0.507787,0.8370498324380435,0.4623918609479536,0.9258855163559345,0.9047380408007246,1.023374142129023,2893,1342,,,,,,,,,,,,,mcf7+IFNG_BATF2,mcf7+IFNG,BATF2,False,True,9
mcf7+IFNG_CEBPB,0.26601475,0.3477423,0.76497674,0.90499985,0.5499564,0.8329922578114467,0.4852057711909406,0.9256034748369358,0.9024197481559195,1.0256906242670243,2939,1248,0.2327737808227539,0.24254222214221954,0.9597247838973999,-0.08206187188625336,0.15333378314971924,-0.02857142857142857,0.2571428571428571,0.4201265245285539,0.4180139027536879,1.0050539509833263,10.0,4.0,mcf7+IFNG_CEBPB,mcf7+IFNG,CEBPB,False,True,9
mcf7+IFNG_CEBPE,0.2718294,0.33977202,0.8000347,0.9031687,0.4784511,0.8286305928754568,0.45326532533113634,0.9247460527855762,0.9054809445373599,1.0212761056590312,2906,1289,,,,,,,,,,,,,mcf7+IFNG_CEBPE,mcf7+IFNG,CEBPE,False,True,9
mcf7+IFNG_CLK1,0.26562008,0.3658663,0.7260031,0.8880634,0.49969512,0.7542651019407314,0.5462227220047078,0.9095476478319108,0.8864274240876373,1.0260824779513902,3048,1061,1.0585834980010986,1.7338111400604248,0.610552966594696,0.19988027215003967,0.5684638023376465,0.27384615384615385,0.5123076923076924,0.7528911886114251,0.762091313906675,0.9879277914242486,22.0,3.0,mcf7+IFNG_CLK1,mcf7+IFNG,CLK1,False,True,9
mcf7+IFNG_CUL1,0.26202717,0.33101168,0.7915949,0.910372,0.4891036,0.8092430061158352,0.46630341583125884,0.9304636141618261,0.9086274938698324,1.0240319827864706,2911,1304,1.4375345706939697,1.5277328491210938,0.9409593939781189,0.5699236989021301,0.49020475149154663,0.5515151515151515,0.6606060606060605,0.7850469623573041,0.6550122150041042,1.198522629615976,6.0,4.0,mcf7+IFNG_CUL1,mcf7+IFNG,CUL1,False,True,9
mcf7+IFNG_EHF,0.27565274,0.34643084,0.7956934,0.9012841,0.4721321,0.8074702976168985,0.4433144699833814,0.9230130994807643,0.9029573299140257,1.0222112041204074,2862,1333,2.6598432064056396,2.6882858276367188,0.9894198179244995,-1.0,1.0,-0.9999999999999999,0.9999999999999999,0.5367924771014968,0.5097804941940323,1.0529874783659008,2.0,0.0,mcf7+IFNG_EHF,mcf7+IFNG,EHF,False,True,9
mcf7+IFNG_ETV7,0.27770507,0.34230423,0.81128144,0.9025209,0.46149254,0.8273647176792082,0.4110442153741008,0.9245763820153421,0.9056434435051104,1.0209055104920273,2832,1448,,,,,,,,,,,,,mcf7+IFNG_ETV7,mcf7+IFNG,ETV7,False,True,9
mcf7+IFNG_FBXO6,0.27709737,0.34861958,0.7948417,0.9000342,0.47098905,0.8121996021632258,0.45246158070363696,0.9217881747150792,0.9016145076896653,1.022375047044338,2880,1297,0.7881459593772888,1.3486474752426147,0.5843973159790039,-0.16548404097557068,0.9988270401954651,-0.6000000000000001,1.0,0.4662427672272291,0.441305046748969,1.0565090307984755,4.0,0.0,mcf7+IFNG_FBXO6,mcf7+IFNG,FBXO6,False,True,9
mcf7+IFNG_FMNL2,0.27261248,0.34365675,0.7932697,0.90248895,0.47331303,0.8091824113071995,0.45079534007193023,0.9239343831541962,0.9036083778130882,1.0224942639313515,2847,1341,0.8335909843444824,0.22462496161460876,3.7110345363616943,1.0,1.0,0.9999999999999999,0.9999999999999999,0.9979875948200723,0.9867848656097711,1.0113527574253771,0.0,2.0,mcf7+IFNG_FMNL2,mcf7+IFNG,FMNL2,False,True,9
mcf7+IFNG_FOXN3,0.2741043,0.34176338,0.8020295,0.9032892,0.47302765,0.8289979364450092,0.4365044518157712,0.924911981374236,0.9050720215657811,1.021920863020527,2904,1334,,,,,,,,,,,,,mcf7+IFNG_FOXN3,mcf7+IFNG,FOXN3,False,True,9
mcf7+IFNG_GUK1,0.27182394,0.3435105,0.79131186,0.903688,0.49178016,0.8243877594090685,0.45039645259094324,0.9252504131671365,0.9048533320592649,1.0225418643941466,2905,1331,1.17008638381958,3.0344643592834473,0.3855989873409271,,,,,,,,1.0,0.0,mcf7+IFNG_GUK1,mcf7+IFNG,GUK1,False,True,9
mcf7+IFNG_HLA-DQB1,0.27666283,0.3431879,0.80615556,0.90022683,0.47599876,0.8137986640758923,0.43955102560508413,0.9217365874287221,0.9026362274141368,1.0211606397289235,2800,1369,0.5405611395835876,0.5247538089752197,1.0301233530044556,0.13075628876686096,-0.2687280774116516,0.39999999999999997,0.0,0.6318710769896407,0.7131153541208679,0.8860713394239204,3.0,2.0,mcf7+IFNG_HLA-DQB1,mcf7+IFNG,HLA-DQB1,False,False,9
mcf7+IFNG_HLX,0.27563646,0.35502258,0.7763914,0.89802486,0.47215697,0.7814091810967903,0.49569946945853693,0.9193027051377539,0.8969555391193591,1.0249144634753418,2979,1173,0.2980288565158844,0.6164083480834961,0.48349258303642273,0.5313568711280823,0.7114746570587158,0.5269230769230769,0.6115384615384616,0.74938848471496,0.6647498294188453,1.1273240722304656,17.0,8.0,mcf7+IFNG_HLX,mcf7+IFNG,HLX,False,True,9
mcf7+IFNG_IFI16,0.24326475,0.3598537,0.67601013,0.9026233,0.6094851,0.7750344010669823,0.5850401329046163,0.9213151857868113,0.8897890857713626,1.0354309808016116,3102,1007,0.7781870365142822,1.156893014907837,0.672652542591095,0.07749440521001816,0.6450590491294861,0.20076923076923076,0.5284615384615384,0.642776844713535,0.6195824317069255,1.0374355563031536,20.0,5.0,mcf7+IFNG_IFI16,mcf7+IFNG,IFI16,False,True,9
mcf7+IFNG_IFNGR1,0.2702544,0.34975982,0.7726857,0.9031779,0.56562567,0.8338224976602917,0.49954440348145,0.9244415673791683,0.9015068056139258,1.0254404754599982,2953,1234,0.31260377168655396,0.3796258270740509,0.823452353477478,0.853662371635437,0.6515282392501831,0.8115384615384615,0.44846153846153847,0.935179070094356,0.9131542347490086,1.0241195129006888,18.0,7.0,mcf7+IFNG_IFNGR1,mcf7+IFNG,IFNGR1,False,True,9
mcf7+IFNG_IFNGR2,0.2656328,0.33852524,0.78467655,0.90671915,0.536112,0.8439431052047679,0.44689138432810716,0.9278171373204747,0.9063833655394358,1.0236475784926642,2876,1391,0.019153356552124023,0.025976967066526413,0.7373207211494446,-0.1762651652097702,-0.25128862261772156,0.19999999999999998,-0.19999999999999998,0.7410030125958108,0.7300276836917956,1.0150341269916126,2.0,2.0,mcf7+IFNG_IFNGR2,mcf7+IFNG,IFNGR2,False,True,9
mcf7+IFNG_IRF1,0.26150995,0.3378667,0.7740033,0.9078659,0.5498778,0.8454898441355527,0.46621219059316305,0.9285916541564214,0.9067067442494613,1.024136701359904,2908,1349,,,,,,,,,,,,,mcf7+IFNG_IRF1,mcf7+IFNG,IRF1,False,True,9
mcf7+IFNG_IRF2,0.26689726,0.3467935,0.76961434,0.8998195,0.50386226,0.8028421277583121,0.5000905540928887,0.920363321065763,0.8982372253399853,1.0246327975523426,2963,1171,0.6428026556968689,0.7833595871925354,0.8205716609954834,0.3368409276008606,0.3372461497783661,0.253125605759508,0.27692307692307694,0.7108554540187347,0.7225749175216112,0.9837809710540832,16.0,9.0,mcf7+IFNG_IRF2,mcf7+IFNG,IRF2,False,True,9
mcf7+IFNG_IRF5,0.26093617,0.34228677,0.762332,0.9076462,0.55231804,0.8361507471715853,0.48491202503641423,0.9282179412443343,0.9050970534197947,1.0255452028455736,2940,1292,,,,,,,,,,,,,mcf7+IFNG_IRF5,mcf7+IFNG,IRF5,False,False,9
mcf7+IFNG_IRF7,0.26391372,0.34382743,0.7675761,0.9064167,0.5623266,0.8355710706233586,0.48483487120406976,0.9271021656553093,0.9043712592479799,1.0251344856162623,2915,1298,,,,,,,,,,,,,mcf7+IFNG_IRF7,mcf7+IFNG,IRF7,False,True,9
mcf7+IFNG_IRF9,0.26179498,0.35276815,0.7421163,0.89949125,0.5763943,0.7933864860583866,0.5444281032206979,0.9191335966912052,0.8938207680220589,1.028319803672901,3029,1094,0.5823144912719727,0.6482284665107727,0.8983167409896851,0.2811233103275299,0.2587719261646271,0.3069230769230769,0.2453846153846154,0.7600209394014918,0.7286949086856076,1.0429892268252414,17.0,8.0,mcf7+IFNG_IRF9,mcf7+IFNG,IRF9,False,True,9
mcf7+IFNG_JAK1,0.26348105,0.3409606,0.772761,0.9072858,0.5668806,0.8410098101452866,0.4669692409332343,0.9278608322648537,0.9052714377317279,1.024953172707764,2906,1331,,,,,,,,,,,,,mcf7+IFNG_JAK1,mcf7+IFNG,JAK1,False,True,9
mcf7+IFNG_JAK2,0.26544434,0.34251687,0.7749818,0.9065348,0.55791795,0.8407557901683873,0.4684080431265799,0.9274970051381133,0.9050919783465676,1.0247544198021459,2921,1332,0.045531220734119415,0.1389445662498474,0.3276934325695038,,,,,,,,1.0,0.0,mcf7+IFNG_JAK2,mcf7+IFNG,JAK2,False,True,9
mcf7+IFNG_JUN,0.2640478,0.34549716,0.7642546,0.9065624,0.5692355,0.835931203326177,0.4855502074857225,0.9270238402117391,0.9035729202228039,1.0259535444943975,2911,1272,,,,,,,,,,,,,mcf7+IFNG_JUN,mcf7+IFNG,JUN,False,True,9
mcf7+IFNG_KIN,0.2814744,0.339636,0.8287532,0.9042562,0.4317317,0.7656406726224118,0.4529188126598916,0.9252295881235965,0.9047736788272397,1.0226088686873291,2944,1238,,,,,,,,,,,,,mcf7+IFNG_KIN,mcf7+IFNG,KIN,False,True,9
mcf7+IFNG_KLF4,0.2699389,0.3426626,0.7877687,0.9024221,0.48653442,0.8122353742785529,0.47646458411750847,0.9236065175007807,0.9030852871493857,1.022723468805666,2959,1211,1.2186082601547241,0.9881749153137207,1.233190894126892,-0.9038113355636597,0.30573680996894836,-1.0,0.5,0.4867593562196404,0.43679072843859323,1.1143994698781068,1.0,2.0,mcf7+IFNG_KLF4,mcf7+IFNG,KLF4,False,True,9
mcf7+IFNG_MAFB,0.28028,0.34767208,0.80616194,0.8998016,0.45761135,0.8109149317028779,0.4459364236641822,0.9212738233853347,0.9009638149378506,1.0225425351282116,2883,1284,2.091649293899536,2.2628188133239746,0.9243556261062622,-0.45909667015075684,0.36992546916007996,0.0,0.39999999999999997,0.5476641716546466,0.5476052589763917,1.00010758238218,3.0,1.0,mcf7+IFNG_MAFB,mcf7+IFNG,MAFB,False,True,9
mcf7+IFNG_MAFF,0.27488384,0.34215826,0.80338216,0.9026853,0.46581146,0.8166119337174138,0.43470918447762474,0.9244576113216156,0.9049242677411101,1.0215856113896304,2864,1346,,,,,,,,,,,,,mcf7+IFNG_MAFF,mcf7+IFNG,MAFF,False,True,9
mcf7+IFNG_MCRS1,0.2745563,0.35476038,0.7739204,0.8990644,0.46347907,0.7509651608469262,0.515165981028897,0.9196066696547284,0.8948055833121769,1.0277167317740115,3019,1112,0.6809628009796143,1.3579533100128174,0.5014625787734985,-0.07160486280918121,0.6937586665153503,0.06001154179100798,0.6053846153846154,0.38265442911669934,0.4101249341613793,0.933019178409985,20.0,5.0,mcf7+IFNG_MCRS1,mcf7+IFNG,MCRS1,False,True,9
mcf7+IFNG_MYC,0.26733392,0.34593126,0.7727949,0.9052521,0.5505898,0.8298686440567642,0.4659735395170867,0.925845715991522,0.9030181965527472,1.025279135598727,2872,1320,,,,,,,,,,,,,mcf7+IFNG_MYC,mcf7+IFNG,MYC,False,True,9
mcf7+IFNG_NFKB1,0.25929204,0.34296012,0.75604135,0.90774673,0.57010424,0.8343037181328797,0.49794496265379146,0.9280851249173725,0.9043864186243739,1.0262041819790326,2957,1246,0.4051201045513153,0.13948212563991547,2.904458999633789,-1.0,-1.0,-0.9999999999999999,-0.9999999999999999,0.7772566376939001,0.8101521214283323,0.9593959173044736,1.0,1.0,mcf7+IFNG_NFKB1,mcf7+IFNG,NFKB1,False,True,9
mcf7+IFNG_PARP12,0.27280775,0.3420304,0.79761255,0.90426624,0.49336582,0.8431567175241264,0.45515346896460107,0.9258259398851821,0.9057158654620304,1.022203513474828,2889,1357,,,,,,,,,,,,,mcf7+IFNG_PARP12,mcf7+IFNG,PARP12,False,True,9
mcf7+IFNG_PIK3CA,0.26071036,0.34816,0.7488234,0.9060141,0.58682597,0.8244445231324744,0.5298033855886827,0.9261192148902566,0.901247517322658,1.027596966526449,2995,1171,0.7030342221260071,0.5606104135513306,1.2540513277053833,-0.00797562301158905,-0.6692779064178467,-0.3,-0.7999999999999999,0.584154811592871,0.5833570090811437,1.001367605941658,2.0,3.0,mcf7+IFNG_PIK3CA,mcf7+IFNG,PIK3CA,False,True,9
mcf7+IFNG_PLEK,0.2639144,0.34407246,0.7670315,0.9061172,0.5390701,0.8209033023562304,0.47437470412721106,0.9267141726308844,0.9037985058294636,1.0253548403251562,2880,1299,0.3027530312538147,0.30610695481300354,0.9890432953834534,-1.0,-1.0,-0.9999999999999999,-0.9999999999999999,0.7675053717062338,0.819702723699994,0.936321607230789,1.0,1.0,mcf7+IFNG_PLEK,mcf7+IFNG,PLEK,False,False,9
mcf7+IFNG_PPARG,0.27102646,0.34938425,0.775726,0.9006706,0.5486728,0.8055495430810741,0.4829270222558319,0.9206698584390836,0.8972320840145713,1.02612230975919,2862,1268,0.5748467445373535,0.8083858489990234,0.7111043930053711,0.01149904914200306,0.5913874506950378,0.033083285859145425,0.6469230769230768,0.6483248456692232,0.6377236058218656,1.016623565053226,22.0,3.0,mcf7+IFNG_PPARG,mcf7+IFNG,PPARG,False,False,9
mcf7+IFNG_PRDM1,0.27845824,0.34471598,0.80779034,0.9020545,0.45998693,0.8237637081519311,0.41870023296012915,0.9240846250950668,0.9048001080720488,1.021313566224157,2837,1387,,,,,,,,,,,,,mcf7+IFNG_PRDM1,mcf7+IFNG,PRDM1,False,True,9
mcf7+IFNG_PTGES3,0.2654285,0.35157368,0.75497264,0.8946521,0.50481755,0.7882089322156406,0.5201557283315872,0.9150093259337422,0.8911739070361538,1.0267460915421769,3020,1101,0.7878866791725159,1.1466881036758423,0.6870976090431213,0.5607917904853821,0.5501594543457031,0.4176923076923077,0.5823076923076923,0.6781993701204754,0.599483219427291,1.1313066790566464,20.0,5.0,mcf7+IFNG_PTGES3,mcf7+IFNG,PTGES3,False,True,9
mcf7+IFNG_PTPN11,0.27311683,0.33964708,0.80411947,0.9047512,0.46872202,0.8269022968027356,0.41772498816215037,0.926428299255502,0.9066620449549319,1.0218011269034126,2865,1429,,,,,,,,,,,,,mcf7+IFNG_PTPN11,mcf7+IFNG,PTPN11,False,True,9
mcf7+IFNG_RARRES3,0.26558477,0.35433778,0.7495243,0.89651334,0.5039274,0.7808959614176263,0.5183065768765809,0.9175998739132126,0.8936751410572334,1.0267711741737335,3006,1126,0.5441458225250244,0.8232478499412537,0.6609745025634766,-0.05218483507633209,0.5316930413246155,0.13384615384615384,0.5423076923076924,0.5236924180633434,0.5242527028217929,0.9989312696807594,19.0,6.0,mcf7+IFNG_RARRES3,mcf7+IFNG,RARRES3,False,True,9
mcf7+IFNG_RFX5,0.26850918,0.34529373,0.77762544,0.901258,0.49656233,0.813825006244466,0.47757909901512513,0.9223828302392678,0.9006298196938993,1.0241531093793472,2917,1237,0.7359368801116943,0.8847976922988892,0.8317572474479675,0.007408931851387024,0.6586755514144897,0.0852625635234331,0.5369847543760589,0.484308153671419,0.3329250409193425,1.454706297652005,16.0,6.0,mcf7+IFNG_RFX5,mcf7+IFNG,RFX5,False,True,9
mcf7+IFNG_RNF14,0.273375,0.34287113,0.79731125,0.9023571,0.4811985,0.815928938560341,0.4546677433851568,0.9237361772173226,0.9037072526526148,1.022163067194512,2856,1325,,,,,,,,,,,,,mcf7+IFNG_RNF14,mcf7+IFNG,RNF14,False,True,9
mcf7+IFNG_RUNX1,0.26583794,0.33945522,0.7831311,0.90679467,0.52302635,0.8350029132271298,0.4373180110677485,0.9279418912745943,0.9067577051337229,1.0233625653478702,2865,1402,,,,,,,,,,,,,mcf7+IFNG_RUNX1,mcf7+IFNG,RUNX1,False,True,9
mcf7+IFNG_SOX2,0.29339117,0.37453213,0.7833538,0.8866692,0.49647847,0.7733464517760631,0.4565660349598892,0.9069862690024701,0.8815126651097523,1.0288976039720839,2813,1286,1.1281006336212158,1.2803860902786255,0.8810628652572632,0.5355357527732849,0.5088254809379578,0.1645157548732645,0.4930769230769231,0.621480500631267,0.5611032494886089,1.1076045294652743,17.0,7.0,mcf7+IFNG_SOX2,mcf7+IFNG,SOX2,False,False,9
mcf7+IFNG_SP100,0.26790512,0.34260523,0.7819645,0.90533423,0.51971686,0.836638080474899,0.4643303345146563,0.9263643198897535,0.9048621380332145,1.0237629368638141,2877,1350,3.3119587898254395,1.832635760307312,1.8072105646133423,,,,,,,,0.0,1.0,mcf7+IFNG_SP100,mcf7+IFNG,SP100,False,True,9
mcf7+IFNG_SP110,0.26855138,0.34696966,0.7739909,0.9026339,0.513569,0.8160732074808802,0.4823316061675995,0.9237231230309709,0.9016299665338722,1.0245035738796828,2903,1263,0.29993802309036255,0.8778934478759766,0.34165653586387634,0.5448035597801208,0.9330559372901917,0.028571428571428574,0.6,0.8127927832174261,0.7492081405548741,1.0848691294457378,5.0,1.0,mcf7+IFNG_SP110,mcf7+IFNG,SP110,False,True,9
mcf7+IFNG_SRC,0.27126586,0.3429056,0.7910803,0.9038744,0.48371765,0.8173929423131646,0.4484066006627745,0.9255900305392647,0.9053692692919818,1.0223342694888418,2877,1368,,,,,,,,,,,,,mcf7+IFNG_SRC,mcf7+IFNG,SRC,False,True,9
mcf7+IFNG_STAT1,0.2699806,0.34438246,0.78395575,0.90488344,0.5485939,0.8459906164476896,0.4629755319071136,0.9260071394939504,0.9044869609258616,1.0237926907714183,2907,1316,,,,,,,,,,,,,mcf7+IFNG_STAT1,mcf7+IFNG,STAT1,False,True,9
mcf7+IFNG_STAT2,0.26016998,0.3471298,0.74948907,0.9052502,0.587078,0.811187837776641,0.5383538580951975,0.9253279767712229,0.9007639035888647,1.027270268140729,2991,1167,0.8263950943946838,1.0341135263442993,0.799133837223053,0.24796649813652039,0.4602561891078949,0.3215384615384615,0.44923076923076927,0.7118868588943813,0.7019841082607391,1.0141068017311354,19.0,6.0,mcf7+IFNG_STAT2,mcf7+IFNG,STAT2,False,True,9
mcf7+IFNG_STAT3,0.27546346,0.34705853,0.7937089,0.9024808,0.49711668,0.8341245865453271,0.45734006594379667,0.9239357807206707,0.9032103738527227,1.0229463782391492,2854,1331,0.5322300791740417,0.18497659265995026,2.8772833347320557,,,,,,,,0.0,1.0,mcf7+IFNG_STAT3,mcf7+IFNG,STAT3,False,True,9
mcf7+IFNG_TAPBPL,0.27449304,0.34655923,0.7920523,0.90111035,0.5351509,0.8015752992539769,0.4458685988688077,0.9207178240269167,0.8961941945402244,1.0273641914175462,2798,1338,1.2314530611038208,1.2773020267486572,0.9641048312187195,0.2550657093524933,0.18211229145526886,0.20384615384615384,0.24923076923076923,0.6674138847634284,0.672247609483218,0.9928096066812265,17.0,8.0,mcf7+IFNG_TAPBPL,mcf7+IFNG,TAPBPL,False,False,9
mcf7+IFNG_TBX21,0.27131996,0.34034926,0.797181,0.90440875,0.48052362,0.8295087742697949,0.43825870670091005,0.9257535122286709,0.9055515477247653,1.022309016592886,2843,1358,,,,,,,,,,,,,mcf7+IFNG_TBX21,mcf7+IFNG,TBX21,False,True,9
mcf7+IFNG_TRAFD1,0.268498,0.34175345,0.7856482,0.9050106,0.5130164,0.8329345234729054,0.4673591813294512,0.9262559942853573,0.9052559582891233,1.0231978986759973,2935,1293,0.3198639750480652,0.36130255460739136,0.885307788848877,,,,,,,,1.0,0.0,mcf7+IFNG_TRAFD1,mcf7+IFNG,TRAFD1,False,True,9
mcf7+IFNG_TSC22D1,0.2686999,0.34317124,0.78299075,0.90294755,0.49225944,0.8127037435482172,0.47957116355037543,0.9240821534154674,0.9030288944773874,1.0233140479411393,2928,1231,,,,,,,,,,,,,mcf7+IFNG_TSC22D1,mcf7+IFNG,TSC22D1,False,True,9
mcf7+IFNG_ZC3H3,0.2800436,0.343855,0.81442356,0.9019009,0.48412764,0.8211556532653856,0.4126170238271143,0.9231110182360578,0.9029991407057893,1.0222723108180911,2779,1396,,,,,,,,,,,,,mcf7+IFNG_ZC3H3,mcf7+IFNG,ZC3H3,False,False,9
mcf7+IFNG_ZFP36,0.27450413,0.3452465,0.79509604,0.9011247,0.47482896,0.8156549341294571,0.4601429030146879,0.9227061546504519,0.9025557540058315,1.0223259344978817,2901,1273,2.061558485031128,2.5359115600585938,0.8129457235336304,-1.0,1.0,-0.9999999999999999,0.9999999999999999,0.8888010216543145,0.7697461361080963,1.1546677273992827,1.0,1.0,mcf7+IFNG_ZFP36,mcf7+IFNG,ZFP36,False,True,9
mcf7+IFNG_ZNF267,0.25816005,0.3462393,0.74561167,0.90562433,0.55980176,0.8038765090896678,0.5233784595191981,0.9256161834842953,0.9007384378919048,1.027619278300829,2979,1188,0.15316429734230042,0.33739376068115234,0.453963041305542,0.7531893849372864,0.7755862474441528,0.3562223570414961,0.7269230769230769,0.805604104181665,0.7138744758897841,1.1284954587815281,20.0,5.0,mcf7+IFNG_ZNF267,mcf7+IFNG,ZNF267,False,True,9
mcf7+IFNG_ZNFX1,0.26965502,0.34674767,0.7776693,0.90386057,0.5278565,0.8344936128391612,0.489429634674299,0.9247959446699427,0.902779852698084,1.0243869996722463,2965,1214,0.581512987613678,0.3490947186946869,1.6657742261886597,0.9799491763114929,-0.8483078479766846,1.0,-0.5,0.9841013983220055,0.9915965107952481,0.9924413686498033,1.0,2.0,mcf7+IFNG_ZNFX1,mcf7+IFNG,ZNFX1,False,True,9
mcf7+TGFB_RBL1,0.037150558,0.2619469,0.14182477,0.98625267,0.92291343,0.788184829721068,0.7947931243770618,0.9888029530129724,0.9230101254735454,1.0712807213308437,3332,818,,,,,,,,,,,,,mcf7+TGFB_RBL1,mcf7+TGFB,RBL1,True,False,9
mcf7+TGFB_RELA,0.043940436,0.24320488,0.18067251,0.98423725,0.90199375,0.8006322437689739,0.7680537575086849,0.9873770623929002,0.9302833369403078,1.0613724047131416,3303,854,0.0012243968667462468,1.0967106819152832,0.0011164265451952815,,,,,,,,1.0,0.0,mcf7+TGFB_RELA,mcf7+TGFB,RELA,True,False,9
mcf7+TNFA_ARID5B,0.03757922,0.2549107,0.1474211,0.98707676,0.9233047,0.8409007277869933,0.8064266185072335,0.9898189265569914,0.9275706197862837,1.0671089677086258,3383,740,0.0771573856472969,0.8221067786216736,0.09385324269533157,0.6739765405654907,0.8944001793861389,0.5454895273054443,0.9215384615384615,0.8400994408324679,0.8192916598724389,1.0253972815532733,23.0,2.0,mcf7+TNFA_ARID5B,mcf7+TNFA,ARID5B,True,False,9
mcf7+TNFA_CASP3,0.03896684,0.22943845,0.16983569,0.98618686,0.91288733,0.7913587863620729,0.8016461686966256,0.9891059413512518,0.9338598796369041,1.059158834123839,3315,787,0.2022993117570877,0.3471163809299469,0.5827996730804443,0.8913621306419373,0.8609760999679565,0.7128294034534474,0.7376923076923076,0.939842068593023,0.5554197453990996,1.6921293785075915,14.0,11.0,mcf7+TNFA_CASP3,mcf7+TNFA,CASP3,True,False,9
mcf7+TNFA_IKBKE,0.042127606,0.22200893,0.18975636,0.985563,0.9034,0.8649755026759026,0.8157458218772856,0.9887262985093158,0.938694338492893,1.053299522501383,3471,698,0.03305908292531967,0.15448009967803955,0.21400220692157745,0.5129772424697876,0.9316981434822083,0.4642857142857144,0.8571428571428573,0.827275322384986,0.699810930276505,1.1821411849885197,4.0,3.0,mcf7+TNFA_IKBKE,mcf7+TNFA,IKBKE,True,False,9
mcf7+TNFA_MAPK9,0.033693198,0.24419653,0.13797574,0.9883009,0.92815113,0.8838119493153749,0.8409758623474,0.9908839771953659,0.9319566215688855,1.063229719348182,3518,697,0.00837690755724907,0.7653239965438843,0.010945570655167103,0.8093430995941162,0.977079451084137,0.7692307692307693,0.9560439560439561,0.9268810301643267,0.9461854530900642,0.9795976329347562,13.0,0.0,mcf7+TNFA_MAPK9,mcf7+TNFA,MAPK9,True,False,9
