,MSEPred_all,MSECtrl_all,NormMSE_all,Pearson_all,NormPearson_all,Spearman_all,NormSpearman_all,PredCosine_all,CtrlCosine_all,NormCosine_all,SameDirect_all,DiffDirect_all,MSEPred_degs,MSECtrl_degs,NormMSE_degs,Pearson_degs,NormPearson_degs,Spearman_degs,NormSpearman_degs,PredCosine_degs,CtrlCosine_degs,NormCosine_degs,SameDirect_degs,DiffDirect_degs,cov_pert,covariate,perturbation,cov_seen,pert_seen,split
a549+IFNB_PARP12,0.033378363,0.0065611526,5.087271,0.99694777,0.3687299,0.785537416274806,0.3471576867566386,0.9973619260333308,0.9985779382554676,0.998782256070807,2290,1157,1.0565876960754395,1.6266875267028809,0.6495332717895508,,,,,,,,1.0,0.0,a549+IFNB_PARP12,a549+IFNB,PARP12,True,False,0
a549+IFNG_ATF3,0.038873658,0.0060365554,6.4397087,0.9880833,0.16173682,0.8151156156938459,0.20235201916935736,0.990829051412445,0.9986703950654469,0.9921482165770139,1970,1329,,,,,,,,,,,,,a549+IFNG_ATF3,a549+IFNG,ATF3,False,True,0
a549+IFNG_ATF5,0.039870307,0.010859599,3.6714344,0.9876685,0.2668153,0.8000028908477455,0.3078336017405367,0.9904461794084651,0.9978157978702138,0.9926142495664243,2098,1134,,,,,,,,,,,,,a549+IFNG_ATF5,a549+IFNG,ATF5,False,True,0
a549+IFNG_BATF2,0.039863147,0.005343186,7.4605575,0.98856354,0.21394813,0.8091131611392911,0.22221435806938533,0.9911480577381837,0.998789496080938,0.9923493004554634,1989,1297,,,,,,,,,,,,,a549+IFNG_BATF2,a549+IFNG,BATF2,False,True,0
a549+IFNG_CEBPB,0.043280456,0.020390501,2.1225793,0.9861287,0.27180082,0.7981778388639222,0.30749038259001954,0.9892082918594599,0.9957900351813497,0.993390430623569,2115,1101,0.18678724765777588,0.34647706151008606,0.5391042232513428,0.757108211517334,0.09967053681612015,0.7369230769230769,0.09461538461538462,0.9252192466420172,0.9621258287069903,0.9616405869546479,20.0,5.0,a549+IFNG_CEBPB,a549+IFNG,CEBPB,False,True,0
a549+IFNG_CEBPE,0.04105319,0.009158959,4.482299,0.98745257,0.2138476,0.8019292223927662,0.27851632217830974,0.9902850792366326,0.9981194784099054,0.9921508403124706,2080,1154,,,,,,,,,,,,,a549+IFNG_CEBPE,a549+IFNG,CEBPE,False,True,0
a549+IFNG_CLK1,0.086670585,0.14761528,0.5871383,0.9723384,0.5460498,0.770263032532491,0.5572372043662337,0.9774667726014554,0.9796629474400674,0.9977582342535759,2380,699,0.6292715668678284,0.9058020710945129,0.6947119832038879,0.6468573212623596,-0.15293124318122864,0.6228120907669353,-0.2230769230769231,0.9104176452679662,0.9553057070897908,0.9530118353855856,19.0,6.0,a549+IFNG_CLK1,a549+IFNG,CLK1,False,True,0
a549+IFNG_CUL1,0.072085336,0.020190377,3.5702817,0.983557,0.35979527,0.7168445890163437,0.33902351686906207,0.986732356829308,0.9957425808231827,0.9909512516915507,2139,1132,0.5139945149421692,0.6842995882034302,0.7511249780654907,0.8116319179534912,0.6532928347587585,0.4681318681318682,0.5472527472527472,0.9026841289473423,0.850674623721505,1.0611391286110166,9.0,5.0,a549+IFNG_CUL1,a549+IFNG,CUL1,False,True,0
a549+IFNG_EHF,0.041122187,0.015518599,2.6498647,0.9867572,0.20801587,0.8173512196646191,0.2431785942797415,0.9897141508172718,0.9969572138108272,0.9927348306494828,1982,1230,,,,,,,,,,,,,a549+IFNG_EHF,a549+IFNG,EHF,False,True,0
a549+IFNG_ETV7,0.036672905,0.0047678854,7.69165,0.9888755,0.20488128,0.8219024351375585,0.2008437739336593,0.991454895841046,0.9989220982391985,0.9925247400059374,1944,1340,0.07095757871866226,0.43956470489501953,0.16142693161964417,,,,,,,,1.0,0.0,a549+IFNG_ETV7,a549+IFNG,ETV7,False,True,0
a549+IFNG_FBXO6,0.047232732,0.010157838,4.6498804,0.9875735,0.3107592,0.7748134932942901,0.3156442168509686,0.990278253831921,0.997858943668027,0.992403044654548,2139,1085,,,,,,,,,,,,,a549+IFNG_FBXO6,a549+IFNG,FBXO6,False,True,0
a549+IFNG_FMNL2,0.043879103,0.011753165,3.733386,0.9872427,0.28127295,0.7870507861066847,0.30686646287996266,0.9900818911488724,0.9975987449965712,0.992465052822691,2112,1110,,,,,,,,,,,,,a549+IFNG_FMNL2,a549+IFNG,FMNL2,False,True,0
a549+IFNG_FOXN3,0.04428809,0.004525032,9.787354,0.9878414,0.13744432,0.7945398495376184,0.16301615627339863,0.9905361637868961,0.9989673781375709,0.9915600703934963,1942,1371,,,,,,,,,,,,,a549+IFNG_FOXN3,a549+IFNG,FOXN3,False,False,0
a549+IFNG_GUK1,0.037472937,0.005338846,7.018921,0.98867476,0.21314463,0.8191862410814686,0.20855082840257727,0.9912732120154915,0.9988018054786034,0.9924623749959038,1982,1322,,,,,,,,,,,,,a549+IFNG_GUK1,a549+IFNG,GUK1,False,True,0
a549+IFNG_HLA-DQB1,0.041702334,0.014686876,2.8394284,0.98668456,0.23274514,0.8069891209917509,0.26234530075440965,0.9896644392417518,0.9970591524952992,0.9925834758800008,2022,1196,0.08420749008655548,0.306059330701828,0.27513453364372253,-0.5515225529670715,0.44359099864959717,-0.3,0.7,0.7887607873328416,0.990312528881183,0.7964766316992407,5.0,0.0,a549+IFNG_HLA-DQB1,a549+IFNG,HLA-DQB1,False,True,0
a549+IFNG_HLX,0.06098888,0.07568191,0.80585814,0.9784878,0.4330793,0.778157691200691,0.4901232206353868,0.9826670828556164,0.987021767909533,0.995588055709106,2314,792,0.36801379919052124,0.632073163986206,0.5822328925132751,0.6009591221809387,0.25168684124946594,0.6043687452366543,0.33461538461538465,0.8463730322936576,0.9180784848367821,0.9218961627710157,22.0,3.0,a549+IFNG_HLX,a549+IFNG,HLX,False,True,0
a549+IFNG_IFI16,0.10885117,0.2048523,0.5313642,0.96121085,0.5895306,0.7537048377717582,0.6222011601235005,0.9678303416996143,0.968742603711167,0.9990583029918805,2376,502,0.861205518245697,1.3901755809783936,0.6194940805435181,0.45596757531166077,-0.20553913712501526,0.3766010440862885,-0.19076923076923075,0.8029837363919992,0.8055821701393014,0.9967744646745931,20.0,5.0,a549+IFNG_IFI16,a549+IFNG,IFI16,False,True,0
a549+IFNG_IFNGR1,0.030271966,0.024619833,1.2295765,0.9914317,0.56814826,0.8244343217398199,0.30446365368673944,0.9933802460217318,0.9942776109136741,0.9990974704829996,2041,1248,0.4330068826675415,0.9565063714981079,0.452696293592453,0.49614953994750977,0.7097610235214233,0.5153846153846153,0.8792307692307693,0.9082486850152807,0.9523491763176722,0.9536929391035867,25.0,0.0,a549+IFNG_IFNGR1,a549+IFNG,IFNGR1,False,True,0
a549+IFNG_IFNGR2,0.032157153,0.026965497,1.1925296,0.9909638,0.5530616,0.8265792086138503,0.2712726238219179,0.9930008832533348,0.9937406174300313,0.999255606378846,2084,1380,0.3650185763835907,0.8163797855377197,0.4471185803413391,0.8899275660514832,0.8674719333648682,0.8184615384615385,0.8792307692307693,0.9543627268842209,0.9490999470711236,1.0055450217117154,24.0,1.0,a549+IFNG_IFNGR2,a549+IFNG,IFNGR2,False,True,0
a549+IFNG_IRF1,0.03697481,0.0046179495,8.00676,0.9894673,0.2785847,0.8185472807438726,0.22441905564108358,0.9918540726100513,0.9989286857215246,0.9929177996261431,2052,1363,,,,,,,,,,,,,a549+IFNG_IRF1,a549+IFNG,IRF1,False,True,0
a549+IFNG_IRF2,0.05229646,0.052468367,0.9967236,0.9824889,0.38049763,0.7976843811222853,0.4059565958560204,0.9860825818134553,0.9911336052873309,0.994903791530294,2189,944,0.375144362449646,0.583382785320282,0.6430501341819763,0.7970115542411804,0.31996509432792664,0.701288722339792,0.3807692307692308,0.9219224147999262,0.9550505609791852,0.965312678163035,21.0,4.0,a549+IFNG_IRF2,a549+IFNG,IRF2,False,True,0
a549+IFNG_IRF5,0.043392833,0.0068549463,6.330149,0.9880717,0.24151003,0.7949763422362168,0.24392172981469462,0.990750371786507,0.9985107837498981,0.9922280138685664,2019,1243,,,,,,,,,,,,,a549+IFNG_IRF5,a549+IFNG,IRF5,False,True,0
a549+IFNG_IRF7,0.036862556,0.009839384,3.7464292,0.9885124,0.30008084,0.8076560554813775,0.2885145830133176,0.9911191126156191,0.9979960450304339,0.9931092588502141,2035,1194,0.0019835701677948236,0.40131497383117676,0.004942676518112421,,,,,,,,1.0,0.0,a549+IFNG_IRF7,a549+IFNG,IRF7,False,True,0
a549+IFNG_IRF9,0.061499536,0.07464306,0.823915,0.97992444,0.4163987,0.7947920979042398,0.43578217374865186,0.9838670903808339,0.9886619358322458,0.9951501668288911,2210,915,0.3224596083164215,0.47401750087738037,0.6802694201469421,0.5472675561904907,-0.1250823587179184,0.6297364994351285,-0.2230769230769231,0.8842708103388471,0.9217335870931485,0.9593561770137433,21.0,4.0,a549+IFNG_IRF9,a549+IFNG,IRF9,False,True,0
a549+IFNG_JAK1,0.030431226,0.0150614865,2.0204663,0.99104464,0.50226116,0.8210185889782363,0.2582832489525294,0.99310424980034,0.9965044953222578,0.9965878272121409,2018,1324,0.026256993412971497,0.2368527501821518,0.11085788160562515,0.9277535676956177,0.9637715816497803,0.942857142857143,0.6,0.9743928957044178,0.7460828263661186,1.3060116937020376,6.0,0.0,a549+IFNG_JAK1,a549+IFNG,JAK1,False,True,0
a549+IFNG_JAK2,0.031742334,0.019794933,1.6035585,0.99094594,0.5058305,0.8303884891376617,0.2504952545955153,0.9930071246917597,0.9954136307396355,0.9975824059731956,2022,1400,0.35939550399780273,0.45483794808387756,0.790161669254303,0.8437727689743042,0.7599163055419922,0.8313043478260868,0.8382608695652173,0.9077352087548494,0.9227101176416829,0.9837707329739623,21.0,3.0,a549+IFNG_JAK2,a549+IFNG,JAK2,False,True,0
a549+IFNG_JUN,0.042029314,0.011976546,3.509302,0.98687184,0.19110173,0.809741213453665,0.2439079293652844,0.9898566812380223,0.9974658108265104,0.9923715384468335,1998,1209,0.7552489638328552,0.65233314037323,1.1577657461166382,,,,,,,,0.0,1.0,a549+IFNG_JUN,a549+IFNG,JUN,False,True,0
a549+IFNG_KIN,0.056097474,0.027670087,2.0273688,0.98483527,0.4721486,0.7321146549819243,0.4680240479604711,0.9880174271668881,0.994955850330852,0.9930264009587394,2342,855,0.27692273259162903,0.38000422716140747,0.7287359237670898,0.4902239143848419,-0.08149422705173492,0.7351413869398479,-0.21384615384615382,0.7471447396752301,0.7881824432942984,0.9479337506586082,21.0,4.0,a549+IFNG_KIN,a549+IFNG,KIN,False,True,0
a549+IFNG_KLF4,0.046655614,0.032346074,1.4423888,0.9846977,0.28827932,0.802723393793804,0.32558584058130124,0.9879558173889429,0.9946184997871815,0.9933012683761018,2091,1086,0.34200745820999146,0.4148215353488922,0.8244689106941223,0.9271808862686157,-0.4691505432128906,0.8970588235294116,-0.3323529411764706,0.9683051282782261,0.9689698585589782,0.999313982499166,12.0,4.0,a549+IFNG_KLF4,a549+IFNG,KLF4,False,False,0
a549+IFNG_MAFB,0.035565123,0.008063615,4.4105678,0.9888871,0.28447527,0.8190005244520794,0.2818542735356489,0.9914314562768594,0.998298797930206,0.9931209557022558,2023,1210,,,,,,,,,,,,,a549+IFNG_MAFB,a549+IFNG,MAFB,False,True,0
a549+IFNG_MAFF,0.039004084,0.010317398,3.7804186,0.98759675,0.20599957,0.8130794616733215,0.23173282925613764,0.9904194340686583,0.997899442975352,0.9925042458342384,1977,1278,,,,,,,,,,,,,a549+IFNG_MAFF,a549+IFNG,MAFF,False,True,0
a549+IFNG_MCRS1,0.05907594,0.08407206,0.7026822,0.97731405,0.5551865,0.7340052837646968,0.581615714717117,0.9818957778008316,0.9868249154269918,0.995005053531682,2488,651,0.39474087953567505,0.7198819518089294,0.5483411550521851,0.7201578617095947,0.0724540427327156,0.5784615384615384,0.08307692307692309,0.8397006989049354,0.866145830783245,0.9694680376693661,21.0,4.0,a549+IFNG_MCRS1,a549+IFNG,MCRS1,False,True,0
a549+IFNG_MYC,0.038523857,0.0064537902,5.9691834,0.98844516,0.2292013,0.805056751265213,0.22138801720685655,0.9910856314159131,0.9985926618751796,0.9924823897211806,1972,1301,,,,,,,,,,,,,a549+IFNG_MYC,a549+IFNG,MYC,False,True,0
a549+IFNG_NFKB1,0.043462597,0.010433231,4.1657853,0.9881133,0.33897552,0.780706702586539,0.33040953150763014,0.9907314504798008,0.9978144327840176,0.9929015034544505,2109,1126,0.0010944814421236515,0.17106270790100098,0.0063981302082538605,,,,,,,,1.0,0.0,a549+IFNG_NFKB1,a549+IFNG,NFKB1,False,True,0
a549+IFNG_PARP12,0.082998544,0.004053232,20.477127,0.98579663,0.16444111,0.7114320181728327,0.1646597869741538,0.9884375260349101,0.9990637584430211,0.9893638095483802,1928,1404,0.43199220299720764,1.4695298671722412,0.29396626353263855,,,,,,,,1.0,0.0,a549+IFNG_PARP12,a549+IFNG,PARP12,False,False,0
a549+IFNG_PIK3CA,0.043012213,0.007997785,5.378016,0.98747605,0.1925714,0.7915776260587749,0.23336550856078034,0.9902945769099105,0.9982363924082419,0.9920441535104007,2007,1283,,,,,,,,,,,,,a549+IFNG_PIK3CA,a549+IFNG,PIK3CA,False,True,0
a549+IFNG_PLEK,0.038159277,0.007436299,5.1314874,0.988444,0.24340469,0.8075125357115844,0.25651891194522797,0.9910733863689498,0.9983879033705237,0.9926736722501541,2020,1231,,,,,,,,,,,,,a549+IFNG_PLEK,a549+IFNG,PLEK,False,True,0
a549+IFNG_PPARG,0.06320546,0.089293554,0.70783895,0.9759496,0.50302553,0.764364571656985,0.5683924204211735,0.9807135053734052,0.9859334532579509,0.9947055778792202,2467,658,0.4310276508331299,0.7193821668624878,0.5991636514663696,0.8603910803794861,-0.16479864716529846,0.7128562543391759,-0.2569230769230769,0.9203972738444665,0.9189679545762447,1.0015553526769938,22.0,3.0,a549+IFNG_PPARG,a549+IFNG,PPARG,False,True,0
a549+IFNG_PRDM1,0.040231556,0.005970198,6.7387304,0.9878532,0.12088275,0.8177898420196612,0.17886723776697577,0.990655916242888,0.9986319818367289,0.9920130080561099,1966,1375,1.1614694595336914,2.041809320449829,0.5688432455062866,,,,,,,,1.0,0.0,a549+IFNG_PRDM1,a549+IFNG,PRDM1,False,True,0
a549+IFNG_PTGES3,0.04975314,0.03986528,1.2480319,0.9828675,0.38745093,0.778628080042275,0.43508617503916636,0.9865062332967315,0.9929859377759125,0.9934745254361868,2274,892,0.2802838981151581,0.49276110529899597,0.5688027739524841,0.6454252600669861,0.22031764686107635,0.5599999999999999,0.1176923076923077,0.8447893621823969,0.9319646719412938,0.9064607142486316,22.0,3.0,a549+IFNG_PTGES3,a549+IFNG,PTGES3,False,True,0
a549+IFNG_PTPN11,0.042274743,0.0038292,11.040098,0.9882733,0.10001497,0.8130203411637514,0.11305770003005654,0.9909216802288646,0.9991133560698464,0.9918010546138579,1884,1501,,,,,,,,,,,,,a549+IFNG_PTPN11,a549+IFNG,PTPN11,False,True,0
a549+IFNG_RARRES3,0.063657865,0.06996264,0.9098837,0.9790406,0.36322036,0.7896529996971727,0.43681268159536646,0.9831804287426585,0.9889986026572937,0.9941171060312901,2237,898,0.4099899232387543,0.5641378164291382,0.726754903793335,0.9081557393074036,0.09700170904397964,0.5238461538461539,0.15846153846153843,0.9281515275666408,0.9129106205225666,1.0166948512827576,19.0,6.0,a549+IFNG_RARRES3,a549+IFNG,RARRES3,False,True,0
a549+IFNG_RFX5,0.037798315,0.019467358,1.9416254,0.9876067,0.3330934,0.807227588176574,0.3310316077295808,0.9903523332196319,0.996387233465423,0.993943218014946,2059,1125,0.2952777147293091,0.4169550836086273,0.70817631483078,0.6669840812683105,0.6015726327896118,0.6176470588235294,0.37990196078431376,0.8641319335331449,0.9734345081572474,0.8877145060010078,9.0,8.0,a549+IFNG_RFX5,a549+IFNG,RFX5,False,True,0
a549+IFNG_RNF14,0.037976284,0.009730159,3.9029458,0.9881592,0.2584657,0.7969613538115805,0.26443278595548786,0.990832329851982,0.9979738242816008,0.9928440062696438,2030,1239,,,,,,,,,,,,,a549+IFNG_RNF14,a549+IFNG,RNF14,False,False,0
a549+IFNG_RUNX1,0.040375646,0.0035587456,11.345471,0.98828435,0.09671467,0.8095641136344217,0.1271805869424812,0.9909419231277743,0.9991743923254318,0.9917607283964738,1895,1525,,,,,,,,,,,,,a549+IFNG_RUNX1,a549+IFNG,RUNX1,False,False,0
a549+IFNG_SOX2,0.15730664,0.30865794,0.50964713,0.9517137,0.6383444,0.7557374756375524,0.6361575832217312,0.9596394293793827,0.959584196621648,1.0000575590531078,2451,520,0.8687903881072998,1.4075512886047363,0.6172353625297546,0.4502813518047333,0.1533985435962677,0.39598007257702916,0.021538461538461538,0.8091372660103733,0.8390015787956123,0.9644049385126197,22.0,3.0,a549+IFNG_SOX2,a549+IFNG,SOX2,False,True,0
a549+IFNG_SP100,0.03899606,0.0069156587,5.6388063,0.98844284,0.25218844,0.8043141790018589,0.25545260777657547,0.9910562967249357,0.9985017550929027,0.9925433697737723,2010,1243,0.7714556455612183,1.2586843967437744,0.6129063367843628,,,,,,,,1.0,0.0,a549+IFNG_SP100,a549+IFNG,SP100,False,True,0
a549+IFNG_SP110,0.044738736,0.029603632,1.5112584,0.98495793,0.34701502,0.7807489032886493,0.396893561388053,0.9881905383292595,0.9946415469656071,0.9935142377110348,2245,929,0.25009486079216003,0.32467028498649597,0.7703041434288025,0.7089057564735413,-0.25781944394111633,0.5307692307692308,-0.22846153846153847,0.8805372996541867,0.942782262572025,0.9339773716700752,20.0,5.0,a549+IFNG_SP110,a549+IFNG,SP110,False,True,0
a549+IFNG_SRC,0.041989982,0.0046491423,9.03177,0.98840904,0.16848662,0.801997610237151,0.1790280998020411,0.9910184462109158,0.9989255189838592,0.9920844220888594,1906,1433,,,,,,,,,,,,,a549+IFNG_SRC,a549+IFNG,SRC,False,True,0
a549+IFNG_STAT1,0.030611057,0.014455844,2.1175559,0.9911622,0.50314605,0.8175573518561043,0.290085885145599,0.9931774930186079,0.9966491376922582,0.996516683211417,2067,1257,0.037530820816755295,0.3030600845813751,0.12383953481912613,0.8035723567008972,0.8533321619033813,0.46153846153846156,0.6978021978021978,0.9261383841739547,0.7963077231237398,1.1630408161067656,13.0,0.0,a549+IFNG_STAT1,a549+IFNG,STAT1,False,True,0
a549+IFNG_STAT2,0.04583959,0.04286036,1.0695101,0.98449296,0.4040768,0.7995929174002318,0.41245017703737186,0.987739481320312,0.9928535826033241,0.994849088150941,2218,939,0.30317065119743347,0.6488674283027649,0.46723049879074097,0.9220466017723083,0.3567808270454407,0.783076923076923,0.22538461538461538,0.9478983557851574,0.9605467792836786,0.9868320588113848,21.0,4.0,a549+IFNG_STAT2,a549+IFNG,STAT2,False,True,0
a549+IFNG_STAT3,0.04085111,0.00880647,4.638761,0.9872329,0.15949297,0.8179940306832582,0.22263884560508646,0.9901548699672127,0.9981427045405546,0.9919973020520961,1983,1281,,,,,,,,,,,,,a549+IFNG_STAT3,a549+IFNG,STAT3,False,True,0
a549+IFNG_TAPBPL,0.054253746,0.047744296,1.1363398,0.9813247,0.41600558,0.7702950425696841,0.4918937407907051,0.9852076969025848,0.9915262831344384,0.9936274142810626,2372,770,0.38234129548072815,0.5040270090103149,0.758573055267334,0.5202679634094238,0.115987628698349,0.43846153846153846,0.2823076923076923,0.864349023452417,0.9755628238140435,0.8860003706098323,20.0,5.0,a549+IFNG_TAPBPL,a549+IFNG,TAPBPL,False,True,0
a549+IFNG_TBX21,0.039650027,0.0071321027,5.559374,0.98825425,0.2468269,0.8036264226531932,0.26863010288969985,0.990919033829931,0.9984914367691332,0.9924161563531234,2047,1225,,,,,,,,,,,,,a549+IFNG_TBX21,a549+IFNG,TBX21,False,False,0
a549+IFNG_TRAFD1,0.038344245,0.005481771,6.9948645,0.9885199,0.21312037,0.8149634474195298,0.23708524491101846,0.9911454479293708,0.998786407440749,0.9923497562096814,1997,1297,,,,,,,,,,,,,a549+IFNG_TRAFD1,a549+IFNG,TRAFD1,False,True,0
a549+IFNG_TSC22D1,0.04264563,0.0077165985,5.52648,0.98771113,0.22877496,0.7972066641029588,0.26055014266076254,0.990481595909481,0.9983587041353713,0.9921099418543036,2052,1197,,,,,,,,,,,,,a549+IFNG_TSC22D1,a549+IFNG,TSC22D1,False,True,0
a549+IFNG_ZC3H3,0.040661167,0.009930457,4.0945916,0.9873803,0.20306697,0.7997390511860422,0.23632750546570633,0.9902358780513166,0.9979066684891287,0.992313118370653,1978,1261,0.7362145185470581,0.6633493304252625,1.1098443269729614,,,,,,,,0.0,1.0,a549+IFNG_ZC3H3,a549+IFNG,ZC3H3,False,True,0
a549+IFNG_ZFP36,0.039949916,0.010763221,3.7117062,0.9878286,0.29012656,0.7871352970521313,0.31687050058015803,0.9905521744514232,0.9978184100618591,0.9927178777850115,2137,1098,0.46166935563087463,0.333323210477829,1.3850501775741577,-0.9666693806648254,0.6747190952301025,-0.5,0.5,0.7216977212585389,0.982328448846693,0.734680668269204,2.0,1.0,a549+IFNG_ZFP36,a549+IFNG,ZFP36,False,True,0
a549+IFNG_ZNF267,0.042179927,0.021653812,1.9479215,0.9865996,0.3771795,0.7832259316248776,0.40503367598577306,0.9895346313976685,0.9959325195049783,0.993575982326102,2219,963,0.07141035795211792,0.35705137252807617,0.20000022649765015,0.8133999109268188,-0.018948175013065338,0.8095238095238096,-0.07142857142857144,0.9302870976831508,0.9360050772979129,0.9938910805577369,8.0,0.0,a549+IFNG_ZNF267,a549+IFNG,ZNF267,False,True,0
a549+IFNG_ZNFX1,0.040945046,0.012670854,3.2314353,0.98719645,0.26871625,0.7968682142378871,0.28897841397176693,0.9900673775121883,0.9974886142713574,0.9925600787287281,2079,1150,1.4917271137237549,1.4487190246582031,1.0296869277954102,1.0,1.0,0.9999999999999999,0.9999999999999999,0.9747316232887185,0.9926561531252599,0.9819428613018636,1.0,1.0,a549+IFNG_ZNFX1,a549+IFNG,ZNFX1,False,True,0
a549+INS_DR1,0.013907095,0.024741389,0.5620984,0.9956839,0.6011177,0.8643643769452402,0.5352847364788403,0.9966128577579552,0.9947627201129229,1.0018598783484993,2525,815,0.12046562880277634,0.28903767466545105,0.4167817533016205,0.7865644097328186,0.7180454730987549,0.6907692307692308,0.6492307692307692,0.8124553296562605,0.7394187900418892,1.0987756067305698,24.0,1.0,a549+INS_DR1,a549+INS,DR1,True,False,0
a549+INS_SREBF2,0.0050284523,0.002769836,1.8154333,0.99882567,0.4377985,0.9127522903440475,0.3669756119012631,0.9990487288990323,0.9993648915989606,0.9996836363748756,2377,1189,,,,,,,,,,,,,a549+INS_SREBF2,a549+INS,SREBF2,True,False,0
a549+TGFB_PRKCA,0.0030721673,0.0021869973,1.4047421,0.99930876,0.47801536,0.9170629560645509,0.386730527540656,0.9994443648747778,0.9995007440034824,0.9999435927096174,2422,1230,,,,,,,,,,,,,a549+TGFB_PRKCA,a549+TGFB,PRKCA,True,False,0
bxpc3+IFNB_PARP12,0.019366123,0.0051855897,3.734604,0.99812967,0.38558874,0.875749977888297,0.36121123077458783,0.9984893953663508,0.9988584206518659,0.9996305529613754,2663,1427,0.09327870607376099,0.2343801110982895,0.3979804813861847,0.9893105030059814,0.669560968875885,0.5636363636363637,0.735064935064935,0.9907853142608549,0.9349310887990561,1.059741542591706,21.0,0.0,bxpc3+IFNB_PARP12,bxpc3+IFNB,PARP12,True,False,0
bxpc3+IFNG_FOXN3,0.018476913,0.006255791,2.9535694,0.9969251,0.3706308,0.9218217672649929,0.31031875414108717,0.9974233184621469,0.9985921460646733,0.9988295245389897,2579,1445,0.09794802963733673,0.2169647514820099,0.4514467418193817,0.6733943223953247,0.8488644957542419,0.9508771929824561,0.8614035087719297,0.7505828990886363,0.5284354337350191,1.4203871488773248,19.0,0.0,bxpc3+IFNG_FOXN3,bxpc3+IFNG,FOXN3,True,False,0
bxpc3+IFNG_KLF4,0.01578712,0.04616991,0.34193528,0.995471,0.80620617,0.8731106823759364,0.7104867824098482,0.9962858104760338,0.9916792756645532,1.0046451861247112,3049,837,0.06734523922204971,0.16804516315460205,0.4007567763328552,0.6909886598587036,0.4802609980106354,0.6525145161591805,0.6107692307692307,0.9107600558591329,0.9125880892682583,0.9979968690906418,24.0,1.0,bxpc3+IFNG_KLF4,bxpc3+IFNG,KLF4,True,False,0
bxpc3+IFNG_PARP12,0.06732625,0.0050667534,13.2878475,0.99423456,0.21150652,0.8138323487097083,0.18348233142714596,0.9946777114061505,0.9988528798813495,0.995820036604695,2345,1709,0.36273184418678284,0.45391353964805603,0.7991210222244263,0.8089008331298828,0.8930894136428833,0.9333333333333332,0.6666666666666667,0.8348806505895944,0.8281228342152087,1.0081604033787932,7.0,2.0,bxpc3+IFNG_PARP12,bxpc3+IFNG,PARP12,True,False,0
bxpc3+IFNG_RUNX1,0.01552723,0.0034510822,4.499235,0.9966391,0.12586935,0.9356763950707123,0.16034915581083217,0.9971756006707032,0.9992195615614277,0.9979544426777129,2457,1786,0.03995343670248985,0.05168120935559273,0.773074746131897,0.9799283742904663,0.46902990341186523,0.9999999999999999,0.49999999999999994,0.9918865435775969,0.9729351831976013,1.019478543593943,4.0,1.0,bxpc3+IFNG_RUNX1,bxpc3+IFNG,RUNX1,True,False,0
bxpc3+IFNG_TBX21,0.020921543,0.0029902009,6.9967017,0.99713516,0.2685231,0.9313438700050491,0.256695512470571,0.9975965819375877,0.999330203736738,0.9982652162491759,2575,1507,0.1491479128599167,0.21662327647209167,0.6885128617286682,0.9759252667427063,0.982150673866272,0.9999999999999999,0.9999999999999999,0.973892659413212,0.8053665161992241,1.2092539729728464,5.0,0.0,bxpc3+IFNG_TBX21,bxpc3+IFNG,TBX21,True,False,0
bxpc3+INS_IRS2,0.007142121,0.0068528564,1.0422108,0.9979706,0.3954547,0.9144604887361812,0.21030984042941553,0.9984631821838923,0.9983946006997996,1.0000686917617991,2411,1893,0.1740630716085434,0.2508403956890106,0.6939195990562439,0.5446138381958008,0.4793945848941803,0.5415384615384615,0.45692307692307693,0.6966150195175812,0.7118088283170717,0.9786546496825373,18.0,7.0,bxpc3+INS_IRS2,bxpc3+INS,IRS2,True,False,0
bxpc3+INS_SREBF2,0.0048128706,0.0035218403,1.3665783,0.9984914,0.3851842,0.9240727874087976,0.25992274199681525,0.9988552971415551,0.9991678068333075,0.9996872300232101,2683,1812,0.18826836347579956,0.19686251878738403,0.9563443660736084,0.24880434572696686,0.15549208223819733,0.049999999999999996,0.33333333333333337,0.5126331170493209,0.5170609180868168,0.9914365969606073,6.0,3.0,bxpc3+INS_SREBF2,bxpc3+INS,SREBF2,True,False,0
bxpc3+TGFB_AKT1,0.023936205,0.006590751,3.631787,0.9923073,0.11121167,0.8667854816471181,0.1675296104171047,0.9941306214121239,0.9984174746969616,0.995706351908415,2039,1452,,,,,,,,,,,,,bxpc3+TGFB_AKT1,bxpc3+TGFB,AKT1,False,True,0
bxpc3+TGFB_ATF2,0.028710943,0.020204194,1.4210387,0.9907812,0.26686448,0.8442264312619658,0.26361159763276765,0.9927075169737981,0.9956181541884895,0.9970765526899579,2087,1281,,,,,,,,,,,,,bxpc3+TGFB_ATF2,bxpc3+TGFB,ATF2,False,True,0
bxpc3+TGFB_CHUK,0.035249785,0.0322297,1.093705,0.98825055,0.31018198,0.8338716867496252,0.2944254370369149,0.9907074940905186,0.9929561619441302,0.997735380533609,2137,1211,0.3616916239261627,0.5651560425758362,0.6399854421615601,0.9227796792984009,0.431410014629364,0.8492153360891689,0.38461538461538464,0.9277487047395044,0.9574465765252946,0.9689822152860289,20.0,5.0,bxpc3+TGFB_CHUK,bxpc3+TGFB,CHUK,False,True,0
bxpc3+TGFB_CREBBP,0.025739996,0.01625312,1.5836958,0.9915372,0.29151887,0.8483692352885187,0.28762477323257085,0.9934377948398532,0.9963073675489545,0.9971197917404135,2115,1272,0.5632219314575195,0.64933842420578,0.8673781156539917,0.9028058648109436,-0.16351008415222168,0.9276336570439174,-0.2571428571428572,0.9547007404151107,0.969831509052156,0.9843985594447916,4.0,2.0,bxpc3+TGFB_CREBBP,bxpc3+TGFB,CREBBP,False,True,0
bxpc3+TGFB_CUL1,0.04367954,0.01869331,2.3366404,0.9888619,0.33622038,0.78568978080889,0.34932020617594833,0.9913394059728324,0.9959861716847976,0.9953345078033515,2280,1097,0.011186082847416401,0.21444492042064667,0.05216296389698982,0.9350173473358154,0.8509104251861572,0.5,1.0,0.9541911976936371,0.8942740055797919,1.0670009323093304,3.0,0.0,bxpc3+TGFB_CUL1,bxpc3+TGFB,CUL1,False,True,0
bxpc3+TGFB_EP300,0.028917441,0.01704646,1.6963897,0.99146354,0.3210456,0.8311602547210998,0.29369690323099584,0.9934132987148186,0.9959901328838879,0.9974127914685178,2150,1239,0.3403145670890808,0.6073151230812073,0.5603591203689575,0.6504684686660767,-0.08361883461475372,0.7999999999999999,0.39999999999999997,0.9016335860822144,0.9684217493820957,0.9310340114289093,4.0,0.0,bxpc3+TGFB_EP300,bxpc3+TGFB,EP300,False,True,0
bxpc3+TGFB_FOS,0.033623572,0.021575378,1.5584233,0.9892665,0.16586009,0.8411827426147576,0.20337481505887958,0.991477846818474,0.9953291172792618,0.9961306562885297,1991,1361,0.2882820665836334,0.2931840717792511,0.9832801222801208,0.09214227646589279,-0.18666023015975952,0.11180339887498948,-0.19999999999999998,0.5398895957934725,0.6647300878341705,0.8121937094084993,4.0,1.0,bxpc3+TGFB_FOS,bxpc3+TGFB,FOS,False,True,0
bxpc3+TGFB_FOXP2,0.030245077,0.012707616,2.3800747,0.9904369,0.15628749,0.8458597922007597,0.2475036619932196,0.9926505861800181,0.9970526332331275,0.9955849401462037,2136,1260,0.04492475092411041,0.17051154375076294,0.26347044110298157,,,,,,,,1.0,0.0,bxpc3+TGFB_FOXP2,bxpc3+TGFB,FOXP2,False,True,0
bxpc3+TGFB_HDAC4,0.054708473,0.052128844,1.0494857,0.9816015,0.21577609,0.8132119049251157,0.3189087482724217,0.9852068337306457,0.989181677244143,0.9959816850585312,2209,1098,0.9309653639793396,0.8231502771377563,1.1309785842895508,0.7089377641677856,-0.4092170000076294,0.49797753252217825,-0.3246153846153846,0.7410688354171824,0.8006031617542321,0.9256381573530115,19.0,6.0,bxpc3+TGFB_HDAC4,bxpc3+TGFB,HDAC4,False,True,0
bxpc3+TGFB_HDAC5,0.023359854,0.0077315574,3.0213647,0.99244493,0.18343881,0.8599103085198836,0.2240010796275171,0.9942223002492075,0.9981829936568141,0.9960320968872685,2088,1360,,,,,,,,,,,,,bxpc3+TGFB_HDAC5,bxpc3+TGFB,HDAC5,False,True,0
bxpc3+TGFB_HRAS,0.01821201,0.0045511904,4.0015926,0.99427855,0.37279013,0.870435929412886,0.32148268707950783,0.9956446126102056,0.9989028599780019,0.996738173952302,2300,1332,,,,,,,,,,,,,bxpc3+TGFB_HRAS,bxpc3+TGFB,HRAS,False,True,0
bxpc3+TGFB_IKBKB,0.07726637,0.111124,0.6953167,0.9744717,0.45206618,0.7907341723501203,0.47430658532113074,0.9787549013432417,0.9792423039108601,0.9995022656132483,2338,872,0.6494974493980408,0.7772368788719177,0.835649311542511,0.7270094752311707,-0.26652342081069946,0.3396831102433787,-0.08538461538461539,0.5850460337029534,0.41136396096394323,1.422210230405268,21.0,4.0,bxpc3+TGFB_IKBKB,bxpc3+TGFB,IKBKB,False,True,0
bxpc3+TGFB_IRF7,0.022772517,0.008282267,2.7495513,0.9927569,0.2170517,0.8670603045271226,0.24550866235674215,0.994459648196845,0.9980225333146162,0.9964300554357843,2096,1363,,,,,,,,,,,,,bxpc3+TGFB_IRF7,bxpc3+TGFB,IRF7,False,True,0
bxpc3+TGFB_JUN,0.022389425,0.012728321,1.7590241,0.9928417,0.32094187,0.8628669339911009,0.261635278537702,0.9945054037612296,0.9969353722082298,0.9975625617118813,2127,1362,0.1470092535018921,0.38100147247314453,0.38584956526756287,0.8915197253227234,0.8386342525482178,0.9369749612033815,0.9285714285714288,0.9348579689624661,0.8800594412546884,1.0622668482820345,7.0,0.0,bxpc3+TGFB_JUN,bxpc3+TGFB,JUN,False,True,0
bxpc3+TGFB_KRAS,0.020119235,0.0053706416,3.7461512,0.99355924,0.26836348,0.8695797650352105,0.2730658289031263,0.9951025376585174,0.9987028849607659,0.9963949765676406,2229,1335,,,,,,,,,,,,,bxpc3+TGFB_KRAS,bxpc3+TGFB,KRAS,False,True,0
bxpc3+TGFB_MAP3K7,0.020758417,0.0064041014,3.2414253,0.9933078,0.24426562,0.8727199907966717,0.2316447197890975,0.9949071188462558,0.9984751314425528,0.9964265383443831,2121,1399,,,,,,,,,,,,,bxpc3+TGFB_MAP3K7,bxpc3+TGFB,MAP3K7,False,True,0
bxpc3+TGFB_MAPK1,0.02751976,0.016225342,1.6960975,0.9912087,0.24584161,0.8538710396339603,0.24265295984768429,0.9932583636408427,0.9960860310547248,0.9971612216959935,2065,1372,0.40479570627212524,0.6271322965621948,0.6454709768295288,0.8467305898666382,0.5632396936416626,0.9176470588235294,0.16764705882352943,0.9237009830289812,0.9000464327035366,1.0262814777837534,14.0,2.0,bxpc3+TGFB_MAPK1,bxpc3+TGFB,MAPK1,False,True,0
bxpc3+TGFB_MAPK3,0.031821772,0.01273535,2.4986963,0.989779,0.015711898,0.8595420735204532,0.11262865170362489,0.9921264302087167,0.9970006856005849,0.9951110812035882,1887,1521,,,,,,,,,,,,,bxpc3+TGFB_MAPK3,bxpc3+TGFB,MAPK3,False,True,0
bxpc3+TGFB_MAPK14,0.030136941,0.010091201,2.986457,0.9904362,0.0161982,0.8636491328732083,0.16862490872447827,0.992718218847656,0.9975594635153208,0.995146911192036,2091,1436,1.4616950750350952,0.901439368724823,1.6215124130249023,-0.32766905426979065,-0.7236106395721436,0.0,-0.39999999999999997,0.5898110092251956,0.6981269333164614,0.8448478078668166,1.0,3.0,bxpc3+TGFB_MAPK14,bxpc3+TGFB,MAPK14,False,True,0
bxpc3+TGFB_MED15,0.04191882,0.03898655,1.0752125,0.98614526,0.2673074,0.8247774854034036,0.31392127917743895,0.9889282401447157,0.9920053787304907,0.9968980625995064,2191,1142,0.2799288332462311,0.3354129493236542,0.8345797061920166,0.9096623659133911,0.07745178788900375,0.46856099908779425,-0.06923076923076923,0.8473560992712607,0.8270238474929384,1.0245848433995681,19.0,6.0,bxpc3+TGFB_MED15,bxpc3+TGFB,MED15,False,True,0
bxpc3+TGFB_MYC,0.02763652,0.010072622,2.7437265,0.99122226,0.0815427,0.8646161054538108,0.15337885949640673,0.9932611493217547,0.9976768444448572,0.9955740226430138,1966,1480,,,,,,,,,,,,,bxpc3+TGFB_MYC,bxpc3+TGFB,MYC,False,True,0
bxpc3+TGFB_NFKB1,0.031353205,0.015661243,2.0019615,0.99014425,0.19950007,0.830720947256051,0.2383011109898232,0.9924049883549118,0.9963709234965006,0.9960196197539853,2118,1303,0.7843728065490723,0.6241929531097412,1.2566190958023071,0.8284511566162109,-0.18674932420253754,0.942857142857143,-0.08571428571428573,0.90146958053628,0.9617195396199236,0.9373518405298756,4.0,2.0,bxpc3+TGFB_NFKB1,bxpc3+TGFB,NFKB1,False,True,0
bxpc3+TGFB_NRAS,0.042905368,0.04438491,0.9666656,0.9854332,0.32072324,0.8170376636101442,0.358474342612303,0.9882528382865201,0.9906717106167087,0.9975583512638281,2259,1051,0.20844317972660065,0.3458017408847809,0.6027823090553284,0.49987614154815674,-0.03314550966024399,0.38222631401854723,-0.16923076923076924,0.7010979480130112,0.7118341267858854,0.984917583508744,22.0,3.0,bxpc3+TGFB_NRAS,bxpc3+TGFB,NRAS,False,True,0
bxpc3+TGFB_PAK1,0.024418376,0.005270057,4.633418,0.992323,0.06494607,0.8715564872957501,0.15615022368566614,0.9941657643004447,0.9987286843094763,0.9954312716949886,2102,1495,,,,,,,,,,,,,bxpc3+TGFB_PAK1,bxpc3+TGFB,PAK1,False,True,0
bxpc3+TGFB_PIK3CA,0.026183771,0.014770058,1.7727602,0.99139756,0.25698397,0.8476398498917617,0.2708701465946668,0.9933191056411351,0.9966790694013933,0.9966288408541817,2134,1253,1.6007766723632812,1.4735019207000732,1.0863757133483887,,,,,,,,0.0,1.0,bxpc3+TGFB_PIK3CA,bxpc3+TGFB,PIK3CA,False,True,0
bxpc3+TGFB_PPP2CA,0.022911752,0.008637692,2.6525316,0.99263614,0.25700137,0.8510564974635373,0.25989071695676663,0.9943588405397314,0.9979678680398926,0.9963836235456662,2127,1333,0.8511252403259277,1.7746731042861938,0.47959551215171814,,,,,,,,1.0,0.0,bxpc3+TGFB_PPP2CA,bxpc3+TGFB,PPP2CA,False,True,0
bxpc3+TGFB_PRKCA,0.024853896,0.0072229425,3.4409657,0.9922921,0.18964317,0.8491421551312676,0.24320733534759742,0.9941101166206415,0.9983004764779345,0.9958025064036062,2146,1346,,,,,,,,,,,,,bxpc3+TGFB_PRKCA,bxpc3+TGFB,PRKCA,False,False,0
bxpc3+TGFB_RAF1,0.031516925,0.02158657,1.4600246,0.9899106,0.21895069,0.8447445825980314,0.21340460495065966,0.9920514560578306,0.9953772165228958,0.9966587938624084,2022,1326,0.25439924001693726,0.3284372389316559,0.774574875831604,0.8474591374397278,0.021770432591438293,0.7489405802225289,0.32647058823529407,0.9122731432683691,0.9024998626244443,1.0108291214754364,13.0,3.0,bxpc3+TGFB_RAF1,bxpc3+TGFB,RAF1,False,True,0
bxpc3+TGFB_RBL1,0.032631975,0.03176317,1.0273526,0.9891392,0.35612053,0.8312614837698232,0.3674164797015217,0.9913097573135544,0.9931269137110076,0.9981702676945255,2234,1116,0.44492122530937195,0.4614822268486023,0.9641134738922119,0.742487370967865,-0.20133273303508759,0.46503533374918954,-0.06846153846153846,0.8125808365437655,0.8109211300565251,1.0020466928604075,23.0,2.0,bxpc3+TGFB_RBL1,bxpc3+TGFB,RBL1,False,True,0
bxpc3+TGFB_RBX1,0.0274096,0.010726849,2.5552332,0.9920206,0.2858542,0.8238309490853291,0.29543973590312494,0.9938574778330849,0.9975331004056252,0.9963152876119643,2183,1222,,,,,,,,,,,,,bxpc3+TGFB_RBX1,bxpc3+TGFB,RBX1,False,True,0
bxpc3+TGFB_RELA,0.018488787,0.0070946715,2.6060104,0.9940719,0.36288393,0.8671903682358252,0.27780512472081625,0.9954766872394057,0.9982961694187112,0.9971757057016984,2124,1356,0.003203476080670953,0.8946701288223267,0.0035806226078420877,,,,,,,,1.0,0.0,bxpc3+TGFB_RELA,bxpc3+TGFB,RELA,False,True,0
bxpc3+TGFB_RHOA,0.03900063,0.032294355,1.2076609,0.987365,0.3450357,0.8003150197675853,0.3670301624762228,0.990065010132107,0.9930330987498122,0.9970110879270371,2304,1040,0.3488890528678894,0.4996670186519623,0.6982430815696716,0.8805384039878845,0.23643764853477478,0.2862232054454845,0.23307692307692307,0.8817434872164904,0.896718250433666,0.983300481271644,21.0,4.0,bxpc3+TGFB_RHOA,bxpc3+TGFB,RHOA,False,True,0
bxpc3+TGFB_RPS6KB1,0.021587247,0.0062239524,3.4684145,0.99302053,0.22464553,0.8610950400141386,0.23983060630975525,0.9946836483096277,0.9985244159364919,0.996153556622587,2114,1422,,,,,,,,,,,,,bxpc3+TGFB_RPS6KB1,bxpc3+TGFB,RPS6KB1,False,True,0
bxpc3+TGFB_RUNX1,0.023798212,0.0059772525,3.9814634,0.9923547,0.10506938,0.8706786659120983,0.1779496133768658,0.994190333356699,0.9985752956602123,0.9956087815084449,2124,1473,,,,,,,,,,,,,bxpc3+TGFB_RUNX1,bxpc3+TGFB,RUNX1,False,False,0
bxpc3+TGFB_RUNX2,0.024832927,0.012667557,1.9603564,0.9918841,0.26249593,0.8438061216676281,0.30026350965767107,0.9937231286329201,0.9971444547827771,0.99656887612076,2158,1254,,,,,,,,,,,,,bxpc3+TGFB_RUNX2,bxpc3+TGFB,RUNX2,False,True,0
bxpc3+TGFB_RUNX3,0.028707199,0.010396428,2.7612557,0.99070764,0.050508674,0.867359234219051,0.16071589058254074,0.9928642792336813,0.9975924670912627,0.9952604014028217,2008,1420,0.2829277217388153,0.6020517945289612,0.4699391722679138,1.0,1.0,0.9999999999999999,0.9999999999999999,0.9580393727111154,0.9980048190581697,0.9599546559456794,1.0,1.0,bxpc3+TGFB_RUNX3,bxpc3+TGFB,RUNX3,False,True,0
bxpc3+TGFB_SKP1,0.21592993,0.31405914,0.6875454,0.9238577,0.5044258,0.7416676327206793,0.51061424644158,0.936165519196272,0.9353361957695145,1.0008866581134233,2008,582,1.7126938104629517,2.3560192584991455,0.7269439101219177,0.7852582335472107,-0.08243902772665024,0.6676195905945397,0.03230769230769231,0.7020887082973294,0.7139697379958001,0.9833591970833074,23.0,2.0,bxpc3+TGFB_SKP1,bxpc3+TGFB,SKP1,False,False,0
bxpc3+TGFB_SMAD1,0.020567907,0.008168025,2.5181005,0.9933448,0.3027294,0.8558885045817566,0.28426580676800456,0.9948909457001774,0.9980981342243874,0.9967867002108943,2134,1323,,,,,,,,,,,,,bxpc3+TGFB_SMAD1,bxpc3+TGFB,SMAD1,False,False,0
bxpc3+TGFB_SMAD2,0.021365693,0.0056200414,3.8016968,0.99314994,0.20569207,0.8713319835087442,0.26796145161659135,0.9947929728818357,0.9986431687781586,0.9961445729398684,2214,1346,,,,,,,,,,,,,bxpc3+TGFB_SMAD2,bxpc3+TGFB,SMAD2,False,True,0
bxpc3+TGFB_SMAD3,0.018792132,0.0096384175,1.9497113,0.9940208,0.395925,0.8663845854262113,0.3066765898843452,0.9954452551589866,0.9976718288757,0.9977682303416119,2145,1315,0.7524023056030273,1.4924873113632202,0.5041264295578003,,,,,,,,1.0,0.0,bxpc3+TGFB_SMAD3,bxpc3+TGFB,SMAD3,False,True,0
bxpc3+TGFB_SMAD4,0.025602091,0.010486436,2.4414482,0.9917621,0.18132037,0.8490463329517512,0.22036184818326254,0.9936541752370348,0.9975484563574194,0.9960961484170857,2074,1353,,,,,,,,,,,,,bxpc3+TGFB_SMAD4,bxpc3+TGFB,SMAD4,False,True,0
bxpc3+TGFB_SMAD5,0.04241601,0.037671704,1.1259382,0.9870724,0.23903668,0.837533057430958,0.27637282618984305,0.98960491517655,0.99309938314016,0.996481250494225,2087,1254,0.6258079409599304,0.43317899107933044,1.444686770439148,0.6500580310821533,-0.47894442081451416,0.6686646347021027,0.022307692307692306,0.7134372683453665,0.8115934248842508,0.87905747689752,17.0,8.0,bxpc3+TGFB_SMAD5,bxpc3+TGFB,SMAD5,False,True,0
bxpc3+TGFB_SMAD6,0.023392031,0.006327861,3.6966727,0.9926439,0.18191554,0.8598540914479523,0.23466941425564086,0.9943944271096191,0.9984901774398112,0.9958980564629151,2121,1378,,,,,,,,,,,,,bxpc3+TGFB_SMAD6,bxpc3+TGFB,SMAD6,False,True,0
bxpc3+TGFB_SMAD7,0.029680703,0.018867286,1.5731305,0.9904531,0.21796426,0.8478891236425187,0.2518734523813457,0.9924676613794556,0.9958335832090908,0.9966199956635441,2064,1307,0.1842413693666458,0.28211989998817444,0.6530604958534241,0.9096337556838989,0.1200094223022461,0.6970505964417754,0.12967032967032965,0.9029122865502249,0.8658721213479365,1.0427778701832167,12.0,2.0,bxpc3+TGFB_SMAD7,bxpc3+TGFB,SMAD7,False,True,0
bxpc3+TGFB_SMAD9,0.021773882,0.0066054026,3.2963748,0.99295497,0.21611701,0.8667803584908388,0.2399701777539075,0.9946299119402575,0.998431442515218,0.9961924971379269,2163,1379,,,,,,,,,,,,,bxpc3+TGFB_SMAD9,bxpc3+TGFB,SMAD9,False,True,0
bxpc3+TGFB_SMURF1,0.035781346,0.009862219,3.6281233,0.9888892,-0.17586292,0.873570558645628,0.039413398379574534,0.991560688003321,0.9976390001361438,0.9939073030104142,1944,1615,0.6678119897842407,0.6161398887634277,1.0838642120361328,0.8756771683692932,-0.2169341742992401,0.7,-0.3,0.9326458216012411,0.9545507631251063,0.977052093644396,2.0,3.0,bxpc3+TGFB_SMURF1,bxpc3+TGFB,SMURF1,False,True,0
bxpc3+TGFB_SMURF2,0.027975915,0.0068844575,4.063634,0.99146676,0.00038506836,0.8679205265267832,0.09868225953941692,0.993493337085238,0.9983728961934616,0.9951124884030526,1940,1571,0.8480671048164368,1.2004033327102661,0.7064851522445679,,,,,,,,1.0,0.0,bxpc3+TGFB_SMURF2,bxpc3+TGFB,SMURF2,False,True,0
bxpc3+TGFB_SP1,0.027946223,0.0084970975,3.288914,0.99113464,0.054407313,0.8553259616770653,0.16039339651969983,0.9932223800688856,0.9979638768804722,0.995248829219743,2039,1431,,,,,,,,,,,,,bxpc3+TGFB_SP1,bxpc3+TGFB,SP1,False,True,0
bxpc3+TGFB_TGFBR1,0.018637324,0.02609775,0.7141353,0.99413145,0.60302335,0.8694871188901908,0.4306005730304236,0.9955378595782636,0.9937074951036339,1.001841954985394,2342,1152,0.28090211749076843,0.9493370652198792,0.2958929240703583,0.8184489607810974,0.842911422252655,0.6507692307692308,0.883076923076923,0.9476297816534645,0.8919742543005933,1.062395889886431,24.0,1.0,bxpc3+TGFB_TGFBR1,bxpc3+TGFB,TGFBR1,False,True,0
bxpc3+TGFB_TGFBR2,0.015137665,0.022931516,0.6601249,0.9951765,0.6503148,0.8657839572171958,0.43304943674628593,0.9963382544320437,0.9944618369664956,1.0018868672439678,2301,1200,0.1372130662202835,0.7223853468894958,0.18994441628456116,0.9466546773910522,0.9003613591194153,0.9207692307692308,0.9446153846153846,0.977648930625741,0.8912814522579109,1.096902586886592,25.0,0.0,bxpc3+TGFB_TGFBR2,bxpc3+TGFB,TGFBR2,False,True,0
bxpc3+TGFB_TGFBR3,0.027849395,0.013548026,2.0556054,0.9910515,0.15829441,0.8581879556289433,0.22536191610885606,0.9929730964853248,0.9969181138650027,0.99604278694026,2035,1352,1.8603993654251099,1.112280249595642,1.6725994348526,1.0,-1.0,0.9999999999999999,-0.9999999999999999,0.9989033397004751,0.9737316158367506,1.0258507821398957,1.0,1.0,bxpc3+TGFB_TGFBR3,bxpc3+TGFB,TGFBR3,False,True,0
bxpc3+TGFB_TGIF1,0.03898429,0.03672562,1.0615011,0.9881948,0.30833858,0.8336815114997013,0.2677699488697896,0.9904704153955527,0.9922900986699382,0.9981661781400171,2048,1287,0.2871842384338379,0.6135218143463135,0.46809133887290955,0.9379333257675171,0.6710468530654907,0.8232196682094501,0.5069230769230769,0.8974544028893524,0.870980341306306,1.0303957050779589,24.0,1.0,bxpc3+TGFB_TGIF1,bxpc3+TGFB,TGIF1,False,True,0
bxpc3+TNFA_CASP3,0.020971106,0.060327113,0.34762323,0.99273115,0.78964484,0.8359020208734117,0.7713311639834961,0.9940223340343137,0.9896012728141371,1.0044675177181255,3199,615,0.06744065135717392,0.16858695447444916,0.4000348150730133,0.29012706875801086,0.4175911843776703,0.3636804098898118,0.4684615384615385,0.8172639854122713,0.850820196872571,0.9605601611437469,25.0,0.0,bxpc3+TNFA_CASP3,bxpc3+TNFA,CASP3,True,False,0
bxpc3+TNFA_IKBKE,0.0050305915,0.0057006553,0.88245845,0.99839306,0.46848547,0.9137386775341819,0.38235102966791323,0.9987619326902454,0.9986556883927759,1.000106387315172,2564,1316,0.04435255378484726,0.10166038572788239,0.43628159165382385,0.7200000286102295,0.6744314432144165,0.5204847182258577,0.7,0.8352004057414825,0.8378742606309908,0.996808763539896,23.0,2.0,bxpc3+TNFA_IKBKE,bxpc3+TNFA,IKBKE,True,False,0
bxpc3+TNFA_MAP2K3,0.0074413656,0.0084671145,0.878855,0.99759614,0.40900224,0.9210856069931064,0.3579481233883965,0.998158407969653,0.9979126149485045,1.0002463071590304,2506,1414,0.09117746353149414,0.12904790043830872,0.7065396904945374,0.7916082143783569,0.4087989032268524,0.8818181818181818,0.6168831168831169,0.815717342291016,0.7803053496728055,1.0453822245779287,18.0,3.0,bxpc3+TNFA_MAP2K3,bxpc3+TNFA,MAP2K3,True,False,0
hap1+IFNB_PARP12,0.023893787,0.0028566634,8.364229,0.99808365,0.24367735,0.8071552010061677,0.2639992913455162,0.9983366268255759,0.999302078435376,0.9990338741101072,2493,1476,1.5247477293014526,2.3907294273376465,0.6377751231193542,,,,,,,,1.0,0.0,hap1+IFNB_PARP12,hap1+IFNB,PARP12,True,False,0
hap1+IFNG_ATF3,0.07975283,0.007372886,10.817044,0.9769268,0.10235474,0.7619365373510785,0.1811306419752031,0.9819041136281644,0.9982022487062924,0.9836725121594838,1944,1294,0.35338035225868225,0.8505833745002747,0.4154564440250397,,,,,,,,1.0,0.0,hap1+IFNG_ATF3,hap1+IFNG,ATF3,False,True,0
hap1+IFNG_ATF5,0.074210614,0.039749768,1.8669446,0.97190565,0.3846693,0.7553344196020687,0.42321062134479553,0.9774542041628014,0.9931993140599078,0.9841470793684451,2202,924,0.5661147236824036,0.6409409046173096,0.8832557201385498,0.5181465148925781,0.4125838875770569,0.45307692307692304,0.28615384615384615,0.8586735755377178,0.9436959787579761,0.9099048791834861,15.0,10.0,hap1+IFNG_ATF5,hap1+IFNG,ATF5,False,True,0
hap1+IFNG_BATF2,0.088520505,0.0054087513,16.366163,0.97836983,0.111055925,0.7482183200369893,0.12515470064570072,0.9830285027346242,0.9986278814968061,0.9843791876321332,1912,1461,0.4753172993659973,0.34853336215019226,1.3637641668319702,1.0,-1.0,0.9999999999999999,-0.9999999999999999,0.9999670026281795,0.9780624431539001,1.0223958701487863,1.0,1.0,hap1+IFNG_BATF2,hap1+IFNG,BATF2,False,True,0
hap1+IFNG_CEBPB,0.072666556,0.021381611,3.3985538,0.97554934,0.319319,0.749885149987529,0.35191154038232275,0.9805734849596567,0.9957430410188564,0.9847655916895206,2116,1061,0.36222752928733826,0.5526854395866394,0.6553954482078552,0.6070510745048523,-0.5084472298622131,0.7142857142857143,-0.4285714285714286,0.9117966486127395,0.9914702328304094,0.9196409719833737,5.0,1.0,hap1+IFNG_CEBPB,hap1+IFNG,CEBPB,False,True,0
hap1+IFNG_CEBPE,0.07570218,0.011279386,6.711552,0.9766967,0.278137,0.7478677554047192,0.3164446429891643,0.9816435923110631,0.9977083541808974,0.9838983388256549,2115,1107,,,,,,,,,,,,,hap1+IFNG_CEBPE,hap1+IFNG,CEBPE,False,True,0
hap1+IFNG_CLK1,0.090974316,0.12200325,0.7456713,0.95888305,0.5338011,0.7235752744894799,0.5367350546057795,0.9661877821056831,0.9808723772194028,0.9850290461279501,2314,747,0.5097891688346863,0.9071398973464966,0.5619741678237915,0.302039235830307,0.11042723059654236,0.3561538461538461,0.13615384615384615,0.8128263879294975,0.9449790130843893,0.8601528464388338,21.0,4.0,hap1+IFNG_CLK1,hap1+IFNG,CLK1,False,True,0
hap1+IFNG_CUL1,0.10547468,0.18811855,0.560682,0.94660586,0.6167476,0.7001114819189377,0.5963357667998569,0.9557272443391194,0.9702689016470654,0.9850127554503076,2300,569,0.7196325659751892,1.3497122526168823,0.5331748127937317,0.6429494023323059,0.01573001965880394,0.5595720842478672,0.06307692307692309,0.8857698726811404,0.9124274147811394,0.9707839312276766,22.0,3.0,hap1+IFNG_CUL1,hap1+IFNG,CUL1,False,True,0
hap1+IFNG_EHF,0.07913436,0.057653833,1.3725775,0.96927404,0.34424624,0.7730495957195498,0.3886170966861295,0.9750767915189584,0.991040958754566,0.9838915161935692,2095,996,0.4261051118373871,0.5531737208366394,0.7702916860580444,0.8379396200180054,-0.2327335923910141,0.7361538461538463,-0.2453846153846154,0.9265745304759255,0.925253677182202,1.001427558005223,20.0,5.0,hap1+IFNG_EHF,hap1+IFNG,EHF,False,True,0
hap1+IFNG_ETV7,0.07621057,0.004408447,17.287397,0.9789925,0.1443682,0.7712400977742232,0.15971317360875686,0.9836118261766752,0.9988854058334278,0.9847093775046108,1914,1364,,,,,,,,,,,,,hap1+IFNG_ETV7,hap1+IFNG,ETV7,False,True,0
hap1+IFNG_FBXO6,0.092433915,0.0168216,5.4949536,0.97491324,0.2966614,0.7200648533161698,0.3314718335085084,0.9800422557402325,0.996357389100868,0.9836252196861223,2117,1048,0.37884020805358887,0.5743038058280945,0.6596512198448181,0.43650272488594055,-0.8158906698226929,0.6000000000000001,-0.39999999999999997,0.7487406260393593,0.9798697613685721,0.7641225962454464,3.0,1.0,hap1+IFNG_FBXO6,hap1+IFNG,FBXO6,False,True,0
hap1+IFNG_FMNL2,0.08382603,0.015641369,5.3592515,0.97532237,0.29372674,0.7454188125914497,0.3562977970661072,0.9804523140727059,0.996778462114741,0.9836210866681471,2145,1037,0.1196276992559433,1.0653362274169922,0.11229103058576584,1.0,1.0,0.9999999999999999,0.9999999999999999,0.9932009086528977,0.9941847183541106,0.9990104357036974,2.0,0.0,hap1+IFNG_FMNL2,hap1+IFNG,FMNL2,False,True,0
hap1+IFNG_FOXN3,0.08326807,0.0076607047,10.869505,0.97755945,0.2071591,0.7396055392329329,0.25050161674082716,0.9823237509530587,0.9981948260542798,0.9841002230356601,2022,1223,,,,,,,,,,,,,hap1+IFNG_FOXN3,hap1+IFNG,FOXN3,False,False,0
hap1+IFNG_GUK1,0.06996217,0.036592085,1.9119483,0.97305495,0.35736102,0.763090372016011,0.3974707347888427,0.9784348553915392,0.9940869343958805,0.9842548187057168,2119,1027,0.657580554485321,0.4904017746448517,1.3409016132354736,0.7054844498634338,0.2910175025463104,0.5281785056349613,0.0007692307692307692,0.8440453872261455,0.940600073316554,0.8973477795403982,13.0,12.0,hap1+IFNG_GUK1,hap1+IFNG,GUK1,False,True,0
hap1+IFNG_HLA-DQB1,0.07919985,0.014089438,5.6212215,0.9756078,0.21143053,0.7576999349110216,0.28361327856212687,0.9807011939269938,0.9968878311948297,0.9837628299179505,2093,1095,,,,,,,,,,,,,hap1+IFNG_HLA-DQB1,hap1+IFNG,HLA-DQB1,False,True,0
hap1+IFNG_HLX,0.078490384,0.05363212,1.4634957,0.97069573,0.43511504,0.7360764705926235,0.44951428934922594,0.9763319190108208,0.9897391418140898,0.9864537813683968,2234,860,0.6894081234931946,0.8929212093353271,0.7720816731452942,0.8250980973243713,0.18898823857307434,0.4976923076923077,0.21384615384615382,0.8736136213516531,0.8933831154580525,0.9778712024389858,20.0,5.0,hap1+IFNG_HLX,hap1+IFNG,HLX,False,True,0
hap1+IFNG_IFI16,0.085269384,0.11018525,0.773873,0.96192193,0.54003316,0.7276286886829775,0.5420276800813236,0.9688099625707484,0.9830246900668841,0.9855398062329761,2312,724,0.7788522839546204,1.1920320987701416,0.6533819437026978,0.23010686039924622,0.3505978584289551,0.41692307692307695,0.06846153846153846,0.769444596826723,0.9467267551732634,0.8127420003947227,17.0,8.0,hap1+IFNG_IFI16,hap1+IFNG,IFI16,False,True,0
hap1+IFNG_IFNGR1,0.03785069,0.053100508,0.7128122,0.9865627,0.70440656,0.7755089579012501,0.39467874698842537,0.9892137703862772,0.9878635490837901,1.0013668095191277,2099,1056,0.5453916192054749,2.2349274158477783,0.24403102695941925,0.7885525822639465,0.692621648311615,0.733076923076923,0.536923076923077,0.9522913297467732,0.9734466495244801,0.9782676125208905,25.0,0.0,hap1+IFNG_IFNGR1,hap1+IFNG,IFNGR1,False,True,0
hap1+IFNG_IFNGR2,0.036474977,0.035078928,1.0397973,0.9908911,0.7321048,0.7846579109971655,0.3168569023479258,0.9928816590420559,0.9910868417926663,1.0018109586099875,2056,1249,0.5668750405311584,1.3090388774871826,0.43304675817489624,0.8617392182350159,0.9327498078346252,0.8176923076923077,0.93,0.9564647338444384,0.9373370473125687,1.0204064125990864,24.0,1.0,hap1+IFNG_IFNGR2,hap1+IFNG,IFNGR2,False,True,0
hap1+IFNG_IRF1,0.07999412,0.01643654,4.8668466,0.97534955,0.16042797,0.7644808817119862,0.1974977869374422,0.9807113416700444,0.9959179653276964,0.9847310479506729,1935,1359,1.7934808731079102,0.9030718803405762,1.9859780073165894,0.04618863761425018,0.024750227108597755,0.13384615384615384,0.27615384615384614,0.637949070821241,0.8872834695420706,0.7189912724853177,17.0,8.0,hap1+IFNG_IRF1,hap1+IFNG,IRF1,False,True,0
hap1+IFNG_IRF2,0.07891672,0.05988704,1.3177596,0.96874154,0.38975245,0.7640138571284151,0.4247597372985366,0.9745504562551525,0.9896017661700138,0.9847905385485382,2161,905,0.5128320455551147,0.5895304083824158,0.8698992133140564,0.6846681237220764,-0.05069650337100029,0.5784211122279193,0.052307692307692305,0.8911093125523257,0.9501483762634588,0.9378633219968134,19.0,6.0,hap1+IFNG_IRF2,hap1+IFNG,IRF2,False,True,0
hap1+IFNG_IRF5,0.088787235,0.0050313408,17.646833,0.9776278,0.13435698,0.7465737950297392,0.16913107176835646,0.9824152369242645,0.9987442592842385,0.983650446840439,1950,1350,,,,,,,,,,,,,hap1+IFNG_IRF5,hap1+IFNG,IRF5,False,True,0
hap1+IFNG_IRF7,0.07353535,0.016936645,4.3417897,0.97538245,0.2510599,0.7622734245105175,0.30803677618341796,0.9805166732510168,0.9965240598897327,0.9839367785656001,2093,1078,,,,,,,,,,,,,hap1+IFNG_IRF7,hap1+IFNG,IRF7,False,True,0
hap1+IFNG_IRF9,0.073862635,0.03259419,2.266129,0.97390425,0.3616392,0.7553639566809124,0.37857603098936415,0.9791130937527622,0.9936240365983964,0.9853959422164229,2130,984,0.1763318032026291,0.48261138796806335,0.36537015438079834,0.6581028699874878,0.5549654364585876,0.5766493663123138,0.1376923076923077,0.8310696216528463,0.9396379856954182,0.8844572423684836,23.0,2.0,hap1+IFNG_IRF9,hap1+IFNG,IRF9,False,True,0
hap1+IFNG_JAK1,0.04618887,0.020096412,2.298364,0.9880787,0.67344695,0.7802287246293835,0.3179979700069212,0.9906689755752601,0.9949820305335579,0.9956651931131008,2075,1208,0.7674820423126221,1.104443907737732,0.6949036121368408,0.48522472381591797,0.8065510392189026,0.4776923076923077,0.576923076923077,0.8641025628261068,0.9661776960379479,0.8943515942973786,25.0,0.0,hap1+IFNG_JAK1,hap1+IFNG,JAK1,False,True,0
hap1+IFNG_JAK2,0.037755195,0.039433807,0.95743215,0.9885142,0.7068672,0.7924266397163249,0.3475566659380255,0.990906636454576,0.9904287510940208,1.000482503521861,2074,1121,0.777615487575531,1.72648024559021,0.450405091047287,0.7355047464370728,0.8498362898826599,0.6961538461538461,0.5684615384615384,0.9441572728449994,0.9705607471279536,0.9727956499775142,25.0,0.0,hap1+IFNG_JAK2,hap1+IFNG,JAK2,False,True,0
hap1+IFNG_JUN,0.07629281,0.0076087313,10.027008,0.97758836,0.18205658,0.7564064216307912,0.23960624370482742,0.9823997226233888,0.9982147028748273,0.9841567348127694,2003,1225,,,,,,,,,,,,,hap1+IFNG_JUN,hap1+IFNG,JUN,False,True,0
hap1+IFNG_KIN,0.10994807,0.17598829,0.6247465,0.9484725,0.5635134,0.7115236465176537,0.5600972509857817,0.9572461247623253,0.9699158911193213,0.9869372525257065,2293,613,0.5200694799423218,1.5185719728469849,0.34247273206710815,0.43049025535583496,0.5936086773872375,0.4053155556240319,0.3069230769230769,0.8116292178171337,0.8777920771045769,0.9246258185586691,25.0,0.0,hap1+IFNG_KIN,hap1+IFNG,KIN,False,True,0
hap1+IFNG_KLF4,0.07453736,0.022056216,3.3794265,0.9744876,0.2932403,0.7544184071831067,0.3331399247828079,0.9797475784944165,0.9956790537433478,0.9839993869620584,2099,1079,0.6702412366867065,0.4364548623561859,1.5356484651565552,0.7079503536224365,-0.09062448143959045,0.7,-0.3,0.923117350500971,0.9610593239180624,0.9605206749751837,2.0,3.0,hap1+IFNG_KLF4,hap1+IFNG,KLF4,False,False,0
hap1+IFNG_MAFB,0.07204439,0.011380133,6.3307157,0.97746533,0.23601279,0.7641467031898326,0.27512019418608197,0.9822270074834106,0.9974764285245132,0.9847119985946337,2031,1145,,,,,,,,,,,,,hap1+IFNG_MAFB,hap1+IFNG,MAFB,False,True,0
hap1+IFNG_MAFF,0.076646276,0.005726481,13.384534,0.97895193,0.17966686,0.758312239458298,0.17807180693577662,0.9835310416960119,0.998566346653298,0.9849431086800822,1933,1345,,,,,,,,,,,,,hap1+IFNG_MAFF,hap1+IFNG,MAFF,False,True,0
hap1+IFNG_MCRS1,0.09468335,0.18508911,0.5115555,0.95222867,0.64461213,0.7033181788980026,0.6089178217231558,0.9605850253740077,0.9745664332409147,0.9856537149341251,2382,595,0.5164322257041931,1.1470705270767212,0.4502183794975281,0.537001371383667,0.20611318945884705,0.39630021201488,-0.003076923076923077,0.816610095204762,0.9117510505399069,0.8956502926113376,21.0,4.0,hap1+IFNG_MCRS1,hap1+IFNG,MCRS1,False,True,0
hap1+IFNG_MYC,0.07925717,0.0065814285,12.042548,0.9777111,0.1509307,0.7574627405229095,0.19565573953166038,0.9825188914898236,0.9984064004767675,0.9840871322746357,1974,1276,,,,,,,,,,,,,hap1+IFNG_MYC,hap1+IFNG,MYC,False,True,0
hap1+IFNG_NFKB1,0.07628389,0.052810766,1.444476,0.9701542,0.44094217,0.746522975166134,0.4844325608117721,0.975960605530264,0.9910715996744696,0.9847528734057469,2269,809,0.35269972681999207,0.6463285684585571,0.5456972718238831,0.7545258402824402,0.33713704347610474,0.4123076923076923,0.2069230769230769,0.924501575060001,0.9663043753856972,0.9567395104580678,22.0,3.0,hap1+IFNG_NFKB1,hap1+IFNG,NFKB1,False,True,0
hap1+IFNG_PARP12,0.14075905,0.008254157,17.05311,0.97350883,0.23906593,0.6673529944253119,0.29370994362428804,0.9786252034399204,0.9980669055648493,0.9805206424373665,2112,1107,0.09358697384595871,2.4168412685394287,0.038722846657037735,,,,,,,,1.0,0.0,hap1+IFNG_PARP12,hap1+IFNG,PARP12,False,False,0
hap1+IFNG_PIK3CA,0.0844025,0.069602154,1.2126421,0.9660154,0.3980205,0.7522272311396621,0.43525788694539425,0.9722363007808444,0.9876645043696867,0.9843791049282588,2171,883,0.2408083975315094,0.5085284113883972,0.47353971004486084,0.5282350778579712,-0.07072184979915619,0.4338461538461538,-0.10461538461538461,0.8934187542239213,0.9397248848935186,0.950723736900035,22.0,3.0,hap1+IFNG_PIK3CA,hap1+IFNG,PIK3CA,False,True,0
hap1+IFNG_PLEK,0.07433854,0.012126861,6.1300726,0.97673476,0.28099096,0.7517861937460447,0.3407527860557952,0.9816783290557081,0.9975387162289391,0.9841004795952291,2133,1101,0.46556535363197327,0.6611617803573608,0.7041625380516052,1.0,1.0,0.9999999999999999,0.9999999999999999,0.9887097111670543,0.9892607548377016,0.9994429742937314,2.0,0.0,hap1+IFNG_PLEK,hap1+IFNG,PLEK,False,True,0
hap1+IFNG_PPARG,0.09302107,0.13233508,0.70292073,0.9570503,0.54662687,0.7286520255859787,0.5588492394243132,0.9648184605882739,0.9804644709353654,0.9840422464955154,2329,685,0.5838189125061035,1.0224705934524536,0.5709884762763977,0.44208747148513794,0.012094628065824509,0.44307692307692315,-0.07461538461538461,0.8764948953775066,0.9598114534688937,0.9131948698983854,22.0,3.0,hap1+IFNG_PPARG,hap1+IFNG,PPARG,False,True,0
hap1+IFNG_PRDM1,0.07359989,0.005786052,12.720226,0.9784303,0.13211676,0.7693110124578462,0.17812887388191984,0.9831452053748121,0.9985554027809739,0.9845675088600548,1964,1304,0.02846401184797287,0.33933496475219727,0.08388175070285797,,,,,,,,1.0,0.0,hap1+IFNG_PRDM1,hap1+IFNG,PRDM1,False,True,0
hap1+IFNG_PTGES3,0.08000642,0.031875383,2.5099752,0.9730305,0.3980308,0.7304664346690656,0.4280527596257008,0.978452616102993,0.9940291149866897,0.9843299369718106,2206,923,0.24687834084033966,0.3726928234100342,0.6624177694320679,0.4773264527320862,0.19817781448364258,0.5507692307692308,0.03769230769230769,0.8401459762692772,0.9699632090516942,0.866162724966305,19.0,6.0,hap1+IFNG_PTGES3,hap1+IFNG,PTGES3,False,True,0
hap1+IFNG_PTPN11,0.080569334,0.011203714,7.191306,0.9768994,0.22721678,0.7528866216258571,0.27804460978084095,0.981809013141776,0.9974243208797068,0.984344368378587,2046,1164,0.07649429142475128,1.0024664402008057,0.07630608975887299,1.0,1.0,0.9999999999999999,0.9999999999999999,0.9629931658850845,0.9815863401470799,0.9810580348345013,2.0,0.0,hap1+IFNG_PTPN11,hap1+IFNG,PTPN11,False,True,0
hap1+IFNG_RARRES3,0.07254923,0.054928016,1.3208055,0.9709031,0.42248154,0.7545218722634691,0.44956276093902814,0.9765517048876566,0.9912697562132075,0.9851523248507289,2207,904,0.34981486201286316,0.6796507835388184,0.5146979689598083,0.5502283573150635,0.49596455693244934,0.5608771021236516,0.33153846153846156,0.8072440253955924,0.9323446949515352,0.8658214389663624,21.0,4.0,hap1+IFNG_RARRES3,hap1+IFNG,RARRES3,False,True,0
hap1+IFNG_RFX5,0.07398803,0.03363538,2.1997082,0.9729273,0.30020946,0.7651333448364424,0.33904359825455405,0.9782401875313429,0.9934596799923806,0.9846803118762159,2078,1029,0.22333547472953796,0.5418944358825684,0.41213834285736084,0.8947979211807251,0.6900820136070251,0.7469230769230769,0.39692307692307693,0.9309826566043446,0.9609252073231561,0.9688398738105516,21.0,4.0,hap1+IFNG_RFX5,hap1+IFNG,RFX5,False,True,0
hap1+IFNG_RNF14,0.07307095,0.01224564,5.967099,0.9773423,0.26756498,0.7534300239061261,0.28520946120215157,0.9821285302653621,0.9973594063117835,0.9847287989163857,2051,1174,0.13471005856990814,1.152428150177002,0.11689236760139465,,,,,,,,1.0,0.0,hap1+IFNG_RNF14,hap1+IFNG,RNF14,False,False,0
hap1+IFNG_RUNX1,0.07577236,0.004172324,18.160707,0.97897756,0.13380396,0.7540153527871231,0.16692451707354827,0.9835670698511724,0.9989426736525778,0.9846081219604069,1966,1414,,,,,,,,,,,,,hap1+IFNG_RUNX1,hap1+IFNG,RUNX1,False,False,0
hap1+IFNG_SOX2,0.14914308,0.29819247,0.5001571,0.92981565,0.6313026,0.7052338613170424,0.5904953213940075,0.9410660807452892,0.9506188431408522,0.9899510066894944,2129,534,1.0892037153244019,2.7157628536224365,0.401067316532135,0.6665932536125183,0.5073413252830505,0.40500357428267386,0.3246153846153846,0.6836511138444743,0.5925385198359453,1.153766533243704,23.0,2.0,hap1+IFNG_SOX2,hap1+IFNG,SOX2,False,True,0
hap1+IFNG_SP100,0.07984526,0.008387695,9.519332,0.97716033,0.16449542,0.7468267310688,0.22942760545086238,0.9820325243181899,0.9980163109495305,0.9839844434845626,2009,1235,0.17358514666557312,2.350172996520996,0.07386058568954468,,,,,,,,1.0,0.0,hap1+IFNG_SP100,hap1+IFNG,SP100,False,True,0
hap1+IFNG_SP110,0.074289426,0.0400152,1.8565303,0.97196925,0.40256214,0.7438331269420854,0.4348728421326344,0.9775648004289649,0.9931750040608853,0.9842825246627296,2214,915,0.41945064067840576,0.49997904896736145,0.838936448097229,0.8285905122756958,-0.0350281186401844,0.8707692307692307,0.06230769230769231,0.9129445792655401,0.9499057822078506,0.9610896115861067,18.0,7.0,hap1+IFNG_SP110,hap1+IFNG,SP110,False,True,0
hap1+IFNG_SRC,0.074060336,0.037167158,1.9926285,0.9725387,0.33437693,0.7622768371060953,0.39174109303575905,0.977892430694961,0.9930033038766246,0.9847826556843551,2145,969,0.3752279281616211,0.5153796672821045,0.7280611991882324,0.8455482721328735,0.43488582968711853,0.6674360577397361,0.33230769230769236,0.8974073242089885,0.9308952995864935,0.9640260559996592,17.0,8.0,hap1+IFNG_SRC,hap1+IFNG,SRC,False,True,0
hap1+IFNG_STAT1,0.043748498,0.034774475,1.2580636,0.9903942,0.70519215,0.7632241384679128,0.26943941148203315,0.9924626205045695,0.9911614158793329,1.0013128079890823,2010,1348,0.4569655954837799,1.364089012145996,0.33499690890312195,0.8317444920539856,0.9234180450439453,0.7899999999999999,0.8438461538461538,0.9643242569802174,0.9368064634153038,1.0293740432411111,24.0,1.0,hap1+IFNG_STAT1,hap1+IFNG,STAT1,False,True,0
hap1+IFNG_STAT2,0.0735833,0.04288728,1.715737,0.9722887,0.42435375,0.7558974264133828,0.4466810762239752,0.977733287755533,0.9923746407104553,0.9852461435890377,2232,878,0.2648618817329407,0.7073670029640198,0.3744334578514099,0.8639110922813416,0.5178921818733215,0.6846153846153846,0.48692307692307696,0.9433977078570844,0.9534573599508512,0.9894492900088523,22.0,3.0,hap1+IFNG_STAT2,hap1+IFNG,STAT2,False,True,0
hap1+IFNG_STAT3,0.07931672,0.006688517,11.858641,0.97780395,0.17674816,0.7619623826305543,0.213211601351542,0.9825839469049085,0.9983820201624349,0.9841763243543227,1961,1286,1.4653160572052002,0.8822590708732605,1.6608681678771973,,,,,,,,0.0,1.0,hap1+IFNG_STAT3,hap1+IFNG,STAT3,False,True,0
hap1+IFNG_TAPBPL,0.08651916,0.07124562,1.2143787,0.96544415,0.49415874,0.7115387806743799,0.5105256169005337,0.9720060241977888,0.9879864354348444,0.9838252726313776,2309,784,0.5253528356552124,0.6445503830909729,0.8150686621665955,0.6500157713890076,0.18660719692707062,0.5439507698236237,0.033846153846153845,0.8999467184671515,0.961005860652273,0.9364632988359943,17.0,8.0,hap1+IFNG_TAPBPL,hap1+IFNG,TAPBPL,False,True,0
hap1+IFNG_TBX21,0.079562694,0.0083134705,9.570334,0.97687215,0.19942802,0.7491616900272171,0.23759977070206934,0.9818146917634203,0.9980881536384892,0.9836953661700675,1999,1235,,,,,,,,,,,,,hap1+IFNG_TBX21,hap1+IFNG,TBX21,False,False,0
hap1+IFNG_TRAFD1,0.072557345,0.016054489,4.519443,0.97633344,0.29967305,0.7557249719912997,0.33250568238365563,0.9812811583942611,0.9967778052446526,0.9844532585207513,2079,1094,0.06190298870205879,0.37203630805015564,0.16638964414596558,,,,,,,,1.0,0.0,hap1+IFNG_TRAFD1,hap1+IFNG,TRAFD1,False,True,0
hap1+IFNG_TSC22D1,0.088335566,0.0064981766,13.593901,0.97735834,0.17561863,0.7423848950404035,0.21109553574247478,0.9821836735239396,0.9984158659735761,0.9837420527829772,2001,1265,0.02756747603416443,0.39468759298324585,0.06984631717205048,,,,,,,,1.0,0.0,hap1+IFNG_TSC22D1,hap1+IFNG,TSC22D1,False,True,0
hap1+IFNG_ZC3H3,0.08141983,0.08021844,1.0149765,0.96726125,0.42455322,0.7621850414006203,0.43358188419292376,0.9734118161062129,0.9882078136425295,0.9850274432846481,2160,935,0.5203782320022583,0.7331150770187378,0.7098179459571838,0.5538455843925476,0.4759629964828491,0.40923076923076923,0.2230769230769231,0.8051301060835925,0.8885279153195732,0.9061393482432284,17.0,8.0,hap1+IFNG_ZC3H3,hap1+IFNG,ZC3H3,False,True,0
hap1+IFNG_ZFP36,0.08104842,0.010705434,7.570774,0.9769726,0.24033031,0.7466172630951623,0.2787294608175314,0.9818103892770769,0.997592082057102,0.9841802144745553,2079,1128,,,,,,,,,,,,,hap1+IFNG_ZFP36,hap1+IFNG,ZFP36,False,True,0
hap1+IFNG_ZNF267,0.07287741,0.036435705,2.0001645,0.97351,0.45425743,0.7354729525477924,0.4727775752588008,0.9788383506841181,0.9939831907483208,0.984763484729756,2260,854,0.30160751938819885,0.37247100472450256,0.8097476363182068,0.49620550870895386,0.5798044204711914,0.5384615384615384,0.42538461538461536,0.7444057147339984,0.930466830693828,0.8000346602134243,15.0,10.0,hap1+IFNG_ZNF267,hap1+IFNG,ZNF267,False,True,0
hap1+IFNG_ZNFX1,0.077389136,0.01472672,5.2550154,0.97665536,0.26886916,0.7517359060835751,0.2967371467715236,0.9815321398231013,0.9967209044305917,0.9847612661277858,2089,1122,0.7262716889381409,1.4378631114959717,0.5051048994064331,0.9078475832939148,-0.07397140562534332,0.7999999999999999,0.39999999999999997,0.967267787457618,0.9860020647657227,0.9809997585425381,4.0,0.0,hap1+IFNG_ZNFX1,hap1+IFNG,ZNFX1,False,True,0
hap1+INS_POLR2L,0.03139274,0.078682706,0.3989789,0.98756975,0.6906738,0.7531383090652579,0.7103062820554867,0.9897517397791478,0.9858747682892565,1.0039325192352968,3148,680,0.05510534346103668,0.19554521143436432,0.28180360794067383,0.1373092532157898,0.4087156653404236,0.2683760393863988,0.6023076923076923,0.5313474637762249,0.6456086887365525,0.8230178326999668,24.0,1.0,hap1+INS_POLR2L,hap1+INS,POLR2L,True,False,0
hap1+INS_SREBF2,0.007749791,0.0026148346,2.9637785,0.9977206,0.12686466,0.8782455291643502,0.19094875562652783,0.9981917295808755,0.9993332170041411,0.9988577509444871,2346,1742,3.878696225001477e-05,0.011266212910413742,0.0034427684731781483,,,,,,,,1.0,0.0,hap1+INS_SREBF2,hap1+INS,SREBF2,True,False,0
hap1+TGFB_RUNX1,0.0071913726,0.0015364471,4.680521,0.9977114,0.29238442,0.8896400106255057,0.25476487815972426,0.9981632191943355,0.9996074709726651,0.9985551810883083,2375,1544,,,,,,,,,,,,,hap1+TGFB_RUNX1,hap1+TGFB,RUNX1,True,False,0
hap1+TGFB_SKP1,0.093247324,0.17942886,0.5196897,0.9748264,0.7532921,0.7782698356643042,0.757775325449779,0.9783015970332658,0.9705065463822319,1.0080319403100284,2935,578,0.2537735402584076,0.5535600781440735,0.45843902230262756,0.41108113527297974,0.5191831588745117,0.3913816476643983,0.5184615384615384,0.6676527364363809,0.6740216421664229,0.9905508883816085,24.0,1.0,hap1+TGFB_SKP1,hap1+TGFB,SKP1,True,False,0
hap1+TNFA_CASP3,0.012284198,0.013249736,0.9271277,0.99719614,0.5765053,0.8124218117224911,0.538278667492301,0.9977752205840984,0.9970998954969829,1.0006772892968552,2721,960,0.036494988948106766,0.15327495336532593,0.23810145258903503,0.9037041664123535,0.6752321124076843,0.8407692307692308,0.38461538461538464,0.9404174428484762,0.9501530308986115,0.9897536631115855,24.0,1.0,hap1+TNFA_CASP3,hap1+TNFA,CASP3,True,False,0
hap1+TNFA_IKBKE,0.005931516,0.0031648309,1.8741969,0.9982379,0.39690632,0.8857696107451195,0.33981490443801105,0.9985994634481871,0.9992128366738648,0.9993861435690523,2388,1333,0.04450594633817673,0.11887253820896149,0.3744005858898163,1.0,1.0,0.9999999999999999,0.9999999999999999,0.9528775612029327,0.9063291829380943,1.0513592402640508,2.0,0.0,hap1+TNFA_IKBKE,hap1+TNFA,IKBKE,True,False,0
hap1+TNFA_ITCH,0.006532546,0.009811502,0.6658049,0.9977969,0.539976,0.8739203140820548,0.44126214615507453,0.9982490921494496,0.9977158657758343,1.000534447122579,2486,1161,0.10060020536184311,0.1486075222492218,0.6769523024559021,0.9863684177398682,-0.0010873121209442616,0.7615384615384616,0.2076923076923077,0.9792883444723933,0.9607275242238288,1.0193195466774618,22.0,3.0,hap1+TNFA_ITCH,hap1+TNFA,ITCH,True,False,0
hap1+TNFA_MAP2K3,0.005577187,0.0023702935,2.352952,0.99821264,0.2882499,0.8973055568132458,0.2712967194416001,0.9985967753148672,0.9993977581393811,0.9991985344994118,2330,1455,,,,,,,,,,,,,hap1+TNFA_MAP2K3,hap1+TNFA,MAP2K3,True,False,0
hap1+TNFA_NFAT5,0.023291448,0.03470874,0.6710543,0.99392295,0.5377219,0.8475901542194777,0.4427922396823749,0.9947653337081026,0.992793161769515,1.0019864882379654,2433,1166,0.30919739603996277,0.37294650077819824,0.8290663361549377,0.9707212448120117,-0.3285013437271118,0.7287559020928508,0.06692307692307692,0.9376251271969769,0.9034213182410453,1.0378603075501098,18.0,7.0,hap1+TNFA_NFAT5,hap1+TNFA,NFAT5,True,False,0
ht29+IFNB_PARP12,0.014151313,0.0031623198,4.4749784,0.9982175,0.35593253,0.7790928705734528,0.33697345880506424,0.9984455474376486,0.9992342682737833,0.999210674752481,2394,1302,1.7262605428695679,2.2045910358428955,0.7830298542976379,,,,,,,,1.0,0.0,ht29+IFNB_PARP12,ht29+IFNB,PARP12,True,False,0
ht29+IFNG_FOXN3,0.002916805,0.0016927548,1.7231114,0.99925333,0.4288603,0.9038962602471466,0.343320806551409,0.999380433871173,0.999568977684103,0.9998113748854363,2424,1343,,,,,,,,,,,,,ht29+IFNG_FOXN3,ht29+IFNG,FOXN3,True,False,0
ht29+IFNG_KLF4,0.0024904325,0.0033684373,0.7393436,0.9992138,0.54799736,0.902588219728311,0.4405180447520968,0.999379716921601,0.9991845838113632,1.0001952923547854,2480,1192,0.013205088675022125,0.03687853366136551,0.3580697774887085,0.9559779763221741,0.7515791058540344,0.8932806324110673,0.4575098814229249,0.9684556339024418,0.9683885785270899,1.0000692442856502,22.0,1.0,ht29+IFNG_KLF4,ht29+IFNG,KLF4,True,False,0
ht29+IFNG_RUNX1,0.0024103066,0.001202485,2.0044382,0.99923366,0.3262216,0.9167646177855998,0.2704528624144071,0.9993820172755896,0.9996907118409966,0.9996912099294807,2335,1491,,,,,,,,,,,,,ht29+IFNG_RUNX1,ht29+IFNG,RUNX1,True,False,0
ht29+TGFB_PRKCA,0.0034099761,0.0017563713,1.9414892,0.9991196,0.3860975,0.8919120348766537,0.34300508544686303,0.9992946923056161,0.9995584769124493,0.9997360988747271,2368,1363,,,,,,,,,,,,,ht29+TGFB_PRKCA,ht29+TGFB,PRKCA,True,False,0
ht29+TGFB_RUNX1,0.002762024,0.0012552034,2.2004595,0.9991325,0.32956383,0.907381932990642,0.28252407541838115,0.9993112402829964,0.9996829629257975,0.9996281594699652,2367,1512,,,,,,,,,,,,,ht29+TGFB_RUNX1,ht29+TGFB,RUNX1,True,False,0
ht29+TGFB_SMAD1,0.003230606,0.0032243035,1.0019547,0.99895453,0.42385072,0.8931016351835349,0.34002799773542275,0.9991807177016799,0.9992103123167726,0.9999703819959344,2320,1330,0.036848485469818115,0.06774556636810303,0.5439246892929077,1.0,1.0,0.9999999999999999,0.9999999999999999,0.9981070485305724,0.9999783319497815,0.9981286760328493,2.0,0.0,ht29+TGFB_SMAD1,ht29+TGFB,SMAD1,True,False,0
ht29+TNFA_CASP3,0.004723116,0.0026468704,1.7844152,0.9991252,0.3635431,0.8494468940209822,0.3387766704596561,0.9993006918390094,0.9993606349177693,0.999940018571209,2596,1365,0.0067672510631382465,0.020305505022406578,0.33327174186706543,0.8313944935798645,0.5369256138801575,0.5973827790142554,0.6561538461538462,0.9397382637052758,0.955712004418665,0.9832860311060908,23.0,2.0,ht29+TNFA_CASP3,ht29+TNFA,CASP3,True,False,0
ht29+TNFA_ITCH,0.0035192291,0.0039243307,0.8967718,0.9989171,0.30687615,0.8941507596891787,0.28338604894426483,0.9991126552077793,0.999070331398147,1.000042363193363,2398,1542,0.018032610416412354,0.026989562436938286,0.6681327223777771,0.6955029368400574,0.6680323481559753,0.6444105684980015,0.5615384615384615,0.8846998697597708,0.8946079789415656,0.9889246358013514,20.0,5.0,ht29+TNFA_ITCH,ht29+TNFA,ITCH,True,False,0
ht29+TNFA_MAP2K3,0.0031661429,0.0030084485,1.0524172,0.9989684,0.25738764,0.9186602307911615,0.2537229978290189,0.9991974278186185,0.9992377767378645,0.9999596203024091,2393,1661,0.04376278817653656,0.07160636782646179,0.6111577749252319,0.9981069564819336,0.9057192802429199,0.9333333333333332,0.5499999999999999,0.9965310514811285,0.9931305974289762,1.003423974712848,9.0,0.0,ht29+TNFA_MAP2K3,ht29+TNFA,MAP2K3,True,False,0
k562+IFNG_KLF4,0.0076204827,0.020219505,0.3768877,0.9969895,0.73458415,0.8741918096195628,0.6136641381228445,0.9975553450995355,0.9949608605565651,1.0026076247275888,2551,832,0.07824210822582245,0.28652775287628174,0.27306991815567017,0.9438764452934265,0.7490954399108887,0.943076923076923,0.7192307692307691,0.971921335302923,0.9636354890728133,1.0085985274764862,25.0,0.0,k562+IFNG_KLF4,k562+IFNG,KLF4,True,False,0
k562+IFNG_PARP12,0.0639944,0.005953952,10.748222,0.9921664,0.1551157,0.6945805369644439,0.15545723076163934,0.9923765465973041,0.9982666866836987,0.9940996327284426,2012,1566,0.7464464902877808,0.843485951423645,0.8849542737007141,0.8236837983131409,0.9330237507820129,1.0,1.0,0.798374277999396,0.8195531203789834,0.9741580602245846,1.0,3.0,k562+IFNG_PARP12,k562+IFNG,PARP12,True,False,0
k562+IFNG_RNF14,0.009746441,0.007943409,1.2269847,0.99741393,0.57179224,0.8826329738568973,0.4765238781826492,0.9978646953954422,0.9978262056315317,1.0000385736150177,2424,1021,,,,,,,,,,,,,k562+IFNG_RNF14,k562+IFNG,RNF14,True,False,0
k562+INS_IRS2,0.007285639,0.0039397683,1.8492558,0.9973062,0.3556998,0.9087272738961162,0.3031505556044543,0.9978897659597651,0.9988666909388976,0.9990219666067609,2588,1650,0.1515198051929474,0.25642985105514526,0.5908820629119873,0.6736752986907959,0.8211470246315002,0.8999999999999998,0.49999999999999994,0.8112066476942135,0.6655153738003322,1.2189149636948755,5.0,0.0,k562+INS_IRS2,k562+INS,IRS2,True,False,0
k562+INS_POLR2L,0.031086035,0.017363755,1.790283,0.9940769,0.48875737,0.8018194616054922,0.48203796728752724,0.9952009140637944,0.9953210822255725,0.9998792669381529,2806,1112,0.06708715111017227,0.22077780961990356,0.30386728048324585,0.6554054021835327,0.5997825264930725,0.606923076923077,0.6346153846153846,0.7165955294213378,0.6037852670123737,1.1868383820744208,24.0,1.0,k562+INS_POLR2L,k562+INS,POLR2L,True,False,0
k562+INS_SREBF2,0.007220382,0.00413712,1.7452676,0.9974341,0.40276295,0.9111102393939446,0.3114059542834418,0.9979702783412631,0.9987888698990874,0.9991804158191039,2569,1581,0.02154231257736683,0.11481416970491409,0.1876276433467865,0.676374077796936,0.9955247640609741,0.3714285714285715,1.0,0.9140610232145475,0.7398868526188994,1.235406494897351,6.0,0.0,k562+INS_SREBF2,k562+INS,SREBF2,True,False,0
k562+TGFB_RUNX1,0.014253138,0.004751577,2.9996645,0.9960095,0.26186478,0.8716160807830674,0.2695320940667369,0.996645982773274,0.9985891681065581,0.9980540692856016,2077,1314,,,,,,,,,,,,,k562+TGFB_RUNX1,k562+TGFB,RUNX1,True,False,0
k562+TGFB_SKP1,0.04025778,0.13376443,0.3009603,0.98151857,0.81508356,0.7512740475715397,0.7725187315083268,0.9843755925443263,0.9743187341173212,1.0103219388839075,2678,381,0.38276180624961853,1.1620906591415405,0.32937344908714294,0.7997899055480957,0.43133699893951416,0.7,0.32923076923076927,0.9301299781859116,0.9177850106681461,1.013450827126473,25.0,0.0,k562+TGFB_SKP1,k562+TGFB,SKP1,True,False,0
k562+TGFB_SMAD1,0.010772033,0.0087114535,1.2365367,0.99643344,0.50785714,0.8549350791835548,0.4319477211569343,0.9971435133294221,0.9975318944543575,0.9996106579377616,2240,988,,,,,,,,,,,,,k562+TGFB_SMAD1,k562+TGFB,SMAD1,True,False,0
k562+TNFA_CASP3,0.014482472,0.006487861,2.2322414,0.9969619,0.38263762,0.8339621746808511,0.396414321413921,0.9975664294165603,0.998258218290572,0.9993070040783673,2647,1223,0.011305791325867176,0.04854019731283188,0.23291605710983276,0.750072181224823,0.5194266438484192,0.7834459836567167,0.5169230769230769,0.9234863801895576,0.9645545730199245,0.9574226342613394,25.0,0.0,k562+TNFA_CASP3,k562+TNFA,CASP3,True,False,0
k562+TNFA_IKBKE,0.0072989343,0.0027366776,2.6670785,0.9976864,0.122941494,0.903724598028372,0.22596536331722442,0.9981770575210661,0.9992119841767112,0.9989642571626102,2420,1513,,,,,,,,,,,,,k562+TNFA_IKBKE,k562+TNFA,IKBKE,True,False,0
k562+TNFA_ITCH,0.009758528,0.013409773,0.72771764,0.9963789,0.42749983,0.8818650720022663,0.41230334010527175,0.9970175739741365,0.9965928223810141,1.0004262037449834,2569,1282,0.08058656752109528,0.11919209361076355,0.6761066317558289,0.9940629005432129,0.11374842375516891,0.6223076923076922,0.30230769230769233,0.9740766728235636,0.952874217891915,1.0222510532172397,25.0,0.0,k562+TNFA_ITCH,k562+TNFA,ITCH,True,False,0
mcf7+IFNB_PARP12,0.011271643,0.0031266115,3.6050668,0.99857104,0.37720495,0.7873639845721261,0.3083218838473608,0.9987603029993607,0.9991917164765886,0.9995682375362867,2557,1501,0.1348831206560135,0.2730662226676941,0.4939575493335724,0.9991007447242737,0.24225983023643494,0.7,0.0,0.9993469717112087,0.9897022658650384,1.0097450578611542,5.0,0.0,mcf7+IFNB_PARP12,mcf7+IFNB,PARP12,True,False,0
mcf7+IFNG_KLF4,0.004728628,0.006275579,0.7534967,0.9986073,0.50764084,0.8896728029001081,0.3921424762658158,0.9988726098439054,0.9984509789471842,1.0004222850251154,2256,1249,0.08593150228261948,0.28866758942604065,0.2976832389831543,0.9999994039535522,0.9884814023971558,1.0,1.0,0.9929309731392446,0.9832673033624215,1.0098281207396775,3.0,0.0,mcf7+IFNG_KLF4,mcf7+IFNG,KLF4,True,False,0
mcf7+IFNG_TBX21,0.0031570592,0.0027173264,1.1618255,0.99893254,0.41004923,0.8990451949224186,0.3552405869674519,0.9991599608292967,0.9992905533579814,0.9998693147571085,2321,1268,,,,,,,,,,,,,mcf7+IFNG_TBX21,mcf7+IFNG,TBX21,True,False,0
mcf7+INS_DR1,0.01141601,0.014215874,0.80304664,0.9960176,0.42377356,0.8553294729333586,0.3346736700399055,0.9968202318737379,0.9963005022449879,1.0005216595069248,2378,1412,0.26447537541389465,0.5093184113502502,0.5192731618881226,0.869339644908905,0.4853491485118866,0.9076923076923077,0.6846153846153846,0.9184764586644628,0.9093881470202168,1.0099938751940254,22.0,3.0,mcf7+INS_DR1,mcf7+INS,DR1,True,False,0
mcf7+INS_IRS2,0.006349536,0.0030483366,2.082951,0.99795806,0.22147053,0.8792921596156695,0.21889969017103084,0.9983953193932382,0.9991829723615543,0.9992117029712241,2443,1668,0.07072772085666656,0.2770856022834778,0.2552558481693268,0.9992603659629822,0.9750282764434814,1.0,1.0,0.9985070379718475,0.9970597030212305,1.001451603094811,3.0,0.0,mcf7+INS_IRS2,mcf7+INS,IRS2,True,False,0
mcf7+TGFB_PRKCA,0.004943371,0.0050308704,0.9826075,0.9984971,0.56868166,0.8846548008708248,0.4712629136868671,0.9987703869718794,0.9986128236305316,1.0001577822131054,2264,916,,,,,,,,,,,,,mcf7+TGFB_PRKCA,mcf7+TGFB,PRKCA,True,False,0
mcf7+TGFB_SMAD1,0.0070578842,0.010781303,0.6546411,0.9977795,0.58733547,0.8714478927786834,0.442255722175948,0.9981780506789232,0.9972513387428735,1.0009292661739797,2082,936,,,,,,,,,,,,,mcf7+TGFB_SMAD1,mcf7+TGFB,SMAD1,True,False,0
mcf7+TNFA_IKBKE,0.007652051,0.00469825,1.6287024,0.99746317,0.019259496,0.9172710596680397,0.26702104011153854,0.9979958861330935,0.9987461276551585,0.9992488165898311,2409,1475,0.015077626332640648,0.024599408730864525,0.6129263639450073,0.8400030732154846,0.009477920830249786,0.7857142857142859,0.39285714285714296,0.9662039122057766,0.952834719553977,1.014030967152475,6.0,1.0,mcf7+TNFA_IKBKE,mcf7+TNFA,IKBKE,True,False,0
mcf7+TNFA_ITCH,0.009246136,0.013527597,0.6835017,0.9975663,0.5754412,0.893436210137905,0.3376362976152496,0.9979394582678298,0.9966488236767339,1.0012949742782364,2319,1459,0.11489291489124298,0.21284650266170502,0.5397923588752747,0.9389038681983948,0.38255491852760315,0.8786305221196297,0.43999999999999995,0.9420882112958114,0.8969120294966053,1.0503685760849495,23.0,2.0,mcf7+TNFA_ITCH,mcf7+TNFA,ITCH,True,False,0
mcf7+TNFA_MAP2K3,0.004258479,0.0029336796,1.4515828,0.99857837,0.22253248,0.9256572546814268,0.29496499936268844,0.9988900558770888,0.9992182467979727,0.999671552314086,2416,1502,0.011275740340352058,0.02110452391207218,0.5342807173728943,1.0,-1.0,0.9999999999999999,-0.9999999999999999,0.9751680164146368,0.8444024995387265,1.1548615937865458,2.0,0.0,mcf7+TNFA_MAP2K3,mcf7+TNFA,MAP2K3,True,False,0
a549+IFNB_BRD9,0.005266013,0.0054325303,0.96934813,0.99871224,0.58489704,0.8937360552692537,0.479236261707611,0.998977768698761,0.9988310658859694,1.0001468744994044,2438,1019,,,,,,,,,,,,,a549+IFNB_BRD9,a549+IFNB,BRD9,True,False,1
a549+IFNB_IRF3,0.010266146,0.026077613,0.39367658,0.99691236,0.7475014,0.8719472356440917,0.6641121803427149,0.9974761908731871,0.9951163782192666,1.002371393643569,2637,678,0.11200864613056183,0.2743452191352844,0.4082762897014618,0.9406070709228516,0.3938283622264862,0.846923076923077,0.3569230769230769,0.9760231099236971,0.968704552339531,1.0075549945197335,25.0,0.0,a549+IFNB_IRF3,a549+IFNB,IRF3,True,False,1
a549+IFNB_TRIM21,0.02802106,0.04670505,0.5999578,0.99451315,0.6814312,0.8605814571746376,0.5721265219123861,0.9953818941872743,0.9920252359196524,1.0033836420144193,2445,843,0.20304204523563385,0.3881382346153259,0.5231178402900696,0.896721601486206,0.24029862880706787,0.907097535533313,0.22999999999999998,0.9569135576082863,0.947435954044415,1.0100034240028715,24.0,1.0,a549+IFNB_TRIM21,a549+IFNB,TRIM21,True,False,1
a549+INS_EIF2B1,0.0051932745,0.0037246018,1.3943167,0.99845034,0.39699313,0.8884900476656461,0.31739876053493066,0.9987972565762431,0.9991626913425528,0.9996342589955809,2207,1294,,,,,,,,,,,,,a549+INS_EIF2B1,a549+INS,EIF2B1,True,False,1
a549+INS_FOXM1,0.0048857653,0.0063599506,0.768208,0.99849784,0.54264593,0.8796894568450305,0.43619891400005284,0.9988335136464865,0.9986646157683305,1.0001691237233092,2334,1095,0.07194961607456207,0.19776597619056702,0.3638119101524353,1.0,-1.0,0.9999999999999999,-0.9999999999999999,0.993287710483092,0.9936534048156449,0.9996319699295744,2.0,0.0,a549+INS_FOXM1,a549+INS,FOXM1,True,False,1
a549+INS_GRB10,0.005602239,0.0038326622,1.4617096,0.9985252,0.39194664,0.8856398610361327,0.31581990132254556,0.9988621980480477,0.999149462354421,0.9997124911565318,2213,1315,,,,,,,,,,,,,a549+INS_GRB10,a549+INS,GRB10,True,False,1
a549+INS_RPS6KB1,0.005176005,0.0039480943,1.3110135,0.99855465,0.48500738,0.8789757687614083,0.38897756861763205,0.9988625272254943,0.9991120065045723,0.9997502989880476,2330,1188,,,,,,,,,,,,,a549+INS_RPS6KB1,a549+INS,RPS6KB1,True,False,1
a549+INS_SHC1,0.0063869148,0.011634977,0.5489409,0.9980178,0.6124287,0.8610654599179866,0.5284919425718465,0.9984404760842669,0.9976558382381912,1.0007864814859013,2500,882,0.05747056007385254,0.12360753864049911,0.4649437963962555,0.7429202795028687,-0.08000965416431427,0.6746153846153846,0.024615384615384615,0.9308826147978463,0.9607115696152707,0.9689511860158301,24.0,1.0,a549+INS_SHC1,a549+INS,SHC1,True,False,1
a549+INS_SRF,0.011421253,0.020266272,0.56355965,0.99691343,0.61222476,0.8649532809324578,0.48942071415323396,0.997495440923298,0.9961685331949816,1.00133201128534,2349,993,0.11501156538724899,0.2280435711145401,0.5043402910232544,0.8741799592971802,0.0019542863592505455,0.7907692307692307,0.05384615384615384,0.935317374337087,0.9340969344655422,1.001306545205871,24.0,1.0,a549+INS_SRF,a549+INS,SRF,True,False,1
a549+TGFB_RPS6KB1,0.002954827,0.002501941,1.1810138,0.99924153,0.47648197,0.9147176260457187,0.3882811251128881,0.9993999565531065,0.9994288799553013,0.999971060069631,2426,1239,,,,,,,,,,,,,a549+TGFB_RPS6KB1,a549+TGFB,RPS6KB1,True,False,1
a549+TNFA_CREB1,0.0046019945,0.005075445,0.9067175,0.9985969,0.4125741,0.9112992179161152,0.3347267152895378,0.9989281413896919,0.9988415568037939,1.0000866850055528,2282,1349,0.010664294473826885,0.03213321790099144,0.33187758922576904,0.6732227802276611,-0.7632918357849121,0.5,-1.0,0.9441266821943017,0.9944330407052072,0.9494120202651045,3.0,0.0,a549+TNFA_CREB1,a549+TNFA,CREB1,True,False,1
a549+TNFA_MAP3K14,0.0042765345,0.005012167,0.85323066,0.9986722,0.44417894,0.9018357909893779,0.35568037053837315,0.998982705775263,0.9988626173111967,1.0001202252061345,2276,1286,0.02592054009437561,0.056698236614465714,0.4571666121482849,0.9066817760467529,0.2856903076171875,0.4285714285714286,-0.08571428571428573,0.9429961454623872,0.946981390687346,0.9957916330097404,6.0,0.0,a549+TNFA_MAP3K14,a549+TNFA,MAP3K14,True,False,1
a549+TNFA_TNFRSF1A,0.056168336,0.06463382,0.869024,0.98473907,0.40868068,0.8677681460930952,0.3038309819022087,0.9879746071433401,0.985714644051603,1.0022927153465508,2101,1390,2.0076255798339844,2.203436851501465,0.9111337065696716,0.41837364435195923,0.33787670731544495,0.40461538461538454,0.2930769230769231,0.885637846872654,0.8804999464045726,1.0058352081553912,17.0,8.0,a549+TNFA_TNFRSF1A,a549+TNFA,TNFRSF1A,True,False,1
a549+TNFA_TRAF3,0.008036642,0.007858148,1.0227146,0.99779856,0.36458072,0.9027305671738599,0.351480097042868,0.9983040925716485,0.9981899703916386,1.0001143291191006,2364,1253,0.20485655963420868,0.243491992354393,0.8413277268409729,0.8216389417648315,0.5346599221229553,0.8892857142857141,0.6321428571428571,0.8878596728391052,0.8242805905274277,1.0771328150175117,12.0,3.0,a549+TNFA_TRAF3,a549+TNFA,TRAF3,True,False,1
bxpc3+IFNB_BRD9,0.005954501,0.0054656216,1.0894463,0.9982109,0.35506213,0.9180662528718252,0.29405128681209175,0.9986485707292042,0.9987694315320866,0.9998789902863797,2561,1576,0.2754844129085541,0.3901720643043518,0.7060588002204895,0.5840286612510681,0.6498813629150391,0.4197802197802198,0.7538461538461538,0.7339364280108646,0.43396528258353406,1.6912330489699692,11.0,3.0,bxpc3+IFNB_BRD9,bxpc3+IFNB,BRD9,True,False,1
bxpc3+IFNB_IRF3,0.086246945,0.10202441,0.8453559,0.98411,0.42298314,0.8594460855225133,0.3710942225826953,0.9862860976129649,0.9836796871770158,1.0026496536117657,2482,1407,0.17341840267181396,0.32625094056129456,0.5315491557121277,0.49276411533355713,0.8347796201705933,0.5499758231263767,0.6723076923076923,0.7706040152191069,0.6977719809502124,1.1043779863010739,23.0,2.0,bxpc3+IFNB_IRF3,bxpc3+IFNB,IRF3,True,False,1
bxpc3+IFNB_MAP3K14,0.0049415347,0.004111392,1.2019129,0.99853766,0.34701806,0.932290238630344,0.29664645283464997,0.9989091834165166,0.9990610354839967,0.99984800521481,2572,1583,0.007674780674278736,0.2670261859893799,0.028741678223013878,0.8624616861343384,0.9971570372581482,0.9047619047619048,0.9761904761904763,0.977664440626001,0.6790731494786292,1.4397041635008256,8.0,0.0,bxpc3+IFNB_MAP3K14,bxpc3+IFNB,MAP3K14,True,False,1
bxpc3+IFNB_STAT5A,0.003489058,0.002070215,1.6853602,0.99909055,0.4631869,0.9353921234079257,0.3557445289927011,0.9993116621265603,0.9995254960557579,0.9997860645575911,2699,1579,0.002648165449500084,0.657759964466095,0.0040260362438857555,0.9818508625030518,0.9980424046516418,1.0,1.0,0.9937948101444074,0.5672662420290164,1.7519019051614453,3.0,0.0,bxpc3+IFNB_STAT5A,bxpc3+IFNB,STAT5A,True,False,1
bxpc3+IFNB_TRIM21,0.076438,0.08290018,0.9220487,0.9878504,0.25741762,0.8648547641399561,0.21511813958761467,0.9897088741871892,0.9874577737586056,1.0022796928520956,2318,1609,0.18885265290737152,0.3128907084465027,0.6035738587379456,0.6931248903274536,0.7261634469032288,0.5313445134791658,0.28615384615384615,0.7972767963154912,0.7082009135617936,1.1257777009997112,23.0,2.0,bxpc3+IFNB_TRIM21,bxpc3+IFNB,TRIM21,True,False,1
bxpc3+INS_FOXM1,0.012145817,0.0111783445,1.0865488,0.9961285,0.29083568,0.8985219749374315,0.1979501713546197,0.9970499302081344,0.9973612096899706,0.999687896943643,2493,1817,0.28877222537994385,0.46030932664871216,0.6273438334465027,0.7146593332290649,0.4214920401573181,0.7361538461538463,0.40307692307692305,0.8498545078987297,0.8439475906803888,1.006999151705118,18.0,7.0,bxpc3+INS_FOXM1,bxpc3+INS,FOXM1,True,False,1
bxpc3+INS_GRB10,0.008536981,0.004580601,1.8637252,0.9976356,0.299326,0.9102083375770399,0.20816183271523828,0.9982161800609033,0.9989099713878006,0.9993054515954692,2550,1919,0.7402030825614929,0.935441792011261,0.7912871837615967,0.721678614616394,0.41835618019104004,0.8857142857142858,0.6,0.8390652012079999,0.8192650339799765,1.0241682073648797,6.0,0.0,bxpc3+INS_GRB10,bxpc3+INS,GRB10,True,False,1
bxpc3+INS_RPS6KB1,0.0066706575,0.0029952289,2.2270944,0.9979902,0.35954034,0.8987506616076779,0.27711784119792354,0.9984230124850052,0.9992871378001419,0.9991352582431522,2607,1792,0.0786971002817154,0.07201408594846725,1.0928014516830444,0.9919469356536865,0.0844021588563919,0.7,0.19999999999999998,0.9841673451428444,0.9531251192678779,1.0325688886458169,3.0,2.0,bxpc3+INS_RPS6KB1,bxpc3+INS,RPS6KB1,True,False,1
bxpc3+INS_SHC1,0.011044016,0.006200818,1.781058,0.9971054,0.2593335,0.8922538745564501,0.20674905888718156,0.9977694360003387,0.9985233487399261,0.9992449723478788,2527,1813,0.1529715657234192,0.16501790285110474,0.9269998073577881,0.7055516242980957,0.2942783236503601,0.7846153846153846,0.43,0.7784358631215885,0.7586382004579587,1.0260963165995052,20.0,5.0,bxpc3+INS_SHC1,bxpc3+INS,SHC1,True,False,1
bxpc3+TNFA_CREB1,0.006196535,0.004950891,1.2516,0.9980335,0.31210238,0.9140538311352728,0.2506172497965467,0.9984872255499644,0.9987989227856787,0.9996879279416472,2358,1558,0.12555375695228577,0.3458355665206909,0.3630446493625641,0.9900326728820801,0.9776315689086914,1.0,1.0,0.9913865564450516,0.9949948885823583,0.9963735169107776,4.0,0.0,bxpc3+TNFA_CREB1,bxpc3+TNFA,CREB1,True,False,1
bxpc3+TNFA_MAP3K14,0.004130116,0.0029150068,1.4168462,0.998713,0.45715532,0.9107583399094104,0.3450376723779796,0.9989971811497999,0.9992894289290476,0.9997075444102707,2485,1475,0.1219475045800209,0.3205103874206543,0.380479097366333,0.7124966979026794,0.9439396858215332,1.0,1.0,0.8927890367689456,0.8466418265751491,1.0545061781089555,3.0,0.0,bxpc3+TNFA_MAP3K14,bxpc3+TNFA,MAP3K14,True,False,1
bxpc3+TNFA_TNFRSF1A,0.13995837,0.1511702,0.9258331,0.9780728,0.30308872,0.8362456331152516,0.16698161260687353,0.9810104621812163,0.9755872853106257,1.0055588843276735,2046,1715,0.35002270340919495,0.524260938167572,0.6676498055458069,0.6299752593040466,0.6636516451835632,0.5840704059383565,0.44538461538461543,0.7734717406717974,0.7909234634413246,0.9779350043636404,21.0,4.0,bxpc3+TNFA_TNFRSF1A,bxpc3+TNFA,TNFRSF1A,True,False,1
hap1+IFNB_BRD9,0.0030077717,0.0027590063,1.0901648,0.9990338,0.42624158,0.906074936523349,0.37029924805544,0.9992511149230363,0.9993380419563791,0.9999130153864926,2546,1353,,,,,,,,,,,,,hap1+IFNB_BRD9,hap1+IFNB,BRD9,True,False,1
hap1+INS_EIF2B1,0.008878701,0.010045725,0.8838288,0.99734664,0.4197242,0.8650248972025905,0.30202913447164714,0.997844347499155,0.9976692366779937,1.000175519916545,2368,1555,0.03529486060142517,0.08517728000879288,0.4143694341182709,0.933629035949707,0.7561808228492737,0.7059278458196807,0.36846153846153845,0.9264235031209783,0.9227749503268892,1.0039538923253137,23.0,2.0,hap1+INS_EIF2B1,hap1+INS,EIF2B1,True,False,1
hap1+INS_RPS6KB1,0.0068644714,0.006057129,1.133288,0.9978099,0.45729882,0.854096860392645,0.40979749239781227,0.9982846616485348,0.9985939722232684,0.9996902539136653,2663,1281,0.01493675634264946,0.047016702592372894,0.3176904320716858,0.8692585825920105,0.5850347876548767,0.551259867862272,0.12461538461538461,0.9278123482716365,0.962315615090416,0.9641455814727296,24.0,1.0,hap1+INS_RPS6KB1,hap1+INS,RPS6KB1,True,False,1
hap1+INS_SHC1,0.007929192,0.0032769875,2.419659,0.9977691,0.34572917,0.8557144299776349,0.30223994215477146,0.998237129957732,0.9992071406823165,0.9990292195831165,2538,1434,0.01331839058548212,0.019824068993330002,0.6718292832374573,0.7187573909759521,0.2644002139568329,0.6775683456528454,0.5046153846153847,0.8773311267131817,0.9675801206862057,0.9067271101962909,23.0,2.0,hap1+INS_SHC1,hap1+INS,SHC1,True,False,1
hap1+INS_SRF,0.013238823,0.017460577,0.7582122,0.99609613,0.42805034,0.8574393922535515,0.40722239242671754,0.9967338939801028,0.9962323153382842,1.0005034755790354,2559,1351,0.050183992832899094,0.07560024410486221,0.6638072729110718,0.00890205055475235,-0.07595699280500412,0.1970747312211977,-0.0723076923076923,0.7590234151010018,0.8894168290830864,0.8533944830833602,24.0,1.0,hap1+INS_SRF,hap1+INS,SRF,True,False,1
hap1+TNFA_CREB1,0.007625853,0.0055664117,1.3699765,0.99746925,0.305973,0.8906826071060328,0.30164905455709057,0.9980314893752847,0.9985879095897046,0.9994427929588608,2291,1417,0.0443526916205883,0.06275758892297745,0.706730306148529,0.9030266404151917,0.21182548999786377,0.7007660208990504,0.4505928853754941,0.833748653818749,0.7519993221202119,1.1087093156787033,20.0,3.0,hap1+TNFA_CREB1,hap1+TNFA,CREB1,True,False,1
hap1+TNFA_MAP3K14,0.0056008967,0.004442087,1.2608706,0.9981674,0.42096722,0.8838436755367923,0.3294813268774261,0.9985678760367331,0.9989179611363059,0.9996495356844174,2315,1381,0.037548135966062546,0.12904508411884308,0.2909691333770752,0.970178484916687,0.9278311133384705,0.7,0.8999999999999998,0.9822947616494809,0.9743613095042807,1.0081422076880664,5.0,0.0,hap1+TNFA_MAP3K14,hap1+TNFA,MAP3K14,True,False,1
hap1+TNFA_TNFRSF1A,0.021257507,0.024721386,0.8598833,0.99556756,0.4129761,0.8565633707957848,0.222348434028562,0.99617459970923,0.9947429683632912,1.001439197251421,1983,1611,0.18013256788253784,0.3117919862270355,0.5777331590652466,0.9696295261383057,0.8072888851165771,0.9045422233785441,0.35,0.9285608359074987,0.9267596397015817,1.0019435419161078,18.0,7.0,hap1+TNFA_TNFRSF1A,hap1+TNFA,TNFRSF1A,True,False,1
ht29+IFNB_ADAR,0.030185046,0.017638635,1.7113029,0.9907861,0.17257431,0.8196813852793614,0.148602570851619,0.9925209512309309,0.9962063991833987,0.9963005176884139,2039,1509,0.145451158285141,0.1262892335653305,1.1517304182052612,0.7649573087692261,-0.21270504593849182,0.693257548899418,-0.09076923076923075,0.9125243295236043,0.9134003059639244,0.9990409720309917,14.0,11.0,ht29+IFNB_ADAR,ht29+IFNB,ADAR,False,True,1
ht29+IFNB_AKT1,0.022556722,0.0023880259,9.445762,0.99348944,0.134974,0.8557442977327214,0.09541851979235719,0.9948964765720504,0.9994121305853438,0.9954816898103401,1969,1718,,,,,,,,,,,,,ht29+IFNB_AKT1,ht29+IFNB,AKT1,False,True,1
ht29+IFNB_BATF2,0.02196384,0.0031552217,6.961108,0.9936272,0.16910148,0.8492430535779377,0.14686768745216733,0.995005299132209,0.9992327489666215,0.9957693041598322,2035,1630,0.030678046867251396,0.059467863291502,0.515876054763794,,,,,,,,1.0,0.0,ht29+IFNB_BATF2,ht29+IFNB,BATF2,False,True,1
ht29+IFNB_BRD9,0.019984622,0.0027527635,7.2598395,0.9936409,0.16916735,0.8359636687681058,0.1447700066022062,0.9950255456991691,0.9993466411559458,0.995676079471505,2046,1619,,,,,,,,,,,,,ht29+IFNB_BRD9,ht29+IFNB,BRD9,False,False,1
ht29+IFNB_CEBPB,0.028209083,0.009162795,3.0786548,0.99151194,0.056182075,0.8353442817046771,0.04250830463825285,0.993250041716732,0.997812603920054,0.9954274357876446,1848,1719,0.2642378509044647,0.1930762529373169,1.3685673475265503,0.6914354562759399,-0.146406888961792,0.7182450165210056,0.09230769230769231,0.756341914875134,0.8121519155570429,0.9312813285139768,12.0,13.0,ht29+IFNB_CEBPB,ht29+IFNB,CEBPB,False,True,1
ht29+IFNB_CEBPG,0.022608323,0.0026794397,8.437705,0.9929171,0.015888974,0.8433750769934686,0.06642039605833167,0.9944743274443648,0.9993419535190956,0.9951291686918678,1965,1719,,,,,,,,,,,,,ht29+IFNB_CEBPG,ht29+IFNB,CEBPG,False,True,1
ht29+IFNB_CRKL,0.024853949,0.007964262,3.1206846,0.9922265,0.07456793,0.8312522606421189,0.0795134814836942,0.9938014207131927,0.9982159941417603,0.9955775368713029,1912,1647,0.04429663345217705,0.04953667148947716,0.8942190408706665,0.5457805395126343,0.2634983956813812,0.46124255517576,0.32846153846153847,0.9039633458200534,0.956757200258929,0.9448200082271784,16.0,9.0,ht29+IFNB_CRKL,ht29+IFNB,CRKL,False,True,1
ht29+IFNB_DRAP1,0.022849053,0.005162587,4.4258924,0.9929314,0.14098516,0.8409042641732752,0.09940164967711176,0.9944692116995686,0.9987117560457959,0.9957519831717764,1981,1664,0.059089239686727524,0.07008528709411621,0.8431047797203064,0.5620615482330322,0.35611435770988464,0.6853146853146854,0.2937062937062937,0.7225112553142081,0.6722037347654954,1.074839692115461,8.0,4.0,ht29+IFNB_DRAP1,ht29+IFNB,DRAP1,False,True,1
ht29+IFNB_DTX3L,0.02428652,0.0036906707,6.5805163,0.99273527,0.018822903,0.8429258864964414,0.050035655942819016,0.9942991076984378,0.999108854867525,0.9951859628251168,1918,1717,1.4336196184158325,1.408450722694397,1.0178699493408203,,,,,,,,0.0,1.0,ht29+IFNB_DTX3L,ht29+IFNB,DTX3L,False,True,1
ht29+IFNB_ELK1,0.022321003,0.0030145447,7.4044356,0.9932072,0.07037107,0.8462986636392965,0.07679924252768963,0.99467751405928,0.9992635658599884,0.9954105683851671,1963,1714,0.06716717034578323,0.03767969086766243,1.7825828790664673,,,,,,,,0.0,1.0,ht29+IFNB_ELK1,ht29+IFNB,ELK1,False,True,1
ht29+IFNB_ETS1,0.021123786,0.0029236677,7.225098,0.99365693,0.18004385,0.8495862550059229,0.13520399572213776,0.9950281485375124,0.9992749962996164,0.9957500710236619,2009,1683,,,,,,,,,,,,,ht29+IFNB_ETS1,ht29+IFNB,ETS1,False,True,1
ht29+IFNB_ETS2,0.02504314,0.005019745,4.988927,0.9925614,0.05583006,0.8509320067213989,0.03747006817657646,0.9941676304539644,0.998766144114703,0.99539580542669,1864,1794,0.02463521808385849,0.029986150562763214,0.8215532302856445,0.8447261452674866,0.06889218837022781,0.7,0.15,0.9500197339631097,0.9658717244085983,0.9835878926311931,6.0,3.0,ht29+IFNB_ETS2,ht29+IFNB,ETS2,False,True,1
ht29+IFNB_FOS,0.024052365,0.0037946969,6.338415,0.9927541,0.01282801,0.8437390799614759,0.04284835625800468,0.9942917851247761,0.999113014814632,0.9951744901543992,1883,1753,0.05383502319455147,0.051608242094516754,1.0431478023529053,0.5727809071540833,0.38447490334510803,0.49999999999999994,0.49999999999999994,0.8913286991513867,0.9550054109517906,0.933323192654017,3.0,2.0,ht29+IFNB_FOS,ht29+IFNB,FOS,False,True,1
ht29+IFNB_H1F0,0.02220937,0.0022531163,9.857179,0.9931963,0.114861526,0.8313018563045558,0.1105719540731637,0.9946841227818756,0.9994434526375369,0.9952380198768611,2000,1710,,,,,,,,,,,,,ht29+IFNB_H1F0,ht29+IFNB,H1F0,False,True,1
ht29+IFNB_HERC5,0.022971155,0.0028397602,8.089118,0.99331266,0.11431421,0.8433444473861063,0.10695067955688221,0.9947697877587321,0.9993053382907193,0.9954612966045542,1972,1700,0.40849125385284424,0.49912580847740173,0.8184134364128113,,,,,,,,1.0,0.0,ht29+IFNB_HERC5,ht29+IFNB,HERC5,False,True,1
ht29+IFNB_HERC6,0.023069898,0.004473892,5.156561,0.99344975,0.16067687,0.8412846114727535,0.134375468097679,0.9948479248898131,0.9989232462421347,0.9959202858000826,2021,1644,0.4451245963573456,1.1901085376739502,0.37402015924453735,0.9980665445327759,0.9739784598350525,1.0,0.5,0.9957026006327289,0.9986194678916527,0.9970791003453177,3.0,0.0,ht29+IFNB_HERC6,ht29+IFNB,HERC6,False,True,1
ht29+IFNB_HES4,0.020987246,0.0031335263,6.6976447,0.9934726,0.123248845,0.8398448303125045,0.11126236381421459,0.9948841379537656,0.9992369460400073,0.9956438679499472,1999,1674,,,,,,,,,,,,,ht29+IFNB_HES4,ht29+IFNB,HES4,False,True,1
ht29+IFNB_ID1,0.050394837,0.046172243,1.0914531,0.98544276,0.201743,0.7981340215289308,0.1908906672393645,0.9878209409628472,0.9912395933523214,0.9965511341431466,2083,1430,0.2208925187587738,0.1969449371099472,1.1215952634811401,0.40500351786613464,-0.23008966445922852,0.3946648963553974,0.008461538461538461,0.8020864775906144,0.902655757351038,0.888585123463282,16.0,9.0,ht29+IFNB_ID1,ht29+IFNB,ID1,False,True,1
ht29+IFNB_ID2,0.022862777,0.004767817,4.7952294,0.99282956,0.1246044,0.8374331440693896,0.10895467312815044,0.9943642927583992,0.9988389254163855,0.9955201659205252,1959,1655,0.01646341197192669,0.03824860230088234,0.4304317235946655,0.5109503865242004,0.2329704761505127,0.26666666666666666,0.21666666666666667,0.887453608200423,0.9709525496363346,0.9140030669189902,8.0,1.0,ht29+IFNB_ID2,ht29+IFNB,ID2,False,True,1
ht29+IFNB_ID3,0.020407697,0.0038701324,5.2731266,0.9932633,0.1534658,0.8234687420183184,0.15143323517928337,0.9947118933447542,0.9990701079260351,0.9956377289774707,2038,1574,0.051146507263183594,0.07753266394138336,0.6596769094467163,0.7192221283912659,-0.11114528775215149,0.39999999999999997,-0.19999999999999998,0.9656756552145667,0.980486263565064,0.9848946294294367,4.0,1.0,ht29+IFNB_ID3,ht29+IFNB,ID3,False,True,1
ht29+IFNB_IFI16,0.030014344,0.02208608,1.358971,0.98957664,0.29432273,0.7974512725268886,0.3247133987747791,0.9915855005593437,0.9953642807053102,0.9962036209062185,2327,1193,0.07241282612085342,0.18923835456371307,0.382654070854187,0.8118202686309814,0.8111951351165771,0.733602629458027,0.3992307692307692,0.9347652731491444,0.9757997455657189,0.9579478549742961,21.0,4.0,ht29+IFNB_IFI16,ht29+IFNB,IFI16,False,True,1
ht29+IFNB_IFNAR1,0.015145207,0.01568766,0.9654217,0.995351,0.6379076,0.8480303003930371,0.27559656951461986,0.9963443542800783,0.9960768985799361,1.0002685090885286,2188,1498,0.10623297840356827,1.180104374885559,0.09001998603343964,0.9104311466217041,0.6954141855239868,0.8823076923076922,0.6884615384615385,0.991377976391571,0.9966305473071391,0.994729670960056,25.0,0.0,ht29+IFNB_IFNAR1,ht29+IFNB,IFNAR1,False,True,1
ht29+IFNB_IFNAR2,0.014598576,0.022483796,0.64929324,0.9953585,0.6897647,0.8444230286768497,0.3200474518067026,0.9963591274802209,0.9943303554832209,1.0020403399994906,2244,1411,0.16876424849033356,1.8459482192993164,0.09142415225505829,0.9511580467224121,0.8617359399795532,0.91,0.8923076923076924,0.9943669007696218,0.9924032603193846,1.0019786719056174,25.0,0.0,ht29+IFNB_IFNAR2,ht29+IFNB,IFNAR2,False,True,1
ht29+IFNB_IRF1,0.021765066,0.0021982603,9.901042,0.993521,0.18111977,0.854304307559238,0.12414098554003822,0.9949375565568445,0.9994606579218528,0.9954744578196674,2011,1707,0.16222509741783142,0.05852236598730087,2.7720186710357666,-0.21058732271194458,-0.5791938304901123,-0.19999999999999998,-0.39999999999999997,0.7755016175638847,0.9658929364899249,0.8028856908117309,2.0,2.0,ht29+IFNB_IRF1,ht29+IFNB,IRF1,False,True,1
ht29+IFNB_IRF3,0.026562363,0.008183083,3.2460093,0.99185884,0.085546814,0.8348161154323274,0.0756411967203777,0.9934855203964662,0.9981690850025012,0.9953078444560088,1885,1680,0.06353776156902313,0.07899055629968643,0.8043715953826904,0.6754211783409119,0.1456715166568756,0.3853846153846154,0.09,0.8926459608958491,0.9467495710626119,0.942853303745321,16.0,9.0,ht29+IFNB_IRF3,ht29+IFNB,IRF3,False,False,1
ht29+IFNB_IRF7,0.023333304,0.0027560128,8.466326,0.99306214,0.10543549,0.8495459495937738,0.08411695494350259,0.9945625015023866,0.9993413546072735,0.9952179972510344,1937,1746,,,,,,,,,,,,,ht29+IFNB_IRF7,ht29+IFNB,IRF7,False,True,1
ht29+IFNB_IRF9,0.021228753,0.00871502,2.4358814,0.9934429,0.31074905,0.8383987056659207,0.175191437518223,0.9947580135197585,0.9979725253156022,0.9967789576222781,2013,1562,0.03982211649417877,0.10886883735656738,0.36578068137168884,0.6482176184654236,0.8322519659996033,0.47239854691896027,0.42615384615384616,0.8536528724717706,0.9591959540659138,0.889967132214477,18.0,7.0,ht29+IFNB_IRF9,ht29+IFNB,IRF9,False,True,1
ht29+IFNB_JAK1,0.016906247,0.016506484,1.0242186,0.99516475,0.61378205,0.8554556643013173,0.28337582678847323,0.9962125839254701,0.995832316149932,1.000381859244143,2226,1516,0.11233184486627579,1.367713451385498,0.08213112503290176,0.9262012243270874,0.8738566040992737,0.9030769230769231,0.8823076923076922,0.9931304526794595,0.9953093564499164,0.9978108276021552,25.0,0.0,ht29+IFNB_JAK1,ht29+IFNB,JAK1,False,True,1
ht29+IFNB_JUN,0.025971167,0.005283019,4.915971,0.9921601,-0.0029807314,0.8442034700343864,0.03658968533976766,0.9938159333016299,0.9987374780629937,0.9950722338257407,1885,1746,0.038643978536129,0.043602105230093,0.8862869739532471,0.8059806227684021,0.11341239511966705,0.7912087912087913,0.2692307692307692,0.9514236833200223,0.9696686899612352,0.981184288169661,9.0,4.0,ht29+IFNB_JUN,ht29+IFNB,JUN,False,True,1
ht29+IFNB_MAP3K14,0.0222794,0.0028705369,7.7614055,0.9929178,0.06426372,0.84480446930235,0.09101528673580926,0.9944522532069597,0.9993007511186542,0.9951481094092375,1963,1682,,,,,,,,,,,,,ht29+IFNB_MAP3K14,ht29+IFNB,MAP3K14,False,False,1
ht29+IFNB_MAPK8,0.021532997,0.0031999145,6.7292414,0.99324375,0.10156752,0.8475647624167901,0.10788788362738183,0.9946970582740315,0.9992277879932264,0.9954657688931029,1966,1709,,,,,,,,,,,,,ht29+IFNB_MAPK8,ht29+IFNB,MAPK8,False,True,1
ht29+IFNB_MAPK14,0.028288988,0.008090529,3.4965563,0.99186695,0.053505994,0.8420792857116594,0.01208721160128786,0.9935383824764091,0.9980684182546942,0.9954611971529901,1771,1809,0.16850946843624115,0.1875595599412918,0.8984317779541016,0.6690990924835205,0.1503046452999115,0.6661538461538461,0.24230769230769234,0.7977814540329232,0.8384392088830229,0.9515078082950529,18.0,7.0,ht29+IFNB_MAPK14,ht29+IFNB,MAPK14,False,True,1
ht29+IFNB_MEF2A,0.021624409,0.0036785675,5.878486,0.99335635,0.14329498,0.8460883659432037,0.12330608792315882,0.9947860498425166,0.9991096174836136,0.99567257929917,1983,1692,0.6805930137634277,0.7041705250740051,0.9665173292160034,0.9997987151145935,-0.9105994701385498,1.0,-0.5,0.9997311499117084,0.9985862819504473,1.0011464887731334,3.0,0.0,ht29+IFNB_MEF2A,ht29+IFNB,MEF2A,False,True,1
ht29+IFNB_MYC,0.02367117,0.0031975883,7.40282,0.9930086,0.0374018,0.8459784874731209,0.056703541889897895,0.9945096004582025,0.999226941549137,0.9952790093073139,1885,1761,,,,,,,,,,,,,ht29+IFNB_MYC,ht29+IFNB,MYC,False,True,1
ht29+IFNB_NFE2L3,0.020953039,0.0028036903,7.4733787,0.9934751,0.133797,0.8461113037783168,0.1205438151808192,0.9948934317330727,0.9993079923985364,0.9955823823095141,1945,1720,,,,,,,,,,,,,ht29+IFNB_NFE2L3,ht29+IFNB,NFE2L3,False,True,1
ht29+IFNB_NFKB1,0.02766678,0.013447382,2.0574102,0.99161345,0.15628877,0.8267019606659646,0.1103497705373825,0.9932353369068995,0.9970928374115318,0.9961312524171305,1950,1590,0.1460905522108078,0.14589372277259827,1.0013490915298462,0.958206057548523,-0.12033593654632568,0.5924216305009762,0.1446153846153846,0.9537535956851362,0.9444127376945214,1.0098906522728797,17.0,8.0,ht29+IFNB_NFKB1,ht29+IFNB,NFKB1,False,True,1
ht29+IFNB_PARP12,0.02620261,0.0031623198,8.285882,0.9928628,0.012572474,0.8457794524453066,0.03731439762754863,0.9944108668345778,0.9992342682737833,0.9951729022989393,1904,1792,1.5790014266967773,2.2045910358428955,0.7162332534790039,,,,,,,,1.0,0.0,ht29+IFNB_PARP12,ht29+IFNB,PARP12,False,True,1
ht29+IFNB_POU2F1,0.026320098,0.017843647,1.4750403,0.99110335,0.25351536,0.8069174274830765,0.2785412903451933,0.992816868053006,0.9962545715166399,0.9965493724576836,2249,1281,0.10693035274744034,0.12701213359832764,0.8418908715248108,0.26732999086380005,0.13259392976760864,0.41194681477124956,-0.018461538461538463,0.8266328294908677,0.9325478052142732,0.8864240791397614,18.0,7.0,ht29+IFNB_POU2F1,ht29+IFNB,POU2F1,False,True,1
ht29+IFNB_RAP1GAP,0.02065978,0.0019195626,10.762754,0.99360716,0.12701069,0.8400433418930028,0.13469466193201082,0.9950136503464593,0.9995239952766238,0.9954875071019017,2033,1679,,,,,,,,,,,,,ht29+IFNB_RAP1GAP,ht29+IFNB,RAP1GAP,False,True,1
ht29+IFNB_RAPGEF1,0.027611438,0.006906842,3.9976938,0.9919359,-0.012461006,0.8394690625689226,0.009299089771889946,0.9935673144629541,0.9984587401072245,0.9951010237601354,1780,1788,0.06234714016318321,0.06397061049938202,0.974621593952179,0.755996584892273,0.09274358302354813,0.6877045594520949,0.07153846153846154,0.9158259868355119,0.9620882071098579,0.9519147829352164,15.0,10.0,ht29+IFNB_RAPGEF1,ht29+IFNB,RAPGEF1,False,True,1
ht29+IFNB_RNF114,0.02264244,0.0019356024,11.697877,0.99334675,0.06780124,0.845354868739832,0.09515046912263492,0.9948143941973911,0.9995190051586332,0.9952931250561909,1986,1741,,,,,,,,,,,,,ht29+IFNB_RNF114,ht29+IFNB,RNF114,False,True,1
ht29+IFNB_SMARCA5,0.023811312,0.00786972,3.0256872,0.9920344,0.1518107,0.7960581775913214,0.1859261012426491,0.993707833797945,0.998189737909509,0.9955099677532746,2150,1424,0.0718577578663826,0.08579564094543457,0.8375455737113953,0.8553810715675354,-0.07860252261161804,0.7324485613466615,0.07999999999999999,0.9322184268113858,0.9319516405162678,1.0002862662433538,19.0,6.0,ht29+IFNB_SMARCA5,ht29+IFNB,SMARCA5,False,True,1
ht29+IFNB_SOCS1,0.025897857,0.002423787,10.684874,0.992739,0.044100657,0.8609022497760397,0.07387228200106205,0.9943203825426102,0.9994079997390253,0.9949093691487925,1946,1752,,,,,,,,,,,,,ht29+IFNB_SOCS1,ht29+IFNB,SOCS1,False,True,1
ht29+IFNB_SP100,0.023606135,0.0027868883,8.4704275,0.9929897,0.058806766,0.843363860834484,0.09413981389195487,0.9945352396007523,0.999306040251678,0.995225886306337,2002,1743,1.9379758834838867,3.6300950050354004,0.5338636636734009,,,,,,,,1.0,0.0,ht29+IFNB_SP100,ht29+IFNB,SP100,False,True,1
ht29+IFNB_SP110,0.024139425,0.005401315,4.4691753,0.99211466,0.043338463,0.8259883179284506,0.07846115455436285,0.9938127901760712,0.9987019835192373,0.9951044521550487,1958,1665,0.0630112811923027,0.07530877739191055,0.8367056846618652,0.6347355842590332,0.6717118620872498,0.66,0.2561538461538462,0.7295528549314353,0.9630553514273422,0.7575399003288509,19.0,6.0,ht29+IFNB_SP110,ht29+IFNB,SP110,False,True,1
ht29+IFNB_STAT1,0.01699026,0.005258306,3.231128,0.9947732,0.53859425,0.8530016370152784,0.27220694406184137,0.9959138907511942,0.9986767288060698,0.9972335011168443,2202,1514,0.1306879222393036,0.21662208437919617,0.6032991409301758,0.9937106966972351,0.7409422397613525,0.8333333333333335,-0.11904761904761905,0.9897538101568197,0.9972978796618703,0.9924354902793854,5.0,3.0,ht29+IFNB_STAT1,ht29+IFNB,STAT1,False,True,1
ht29+IFNB_STAT2,0.017083112,0.02853353,0.5987031,0.9943913,0.66498226,0.8352212409115274,0.29797338009073154,0.995569289975569,0.9928312287615031,1.0027578314770391,2202,1399,0.32149842381477356,2.590902328491211,0.12408743798732758,0.9697941541671753,0.8776447772979736,0.9192307692307692,0.8930769230769231,0.9967151331036503,0.9861339136462984,1.0107300025999786,25.0,0.0,ht29+IFNB_STAT2,ht29+IFNB,STAT2,False,True,1
ht29+IFNB_STAT3,0.023921374,0.002615581,9.1457205,0.99276346,0.06091819,0.8500935152143322,0.07324486760654088,0.9943361680076124,0.9993630948305338,0.9949698694609352,1949,1749,,,,,,,,,,,,,ht29+IFNB_STAT3,ht29+IFNB,STAT3,False,True,1
ht29+IFNB_STAT4,0.021026438,0.0030003402,7.008018,0.9931261,0.1469642,0.835082728402099,0.13034364226431105,0.9946137639110328,0.9992811422768811,0.9953292640395339,2047,1604,,,,,,,,,,,,,ht29+IFNB_STAT4,ht29+IFNB,STAT4,False,True,1
ht29+IFNB_STAT5A,0.020944085,0.0019110112,10.959687,0.993303,0.15380672,0.8505912341168272,0.14731771268782526,0.9947762374782398,0.999526958967553,0.9952470301609271,2052,1665,,,,,,,,,,,,,ht29+IFNB_STAT5A,ht29+IFNB,STAT5A,False,False,1
ht29+IFNB_STAT6,0.028302664,0.010388131,2.7245193,0.99153554,0.1262775,0.8380041340713736,0.07974138860077098,0.9931716517291239,0.9976543584720106,0.9955067537120248,1878,1680,0.08669933676719666,0.08646628260612488,1.0026953220367432,0.8011496067047119,-0.11363167315721512,0.6143489246169214,0.14076923076923076,0.9365173150870908,0.9565335885020116,0.9790741552042438,17.0,8.0,ht29+IFNB_STAT6,ht29+IFNB,STAT6,False,True,1
ht29+IFNB_TRAFD1,0.02195732,0.0020365457,10.781649,0.99342996,0.096798256,0.8541383795381844,0.11123012416392318,0.9948681313900005,0.999495739081301,0.9953700576096963,1996,1718,,,,,,,,,,,,,ht29+IFNB_TRAFD1,ht29+IFNB,TRAFD1,False,True,1
ht29+IFNB_TRIM21,0.030766753,0.0096044475,3.203386,0.99196404,0.051777817,0.8293155553949216,0.032048245790313644,0.9935248981500374,0.9978706593862114,0.9956449654118029,1798,1764,0.07706192880868912,0.08337454497814178,0.9242860674858093,0.49129167199134827,0.39533016085624695,0.5680164686368773,0.08538461538461539,0.8456268178925119,0.9467008759984529,0.893235486869766,13.0,12.0,ht29+IFNB_TRIM21,ht29+IFNB,TRIM21,False,False,1
ht29+IFNB_TRIM22,0.022557857,0.004740543,4.7584963,0.99310255,0.12795353,0.839491860068353,0.10595936651010118,0.9945768941974176,0.9988762302293037,0.9956958270686858,1954,1666,0.260881245136261,1.1994811296463013,0.21749508380889893,0.9964390993118286,0.9861977100372314,0.5,1.0,0.9982209185180434,0.9999606744327133,0.9982601756657512,3.0,0.0,ht29+IFNB_TRIM22,ht29+IFNB,TRIM22,False,True,1
ht29+IFNB_TYK2,0.015837375,0.017631337,0.89825153,0.9950828,0.6197562,0.8550211166600677,0.25565377075149925,0.9961332849533125,0.9955683161829451,1.0005674836786025,2174,1499,0.1018017828464508,1.5450900793075562,0.06588727980852127,0.9558544158935547,0.7527227997779846,0.9615384615384615,0.7884615384615384,0.990708182241887,0.9882228741332546,1.0025149267171256,25.0,0.0,ht29+IFNB_TYK2,ht29+IFNB,TYK2,False,True,1
ht29+IFNB_UBA7,0.023963025,0.005370594,4.4618945,0.99335045,0.15363064,0.8406381056922851,0.09529765815908499,0.9947324852278685,0.9987483442476995,0.9959791082078279,1888,1708,0.08151377737522125,0.12725012004375458,0.6405791640281677,0.7261070013046265,0.7430641651153564,0.8101135190918473,0.09184726522187822,0.9459743467276637,0.8937308479491253,1.0584555170031598,12.0,6.0,ht29+IFNB_UBA7,ht29+IFNB,UBA7,False,True,1
ht29+IFNB_UBE2L6,0.022476595,0.004065941,5.528018,0.99294347,0.06635115,0.8305879528494524,0.08898203158979355,0.9944470794690281,0.9990273882966562,0.995415231973332,1949,1659,,,,,,,,,,,,,ht29+IFNB_UBE2L6,ht29+IFNB,UBE2L6,False,True,1
ht29+IFNB_USP18,0.0393427,0.016674338,2.359476,0.9872638,-0.100040615,0.8207707495696474,0.05662721367037153,0.9900144035398304,0.9957778655285712,0.9942121007222012,1949,1719,1.143844723701477,0.8419433832168579,1.358576774597168,0.7681377530097961,-0.01017727516591549,0.7953846153846152,0.013846153846153848,0.8938110389253677,0.9305200076478337,0.9605500489825481,16.0,9.0,ht29+IFNB_USP18,ht29+IFNB,USP18,False,True,1
ht29+IFNB_VAV1,0.02225964,0.0023381389,9.520239,0.9930786,0.060390987,0.8368300934487323,0.06195424177553086,0.9945954770105244,0.9994226812974296,0.9951700072679573,1919,1779,,,,,,,,,,,,,ht29+IFNB_VAV1,ht29+IFNB,VAV1,False,True,1
ht29+IFNB_ZBP1,0.020778475,0.002455815,8.460929,0.9931614,0.104508094,0.8254305412278411,0.11827832613406361,0.994653821983708,0.9994043888643807,0.9952466019425122,2058,1658,,,,,,,,,,,,,ht29+IFNB_ZBP1,ht29+IFNB,ZBP1,False,True,1
ht29+IFNB_ZNFX1,0.022900358,0.0040394594,5.669164,0.99289286,0.11478711,0.8387197967157222,0.12564324438078806,0.9944233284788068,0.9990409443216884,0.99537795135512,1956,1666,0.3194062411785126,0.37220001220703125,0.8581575155258179,0.9962078928947449,0.2836786210536957,0.3142857142857143,0.2571428571428572,0.9942875274091041,0.995321936057922,0.9989607295776934,4.0,2.0,ht29+IFNB_ZNFX1,ht29+IFNB,ZNFX1,False,True,1
ht29+INS_GRB10,0.0070368727,0.0009279563,7.583194,0.99786615,0.09632639,0.8764303823313767,0.09139930471188289,0.9983373993904368,0.9997584729957828,0.9985785830840845,2308,2055,0.507587730884552,0.44768956303596497,1.1337939500808716,1.0,-1.0,0.9999999999999999,-0.9999999999999999,0.9997896248557003,0.9997740044224466,1.0000156239642006,0.0,2.0,ht29+INS_GRB10,ht29+INS,GRB10,True,False,1
ht29+TNFA_MAP3K14,0.0021778836,0.0010510272,2.0721476,0.9992916,0.2525463,0.902621436916921,0.2182063456624309,0.9994474440522141,0.9997369066945031,0.9997104611819863,2354,1683,,,,,,,,,,,,,ht29+TNFA_MAP3K14,ht29+TNFA,MAP3K14,True,False,1
k562+IFNB_ADAR,0.043078776,0.012063805,3.5709112,0.9860654,0.2604925,0.8301950802632114,0.34309442209016916,0.9890685128418193,0.9968459181552688,0.9921979864974096,2362,1225,0.06986726075410843,0.20034372806549072,0.3487369418144226,0.4584295451641083,0.30936190485954285,0.15604395604395604,0.2351648351648352,0.934419718749381,0.9829020736481469,0.9506742775312108,14.0,0.0,k562+IFNB_ADAR,k562+IFNB,ADAR,False,True,1
k562+IFNB_AKT1,0.031857543,0.011455821,2.7809043,0.9877618,0.20435363,0.8580592446214136,0.23648749616197368,0.9903988384055882,0.9969443130475815,0.9934344631326656,2144,1460,0.1420494168996811,0.2197362780570984,0.6464540958404541,0.5310673117637634,0.0683860331773758,0.6,0.08333333333333334,0.9006647252680737,0.968497255014768,0.9299610511073054,7.0,2.0,k562+IFNB_AKT1,k562+IFNB,AKT1,False,True,1
k562+IFNB_BATF2,0.031042323,0.011277285,2.7526414,0.9884925,0.2863961,0.854283689046536,0.3044277248225871,0.9910042196470427,0.9970172318939933,0.9939689986746488,2265,1324,,,,,,,,,,,,,k562+IFNB_BATF2,k562+IFNB,BATF2,False,True,1
k562+IFNB_BRD9,0.036839146,0.0072639845,5.0714793,0.9890883,0.31093246,0.8397683908302205,0.3111811744694015,0.9914637708386308,0.9979814545039358,0.9934691334835027,2305,1330,0.035887181758880615,0.19881796836853027,0.18050271272659302,1.0,-1.0,0.9999999999999999,-0.9999999999999999,0.9925601901878094,0.9911130790582239,1.001460086805595,2.0,0.0,k562+IFNB_BRD9,k562+IFNB,BRD9,False,False,1
k562+IFNB_CEBPB,0.029711228,0.023426777,1.2682593,0.9882782,0.434318,0.8462486714741154,0.4050865927922943,0.9906015759548044,0.9941841470878618,0.9963964712739068,2346,1181,0.15391971170902252,0.3534829318523407,0.43543747067451477,0.6094293594360352,0.35822218656539917,0.7653846153846153,0.3830769230769231,0.8885372271696819,0.9665636130459296,0.9192744431684498,23.0,2.0,k562+IFNB_CEBPB,k562+IFNB,CEBPB,False,True,1
k562+IFNB_CEBPG,0.028342962,0.012805142,2.2134047,0.98952395,0.40047908,0.849110590932839,0.3743485846983249,0.9917903941261013,0.9966822294941347,0.9950918806182425,2320,1249,0.07490519434213638,0.26256483793258667,0.2852826416492462,0.8976173400878906,0.6561972498893738,0.9230769230769231,0.6661538461538461,0.9498937494638806,0.9729203907611909,0.976332450716451,24.0,1.0,k562+IFNB_CEBPG,k562+IFNB,CEBPG,False,True,1
k562+IFNB_CRKL,0.034331597,0.009276114,3.7010753,0.98858154,0.2965232,0.8399679879723511,0.311589249881832,0.9910803395468893,0.9975167719237028,0.993547544705037,2288,1288,0.050061047077178955,0.3904237747192383,0.12822233140468597,,,,,,,,1.0,0.0,k562+IFNB_CRKL,k562+IFNB,CRKL,False,True,1
k562+IFNB_DRAP1,0.031571656,0.024143549,1.3076643,0.98758745,0.44964376,0.8347255839930144,0.4683925271545459,0.9901303330891043,0.9942875415378378,0.9958189072325057,2493,1063,0.09248112887144089,0.32035550475120544,0.28868281841278076,0.9584439992904663,0.4954882264137268,0.6915384615384614,0.4923076923076923,0.9651493617682566,0.9223716675254267,1.0463779360846974,25.0,0.0,k562+IFNB_DRAP1,k562+IFNB,DRAP1,False,True,1
k562+IFNB_DTX3L,0.031931877,0.008565306,3.7280488,0.9888959,0.28929353,0.8456489693397564,0.31058229590361414,0.9913415984921221,0.9977150585429524,0.993611943614304,2280,1328,0.16946592926979065,1.0220459699630737,0.1658104807138443,1.0,1.0,0.9999999999999999,0.9999999999999999,0.9949214603946308,0.994306244450923,1.0006187388917058,2.0,0.0,k562+IFNB_DTX3L,k562+IFNB,DTX3L,False,True,1
k562+IFNB_ELK1,0.034403034,0.007964444,4.319577,0.98833555,0.17166537,0.8599087858699251,0.19199464857857867,0.9909683712835725,0.9977173486982923,0.9932355817772187,2111,1568,0.3771034777164459,0.5255213379859924,0.7175797820091248,0.8519766330718994,0.8268032670021057,0.7,0.6,0.9615678236521155,0.866119114622931,1.110202750889222,4.0,1.0,k562+IFNB_ELK1,k562+IFNB,ELK1,False,True,1
k562+IFNB_ETS1,0.0294057,0.012667988,2.3212605,0.98862934,0.299327,0.8537468084170716,0.2955356375539247,0.9910499753657762,0.996719701086386,0.994311614675189,2204,1360,0.07641296088695526,0.26086708903312683,0.2929191291332245,0.6534226536750793,0.6619567275047302,0.37762237762237766,0.46153846153846156,0.9144148311149606,0.9721086449732468,0.9406508581560099,12.0,0.0,k562+IFNB_ETS1,k562+IFNB,ETS1,False,True,1
k562+IFNB_ETS2,0.02796265,0.008008575,3.4915886,0.98982525,0.2992429,0.8630139015149497,0.27052426227037685,0.9921147416061707,0.9977432982892255,0.9943587126140504,2224,1451,0.1533229649066925,0.46097618341445923,0.3326049745082855,0.9056903719902039,0.3799986243247986,0.39999999999999997,0.7999999999999999,0.9394492015791219,0.9901175647627494,0.9488259122079422,4.0,0.0,k562+IFNB_ETS2,k562+IFNB,ETS2,False,True,1
k562+IFNB_FOS,0.0302897,0.012678007,2.3891532,0.9884098,0.2989689,0.8508647347963976,0.31334359918720356,0.9909128377924535,0.9967036671892829,0.9941900189720786,2249,1334,0.1333467662334442,0.3351411819458008,0.3978823721408844,0.8871792554855347,0.6117989420890808,0.7692307692307694,0.49650349650349657,0.9293006484612997,0.9622833237022862,0.9657245694396022,11.0,1.0,k562+IFNB_FOS,k562+IFNB,FOS,False,True,1
k562+IFNB_H1F0,0.034512572,0.007811171,4.4183607,0.989633,0.37847692,0.8458712709528536,0.3708714844698733,0.9918894558510322,0.9978797736958185,0.9939969543399,2421,1219,,,,,,,,,,,,,k562+IFNB_H1F0,k562+IFNB,H1F0,False,True,1
k562+IFNB_HERC5,0.02977005,0.011245016,2.6473994,0.98921084,0.346516,0.8504085402352441,0.3482384105693147,0.9915496734692831,0.9970289846595288,0.9945043611825218,2319,1287,0.09074383229017258,0.19750966131687164,0.4594399631023407,0.8975595235824585,0.011943339370191097,0.6607142857142856,0.10357142857142855,0.9585945899183501,0.957456428107899,1.0011887348364252,14.0,1.0,k562+IFNB_HERC5,k562+IFNB,HERC5,False,True,1
k562+IFNB_HERC6,0.029628165,0.011490427,2.5785086,0.989393,0.3614804,0.8461939973086238,0.3623200667145007,0.991681154575158,0.9969971026271683,0.994668040621179,2316,1247,0.10417281091213226,0.3621250092983246,0.2876708507537842,0.8974992036819458,0.7801396250724792,0.8303030303030302,0.6606060606060605,0.967483082321068,0.9836037579760192,0.9836105997722874,9.0,1.0,k562+IFNB_HERC6,k562+IFNB,HERC6,False,True,1
k562+IFNB_HES4,0.0289125,0.010191214,2.8370025,0.9895947,0.3652324,0.8434298804677576,0.3276348602629861,0.9918747876950564,0.9973238992110187,0.9945362669838023,2268,1341,,,,,,,,,,,,,k562+IFNB_HES4,k562+IFNB,HES4,False,True,1
k562+IFNB_ID1,0.045140844,0.086652555,0.5209407,0.98018014,0.6153561,0.8043224919731132,0.6190812140263231,0.9836307831414007,0.9836925924553329,0.9999371660268602,2650,823,0.18673628568649292,0.6459136009216309,0.2891041338443756,0.9411344528198242,0.6504592895507812,0.6977286134010865,0.4146153846153846,0.9171917167813999,0.877138100889236,1.0456639790832911,25.0,0.0,k562+IFNB_ID1,k562+IFNB,ID1,False,True,1
k562+IFNB_ID2,0.030703658,0.009952736,3.0849464,0.98953843,0.39720404,0.8479108423912581,0.3832757057730744,0.9918309480077159,0.9973678213182472,0.9944485141868593,2371,1259,0.05676000565290451,0.25419914722442627,0.22328951954841614,1.0,1.0,0.9999999999999999,0.9999999999999999,0.9295428551800142,0.9586355966908697,0.9696519286251405,2.0,0.0,k562+IFNB_ID2,k562+IFNB,ID2,False,True,1
k562+IFNB_ID3,0.03609,0.017644852,2.0453558,0.9876125,0.43897423,0.8198734398713061,0.4854269176497172,0.990225229589118,0.9957553985490197,0.9944462576171215,2522,1026,0.054636150598526,0.21428930759429932,0.2549644410610199,0.8626108169555664,0.41216886043548584,0.7376923076923076,0.2746153846153846,0.9349434272061223,0.9537906028961132,0.9802397133786359,24.0,1.0,k562+IFNB_ID3,k562+IFNB,ID3,False,True,1
k562+IFNB_IFI16,0.04390047,0.06743488,0.65100545,0.9793386,0.5895771,0.7857885518227616,0.6362906307528795,0.9832753614332754,0.9873969895467172,0.9958257639459344,2744,736,0.1749088168144226,0.6501938104629517,0.2690102756023407,0.720012903213501,0.6569494605064392,0.6138461538461538,0.3715384615384616,0.8768392751128642,0.9462920721999039,0.9266053271210669,23.0,2.0,k562+IFNB_IFI16,k562+IFNB,IFI16,False,True,1
k562+IFNB_IFNAR1,0.020479206,0.021188663,0.96651715,0.9927448,0.66553724,0.8642630689730035,0.3662566964004924,0.9943030295743537,0.9941928988484942,1.0001107740016923,2304,1291,0.4455525875091553,1.3792649507522583,0.323036253452301,0.7505195736885071,0.6407867670059204,0.7323076923076922,0.713076923076923,0.9479158135052919,0.9797127201073946,0.9675446628899365,25.0,0.0,k562+IFNB_IFNAR1,k562+IFNB,IFNAR1,False,True,1
k562+IFNB_IFNAR2,0.020340504,0.026937103,0.75511104,0.992833,0.6949755,0.863844753626257,0.3927959413557375,0.9943356623411106,0.9926678190567374,1.0016801625401315,2372,1201,0.2822904586791992,1.9674514532089233,0.14348027110099792,0.8194544911384583,0.7868219017982483,0.7853846153846153,0.7407692307692308,0.9585699979830516,0.9715725553794764,0.9866169980569838,25.0,0.0,k562+IFNB_IFNAR2,k562+IFNB,IFNAR2,False,True,1
k562+IFNB_IRF1,0.031557545,0.00811611,3.88826,0.98833966,0.22239521,0.8650818393736113,0.28348263574012295,0.9909227212812629,0.9978012384523472,0.9931063252820237,2245,1373,,,,,,,,,,,,,k562+IFNB_IRF1,k562+IFNB,IRF1,False,True,1
k562+IFNB_IRF3,0.037130516,0.037121687,1.0002378,0.98484933,0.41853866,0.8364865322706346,0.4234020173829848,0.9876573523013477,0.9916307524928653,0.9959930647758464,2365,1151,0.11520800739526749,0.29908183217048645,0.38520562648773193,0.7186644077301025,0.3008853495121002,0.6207692307692307,0.29000000000000004,0.9328196661712045,0.9655176125941052,0.9661342827967172,24.0,1.0,k562+IFNB_IRF3,k562+IFNB,IRF3,False,False,1
k562+IFNB_IRF7,0.02840083,0.008046191,3.5297236,0.9896131,0.33016822,0.8642219548678695,0.3099392072252674,0.9918991102128087,0.9978128294216372,0.9940733181269515,2244,1360,0.025539297610521317,0.22486770153045654,0.11357477307319641,1.0,1.0,0.9999999999999999,0.9999999999999999,0.9783716392834032,0.9706672010857127,1.0079372602567316,2.0,0.0,k562+IFNB_IRF7,k562+IFNB,IRF7,False,True,1
k562+IFNB_IRF9,0.02777382,0.02254137,1.2321265,0.98921204,0.50017023,0.8416088415769786,0.4062133253682071,0.9914346543822602,0.994328675360105,0.9970894724756915,2336,1198,0.146683007478714,0.35798782110214233,0.4097430109977722,0.9275132417678833,0.4926517605781555,0.8001538905467731,0.36076923076923073,0.9461879179033155,0.943654589999643,1.002684592360933,24.0,1.0,k562+IFNB_IRF9,k562+IFNB,IRF9,False,True,1
k562+IFNB_JAK1,0.018687036,0.014971454,1.2481778,0.99292564,0.64946723,0.8734877018247053,0.3435325026782466,0.9944571740165516,0.9959039726309886,0.9985472508854294,2252,1362,0.4435058534145355,0.7660412788391113,0.5789581537246704,0.8084444403648376,0.8172772526741028,0.8592307692307692,0.8453846153846154,0.915916829588112,0.9848378719790796,0.930017879742513,23.0,2.0,k562+IFNB_JAK1,k562+IFNB,JAK1,False,True,1
k562+IFNB_JUN,0.028927872,0.010507434,2.7530863,0.9891747,0.32809302,0.8642148225694131,0.32649078947248106,0.9915495886814489,0.9972194737354644,0.9943143057237173,2293,1309,0.25980260968208313,0.39764147996902466,0.6533589363098145,0.9771921038627625,-0.516457736492157,0.7,-0.6,0.9857725623027693,0.969233765663603,1.0170637850486386,3.0,2.0,k562+IFNB_JUN,k562+IFNB,JUN,False,True,1
k562+IFNB_MAP3K14,0.03042273,0.011681188,2.604421,0.9886821,0.34404248,0.8545578134399106,0.3544662064092134,0.9911189972811113,0.9970005417701523,0.9941007609899605,2333,1240,0.07761362195014954,0.2916402518749237,0.26612794399261475,0.4941639304161072,0.6804152727127075,0.5714285714285715,0.8333333333333335,0.9383323786557414,0.9575924426660637,0.9798869924696776,7.0,1.0,k562+IFNB_MAP3K14,k562+IFNB,MAP3K14,False,False,1
k562+IFNB_MAPK8,0.032108873,0.009126163,3.5183322,0.9887086,0.29214656,0.8491177548656536,0.30122752409235426,0.9911910056860981,0.9975721000936355,0.9936033752277771,2272,1359,0.18300151824951172,0.29279348254203796,0.6250190734863281,,,,,,,,1.0,0.0,k562+IFNB_MAPK8,k562+IFNB,MAPK8,False,True,1
k562+IFNB_MAPK14,0.038084377,0.028277857,1.3467915,0.98469144,0.29655465,0.847626704027282,0.3474043853077398,0.987650603660239,0.993422329109183,0.9941900586690863,2273,1246,0.10660907626152039,0.30185022950172424,0.35318535566329956,0.7489733695983887,0.4474226236343384,0.546923076923077,0.28538461538461535,0.9356591252620957,0.9707890567587131,0.9638130124644073,24.0,1.0,k562+IFNB_MAPK14,k562+IFNB,MAPK14,False,True,1
k562+IFNB_MEF2A,0.030761933,0.011188753,2.749362,0.9886731,0.31227422,0.8533276103110093,0.3379650520015448,0.9911445046619388,0.9970484120165514,0.9940786151570395,2292,1301,0.5138227939605713,0.8230276703834534,0.6243080496788025,0.9698846340179443,-0.2620656192302704,0.7999999999999999,-0.19999999999999998,0.9880385567232344,0.9902283400689015,0.9977886076806136,4.0,0.0,k562+IFNB_MEF2A,k562+IFNB,MEF2A,False,True,1
k562+IFNB_MYC,0.0272249,0.01285894,2.1171963,0.9895972,0.37690067,0.8533324552796852,0.35401115156900675,0.9917973920153302,0.9966975850645606,0.9950835708617545,2292,1279,0.06955599039793015,0.20138072967529297,0.3453954756259918,0.8035112619400024,0.5662043690681458,0.82229055744011,0.5789473684210525,0.9333218363520758,0.9615458700154466,0.9706472311477794,18.0,1.0,k562+IFNB_MYC,k562+IFNB,MYC,False,True,1
k562+IFNB_NFE2L3,0.030511389,0.01770691,1.7231345,0.9879043,0.34670785,0.8469984558010444,0.3671393770478078,0.9903972892393723,0.9957224551913094,0.9946519575568736,2289,1259,0.18359805643558502,0.2633558213710785,0.6971482634544373,0.952316403388977,0.00676339864730835,0.713076923076923,0.13076923076923078,0.9710779154222569,0.9536377905374176,1.0182879968242564,21.0,4.0,k562+IFNB_NFE2L3,k562+IFNB,NFE2L3,False,True,1
k562+IFNB_NFKB1,0.033870064,0.028713964,1.1795677,0.9862056,0.44824556,0.8297458865811739,0.479341618275577,0.9889741140742898,0.9935125382516375,0.9954319407127621,2465,1051,0.16270358860492706,0.33795616030693054,0.48143401741981506,0.6383236646652222,0.2670215368270874,0.6293518100646733,0.2169230769230769,0.8653398256197294,0.9561832918589585,0.9049936690876326,22.0,3.0,k562+IFNB_NFKB1,k562+IFNB,NFKB1,False,True,1
k562+IFNB_PARP12,0.02818032,0.007921396,3.5574942,0.9899025,0.32143927,0.8592328134673649,0.30067177824250774,0.9921482384878761,0.997833548219215,0.9943023465772571,2244,1383,1.1835942268371582,2.9212183952331543,0.4051714241504669,,,,,,,,1.0,0.0,k562+IFNB_PARP12,k562+IFNB,PARP12,False,True,1
k562+IFNB_POU2F1,0.03868031,0.044485793,0.8694981,0.98364496,0.5324196,0.8032795238460204,0.5765430002635774,0.9868260191039601,0.9905129031567838,0.9962778031047617,2644,844,0.09296660125255585,0.33121106028556824,0.2806868851184845,0.4543137550354004,0.5812512040138245,0.2700519380595359,0.39692307692307693,0.8756110707771074,0.8952640594850122,0.9780478301349326,24.0,1.0,k562+IFNB_POU2F1,k562+IFNB,POU2F1,False,True,1
k562+IFNB_RAP1GAP,0.0334881,0.0072123404,4.6431665,0.9891748,0.30649084,0.8480475090236672,0.3377707479079032,0.9915580318760973,0.9980613613008563,0.9934840384800763,2346,1291,,,,,,,,,,,,,k562+IFNB_RAP1GAP,k562+IFNB,RAP1GAP,False,True,1
k562+IFNB_RAPGEF1,0.03180601,0.016278086,1.9539158,0.98751676,0.33542466,0.8516788207785558,0.3762163919640721,0.99016986411541,0.9960824915388887,0.9940641187113488,2353,1223,0.058743916451931,0.24455296993255615,0.24020937085151672,0.9486053586006165,0.7447981238365173,0.883076923076923,0.6184615384615385,0.9594450674670243,0.9558064023033399,1.003806906037578,24.0,1.0,k562+IFNB_RAPGEF1,k562+IFNB,RAPGEF1,False,True,1
k562+IFNB_RNF114,0.03312719,0.007969666,4.1566596,0.9887674,0.27831194,0.851848138900469,0.313636924309008,0.9912501820350675,0.9978776658738753,0.9933584205103901,2323,1299,0.02450227364897728,0.17802269756793976,0.13763567805290222,,,,,,,,1.0,0.0,k562+IFNB_RNF114,k562+IFNB,RNF114,False,True,1
k562+IFNB_SMARCA5,0.050681204,0.03983337,1.2723303,0.9822831,0.46598285,0.7810666170192098,0.5255049916530583,0.9858115387722578,0.9902791692898482,0.9954885140916433,2618,893,0.26909276843070984,0.6181899905204773,0.4352913796901703,0.8747705221176147,0.009658604860305786,0.6809001857056675,0.09461538461538462,0.9146173360261208,0.9057816904601789,1.0097547186689688,23.0,2.0,k562+IFNB_SMARCA5,k562+IFNB,SMARCA5,False,True,1
k562+IFNB_SOCS1,0.03106087,0.006946263,4.4715943,0.98837537,0.183359,0.8638498981705233,0.21135161147658071,0.9909662536356573,0.9980906531012766,0.9928619715619194,2119,1495,0.024076512083411217,0.28366991877555847,0.08487509936094284,0.7111155986785889,0.5069024562835693,0.5,0.5,0.9777103789995983,0.9978816918754424,0.9797858673627596,3.0,0.0,k562+IFNB_SOCS1,k562+IFNB,SOCS1,False,True,1
k562+IFNB_SP100,0.031750306,0.008494321,3.7378273,0.9887627,0.26116168,0.8542080980202533,0.2843621928465924,0.9912454250555917,0.9976872648068505,0.9935432274436158,2252,1368,0.2045489251613617,0.8604359030723572,0.237727090716362,0.999954879283905,0.992579996585846,0.7999999999999999,1.0,0.9968738346424766,0.9918190839434268,1.005096444281907,4.0,0.0,k562+IFNB_SP100,k562+IFNB,SP100,False,True,1
k562+IFNB_SP110,0.03605143,0.020741494,1.7381308,0.98643064,0.37784562,0.8303444369528565,0.4391953956655797,0.9892585276932471,0.9949441929189418,0.9942854430769487,2475,1067,0.06825704127550125,0.263083279132843,0.2594503164291382,0.5513089299201965,0.44185954332351685,0.4646153846153846,0.4946153846153846,0.8830152465998614,0.962038390655252,0.9178586376354823,25.0,0.0,k562+IFNB_SP110,k562+IFNB,SP110,False,True,1
k562+IFNB_STAT1,0.024238853,0.011234418,2.1575532,0.9912393,0.52966535,0.8690128505608253,0.31167125466371776,0.9931820200447352,0.996891344396134,0.9962791086789446,2277,1341,0.05621393769979477,0.48170194029808044,0.11669859290122986,0.9712388515472412,0.847953736782074,0.6363636363636364,0.7545454545454545,0.9793376433645067,0.9804103620521439,0.9989058472562531,11.0,0.0,k562+IFNB_STAT1,k562+IFNB,STAT1,False,True,1
k562+IFNB_STAT2,0.021893777,0.0354017,0.6184386,0.99180573,0.6919837,0.8499816110741549,0.4283769908413334,0.9934753001514022,0.990685700595113,1.0028158270121528,2413,1137,0.17881421744823456,2.3889575004577637,0.07485031336545944,0.8474791049957275,0.7483420968055725,0.7992307692307692,0.7076923076923076,0.9721310992122365,0.9702691859077671,1.0019189657174647,25.0,0.0,k562+IFNB_STAT2,k562+IFNB,STAT2,False,True,1
k562+IFNB_STAT3,0.028771637,0.0094258925,3.0524046,0.9891119,0.3175211,0.8601592633343395,0.3078639505317981,0.9914894221587564,0.997488516030074,0.9939858015657227,2247,1358,,,,,,,,,,,,,k562+IFNB_STAT3,k562+IFNB,STAT3,False,True,1
k562+IFNB_STAT4,0.03585521,0.01290052,2.7793617,0.9872631,0.3171934,0.8480989392372148,0.37662653579389327,0.9900120580269602,0.996689035373697,0.9933008419780265,2395,1203,0.019437434151768684,0.17947083711624146,0.10830413550138474,0.6336680054664612,0.6807929873466492,0.6969696969696969,0.6242424242424242,0.9407396697931028,0.9805756562001037,0.9593748976378099,10.0,0.0,k562+IFNB_STAT4,k562+IFNB,STAT4,False,True,1
k562+IFNB_STAT5A,0.03373175,0.005624462,5.997329,0.988936,0.2175399,0.8669139833897823,0.22732859330276362,0.9914188609684065,0.9983882182408593,0.9930193915101154,2208,1478,,,,,,,,,,,,,k562+IFNB_STAT5A,k562+IFNB,STAT5A,False,False,1
k562+IFNB_STAT6,0.038226258,0.03330392,1.1478006,0.9843502,0.3729058,0.8396788935527779,0.40956936794749993,0.9873824047397455,0.9925874401531061,0.9947560938182356,2336,1174,0.13989382982254028,0.3945310115814209,0.35458260774612427,0.4818439185619354,0.5153360366821289,0.4761538461538461,0.31153846153846154,0.8920540034312056,0.952189626434483,0.936844908478516,22.0,3.0,k562+IFNB_STAT6,k562+IFNB,STAT6,False,True,1
k562+IFNB_TRAFD1,0.028447986,0.0068406556,4.1586637,0.98967636,0.28932407,0.8596167522174517,0.2865010544052263,0.9919682251638021,0.9981422732691294,0.993814460853255,2214,1408,,,,,,,,,,,,,k562+IFNB_TRAFD1,k562+IFNB,TRAFD1,False,True,1
k562+IFNB_TRIM21,0.03878027,0.047376495,0.81855506,0.98423934,0.46064836,0.8352843353099806,0.47268557575271514,0.9869324821042695,0.9896218905118025,0.9972823879167203,2433,1050,0.18471235036849976,0.47914350032806396,0.3855052888393402,0.800321102142334,0.5522412061691284,0.6900000000000001,0.33,0.9395932441390664,0.964226586347915,0.9744527452803916,22.0,3.0,k562+IFNB_TRIM21,k562+IFNB,TRIM21,False,False,1
k562+IFNB_TRIM22,0.030904865,0.019691616,1.5694427,0.9882915,0.42759418,0.8415123238446783,0.43972225817926996,0.9907196188972694,0.9951498027703712,0.9955482241359354,2440,1102,0.08701994270086288,0.3175725042819977,0.27401599287986755,0.6906326413154602,0.7143673896789551,0.6366609081033219,0.5346153846153846,0.8998642605325388,0.9584918664559765,0.938833486255639,25.0,0.0,k562+IFNB_TRIM22,k562+IFNB,TRIM22,False,True,1
k562+IFNB_TYK2,0.021507643,0.015908562,1.351954,0.9924229,0.6196844,0.8647393542494263,0.3311760417693333,0.9940847901079367,0.9956060678381814,0.9984720083782254,2276,1319,0.30989280343055725,0.9617069363594055,0.32223206758499146,0.7896562814712524,0.8741176128387451,0.85,0.9053846153846155,0.9234814702584176,0.9823726364351801,0.9400521105815143,25.0,0.0,k562+IFNB_TYK2,k562+IFNB,TYK2,False,True,1
k562+IFNB_UBA7,0.0310533,0.01575666,1.9708048,0.9880006,0.33723778,0.8426860498697295,0.3630011213648383,0.9905243565062309,0.9961274734862975,0.9943751004472786,2331,1239,0.15773724019527435,0.2777794301509857,0.5678507089614868,0.9567665457725525,-0.06515397876501083,0.6507692307692308,0.2069230769230769,0.9761669059779651,0.9465263676489333,1.031315068805379,23.0,2.0,k562+IFNB_UBA7,k562+IFNB,UBA7,False,True,1
k562+IFNB_UBE2L6,0.03269971,0.026647024,1.227143,0.986518,0.4455471,0.8302901253760924,0.47128149636254585,0.9892745852872836,0.9942627407713364,0.9949830610365797,2483,1062,0.12989453971385956,0.3463491201400757,0.37503930926322937,0.8036367893218994,0.4390701353549957,0.8215384615384616,0.5676923076923077,0.9235456643445052,0.9715052710020651,0.950633714413004,24.0,1.0,k562+IFNB_UBE2L6,k562+IFNB,UBE2L6,False,True,1
k562+IFNB_USP18,0.055929534,0.017203955,3.2509696,0.9817059,0.038723897,0.8254776814136228,0.3353731610537195,0.9856659167907963,0.9951104062426436,0.9905091039219377,2386,1250,0.7927355766296387,0.5910643935203552,1.3411999940872192,0.7139647006988525,0.2357901632785797,0.7053846153846153,0.30538461538461537,0.8702155850232348,0.8536545859349282,1.0194001172853409,20.0,5.0,k562+IFNB_USP18,k562+IFNB,USP18,False,True,1
k562+IFNB_VAV1,0.03274822,0.006575112,4.980633,0.9890705,0.28753358,0.8544513520721884,0.31748167543618633,0.9914944166143727,0.9982128734708035,0.9932695149151196,2303,1324,,,,,,,,,,,,,k562+IFNB_VAV1,k562+IFNB,VAV1,False,True,1
k562+IFNB_ZBP1,0.035631273,0.010487116,3.3976235,0.9886434,0.38364166,0.8419118886038345,0.40158265719187264,0.9911039487603547,0.9972632717831816,0.9938237743260978,2445,1150,0.039255738258361816,0.2859395742416382,0.13728682696819305,0.38878071308135986,0.45284390449523926,0.5,0.5,0.9254525405744138,0.9925742309576667,0.9323761505288206,3.0,0.0,k562+IFNB_ZBP1,k562+IFNB,ZBP1,False,True,1
k562+IFNB_ZNFX1,0.03315036,0.017701937,1.8726968,0.9872453,0.36081594,0.8472746549848044,0.41030493333269985,0.9899223871499222,0.9956754185555946,0.9942219810809247,2404,1144,0.1802050620317459,0.33918124437332153,0.5312942862510681,0.8493645787239075,0.2752147614955902,0.8184615384615385,0.3215384615384615,0.9222888521286449,0.9670043951805196,0.9537586971944142,23.0,2.0,k562+IFNB_ZNFX1,k562+IFNB,ZNFX1,False,True,1
k562+INS_FOXM1,0.011128939,0.008152462,1.3651017,0.9959161,0.34532073,0.8905732995381804,0.35050899692144605,0.9968045667285605,0.9977135154843986,0.9990889681840215,2582,1377,0.03848101198673248,0.13542602956295013,0.28414782881736755,0.9374092817306519,0.7357378602027893,0.7092307692307692,0.5169230769230769,0.9547131770312198,0.9708182086341934,0.9834108678022931,24.0,1.0,k562+INS_FOXM1,k562+INS,FOXM1,True,False,1
k562+INS_RPS6KB1,0.013092526,0.0041790977,3.1328595,0.99681115,0.3247412,0.8973889105685291,0.2800120390927209,0.9973997466750522,0.9987766623490175,0.9986213978300945,2505,1645,0.40257713198661804,0.3228299617767334,1.2470252513885498,0.9736292958259583,-0.04428964853286743,0.7857142857142859,0.3571428571428572,0.9657402076086666,0.9385084710028778,1.0290159731607849,4.0,3.0,k562+INS_RPS6KB1,k562+INS,RPS6KB1,True,False,1
k562+INS_SRF,0.012156688,0.0069049317,1.7605804,0.9962479,0.3367509,0.8955918422521231,0.30543626807706487,0.9970288506565808,0.9979744205107356,0.9990525109314216,2516,1530,0.06850388646125793,0.09635990113019943,0.7109169363975525,0.7623947858810425,0.5703746676445007,0.6153846153846153,0.5915384615384616,0.8098343195565905,0.6875624869964776,1.1778337749260297,21.0,4.0,k562+INS_SRF,k562+INS,SRF,True,False,1
k562+TNFA_CREB1,0.0059487326,0.0033191626,1.792239,0.9978328,0.19694401,0.9110393968632932,0.22129003992518928,0.9983147811874803,0.9990515797829764,0.9992625019464398,2327,1595,0.012862402945756912,0.02601727284491062,0.4943793714046478,0.790986180305481,0.26468485593795776,0.5868368683374969,0.1666666666666667,0.9733881227811914,0.9893469804951005,0.9838693016418538,7.0,1.0,k562+TNFA_CREB1,k562+TNFA,CREB1,True,False,1
k562+TNFA_TNFRSF1A,0.012418932,0.019037234,0.65234965,0.99611986,0.5910226,0.8976212733657201,0.3888844940457859,0.9966894477321894,0.9950361889171678,1.0016615062180005,2409,1424,0.2576720714569092,0.6261208057403564,0.4115373194217682,0.950518786907196,0.8987625241279602,0.8946153846153846,0.78,0.955902074784341,0.9540105536011982,1.0019827046734469,23.0,2.0,k562+TNFA_TNFRSF1A,k562+TNFA,TNFRSF1A,True,False,1
k562+TNFA_TRAF3,0.015231183,0.0052930433,2.8775852,0.99581015,-0.05747796,0.8934408459912495,0.14926861819206763,0.996673693207387,0.9984671741200285,0.9982037657730489,2341,1624,0.38104793429374695,0.28074678778648376,1.3572654724121094,0.758628249168396,-0.12531138956546783,0.5686274509803922,0.02450980392156863,0.8253278977346261,0.8760325247309475,0.9421201547146961,10.0,7.0,k562+TNFA_TRAF3,k562+TNFA,TRAF3,True,False,1
mcf7+TGFB_RPS6KB1,0.0060994723,0.005798299,1.0519416,0.9983613,0.5694829,0.8627826061366227,0.44911725830539057,0.9986354097183215,0.9984063220444801,1.000229453348585,2183,976,,,,,,,,,,,,,mcf7+TGFB_RPS6KB1,mcf7+TGFB,RPS6KB1,True,False,1
mcf7+TNFA_ARID5B,0.06477495,0.008507069,7.61425,0.981591,0.3181665,0.7568018678281586,0.263972882575445,0.9854182690310668,0.9978287769032413,0.9875624875134484,2332,1486,0.033881351351737976,0.2629472315311432,0.12885227799415588,0.7281370759010315,0.845404326915741,0.6743604664079293,0.8961538461538462,0.8816273512257922,0.9727485605661406,0.9063260404237291,24.0,1.0,mcf7+TNFA_ARID5B,mcf7+TNFA,ARID5B,False,True,1
mcf7+TNFA_BATF,0.06939359,0.003554573,19.522343,0.98089975,0.19369803,0.7602907269413554,0.15545544685610285,0.9849121030762186,0.999059791140018,0.985838997636312,2225,1723,0.01674778014421463,0.14925220608711243,0.11221127212047577,0.706417441368103,0.9146857261657715,0.5493506493506494,0.9012987012987014,0.889328793331718,0.9805422813884187,0.9069764865952082,20.0,1.0,mcf7+TNFA_BATF,mcf7+TNFA,BATF,False,True,1
mcf7+TNFA_BIRC2,0.07329747,0.0056660254,12.936312,0.98104584,0.28757054,0.7445975833961211,0.24444110889697762,0.9849113170441895,0.9985248364165145,0.9863663687914055,2306,1546,0.08963567763566971,0.2020738422870636,0.443578839302063,0.5025402307510376,0.43227821588516235,0.5784615384615384,0.7069230769230769,0.6952541864578862,0.7021484912642515,0.9901811299288676,23.0,2.0,mcf7+TNFA_BIRC2,mcf7+TNFA,BIRC2,False,True,1
mcf7+TNFA_BIRC3,0.07330997,0.006139624,11.940466,0.9807503,0.25920442,0.7518063827403786,0.22430424653817413,0.984710276064758,0.9984006567493486,0.9862876886227574,2324,1531,0.017882272601127625,0.3406084477901459,0.05250096693634987,0.8628043532371521,0.8869913220405579,0.7184615384615384,0.7953846153846152,0.9459488350343359,0.9724899915921584,0.9727080414325197,25.0,0.0,mcf7+TNFA_BIRC3,mcf7+TNFA,BIRC3,False,True,1
mcf7+TNFA_CASP3,0.08772637,0.011746705,7.4681687,0.97645354,0.25291207,0.7249963868793822,0.2595846482360688,0.9810960748190168,0.9971329929742957,0.9839169716895605,2379,1414,0.1258242130279541,0.2264769971370697,0.5555717349052429,0.7915276885032654,0.589958906173706,0.7139834715648129,0.1376923076923077,0.8826920818709375,0.962154754338757,0.9174117551158074,18.0,7.0,mcf7+TNFA_CASP3,mcf7+TNFA,CASP3,False,True,1
mcf7+TNFA_CASP7,0.087170325,0.002471012,35.277176,0.97899616,0.18528108,0.723830080260761,0.16996834204597294,0.9830633580335857,0.9993520418565869,0.9837007549484361,2208,1683,0.00041235421667806804,0.025869101285934448,0.015940029174089432,1.0,1.0,0.9999999999999999,0.9999999999999999,0.9648785057948485,0.8901711107926206,1.0839247579442421,2.0,0.0,mcf7+TNFA_CASP7,mcf7+TNFA,CASP7,False,True,1
mcf7+TNFA_CASP8,0.08430128,0.014789386,5.7001204,0.977683,0.32611275,0.7161954366089663,0.34378446347170893,0.9820927375777927,0.9964078371029143,0.9856332929227622,2520,1277,0.13774682581424713,0.23504075407981873,0.5860550999641418,0.5327494144439697,0.56536465883255,0.39892287716202096,0.4746153846153846,0.6938481921510982,0.946376658241926,0.7331628333269047,18.0,7.0,mcf7+TNFA_CASP8,mcf7+TNFA,CASP8,False,True,1
mcf7+TNFA_CASP10,0.068309724,0.081022225,0.8430986,0.9704789,0.5616555,0.7194673725618141,0.5642100508020174,0.9758234091573272,0.984897906612255,0.9907863572518484,2756,976,0.04450411722064018,0.3849732279777527,0.11560314893722534,0.3125126361846924,0.7141810059547424,0.3637249792795738,0.6738461538461539,0.5779908394433597,0.8126192899011401,0.7112689135322836,25.0,0.0,mcf7+TNFA_CASP10,mcf7+TNFA,CASP10,False,True,1
mcf7+TNFA_CEBPB,0.0705573,0.00900612,7.834372,0.98028207,0.2446896,0.7574914482058761,0.2120830388355581,0.9843815810332301,0.9976455122027579,0.9867047653627574,2262,1607,0.12689422070980072,0.15430855751037598,0.8223407864570618,0.37418630719184875,0.535461962223053,0.666923076923077,0.5499999999999999,0.6728225715768549,0.9727931125506869,0.6916399416240705,22.0,3.0,mcf7+TNFA_CEBPB,mcf7+TNFA,CEBPB,False,True,1
mcf7+TNFA_CHUK,0.06269391,0.013851206,4.526242,0.98313093,0.46430093,0.7577618828311334,0.313499706187585,0.9865935189483469,0.9965437312323652,0.990015277832601,2408,1383,0.15367449820041656,0.18601937592029572,0.826120913028717,0.39823487401008606,0.6770306825637817,0.48817081110762267,0.44076923076923075,0.6313612751012301,0.9606066373839415,0.6572526677731912,19.0,6.0,mcf7+TNFA_CHUK,mcf7+TNFA,CHUK,False,True,1
mcf7+TNFA_CREB1,0.06632909,0.009271953,7.1537347,0.97950876,0.18116388,0.7622639740897739,0.1705356763422243,0.983826615141874,0.9976068569539552,0.9861867009874439,2200,1645,0.017896296456456184,0.3220183551311493,0.05557539314031601,0.8480511903762817,0.8404439091682434,0.8523076923076923,0.8192307692307693,0.9420278301819365,0.9587848892519036,0.9825226082953373,25.0,0.0,mcf7+TNFA_CREB1,mcf7+TNFA,CREB1,False,False,1
mcf7+TNFA_CSF1,0.069826536,0.005955267,11.725173,0.98133737,0.2870019,0.7534195946972095,0.20572392484247415,0.9851973861834304,0.99845003899665,0.9867267742044087,2262,1575,0.01269537303596735,0.2225162535905838,0.057053688913583755,0.7837899327278137,0.8924679756164551,0.7153846153846154,0.8246153846153846,0.9068807794065713,0.9623265034033873,0.9423836672888823,25.0,0.0,mcf7+TNFA_CSF1,mcf7+TNFA,CSF1,False,True,1
mcf7+TNFA_CSF2,0.070673436,0.003127483,22.597546,0.98127854,0.24827869,0.7587457412695858,0.19166185422000262,0.9851441919928874,0.999170223345173,0.9859623205089848,2266,1683,0.03087526187300682,0.17134493589401245,0.18019360303878784,0.39743542671203613,0.8750166296958923,0.6428571428571429,0.9285714285714287,0.7848508706960582,0.9849623863469411,0.7968333426486846,8.0,0.0,mcf7+TNFA_CSF2,mcf7+TNFA,CSF2,False,True,1
mcf7+TNFA_DNM1L,0.07914213,0.015126298,5.2320886,0.978384,0.31323576,0.732520794438244,0.32365011204122257,0.9827132938499692,0.9962980140424049,0.9863648024978824,2473,1301,0.022281717509031296,0.37978795170783997,0.0586688369512558,0.8780953884124756,0.8701433539390564,0.7276923076923076,0.7976923076923076,0.9292639516734083,0.9047970221098447,1.0270413462530088,25.0,0.0,mcf7+TNFA_DNM1L,mcf7+TNFA,DNM1L,False,True,1
mcf7+TNFA_FADD,0.06388144,0.0049502198,12.904769,0.9830984,0.3702989,0.7609887914317733,0.24381109500381257,0.9866231806380706,0.9986910708643867,0.9879162930576009,2317,1612,0.01887415163218975,0.12186223268508911,0.1548810601234436,0.39792823791503906,0.8238226771354675,0.4055944055944056,0.8671328671328673,0.7600087638259392,0.9939779633213536,0.7646132931221011,11.0,1.0,mcf7+TNFA_FADD,mcf7+TNFA,FADD,False,True,1
mcf7+TNFA_FOS,0.07096267,0.0029305783,24.214561,0.9802552,0.17943782,0.7614146189361984,0.16345125498019758,0.9843807164568882,0.9992426569922433,0.985126795347098,2199,1673,0.1719381958246231,0.049071054905653,3.503861904144287,0.9940053820610046,-0.9490459561347961,0.5,-0.5,0.9217880364192977,0.9997681484318668,0.922001803983373,2.0,1.0,mcf7+TNFA_FOS,mcf7+TNFA,FOS,False,True,1
mcf7+TNFA_ID2,0.081460595,0.0027985359,29.10829,0.97949076,0.13064252,0.7471938445937742,0.11994193142340497,0.9835553910468485,0.999253363141388,0.9842902984632553,2128,1805,1.3384113311767578,0.8786011934280396,1.5233434438705444,,,,,,,,0.0,1.0,mcf7+TNFA_ID2,mcf7+TNFA,ID2,False,True,1
mcf7+TNFA_IKBKB,0.06753928,0.030002074,2.2511537,0.9795885,0.52867854,0.7308706346772481,0.44936101332832185,0.9836176514577524,0.9934404464170027,0.9901123464474617,2598,1170,0.10027667135000229,0.27021658420562744,0.3710973858833313,0.44366446137428284,0.5239670872688293,0.25019252987066115,0.4153846153846154,0.7254059363869196,0.9102120900126232,0.7969636355597731,21.0,4.0,mcf7+TNFA_IKBKB,mcf7+TNFA,IKBKB,False,True,1
mcf7+TNFA_IKBKE,0.086365946,0.00469825,18.382578,0.97792417,0.039529517,0.7530693175872591,0.05444412212498273,0.9823852161094576,0.9987461276551585,0.983618548204925,2063,1821,0.029207995161414146,0.024599408730864525,1.1873453855514526,0.46680742502212524,-0.857864499092102,0.14285714285714288,-0.42857142857142866,0.7674570402288698,0.952834719553977,0.8054461329747905,5.0,2.0,mcf7+TNFA_IKBKE,mcf7+TNFA,IKBKE,False,True,1
mcf7+TNFA_IKBKG,0.07737745,0.008694208,8.899885,0.98016757,0.32408804,0.7399835394699357,0.3000568126792984,0.9841781722075317,0.9978168842491338,0.9863314479270759,2396,1406,0.044673629105091095,0.25456905364990234,0.17548727989196777,0.632809579372406,0.7472289204597473,0.6838461538461539,0.8515384615384616,0.7674206390835677,0.7819522577078204,0.9814162329208563,24.0,1.0,mcf7+TNFA_IKBKG,mcf7+TNFA,IKBKG,False,True,1
mcf7+TNFA_IRF1,0.06745823,0.0041900235,16.099726,0.9807724,0.19215763,0.7644407099161487,0.11407099177172034,0.9848352293165635,0.9988917975609364,0.9859278369502125,2192,1794,0.012387659400701523,0.14152759313583374,0.08752822875976562,0.9148223996162415,0.8925080299377441,0.6883384932920537,0.87203302373581,0.9578840270224739,0.9760845252667297,0.9813535633716944,18.0,0.0,mcf7+TNFA_IRF1,mcf7+TNFA,IRF1,False,True,1
mcf7+TNFA_ITCH,0.07391784,0.013527597,5.464226,0.97937936,0.31128162,0.7401245134313226,0.29673798908243093,0.9835613763758381,0.9966488236767339,0.9868685468843329,2404,1374,0.05265168100595474,0.21284650266170502,0.24736925959587097,0.9163963198661804,0.6350494623184204,0.6301211888055839,0.7938461538461539,0.9327760628165751,0.8969120294966053,1.0399861214260875,23.0,2.0,mcf7+TNFA_ITCH,mcf7+TNFA,ITCH,False,True,1
mcf7+TNFA_JUN,0.071675,0.004217953,16.99284,0.9796096,0.111538365,0.766579996172969,0.1480543694855499,0.9838791869075504,0.9988781683840604,0.9849841732943521,2194,1706,0.007456883788108826,0.022469928488135338,0.33186060190200806,0.032837122678756714,0.47506576776504517,0.2571428571428572,0.4285714285714286,0.6571898700557073,0.949789088263685,0.6919324281321445,6.0,0.0,mcf7+TNFA_JUN,mcf7+TNFA,JUN,False,True,1
mcf7+TNFA_JUNB,0.067770995,0.007233425,9.3691435,0.9796272,0.18354839,0.7697610789081005,0.1751666418617612,0.983916211742097,0.9981720187275551,0.9857180859431112,2219,1606,0.018170755356550217,0.16862644255161285,0.10775744915008545,0.6398884057998657,0.8993934988975525,0.40692307692307694,0.83,0.8264935602376323,0.9569792792910362,0.8636483340056513,23.0,2.0,mcf7+TNFA_JUNB,mcf7+TNFA,JUNB,False,True,1
mcf7+TNFA_KLF6,0.06808018,0.004579855,14.865138,0.98089564,0.215037,0.7661127204291089,0.17983327830618762,0.9849142675739765,0.998802383690918,0.9860952313052956,2233,1632,0.03303707763552666,0.20116794109344482,0.16422635316848755,0.4929715692996979,0.8279815316200256,0.5284615384615384,0.8923076923076924,0.7988308289465191,0.9778181302716717,0.8169523597650784,23.0,2.0,mcf7+TNFA_KLF6,mcf7+TNFA,KLF6,False,True,1
mcf7+TNFA_MAP2K3,0.073562585,0.0029336796,25.075193,0.98037803,0.1680421,0.7604664777812035,0.10949151161751518,0.9844666098276132,0.9992182467979727,0.9852368218678637,2089,1829,0.010614022612571716,0.02110452391207218,0.5029264092445374,1.0,-1.0,0.9999999999999999,-0.9999999999999999,0.999693125276296,0.8444024995387265,1.1839059285381088,2.0,0.0,mcf7+TNFA_MAP2K3,mcf7+TNFA,MAP2K3,False,True,1
mcf7+TNFA_MAP3K7,0.0719032,0.0037985016,18.92936,0.9800055,0.13926813,0.7757108155644656,0.15655436599435857,0.984234964108293,0.9989916552254554,0.9852284140313143,2193,1684,0.11564595252275467,0.05730760097503662,2.017986297607422,,,,,,,,0.0,1.0,mcf7+TNFA_MAP3K7,mcf7+TNFA,MAP3K7,False,True,1
mcf7+TNFA_MAP3K14,0.072249815,0.0040281806,17.93609,0.981164,0.27712777,0.7583277388126077,0.21819207327640947,0.9850801181887691,0.9989400552986577,0.9861253565352879,2285,1625,0.029368149116635323,0.12553605437278748,0.2339419424533844,0.4499000310897827,0.7507532238960266,0.651186790505676,0.6697626418988648,0.7498521633902365,0.9821125641153484,0.7635093886266248,18.0,0.0,mcf7+TNFA_MAP3K14,mcf7+TNFA,MAP3K14,False,False,1
mcf7+TNFA_MAPK8,0.08019434,0.0038025002,21.089897,0.9785385,0.04141541,0.7595491739571218,0.11153180988662384,0.9829498736769463,0.9989852406803894,0.9839483444294715,2131,1765,,,,,,,,,,,,,mcf7+TNFA_MAPK8,mcf7+TNFA,MAPK8,False,True,1
mcf7+TNFA_MAPK9,0.07046641,0.0030152022,23.370375,0.98082113,0.20611614,0.7612748839721247,0.15857270447452954,0.9848366353712695,0.9992059907819125,0.9856192261223349,2247,1695,0.023509476333856583,0.13647598028182983,0.17226091027259827,0.43342405557632446,0.9033738374710083,0.33516483516483514,0.8351648351648352,0.7778316621712588,0.9850185578009839,0.7896619368347111,13.0,0.0,mcf7+TNFA_MAPK9,mcf7+TNFA,MAPK9,False,True,1
mcf7+TNFA_MAPK14,0.06819253,0.002409114,28.30606,0.98089445,0.19805995,0.7668640039990697,0.14233040239741074,0.9848930070760692,0.9993623034828599,0.9855214706854921,2132,1776,,,,,,,,,,,,,mcf7+TNFA_MAPK14,mcf7+TNFA,MAPK14,False,True,1
mcf7+TNFA_MMP9,0.07007513,0.0035980842,19.47568,0.9811379,0.20882016,0.7548597389870514,0.1427286766656547,0.9850725569613858,0.9990447058742787,0.9860144908123349,2190,1781,0.014836125075817108,0.1776174157857895,0.0835285484790802,0.5361447334289551,0.868607759475708,0.5205882352941177,0.8058823529411765,0.8368060572239324,0.9887831358184269,0.8462988767818118,16.0,0.0,mcf7+TNFA_MMP9,mcf7+TNFA,MMP9,False,True,1
mcf7+TNFA_MTF1,0.0751033,0.0047026565,15.970398,0.9788573,0.043731462,0.7596558123732695,0.07195162138424115,0.9832862046798903,0.9987469869847422,0.9845198208291684,2167,1882,0.005081645213067532,0.07376741617918015,0.06888739764690399,0.7645134925842285,0.9412827491760254,0.5714285714285715,0.7500000000000002,0.9104984882387402,0.9924936001813871,0.9173847449216181,7.0,0.0,mcf7+TNFA_MTF1,mcf7+TNFA,MTF1,False,True,1
mcf7+TNFA_MTOR,0.080648035,0.008683646,9.287347,0.9787189,0.26195568,0.7258840668223497,0.2686690700029829,0.9829862830840135,0.9978157625335253,0.9851380585411291,2372,1438,0.031374987214803696,0.27988511323928833,0.11209952086210251,0.8020411133766174,0.8188010454177856,0.6453846153846153,0.8330769230769232,0.8591516894217937,0.9650437814686589,0.8902722404099506,25.0,0.0,mcf7+TNFA_MTOR,mcf7+TNFA,MTOR,False,True,1
mcf7+TNFA_MYC,0.063792676,0.0042111,15.148697,0.9816861,0.2669028,0.7670225216208564,0.22076876312366892,0.9855640039578969,0.998899959160982,0.9866493585460886,2285,1604,0.01732383668422699,0.15679392218589783,0.1104879379272461,0.6320831179618835,0.9089463949203491,0.6294466403162056,0.9357707509881423,0.8634463926198495,0.9861352149086189,0.8755862072118188,21.0,2.0,mcf7+TNFA_MYC,mcf7+TNFA,MYC,False,True,1
mcf7+TNFA_NFAT5,0.077845775,0.012265617,6.346666,0.97903174,0.31335562,0.7354310861400967,0.3033363306475155,0.9832683737463888,0.9969952580987934,0.9862317455966833,2443,1346,0.07812358438968658,0.26690956950187683,0.29269683361053467,0.6286577582359314,0.6152335405349731,0.4470090484689184,0.6092307692307692,0.8038760425246291,0.9439987201653602,0.8515647588842219,24.0,1.0,mcf7+TNFA_NFAT5,mcf7+TNFA,NFAT5,False,True,1
mcf7+TNFA_NFKB1,0.07412654,0.0052437577,14.136149,0.98121655,0.3284619,0.7437181343876464,0.25333964905342576,0.9849679522455685,0.998631380152665,0.9863178464259679,2333,1552,0.05583254247903824,0.09243905544281006,0.6039929986000061,0.7386507987976074,0.7541636228561401,0.4230769230769231,0.9340659340659341,0.8062336636224858,0.6342043967326687,1.27125208809035,11.0,2.0,mcf7+TNFA_NFKB1,mcf7+TNFA,NFKB1,False,True,1
mcf7+TNFA_NFKBIA,0.07340497,0.004107479,17.871052,0.9806354,0.24739179,0.75579485207893,0.23982651724344103,0.9846210720143825,0.9989302148940012,0.9856755330189536,2310,1566,0.016398653388023376,0.10055524855852127,0.16308103501796722,0.561939537525177,0.903211236000061,0.6676986584107326,0.8286893704850361,0.8077176169286128,0.9849371971783935,0.820070172232837,18.0,0.0,mcf7+TNFA_NFKBIA,mcf7+TNFA,NFKBIA,False,True,1
mcf7+TNFA_NFKBIE,0.07379889,0.0045110956,16.359415,0.98065376,0.21426415,0.7527789797237499,0.19234100823216546,0.9846558811508753,0.9988118854817902,0.9858271567082058,2264,1644,0.017922447994351387,0.17023107409477234,0.10528305917978287,0.7159278392791748,0.9222109317779541,0.53,0.9423076923076923,0.8954340938029479,0.9804140863638532,0.9133223464015313,23.0,2.0,mcf7+TNFA_NFKBIE,mcf7+TNFA,NFKBIE,False,True,1
mcf7+TNFA_NKX3-1,0.07706352,0.0039910506,19.309082,0.97997516,0.17171267,0.753544833039062,0.16964597195566977,0.9840902188890178,0.9989422287816159,0.9851322634435901,2238,1685,0.015091384761035442,0.21734099090099335,0.0694364383816719,0.8391960263252258,0.9130640625953674,0.7892307692307692,0.8969230769230769,0.9412135603874953,0.9818916177747703,0.9585717439166428,25.0,0.0,mcf7+TNFA_NKX3-1,mcf7+TNFA,NKX3-1,False,True,1
mcf7+TNFA_PDCD5,0.07807098,0.011390331,6.854145,0.979225,0.32423848,0.7286490521556154,0.31205605328283403,0.9834055028214452,0.9972115592489053,0.9861553385543799,2416,1377,0.15090659260749817,0.2805165946483612,0.5379595756530762,0.7437281608581543,0.28446465730667114,0.5992307692307692,0.44923076923076927,0.7927154590935627,0.9573772263340318,0.8280074324819816,22.0,3.0,mcf7+TNFA_PDCD5,mcf7+TNFA,PDCD5,False,True,1
mcf7+TNFA_PIK3CA,0.06670742,0.00644006,10.358198,0.9816544,0.32635066,0.7621520537984875,0.28058873385797595,0.9854563905365349,0.9983528537044273,0.98708225942357,2381,1487,0.014174695126712322,0.26724520325660706,0.0530400350689888,0.9053562879562378,0.9004006385803223,0.6284615384615384,0.8792307692307693,0.949180389328431,0.9493863323493411,0.9997830777483382,24.0,1.0,mcf7+TNFA_PIK3CA,mcf7+TNFA,PIK3CA,False,True,1
mcf7+TNFA_PTGS2,0.07766737,0.004895092,15.866376,0.97984946,0.1875767,0.7460182885851706,0.19415783025684538,0.9839760613936067,0.9987115621706365,0.9852454889527832,2276,1613,0.07359563559293747,0.27403339743614197,0.26856446266174316,0.5141225457191467,0.6646616458892822,0.5192307692307693,0.8623076923076922,0.7493825837111528,0.7748842246182754,0.9670897405097062,23.0,2.0,mcf7+TNFA_PTGS2,mcf7+TNFA,PTGS2,False,True,1
mcf7+TNFA_RELB,0.06430882,0.0053895256,11.932186,0.9813416,0.24121734,0.7659261902670487,0.14729966733071045,0.9852769324439888,0.9985960751262933,0.986662131952982,2200,1668,0.017098139971494675,0.19912515580654144,0.0858662948012352,0.6980074644088745,0.9108136296272278,0.5576923076923077,0.93,0.8877865709375141,0.9647938943537859,0.9201826173787605,23.0,2.0,mcf7+TNFA_RELB,mcf7+TNFA,RELB,False,True,1
mcf7+TNFA_REPIN1,0.06688488,0.0038386933,17.423868,0.98154783,0.25737464,0.7570313082581647,0.1967894013425724,0.9853541468400145,0.9989880539518221,0.9863522821340314,2249,1664,0.020239518955349922,0.1702573597431183,0.11887603253126144,0.5800020694732666,0.8585027456283569,0.6794117647058824,0.7205882352941175,0.8388295006314007,0.9839525397337869,0.8525101229560829,16.0,0.0,mcf7+TNFA_REPIN1,mcf7+TNFA,REPIN1,False,True,1
mcf7+TNFA_SOX4,0.09371055,0.0109529905,8.555704,0.9780953,0.28222668,0.7126662012304601,0.28373895739448657,0.9823580042419502,0.9971823767128918,0.9851337400087148,2407,1388,0.04533505439758301,0.21680574119091034,0.2091044932603836,0.7362133264541626,0.8056069612503052,0.6951336924125091,0.5053846153846154,0.8173136011600488,0.9616877404807307,0.8498742021516134,24.0,1.0,mcf7+TNFA_SOX4,mcf7+TNFA,SOX4,False,True,1
mcf7+TNFA_SOX9,0.08655543,0.008323587,10.398814,0.97930455,0.2937163,0.7189219111630691,0.25128435840342717,0.9834020415339932,0.9978693492467069,0.985501801690136,2365,1465,0.018512161448597908,0.1937282681465149,0.09555735439062119,0.5763454437255859,0.8850173950195312,0.3484615384615385,0.8161538461538461,0.7454083124548165,0.9536265941329066,0.7816563810624279,25.0,0.0,mcf7+TNFA_SOX9,mcf7+TNFA,SOX9,False,True,1
mcf7+TNFA_TNFRSF1A,0.035129257,0.050697114,0.6929242,0.9898106,0.7024917,0.7753972191769186,0.4130312324490964,0.9919018008629079,0.9865274096841589,1.0054477869808702,2392,1380,0.21314261853694916,1.6638915538787842,0.12809886038303375,0.904588520526886,0.9635388255119324,0.8869230769230768,0.9238461538461539,0.9827939247690916,0.8638936119662607,1.1376330501301062,25.0,0.0,mcf7+TNFA_TNFRSF1A,mcf7+TNFA,TNFRSF1A,False,False,1
mcf7+TNFA_TNFRSF1B,0.06853015,0.0030838458,22.222301,0.9811146,0.21167417,0.7616557347338035,0.16636725387619214,0.985087560404755,0.9991876584092314,0.9858884385872774,2234,1698,0.03286517411470413,0.14324969053268433,0.22942578792572021,0.43352919816970825,0.8163555860519409,0.6428571428571429,0.6904761904761906,0.8050458296228291,0.7669749310543177,1.0496377352466755,7.0,1.0,mcf7+TNFA_TNFRSF1B,mcf7+TNFA,TNFRSF1B,False,True,1
mcf7+TNFA_TRAF1,0.06996638,0.008011941,8.732763,0.9804297,0.30388504,0.7566432784935738,0.2901600077441682,0.9844990547230699,0.998012047376452,0.9864600906482995,2366,1445,0.024141227826476097,0.30002906918525696,0.08046296238899231,0.8085662126541138,0.8758327960968018,0.6469230769230768,0.8707692307692307,0.9241553852870903,0.9608627678202903,0.961797476432071,24.0,1.0,mcf7+TNFA_TRAF1,mcf7+TNFA,TRAF1,False,True,1
mcf7+TNFA_TRAF2,0.072314724,0.0033797608,21.396402,0.98145425,0.32220995,0.7550772124049244,0.22553658282074898,0.9852670348442751,0.9991232463546683,0.9861316293450804,2259,1607,0.04768987372517586,0.022135140374302864,2.154487133026123,1.0,-1.0,0.9999999999999999,-0.9999999999999999,0.8680725585646575,0.9796342317171485,0.8861190538871426,1.0,1.0,mcf7+TNFA_TRAF2,mcf7+TNFA,TRAF2,False,True,1
mcf7+TNFA_TRAF3,0.08818381,0.0032587731,27.060432,0.9782069,0.039474573,0.7402201725917393,0.07004248314765454,0.9825477272171822,0.9991309573201483,0.9834023458271722,2107,1839,0.25213152170181274,0.14671699702739716,1.7184888124465942,,,,,,,,0.0,1.0,mcf7+TNFA_TRAF3,mcf7+TNFA,TRAF3,False,False,1
mcf7+TNFA_ZFP36L1,0.07137867,0.004739144,15.061512,0.98152363,0.28006577,0.7549285567752648,0.21557182099431735,0.985355924712083,0.9987446309959443,0.9865944648227944,2304,1618,0.01617719605565071,0.16276060044765472,0.09939257800579071,0.6773803234100342,0.8629328608512878,0.66,0.7446153846153846,0.8769499312636891,0.9729223206353552,0.9013565756113063,25.0,0.0,mcf7+TNFA_ZFP36L1,mcf7+TNFA,ZFP36L1,False,True,1
mcf7+TNFA_ZNF22,0.07213619,0.0051296526,14.062589,0.980453,0.19871399,0.7557260010895238,0.18257351681113956,0.9844932285903516,0.998651247901418,0.9858228592405824,2275,1593,0.026405036449432373,0.2729005515575409,0.09675699472427368,0.6670569777488708,0.846287727355957,0.6153846153846153,0.8523076923076923,0.8777330108431115,0.9616914723412163,0.9126970926614231,24.0,1.0,mcf7+TNFA_ZNF22,mcf7+TNFA,ZNF22,False,True,1
mcf7+TNFA_ZNF267,0.06668295,0.011678411,5.7099338,0.98169047,0.37866735,0.7482906517439625,0.3171224051107321,0.9854295101863697,0.997060256673439,0.9883349612932384,2429,1364,0.04577570781111717,0.36451584100723267,0.12557947635650635,0.7450603246688843,0.7971214056015015,0.67,0.8069230769230769,0.8573050047742358,0.9276170331636899,0.9242014474985965,25.0,0.0,mcf7+TNFA_ZNF267,mcf7+TNFA,ZNF267,False,True,1
a549+IFNB_UBE2L6,0.005004517,0.012129664,0.41258493,0.99845695,0.7137978,0.8797479545003993,0.605982917753645,0.9988068944980846,0.9976311547911655,1.0011785314655346,2595,772,,,,,,,,,,,,,a549+IFNB_UBE2L6,a549+IFNB,UBE2L6,True,False,2
a549+IFNG_SP100,0.012753552,0.0069156587,1.8441558,0.9980488,0.5454738,0.8524041196918086,0.45571740376712677,0.9983965889635403,0.9985017550929027,0.9998946760695953,2295,958,1.006101369857788,1.2586843967437744,0.7993277311325073,,,,,,,,1.0,0.0,a549+IFNG_SP100,a549+IFNG,SP100,True,False,2
a549+IFNG_TSC22D1,0.0053612604,0.0077165985,0.6947699,0.99833506,0.5830988,0.8960577751925157,0.48885483943247593,0.9987170339434559,0.9983587041353713,1.0003589189001911,2321,928,,,,,,,,,,,,,a549+IFNG_TSC22D1,a549+IFNG,TSC22D1,True,False,2
a549+INS_MTOR,0.0046461816,0.0065592118,0.7083445,0.9986115,0.5445974,0.8980514961627342,0.4294277933834078,0.9989244543819866,0.9985489047851914,1.0003760953469534,2339,1104,0.02748645283281803,0.16843226552009583,0.16318994760513306,1.0,1.0,0.9999999999999999,0.9999999999999999,0.9827477588271374,0.9799068942768859,1.0028991168108352,2.0,0.0,a549+INS_MTOR,a549+INS,MTOR,True,False,2
a549+TNFA_ARID5B,0.0438055,0.007547392,5.8040576,0.986085,0.22126752,0.8348867893691441,0.18412250665917143,0.9892980054722118,0.9984199861749328,0.9908635836331078,2001,1522,0.03975609689950943,0.07342071086168289,0.5414834022521973,0.7913330793380737,0.03958379477262497,0.6406112087120771,0.3010989010989011,0.890740277675625,0.938366063126347,0.949246048719998,13.0,1.0,a549+TNFA_ARID5B,a549+TNFA,ARID5B,False,True,2
a549+TNFA_BATF,0.045862973,0.004016788,11.417822,0.98589456,0.10746342,0.8394167959682439,0.13101527149995762,0.9892224136222919,0.9991090134254166,0.9901045835136361,1972,1622,,,,,,,,,,,,,a549+TNFA_BATF,a549+TNFA,BATF,False,True,2
a549+TNFA_BIRC2,0.046122786,0.0052506933,8.784133,0.98570764,0.15111479,0.8324639705443141,0.13738496699082858,0.9890553423389654,0.9987806833502997,0.9902627862418086,2024,1639,0.5897955894470215,0.19894945621490479,2.9645497798919678,0.4093104302883148,-0.653011679649353,0.6666666666666669,-0.6428571428571429,0.6283696832318129,0.9207310576332398,0.6824682169916713,5.0,3.0,a549+TNFA_BIRC2,a549+TNFA,BIRC2,False,True,2
a549+TNFA_BIRC3,0.047340807,0.003932592,12.038067,0.98525596,0.0588969,0.8385112979230125,0.13222731344084965,0.9887126561535502,0.9990989643040545,0.9896043249752149,2011,1567,0.9157615303993225,0.9984472990036011,0.9171856641769409,1.0,-1.0,0.9999999999999999,-0.9999999999999999,0.9971835916981012,0.992800991746253,1.004414379103449,1.0,1.0,a549+TNFA_BIRC3,a549+TNFA,BIRC3,False,False,2
a549+TNFA_CASP3,0.04749326,0.016569002,2.8663924,0.9843714,0.28191036,0.8077238370730013,0.3045429120933745,0.9878668430870704,0.9968170977034002,0.9910211666343298,2195,1308,0.0423823706805706,0.15520542860031128,0.2730727195739746,0.46419665217399597,0.927082359790802,0.6456210882517515,0.43076923076923074,0.76277030588185,0.9655000206463809,0.7900261932373571,23.0,2.0,a549+TNFA_CASP3,a549+TNFA,CASP3,False,True,2
a549+TNFA_CASP7,0.048212774,0.0027184957,17.735094,0.9856797,0.14368564,0.8186031369510918,0.17609065942462154,0.9889704673439882,0.9993794985089408,0.9895845060054936,2096,1536,,,,,,,,,,,,,a549+TNFA_CASP7,a549+TNFA,CASP7,False,True,2
a549+TNFA_CASP8,0.050334938,0.034243684,1.4699043,0.9830888,0.35168418,0.8106576280829395,0.3360376663046685,0.9866643743500226,0.9938126715498423,0.9928071985752889,2227,1251,0.12404979765415192,0.30045029520988464,0.4128795862197876,0.22586673498153687,0.7642256617546082,0.22850548605037654,0.43615384615384617,0.7241029642660425,0.9655443353976885,0.7499427397787994,19.0,6.0,a549+TNFA_CASP8,a549+TNFA,CASP8,False,False,2
a549+TNFA_CASP10,0.08917235,0.12640195,0.70546657,0.97217727,0.4745833,0.7885473446499669,0.4503911716547949,0.9771359993839714,0.9805923064412742,0.9964752863808954,2367,1034,0.2823163568973541,0.5464986562728882,0.5165911316871643,0.3509989380836487,0.14425523579120636,0.2959363143919849,0.2053846153846154,0.7642199681958664,0.8418166366438242,0.9078223628873359,23.0,2.0,a549+TNFA_CASP10,a549+TNFA,CASP10,False,True,2
a549+TNFA_CEBPB,0.051891126,0.019777302,2.6237717,0.9835459,0.19201592,0.8300125346382948,0.1447907381608536,0.9872879156802955,0.995791275626609,0.9914607004957312,1951,1556,0.28239715099334717,0.5840608477592468,0.48350638151168823,0.8958160281181335,0.4701128602027893,0.9199999999999999,0.5507692307692308,0.9448571930275539,0.9694566889993936,0.9746254822407491,21.0,4.0,a549+TNFA_CEBPB,a549+TNFA,CEBPB,False,True,2
a549+TNFA_CHUK,0.03439958,0.019421177,1.7712407,0.98917073,0.5094888,0.8337324757384397,0.29324170663992305,0.9916246698921684,0.9958449311307885,0.9957621301201703,2055,1440,0.09994594752788544,0.37249645590782166,0.26831382513046265,0.8339591026306152,0.8647578358650208,0.5923076923076923,0.7353846153846154,0.8914841022999243,0.9645113287032692,0.9242857764029315,23.0,2.0,a549+TNFA_CHUK,a549+TNFA,CHUK,False,True,2
a549+TNFA_CREB1,0.04359497,0.005075445,8.589389,0.98648214,0.2049113,0.8360169891592967,0.14035177325213424,0.9896798906548795,0.9988415568037939,0.9908277082721398,1980,1651,0.02105451188981533,0.03213321790099144,0.6552257537841797,0.38123416900634766,-0.5596140027046204,0.5,-0.5,0.8798440908894742,0.9944330407052072,0.8847695670545382,2.0,1.0,a549+TNFA_CREB1,a549+TNFA,CREB1,False,True,2
a549+TNFA_CSF1,0.04764208,0.011511556,4.138631,0.9850001,0.17245787,0.8336720810059617,0.1583653045713084,0.9884099723828266,0.997719299868611,0.9906693921957705,1942,1573,0.24148844182491302,0.11723066121339798,2.0599427223205566,0.9162651896476746,-0.6262232065200806,0.3392307692307693,0.05153846153846154,0.9464560548870753,0.9514386452779235,0.9947630985817348,17.0,8.0,a549+TNFA_CSF1,a549+TNFA,CSF1,False,False,2
a549+TNFA_CSF2,0.0461312,0.0027307696,16.893114,0.98562694,0.07002301,0.8428339120059289,0.08733056475688485,0.9890231854692734,0.9993805178149007,0.9896362474943247,1933,1698,0.009478427469730377,0.3398832380771637,0.02788730524480343,,,,,,,,1.0,0.0,a549+TNFA_CSF2,a549+TNFA,CSF2,False,True,2
a549+TNFA_DNM1L,0.04910377,0.018335553,2.6780632,0.9838294,0.23656875,0.8157317920397571,0.24881137993360963,0.9874145341866151,0.9965112025950557,0.9908714840487979,2102,1400,0.17132577300071716,0.1405978798866272,1.2185516357421875,0.8367407917976379,-0.5589334964752197,0.6050810107025836,-0.1176923076923077,0.9224904900994555,0.9200763499054515,1.0026238476776976,19.0,6.0,a549+TNFA_DNM1L,a549+TNFA,DNM1L,False,True,2
a549+TNFA_FADD,0.044992227,0.0030389759,14.805062,0.98618793,0.13240972,0.845279119583549,0.12113907054228874,0.9894650879513929,0.9993097736750719,0.9901485145217042,1961,1652,,,,,,,,,,,,,a549+TNFA_FADD,a549+TNFA,FADD,False,True,2
a549+TNFA_FOS,0.04457484,0.0046916297,9.500929,0.9860432,0.15525803,0.8375259542980725,0.12763703963184828,0.9893214897784691,0.9989746969849526,0.9903368851727494,1946,1612,1.330667495727539,1.6299160718917847,0.8164024353027344,,,,,,,,1.0,0.0,a549+TNFA_FOS,a549+TNFA,FOS,False,True,2
a549+TNFA_ID2,0.044975843,0.0025809635,17.42599,0.98610145,0.15092187,0.8314461219240777,0.1538898523329216,0.9893503547424366,0.9994082748954434,0.9899361247993879,2011,1597,,,,,,,,,,,,,a549+TNFA_ID2,a549+TNFA,ID2,False,True,2
a549+TNFA_IKBKB,0.05508163,0.067968436,0.8104001,0.98357254,0.50061667,0.8117884017964548,0.35617189228301976,0.9866772494163505,0.9884077375272119,0.9982492163454824,2178,1280,0.1613503098487854,0.3757131099700928,0.4294508397579193,0.2609924376010895,0.6565923690795898,0.07544267054561474,0.61,0.8217379246139382,0.958580245714978,0.8572447933151669,21.0,4.0,a549+TNFA_IKBKB,a549+TNFA,IKBKB,False,True,2
a549+TNFA_IKBKE,0.045738366,0.004405506,10.3820915,0.9856508,0.12418117,0.837719014237829,0.12099468579217015,0.9890091395798432,0.9990155553938147,0.9899837237168675,1953,1622,,,,,,,,,,,,,a549+TNFA_IKBKE,a549+TNFA,IKBKE,False,True,2
a549+TNFA_IKBKG,0.044045415,0.005993284,7.3491287,0.98600245,0.21708544,0.8386191268883536,0.20421841164996227,0.9892520693199722,0.9987416715171669,0.9904984417213921,2051,1487,0.09171464294195175,0.09600090980529785,0.9553518295288086,1.0,-1.0,0.9999999999999999,-0.9999999999999999,0.9986107388575346,0.9517518426848314,1.0492343634875634,1.0,1.0,a549+TNFA_IKBKG,a549+TNFA,IKBKG,False,True,2
a549+TNFA_IRF1,0.044943925,0.0038695182,11.614863,0.9861226,0.1499415,0.844321442130786,0.13071652889917648,0.9894311935385112,0.9990953138243023,0.9903271288013562,2040,1681,,,,,,,,,,,,,a549+TNFA_IRF1,a549+TNFA,IRF1,False,True,2
a549+TNFA_ITCH,0.047323115,0.017069282,2.772414,0.9847798,0.24291095,0.8287180249028363,0.2226186466929602,0.9881588821844417,0.9967382733675243,0.9913925336145699,2022,1478,0.11433352530002594,0.14765886962413788,0.7743085622787476,0.7375718355178833,-0.08452077209949493,0.4992307692307692,0.03769230769230769,0.9070205766490216,0.9594519957155818,0.9453527437530049,18.0,7.0,a549+TNFA_ITCH,a549+TNFA,ITCH,False,True,2
a549+TNFA_JUN,0.04625959,0.009081279,5.0939507,0.9855719,0.17555916,0.8404311388429051,0.15434841477067182,0.9889393307214386,0.9979600591566091,0.9909608321972383,1940,1600,0.07947547733783722,0.1358351707458496,0.5850875973701477,0.5359489321708679,0.6759865880012512,0.7291266411198989,0.5776923076923076,0.7396585991900564,0.89064514691855,0.8304750794961651,18.0,7.0,a549+TNFA_JUN,a549+TNFA,JUN,False,True,2
a549+TNFA_JUNB,0.04676744,0.00772416,6.054696,0.9856674,0.1526981,0.8417301951293514,0.10807504411322419,0.9890210808542094,0.9983226877790315,0.9906827651633207,1902,1664,0.08299656957387924,0.11031074076890945,0.7523888349533081,0.2816687524318695,0.8766903877258301,0.5228070175438596,0.3877192982456141,0.5939827704820795,0.9621182571741436,0.6173698150440238,12.0,7.0,a549+TNFA_JUNB,a549+TNFA,JUNB,False,True,2
a549+TNFA_KLF6,0.04377962,0.0035749457,12.246233,0.9864014,0.17065383,0.8413138727978736,0.16481719633074104,0.9896206801935006,0.9991827552156396,0.9904301040302929,2020,1567,0.0031140181235969067,0.059089548885822296,0.0526999831199646,,,,,,,,1.0,0.0,a549+TNFA_KLF6,a549+TNFA,KLF6,False,True,2
a549+TNFA_MAP2K3,0.04624939,0.002011807,22.98898,0.9857175,0.021065809,0.8445594300249878,0.06568835352284443,0.9891137430943664,0.9995292033996623,0.9895796338217331,1932,1719,,,,,,,,,,,,,a549+TNFA_MAP2K3,a549+TNFA,MAP2K3,False,True,2
a549+TNFA_MAP3K7,0.031160697,0.011708601,2.661351,0.99055344,0.5626293,0.8427647235301318,0.2859242981503798,0.9928036230935957,0.9972693978301927,0.9955219976203888,2129,1479,0.06316681206226349,0.12260136008262634,0.515221118927002,0.5869429111480713,0.7748942375183105,0.5215384615384615,0.4330769230769231,0.7327183572936904,0.736193116930157,0.9952800976312357,17.0,8.0,a549+TNFA_MAP3K7,a549+TNFA,MAP3K7,False,True,2
a549+TNFA_MAP3K14,0.045262657,0.005012167,9.030556,0.98591244,0.14196506,0.8437722322220771,0.1285169657344197,0.9892296657941515,0.9988626173111967,0.990356079654902,1956,1606,0.023565014824271202,0.056698236614465714,0.41562163829803467,0.5057583451271057,0.6424415111541748,-0.08571428571428573,0.5428571428571429,0.79859183859101,0.946981390687346,0.8433025679748252,5.0,1.0,a549+TNFA_MAP3K14,a549+TNFA,MAP3K14,False,True,2
a549+TNFA_MAPK8,0.043512214,0.003440226,12.648068,0.98644924,0.17945635,0.8423680945045109,0.15944676389934762,0.9896545124159289,0.9992226578243742,0.9904244110824326,1978,1604,,,,,,,,,,,,,a549+TNFA_MAPK8,a549+TNFA,MAPK8,False,True,2
a549+TNFA_MAPK9,0.044942215,0.0035465409,12.672127,0.9858793,0.12490122,0.8358835722037247,0.11296749692141943,0.9892025820167997,0.999222380657557,0.9899724037064066,1940,1651,,,,,,,,,,,,,a549+TNFA_MAPK9,a549+TNFA,MAPK9,False,True,2
a549+TNFA_MAPK14,0.04636469,0.0032858474,14.110421,0.9857693,0.0769165,0.845214170357825,0.06906467396744521,0.9891545018745636,0.9992325552351486,0.9899142063498787,1890,1739,0.03042352758347988,0.07711640000343323,0.3945143520832062,1.0,-1.0,0.9999999999999999,-0.9999999999999999,0.9537997833528984,0.9894684357871701,0.9639517026069704,2.0,0.0,a549+TNFA_MAPK14,a549+TNFA,MAPK14,False,True,2
a549+TNFA_MMP9,0.044394527,0.002101898,21.121162,0.9862397,0.13985601,0.84088637534634,0.15403096158353968,0.9894829449788577,0.9995132646133114,0.9899647958765868,2071,1617,,,,,,,,,,,,,a549+TNFA_MMP9,a549+TNFA,MMP9,False,True,2
a549+TNFA_MTF1,0.048425943,0.0034435554,14.062775,0.9850431,-0.0114361085,0.8432684796076496,0.05989547480418306,0.9885893914159387,0.9991944758525267,0.9893863660249527,1969,1719,0.029305053874850273,0.031088637188076973,0.9426290988922119,,,,,,,,1.0,0.0,a549+TNFA_MTF1,a549+TNFA,MTF1,False,True,2
a549+TNFA_MTOR,0.050295297,0.011732327,4.2868986,0.9846063,0.12689771,0.8366679418948078,0.10720152081282441,0.9881147257652697,0.997524819915571,0.9905665563779178,1872,1652,0.0873555839061737,0.09155067801475525,0.9541773796081543,0.7389189600944519,0.17562901973724365,0.5901134942782452,0.11538461538461539,0.8832022146063673,0.9595755940933262,0.9204092101163517,15.0,10.0,a549+TNFA_MTOR,a549+TNFA,MTOR,False,False,2
a549+TNFA_MYC,0.047066253,0.0039690775,11.858234,0.9854274,0.049625475,0.8449065627599129,0.08497975494009509,0.988866754250191,0.9990935803857351,0.9897638956587073,1912,1657,,,,,,,,,,,,,a549+TNFA_MYC,a549+TNFA,MYC,False,True,2
a549+TNFA_NFAT5,0.05374458,0.03597576,1.4939108,0.98311275,0.30874074,0.8181218359079149,0.24503292339605814,0.9866221194742397,0.9936993867675759,0.9928778588498903,2021,1453,0.09581351280212402,0.23813506960868835,0.40234944224357605,0.5544309616088867,0.4852524995803833,0.43277554176207683,0.5707692307692307,0.882475495976342,0.946984480426471,0.9318795758711087,22.0,3.0,a549+TNFA_NFAT5,a549+TNFA,NFAT5,False,True,2
a549+TNFA_NFKB1,0.04725847,0.0093324,5.063914,0.98490417,0.16039275,0.8287186002290553,0.1422184352277421,0.9883941032735903,0.9980253716715526,0.9903496757984908,1964,1579,0.045826107263565063,0.06317560374736786,0.7253766655921936,0.7952442765235901,0.17913876473903656,0.6101173415419144,0.39,0.9245290291807656,0.9676316647086106,0.9554555342700316,19.0,6.0,a549+TNFA_NFKB1,a549+TNFA,NFKB1,False,True,2
a549+TNFA_NFKBIA,0.054734986,0.0036935674,14.819003,0.98303294,-0.23632148,0.8401460024582845,-0.028458022831850487,0.9870493719469876,0.9991405395212996,0.987898431605923,1824,1825,,,,,,,,,,,,,a549+TNFA_NFKBIA,a549+TNFA,NFKBIA,False,True,2
a549+TNFA_NFKBIE,0.04830753,0.005223291,9.248486,0.98512393,0.055149112,0.8431726877828662,0.08602034872339168,0.9886175490122799,0.9988648559639179,0.9897410476597965,1891,1668,,,,,,,,,,,,,a549+TNFA_NFKBIE,a549+TNFA,NFKBIE,False,True,2
a549+TNFA_NKX3-1,0.04475325,0.0027482302,16.28439,0.98624265,0.16111568,0.8356595428781558,0.14859712152531315,0.9894704245128263,0.9993656992628767,0.9900984446861154,2023,1610,0.05589593946933746,0.5134926438331604,0.10885441303253174,,,,,,,,1.0,0.0,a549+TNFA_NKX3-1,a549+TNFA,NKX3-1,False,True,2
a549+TNFA_PDCD5,0.044364385,0.014229729,3.1177254,0.9855867,0.3184179,0.8156791375048212,0.2954763534046942,0.988832773026952,0.9971575163904921,0.9916515262366231,2136,1347,0.050833866000175476,0.09680435061454773,0.5251196622848511,0.6595921516418457,-0.1273183375597,0.5961434396152515,-0.20153846153846153,0.8797825389999433,0.9274079975776122,0.9486467027434888,22.0,3.0,a549+TNFA_PDCD5,a549+TNFA,PDCD5,False,True,2
a549+TNFA_PIK3CA,0.045640856,0.008642066,5.2812433,0.9857435,0.19559059,0.8372818647430508,0.16645407184347707,0.9890238921486926,0.9982584812019549,0.9907493006799768,1955,1566,0.0391705296933651,0.09198791533708572,0.42582255601882935,0.7734946608543396,0.13217264413833618,0.7784615384615384,0.12153846153846154,0.9430543115256187,0.979449743922119,0.9628409393924,22.0,3.0,a549+TNFA_PIK3CA,a549+TNFA,PIK3CA,False,True,2
a549+TNFA_PTGS2,0.047327,0.0034331267,13.785393,0.9856546,0.123331666,0.8328163244117325,0.1484158691733181,0.989002690687443,0.9992054267331705,0.9897891506863763,2042,1598,0.5839778780937195,1.6207530498504639,0.36031267046928406,1.0,-1.0,0.9999999999999999,-0.9999999999999999,0.958415935350135,0.9997125742356133,0.9586914879838798,2.0,0.0,a549+TNFA_PTGS2,a549+TNFA,PTGS2,False,True,2
a549+TNFA_RELB,0.044930812,0.004216411,10.656175,0.9860766,0.15045577,0.8406583863927718,0.11756565980033401,0.9893621930422867,0.9990313321280967,0.9903214856482897,1914,1653,0.011131982319056988,0.09494145214557648,0.11725102365016937,1.0,1.0,0.9999999999999999,0.9999999999999999,0.9255165337214807,0.9560233603731217,0.9680898732017023,2.0,0.0,a549+TNFA_RELB,a549+TNFA,RELB,False,True,2
a549+TNFA_REPIN1,0.04507032,0.0024836634,18.146711,0.9860201,0.12001635,0.8393722191806763,0.11674502912636191,0.9893094740139555,0.9994258929008107,0.9898777698689669,1996,1650,,,,,,,,,,,,,a549+TNFA_REPIN1,a549+TNFA,REPIN1,False,True,2
a549+TNFA_SOX4,0.053732228,0.009488834,5.6626797,0.98439395,0.26075977,0.7993683685915847,0.3120905703799785,0.9879164441129406,0.9980982396327694,0.9897988042503961,2286,1252,0.0774046927690506,0.13624295592308044,0.5681372284889221,0.42486196756362915,0.6862902641296387,0.851866165403407,0.33999999999999997,0.6673025206572263,0.9596619332481401,0.695351662432443,24.0,1.0,a549+TNFA_SOX4,a549+TNFA,SOX4,False,True,2
a549+TNFA_SOX9,0.05075687,0.027197514,1.866232,0.98290455,0.3415135,0.8083579000544534,0.3687309119833097,0.986631413566209,0.9949463089161201,0.9916428702982282,2322,1158,0.1124819740653038,0.21338389813899994,0.5271342992782593,0.7860125303268433,0.40064558386802673,0.6320446356578597,0.3230769230769231,0.8821407005984383,0.9439581968480338,0.9345124641578303,21.0,4.0,a549+TNFA_SOX9,a549+TNFA,SOX9,False,True,2
a549+TNFA_TNFRSF1A,0.042369943,0.06463382,0.6555383,0.98896813,0.6417706,0.827285053196771,0.2984838478074342,0.9912555165676062,0.985714644051603,1.0056211729727667,1973,1518,0.5643078088760376,2.203436851501465,0.2561034560203552,0.7916003465652466,0.8353919386863708,0.7753846153846154,0.85,0.9565398054932249,0.8804999464045726,1.0863598679354303,24.0,1.0,a549+TNFA_TNFRSF1A,a549+TNFA,TNFRSF1A,False,False,2
a549+TNFA_TNFRSF1B,0.043786798,0.0026024417,16.825275,0.9866575,0.1875234,0.8385582794501074,0.1435865419548149,0.9898357060032877,0.9994019575636959,0.9904280239917397,1988,1639,,,,,,,,,,,,,a549+TNFA_TNFRSF1B,a549+TNFA,TNFRSF1B,False,True,2
a549+TNFA_TRAF1,0.04738208,0.008939938,5.300046,0.9852935,0.14111927,0.8436213626607925,0.11791013628854388,0.9886708392433131,0.9981792218208309,0.9904742731869604,1888,1634,0.06329095363616943,0.05840970203280449,1.0835691690444946,0.30192282795906067,0.13681593537330627,0.4014680971202711,0.10333145115753813,0.8192018088151747,0.9549742825729989,0.8578260417735954,15.0,7.0,a549+TNFA_TRAF1,a549+TNFA,TRAF1,False,True,2
a549+TNFA_TRAF2,0.048678875,0.010171106,4.785996,0.9846204,0.13260421,0.8345708918236631,0.11840627986290668,0.9882319879116096,0.997710366925366,0.9904998691724876,1946,1632,0.3907183110713959,0.2850346565246582,1.370774745941162,0.3344479203224182,0.1046534851193428,0.8363636363636363,0.05454545454545454,0.5388853140469714,0.73557083665853,0.732608318860166,17.0,4.0,a549+TNFA_TRAF2,a549+TNFA,TRAF2,False,True,2
a549+TNFA_TRAF3,0.05152379,0.007858148,6.5567346,0.983829,0.022511981,0.8337271157103132,0.08130979518130224,0.9876379896559565,0.9981899703916386,0.9894288852335973,1949,1668,0.48305559158325195,0.243491992354393,1.9838664531707764,0.2617332637310028,0.08987510949373245,0.5142857142857142,0.17857142857142855,0.6043178305513295,0.8242805905274277,0.7331457728061364,8.0,7.0,a549+TNFA_TRAF3,a549+TNFA,TRAF3,False,True,2
a549+TNFA_ZFP36L1,0.0787089,0.047045384,1.6730419,0.9793683,0.13493443,0.8276131623258081,0.07696105986282667,0.9835215474760128,0.9919352060824965,0.9915179352896323,1767,1719,0.2886594831943512,0.4153601825237274,0.6949618458747864,0.9246212244033813,0.3970681428909302,0.8113098822899732,0.2869230769230769,0.9037450459324234,0.8940269870980391,1.010869983764057,17.0,8.0,a549+TNFA_ZFP36L1,a549+TNFA,ZFP36L1,False,True,2
a549+TNFA_ZNF22,0.045546312,0.0027190517,16.750809,0.98584795,0.10365697,0.8372862184307981,0.14198154591183632,0.9891660923167226,0.9993778764293398,0.9897818589409816,2032,1609,,,,,,,,,,,,,a549+TNFA_ZNF22,a549+TNFA,ZNF22,False,True,2
a549+TNFA_ZNF267,0.044896703,0.012317676,3.6449006,0.98553336,0.24807353,0.8245579197661826,0.2109910662290647,0.988801794340908,0.9975662246846049,0.9912141869614041,2016,1493,0.08623453229665756,0.10662105679512024,0.8087945580482483,0.621161699295044,-0.03445395827293396,0.6585882022192671,0.011538461538461539,0.8739300301784775,0.9596258406268301,0.9106987256696049,19.0,6.0,a549+TNFA_ZNF267,a549+TNFA,ZNF267,False,True,2
bxpc3+IFNB_SP100,0.008929198,0.004771125,1.8715078,0.9983673,0.34173667,0.9083697887753355,0.253653444734037,0.9987152128532897,0.9989089266098141,0.9998060746566938,2502,1702,0.004369406495243311,0.39077743887901306,0.011181317269802094,0.8430436253547668,0.9916585683822632,0.8999999999999998,0.8999999999999998,0.9357077231686453,0.6130945862934436,1.5262045108334887,5.0,0.0,bxpc3+IFNB_SP100,bxpc3+IFNB,SP100,True,False,2
bxpc3+IFNG_ATF3,0.047765758,0.0033918084,14.082682,0.98687756,0.022393508,0.8349237076994951,0.09188461494373004,0.9901315952317399,0.9992323098332345,0.9908922935017849,2309,1912,0.5300461053848267,0.9455640912055969,0.5605607628822327,0.8679771423339844,0.481346994638443,0.7999999999999999,0.49999999999999994,0.9444061195045725,0.9766353531194866,0.9669997266513339,3.0,2.0,bxpc3+IFNG_ATF3,bxpc3+IFNG,ATF3,False,True,2
bxpc3+IFNG_ATF5,0.05080448,0.0037177827,13.665264,0.9874239,0.17478701,0.8180948266350657,0.1914205903022635,0.990476288545743,0.9991706802040412,0.9912983919258692,2340,1665,0.12568911910057068,0.1855316013097763,0.6774539947509766,0.9849599003791809,0.959308922290802,1.0,0.19999999999999998,0.9416874098057673,0.9135906462973475,1.030754215383325,2.0,2.0,bxpc3+IFNG_ATF5,bxpc3+IFNG,ATF5,False,True,2
bxpc3+IFNG_BATF2,0.04766904,0.006514565,7.3173018,0.9863194,0.078465104,0.8324217261517974,0.13214760465664155,0.9896933852289294,0.9985481755039174,0.9911323354323697,2260,1695,0.10484464466571808,0.17397233843803406,0.6026512384414673,0.8146914839744568,0.5989238023757935,0.6715384615384616,0.4707692307692308,0.8641969494003666,0.7890180545369712,1.0952815901120458,23.0,2.0,bxpc3+IFNG_BATF2,bxpc3+IFNG,BATF2,False,True,2
bxpc3+IFNG_CEBPB,0.059122533,0.015165759,3.8984222,0.98385626,0.091671765,0.8166910879759013,0.16809675770203014,0.987762277503378,0.9966269332360258,0.9911053419920486,2335,1606,0.15899574756622314,0.2693198621273041,0.5903602838516235,0.8731247782707214,0.5528338551521301,0.7043662373034333,0.10846153846153846,0.9121763378022631,0.9565209121178935,0.9536397231321956,17.0,8.0,bxpc3+IFNG_CEBPB,bxpc3+IFNG,CEBPB,False,True,2
bxpc3+IFNG_CEBPE,0.05211172,0.027815009,1.8735108,0.9833381,0.2403667,0.8284782411341898,0.30644607968201776,0.9870238110365662,0.9945838749358771,0.9923987668714233,2540,1349,0.14321212470531464,0.2329428791999817,0.6147950291633606,0.4327773153781891,0.11651357263326645,0.4133950416632155,-0.03923076923076923,0.7987508294485625,0.8828810523615722,0.9047094479058371,21.0,4.0,bxpc3+IFNG_CEBPE,bxpc3+IFNG,CEBPE,False,True,2
bxpc3+IFNG_CLK1,0.063440025,0.074051335,0.85670334,0.9774993,0.47206002,0.7959231446989126,0.5172627931064265,0.9820414796578624,0.9874453027197085,0.9945274709931148,2875,1005,0.17787757515907288,0.3941376805305481,0.4513082206249237,0.7153987884521484,0.273766428232193,0.4351741601519193,0.15692307692307692,0.8671981141133931,0.8877815776077519,0.9768147210828324,23.0,2.0,bxpc3+IFNG_CLK1,bxpc3+IFNG,CLK1,False,True,2
bxpc3+IFNG_CUL1,0.09881688,0.16152915,0.61175877,0.96680194,0.5188209,0.7874809497168852,0.5140124462067622,0.9728894701382479,0.9769653293888328,0.9958280410491795,2795,1015,0.26440319418907166,0.48014840483665466,0.5506697297096252,0.2440456598997116,0.32263651490211487,0.1899311864656789,0.2069230769230769,0.5415832020426353,0.5944972030753773,0.9109936922175343,22.0,3.0,bxpc3+IFNG_CUL1,bxpc3+IFNG,CUL1,False,True,2
bxpc3+IFNG_EHF,0.05640949,0.0062874407,8.971773,0.98540044,-0.009096814,0.8210726356065248,0.06545215843317664,0.9889591222276256,0.9985771994682813,0.9903682186557263,2228,1896,0.2880445122718811,0.48152029514312744,0.5981980562210083,0.8991246819496155,0.8708664178848267,0.6904761904761906,0.880952380952381,0.9233306739191507,0.8737751659193325,1.056714255488915,8.0,0.0,bxpc3+IFNG_EHF,bxpc3+IFNG,EHF,False,True,2
bxpc3+IFNG_ETV7,0.047914088,0.0085558565,5.600151,0.98544455,0.009099222,0.8420248559800599,0.06808669115476476,0.9890092868752428,0.9980950594464785,0.9908968865387687,2163,1779,0.078297458589077,0.22242267429828644,0.3520210385322571,0.8108697533607483,0.7086039781570435,0.8346153846153845,0.45461538461538464,0.8626214711637682,0.8301804441966046,1.0390770791987973,23.0,2.0,bxpc3+IFNG_ETV7,bxpc3+IFNG,ETV7,False,True,2
bxpc3+IFNG_FBXO6,0.06861393,0.06542339,1.0487676,0.9764381,0.31532294,0.8143125016480856,0.3893631003530987,0.9812229904294032,0.9884662291185954,0.9926722446596371,2662,1213,0.18977351486682892,0.25349435210227966,0.748630166053772,0.4210170805454254,-0.18421876430511475,0.37767101226891364,-0.2623076923076923,0.8173154217680372,0.901911025791284,0.9062040471796787,20.0,5.0,bxpc3+IFNG_FBXO6,bxpc3+IFNG,FBXO6,False,True,2
bxpc3+IFNG_FMNL2,0.051145244,0.019073635,2.6814628,0.9842465,0.20592923,0.8217087644726944,0.2809162405260487,0.9879196179487765,0.9962151366267545,0.9916729646308455,2499,1410,0.20011396706104279,0.3090882897377014,0.6474330425262451,0.8962383270263672,0.3391992449760437,0.8154157718016501,0.27076923076923076,0.9319151763149279,0.8947521857765522,1.0415343948068951,21.0,4.0,bxpc3+IFNG_FMNL2,bxpc3+IFNG,FMNL2,False,True,2
bxpc3+IFNG_FOXN3,0.048405956,0.006255791,7.7377834,0.9864975,0.09327274,0.8259996437327701,0.13603398051138432,0.9898226998757328,0.9985921460646733,0.9912181903057221,2303,1721,0.11439928412437439,0.2169647514820099,0.5272712707519531,0.6329637765884399,0.8000844717025757,0.5526315789473685,0.5947368421052631,0.7213052433056663,0.5284354337350191,1.3649827344230678,15.0,4.0,bxpc3+IFNG_FOXN3,bxpc3+IFNG,FOXN3,False,True,2
bxpc3+IFNG_GUK1,0.046960413,0.008867057,5.296054,0.98662424,0.17222682,0.8301044278322157,0.17769486063840337,0.9899006338347695,0.9980490239700694,0.9918356814749569,2340,1632,0.14425067603588104,0.16464146971702576,0.8761503100395203,0.598527729511261,0.27516603469848633,0.4727832362894154,0.3923076923076923,0.7655941969944758,0.8061205030889853,0.9497267394400514,18.0,7.0,bxpc3+IFNG_GUK1,bxpc3+IFNG,GUK1,False,True,2
bxpc3+IFNG_HLA-DQB1,0.04989868,0.0062736785,7.9536557,0.98685414,0.13836844,0.8230201025225886,0.17106013415584126,0.9900676629998713,0.99859504252369,0.9914606230146427,2317,1655,0.06203773617744446,0.09446228295564651,0.6567460894584656,0.9027553200721741,0.47443562746047974,0.45615384615384613,0.3546153846153846,0.9353608552113594,0.9783530524935368,0.9560565614093983,19.0,6.0,bxpc3+IFNG_HLA-DQB1,bxpc3+IFNG,HLA-DQB1,False,True,2
bxpc3+IFNG_HLX,0.101512946,0.14181961,0.7157892,0.9666552,0.4315027,0.8032933074945193,0.4718573808776907,0.9726719678542153,0.9782426355962496,0.9943054334994927,2717,1087,0.3205418288707733,0.46102046966552734,0.6952876448631287,0.4881019592285156,-0.057704322040081024,0.4966773536291684,-0.04230769230769231,0.792121673762449,0.8268157006244743,0.958038983976935,19.0,6.0,bxpc3+IFNG_HLX,bxpc3+IFNG,HLX,False,True,2
bxpc3+IFNG_IFI16,0.06770151,0.066137455,1.0236486,0.9776148,0.3215953,0.8188315862384958,0.3564088861047114,0.9821770015341232,0.9891949881932608,0.9929053556246219,2564,1331,0.4775635600090027,0.6073335409164429,0.7863283157348633,0.8985092639923096,0.04335334524512291,0.6665384985847947,0.12692307692307694,0.9012032789327197,0.8940396272125029,1.0080126780761969,20.0,5.0,bxpc3+IFNG_IFI16,bxpc3+IFNG,IFI16,False,False,2
bxpc3+IFNG_IFNGR1,0.03070447,0.03156092,0.9728636,0.990557,0.5925757,0.8370501947961942,0.3024844860806435,0.9928371437839832,0.9930105695111399,0.999825353593928,2375,1546,0.6522659063339233,1.2055752277374268,0.5410412549972534,0.7302728295326233,0.6902985572814941,0.7569230769230769,0.7192307692307691,0.9455502745233704,0.9810939848514215,0.9637713502713667,25.0,0.0,bxpc3+IFNG_IFNGR1,bxpc3+IFNG,IFNGR1,False,True,2
bxpc3+IFNG_IFNGR2,0.032595914,0.016964452,1.9214245,0.99114597,0.55669105,0.8465125254922141,0.2751947713535324,0.9933059836927687,0.9961548644319524,0.997140122644677,2416,1706,0.16993489861488342,0.288118451833725,0.5898091197013855,0.6995089054107666,0.6563242077827454,0.6653846153846155,0.7769230769230768,0.8048507390428754,0.6486950395557854,1.2407228203780047,21.0,4.0,bxpc3+IFNG_IFNGR2,bxpc3+IFNG,IFNGR2,False,True,2
bxpc3+IFNG_IRF1,0.045720622,0.0032645783,14.005062,0.9874234,0.1066148,0.8322819098173595,0.1373678014257541,0.9905425904151794,0.9992630293314219,0.991273129636271,2237,1817,0.016097355633974075,0.04273780807852745,0.3766537606716156,0.8541507720947266,0.03535187244415283,0.7999999999999999,0.39999999999999997,0.9471644476461959,0.9910752087994579,0.955693815400293,4.0,0.0,bxpc3+IFNG_IRF1,bxpc3+IFNG,IRF1,False,True,2
bxpc3+IFNG_IRF2,0.053414136,0.013842621,3.8586721,0.98556113,0.1678041,0.8196095352518703,0.16398094123741033,0.9890923622124431,0.9968692964245851,0.9921986420486265,2335,1633,0.35032665729522705,0.5207743644714355,0.6727033257484436,0.3867296278476715,0.5240707397460938,0.3984615384615384,0.4053846153846154,0.7004842787713706,0.7248717358494604,0.9663561760350462,14.0,11.0,bxpc3+IFNG_IRF2,bxpc3+IFNG,IRF2,False,True,2
bxpc3+IFNG_IRF5,0.05702398,0.046695746,1.2211815,0.9808294,0.31459874,0.8271841160041418,0.3474863140719473,0.9848449201327393,0.9917155917622625,0.9930719334387854,2594,1289,0.22174648940563202,0.25194090604782104,0.8801527619361877,0.7558189630508423,-0.05779523402452469,0.43156901605856485,0.10923076923076921,0.9050987106906292,0.9417741805308835,0.9610570446732994,18.0,7.0,bxpc3+IFNG_IRF5,bxpc3+IFNG,IRF5,False,True,2
bxpc3+IFNG_IRF7,0.045867287,0.0066230134,6.925441,0.9866885,0.12624449,0.8338070574355909,0.1494014236829446,0.9899545077271469,0.9985564134150395,0.9913856587646618,2273,1677,0.023256752640008926,0.07684223353862762,0.3026558756828308,0.7284870743751526,0.7289341688156128,0.6399999999999999,0.48923076923076925,0.8361223754201678,0.7399423500354464,1.1299831336591477,24.0,1.0,bxpc3+IFNG_IRF7,bxpc3+IFNG,IRF7,False,True,2
bxpc3+IFNG_IRF9,0.050473265,0.008994128,5.611802,0.98668647,0.20309095,0.821999675519482,0.20236737293023793,0.989939736018574,0.9980001457661295,0.9919234383063463,2368,1623,0.12924396991729736,0.29914212226867676,0.4320487082004547,0.7641139626502991,0.7564515471458435,0.6239661588783009,0.6038461538461538,0.8521284011668856,0.7294068812954407,1.1682483714075869,21.0,4.0,bxpc3+IFNG_IRF9,bxpc3+IFNG,IRF9,False,True,2
bxpc3+IFNG_JAK1,0.030073162,0.020493928,1.4674182,0.99121445,0.57218486,0.8422722744168218,0.2716546033161334,0.9934002428490526,0.9954041942171206,0.9979867963389043,2345,1617,0.67431640625,0.6669421195983887,1.011056900024414,0.6741185188293457,0.5988979935646057,0.7461538461538462,0.803076923076923,0.8382592154255883,0.9613093303704374,0.8719973778914305,22.0,3.0,bxpc3+IFNG_JAK1,bxpc3+IFNG,JAK1,False,True,2
bxpc3+IFNG_JAK2,0.029274227,0.013069672,2.2398593,0.9915066,0.57365084,0.8477691896435582,0.2986875231459577,0.9936283203034397,0.9970725255716832,0.9965456823050372,2387,1599,0.08447380363941193,0.1496848315000534,0.5643444657325745,0.8507570028305054,0.6306307315826416,0.4753846153846154,0.42000000000000004,0.8838721468624646,0.7526026835973955,1.1744206686024676,21.0,4.0,bxpc3+IFNG_JAK2,bxpc3+IFNG,JAK2,False,True,2
bxpc3+IFNG_JUN,0.04500508,0.0056977225,7.898784,0.9874804,0.17965637,0.8306633828499079,0.18065712604827777,0.9905707847980487,0.998737336490253,0.991823123664423,2340,1644,0.1197839081287384,0.1576208919286728,0.7599494457244873,0.8103137016296387,0.5777319669723511,0.6175889328063241,0.2598814229249012,0.8350725237090265,0.7361473200023395,1.1343823457869446,17.0,6.0,bxpc3+IFNG_JUN,bxpc3+IFNG,JUN,False,True,2
bxpc3+IFNG_KIN,0.22291057,0.34424934,0.6475265,0.92323077,0.50225574,0.7411245951652057,0.5168976951351217,0.9359185624880059,0.9383403575635303,0.9974190654211945,2306,717,1.3932008743286133,1.8601170778274536,0.7489855885505676,0.777004063129425,-0.13425828516483307,0.6095943117875325,-0.1676923076923077,0.7218984531855951,0.6334418542844384,1.1396443861466665,20.0,5.0,bxpc3+IFNG_KIN,bxpc3+IFNG,KIN,False,True,2
bxpc3+IFNG_KLF4,0.05855443,0.04616991,1.2682378,0.9803319,0.29666007,0.8183773699369922,0.35180241317056354,0.9844535534054731,0.9916792756645532,0.9927136500314199,2612,1274,0.1056969091296196,0.16804516315460205,0.6289792060852051,0.3809545636177063,-0.00665171816945076,0.13976938156782448,0.006153846153846154,0.8240432492684717,0.9125880892682583,0.9029739254313689,23.0,2.0,bxpc3+IFNG_KLF4,bxpc3+IFNG,KLF4,False,True,2
bxpc3+IFNG_MAFB,0.048387248,0.008626614,5.609066,0.9859699,0.10197442,0.831103051296581,0.15027874234390542,0.9894000373753948,0.9981258553671013,0.9912577978570677,2286,1657,0.039956945925951004,0.05488567799329758,0.7280031442642212,0.3987361490726471,0.5936182141304016,0.19846153846153847,0.3484615384615385,0.7245070666732926,0.954027578252018,0.7594194163660803,17.0,8.0,bxpc3+IFNG_MAFB,bxpc3+IFNG,MAFB,False,True,2
bxpc3+IFNG_MAFF,0.045447193,0.024819056,1.8311411,0.9859566,0.35231155,0.828776585056736,0.3269012662150719,0.9892032335659167,0.9949905324489923,0.994183563868863,2524,1382,0.39131399989128113,0.24238239228725433,1.61444890499115,0.5398052334785461,-0.7111473679542542,0.6569230769230769,0.09999999999999999,0.5714122655273792,0.7681456428706454,0.7438853176227731,22.0,3.0,bxpc3+IFNG_MAFF,bxpc3+IFNG,MAFF,False,False,2
bxpc3+IFNG_MCRS1,0.06993283,0.11199094,0.6244508,0.97279876,0.5467492,0.7803817848237425,0.5444544399943226,0.9782151408773678,0.983313547511636,0.9948150753671907,2822,943,0.11055373400449753,0.31307584047317505,0.35312125086784363,-0.03718377649784088,0.20106615126132965,-0.02830692585361489,0.23923076923076922,0.11519793093115704,0.28626347520029205,0.4024192427991579,22.0,3.0,bxpc3+IFNG_MCRS1,bxpc3+IFNG,MCRS1,False,True,2
bxpc3+IFNG_MYC,0.043501735,0.006148088,7.0756526,0.9878063,0.23847774,0.830258953085704,0.2281608875510845,0.9908046817472038,0.9986725909523073,0.9921216329792321,2374,1573,0.02150423265993595,0.034608393907547,0.6213588714599609,-0.044220201671123505,0.26298075914382935,0.16272360370254088,0.2676923076923077,0.5849264123293384,0.6656699530355702,0.8787033418918381,21.0,4.0,bxpc3+IFNG_MYC,bxpc3+IFNG,MYC,False,True,2
bxpc3+IFNG_NFKB1,0.12680799,0.16946487,0.7482848,0.9618001,0.3991341,0.7975984045227252,0.4434512505541133,0.9680190367015648,0.9732142707204112,0.9946617778066481,2659,1136,0.2929007411003113,0.4998682141304016,0.5859559178352356,,-0.2617609202861786,,-0.20846153846153848,,,,22.0,3.0,bxpc3+IFNG_NFKB1,bxpc3+IFNG,NFKB1,False,True,2
bxpc3+IFNG_PARP12,0.04929518,0.0050667534,9.729145,0.9865054,0.06299529,0.8242574742787124,0.10620596782707946,0.9897998639531835,0.9988528798813495,0.9909365872487234,2245,1809,0.4013364017009735,0.45391353964805603,0.8841692805290222,0.8370295763015747,0.404899001121521,0.9166666666666666,0.45,0.880279739870445,0.8281228342152087,1.0629820885263526,7.0,2.0,bxpc3+IFNG_PARP12,bxpc3+IFNG,PARP12,False,True,2
bxpc3+IFNG_PIK3CA,0.07123788,0.069335006,1.0274446,0.97609776,0.30356207,0.80665907174639,0.35248879169077985,0.9808390574962318,0.9883308019937607,0.9924198006553921,2582,1295,0.19942449033260345,0.21399033069610596,0.931932270526886,0.05690367519855499,-0.3604802191257477,0.02711142565738746,-0.39999999999999997,0.7311928663259644,0.8975278255721443,0.8146743148156472,16.0,9.0,bxpc3+IFNG_PIK3CA,bxpc3+IFNG,PIK3CA,False,True,2
bxpc3+IFNG_PLEK,0.04822219,0.009920498,4.8608637,0.985803,0.13894568,0.8273216484316669,0.20138166590822962,0.9892413000184169,0.9979137504261759,0.9913094188710645,2401,1532,0.13597017526626587,0.19538718461990356,0.6959012150764465,0.8114506602287292,0.42417633533477783,0.3350644416664612,0.16461538461538464,0.8605140229832894,0.7943729387547815,1.083262005793132,18.0,7.0,bxpc3+IFNG_PLEK,bxpc3+IFNG,PLEK,False,True,2
bxpc3+IFNG_PPARG,0.07934604,0.11958193,0.6635287,0.97102636,0.49047554,0.7946247338755694,0.5242933563573726,0.9763260302926661,0.9810356081902598,0.995199381288227,2872,998,0.3180863857269287,0.3280488848686218,0.9696310758590698,0.27030032873153687,-0.41005465388298035,0.3845142972639604,-0.023076923076923078,0.7184825886597733,0.7853800086357287,0.9148215905162116,20.0,5.0,bxpc3+IFNG_PPARG,bxpc3+IFNG,PPARG,False,True,2
bxpc3+IFNG_PRDM1,0.043502208,0.0068395995,6.3603444,0.98688865,0.12979412,0.8384802561865758,0.14601432792000146,0.9901367021646307,0.9984965418394101,0.9916275727311192,2252,1732,0.06429014354944229,0.0872487723827362,0.7368601560592651,0.7936789393424988,0.6450238227844238,0.39384615384615385,0.6076923076923076,0.8423149910951856,0.8357385575706564,1.0078690081544708,18.0,7.0,bxpc3+IFNG_PRDM1,bxpc3+IFNG,PRDM1,False,True,2
bxpc3+IFNG_PTGES3,0.071008034,0.071866035,0.9880611,0.97588027,0.3264838,0.8039344383582501,0.37510190442132657,0.9805564898144636,0.9873962761584063,0.9930729064823358,2620,1258,0.20505763590335846,0.2396588772535324,0.8556229472160339,0.5251299142837524,0.001710984855890274,0.4879312688042477,-0.06307692307692309,0.804184335594203,0.7989610608131263,1.0065375836661685,18.0,7.0,bxpc3+IFNG_PTGES3,bxpc3+IFNG,PTGES3,False,True,2
bxpc3+IFNG_PTPN11,0.04673201,0.0035329384,13.227518,0.98718035,0.0790236,0.8326351011824512,0.11769270193577577,0.9903430538358059,0.999200179743076,0.991135784313462,2268,1876,0.18608887493610382,0.3330515921115875,0.5587388873100281,0.8880696296691895,0.72710782289505,0.7714285714285715,0.6,0.9481389773073886,0.9575375228594264,0.9901846712764095,5.0,1.0,bxpc3+IFNG_PTPN11,bxpc3+IFNG,PTPN11,False,True,2
bxpc3+IFNG_RARRES3,0.06740269,0.008230326,8.189553,0.98541707,0.12237729,0.7973295948404238,0.17346431278367586,0.9888841362786699,0.9981578667674733,0.990709154536009,2387,1578,0.13844671845436096,0.3095315992832184,0.44727814197540283,0.8656837344169617,0.5729074478149414,0.7609155747603448,0.45307692307692304,0.9105575351226832,0.9555800596866533,0.9528846127463841,20.0,5.0,bxpc3+IFNG_RARRES3,bxpc3+IFNG,RARRES3,False,True,2
bxpc3+IFNG_RFX5,0.051750194,0.0085326135,6.0649877,0.9858061,0.13292047,0.8113046016811337,0.20045693312850743,0.9892521602112795,0.9981622984760021,0.9910734574143637,2390,1562,0.10635676980018616,0.19658401608467102,0.5410245060920715,0.7281454205513,0.5286276936531067,0.5476923076923077,0.2353846153846154,0.8034063811925949,0.7408980757454481,1.0843682923379907,22.0,3.0,bxpc3+IFNG_RFX5,bxpc3+IFNG,RFX5,False,True,2
bxpc3+IFNG_RNF14,0.046249963,0.016844716,2.745666,0.98528874,0.21179695,0.8305117560588205,0.2612566529998228,0.9887367605937741,0.9967459279648992,0.991964685135481,2451,1469,0.1323850005865097,0.2367279827594757,0.5592283606529236,0.6723209023475647,0.6129314303398132,0.6323076923076923,0.4676923076923077,0.8054467429387423,0.7035045652913534,1.1449062062662947,23.0,2.0,bxpc3+IFNG_RNF14,bxpc3+IFNG,RNF14,False,True,2
bxpc3+IFNG_RUNX1,0.044122204,0.0034510822,12.785034,0.9877049,0.13618395,0.8377318857612276,0.1537136954004007,0.9907355226789168,0.9992195615614277,0.9915093346759012,2376,1867,0.019974317401647568,0.05168120935559273,0.38649091124534607,0.9687114357948303,0.9133993983268738,0.8999999999999998,0.8999999999999998,0.9303497824024078,0.9729351831976013,0.9562299713992927,3.0,2.0,bxpc3+IFNG_RUNX1,bxpc3+IFNG,RUNX1,False,True,2
bxpc3+IFNG_SOX2,0.08028055,0.14173254,0.5664228,0.9672213,0.57678246,0.7675191317922876,0.5885164178316016,0.9735680377331415,0.978619595083419,0.9948380786817916,2929,871,0.2918268144130707,0.5469309091567993,0.5335716009140015,0.8502923250198364,0.0689580962061882,0.3322581369374025,0.041538461538461545,0.7895839978874808,0.685443872267874,1.1519309309382935,22.0,3.0,bxpc3+IFNG_SOX2,bxpc3+IFNG,SOX2,False,True,2
bxpc3+IFNG_SP100,0.06273615,0.003120732,20.103025,0.98714626,0.19266139,0.7927025052812586,0.158879117401265,0.9900911689639786,0.9992934866319053,0.9907911761749365,2322,1826,2.467298984527588,2.8013980388641357,0.8807384371757507,,,,,,,,1.0,0.0,bxpc3+IFNG_SP100,bxpc3+IFNG,SP100,False,False,2
bxpc3+IFNG_SP110,0.061383143,0.060776055,1.0099889,0.97905064,0.36041135,0.8100181561289953,0.37565979775955394,0.9833349711819178,0.9892482242991583,0.9940224779059575,2634,1245,0.20636382699012756,0.3060329556465149,0.6743189692497253,0.6706228256225586,0.039283670485019684,0.40904193069685457,-0.05384615384615384,0.8944581360593107,0.9158692669851469,0.9766220663825556,21.0,4.0,bxpc3+IFNG_SP110,bxpc3+IFNG,SP110,False,True,2
bxpc3+IFNG_SRC,0.043754768,0.009326488,4.6914515,0.9874841,0.27122295,0.8260178364748993,0.26900302632568285,0.9905430534455425,0.9980172348390733,0.9925109696179385,2438,1492,0.06142411381006241,0.18953672051429749,0.32407501339912415,0.676758885383606,0.705802857875824,0.6399999999999999,0.5038461538461538,0.8042926556888093,0.8395713403261251,0.957980122780737,24.0,1.0,bxpc3+IFNG_SRC,bxpc3+IFNG,SRC,False,True,2
bxpc3+IFNG_STAT1,0.04089385,0.057446666,0.7118577,0.9865936,0.5754733,0.8340007922879596,0.33334399090215305,0.9896202764774729,0.9878536085862825,1.0017883903807556,2440,1470,0.8700945377349854,2.1876516342163086,0.39772993326187134,0.6405540704727173,0.3733668029308319,0.5861538461538462,0.2323076923076923,0.9597576638941678,0.9855236491269562,0.9738555383672288,24.0,1.0,bxpc3+IFNG_STAT1,bxpc3+IFNG,STAT1,False,True,2
bxpc3+IFNG_STAT2,0.17642532,0.22628362,0.7796646,0.9560375,0.38049498,0.792994434855106,0.3833951204961377,0.9629914456637729,0.9685255491675454,0.9942860531572667,2537,1221,0.3408752381801605,0.49149593710899353,0.6935464143753052,,-0.23877070844173431,,-0.15000000000000002,,,,22.0,3.0,bxpc3+IFNG_STAT2,bxpc3+IFNG,STAT2,False,True,2
bxpc3+IFNG_STAT3,0.04632414,0.017969858,2.5778801,0.9852913,0.2081143,0.8298907727435214,0.2168323798576614,0.9886724054528908,0.9964647613331651,0.9921799985482187,2328,1566,0.17781870067119598,0.13684067130088806,1.2994580268859863,0.6921120882034302,-0.568897545337677,0.3756737063904081,-0.12692307692307694,0.8647649421823906,0.9500262109898793,0.9102537721368227,18.0,7.0,bxpc3+IFNG_STAT3,bxpc3+IFNG,STAT3,False,True,2
bxpc3+IFNG_TAPBPL,0.24695699,0.364997,0.67660004,0.9335675,0.49239257,0.7688728019929553,0.5171411391960067,0.9433672530219662,0.9487229831481769,0.9943548009046449,2685,970,1.106581211090088,1.1906111240386963,0.9294228553771973,,0.10599932819604874,,0.021538461538461538,,,,15.0,10.0,bxpc3+IFNG_TAPBPL,bxpc3+IFNG,TAPBPL,False,True,2
bxpc3+IFNG_TBX21,0.04470714,0.0029902009,14.951217,0.98821133,0.22614533,0.828405686880231,0.17362117013036785,0.9911167706133726,0.999330203736738,0.9917810618625822,2319,1763,0.07226108014583588,0.21662327647209167,0.33357948064804077,0.9667631387710571,0.9370505213737488,0.7,0.7,0.9734460320434442,0.8053665161992241,1.2086994088572738,5.0,0.0,bxpc3+IFNG_TBX21,bxpc3+IFNG,TBX21,False,True,2
bxpc3+IFNG_TRAFD1,0.050262135,0.018379861,2.7346308,0.98398554,0.13425355,0.8319038793041014,0.19099800308695544,0.9876943688932309,0.9963667751460344,0.9912959700492497,2328,1569,0.08186432719230652,0.11383917182683945,0.7191226482391357,0.23191896080970764,-0.19538918137550354,0.26250970057198597,-0.34384615384615386,0.8097007112195722,0.9097962050434879,0.8899803128777272,21.0,4.0,bxpc3+IFNG_TRAFD1,bxpc3+IFNG,TRAFD1,False,True,2
bxpc3+IFNG_TSC22D1,0.102084346,0.122319534,0.83457106,0.96989024,0.3540712,0.8170504180142791,0.36905632644414466,0.9752947306799405,0.9810474653099082,0.9941361301737318,2546,1278,0.4279804229736328,0.4304020404815674,0.994373619556427,0.49736884236335754,-0.002125535625964403,0.5324622975710628,0.07999999999999999,0.7948228701739943,0.7929628954003364,1.0023456012689205,17.0,8.0,bxpc3+IFNG_TSC22D1,bxpc3+IFNG,TSC22D1,False,False,2
bxpc3+IFNG_ZC3H3,0.091034114,0.090445325,1.0065099,0.9718829,0.25446668,0.8130989634583532,0.27347810459916094,0.9772880337371592,0.9847653953645333,0.9924069614320615,2428,1425,0.1658746749162674,0.2304152250289917,0.7198945879936218,0.3910987675189972,-0.1653132289648056,0.30520954480821577,-0.011538461538461539,0.8114302185571498,0.8320109803654148,0.9752638338988916,20.0,5.0,bxpc3+IFNG_ZC3H3,bxpc3+IFNG,ZC3H3,False,True,2
bxpc3+IFNG_ZFP36,0.07670366,0.060866408,1.2601969,0.9750022,0.18002796,0.8190936890644495,0.2722945116242886,0.9800037156523242,0.9889073227994877,0.9909965201572597,2486,1399,0.36848679184913635,0.2866388261318207,1.2855439186096191,0.14754420518875122,-0.5701166391372681,-0.09393652089053507,-0.5323076923076923,0.7752523860925518,0.8945385059418024,0.8666506594664006,18.0,7.0,bxpc3+IFNG_ZFP36,bxpc3+IFNG,ZFP36,False,True,2
bxpc3+IFNG_ZNF267,0.07705747,0.07627933,1.0102012,0.9739898,0.29162544,0.804546113816177,0.3781391082675058,0.9790655188170951,0.9868156244563057,0.9921463488749679,2631,1247,0.17335475981235504,0.3102495074272156,0.5587591528892517,0.32500219345092773,-0.0753103494644165,0.38550935606994496,0.07153846153846154,0.7385833931452593,0.8601940281643066,0.8586241812459802,22.0,3.0,bxpc3+IFNG_ZNF267,bxpc3+IFNG,ZNF267,False,True,2
bxpc3+IFNG_ZNFX1,0.060043108,0.05323725,1.1278402,0.98007727,0.31467777,0.8223262720203959,0.32531910944622655,0.9841957616175455,0.9907759144484887,0.9933585861999825,2518,1369,0.48022761940956116,0.6457226276397705,0.7437057495117188,0.9030815362930298,0.32640641927719116,0.36552522905746904,-0.03923076923076923,0.923843786421272,0.9511427731566824,0.9712987497714883,18.0,7.0,bxpc3+IFNG_ZNFX1,bxpc3+IFNG,ZNFX1,False,True,2
bxpc3+INS_MTOR,0.015303492,0.020608742,0.74257284,0.9960378,0.4878684,0.8969596812151651,0.3287025641302792,0.9968764040891993,0.9957191426215641,1.0011622368377777,2540,1705,0.13417017459869385,0.29831624031066895,0.4497582018375397,0.9299333691596985,0.8782745599746704,0.6569230769230769,0.6184615384615385,0.9430882707096611,0.9136698659167171,1.0321980683509,23.0,2.0,bxpc3+INS_MTOR,bxpc3+INS,MTOR,True,False,2
bxpc3+TGFB_FOXP2,0.018314464,0.012707616,1.4412194,0.99426365,0.2612418,0.8527941136814167,0.2989743955373095,0.9955878841136001,0.9970526332331275,0.9985309209657491,2201,1195,0.0368586890399456,0.17051154375076294,0.21616536378860474,,,,,,,,1.0,0.0,bxpc3+TGFB_FOXP2,bxpc3+TGFB,FOXP2,True,False,2
bxpc3+TGFB_NRAS,0.04105963,0.04438491,0.92508084,0.9892097,0.29404166,0.8341393578144022,0.24990198173692188,0.9910861677649854,0.9906717106167087,1.000418359728894,1998,1312,0.21633155643939972,0.3458017408847809,0.6255941987037659,0.6024553775787354,0.20513980090618134,0.46413195273680735,-0.004615384615384616,0.7352798626944294,0.7118341267858854,1.0329370776509514,23.0,2.0,bxpc3+TGFB_NRAS,bxpc3+TGFB,NRAS,True,False,2
bxpc3+TGFB_PRKCA,0.0133997,0.0072229425,1.855158,0.9956986,0.26163438,0.8627622982303911,0.2684474124013452,0.9967067305770225,0.9983004764779345,0.9984035408792603,2158,1334,,,,,,,,,,,,,bxpc3+TGFB_PRKCA,bxpc3+TGFB,PRKCA,True,False,2
bxpc3+TNFA_BIRC3,0.0035364728,0.0056744204,0.62323064,0.9989143,0.6378564,0.9111859394058446,0.4862833268399106,0.9991610067871137,0.9986833159166677,1.000478320667656,2643,1219,0.07331806421279907,0.12534727156162262,0.5849195122718811,0.8632299900054932,0.4326774775981903,0.8571428571428572,0.5819548872180451,0.915841700025225,0.957816893934116,0.9561761812986166,20.0,0.0,bxpc3+TNFA_BIRC3,bxpc3+TNFA,BIRC3,True,False,2
bxpc3+TNFA_TNFRSF1A,0.12966882,0.1511702,0.8577671,0.97813386,0.463448,0.8362862588301343,0.32767926670914566,0.9811427542618688,0.9755872853106257,1.0056944868336146,2312,1449,0.33911192417144775,0.524260938167572,0.6468380689620972,0.6213461756706238,0.6765116453170776,0.549339605875307,0.4138461538461538,0.7732222597370663,0.7909234634413246,0.9776195744310834,25.0,0.0,bxpc3+TNFA_TNFRSF1A,bxpc3+TNFA,TNFRSF1A,True,False,2
hap1+IFNB_ADAR,0.04949538,0.02761989,1.7920194,0.98370993,0.3122679,0.808464028653415,0.35269288554120126,0.9872899354752004,0.9936630157552365,0.9935862760523574,2443,1366,0.2973889410495758,0.322719931602478,0.9215078353881836,0.30527570843696594,0.16908244788646698,0.5230769230769231,0.5761538461538462,0.5910799985821329,0.6440684959242297,0.9177284750342292,20.0,5.0,hap1+IFNB_ADAR,hap1+IFNB,ADAR,False,True,2
hap1+IFNB_AKT1,0.035326604,0.0027811844,12.702,0.9887671,0.16247404,0.8326524627549081,0.1881195261056107,0.9913287501348562,0.9993378750567256,0.9919855685231437,2206,1689,0.0013387136859819293,0.027891334146261215,0.047997478395700455,0.527884304523468,0.9870871305465698,0.3,0.9999999999999999,0.9758637846016949,0.9808588026554409,0.9949075055041325,5.0,0.0,hap1+IFNB_AKT1,hap1+IFNB,AKT1,False,True,2
hap1+IFNB_BATF2,0.03656806,0.0024979904,14.638991,0.9888332,0.16930696,0.8311115896967317,0.1476017679990288,0.9913555771729935,0.9993833575672004,0.9919672662813308,2207,1756,0.2254672348499298,0.03506271168589592,6.430399417877197,0.8224424123764038,0.46071964502334595,0.39999999999999997,0.39999999999999997,0.8703637065883725,0.9800277636524519,0.8881010710805028,2.0,2.0,hap1+IFNB_BATF2,hap1+IFNB,BATF2,False,True,2
hap1+IFNB_BRD9,0.037881322,0.0027590063,13.73006,0.98872924,0.22356367,0.8177463576152594,0.20942121648718415,0.9912431425018816,0.9993380419563791,0.9918997385122553,2271,1628,,,,,,,,,,,,,hap1+IFNB_BRD9,hap1+IFNB,BRD9,False,True,2
hap1+IFNB_CEBPB,0.03945885,0.004233586,9.320432,0.9878531,0.14751962,0.8265071098108263,0.22103436451243305,0.990571243073886,0.9990080765421485,0.9915547895293652,2315,1540,0.07669756561517715,0.035590335726737976,2.155010938644409,0.530261754989624,-0.003868066007271409,0.7223076923076923,0.1523076923076923,0.7259881562365061,0.9756979763493987,0.7440705769963889,21.0,4.0,hap1+IFNB_CEBPB,hap1+IFNB,CEBPB,False,True,2
hap1+IFNB_CEBPG,0.04054091,0.0029637706,13.678829,0.98795354,0.10935274,0.8260615442185347,0.163391453276383,0.9906330631580172,0.9992760062815423,0.9913507949063174,2279,1697,0.03934458643198013,0.03487232327461243,1.128246784210205,-1.0,-1.0,-0.9999999999999999,-0.9999999999999999,0.6695719792796871,0.960047399135763,0.6974363764564515,1.0,1.0,hap1+IFNB_CEBPG,hap1+IFNB,CEBPG,False,True,2
hap1+IFNB_CRKL,0.048364244,0.016935097,2.8558588,0.98370534,0.09831307,0.8210399221928397,0.27559416045176754,0.9872188570283944,0.996263561418512,0.9909213738809843,2380,1430,0.19296666979789734,0.1652163714170456,1.1679633855819702,0.8756110072135925,-0.3485186696052551,0.7182912882684838,-0.04461538461538461,0.9089172308639735,0.9147567521014539,0.9936163125070513,19.0,6.0,hap1+IFNB_CRKL,hap1+IFNB,CRKL,False,True,2
hap1+IFNB_DRAP1,0.05306018,0.01616196,3.2830288,0.9829447,0.04250384,0.8197313413626732,0.185563052838567,0.9867673957447107,0.9960738748132539,0.9906568385098063,2268,1555,0.7520419359207153,0.46257293224334717,1.6257802248001099,0.6869601607322693,0.08482688665390015,0.578957502535045,-0.18692307692307694,0.8519656237857074,0.8391251874320172,1.0153021701004898,13.0,12.0,hap1+IFNB_DRAP1,hap1+IFNB,DRAP1,False,True,2
hap1+IFNB_DTX3L,0.043024145,0.0032853966,13.0955715,0.98702216,-0.030327288,0.8246776296297524,0.08205066741620534,0.989942426518517,0.9991953867012788,0.9907395887672087,2188,1756,0.006604964379221201,1.326695203781128,0.004978509154170752,1.0,1.0,0.9999999999999999,0.9999999999999999,0.9998522731030177,0.9988964621431929,1.0009568668986715,2.0,0.0,hap1+IFNB_DTX3L,hap1+IFNB,DTX3L,False,True,2
hap1+IFNB_ELK1,0.030954938,0.0058952486,5.2508283,0.9902886,0.39936388,0.8299094902669313,0.3229248964689861,0.9924800543831938,0.9986098428785583,0.993861678272973,2373,1480,0.02598416991531849,0.05903825908899307,0.4401242434978485,0.5171957612037659,0.6581471562385559,0.7274828945469993,0.7053846153846153,0.7714225153323604,0.9661322847306083,0.7984646901096574,23.0,2.0,hap1+IFNB_ELK1,hap1+IFNB,ELK1,False,True,2
hap1+IFNB_ETS1,0.0330202,0.0037689896,8.761022,0.9894119,0.2647528,0.8306003481894996,0.217059522032299,0.9918203691714511,0.9990950126509084,0.9927187670968796,2254,1677,0.008519351482391357,0.04135744646191597,0.2059931755065918,-0.08925404399633408,0.6175473928451538,-0.11666666666666665,-0.08333333333333334,0.7997050478312479,0.9936805443618865,0.8047908881468498,9.0,0.0,hap1+IFNB_ETS1,hap1+IFNB,ETS1,False,True,2
hap1+IFNB_ETS2,0.03558001,0.0021090412,16.87023,0.988847,0.15853849,0.8311453064029494,0.15995653581895447,0.9913845261485565,0.9994866445557441,0.9918937201899393,2214,1764,0.5721769332885742,0.7422526478767395,0.7708654403686523,,,,,,,,1.0,0.0,hap1+IFNB_ETS2,hap1+IFNB,ETS2,False,True,2
hap1+IFNB_FOS,0.038862776,0.003389147,11.46683,0.98812795,0.13028318,0.8301395895383346,0.18774993758322667,0.9908000685571645,0.9991945794411591,0.9915987225544303,2259,1614,0.0315132737159729,0.13762116432189941,0.22898566722869873,0.9965193271636963,0.9438406229019165,0.7,0.3,0.9804600884301062,0.9924110061183087,0.9879576933200822,5.0,0.0,hap1+IFNB_FOS,hap1+IFNB,FOS,False,True,2
hap1+IFNB_H1F0,0.041058354,0.0017697079,23.20064,0.9882206,0.13671266,0.8187264854184438,0.18534660092212116,0.9908133915398676,0.9995681635258357,0.9912414457508462,2308,1692,,,,,,,,,,,,,hap1+IFNB_H1F0,hap1+IFNB,H1F0,False,True,2
hap1+IFNB_HERC5,0.037632275,0.004050724,9.290258,0.98862827,0.21278863,0.8235542966739237,0.1985416625336953,0.9911858837985283,0.9990270155456807,0.9921512315231341,2285,1614,0.11588644981384277,0.5778903365135193,0.20053362846374512,0.8782466053962708,0.9157887101173401,0.8285714285714287,0.028571428571428574,0.9393049442538384,0.985753742721976,0.9528799167022406,4.0,2.0,hap1+IFNB_HERC5,hap1+IFNB,HERC5,False,True,2
hap1+IFNB_HERC6,0.041176368,0.0036928947,11.15016,0.98806024,0.1475771,0.8148362003206355,0.1489485988107401,0.9907275776643875,0.9991017102768595,0.9916183382268944,2235,1699,0.19124706089496613,1.3106285333633423,0.14592011272907257,0.7931106090545654,0.836016058921814,0.6000000000000001,0.7999999999999999,0.9015660056699965,0.9586913557082457,0.9404132000376209,3.0,1.0,hap1+IFNB_HERC6,hap1+IFNB,HERC6,False,True,2
hap1+IFNB_HES4,0.038159832,0.0031893218,11.964873,0.98853064,0.19049644,0.8256193506270756,0.22184577196864697,0.9911064846569426,0.9992408175121672,0.9918594870098714,2335,1559,0.13022510707378387,0.03339700400829315,3.8993051052093506,0.5703055262565613,0.11080542951822281,0.523809523809524,0.2142857142857143,0.7947488068173734,0.9553677000345906,0.8318774088642501,4.0,4.0,hap1+IFNB_HES4,hap1+IFNB,HES4,False,True,2
hap1+IFNB_ID1,0.046904497,0.0119645875,3.9202769,0.9859816,0.2563004,0.7859118420227768,0.35502123054523776,0.9890228866924005,0.9974209167570272,0.9915802547113893,2527,1275,0.016720684245228767,0.06947622448205948,0.24066771566867828,0.34176012873649597,0.6231219172477722,0.3130769230769231,0.5176923076923077,0.7962343423634279,0.9216122110488244,0.8639581082126587,25.0,0.0,hap1+IFNB_ID1,hap1+IFNB,ID1,False,True,2
hap1+IFNB_ID2,0.043808654,0.0020827733,21.033808,0.98766965,0.07269944,0.814935488879029,0.1488879572693351,0.990368956781034,0.9994914600963877,0.9908728551672928,2280,1690,,,,,,,,,,,,,hap1+IFNB_ID2,hap1+IFNB,ID2,False,True,2
hap1+IFNB_ID3,0.04452978,0.0047699106,9.335559,0.98794055,0.23170532,0.8006903102366382,0.259105174814378,0.9905755489565922,0.9988628139382942,0.991703300126844,2409,1483,0.09443560242652893,0.11544812470674515,0.8179916739463806,0.6212916970252991,0.6468477845191956,0.5553846153846154,-0.13692307692307693,0.7293900198111926,0.788153376432125,0.9254417244433475,21.0,4.0,hap1+IFNB_ID3,hap1+IFNB,ID3,False,True,2
hap1+IFNB_IFI16,0.035611458,0.021498028,1.6564988,0.9875663,0.38545588,0.8237988115175466,0.3871497655733848,0.9901571511472496,0.9956473405077463,0.9944858092447705,2475,1315,0.15070024132728577,0.2065477967262268,0.7296143770217896,0.5640435218811035,0.6166110634803772,0.5929203978711157,0.4153846153846154,0.7848588116494342,0.9665710712778405,0.8120032090468253,22.0,3.0,hap1+IFNB_IFI16,hap1+IFNB,IFI16,False,False,2
hap1+IFNB_IFNAR1,0.027479358,0.017513461,1.5690421,0.99100447,0.5416982,0.8409207108400094,0.1499186040040792,0.993037088880917,0.995723368216214,0.997302183095181,2145,1762,0.07563164830207825,1.9761842489242554,0.03827155753970146,0.9133670926094055,0.8663985729217529,0.7953846153846152,0.823076923076923,0.9901529055071253,0.9853330093788277,1.0048916417925917,25.0,0.0,hap1+IFNB_IFNAR1,hap1+IFNB,IFNAR1,False,True,2
hap1+IFNB_IFNAR2,0.027465625,0.018762005,1.463896,0.991476,0.5818938,0.8420841452693073,0.17044227063250073,0.9933844047787626,0.9954044037535582,0.9979706750671602,2241,1703,0.07117053866386414,2.2722418308258057,0.031321726739406586,0.9031885862350464,0.8486031889915466,0.7884615384615384,0.8407692307692308,0.9886879862280944,0.9852674730491859,1.0034716594959974,25.0,0.0,hap1+IFNB_IFNAR2,hap1+IFNB,IFNAR2,False,True,2
hap1+IFNB_IRF1,0.037929744,0.0023593067,16.076649,0.9881051,0.040223565,0.838700254038717,0.10223042233642707,0.9908064475208582,0.9994163169066992,0.9913851022439883,2203,1795,0.7914658784866333,0.5378400683403015,1.4715635776519775,,,,,,,,0.0,1.0,hap1+IFNB_IRF1,hap1+IFNB,IRF1,False,True,2
hap1+IFNB_IRF3,0.0375526,0.0034819804,10.78484,0.9887117,0.23808873,0.8315717487295551,0.23667496320722375,0.9912417083493745,0.9991742704657183,0.9920608823197115,2301,1577,0.02124839834868908,0.031527649611234665,0.6739607453346252,0.6022555828094482,0.31490078568458557,0.5428571428571429,0.3714285714285715,0.9259228563473517,0.8977813526903846,1.0313456094545017,4.0,2.0,hap1+IFNB_IRF3,hap1+IFNB,IRF3,False,False,2
hap1+IFNB_IRF7,0.038232103,0.0025424426,15.037548,0.9881077,0.0860877,0.8308659914262025,0.13578213150050028,0.9907921255517864,0.9993825864056098,0.9914042320021604,2197,1758,0.04337446019053459,1.316904067993164,0.032936688512563705,,,,,,,,1.0,0.0,hap1+IFNB_IRF7,hap1+IFNB,IRF7,False,True,2
hap1+IFNB_IRF9,0.03734794,0.0075197783,4.9666276,0.9885837,0.3042041,0.818121459950865,0.19243693421313743,0.9911286923153286,0.9982452315043724,0.9928709509803327,2232,1639,0.08250372111797333,0.07954170554876328,1.0372384786605835,0.6634253263473511,0.12682977318763733,0.39692307692307693,0.26076923076923075,0.7961125182491737,0.9582734913422982,0.8307779829472501,20.0,5.0,hap1+IFNB_IRF9,hap1+IFNB,IRF9,False,True,2
hap1+IFNB_JAK1,0.027347138,0.0049152006,5.563789,0.99111104,0.51223564,0.8461507347671862,0.1991372159431015,0.9931391675487873,0.9988034883698422,0.9943288936342225,2241,1736,0.22292807698249817,0.059773918241262436,3.729520797729492,0.9306941032409668,-0.8917793035507202,0.7500000000000002,-0.8571428571428573,0.929086154769414,0.9895410118947054,0.9389061631619122,4.0,3.0,hap1+IFNB_JAK1,hap1+IFNB,JAK1,False,True,2
hap1+IFNB_JUN,0.03697236,0.0018044277,20.489798,0.9885655,0.11508729,0.8313197820896262,0.1457209529819013,0.9911496137991253,0.9995593990094854,0.9915865077966414,2249,1743,,,,,,,,,,,,,hap1+IFNB_JUN,hap1+IFNB,JUN,False,True,2
hap1+IFNB_MAP3K14,0.036753394,0.0029297213,12.545013,0.9886812,0.1812736,0.8314783374425108,0.19680178343002194,0.9912429314083896,0.9993029794098834,0.9919343300604853,2266,1633,0.0002658894518390298,0.04898139461874962,0.005428376607596874,,,,,,,,1.0,0.0,hap1+IFNB_MAP3K14,hap1+IFNB,MAP3K14,False,True,2
hap1+IFNB_MAPK8,0.037224624,0.0024386852,15.264219,0.988783,0.17965621,0.826341870323074,0.1829433471071365,0.9913163256074224,0.9994084866230099,0.9919030495298967,2252,1699,,,,,,,,,,,,,hap1+IFNB_MAPK8,hap1+IFNB,MAPK8,False,True,2
hap1+IFNB_MAPK14,0.040647328,0.0030479352,13.336021,0.9871863,-0.05646476,0.8250450239772492,0.088123776937098,0.9900955754492498,0.9992564964423328,0.9908322627616645,2133,1793,0.3379437029361725,0.1089109256863594,3.1029367446899414,0.7573614716529846,-0.032318949699401855,0.5,-0.5,0.9122488730214112,0.9919467640177508,0.9196550723412478,1.0,2.0,hap1+IFNB_MAPK14,hap1+IFNB,MAPK14,False,True,2
hap1+IFNB_MEF2A,0.036287438,0.0036821687,9.854909,0.98890924,0.22603416,0.822588543007402,0.21908017748975034,0.9914118464938971,0.9991067888094219,0.9922981783311727,2273,1641,0.2085660845041275,0.30126407742500305,0.6923031806945801,0.9975484013557434,0.5486128330230713,0.6,0.7833333333333333,0.9979632716973159,0.9957361828642648,1.0022366253947355,9.0,0.0,hap1+IFNB_MEF2A,hap1+IFNB,MEF2A,False,True,2
hap1+IFNB_MYC,0.037412282,0.0017536837,21.33354,0.9886131,0.11966873,0.8259890957231926,0.16164213241073067,0.9911787412134052,0.9995672324108686,0.9916078769636825,2258,1763,,,,,,,,,,,,,hap1+IFNB_MYC,hap1+IFNB,MYC,False,True,2
hap1+IFNB_NFE2L3,0.03663137,0.0028266835,12.959135,0.988881,0.20578448,0.8266490453535879,0.21180701830419202,0.9913886181039627,0.999314172951362,0.9920690058622984,2309,1644,,,,,,,,,,,,,hap1+IFNB_NFE2L3,hap1+IFNB,NFE2L3,False,True,2
hap1+IFNB_NFKB1,0.0415352,0.0107481945,3.8643885,0.98711264,0.25036305,0.8110474736948339,0.32738428441072603,0.989934412525008,0.9976318344582649,0.9922843060261437,2461,1341,0.08384620398283005,0.1759963035583496,0.4764088988304138,0.9492404460906982,0.3246859908103943,0.5735182607804385,0.3876923076923077,0.959152086638234,0.9568537131448641,1.0024020113647425,23.0,2.0,hap1+IFNB_NFKB1,hap1+IFNB,NFKB1,False,True,2
hap1+IFNB_PARP12,0.04177457,0.0028566634,14.623553,0.987633,0.05821094,0.8205982047887506,0.13379148677131744,0.9903962864831029,0.999302078435376,0.9910879881624812,2235,1734,0.189819797873497,2.3907294273376465,0.0793982744216919,,,,,,,,1.0,0.0,hap1+IFNB_PARP12,hap1+IFNB,PARP12,False,True,2
hap1+IFNB_POU2F1,0.050221007,0.053160127,0.9447119,0.9804771,0.47391295,0.7844445159279189,0.5368509355260142,0.9844360129534224,0.9910276345143932,0.9933487005494043,2749,1026,0.23936688899993896,0.21244977414608002,1.1266987323760986,0.19768176972866058,0.029214685782790184,0.32201012217559566,-0.003846153846153846,0.6793449211866375,0.8561789813202844,0.7934613392856746,20.0,5.0,hap1+IFNB_POU2F1,hap1+IFNB,POU2F1,False,True,2
hap1+IFNB_RAP1GAP,0.039448638,0.0017494461,22.549215,0.9884529,0.12784344,0.8229977101742578,0.1784754567831998,0.9910361281689587,0.9995754671329032,0.991457034266319,2311,1699,,,,,,,,,,,,,hap1+IFNB_RAP1GAP,hap1+IFNB,RAP1GAP,False,True,2
hap1+IFNB_RAPGEF1,0.038666938,0.009440932,4.0956693,0.9874522,0.20352003,0.8275675517569386,0.2719625593401493,0.9902112290966001,0.9979191446805764,0.9922760119143285,2359,1459,0.07223153114318848,0.09503167867660522,0.7600784301757812,0.7971662282943726,0.06666011363267899,0.5958431326765898,0.4323076923076923,0.9174957624193681,0.9533582272715488,0.9623830121497805,20.0,5.0,hap1+IFNB_RAPGEF1,hap1+IFNB,RAPGEF1,False,True,2
hap1+IFNB_RNF114,0.041621868,0.0017740711,23.461216,0.9882679,0.09142861,0.8207381595273758,0.12408895689368363,0.9908779278291843,0.9995618092916176,0.9913123116732645,2206,1809,,,,,,,,,,,,,hap1+IFNB_RNF114,hap1+IFNB,RNF114,False,True,2
hap1+IFNB_SMARCA5,0.058947094,0.0073873703,7.979442,0.98573154,0.18199766,0.773032124770193,0.25201026314445046,0.9887680034484015,0.998267757184672,0.990483761828528,2390,1466,0.06369852274656296,0.07558756321668625,0.8427116870880127,0.3607584536075592,-0.383811354637146,0.5966532135759832,-0.04923076923076923,0.5701251817223105,0.6916640025755646,0.8242805460444995,23.0,2.0,hap1+IFNB_SMARCA5,hap1+IFNB,SMARCA5,False,True,2
hap1+IFNB_SOCS1,0.04002535,0.0020532755,19.493414,0.987332,-0.10154627,0.8356496774281871,0.0893020439023453,0.9901979564618394,0.9994917812677493,0.9907014494965415,2173,1802,,,,,,,,,,,,,hap1+IFNB_SOCS1,hap1+IFNB,SOCS1,False,True,2
hap1+IFNB_SP100,0.058288854,0.0030872219,18.880682,0.98671556,0.12186136,0.7820010566315012,0.17555442677706143,0.9895047210074276,0.9992493865145126,0.9902480145211043,2337,1607,0.001342702773399651,3.3208956718444824,0.00040431946399621665,,,,,,,,1.0,0.0,hap1+IFNB_SP100,hap1+IFNB,SP100,False,False,2
hap1+IFNB_SP110,0.044184484,0.005859123,7.541143,0.9874153,0.22026213,0.8069103912685309,0.2873115850686657,0.9901806230425843,0.9986700501263316,0.9914992673679626,2421,1431,0.0734914094209671,0.07420352101325989,0.9904032349586487,0.8262624144554138,-0.22448503971099854,0.61,-0.09538461538461537,0.9006398106914307,0.9607369254207653,0.9374468565335777,20.0,5.0,hap1+IFNB_SP110,hap1+IFNB,SP110,False,True,2
hap1+IFNB_STAT1,0.029820673,0.013699846,2.1767159,0.99047077,0.4644946,0.8433302012962486,0.07049602857711731,0.992625087092826,0.9966126753806681,0.9959988585472095,2145,1889,0.12051428109407425,1.6389285326004028,0.0735323578119278,0.8379918336868286,0.6729555130004883,0.7699999999999999,0.6815384615384615,0.9818929999781425,0.9926405176103825,0.9891727997784002,25.0,0.0,hap1+IFNB_STAT1,hap1+IFNB,STAT1,False,True,2
hap1+IFNB_STAT2,0.027553376,0.02015029,1.3673935,0.99135935,0.57503533,0.8318729327839026,0.23597162273482514,0.9932883500373378,0.9951621832805407,0.9981170574257295,2338,1542,0.13543713092803955,2.239145278930664,0.0604860857129097,0.8136444091796875,0.5108422040939331,0.6638461538461539,0.5884615384615385,0.9775522120331784,0.9831713765239418,0.9942846541051366,25.0,0.0,hap1+IFNB_STAT2,hap1+IFNB,STAT2,False,True,2
hap1+IFNB_STAT3,0.034545153,0.0025874886,13.350842,0.9889462,0.19237617,0.8394179601821967,0.2201274996075914,0.9914639021214451,0.9993727363805296,0.9920862017031521,2265,1677,0.0006581685738638043,0.0393824428319931,0.016712233424186707,,,,,,,,1.0,0.0,hap1+IFNB_STAT3,hap1+IFNB,STAT3,False,True,2
hap1+IFNB_STAT4,0.04498606,0.002347196,19.165874,0.98717844,-0.01754834,0.8200128509691053,0.09235788976894259,0.9900299267436622,0.999427732671744,0.9905968129351795,2200,1753,,,,,,,,,,,,,hap1+IFNB_STAT4,hap1+IFNB,STAT4,False,True,2
hap1+IFNB_STAT5A,0.04016535,0.0016451096,24.414999,0.988282,0.08196137,0.8306427131572324,0.14302510918252528,0.9909024864152531,0.999593027952252,0.991305920215548,2265,1726,,,,,,,,,,,,,hap1+IFNB_STAT5A,hap1+IFNB,STAT5A,False,False,2
hap1+IFNB_STAT6,0.034364507,0.015692975,2.189802,0.9882429,0.3400195,0.8299596725016751,0.32079546380064,0.99074910418543,0.9966521756550788,0.9940770997005361,2319,1471,0.07671632617712021,0.09209916740655899,0.8329752683639526,0.1824277937412262,-0.3154434859752655,0.1876689418087919,0.023076923076923078,0.7319586878789102,0.9178585866006789,0.7974634639413731,19.0,6.0,hap1+IFNB_STAT6,hap1+IFNB,STAT6,False,True,2
hap1+IFNB_TRAFD1,0.034423273,0.0038029382,9.051757,0.98898876,0.22375716,0.8310991852479965,0.2275187991767664,0.9914912972957428,0.9991183121997605,0.9923662545157187,2264,1614,0.014563938602805138,0.04566897824406624,0.31890222430229187,0.6943278312683105,0.20316515862941742,0.4285714285714286,-0.04761904761904763,0.9059615136324168,0.9429190780373022,0.960805157870161,8.0,0.0,hap1+IFNB_TRAFD1,hap1+IFNB,TRAFD1,False,True,2
hap1+IFNB_TRIM21,0.048314173,0.007997686,6.041019,0.98604286,0.15351199,0.793968789644014,0.2698962485546392,0.9890954171193318,0.9981782367059299,0.9909006034667995,2405,1416,0.014983146451413631,0.0836271196603775,0.17916612327098846,0.8375486731529236,0.6293641924858093,0.5708790257554861,0.5669230769230769,0.9243571048159815,0.9567741170102664,0.9661184268909974,25.0,0.0,hap1+IFNB_TRIM21,hap1+IFNB,TRIM21,False,True,2
hap1+IFNB_TRIM22,0.04237575,0.0062552583,6.7744207,0.98741764,0.17709991,0.8112548946259776,0.219783804401716,0.9902121860448332,0.99852068413591,0.9916791928068404,2342,1533,0.12298931926488876,0.37818241119384766,0.32521164417266846,0.9755843877792358,0.8733972907066345,0.49615384615384617,0.5338461538461539,0.9817540439885013,0.9953413088880578,0.9863491399601052,21.0,4.0,hap1+IFNB_TRIM22,hap1+IFNB,TRIM22,False,True,2
hap1+IFNB_TYK2,0.029433735,0.014644345,2.0099044,0.99059516,0.5083662,0.8375423582595722,0.1914796135828824,0.9927007444219049,0.9965260491694895,0.9961613600058196,2258,1609,0.2421044409275055,1.2893089056015015,0.18777845799922943,0.8360088467597961,0.8618332147598267,0.8569230769230769,0.7646153846153846,0.952693333063163,0.9862242291173192,0.9660007379009875,22.0,3.0,hap1+IFNB_TYK2,hap1+IFNB,TYK2,False,True,2
hap1+IFNB_UBA7,0.040256057,0.0037425717,10.756255,0.98841,0.21700287,0.8132394681463069,0.2546689194549501,0.9909988423506789,0.9991236691799373,0.9918680468896036,2356,1527,0.006204742938280106,0.02994450554251671,0.2072080671787262,0.5870708227157593,0.7508020401000977,0.33333333333333326,0.7818181818181817,0.8811074062569305,0.9672334969977868,0.9109562571931342,10.0,0.0,hap1+IFNB_UBA7,hap1+IFNB,UBA7,False,True,2
hap1+IFNB_UBE2L6,0.04931313,0.0033509545,14.716145,0.9876133,0.173897,0.7991328577915793,0.22285653932859817,0.9903229946333318,0.9992087716706388,0.9911071867168957,2333,1566,0.2830641269683838,0.07827077805995941,3.6164727210998535,0.6483240127563477,-0.518187403678894,0.7,-0.3,0.820593465855311,0.9832923266871659,0.8345366312579621,4.0,1.0,hap1+IFNB_UBE2L6,hap1+IFNB,UBE2L6,False,False,2
hap1+IFNB_USP18,0.072136655,0.02255419,3.1983705,0.9801838,-0.011336535,0.8022598454882102,0.26335888775960214,0.9845570364036214,0.9944157751850847,0.9900858986477478,2405,1546,1.5505884885787964,1.2356277704238892,1.2548993825912476,0.9587868452072144,0.13854680955410004,0.9307692307692308,0.03153846153846154,0.9787584007664368,0.9592009652117621,1.020389299285533,16.0,9.0,hap1+IFNB_USP18,hap1+IFNB,USP18,False,True,2
hap1+IFNB_VAV1,0.041294184,0.0016193055,25.50117,0.9878506,-0.004763363,0.8280547923440464,0.08531210247498552,0.9905638698745587,0.9996002823959218,0.9909599740211118,2218,1818,,,,,,,,,,,,,hap1+IFNB_VAV1,hap1+IFNB,VAV1,False,True,2
hap1+IFNB_ZBP1,0.040663335,0.0020867856,19.48611,0.988592,0.22228152,0.8214809759956492,0.2501895203341255,0.9911123197326857,0.999501788596096,0.9916063493241026,2376,1554,,,,,,,,,,,,,hap1+IFNB_ZBP1,hap1+IFNB,ZBP1,False,True,2
hap1+IFNB_ZNFX1,0.039251372,0.0035611526,11.022098,0.98824453,0.17738315,0.825328500380687,0.22027692839473276,0.9908728701409979,0.9991544354320112,0.9917114261846492,2300,1597,0.9536095261573792,1.0456265211105347,0.9119982123374939,0.9644020795822144,-0.16128474473953247,1.0,-0.5,0.987199864277132,0.9788802860055285,1.008499076332973,2.0,1.0,hap1+IFNB_ZNFX1,hap1+IFNB,ZNFX1,False,True,2
hap1+INS_MTOR,0.025973218,0.03296989,0.787786,0.9939323,0.42725742,0.8526819626452637,0.3407666012116602,0.994766436994841,0.9934008481193731,1.001374660468685,2426,1465,0.08419077843427658,0.13492923974990845,0.6239624619483948,0.4539308547973633,0.45420920848846436,0.5670161023202177,0.43615384615384617,0.8520879484088411,0.8805194690402555,0.9677105144961712,22.0,3.0,hap1+INS_MTOR,hap1+INS,MTOR,True,False,2
hap1+TGFB_CREBBP,0.040091358,0.05523426,0.72584224,0.99132943,0.47057557,0.8423497859566605,0.4478961209191325,0.9926128433097359,0.9902743733517181,1.0023614364068647,2466,1089,0.14261050522327423,0.24566900730133057,0.5804985761642456,0.666508674621582,0.5275214314460754,0.673880805391669,0.4946153846153846,0.8484863403390623,0.8653210666060696,0.9805451098826985,23.0,2.0,hap1+TGFB_CREBBP,hap1+TGFB,CREBBP,True,False,2
hap1+TGFB_FOXP2,0.008450573,0.014218112,0.59435266,0.99709153,0.59412503,0.8586848575552034,0.54524253028016,0.9976842846153944,0.9968527754147275,1.0008341344089862,2644,949,0.04579094052314758,0.12539614737033844,0.3651702404022217,0.7242074012756348,0.09427506476640701,0.4653846153846154,0.13153846153846155,0.9302942882729872,0.9461068615813478,0.9832866941880846,24.0,1.0,hap1+TGFB_FOXP2,hap1+TGFB,FOXP2,True,False,2
hap1+TGFB_HDAC4,0.010543969,0.014790934,0.7128671,0.99690324,0.52721345,0.873491233328905,0.4407388800773168,0.9974851873403607,0.9965831636746322,1.000905116299981,2415,1161,0.1338634341955185,0.23363059759140015,0.572970449924469,0.9831374883651733,0.07237480580806732,0.8415384615384615,0.2407692307692308,0.9755642678766288,0.9463789822202713,1.030838898797062,24.0,1.0,hap1+TGFB_HDAC4,hap1+TGFB,HDAC4,True,False,2
hap1+TGFB_RUNX3,0.0073117614,0.002855151,2.5609019,0.99760944,0.33448166,0.8940689629157004,0.289644245656161,0.9981259096480442,0.999276445974287,0.9988486305957897,2358,1391,0.36864280700683594,0.802658200263977,0.4592774510383606,,,,,,,,1.0,0.0,hap1+TGFB_RUNX3,hap1+TGFB,RUNX3,True,False,2
hap1+TNFA_BIRC3,0.0064337584,0.0050715813,1.2685902,0.9978414,0.41776603,0.8794389411253487,0.3720577447406244,0.9983147380757412,0.9987726943477653,0.9995414809849972,2413,1275,0.02995165064930916,0.05564993619918823,0.5382153391838074,0.8186595439910889,-0.08476589620113373,0.8666666666666665,0.07878787878787878,0.9412805821505019,0.9488693019067294,0.9920023550756906,8.0,2.0,hap1+TNFA_BIRC3,hap1+TNFA,BIRC3,True,False,2
hap1+TNFA_CASP8,0.014971688,0.02443921,0.6126093,0.9947417,0.51865274,0.8269564730759893,0.5508775455097203,0.9957341903429748,0.9948269493010794,1.0009119586502284,2743,868,0.08287698775529861,0.18553891777992249,0.44668251276016235,0.6111425757408142,0.22812141478061676,0.651253617365212,0.19999999999999998,0.9075491744045985,0.9251692523253529,0.9809547519262368,24.0,1.0,hap1+TNFA_CASP8,hap1+TNFA,CASP8,True,False,2
hap1+TNFA_CSF1,0.013190799,0.016018342,0.8234809,0.9955499,0.3808245,0.8617391808688017,0.39245229528326797,0.9964193954476008,0.9962821025282605,1.0001378052651873,2476,1161,0.1097366213798523,0.22314254939556122,0.49177810549736023,0.9367866516113281,0.7079347968101501,0.8377664876638882,0.5207692307692308,0.9187358400826005,0.9105615142819444,1.0089772362135272,24.0,1.0,hap1+TNFA_CSF1,hap1+TNFA,CSF1,True,False,2
hap1+TNFA_MTOR,0.10377049,0.11968367,0.8670397,0.9807557,0.35809225,0.8117357237794434,0.27547324064303125,0.9830009218559744,0.9793361774199826,1.0037420699045823,2188,1352,0.389486700296402,0.5822904109954834,0.6688873767852783,0.6513046026229858,0.33077049255371094,0.5920723072814814,0.2946153846153846,0.8317963436502023,0.822910749155239,1.0107977620952027,24.0,1.0,hap1+TNFA_MTOR,hap1+TNFA,MTOR,True,False,2
hap1+TNFA_TNFRSF1A,0.019402267,0.024721386,0.78483737,0.9951707,0.437668,0.8593377031412371,0.30997827217195045,0.9959041127045413,0.9947429683632912,1.0011672807732037,2215,1379,0.1612287163734436,0.3117919862270355,0.5171034932136536,0.9672521948814392,0.8140023946762085,0.8976138148590488,0.3807692307692308,0.9281052034696192,0.9267596397015817,1.001451901561521,20.0,5.0,hap1+TNFA_TNFRSF1A,hap1+TNFA,TNFRSF1A,True,False,2
ht29+IFNB_IFI16,0.015744684,0.02208608,0.71287817,0.9954985,0.45664597,0.8419844732791824,0.41652034240402097,0.9962112194457472,0.9953642807053102,1.0008508831960865,2390,1130,0.11425379663705826,0.18923835456371307,0.6037560105323792,0.9411012530326843,0.7155190706253052,0.7751490814671864,0.1576923076923077,0.9761480718192831,0.9757997455657189,1.0003569648948436,24.0,1.0,ht29+IFNB_IFI16,ht29+IFNB,IFI16,True,False,2
ht29+IFNB_SP100,0.008739363,0.0027868883,3.1358857,0.9982113,0.29635477,0.8161892838386953,0.27229403546566827,0.9984941755601192,0.999306040251678,0.9991875715157748,2255,1490,2.8177719116210938,3.6300950050354004,0.7762253880500793,,,,,,,,1.0,0.0,ht29+IFNB_SP100,ht29+IFNB,SP100,True,False,2
ht29+IFNB_STAT5A,0.004185463,0.0019110112,2.1901822,0.9987387,0.36601964,0.8742831905352701,0.32712809094779116,0.9990046594369966,0.999526958967553,0.9994774532834053,2350,1367,,,,,,,,,,,,,ht29+IFNB_STAT5A,ht29+IFNB,STAT5A,True,False,2
ht29+IFNB_UBE2L6,0.0050567198,0.004065941,1.2436776,0.99849993,0.425446,0.8422356294212614,0.376692949413517,0.9988161254029457,0.9990273882966562,0.999788531429483,2399,1209,,,,,,,,,,,,,ht29+IFNB_UBE2L6,ht29+IFNB,UBE2L6,True,False,2
ht29+IFNG_MAFF,0.0028640297,0.0018806141,1.5229226,0.99912417,0.31709275,0.90553880072044,0.2978262904361511,0.9992975899740033,0.9995160656786275,0.9997814185162939,2351,1405,,,,,,,,,,,,,ht29+IFNG_MAFF,ht29+IFNG,MAFF,True,False,2
ht29+IFNG_SP100,0.007541181,0.0018286274,4.123957,0.99877816,0.22671747,0.8456410829432172,0.21055113703584513,0.9989217883241334,0.9995293443509653,0.9993921578888447,2242,1540,0.3809620440006256,0.5252161622047424,0.7253433465957642,1.0,0.26047971844673157,1.0,0.5,0.9998381996168169,0.9978541590899739,1.0019883071175977,3.0,0.0,ht29+IFNG_SP100,ht29+IFNG,SP100,True,False,2
ht29+IFNG_TSC22D1,0.0031166116,0.0033087009,0.9419442,0.9990404,0.4090786,0.8983186733651738,0.3370653178022435,0.9992415403439175,0.9991836733831299,1.0000579142377215,2298,1373,0.01972300373017788,0.036796122789382935,0.5360076427459717,0.9099851846694946,0.608347475528717,0.5954592363261093,0.33746130030959753,0.9244064159615901,0.9486129071222974,0.9744822245417893,13.0,5.0,ht29+IFNG_TSC22D1,ht29+IFNG,TSC22D1,True,False,2
ht29+INS_MTOR,0.007101973,0.004738416,1.4988074,0.9979011,0.20514889,0.8700245166968057,0.18261129776000162,0.9982907876663937,0.9988298142796707,0.9994603418865048,2300,1884,0.020525114610791206,0.024577464908361435,0.8351192474365234,0.39821338653564453,0.42374396324157715,0.49807559023482384,0.16615384615384618,0.8325339810929498,0.7896184162689952,1.0543497516518596,19.0,6.0,ht29+INS_MTOR,ht29+INS,MTOR,True,False,2
ht29+TGFB_CREBBP,0.008238179,0.005522122,1.4918501,0.997308,0.13765311,0.8857791465283642,0.22816060249357945,0.9978964675181646,0.9986099772240086,0.9992854971188778,2205,1424,0.03644868731498718,0.07452208548784256,0.4890991449356079,0.8052842020988464,0.7113322019577026,0.8131868131868131,0.054945054945054944,0.8304398958013184,0.6625592717226592,1.2533820463219363,11.0,2.0,ht29+TGFB_CREBBP,ht29+TGFB,CREBBP,True,False,2
ht29+TGFB_FOXP2,0.005224347,0.0047203223,1.1067777,0.9982995,0.4216243,0.8709134215200355,0.3675097773620475,0.9986654832892896,0.9988809203218221,0.9997843216061599,2377,1242,0.18370313942432404,0.4751262962818146,0.38664063811302185,0.9966144561767578,0.998934268951416,1.0,1.0,0.9979996103547899,0.9928525218196042,1.0051841420775693,3.0,0.0,ht29+TGFB_FOXP2,ht29+TGFB,FOXP2,True,False,2
ht29+TGFB_HDAC4,0.010646811,0.009226598,1.153926,0.99741447,0.26163104,0.8703281080931803,0.23151238959525616,0.9978786282795776,0.9978842237094504,0.9999943927063483,2061,1512,0.16372716426849365,0.1676207184791565,0.9767716526985168,0.9892303943634033,-0.39372166991233826,0.5146153846153847,0.06999999999999999,0.9821080994960634,0.9737419514583213,1.008591750643189,15.0,10.0,ht29+TGFB_HDAC4,ht29+TGFB,HDAC4,True,False,2
ht29+TGFB_PRKCA,0.0043029943,0.0017563713,2.4499342,0.99864244,0.31711224,0.889770120674361,0.28619887855322335,0.9989269588870897,0.9995584769124493,0.9993682030216879,2288,1443,,,,,,,,,,,,,ht29+TGFB_PRKCA,ht29+TGFB,PRKCA,True,False,2
ht29+TGFB_RUNX3,0.004549912,0.0022553063,2.0174253,0.9985465,0.2958938,0.8855297336246589,0.24323567611630048,0.9988660230141756,0.9994399438799327,0.999425757526231,2145,1533,,,,,,,,,,,,,ht29+TGFB_RUNX3,ht29+TGFB,RUNX3,True,False,2
ht29+TNFA_BIRC3,0.002545616,0.0014760265,1.7246411,0.9991753,0.21171863,0.8989565657206203,0.23598386853532663,0.9993547930083979,0.9996283596178847,0.9997263316843158,2377,1659,0.8570652008056641,1.1021710634231567,0.7776154279708862,1.0,1.0,0.9999999999999999,0.9999999999999999,0.9998912154304845,0.9994826229484969,1.0004088039877894,2.0,0.0,ht29+TNFA_BIRC3,ht29+TNFA,BIRC3,True,False,2
ht29+TNFA_CASP8,0.0050643,0.007243245,0.69917554,0.99833786,0.45008302,0.8501883337158442,0.40754395528468085,0.9986562956781909,0.9983870880185752,1.0002696425693465,2658,1260,0.02199801616370678,0.036613594740629196,0.6008155345916748,0.7136526107788086,0.07877504825592041,0.6568889684648875,0.22461538461538463,0.8966126038998816,0.9222948052073703,0.9721540215097338,23.0,2.0,ht29+TNFA_CASP8,ht29+TNFA,CASP8,True,False,2
ht29+TNFA_TNFRSF1A,0.013294703,0.016244441,0.8184155,0.99607337,0.453415,0.8785540445913117,0.266807597652007,0.9968657111440955,0.996008146689581,1.0008610014459869,2274,1655,0.4017496109008789,0.5481963157653809,0.7328571677207947,0.7988041043281555,0.8899890184402466,0.8706700039499008,0.8823076923076922,0.9098286932275528,0.8885825035916571,1.023910204792485,23.0,2.0,ht29+TNFA_TNFRSF1A,ht29+TNFA,TNFRSF1A,True,False,2
k562+IFNB_IFI16,0.03784197,0.06743488,0.5611631,0.9900118,0.6643104,0.8568312527996446,0.6622476631145698,0.9915206621043461,0.9873969895467172,1.00417630659328,2797,683,0.31829530000686646,0.6501938104629517,0.48953911662101746,0.9547553062438965,0.5736584067344666,0.7915384615384615,0.5146153846153847,0.9605769628009219,0.9462920721999039,1.0150956464929575,25.0,0.0,k562+IFNB_IFI16,k562+IFNB,IFI16,True,False,2
k562+IFNB_SP100,0.013538401,0.008494321,1.5938178,0.9971837,0.5007217,0.8552714631876566,0.44049398747864715,0.9976911731705355,0.9976872648068505,1.0000039174236484,2518,1102,0.607214093208313,0.8604359030723572,0.7057052254676819,0.9994235038757324,-0.5360106825828552,0.7999999999999999,-0.39999999999999997,0.9992819425164523,0.9918190839434268,1.0075244151820044,4.0,0.0,k562+IFNB_SP100,k562+IFNB,SP100,True,False,2
k562+IFNB_STAT5A,0.00827021,0.005624462,1.4704001,0.9976257,0.421322,0.8979361753399008,0.3596607044851236,0.9981077594267402,0.9983882182408593,0.9997190884177166,2425,1261,,,,,,,,,,,,,k562+IFNB_STAT5A,k562+IFNB,STAT5A,True,False,2
k562+IFNB_UBE2L6,0.009673175,0.026647024,0.36301148,0.9961933,0.73331714,0.8644196645907885,0.6755013410309295,0.9969472969103409,0.9942627407713364,1.0027000470086225,2838,707,0.10755977779626846,0.3463491201400757,0.31055304408073425,0.9683594703674316,0.4747609794139862,0.9161538461538462,0.5261538461538462,0.9830875126904055,0.9715052710020651,1.0119219545524378,25.0,0.0,k562+IFNB_UBE2L6,k562+IFNB,UBE2L6,True,False,2
k562+IFNG_IFI16,0.061583433,0.113375485,0.54318124,0.9847943,0.7895055,0.8027748604958541,0.7402692048851313,0.9865707034885624,0.9788365379865952,1.007901386188419,2673,614,0.3240860104560852,0.6790351271629333,0.4772742986679077,0.5382011532783508,0.6296960711479187,0.5059739642606648,0.6492307692307692,0.8775178362146873,0.8573150262628322,1.0235652115418088,25.0,0.0,k562+IFNG_IFI16,k562+IFNG,IFI16,True,False,2
k562+IFNG_MAFF,0.006736706,0.009320925,0.7227508,0.9978425,0.6283998,0.8838107680145804,0.5270430346849574,0.9982630958630659,0.9975073000658935,1.0007576844772188,2508,929,0.0859050452709198,0.35362666845321655,0.24292580783367157,,,,,,,,1.0,0.0,k562+IFNG_MAFF,k562+IFNG,MAFF,True,False,2
k562+IFNG_SP100,0.020222878,0.008154491,2.479968,0.9968689,0.4621609,0.8334235582378178,0.4201042558841755,0.997263691263521,0.9977108459819123,0.9995518193270203,2417,1052,0.8793483972549438,1.4874160289764404,0.5911919474601746,1.0,-1.0,0.9999999999999999,-0.9999999999999999,0.9978096853221416,0.9987780305907871,0.9990304699953476,2.0,0.0,k562+IFNG_SP100,k562+IFNG,SP100,True,False,2
k562+IFNG_TSC22D1,0.0058579436,0.009161916,0.6393798,0.99782395,0.61156434,0.8911110362332946,0.5115320554455637,0.9982655388402394,0.997520527019033,1.0007468636494457,2430,979,,,,,,,,,,,,,k562+IFNG_TSC22D1,k562+IFNG,TSC22D1,True,False,2
k562+TNFA_CASP8,0.01162693,0.018677277,0.6225174,0.9955029,0.4996284,0.8581270447412562,0.4921409013479193,0.9963012130004368,0.9954261552694208,1.0008790784995791,2787,1054,0.06207031384110451,0.11574261635541916,0.5362788438796997,0.3868614435195923,0.16183245182037354,0.3664358283644144,0.34076923076923077,0.8715066249701312,0.903935692454667,0.9641245856810083,24.0,1.0,k562+TNFA_CASP8,k562+TNFA,CASP8,True,False,2
mcf7+IFNB_IRF3,0.00887565,0.008326984,1.0658902,0.9972289,0.32058218,0.8653239976659345,0.37285289106319536,0.997808557601437,0.99791850413832,0.9998898241325048,2582,1339,0.20328590273857117,0.18377317488193512,1.1061782836914062,0.9038438200950623,-0.3722703754901886,0.8153846153846154,0.3984615384615384,0.8523673437724614,0.8437217563480663,1.0102469651390955,23.0,2.0,mcf7+IFNB_IRF3,mcf7+IFNB,IRF3,True,False,2
mcf7+IFNB_SP100,0.00806848,0.005926568,1.3614084,0.9983182,0.45594913,0.8132379086734636,0.40049268600129145,0.9986483634798385,0.9985101073508789,1.000138462423106,2679,1285,0.04588466137647629,0.09357895702123642,0.4903309643268585,0.9001153111457825,0.43404197692871094,0.8253846153846154,0.28615384615384615,0.9384339584038921,0.9753046239406252,0.962195744148366,23.0,2.0,mcf7+IFNB_SP100,mcf7+IFNB,SP100,True,False,2
mcf7+IFNB_STAT5A,0.0044305003,0.0036986207,1.1978791,0.99888545,0.47410744,0.8820074974766431,0.3541992164062809,0.9991236097397498,0.9990381021531761,1.000085589915329,2589,1460,0.005210003815591335,0.028565268963575363,0.18238945305347443,0.962804913520813,0.8860775828361511,0.8197802197802198,0.4197802197802198,0.9871952225123941,0.9909833269117369,0.996177428725115,14.0,0.0,mcf7+IFNB_STAT5A,mcf7+IFNB,STAT5A,True,False,2
mcf7+IFNG_MAFF,0.0043939603,0.0028352598,1.5497558,0.9989735,0.43039426,0.8843496686465206,0.3522600314956583,0.9991784062609782,0.9992621105050254,0.9999162339458614,2343,1250,,,,,,,,,,,,,mcf7+IFNG_MAFF,mcf7+IFNG,MAFF,True,False,2
mcf7+IFNG_SP100,0.009336203,0.0030985158,3.0131211,0.9986157,0.3674236,0.8329232880630999,0.3058751609416485,0.9988195000970029,0.9991906882023842,0.9996285112443861,2257,1357,0.6782514452934265,0.9605883955955505,0.7060791850090027,,,,,,,,1.0,0.0,mcf7+IFNG_SP100,mcf7+IFNG,SP100,True,False,2
mcf7+IFNG_TSC22D1,0.004408734,0.0056919525,0.7745556,0.998497,0.47784027,0.8855427184634226,0.4168503626061445,0.9988069657708517,0.9985986487570394,1.0002086093487825,2366,1123,,,,,,,,,,,,,mcf7+IFNG_TSC22D1,mcf7+IFNG,TSC22D1,True,False,2
mcf7+INS_MTOR,0.0052491864,0.003880227,1.352804,0.99825436,0.45747936,0.8604953227187063,0.28880022624046725,0.9986172137762884,0.9989694468338558,0.9996474035730685,2315,1579,0.006105458363890648,0.17493820190429688,0.03490065783262253,0.9507631063461304,0.979916512966156,0.8095238095238096,0.9285714285714287,0.9719314839056007,0.9872110935709462,0.9845224493881284,8.0,0.0,mcf7+INS_MTOR,mcf7+INS,MTOR,True,False,2
mcf7+TGFB_FOXP2,0.01269574,0.026088983,0.48663223,0.9953642,0.6524794,0.8263934068996055,0.6186805270419966,0.9962297306551146,0.9946076653731992,1.001630859421646,2336,613,0.11131792515516281,0.41101592779159546,0.2708360254764557,1.0,1.0,0.9999999999999999,0.9999999999999999,0.9892039117344754,0.990776061216528,0.9984132141019615,2.0,0.0,mcf7+TGFB_FOXP2,mcf7+TGFB,FOXP2,True,False,2
mcf7+TGFB_PRKCA,0.0069880676,0.0050308704,1.3890375,0.99835134,0.5058124,0.8640633165100026,0.39564989327094297,0.998628179409176,0.9986128236305316,1.0000153771094071,2137,1043,,,,,,,,,,,,,mcf7+TGFB_PRKCA,mcf7+TGFB,PRKCA,True,False,2
mcf7+TGFB_RUNX3,0.004717382,0.0064420076,0.7322845,0.9985496,0.6385924,0.877122542329877,0.4846941944705403,0.9988262742328675,0.9982253417763938,1.000602000802148,2248,907,0.04980005323886871,0.5394865870475769,0.09231008589267731,,,,,,,,1.0,0.0,mcf7+TGFB_RUNX3,mcf7+TGFB,RUNX3,True,False,2
mcf7+TNFA_BIRC3,0.0035199868,0.006139624,0.57332283,0.99887365,0.63390833,0.9032932698555349,0.4472720641446939,0.9991163392573857,0.9984006567493486,1.000716828963602,2619,1236,0.12080509215593338,0.3406084477901459,0.35467439889907837,0.9232783913612366,0.3482280969619751,0.9292307692307692,0.6346153846153846,0.9707374861817474,0.9724899915921584,0.9981979193353528,25.0,0.0,mcf7+TNFA_BIRC3,mcf7+TNFA,BIRC3,True,False,2
mcf7+TNFA_CASP8,0.008884258,0.014789386,0.6007185,0.9971858,0.5732378,0.8540826834733635,0.5145464964929325,0.9977575263571857,0.9964078371029143,1.001354555036616,2772,1025,0.09123726934194565,0.23504075407981873,0.3881763815879822,0.9248926639556885,0.6169736385345459,0.8113098822899732,0.5384615384615384,0.9451611778223529,0.946376658241926,0.9987156483531292,25.0,0.0,mcf7+TNFA_CASP8,mcf7+TNFA,CASP8,True,False,2
mcf7+TNFA_CSF1,0.0026972427,0.005955267,0.45291716,0.99909234,0.71153,0.9083359787427171,0.47843687280473285,0.9992858055486655,0.99845003899665,1.000837063968524,2632,1205,0.0360780730843544,0.2225162535905838,0.16213679313659668,0.9564188122749329,0.944359540939331,0.883846153846154,0.9030769230769231,0.9750780063636528,0.9623265034033873,1.0132507032853904,25.0,0.0,mcf7+TNFA_CSF1,mcf7+TNFA,CSF1,True,False,2
mcf7+TNFA_MTOR,0.0058632307,0.008683646,0.6752038,0.9981179,0.5325355,0.9016101770568112,0.3271458721952883,0.9984954585218396,0.9978157625335253,1.0006811838556133,2378,1432,0.06559374183416367,0.27988511323928833,0.2343595176935196,0.9653376936912537,0.9191687107086182,0.9646153846153847,0.9276923076923077,0.9739250564913954,0.9650437814686589,1.0092029762724553,25.0,0.0,mcf7+TNFA_MTOR,mcf7+TNFA,MTOR,True,False,2
a549+IFNB_FOS,0.0048909592,0.009269104,0.5276626,0.99854136,0.6392188,0.8934518510609512,0.517960616227973,0.9988728591649715,0.9981178429670807,1.0007564399366375,2466,931,,,,,,,,,,,,,a549+IFNB_FOS,a549+IFNB,FOS,True,False,3
a549+IFNB_SP110,0.013028085,0.02344023,0.5558002,0.9969722,0.63530177,0.8792081613344659,0.5391372585018944,0.9975782313768986,0.9958228098390263,1.0017627850261395,2461,887,0.13600245118141174,0.2976236045360565,0.4569612443447113,0.9675018191337585,0.39054200053215027,0.8701673559696158,0.3984615384615384,0.9583530748082011,0.93293210622624,1.0272484657911392,25.0,0.0,a549+IFNB_SP110,a549+IFNB,SP110,True,False,3
a549+IFNG_CUL1,0.016959216,0.020190377,0.83996534,0.9949028,0.36482537,0.8970167935620713,0.3829257137897571,0.9960786866840157,0.9957425808231827,1.0003375429225445,2217,1054,0.6261127591133118,0.6842995882034302,0.9149687886238098,0.7151681184768677,0.663040280342102,0.3626373626373627,0.5428571428571429,0.8782937332089152,0.850674623721505,1.0324673015007582,8.0,6.0,a549+IFNG_CUL1,a549+IFNG,CUL1,True,False,3
a549+IFNG_IFNGR2,0.025405433,0.026965497,0.94214594,0.99322724,0.40743554,0.9003798662584019,0.22419635104060529,0.994692523261773,0.9937406174300313,1.0009579017049777,2070,1394,0.5108426809310913,0.8163797855377197,0.6257414817810059,0.8945761322975159,0.8412464261054993,0.8876923076923076,0.673076923076923,0.9542172393103404,0.9490999470711236,1.0053917316664158,21.0,4.0,a549+IFNG_IFNGR2,a549+IFNG,IFNGR2,True,False,3
a549+IFNG_PPARG,0.051110134,0.089293554,0.5723832,0.989222,0.7775212,0.8437018170615418,0.7164608216284248,0.990825116113915,0.9859334532579509,1.004961453371726,2535,590,0.4353601038455963,0.7193821668624878,0.6051861047744751,0.978691041469574,0.008523822762072086,0.8799078819758944,0.22230769230769232,0.9503783526197932,0.9189679545762447,1.0341800798244727,25.0,0.0,a549+IFNG_PPARG,a549+IFNG,PPARG,True,False,3
a549+IFNG_SP110,0.015769111,0.029603632,0.53267485,0.99659264,0.69584906,0.8731478665130017,0.559788727294849,0.9971731157728256,0.9946415469656071,1.0025452071803573,2332,842,0.1606517732143402,0.32467028498649597,0.4948151409626007,0.9618771076202393,0.24071095883846283,0.8584615384615385,0.3192307692307692,0.9614081827188656,0.942782262572025,1.0197563328101091,25.0,0.0,a549+IFNG_SP110,a549+IFNG,SP110,True,False,3
a549+INS_RPS6KB1,0.0060102693,0.0039480943,1.5223216,0.998702,0.5105807,0.8780767252959735,0.4135265116485226,0.9989499095724831,0.9991120065045723,0.9998377589989571,2390,1128,,,,,,,,,,,,,a549+INS_RPS6KB1,a549+INS,RPS6KB1,True,False,3
a549+INS_SP1,0.0075674485,0.0059507918,1.2716708,0.9983589,0.47830886,0.8799515435534383,0.421688257263485,0.9986980551986239,0.9986697439085075,1.0000283490015485,2397,1049,0.04237090051174164,0.29272332787513733,0.14474725723266602,,,,,,,,1.0,0.0,a549+INS_SP1,a549+INS,SP1,True,False,3
a549+TGFB_RPS6KB1,0.003404763,0.002501941,1.3608487,0.999251,0.46108013,0.9049990625856669,0.36519631159884275,0.9994004251758756,0.9994288799553013,0.9999715289601928,2402,1263,,,,,,,,,,,,,a549+TGFB_RPS6KB1,a549+TGFB,RPS6KB1,True,False,3
a549+TGFB_SP1,0.0046875435,0.005939328,0.78923804,0.9987426,0.49496192,0.8965125749897308,0.4475137523631153,0.9990264651509013,0.9987179398998302,1.0003089213067526,2513,1046,,,,,,,,,,,,,a549+TGFB_SP1,a549+TGFB,SP1,True,False,3
bxpc3+IFNB_FOS,0.013867703,0.022416279,0.6186443,0.99635684,0.60135436,0.9011505312735598,0.5207872130860797,0.996987993672187,0.9956514648943858,1.0013423661039287,2779,1217,0.06567094475030899,0.1749199479818344,0.3754342794418335,0.6141860485076904,0.928786039352417,0.7297557357534753,0.5953846153846154,0.9139311334589285,0.853373876287103,1.0709621642454075,24.0,1.0,bxpc3+IFNB_FOS,bxpc3+IFNB,FOS,True,False,3
bxpc3+IFNB_SP110,0.0069868383,0.0108242035,0.6454829,0.99780047,0.5453107,0.9193020964626,0.4370120725292477,0.9983437494646562,0.9976208742906465,1.000724599086325,2734,1347,0.06295625120401382,0.22223688662052155,0.28328442573547363,0.9520455002784729,0.8226796388626099,0.8646153846153846,0.7915384615384615,0.9594399553151811,0.8918747418933923,1.0757563929642768,24.0,1.0,bxpc3+IFNB_SP110,bxpc3+IFNB,SP110,True,False,3
bxpc3+INS_FOS,0.0062003946,0.00509247,1.2175614,0.9980954,0.4203156,0.9032578329622467,0.3056795355914371,0.9985503603763877,0.9988212725821324,0.9997287680857614,2627,1685,0.01476439367979765,0.0242124255746603,0.609785795211792,0.266982764005661,0.41169360280036926,0.546923076923077,0.4153846153846154,0.6060764897928889,0.5925543643677615,1.0228200587798473,20.0,5.0,bxpc3+INS_FOS,bxpc3+INS,FOS,True,False,3
bxpc3+INS_RPS6KB1,0.00981657,0.0029952289,3.2774024,0.9980985,0.32386306,0.8883307140407665,0.23418015665745878,0.9984383245534413,0.9992871378001419,0.9991505812347699,2562,1837,0.0785972848534584,0.07201408594846725,1.0914154052734375,0.993575394153595,0.015688814222812653,0.7,0.3,0.9801627206848115,0.9531251192678779,1.0283673159697038,3.0,2.0,bxpc3+INS_RPS6KB1,bxpc3+INS,RPS6KB1,True,False,3
bxpc3+INS_SP1,0.013119023,0.004166517,3.1486788,0.9978204,0.27309483,0.8897922844706304,0.21450657310860052,0.998232773049372,0.9990081088274366,0.9992238944096513,2504,1818,0.02340267412364483,0.08331605792045593,0.2808903157711029,0.9678305387496948,0.8969516158103943,0.723355190134781,0.7461538461538462,0.9705284671136732,0.936676893456902,1.0361400755086831,23.0,2.0,bxpc3+INS_SP1,bxpc3+INS,SP1,True,False,3
bxpc3+INS_SREBF2,0.0073395586,0.0035218403,2.0840123,0.99807215,0.32375363,0.9033366738340749,0.23591547359482087,0.9984961588277284,0.9991678068333075,0.999327792588006,2662,1833,0.18252737820148468,0.19686251878738403,0.9271819591522217,0.2532751262187958,0.20321349799633026,0.03333333333333333,0.5,0.5048147156254056,0.5170609180868168,0.9763157453347596,6.0,3.0,bxpc3+INS_SREBF2,bxpc3+INS,SREBF2,True,False,3
bxpc3+TGFB_FOS,0.019070802,0.021575378,0.88391507,0.99385285,0.36671305,0.8440316045584891,0.3411003820048695,0.9951071315404616,0.9953291172792618,0.9997769725260254,2204,1148,0.21549347043037415,0.2931840717792511,0.7350108623504639,-0.09267698228359222,0.06770457327365875,-0.22360679774997896,0.3,0.46166948534073793,0.6647300878341705,0.6945217221097266,4.0,1.0,bxpc3+TGFB_FOS,bxpc3+TGFB,FOS,True,False,3
bxpc3+TGFB_SP1,0.020281961,0.0084970975,2.386928,0.995273,0.22210793,0.8468390230757045,0.25977778622454606,0.996336729759213,0.9979638768804722,0.9983695330472827,2203,1267,,,,,,,,,,,,,bxpc3+TGFB_SP1,bxpc3+TGFB,SP1,True,False,3
hap1+IFNB_FOS,0.0028937482,0.003389147,0.85382783,0.99911356,0.45559818,0.9124144679169682,0.3186524525112145,0.9993058502327455,0.9991945794411591,1.0001113604836094,2355,1518,0.08534829318523407,0.13762116432189941,0.6201683878898621,0.983238935470581,0.8112493753433228,0.8999999999999998,0.49999999999999994,0.9906093497668558,0.9924110061183087,0.9981845663335599,5.0,0.0,hap1+IFNB_FOS,hap1+IFNB,FOS,True,False,3
hap1+IFNB_SP110,0.0041299667,0.005859123,0.704878,0.99883556,0.51523507,0.9043303207237952,0.3829626160397242,0.9990727189164722,0.9986700501263316,1.0004032050326228,2426,1426,0.03368620574474335,0.07420352101325989,0.45397046208381653,0.939446210861206,0.6730099320411682,0.7038461538461539,0.15538461538461537,0.947865538237674,0.9607369254207653,0.986602589280667,23.0,2.0,hap1+IFNB_SP110,hap1+IFNB,SP110,True,False,3
hap1+IFNG_CUL1,0.104520276,0.18811855,0.5556086,0.9776223,0.83942914,0.783170318657821,0.7867551157246973,0.9805431685497277,0.9702689016470654,1.010589092245687,2472,397,0.7020316123962402,1.3497122526168823,0.5201342701911926,0.8231251239776611,-0.0309603288769722,0.6935758891022564,0.009999999999999998,0.9343842788463724,0.9124274147811394,1.024064230983787,25.0,0.0,hap1+IFNG_CUL1,hap1+IFNG,CUL1,True,False,3
hap1+IFNG_PPARG,0.06667541,0.13233508,0.50383776,0.9861337,0.8309374,0.8127239119928779,0.8053952347912264,0.988208246362061,0.9804644709353654,1.00789806837091,2621,393,0.5078903436660767,1.0224705934524536,0.4967285692691803,0.7428667545318604,0.0924730896949768,0.7961538461538461,0.16153846153846155,0.9476371107163243,0.9598114534688937,0.9873159017757397,25.0,0.0,hap1+IFNG_PPARG,hap1+IFNG,PPARG,True,False,3
hap1+INS_RPS6KB1,0.0099743,0.006057129,1.6467043,0.9978232,0.45746225,0.8430940472738595,0.4320548972645652,0.9982918492179389,0.9985939722232684,0.9996974516032208,2696,1248,0.012906950898468494,0.047016702592372894,0.2745184302330017,0.8236031532287598,0.5862890481948853,0.4604731764348497,0.17923076923076922,0.9014344142041929,0.962315615090416,0.9367346846174757,24.0,1.0,hap1+INS_RPS6KB1,hap1+INS,RPS6KB1,True,False,3
hap1+INS_SP1,0.010838097,0.004434052,2.4442873,0.9971724,0.24026814,0.8503119950015259,0.29288627702079795,0.9977718791984429,0.9989241476626884,0.9988464905298949,2530,1453,0.00987521093338728,0.022964952513575554,0.4300122559070587,0.685774028301239,0.16769883036613464,0.6331987037692252,0.12538461538461537,0.9095295356779022,0.925158536611529,0.9831066781366258,24.0,1.0,hap1+INS_SP1,hap1+INS,SP1,True,False,3
hap1+INS_SREBF2,0.008875325,0.0026148346,3.3942206,0.99750876,0.10992832,0.8736492569857566,0.17392542532536634,0.9980162230078673,0.9993332170041411,0.9986821272685982,2288,1800,1.2066404451616108e-05,0.011266212910413742,0.0010710257338359952,,,,,,,,1.0,0.0,hap1+INS_SREBF2,hap1+INS,SREBF2,True,False,3
hap1+TGFB_CUL1,0.087092504,0.11798878,0.73814225,0.98121333,0.52156365,0.8133777339576769,0.5028749894730727,0.9834705698081688,0.9792250396817073,1.0043356020877914,2483,1004,0.34812426567077637,0.5494088530540466,0.6336342692375183,0.6381515264511108,-0.0632355809211731,0.6399445646157239,-0.0876923076923077,0.8223380868694506,0.8213216013609768,1.0012376217876038,24.0,1.0,hap1+TGFB_CUL1,hap1+TGFB,CUL1,True,False,3
hap1+TGFB_FOS,0.0071492805,0.0036773274,1.9441512,0.9975972,0.38040656,0.8839267556169527,0.32928354219857237,0.9981356076935901,0.9990997708964824,0.999034968047258,2332,1332,0.031208442524075508,0.1851293295621872,0.1685764342546463,1.0,1.0,0.9999999999999999,0.9999999999999999,0.9991162469638968,0.9909254730347467,1.0082657819907137,2.0,0.0,hap1+TGFB_FOS,hap1+TGFB,FOS,True,False,3
hap1+TGFB_RPS6KB1,0.011686595,0.0067078797,1.742219,0.99731517,0.44991446,0.8643167649859633,0.4287402925622133,0.9978963161098168,0.9984001176328323,0.9994953911622025,2520,1108,0.01629611663520336,0.08623579144477844,0.188971608877182,0.774885892868042,0.3676424026489258,0.8488142292490118,0.45158102766798425,0.9446038686313206,0.9688399340173258,0.9749844483747593,23.0,0.0,hap1+TGFB_RPS6KB1,hap1+TGFB,RPS6KB1,True,False,3
hap1+TNFA_FOS,0.0054706167,0.003997208,1.3686094,0.9981632,0.40410563,0.8903000717972206,0.34057183142214276,0.9985689390320036,0.9990296447825959,0.999538846766962,2318,1387,,,,,,,,,,,,,hap1+TNFA_FOS,hap1+TNFA,FOS,True,False,3
ht29+IFNB_SP110,0.006345732,0.005401315,1.1748494,0.99799466,0.2434188,0.8725334826288199,0.23498685033656347,0.9984255874565829,0.9987019835192373,0.9997232447044108,2195,1428,0.02968795970082283,0.07530877739191055,0.3942164480686188,0.9710351824760437,0.7864797711372375,0.8761538461538461,0.4246153846153846,0.95794169864024,0.9630553514273422,0.9946901776938124,23.0,2.0,ht29+IFNB_SP110,ht29+IFNB,SP110,True,False,3
ht29+IFNG_ATF3,0.048283443,0.0020647377,23.384783,0.98539585,0.069513336,0.7676949260638446,0.10290953530882224,0.9885537921300854,0.9994784396396585,0.9890696516540048,2051,1678,0.07145659625530243,0.7491250038146973,0.09538674354553223,1.0,1.0,0.9999999999999999,0.9999999999999999,0.9995725902303494,0.9990427821996567,1.0005303156582805,2.0,0.0,ht29+IFNG_ATF3,ht29+IFNG,ATF3,False,True,3
ht29+IFNG_ATF5,0.0569343,0.0035402854,16.081839,0.9845059,0.11458157,0.738312633635647,0.15318445919251433,0.9877727808400639,0.9991464049023752,0.9886166591737648,2136,1543,0.07925690710544586,0.024053022265434265,3.295091390609741,-0.17371287941932678,0.07256097346544266,0.17094861660079053,0.1847826086956522,0.6547686417495677,0.9467184121466025,0.6916192115297898,10.0,13.0,ht29+IFNG_ATF5,ht29+IFNG,ATF5,False,True,3
ht29+IFNG_BATF2,0.049886182,0.0022022326,22.65255,0.98539853,0.092687935,0.7567984607351059,0.12037738016559855,0.988537250830465,0.9994467139680483,0.9890844974673336,2063,1663,,,,,,,,,,,,,ht29+IFNG_BATF2,ht29+IFNG,BATF2,False,True,3
ht29+IFNG_CEBPB,0.05303583,0.0063910675,8.29843,0.98510015,0.15533453,0.7509010555564001,0.1578340118706404,0.9882611735351122,0.9983666483316733,0.9898779924054475,2090,1577,0.10953333973884583,0.07501670718193054,1.4601192474365234,0.4842672348022461,0.22038234770298004,0.36153846153846153,0.21923076923076923,0.7296226739061182,0.930996142555496,0.7837010708802437,19.0,6.0,ht29+IFNG_CEBPB,ht29+IFNG,CEBPB,False,True,3
ht29+IFNG_CEBPE,0.05163949,0.0022210106,23.250446,0.98523104,0.08566975,0.7519681317733887,0.12549029512482254,0.9883815290595634,0.9994457639435453,0.9889296295175384,2084,1644,,,,,,,,,,,,,ht29+IFNG_CEBPE,ht29+IFNG,CEBPE,False,True,3
ht29+IFNG_CLK1,0.07593895,0.012528505,6.0612936,0.98060334,0.21056266,0.708086760300619,0.293115875422341,0.9844812363244805,0.9971920441573815,0.9872534002779358,2349,1262,0.06014044210314751,0.0852569192647934,0.7054024934768677,0.09964405000209808,0.35512444376945496,0.049999999999999996,0.3723076923076923,0.7128366070465229,0.9185720659064246,0.776026872037648,17.0,8.0,ht29+IFNG_CLK1,ht29+IFNG,CLK1,False,True,3
ht29+IFNG_CUL1,0.05634734,0.025297398,2.2273967,0.97978455,0.19469249,0.7642276181698529,0.2560155839333427,0.9835300306117163,0.9948330188205654,0.9886383061327724,2206,1388,0.12909746170043945,0.12127291411161423,1.0645201206207275,0.4659024178981781,-0.04346859082579613,0.3853571700385871,-0.08461538461538462,0.7874174816030826,0.9189810166826917,0.8568375921903991,16.0,9.0,ht29+IFNG_CUL1,ht29+IFNG,CUL1,False,False,3
ht29+IFNG_EHF,0.05253975,0.0039975806,13.142887,0.9851793,0.16267046,0.7557145252658881,0.18829460045058954,0.9883092988131044,0.9990234524931634,0.9892753732123898,2164,1501,0.09285075217485428,0.02316676825284958,4.007928371429443,0.2852959930896759,0.18738213181495667,0.4539507463054555,0.31846153846153846,0.6579669252915041,0.9452293036578303,0.6960923902224744,14.0,11.0,ht29+IFNG_EHF,ht29+IFNG,EHF,False,True,3
ht29+IFNG_ETV7,0.046823256,0.0015649812,29.919373,0.98591447,0.10580377,0.7692614062253289,0.08948509448130747,0.9889694123342396,0.9996001094209557,0.9893650500970091,2029,1717,0.00965244509279728,0.03156649321317673,0.30578136444091797,,,,,,,,1.0,0.0,ht29+IFNG_ETV7,ht29+IFNG,ETV7,False,True,3
ht29+IFNG_FBXO6,0.05786786,0.002109185,27.436121,0.9848852,0.10313431,0.7370767803383369,0.11922324140299743,0.9880694817776805,0.9994765080693367,0.988586999094465,2084,1641,,,,,,,,,,,,,ht29+IFNG_FBXO6,ht29+IFNG,FBXO6,False,True,3
ht29+IFNG_FMNL2,0.05495,0.002493954,22.033285,0.98519903,0.12785685,0.7480202968737875,0.15306579245420224,0.9883272488177111,0.9993830153482345,0.9889374080200162,2130,1560,0.03222736343741417,0.035151880234479904,0.9168034195899963,0.05346912145614624,0.3465920388698578,0.5,0.5,0.676673666259322,0.9992259793825031,0.6771978313429056,2.0,1.0,ht29+IFNG_FMNL2,ht29+IFNG,FMNL2,False,True,3
ht29+IFNG_FOXN3,0.047175135,0.0016927548,27.868853,0.9858029,0.1023972,0.7581711145647341,0.09404679671767865,0.988861670705293,0.999568977684103,0.9892880759428752,2048,1719,,,,,,,,,,,,,ht29+IFNG_FOXN3,ht29+IFNG,FOXN3,False,True,3
ht29+IFNG_GUK1,0.04941992,0.0029053998,17.00968,0.98585135,0.18140572,0.7609629534696867,0.16327653829146993,0.9888670661923832,0.999277459260373,0.98958207956007,2108,1574,0.01568380370736122,0.1374141275882721,0.11413531005382538,0.9691871404647827,0.9564079642295837,0.9999999999999999,0.6,0.972208673322095,0.6962625342045361,1.3963248423711625,5.0,0.0,ht29+IFNG_GUK1,ht29+IFNG,GUK1,False,True,3
ht29+IFNG_HLA-DQB1,0.051789757,0.0029978019,17.275911,0.9852278,0.12484273,0.7495550076679425,0.13477844777269948,0.9883552308410333,0.9992630741963522,0.9890841124454725,2084,1604,0.08066485077142715,0.05395447462797165,1.495054006576538,0.8280148506164551,-0.7197878956794739,0.39999999999999997,-0.7999999999999999,0.9571899701128017,0.9502705744004137,1.0072815005523599,2.0,2.0,ht29+IFNG_HLA-DQB1,ht29+IFNG,HLA-DQB1,False,True,3
ht29+IFNG_HLX,0.06101034,0.01964417,3.1057734,0.97983843,0.17904688,0.7423907531321686,0.26549724832840815,0.9837421071340956,0.9957556850296956,0.9879352153583318,2293,1294,0.2340829074382782,0.13891999423503876,1.685019612312317,0.4018774628639221,-0.02049410715699196,0.44316215476436666,-0.04692307692307692,0.8091577739194338,0.9522694055878755,0.8497151847694897,14.0,11.0,ht29+IFNG_HLX,ht29+IFNG,HLX,False,True,3
ht29+IFNG_IFI16,0.06798278,0.053766858,1.2643993,0.9738318,0.40156305,0.7305158224304578,0.4527323836372312,0.9785905590650886,0.9900938147393626,0.9883816508061893,2510,1061,0.188641756772995,0.19720017910003662,0.9566003084182739,0.20746038854122162,-0.07880507409572601,0.12748583457798585,-0.2776923076923077,0.6432684555074214,0.7970143946866378,0.8070976632239312,16.0,9.0,ht29+IFNG_IFI16,ht29+IFNG,IFI16,False,True,3
ht29+IFNG_IFNGR1,0.035346836,0.023323234,1.5155203,0.9916654,0.61401975,0.7591680682365332,0.25590952760959607,0.9934486527810324,0.9939728505132497,0.9994726236919383,2176,1559,0.3290800452232361,0.8188612461090088,0.40187522768974304,0.9071243405342102,0.9494534134864807,0.9223076923076923,0.9292307692307692,0.9743863945457761,0.9397193694221472,1.0368908274658066,24.0,1.0,ht29+IFNG_IFNGR1,ht29+IFNG,IFNGR1,False,True,3
ht29+IFNG_IFNGR2,0.037416067,0.025660468,1.458121,0.99156994,0.60724825,0.7586341728284084,0.2368200866160012,0.993358252867971,0.9933758967678705,0.9999822384457314,2202,1663,0.22691413760185242,0.8757405877113342,0.2591111361980438,0.8932722210884094,0.9339883923530579,0.8907692307692309,0.8538461538461539,0.975955390082527,0.9416867703749913,1.036390677649522,24.0,1.0,ht29+IFNG_IFNGR2,ht29+IFNG,IFNGR2,False,False,3
ht29+IFNG_IRF1,0.046917487,0.001778991,26.373089,0.98638165,0.20563856,0.7636104132365249,0.1236574779418172,0.9893416637343962,0.9995424536169144,0.9897945406464669,2102,1753,,,,,,,,,,,,,ht29+IFNG_IRF1,ht29+IFNG,IRF1,False,True,3
ht29+IFNG_IRF2,0.05676742,0.010824037,5.2445703,0.9826733,0.14066502,0.7514813641381654,0.20321068184738683,0.9861798820369103,0.9974698252422228,0.9886814188062573,2164,1440,0.07455527782440186,0.09354781359434128,0.7969750761985779,0.6948370933532715,0.5489321947097778,0.36391614445059967,0.33153846153846156,0.7857453541672583,0.9225330994427365,0.8517259214242764,15.0,10.0,ht29+IFNG_IRF2,ht29+IFNG,IRF2,False,True,3
ht29+IFNG_IRF5,0.057722352,0.0016164436,35.709473,0.98480463,0.029442208,0.7388645949520113,0.07332280849288869,0.9880351510009402,0.9995883301017507,0.9884420628443766,2005,1733,,,,,,,,,,,,,ht29+IFNG_IRF5,ht29+IFNG,IRF5,False,True,3
ht29+IFNG_IRF7,0.049044903,0.0019797247,24.773598,0.9855071,0.10732004,0.7564321806498961,0.11143200550385135,0.9886171310342196,0.9995060730512655,0.9891056769832278,2038,1668,0.01537956204265356,0.06455152481794357,0.23825249075889587,,,,,,,,1.0,0.0,ht29+IFNG_IRF7,ht29+IFNG,IRF7,False,True,3
ht29+IFNG_IRF9,0.054166887,0.009074022,5.969446,0.98337424,0.18713629,0.7437442430189648,0.20964328537143523,0.9867866850138932,0.9979798129439474,0.9887842140844156,2190,1429,0.15361419320106506,0.09877314418554306,1.5552222728729248,0.891014814376831,-0.0376322939991951,0.40007694527338655,0.39538461538461533,0.9121938395717989,0.9495460462401111,0.9606630907303394,15.0,10.0,ht29+IFNG_IRF9,ht29+IFNG,IRF9,False,True,3
ht29+IFNG_JAK1,0.03076889,0.01947588,1.579846,0.9918779,0.63271415,0.7761716361564449,0.2755416220531507,0.9936546232267568,0.9949710025791699,0.9986769671186388,2249,1531,0.14336062967777252,0.49718695878982544,0.28834348917007446,0.8128379583358765,0.9631470441818237,0.6715384615384616,0.9153846153846154,0.9410668837294275,0.8133801446225111,1.1569828572176122,24.0,1.0,ht29+IFNG_JAK1,ht29+IFNG,JAK1,False,True,3
ht29+IFNG_JAK2,0.029844766,0.025999878,1.147881,0.99197894,0.6444683,0.7770839704417122,0.28079882181056953,0.9937335427511625,0.9932808419089031,1.0004557631871662,2216,1551,0.25869542360305786,0.9938306212425232,0.2603013217449188,0.9071359038352966,0.9353250861167908,0.8984615384615385,0.91,0.9788896720414388,0.9458080331593902,1.0349771176837463,24.0,1.0,ht29+IFNG_JAK2,ht29+IFNG,JAK2,False,True,3
ht29+IFNG_JUN,0.053194463,0.004244227,12.533369,0.98376215,0.0014036689,0.761919277910333,0.10123261766753258,0.9872107542917783,0.9989647210540701,0.9882338519924012,2028,1662,0.02987939864397049,0.02951560914516449,1.0123252868652344,0.8917786478996277,-0.1687493473291397,0.6300668547889996,-0.005217391304347826,0.928848989740632,0.9128472805145801,1.017529448318049,17.0,7.0,ht29+IFNG_JUN,ht29+IFNG,JUN,False,True,3
ht29+IFNG_KIN,0.06737575,0.051907286,1.2980018,0.9741267,0.4235866,0.70728021306593,0.451682054116454,0.9789349209876614,0.9907213323942962,0.9881032021606416,2513,1058,0.14738468825817108,0.20142270624637604,0.7317183613777161,0.20968100428581238,-0.06684254109859467,0.31370343542117746,-0.10384615384615385,0.6402838891409317,0.8208071328468769,0.7800661854876666,20.0,5.0,ht29+IFNG_KIN,ht29+IFNG,KIN,False,True,3
ht29+IFNG_KLF4,0.053771723,0.0033684373,15.963404,0.98469216,0.10002202,0.7496429263342638,0.13600039196872823,0.9879306273131284,0.9991845838113632,0.988736859354548,2093,1579,0.031330667436122894,0.03687853366136551,0.8495637774467468,0.5691437125205994,0.3697872757911682,0.5612648221343874,0.25691699604743085,0.8127665452415402,0.9683885785270899,0.8392979463654462,15.0,8.0,ht29+IFNG_KLF4,ht29+IFNG,KLF4,False,True,3
ht29+IFNG_MAFB,0.047033943,0.0025734566,18.276564,0.98530275,0.07194805,0.7677242473848406,0.09062631703168979,0.9884435738205376,0.9993684470728634,0.9890682227517542,2010,1684,,,,,,,,,,,,,ht29+IFNG_MAFB,ht29+IFNG,MAFB,False,False,3
ht29+IFNG_MAFF,0.047340002,0.0018806141,25.17263,0.98595834,0.10545294,0.764195486893567,0.12349004121976251,0.9889989378222807,0.9995160656786275,0.989477780080297,2089,1667,,,,,,,,,,,,,ht29+IFNG_MAFF,ht29+IFNG,MAFF,False,True,3
ht29+IFNG_MCRS1,0.07610476,0.045297723,1.6801013,0.97427404,0.41005304,0.7030202299417933,0.4619228292980842,0.9790626536040574,0.9911888572175942,0.9877660008733585,2594,983,0.1038011908531189,0.19257141649723053,0.5390269756317139,0.46722710132598877,-0.026003805920481682,0.44731332882402836,0.03538461538461538,0.7500279416772382,0.8889469579266951,0.843726315714652,21.0,4.0,ht29+IFNG_MCRS1,ht29+IFNG,MCRS1,False,True,3
ht29+IFNG_MYC,0.049265116,0.002066311,23.842064,0.9855637,0.09989408,0.768944362868091,0.14099231032704534,0.9886652860331192,0.999479752254554,0.989179904648353,2106,1601,,,,,,,,,,,,,ht29+IFNG_MYC,ht29+IFNG,MYC,False,True,3
ht29+IFNG_NFKB1,0.055333897,0.016456844,3.3623638,0.981645,0.19250242,0.752405822555368,0.24659133723837076,0.9852398535416104,0.9964205679686949,0.9887791211999191,2256,1342,0.14338798820972443,0.14081938564777374,1.0182404518127441,0.8570715188980103,0.05343371257185936,0.5370263611554305,-0.036923076923076927,0.8743708600695054,0.9291598797319309,0.941033808220139,18.0,7.0,ht29+IFNG_NFKB1,ht29+IFNG,NFKB1,False,True,3
ht29+IFNG_PARP12,0.0479017,0.0016111927,29.730585,0.986017,0.13314074,0.7543813097299402,0.09301346663096884,0.989038435891283,0.9995852289169009,0.9894488306544447,2048,1782,2.0116822719573975,1.378901481628418,1.45890212059021,,,,,,,,0.0,1.0,ht29+IFNG_PARP12,ht29+IFNG,PARP12,False,True,3
ht29+IFNG_PIK3CA,0.053500403,0.0043754703,12.227349,0.9845172,0.09107965,0.7524140261817365,0.1752478047429284,0.9877985355318026,0.9989108737144776,0.9888755458819329,2117,1541,0.06798151135444641,0.09665819257497787,0.7033186554908752,0.42722904682159424,0.517057478427887,0.5765975534557698,0.2923076923076923,0.5810467544887645,0.39572554218190514,1.4683074316736215,22.0,3.0,ht29+IFNG_PIK3CA,ht29+IFNG,PIK3CA,False,True,3
ht29+IFNG_PLEK,0.04829906,0.002159922,22.361485,0.98561025,0.09925228,0.7604395171379091,0.10722535456279492,0.9886950881392881,0.9994565246959644,0.9892327116880347,2062,1652,,,,,,,,,,,,,ht29+IFNG_PLEK,ht29+IFNG,PLEK,False,True,3
ht29+IFNG_PPARG,0.06370912,0.03889121,1.6381366,0.976346,0.22575165,0.7543157710610299,0.29602772044098724,0.9805637826316153,0.992446223818524,0.9880271183448207,2246,1343,0.24463805556297302,0.15304306149482727,1.5984916687011719,0.2556191682815552,0.04963571950793266,0.37030749419777187,-0.049999999999999996,0.7239318334117268,0.8398091243275576,0.8620194904305014,14.0,11.0,ht29+IFNG_PPARG,ht29+IFNG,PPARG,False,False,3
ht29+IFNG_PRDM1,0.045874346,0.001516181,30.25651,0.9855554,0.028962716,0.7776380566313768,0.07761864381638388,0.9886787969625895,0.9996140944197781,0.989060480921354,2017,1728,,,,,,,,,,,,,ht29+IFNG_PRDM1,ht29+IFNG,PRDM1,False,True,3
ht29+IFNG_PTGES3,0.057008166,0.007958247,7.1634073,0.98305607,0.10860798,0.7492434410981516,0.14132328191131047,0.9865437886295121,0.998130838197701,0.9883912518031089,2118,1511,0.15526539087295532,0.08670193701982498,1.7907949686050415,0.5683119297027588,0.17705349624156952,0.18923076923076923,-0.016923076923076923,0.7405471942729994,0.9590814508712265,0.7721421299518291,15.0,10.0,ht29+IFNG_PTGES3,ht29+IFNG,PTGES3,False,True,3
ht29+IFNG_PTPN11,0.047903556,0.0010681006,44.849293,0.986166,0.14402102,0.7616781878776481,0.11994362173076563,0.9891748226798194,0.9997248473804641,0.9894470716334715,2112,1752,,,,,,,,,,,,,ht29+IFNG_PTPN11,ht29+IFNG,PTPN11,False,True,3
ht29+IFNG_RARRES3,0.06092384,0.012380197,4.921072,0.9826217,0.26870903,0.7378195105143395,0.3116508838207659,0.9861310037399724,0.9973126697577919,0.9887882041842153,2339,1275,0.04460630565881729,0.08449152857065201,0.527938187122345,0.5797566771507263,0.25659504532814026,0.3950759834574692,0.23846153846153845,0.7929488509253736,0.957568509967793,0.8280857637559988,20.0,5.0,ht29+IFNG_RARRES3,ht29+IFNG,RARRES3,False,True,3
ht29+IFNG_RFX5,0.051208332,0.0060780025,8.425191,0.9854093,0.2036603,0.7484471926064563,0.13643714110402969,0.9884754404900342,0.9984843086214027,0.9899759384850148,2065,1593,0.11604463309049606,0.43799740076065063,0.2649436593055725,0.7801999449729919,0.9023018479347229,0.47846153846153844,0.7569230769230769,0.8436048559399378,0.9443399392936664,0.8933275199298729,19.0,6.0,ht29+IFNG_RFX5,ht29+IFNG,RFX5,False,True,3
ht29+IFNG_RNF14,0.04674372,0.0017010246,27.479744,0.9863316,0.22100395,0.757289096958762,0.18923193586933681,0.989271588456474,0.999571861046528,0.9896953155731397,2163,1593,,,,,,,,,,,,,ht29+IFNG_RNF14,ht29+IFNG,RNF14,False,True,3
ht29+IFNG_RUNX1,0.045121107,0.001202485,37.52322,0.9860352,0.10700838,0.771424577158519,0.11592401373317146,0.9890868593675292,0.9996907118409966,0.9893928668658533,2106,1720,,,,,,,,,,,,,ht29+IFNG_RUNX1,ht29+IFNG,RUNX1,False,True,3
ht29+IFNG_SOX2,0.09553247,0.10316023,0.92605907,0.9646344,0.33098382,0.7450625794170566,0.36669790006292846,0.9701582534131006,0.981576536101433,0.9883674046104618,2245,1140,0.46918565034866333,0.3193737864494324,1.4690799713134766,-0.013562115840613842,-0.3107861578464508,0.05661385170722978,-0.3384615384615385,0.1591157315942383,0.19498743833560594,0.8160306784500321,15.0,10.0,ht29+IFNG_SOX2,ht29+IFNG,SOX2,False,False,3
ht29+IFNG_SP100,0.05184706,0.0018286274,28.352993,0.9851336,0.009464457,0.7548613193398304,0.03746034638085181,0.9883312515999421,0.9995293443509653,0.988796634321632,2000,1782,0.7350960373878479,0.5252161622047424,1.399606704711914,0.9761126637458801,-0.039480745792388916,1.0,-0.5,0.9838353386172352,0.9978541590899739,0.9859510326784391,1.0,2.0,ht29+IFNG_SP100,ht29+IFNG,SP100,False,True,3
ht29+IFNG_SP110,0.057068896,0.030517329,1.8700489,0.97912943,0.21661931,0.7685068761164895,0.26830561815993365,0.9829639961281477,0.9943121632265454,0.9885869171492654,2224,1363,0.16691680252552032,0.13170494139194489,1.267354130744934,0.22969478368759155,-0.11894942820072174,0.3707692307692308,-0.12846153846153846,0.7715717062894087,0.9228451265255053,0.8360792988032151,17.0,8.0,ht29+IFNG_SP110,ht29+IFNG,SP110,False,False,3
ht29+IFNG_SRC,0.055233873,0.0030037574,18.38826,0.9846215,0.037006374,0.7535747577187609,0.1302944518326142,0.9878999128475181,0.9992388406461669,0.9886524348960292,2095,1574,0.029681241139769554,0.06944797188043594,0.42738816142082214,1.0,1.0,0.9999999999999999,0.9999999999999999,0.945989016873974,0.9635885978042996,0.9817353785936973,2.0,0.0,ht29+IFNG_SRC,ht29+IFNG,SRC,False,True,3
ht29+IFNG_STAT1,0.030590368,0.017556012,1.742444,0.9921372,0.63799703,0.7707999158889501,0.2684259815463278,0.993855303957202,0.9954689582320005,0.9983790009106216,2239,1643,0.14660367369651794,0.44161224365234375,0.33197376132011414,0.9300894141197205,0.907864511013031,0.6638461538461539,0.9261538461538461,0.9438359241862657,0.8850975383501491,1.0663637433063105,23.0,2.0,ht29+IFNG_STAT1,ht29+IFNG,STAT1,False,True,3
ht29+IFNG_STAT2,0.054878935,0.007907696,6.93994,0.98360336,0.14597519,0.7646196350905905,0.15218819141397832,0.9869959492558362,0.9981007794072823,0.9888740391946788,2129,1503,0.3130911588668823,0.17735029757022858,1.7653827667236328,0.8310560584068298,-0.009198397397994995,0.38853626415973114,-0.04769230769230769,0.8783890213244211,0.9803165218754291,0.8960259280788087,14.0,11.0,ht29+IFNG_STAT2,ht29+IFNG,STAT2,False,True,3
ht29+IFNG_STAT3,0.04923663,0.0017565704,28.029978,0.9854492,0.0668278,0.7630247423462535,0.07989051709133278,0.9885890813858312,0.9995547150653915,0.9890294813137439,2020,1721,,,,,,,,,,,,,ht29+IFNG_STAT3,ht29+IFNG,STAT3,False,True,3
ht29+IFNG_TAPBPL,0.058459997,0.010193703,5.734913,0.98302317,0.19609334,0.7342794855434394,0.23811135405994474,0.9864678763463574,0.997687186536198,0.9887546814860956,2253,1375,0.11930393427610397,0.09405521303415298,1.2684457302093506,0.6404550671577454,-0.3113868236541748,0.6676923076923077,-0.2869230769230769,0.8151753410360028,0.9663989096180959,0.8435184817811372,20.0,5.0,ht29+IFNG_TAPBPL,ht29+IFNG,TAPBPL,False,True,3
ht29+IFNG_TBX21,0.048678033,0.0015514073,31.376696,0.98550665,0.049739733,0.7654218155750716,0.09447340491758847,0.9886443180322435,0.9996041059674259,0.9890358714317451,2049,1715,,,,,,,,,,,,,ht29+IFNG_TBX21,ht29+IFNG,TBX21,False,True,3
ht29+IFNG_TRAFD1,0.049229402,0.0016089111,30.597963,0.9855391,0.048742957,0.7672086412393447,0.11003537919196829,0.9886673595330497,0.999587740833432,0.9890751148155567,2089,1676,,,,,,,,,,,,,ht29+IFNG_TRAFD1,ht29+IFNG,TRAFD1,False,True,3
ht29+IFNG_TSC22D1,0.048371438,0.0033087009,14.619466,0.9852152,0.09816857,0.7739855068447397,0.14740873523056647,0.98835928743936,0.9991836733831299,0.9891667706027265,2104,1567,0.17713898420333862,0.036796122789382935,4.814066410064697,0.48663902282714844,-0.22955802083015442,0.04437564499484004,-0.12693498452012383,0.7237442510470095,0.9486129071222974,0.7629500353759182,7.0,11.0,ht29+IFNG_TSC22D1,ht29+IFNG,TSC22D1,False,True,3
ht29+IFNG_ZC3H3,0.04931975,0.002950635,16.714962,0.98536515,0.11106125,0.7597743078084489,0.16166110188615346,0.9885086250304451,0.9992519037875713,0.9892486782197714,2139,1566,0.08670023083686829,0.015267081558704376,5.678900241851807,0.4556540846824646,-0.4248617887496948,0.0,-0.39999999999999997,0.7890600171670471,0.8744632387899127,0.9023364072558989,2.0,2.0,ht29+IFNG_ZC3H3,ht29+IFNG,ZC3H3,False,True,3
ht29+IFNG_ZFP36,0.054714683,0.002098469,26.07362,0.9845089,0.005225678,0.7461965637323412,0.09158830314126393,0.9878036947153742,0.9994793148440356,0.9883182973821891,2078,1648,0.09283265471458435,0.02889430709183216,3.2128355503082275,,,,,,,,0.0,1.0,ht29+IFNG_ZFP36,ht29+IFNG,ZFP36,False,True,3
ht29+IFNG_ZNF267,0.055293787,0.0042966045,12.869183,0.98463714,0.14246705,0.7457494091866572,0.19268845282109617,0.9878492978731889,0.998971647795638,0.9888662006104056,2196,1460,0.12218161672353745,0.0345332995057106,3.538081169128418,0.35363128781318665,-0.0621136911213398,0.23017712748100821,0.005384615384615384,0.5606110221402081,0.9571597245522975,0.5857026865630276,20.0,5.0,ht29+IFNG_ZNF267,ht29+IFNG,ZNF267,False,True,3
ht29+IFNG_ZNFX1,0.053488806,0.0028279012,18.914665,0.9847728,0.05575573,0.760439457792248,0.10586207830189032,0.9880139810073252,0.999291454175971,0.9887145305591096,2094,1605,0.18351010978221893,0.5384343266487122,0.3408217132091522,0.9996148347854614,0.944156289100647,0.8285714285714287,0.942857142857143,0.9993887147244439,0.9976149092898178,1.0017780462361863,5.0,1.0,ht29+IFNG_ZNFX1,ht29+IFNG,ZNFX1,False,True,3
ht29+INS_FOS,0.004945697,0.0010697962,4.6230273,0.9983451,0.17136034,0.8800147511870302,0.16344378610301485,0.9987079321077545,0.9997260500233424,0.9989816030946037,2385,1901,,,,,,,,,,,,,ht29+INS_FOS,ht29+INS,FOS,True,False,3
ht29+TGFB_CUL1,0.050561324,0.06030762,0.83839035,0.989738,0.3934968,0.8311453481042068,0.34496338689878464,0.991010196407184,0.989085902816585,1.001945527264234,2214,1271,0.20602580904960632,0.3063197135925293,0.6725842356681824,0.5915849804878235,0.2668026089668274,0.5689526327243168,0.3676923076923077,0.8570271102051801,0.8718499022281435,0.9829984588114519,24.0,1.0,ht29+TGFB_CUL1,ht29+TGFB,CUL1,True,False,3
ht29+TGFB_SP1,0.007241248,0.003964613,1.8264703,0.9980176,0.23888221,0.8779808077002593,0.2560266861671808,0.998441131090519,0.9990119336128469,0.9994286329290746,2244,1376,0.013570127077400684,0.03549739345908165,0.3822851777076721,0.9384652376174927,-0.22348427772521973,0.9285714285714288,-0.14285714285714288,0.9770916341038386,0.9559713042255784,1.0220930584264447,7.0,0.0,ht29+TGFB_SP1,ht29+TGFB,SP1,True,False,3
k562+IFNB_FOS,0.007481009,0.012678007,0.5900777,0.9975556,0.60194016,0.8889721525708503,0.47430312391084684,0.9980792424789473,0.9967036671892829,1.0013801246397973,2429,1154,0.11975133419036865,0.3351411819458008,0.3573160767555237,0.9731180667877197,0.8333339691162109,0.8601398601398602,0.6643356643356644,0.9735133015870928,0.9622833237022862,1.0116701366512313,12.0,0.0,k562+IFNB_FOS,k562+IFNB,FOS,True,False,3
k562+IFNG_CUL1,0.096894145,0.13591178,0.7129194,0.9821149,0.6140369,0.8154838064842883,0.5593819728595651,0.9841583719253998,0.9767446213377945,1.0075902650760964,2368,889,0.4034830331802368,0.7854356169700623,0.5137060284614563,0.8654437065124512,0.5790597200393677,0.4846970483655068,0.46615384615384614,0.9092114464027019,0.9121824479299029,0.9967429744631204,23.0,2.0,k562+IFNG_CUL1,k562+IFNG,CUL1,True,False,3
k562+IFNG_IFNGR2,0.00880522,0.009196804,0.9574217,0.9971158,0.56268775,0.8860356311437114,0.4213139369560173,0.9976194170273239,0.9973740991371776,1.0002459637666132,2336,1137,0.12464221566915512,0.5995736122131348,0.2078847587108612,0.9898337125778198,0.8515284061431885,0.9384615384615385,0.8681318681318682,0.994204189292783,0.9738189575287681,1.0209332870411003,14.0,0.0,k562+IFNG_IFNGR2,k562+IFNG,IFNGR2,True,False,3
k562+IFNG_MAFB,0.0065498557,0.007931303,0.82582337,0.9975933,0.53576696,0.8904529166666537,0.41862295896017443,0.998088216918498,0.997771276592875,1.0003176482757705,2264,1193,0.10564417392015457,0.19877904653549194,0.5314653515815735,,,,,,,,1.0,0.0,k562+IFNG_MAFB,k562+IFNG,MAFB,True,False,3
k562+IFNG_SOX2,0.18058115,0.24632378,0.7331048,0.9522556,0.6226883,0.737912371094177,0.6693425887333008,0.9575559024126751,0.9472834797287163,1.0108440851168445,2450,619,1.5884995460510254,2.1168735027313232,0.7503988742828369,0.7383416891098022,0.13000619411468506,0.5646646383882684,0.15000000000000002,0.5560700088531062,0.5056503714347154,1.0997124500775741,24.0,1.0,k562+IFNG_SOX2,k562+IFNG,SOX2,True,False,3
k562+INS_CHUK,0.015293867,0.005479564,2.7910738,0.9944381,0.2596547,0.8821771433028175,0.25077762112029695,0.9955470262413298,0.9984005988208617,0.9971418561017471,2437,1588,0.1073279082775116,0.1815892606973648,0.5910476446151733,0.4627346098423004,0.5133748054504395,0.6510446075663467,0.7583286278938454,0.6804982309953647,0.702976269978994,0.9680244697530103,18.0,4.0,k562+INS_CHUK,k562+INS,CHUK,False,True,3
k562+INS_COPS4,0.015241666,0.021565787,0.7067521,0.99390876,0.5315553,0.8569610846130612,0.4697069360048546,0.9951394997170858,0.9946123761435509,1.0005299789005027,2711,1187,0.06474539637565613,0.25937509536743164,0.249620720744133,0.9265537858009338,0.8471015691757202,0.6789840349105327,0.6007692307692307,0.9269038060748016,0.8866018409404212,1.0454566675517298,24.0,1.0,k562+INS_COPS4,k562+INS,COPS4,False,True,3
k562+INS_DR1,0.017134601,0.018115908,0.9458318,0.99317974,0.43094206,0.8708004160226998,0.4048040851250516,0.9946285014219705,0.9950773930014175,0.999548887772344,2600,1332,0.09371263533830643,0.3074655532836914,0.3047906756401062,0.7535876035690308,0.7316742539405823,0.8284615384615385,0.7253846153846153,0.9134531240031427,0.9562737861924107,0.955221336391781,24.0,1.0,k562+INS_DR1,k562+INS,DR1,False,True,3
k562+INS_EIF2B1,0.013433423,0.004322144,3.108046,0.9952332,0.31063515,0.9016771758487377,0.2721698641305448,0.9962387208988777,0.9987353522123109,0.997500207329296,2474,1617,0.20235033333301544,0.21039968729019165,0.9617425799369812,0.9916554093360901,0.43160828948020935,0.942857142857143,0.6571428571428573,0.9766087297425188,0.9122813825742808,1.0705126163889465,5.0,1.0,k562+INS_EIF2B1,k562+INS,EIF2B1,False,True,3
k562+INS_ELK1,0.016331902,0.0076609575,2.1318355,0.99407816,0.242099,0.902462978001172,0.2007920182999664,0.9952884219020888,0.9978118019221631,0.9974710862156437,2423,1757,0.18717698752880096,0.18977943062782288,0.986286997795105,0.4563290476799011,0.1966525912284851,0.7454545454545456,0.4090909090909091,0.7247745162807949,0.7290438401318903,0.9941439408495338,9.0,2.0,k562+INS_ELK1,k562+INS,ELK1,False,True,3
k562+INS_FOS,0.012917015,0.0059399786,2.1745894,0.9954,0.36681974,0.8950306087548919,0.2842608346204603,0.9963999283716277,0.9982653216253746,0.9981313652659899,2420,1620,0.06123768165707588,0.15291321277618408,0.4004734456539154,0.7667964696884155,0.667678952217102,0.7353846153846154,0.6584615384615385,0.8266196072492138,0.7724467729236641,1.0701314786007956,21.0,4.0,k562+INS_FOS,k562+INS,FOS,False,False,3
k562+INS_FOXM1,0.014810586,0.008152462,1.8167012,0.9943157,0.28213772,0.8829726434420757,0.26593549006132267,0.9955444970474473,0.9977135154843986,0.9978260107703381,2382,1577,0.029287995770573616,0.13542602956295013,0.21626563370227814,0.9305317997932434,0.7851223349571228,0.6399999999999999,0.6353846153846153,0.9517933133229951,0.9708182086341934,0.9804032360106186,24.0,1.0,k562+INS_FOXM1,k562+INS,FOXM1,False,True,3
k562+INS_FOXO1,0.015098587,0.0049039954,3.0788338,0.9944972,0.21233402,0.8961853373548424,0.19983503528617055,0.9956091426310465,0.9985734662143543,0.9970314416679369,2393,1747,0.05397232621908188,0.0796326994895935,0.6777658462524414,0.3751777708530426,0.722979724407196,0.38333333333333336,0.7166666666666667,0.7540185056060137,0.549591642375631,1.3719613754436653,7.0,2.0,k562+INS_FOXO1,k562+INS,FOXO1,False,True,3
k562+INS_FOXO3,0.014652847,0.0080628125,1.817337,0.9946699,0.34416908,0.8968653949578058,0.2748241700800633,0.9957678948048754,0.997667727729238,0.9980957257897008,2489,1651,0.17060299217700958,0.2256067395210266,0.7561963200569153,0.7388384342193604,0.556906521320343,0.5156521739130434,0.6052173913043478,0.8286161951491252,0.7857007041875114,1.0546206599190877,16.0,8.0,k562+INS_FOXO3,k562+INS,FOXO3,False,True,3
k562+INS_FOXO4,0.023092499,0.029470462,0.78358114,0.9912894,0.42401987,0.8542141026535256,0.39732990287931036,0.9929370330377133,0.9923243027322686,1.0006174698168306,2602,1293,0.16369499266147614,0.4211936891078949,0.3886454105377197,-0.15914516150951385,0.6722694635391235,0.42546644372342834,0.5430769230769231,0.41434742241767575,0.4362153836082078,0.9498688904328669,22.0,3.0,k562+INS_FOXO4,k562+INS,FOXO4,False,True,3
k562+INS_GRB2,0.016649652,0.007921982,2.101703,0.99400616,0.23887022,0.9045501664581891,0.22437075006331736,0.9952161972689241,0.997763999106591,0.9974464885083565,2491,1747,0.11100316792726517,0.14153803884983063,0.7842638492584229,0.9061955809593201,0.417011022567749,0.6666666666666667,0.24019607843137256,0.9528581133176768,0.9342988567161591,1.0198643683101027,13.0,4.0,k562+INS_GRB2,k562+INS,GRB2,False,True,3
k562+INS_GRB10,0.016437571,0.0071885767,2.286624,0.99413675,0.23242089,0.8998262087828349,0.22597324894651338,0.9953683587469905,0.9979433999372277,0.9974196520660398,2448,1724,0.40579310059547424,0.41019341349601746,0.9892725944519043,0.6426746845245361,0.20590458810329437,0.5499999999999999,0.08214285714285713,0.7420569739859336,0.7524025611697676,0.9862499309309241,10.0,5.0,k562+INS_GRB10,k562+INS,GRB10,False,True,3
k562+INS_HSF1,0.013886514,0.0045244326,3.0692277,0.994892,0.26708418,0.9003607923005487,0.24984977112060422,0.9959386919515629,0.9986771058699218,0.9972579586512365,2447,1630,0.2028726488351822,0.2563154101371765,0.7914960980415344,0.654473066329956,0.6734267473220825,0.4523809523809524,0.6428571428571429,0.8424450347560312,0.7220589636331212,1.166726094662926,6.0,2.0,k562+INS_HSF1,k562+INS,HSF1,False,True,3
k562+INS_IGF2,0.014284964,0.0044824546,3.1868618,0.99489796,0.25524986,0.9009645547097206,0.23314809995457653,0.995958782124189,0.9987110951781383,0.9972441348982326,2499,1731,0.1442059576511383,0.20172467827796936,0.7148652076721191,0.8130686283111572,0.6524361968040466,0.5454545454545455,0.5,0.8912162787516251,0.7695118404176337,1.158157980087661,7.0,4.0,k562+INS_IGF2,k562+INS,IGF2,False,True,3
k562+INS_IKBKB,0.019937534,0.009445677,2.1107576,0.9939763,0.3599635,0.8557653613962288,0.3395149874335732,0.9951368874616451,0.9972593966922133,0.9978716578278346,2546,1407,0.09432078152894974,0.1792011857032776,0.5263401865959167,0.8637405037879944,0.5536661148071289,0.7176923076923076,0.8876923076923076,0.8221445182008931,0.6404545276975622,1.2836891342723542,23.0,2.0,k562+INS_IKBKB,k562+INS,IKBKB,False,True,3
k562+INS_INSR,0.011835846,0.003773648,3.1364467,0.9956418,0.364918,0.895185357164558,0.28865402535865187,0.9965327658087756,0.9988945572495954,0.9976355948446421,2490,1614,0.002366854576393962,0.15955683588981628,0.01483392808586359,0.9883490800857544,0.9808673858642578,1.0,1.0,0.9829665741223885,0.9520452490290885,1.0324788397661078,3.0,0.0,k562+INS_INSR,k562+INS,INSR,False,True,3
k562+INS_IRS1,0.013095497,0.0031025158,4.220928,0.9954226,0.29649737,0.9016742290955718,0.24304611745859597,0.9964062908475292,0.9990917343234559,0.9973121152105766,2501,1700,0.10531576722860336,0.13357649743556976,0.788430392742157,0.4541477859020233,0.8254732489585876,0.2571428571428572,0.48571428571428577,0.8859855518830047,0.6611728500296792,1.3400210729209978,5.0,1.0,k562+INS_IRS1,k562+INS,IRS1,False,True,3
k562+INS_IRS2,0.012954959,0.0039397683,3.288254,0.99532336,0.30786893,0.8993937962822773,0.25782930379396396,0.9962772131450014,0.9988666909388976,0.9974075841977851,2546,1692,0.19381555914878845,0.25642985105514526,0.7558228969573975,0.5480133891105652,0.6669818162918091,0.8999999999999998,0.7999999999999999,0.7502977593377815,0.6655153738003322,1.127393579284745,4.0,1.0,k562+INS_IRS2,k562+INS,IRS2,False,True,3
k562+INS_IRS4,0.013645212,0.0073601096,1.8539414,0.99485326,0.34823042,0.8885619731908462,0.28643653288785664,0.9959433041991165,0.9978534049879968,0.9980857901778636,2427,1585,0.0694773942232132,0.16768339276313782,0.41433677077293396,0.5342260599136353,0.6086714863777161,0.5423076923076924,0.6753846153846154,0.71636991407813,0.7395480179986812,0.9686590953441071,22.0,3.0,k562+INS_IRS4,k562+INS,IRS4,False,True,3
k562+INS_MAPK1,0.022576505,0.011989249,1.8830625,0.99160355,0.11201439,0.8896262177889201,0.17014633436679089,0.9933809881399175,0.996483909846161,0.9968861296448605,2310,1729,0.4512885808944702,0.43873515725135803,1.028612732887268,0.7851718068122864,0.12417861074209213,0.4792307692307692,0.2530769230769231,0.8472790058577241,0.8579091796331972,0.987609208494519,17.0,8.0,k562+INS_MAPK1,k562+INS,MAPK1,False,True,3
k562+INS_MAPK3,0.012715748,0.003997001,3.181322,0.99531674,0.30648613,0.9013216549273775,0.2779411694595133,0.9962957108086735,0.9988391230006267,0.9974536317877573,2465,1688,0.08173181861639023,0.15532636642456055,0.5261940956115723,0.9504186511039734,0.8725364208221436,0.8857142857142858,0.942857142857143,0.932161891327319,0.5990404743693785,1.5560916686115807,6.0,0.0,k562+INS_MAPK3,k562+INS,MAPK3,False,True,3
k562+INS_MTOR,0.057845667,0.08512345,0.6795503,0.9794855,0.45294166,0.8270700461354875,0.5303913010299833,0.9825700731878076,0.9802992686492211,1.0023164401027407,2843,1016,0.4128085970878601,0.616407036781311,0.6697012782096863,0.8376501798629761,-0.017995420843362808,0.5050604065498375,0.13,0.8946572015480918,0.8941019401804422,1.0006210269128122,22.0,3.0,k562+INS_MTOR,k562+INS,MTOR,False,True,3
k562+INS_PIK3CA,0.013399291,0.0046998453,2.8510067,0.9951489,0.32816666,0.8978158140337333,0.2650773475509102,0.9960860669034911,0.9986273100157909,0.9974552637537426,2426,1656,0.024280976504087448,0.08232493698596954,0.294940710067749,0.6580871343612671,0.8709640502929688,0.6121212121212121,0.9393939393939393,0.8103979949349956,0.5591408788760516,1.4493628091796913,10.0,0.0,k562+INS_PIK3CA,k562+INS,PIK3CA,False,True,3
k562+INS_POLR2G,0.042684644,0.073424034,0.5813443,0.98381084,0.529222,0.8132269432181223,0.5726044778537482,0.9865847215712445,0.984269441220729,1.0023522830777354,2908,957,0.27791455388069153,0.618781328201294,0.4491320848464966,0.9434508085250854,0.5243246555328369,0.5260765907545948,0.39999999999999997,0.9282575705466164,0.8731892742315553,1.0630657040119091,25.0,0.0,k562+INS_POLR2G,k562+INS,POLR2G,False,True,3
k562+INS_POLR2L,0.015677312,0.017363755,0.9028757,0.9943362,0.5614813,0.8343960358088648,0.47495177025920504,0.9954839782291239,0.9953210822255725,1.0001636617634857,2742,1176,0.05750128626823425,0.22077780961990356,0.2604486644268036,0.7636257410049438,0.7043393850326538,0.6907692307692308,0.5992307692307692,0.7628447111466415,0.6037852670123737,1.2634371072373454,24.0,1.0,k562+INS_POLR2L,k562+INS,POLR2L,False,True,3
k562+INS_PTEN,0.022789732,0.012259811,1.8588974,0.9917672,0.13661203,0.9050776227798644,0.17275297121218922,0.9935586100659932,0.9964515189868747,0.9970967890903285,2410,1750,0.4812181890010834,0.42080608010292053,1.1435627937316895,0.7721215486526489,0.06981418281793594,0.726153846153846,0.1476923076923077,0.8648998627897662,0.8767517640216999,0.98648203320679,19.0,6.0,k562+INS_PTEN,k562+INS,PTEN,False,True,3
k562+INS_RAD51,0.05395139,0.084154494,0.64109933,0.9815725,0.4909157,0.8131973562025343,0.5296553204917184,0.9846652609207464,0.9817826054374966,1.0029361443839853,2840,1016,0.5880721211433411,0.8396658897399902,0.7003644108772278,0.8968968987464905,-0.08111019432544708,0.6784905613276241,0.12153846153846154,0.8858345783723006,0.8573330561071867,1.0332443990839781,22.0,3.0,k562+INS_RAD51,k562+INS,RAD51,False,True,3
k562+INS_RPS6KB1,0.015602179,0.0041790977,3.7333846,0.9949002,0.28013292,0.8852562930677497,0.25682903831620785,0.9958430632892116,0.9987766623490175,0.9970628077623416,2480,1670,0.40163496136665344,0.3228299617767334,1.2441068887710571,0.9723621606826782,-0.103513702750206,0.8571428571428573,0.3571428571428572,0.9592157188071588,0.9385084710028778,1.022063996696965,4.0,3.0,k562+INS_RPS6KB1,k562+INS,RPS6KB1,False,False,3
k562+INS_SGK1,0.013711636,0.005427062,2.5265303,0.9949863,0.29968715,0.901979747714934,0.24543262975215896,0.9960144861234241,0.9984269134277802,0.9975837717594432,2476,1671,0.04721484333276749,0.05910646170377731,0.7988101840019226,0.37258845567703247,0.6004985570907593,0.6,0.8999999999999998,0.7286669932665233,0.5764521540437458,1.2640545935252523,4.0,1.0,k562+INS_SGK1,k562+INS,SGK1,False,True,3
k562+INS_SHC1,0.013007939,0.0073351623,1.7733675,0.995032,0.36121255,0.8897005405468408,0.32248788350860313,0.9961057779618351,0.9979070217571467,0.9981949783336127,2472,1489,0.04304080083966255,0.14065833389759064,0.305995374917984,0.7449858784675598,0.7178705930709839,0.8428544106672979,0.8676923076923077,0.8184252541199476,0.7019950102153926,1.165856227195733,24.0,1.0,k562+INS_SHC1,k562+INS,SHC1,False,True,3
k562+INS_SMARCE1,0.1404095,0.23683637,0.59285444,0.9607773,0.6484778,0.7598947170496997,0.6941713265191883,0.9658922976160688,0.9565235898813905,1.0097945391350358,2983,704,0.40245094895362854,0.726691484451294,0.5538126826286316,-0.24239148199558258,0.25260648131370544,-0.28306925853614895,0.23384615384615384,0.06654038932690609,0.05203913848867947,1.2786604709334535,20.0,5.0,k562+INS_SMARCE1,k562+INS,SMARCE1,False,True,3
k562+INS_SP1,0.014582935,0.007206534,2.0235713,0.9951007,0.38279194,0.8882071153758192,0.3314092382382975,0.9960593767070447,0.9978878342334296,0.9981676722937608,2569,1493,0.03261285647749901,0.15051835775375366,0.21667028963565826,0.9106148481369019,0.8445998430252075,0.6356521739130434,0.9008695652173913,0.9227779938945878,0.7251570683298211,1.2725215462905526,24.0,0.0,k562+INS_SP1,k562+INS,SP1,False,False,3
k562+INS_SREBF1,0.0136026675,0.0061782966,2.2016857,0.9950348,0.33712465,0.8952628843043362,0.26605603119012144,0.9960301453293559,0.9981965836253995,0.9978296476549987,2468,1689,0.19709913432598114,0.2927219569683075,0.6733322739601135,0.978025496006012,0.8549101948738098,0.9500000000000001,0.9500000000000001,0.974296473905187,0.8365783641585521,1.1646206926295,9.0,0.0,k562+INS_SREBF1,k562+INS,SREBF1,False,True,3
k562+INS_SREBF2,0.013114269,0.00413712,3.1699028,0.995222,0.31441972,0.9007720124057359,0.244654726888251,0.9961609529654899,0.9987888698990874,0.9973688964577038,2443,1707,0.027846723794937134,0.11481416970491409,0.24253734946250916,0.6854329109191895,0.9829603433609009,0.6,0.942857142857143,0.9285629314435901,0.7398868526188994,1.2550066650824432,5.0,1.0,k562+INS_SREBF2,k562+INS,SREBF2,False,False,3
k562+INS_SRF,0.015139203,0.0069049317,2.1925201,0.99452984,0.30023506,0.8885930185289653,0.2928191095711741,0.9956253420416098,0.9979744205107356,0.9976461536279421,2507,1539,0.06669002026319504,0.09635990113019943,0.6920930743217468,0.7642009258270264,0.5662317872047424,0.4576923076923077,0.5576923076923077,0.8125176299513457,0.6875624869964776,1.1817364171520142,21.0,4.0,k562+INS_SRF,k562+INS,SRF,False,True,3
k562+INS_TAF3,0.0138513,0.009261325,1.4956067,0.99468625,0.37228262,0.8843725707832213,0.3242381253062196,0.9958312057374018,0.9973641805903903,0.9984629738235826,2473,1484,0.08063923567533493,0.17048481106758118,0.47299954295158386,0.7381863594055176,0.5495042204856873,0.4946153846153846,0.3707692307692308,0.7932834731888803,0.7236575139918366,1.0962139656547931,23.0,2.0,k562+INS_TAF3,k562+INS,TAF3,False,True,3
k562+INS_TAF7,0.01585761,0.00904656,1.7528884,0.99419415,0.31440794,0.897560047437726,0.2481778438907511,0.9953699002507654,0.9973576715841608,0.9980069624067381,2479,1632,0.024446776136755943,0.07906336337327957,0.3092048466205597,0.22494739294052124,0.9489290118217468,0.3216783216783217,0.8391608391608393,0.7776146142440337,0.6808530990630473,1.1421180505958544,11.0,1.0,k562+INS_TAF7,k562+INS,TAF7,False,True,3
k562+INS_TAF8,0.016301984,0.021931503,0.74331355,0.9940995,0.5004739,0.8692225814246797,0.41145867094074173,0.9952295818448789,0.9945308839177065,1.0007025402010845,2575,1313,0.06520186364650726,0.1913030594587326,0.3408302068710327,0.4275107979774475,0.6817013621330261,0.3864512307540673,0.5453846153846154,0.8178553590124291,0.9282544482572263,0.8810680741125791,24.0,1.0,k562+INS_TAF8,k562+INS,TAF8,False,True,3
k562+INS_TSC1,0.045243885,0.03312362,1.36591,0.98386717,0.09810044,0.8828850373399739,0.21464314430759832,0.9871592671034107,0.9904087125818952,0.9967190863355659,2400,1674,1.4628121852874756,1.4156450033187866,1.0333185195922852,0.3521169424057007,0.3789727985858917,0.4392307692307692,0.36,0.8353413791996257,0.8266518916112418,1.0105116647969523,17.0,8.0,k562+INS_TSC1,k562+INS,TSC1,False,True,3
k562+INS_TSC2,0.032018505,0.015291262,2.0939085,0.98895216,-0.010230892,0.8899798400947566,0.11353900776704329,0.9910331193620747,0.9955825217371689,0.9954304115673345,2300,1887,1.2935590744018555,0.9434965252876282,1.371026873588562,0.8572655320167542,-0.0402049720287323,0.8338461538461539,-0.041538461538461545,0.9536249774407833,0.9500823996337613,1.003728705855816,7.0,18.0,k562+INS_TSC2,k562+INS,TSC2,False,True,3
k562+INS_TTF1,0.014668799,0.011423546,1.2840846,0.9942341,0.3705553,0.877208732607491,0.3449341794786868,0.9954615894982001,0.9970482090815916,0.998408683182077,2520,1389,0.06692671030759811,0.21849679946899414,0.3063052296638489,0.8651058077812195,0.7796118259429932,0.7847663157285659,0.6346153846153846,0.9324947823608959,0.9727149583246161,0.9586516320947767,23.0,2.0,k562+INS_TTF1,k562+INS,TTF1,False,True,3
k562+INS_TTF2,0.040292487,0.06977269,0.5774822,0.9866725,0.5573864,0.827428250042317,0.5622335243846469,0.988726403405345,0.9850276772541078,1.0037549464209452,2885,983,0.12769682705402374,0.3724188506603241,0.34288495779037476,0.5550377368927002,0.7243077158927917,0.46989625067932433,0.4946153846153846,0.8422723696126702,0.8103946321773362,1.0393360668612601,23.0,2.0,k562+INS_TTF2,k562+INS,TTF2,False,True,3
k562+INS_XBP1,0.021681342,0.025586566,0.8473721,0.9922602,0.39753568,0.8599137044695236,0.37584784741757465,0.9937115686655739,0.9935847688534136,1.0001276185144288,2544,1352,0.09025253355503082,0.25837641954421997,0.3493063747882843,0.8678635954856873,0.8226910829544067,0.7591536249760165,0.42076923076923073,0.8909289745151004,0.8944905338047557,0.9960183376401917,25.0,0.0,k562+INS_XBP1,k562+INS,XBP1,False,True,3
k562+INS_ZNF593,0.015411482,0.0025968722,5.934633,0.99463344,0.15570447,0.894052035705473,0.16228449238295437,0.9956212460532344,0.9992435164939951,0.9963749872969204,2359,1830,0.04955832287669182,0.05759662762284279,0.8604379296302795,0.9686245322227478,0.5977773070335388,0.5,0.5,0.9377561546088921,0.945175850089737,0.9921499311687444,2.0,1.0,k562+INS_ZNF593,k562+INS,ZNF593,False,True,3
k562+TGFB_CUL1,0.19225203,0.26225308,0.73307824,0.9551208,0.6098558,0.7610800132751403,0.5705652878521832,0.9599257313927442,0.949028470488246,1.0114825437206239,2240,682,2.146794319152832,3.260903835296631,0.6583433151245117,0.8745687007904053,0.29507961869239807,0.8099269549115499,0.2746153846153846,0.902920563075804,0.8817843667275077,1.0239698016270546,25.0,0.0,k562+TGFB_CUL1,k562+TGFB,CUL1,True,False,3
k562+TGFB_RPS6KB1,0.014188599,0.008369934,1.6951865,0.9961072,0.50025547,0.8368722373601984,0.422752856809843,0.9968100468237718,0.9976036132331159,0.9992045273304773,2257,980,,,,,,,,,,,,,k562+TGFB_RPS6KB1,k562+TGFB,RPS6KB1,True,False,3
k562+TNFA_FOS,0.0064633773,0.0037057824,1.744133,0.9981282,0.2422051,0.9134379689871637,0.19385407288126522,0.9985386609172692,0.9989640303583334,0.9995741894321144,2178,1720,0.012688592076301575,0.047343309968709946,0.2680123448371887,-0.052003324031829834,0.7225556969642639,0.5,0.5,0.9605995155063833,0.9761621385240716,0.98405733801434,3.0,0.0,k562+TNFA_FOS,k562+TNFA,FOS,True,False,3
mcf7+IFNB_SP110,0.0036004735,0.004568677,0.78807795,0.9988546,0.48310757,0.8979318424266638,0.40298894503944704,0.9990948172058353,0.998833905721886,1.0002612160865332,2572,1384,0.012909309938549995,0.0280161015689373,0.4607818126678467,0.7526524662971497,0.5606513619422913,0.6846153846153846,0.3476923076923077,0.9434927795730293,0.9699621423088244,0.9727109321269082,22.0,3.0,mcf7+IFNB_SP110,mcf7+IFNB,SP110,True,False,3
mcf7+INS_CHUK,0.031018298,0.009292554,3.3379734,0.98924315,0.12926589,0.8105139430952215,0.13771874191425382,0.9914541149311986,0.9975692862101894,0.9938699282711253,2169,1673,0.13875752687454224,0.274613618850708,0.5052827596664429,0.5703088641166687,0.6138736009597778,0.6630769230769231,0.6784615384615386,0.7752132266865859,0.8312100524095286,0.9326321601132975,21.0,4.0,mcf7+INS_CHUK,mcf7+INS,CHUK,False,True,3
mcf7+INS_COPS4,0.023187323,0.005090682,4.554856,0.9920176,0.39167756,0.8031130382970113,0.26326345986623684,0.9936442125681453,0.9986659724501707,0.9949715320031333,2338,1540,0.03063300997018814,0.11248290538787842,0.2723348140716553,0.6824424862861633,0.8552075028419495,0.632610939112487,0.6986584107327141,0.8402380198684042,0.9634002996573509,0.872158769482684,17.0,1.0,mcf7+INS_COPS4,mcf7+INS,COPS4,False,True,3
mcf7+INS_DR1,0.031737488,0.014215874,2.2325387,0.9891476,0.22024071,0.8157351832323503,0.1695831240030269,0.9913587424415706,0.9963005022449879,0.9950398902818157,2142,1648,0.21533933281898499,0.5093184113502502,0.4227990210056305,0.8811903595924377,0.5727143883705139,0.8769230769230769,0.7353846153846154,0.9263001723991651,0.9093881470202168,1.0185971473615132,23.0,2.0,mcf7+INS_DR1,mcf7+INS,DR1,False,True,3
mcf7+INS_EIF2B1,0.028255636,0.004644157,6.084126,0.9909109,0.20500469,0.8366481680269171,0.14965557021532183,0.9928382676645219,0.9987543038136384,0.9940765850755018,2199,1755,0.12608598172664642,0.3868318796157837,0.3259451687335968,0.44675326347351074,0.7802665829658508,0.3714285714285715,0.8285714285714287,0.8049761215244342,0.7199120934017815,1.118158909820089,5.0,1.0,mcf7+INS_EIF2B1,mcf7+INS,EIF2B1,False,True,3
mcf7+INS_ELK1,0.03121633,0.0036148545,8.635571,0.9898317,0.018710269,0.834126339139043,0.0674917602269289,0.9919929802380327,0.999031423068919,0.9929547332863016,2127,1857,0.046400800347328186,0.18171976506710052,0.25534260272979736,-0.8082245588302612,0.9191054105758667,-1.0,1.0,0.5948138224329722,0.9109973699119344,0.6529259491610525,3.0,0.0,mcf7+INS_ELK1,mcf7+INS,ELK1,False,True,3
mcf7+INS_FOS,0.033141583,0.009004515,3.6805518,0.989258,0.118492275,0.8305694458952831,0.09934125646829402,0.991470269612502,0.9976342286224785,0.9938214238915122,2030,1812,0.032554592937231064,0.11221190541982651,0.2901171147823334,0.7700207233428955,0.9135906100273132,0.5276923076923077,0.5815384615384616,0.8248501908814463,0.9489512149031936,0.8692229673425231,19.0,6.0,mcf7+INS_FOS,mcf7+INS,FOS,False,False,3
mcf7+INS_FOXM1,0.03159608,0.00973556,3.24543,0.98939973,0.143866,0.8209644577016255,0.10441357347602263,0.9915896966852531,0.9974699420560472,0.994104839531632,2094,1767,0.062183551490306854,0.20976099371910095,0.29644954204559326,0.7186633944511414,0.8110406398773193,0.8261538461538462,0.6038461538461538,0.8454303247599207,0.9521136472969262,0.8879510625229646,22.0,3.0,mcf7+INS_FOXM1,mcf7+INS,FOXM1,False,True,3
mcf7+INS_FOXO1,0.025588784,0.0030325844,8.437946,0.9915195,0.25692874,0.8236022374236291,0.1442572899031982,0.9933039487354636,0.9991876653972187,0.9941114999058599,2227,1782,0.033582743257284164,0.7263824343681335,0.04623286798596382,0.9988523125648499,0.6479030251502991,1.0,0.5,0.9981673369959365,0.9784315082096126,1.0201708843396076,3.0,0.0,mcf7+INS_FOXO1,mcf7+INS,FOXO1,False,True,3
mcf7+INS_FOXO3,0.027052276,0.0043308763,6.2463746,0.9910598,0.21635407,0.8239876068901408,0.12232184368924173,0.9929374729593786,0.9988560265126005,0.9940746680240936,2140,1783,0.03843750059604645,0.17323926091194153,0.22187523543834686,0.7924425005912781,0.8540428876876831,0.5909090909090909,0.6545454545454547,0.8989247596256339,0.9329745283925671,0.9635040746229182,10.0,1.0,mcf7+INS_FOXO3,mcf7+INS,FOXO3,False,True,3
mcf7+INS_FOXO4,0.028753128,0.00961766,2.9896178,0.9899205,0.21275964,0.7926753055839376,0.17487448029262465,0.9919686369022039,0.9975425651355904,0.9944123404572428,2180,1653,0.08483321219682693,0.17294447124004364,0.4905228316783905,0.6333388686180115,0.7145398259162903,0.5392307692307693,0.546923076923077,0.811527460519829,0.9614119435121782,0.8440996245118412,21.0,4.0,mcf7+INS_FOXO4,mcf7+INS,FOXO4,False,True,3
mcf7+INS_GRB2,0.03040579,0.008460067,3.5940363,0.99011856,0.19083112,0.8305686254456589,0.12066139467294339,0.9922173413710013,0.997728616735956,0.9944761779180147,2213,1814,0.13179852068424225,0.34067317843437195,0.3868767023086548,0.8929100036621094,0.7611880898475647,0.7500000000000001,0.7696078431372549,0.9193295661743852,0.9169640642593012,1.002579710598577,11.0,6.0,mcf7+INS_GRB2,mcf7+INS,GRB2,False,True,3
mcf7+INS_GRB10,0.030925121,0.0043374603,7.129776,0.9904772,0.13161978,0.8412241930642618,0.06822085708850975,0.992507276564713,0.9988376935895315,0.9936622165288249,2047,1883,0.11176478862762451,0.4225151538848877,0.2645225524902344,0.9759660363197327,0.6176968216896057,0.7857142857142859,0.8214285714285715,0.9842843910367584,0.9852893178787834,0.9989800692813878,7.0,0.0,mcf7+INS_GRB10,mcf7+INS,GRB10,False,True,3
mcf7+INS_HSF1,0.026725732,0.0041386606,6.45758,0.9912776,0.25348622,0.8338857663287388,0.19362844120927103,0.9931204746670927,0.9988934492223466,0.9942206302786867,2324,1686,0.06517460942268372,0.5078027248382568,0.12834632396697998,0.9687448740005493,0.8597840070724487,0.8095238095238096,0.9047619047619048,0.9792494070541476,0.9523578661104435,1.0282368024674724,7.0,1.0,mcf7+INS_HSF1,mcf7+INS,HSF1,False,True,3
mcf7+INS_IGF2,0.029900385,0.0031826538,9.394796,0.99054873,0.10346911,0.8373056758910882,0.09676413822074617,0.9925658864729462,0.9991463601247549,0.9934139041941893,2233,1879,0.09110773354768753,0.2559111714363098,0.35601311922073364,0.701019287109375,0.8807384371757507,0.7,0.8999999999999998,0.9189247829626126,0.7595723402885216,1.2097923189430007,5.0,0.0,mcf7+INS_IGF2,mcf7+INS,IGF2,False,True,3
mcf7+INS_IKBKB,0.031638157,0.01753133,1.8046638,0.98862267,0.269305,0.7922808566727176,0.2591612756485416,0.9908605873834861,0.9957429364278074,0.9950967776263254,2354,1392,0.20937427878379822,0.5392922163009644,0.3882390260696411,0.6480981111526489,0.5565975904464722,0.6000000000000001,0.7638461538461538,0.8294848768484494,0.8564486567830722,0.9685167584523956,22.0,3.0,mcf7+INS_IKBKB,mcf7+INS,IKBKB,False,True,3
mcf7+INS_INSR,0.026277283,0.0032295196,8.136592,0.99143535,0.21476391,0.8279297634506545,0.1253723683648356,0.9932460922377847,0.9991373449188902,0.994103660811934,2210,1812,0.05560491606593132,0.3532293140888214,0.15741874277591705,0.6744462251663208,0.9515585899353027,0.7999999999999999,1.0,0.8908451140245207,0.9917996465177932,0.8982107597560418,4.0,0.0,mcf7+INS_INSR,mcf7+INS,INSR,False,True,3
mcf7+INS_IRS1,0.032486133,0.0033251327,9.769876,0.9901458,0.05542708,0.8385288068068654,0.07367787067586493,0.992252728892097,0.9991079825603405,0.9931386258663693,2258,1926,0.14676816761493683,0.21520213782787323,0.6820014119148254,-0.6169505715370178,0.6550820469856262,-0.49999999999999994,0.6,0.5836523342433667,0.5714177314622703,1.021410961031587,4.0,1.0,mcf7+INS_IRS1,mcf7+INS,IRS1,False,True,3
mcf7+INS_IRS2,0.031049212,0.0030483366,10.185625,0.99020183,0.03640784,0.835128472889111,0.06209620644640384,0.9922922369395661,0.9991829723615543,0.9931036300531604,2169,1942,0.019898219034075737,0.2770856022834778,0.07181253284215927,0.9960485696792603,0.9957242012023926,1.0,1.0,0.992876441910396,0.9970597030212305,0.9958044025867673,3.0,0.0,mcf7+INS_IRS2,mcf7+INS,IRS2,False,True,3
mcf7+INS_IRS4,0.030467164,0.009274291,3.2851205,0.98984027,0.16348234,0.8215993273598591,0.12195706923514944,0.9919096106180442,0.9976079090991995,0.9942880379864865,2092,1727,0.14628943800926208,0.2500154674053192,0.5851215720176697,0.8870443105697632,0.5573105812072754,0.7184615384615384,0.67,0.9360110678912417,0.9757302796695057,0.9592928367543154,21.0,4.0,mcf7+INS_IRS4,mcf7+INS,IRS4,False,True,3
mcf7+INS_MAPK1,0.035677545,0.015922854,2.2406502,0.9885077,0.16453168,0.8271859683149536,0.12243567603520927,0.9907425203887437,0.9959820046855715,0.9947393785508384,2018,1764,0.3481743335723877,0.5797335505485535,0.6005764603614807,0.8736775517463684,0.24341948330402374,0.8761538461538461,0.5307692307692308,0.9153180535876752,0.9148959569933954,1.0004613602137524,21.0,4.0,mcf7+INS_MAPK1,mcf7+INS,MAPK1,False,True,3
mcf7+INS_MAPK3,0.033183906,0.0066909166,4.9595456,0.9893345,0.059230007,0.8398470845040592,0.055976338900825116,0.9915902114825325,0.9982245203006173,0.9933538911505732,2106,1866,0.17946867644786835,0.2934975028038025,0.6114827990531921,0.8997661471366882,0.6204161047935486,0.6175824175824175,0.6439560439560439,0.9258105006390964,0.9628339814519172,0.9615473887232451,11.0,3.0,mcf7+INS_MAPK3,mcf7+INS,MAPK3,False,True,3
mcf7+INS_MTOR,0.026017962,0.003880227,6.705268,0.991082,0.24338178,0.8142904175784038,0.18531241207409505,0.9929182950305636,0.9989694468338558,0.9939426057298641,2237,1657,0.10768849402666092,0.17493820190429688,0.6155802011489868,0.10069018602371216,0.8940614461898804,0.4285714285714286,0.8333333333333335,0.5210664954960219,0.9872110935709462,0.5278166938047838,7.0,1.0,mcf7+INS_MTOR,mcf7+INS,MTOR,False,True,3
mcf7+INS_PIK3CA,0.029201508,0.0045540077,6.412266,0.99019194,0.11998741,0.823155712305796,0.10168266731559635,0.992245851995523,0.998785752197088,0.9934521490848475,2160,1840,0.08580635488033295,0.17710019648075104,0.48450738191604614,-0.26043635606765747,0.824005663394928,-0.3,0.8999999999999998,0.6317456978072716,0.9924529431309749,0.6365497751603721,4.0,1.0,mcf7+INS_PIK3CA,mcf7+INS,PIK3CA,False,True,3
mcf7+INS_POLR2G,0.100392744,0.13799411,0.7275147,0.9707378,0.44714844,0.7627393358097766,0.3977298044439655,0.9748851264292775,0.9732412519086762,1.0016890719720084,2492,1135,0.4977642893791199,0.9800170660018921,0.5079138875007629,0.6647440791130066,0.5436950922012329,0.6586334024310936,0.45076923076923076,0.652701857908537,0.699246801903931,0.9334355997501026,22.0,3.0,mcf7+INS_POLR2G,mcf7+INS,POLR2G,False,True,3
mcf7+INS_POLR2L,0.12283225,0.15970144,0.7691368,0.9657844,0.40062678,0.7600422297988052,0.3820418994276532,0.970360584763804,0.9697304071690896,1.000649848236227,2401,1092,0.2594815492630005,0.4817757308483124,0.5385940670967102,,0.5052070617675781,,0.32923076923076927,,,,22.0,3.0,mcf7+INS_POLR2L,mcf7+INS,POLR2L,False,True,3
mcf7+INS_PTEN,0.031298168,0.0054075723,5.787841,0.9903631,0.15812826,0.8372310498353898,0.09867334536813453,0.9923918971315956,0.99857363193052,0.9938094351770802,2102,1815,0.10177763551473618,0.42260295152664185,0.24083513021469116,0.9686090350151062,0.7290326356887817,0.8210784313725491,0.7745098039215688,0.9801011591490683,0.9786579830328431,1.0014746480805814,15.0,2.0,mcf7+INS_PTEN,mcf7+INS,PTEN,False,True,3
mcf7+INS_RAD51,0.04002434,0.048950467,0.8176498,0.98729295,0.45201907,0.7780602189760993,0.3161967710781615,0.9896462123243162,0.9904920318021803,0.9991460613001347,2384,1364,0.3420986235141754,1.094792127609253,0.3124781548976898,0.9712910652160645,0.6440150737762451,0.8615384615384615,0.6792307692307692,0.9803716961035606,0.9665347427606452,1.0143160434185674,25.0,0.0,mcf7+INS_RAD51,mcf7+INS,RAD51,False,True,3
mcf7+INS_RPS6KB1,0.028432397,0.0031680015,8.974869,0.9903791,0.089436695,0.8162469138599666,0.12581829550041743,0.9923569666423601,0.9991507244843555,0.9932004674815188,2219,1817,0.10421986877918243,0.1417188048362732,0.7353990077972412,-0.03193509951233864,0.9164512753486633,0.19999999999999998,0.19999999999999998,0.8947950634809071,0.6228145822906637,1.4366957501057864,2.0,2.0,mcf7+INS_RPS6KB1,mcf7+INS,RPS6KB1,False,False,3
mcf7+INS_SGK1,0.027852807,0.0054888767,5.0744095,0.991111,0.23746923,0.831255142986003,0.1303535652936355,0.9929861822651553,0.9985338283671634,0.9944442081535888,2156,1783,0.039008479565382004,0.23008261620998383,0.16954118013381958,0.9461921453475952,0.8594710826873779,0.6964285714285713,0.7749999999999999,0.9599476372380535,0.9639571869157626,0.9958405313720022,13.0,2.0,mcf7+INS_SGK1,mcf7+INS,SGK1,False,True,3
mcf7+INS_SHC1,0.029742694,0.0055227433,5.385493,0.9901651,0.11921757,0.8253685619283665,0.10918163392900578,0.992212607182944,0.9985489325031507,0.993654466882937,2094,1800,0.020669087767601013,0.09595984220504761,0.2153930962085724,0.6748286485671997,0.8883540034294128,0.5049019607843138,0.786764705882353,0.8820659904827395,0.9800373874606219,0.9000330005452788,14.0,3.0,mcf7+INS_SHC1,mcf7+INS,SHC1,False,True,3
mcf7+INS_SMARCE1,0.037404373,0.044488426,0.8407664,0.98600876,0.44916135,0.7643464653347254,0.3713471537378234,0.9885713967477868,0.9902882972701699,0.9982662619288586,2489,1238,0.29008692502975464,0.5839397311210632,0.49677544832229614,0.854662299156189,0.6104589700698853,0.8038502279485134,0.48461538461538467,0.8986413933990423,0.8782750512122176,1.023189025076728,21.0,4.0,mcf7+INS_SMARCE1,mcf7+INS,SMARCE1,False,True,3
mcf7+INS_SP1,0.030103015,0.0048185163,6.2473617,0.9898374,0.060349803,0.8056430906549881,0.07044509794556977,0.9919212542844964,0.9987079305253007,0.9932045435573595,2187,1884,0.28548839688301086,0.358842134475708,0.7955821752548218,0.2931196391582489,0.6361311674118042,0.3802197802197802,0.5032967032967033,0.6651768315440326,0.7062432667893505,0.9418522806850821,8.0,6.0,mcf7+INS_SP1,mcf7+INS,SP1,False,False,3
mcf7+INS_SREBF1,0.027268939,0.0026698154,10.213792,0.9909533,0.15503734,0.8265393875628769,0.09368574579967559,0.9928599092225723,0.9992850880458637,0.9935702244533079,2214,1868,0.1809709370136261,0.3053792417049408,0.5926104784011841,-0.6068055033683777,0.7897791862487793,-0.7999999999999999,0.9999999999999999,0.529569404529615,0.6105881452659898,0.8673103279771658,4.0,1.0,mcf7+INS_SREBF1,mcf7+INS,SREBF1,False,True,3
mcf7+INS_SREBF2,0.029911121,0.002921444,10.238472,0.9900072,0.015842222,0.8226624840004851,0.06087188633440711,0.9921090475069547,0.9992163016629827,0.9928871715321302,2181,1925,0.0006595529848709702,0.3175927698612213,0.0020767254754900932,,,,,,,,1.0,0.0,mcf7+INS_SREBF2,mcf7+INS,SREBF2,False,False,3
mcf7+INS_SRF,0.024862979,0.0051735835,4.8057556,0.9915409,0.29631916,0.8229642367601321,0.20802058927960512,0.993303356585291,0.9986381439758428,0.9946579374894368,2234,1630,0.06224333122372627,0.1759263575077057,0.3538033366203308,0.8498548269271851,0.8140279054641724,0.9151515151515152,0.8909090909090909,0.9113888175823499,0.7988582162918239,1.140864297312827,9.0,1.0,mcf7+INS_SRF,mcf7+INS,SRF,False,True,3
mcf7+INS_TAF3,0.027781226,0.00348162,7.9793963,0.9906445,0.15445714,0.8219215259878804,0.12026776820532147,0.9925975841041037,0.9990672314875277,0.9935243122989919,2246,1859,0.04899558424949646,0.695993185043335,0.07039664685726166,0.9951654672622681,0.497124046087265,0.7999999999999999,0.39999999999999997,0.9907910618543622,0.97675827473948,1.0143666938666325,4.0,0.0,mcf7+INS_TAF3,mcf7+INS,TAF3,False,True,3
mcf7+INS_TAF7,0.030451838,0.003725488,8.17392,0.9899218,0.043091975,0.8291675174862588,0.1200055046783012,0.9920403857438161,0.999000734589324,0.9930326889615659,2266,1780,0.01074533723294735,0.13974907994270325,0.07689021527767181,1.0,1.0,0.9999999999999999,0.9999999999999999,0.8993520762023179,0.9894788301633733,0.9089149244899211,2.0,0.0,mcf7+INS_TAF7,mcf7+INS,TAF7,False,True,3
mcf7+INS_TAF8,0.028688464,0.007968656,3.6001635,0.9901351,0.19293717,0.8131872878634963,0.1881974615905511,0.9921724071955416,0.9979129520024755,0.9942474493437382,2207,1639,0.12013022601604462,0.14123059809207916,0.8505963087081909,0.4708208441734314,0.2688908278942108,0.6815384615384615,0.4769230769230769,0.6460033202030662,0.6884223221860122,0.9383822972964488,20.0,5.0,mcf7+INS_TAF8,mcf7+INS,TAF8,False,True,3
mcf7+INS_TSC1,0.032719914,0.014649628,2.2334979,0.98920155,0.21404696,0.8142562326825713,0.17441625424037355,0.9913598544175667,0.9964115308658499,0.9949301304814353,2149,1625,0.1975512057542801,0.3409608006477356,0.5793956518173218,0.9075761437416077,0.5345194935798645,0.577034055682769,0.4876923076923077,0.9254959229865838,0.954485095511545,0.9696284701968816,20.0,5.0,mcf7+INS_TSC1,mcf7+INS,TSC1,False,True,3
mcf7+INS_TSC2,0.02881901,0.0036401236,7.9170413,0.99022853,0.10183347,0.8237268543267261,0.15197797435287722,0.9922637778746731,0.9990287628939825,0.9932284381885937,2223,1707,0.025892263278365135,0.16499672830104828,0.15692591667175293,0.2872990071773529,0.879797101020813,0.03571428571428572,0.9642857142857145,0.7106225405500627,0.9914343825932339,0.7167620500424153,7.0,0.0,mcf7+INS_TSC2,mcf7+INS,TSC2,False,True,3
mcf7+INS_TTF1,0.030361433,0.0052827294,5.7473,0.98963624,0.053959616,0.814984452941059,0.0882784199461054,0.9917828295971506,0.9985866123091169,0.9931865872943826,2149,1816,0.06616221368312836,0.22304360568523407,0.2966335415840149,0.9249668717384338,0.7921153903007507,0.6,0.7142857142857143,0.9514674505942361,0.9548594978359182,0.9964475954322393,4.0,2.0,mcf7+INS_TTF1,mcf7+INS,TTF1,False,True,3
mcf7+INS_TTF2,0.029735776,0.007562765,3.9318657,0.98992735,0.19357714,0.7870698252275452,0.14175008854745116,0.9919545641294317,0.9980259001293804,0.9939166548692157,2154,1663,0.09207424521446228,0.21567483246326447,0.4269123375415802,0.7737119197845459,0.5247920751571655,0.6515384615384615,0.5884615384615385,0.8596753763206264,0.8872701931162642,0.9688991955215812,22.0,3.0,mcf7+INS_TTF2,mcf7+INS,TTF2,False,True,3
mcf7+INS_XBP1,0.028775696,0.01543024,1.8648897,0.99004036,0.30448675,0.8076163277433043,0.14029725740297003,0.9920549345512482,0.9959861332458362,0.9960529584063821,2105,1692,0.18862368166446686,0.899369478225708,0.20972880721092224,0.9153547286987305,0.5905155539512634,0.9007692307692308,0.7453846153846154,0.9642134952960516,0.9653633927550174,0.9988088449721673,24.0,1.0,mcf7+INS_XBP1,mcf7+INS,XBP1,False,True,3
mcf7+INS_ZNF593,0.029683826,0.0032978242,9.001034,0.99007034,0.05931902,0.8263762442210527,0.08187442146502161,0.9921523552108007,0.9991163786453632,0.9930298175633908,2172,1859,0.028087927028536797,0.44318145513534546,0.06337793916463852,-1.0,1.0,-0.9999999999999999,0.9999999999999999,0.7724360468827035,0.9967377179749382,0.7749641986580521,2.0,0.0,mcf7+INS_ZNF593,mcf7+INS,ZNF593,False,True,3
mcf7+TGFB_CUL1,0.0068510193,0.010665103,0.64237726,0.99754405,0.5855392,0.8700097765402223,0.49297883680471366,0.9980333135401305,0.9972103533118015,1.0008252624189027,2256,837,0.2648981213569641,0.8982142806053162,0.29491639137268066,0.8612795472145081,-0.7824344635009766,1.0,-0.5,0.9902442821456449,0.9871696613748425,1.0031145819114013,3.0,0.0,mcf7+TGFB_CUL1,mcf7+TGFB,CUL1,True,False,3
mcf7+TGFB_FOS,0.0055795587,0.00927025,0.6018779,0.99802953,0.6183344,0.8680027724234777,0.47720181437699455,0.9984103976031604,0.9976985171252849,1.0007135226380075,2141,904,,,,,,,,,,,,,mcf7+TGFB_FOS,mcf7+TGFB,FOS,True,False,3
mcf7+TGFB_RPS6KB1,0.0072175497,0.005798299,1.2447702,0.99841017,0.5405813,0.8618117347413763,0.41192861751715604,0.9986782337638465,0.9984063220444801,1.0002723457507856,2132,1027,,,,,,,,,,,,,mcf7+TGFB_RPS6KB1,mcf7+TGFB,RPS6KB1,True,False,3
mcf7+TNFA_FOS,0.0034491622,0.0029305783,1.1769562,0.99884033,0.36005366,0.9119101275516236,0.33975226398671493,0.9990955905583485,0.9992426569922433,0.9998528221019531,2421,1451,0.021915331482887268,0.049071054905653,0.44660404324531555,0.9998062252998352,-0.8219051361083984,1.0,-0.5,0.9906314981810938,0.9997681484318668,0.990861230911283,3.0,0.0,mcf7+TNFA_FOS,mcf7+TNFA,FOS,True,False,3
a549+IFNB_MAPK14,0.005416265,0.008519141,0.635776,0.9983571,0.58199537,0.8991450421704988,0.4997430963368608,0.9987377406235115,0.9981543412133154,1.0005844781574431,2469,949,0.10523547977209091,0.22298957407474518,0.47193005681037903,0.9982819557189941,0.8149690628051758,1.0,1.0,0.9814570081879899,0.9659210863208751,1.0160840487769969,3.0,0.0,a549+IFNB_MAPK14,a549+IFNB,MAPK14,True,False,4
a549+IFNG_CUL1,0.016066179,0.020190377,0.79573447,0.99484766,0.4267223,0.8984924142833559,0.4654510829391128,0.9960062144246753,0.9957425808231827,1.0002647607991964,2346,925,0.6465319991111755,0.6842995882034302,0.9448084235191345,0.715466320514679,0.6467970013618469,0.3934065934065934,0.5384615384615385,0.8770345115343601,0.850674623721505,1.0309870390837998,8.0,6.0,a549+IFNG_CUL1,a549+IFNG,CUL1,True,False,4
a549+INS_CHUK,0.04232917,0.00935561,4.5244694,0.98747516,0.29045123,0.8112978050374847,0.28441037107945955,0.9902698414180943,0.9979768309695748,0.9922773862956389,2104,1307,0.16405652463436127,0.14826063811779022,1.106541395187378,0.7759515643119812,-0.5652486681938171,0.8301238649809405,-0.30069930069930073,0.8921545906946042,0.965752910834375,0.9237917698056074,10.0,2.0,a549+INS_CHUK,a549+INS,CHUK,False,True,4
a549+INS_COPS4,0.04587205,0.019154686,2.3948214,0.9853142,0.2972067,0.7999773594470437,0.32384404352737234,0.9884219469749329,0.9963395348630008,0.9920533235799415,2186,1158,0.26672127842903137,0.27353617548942566,0.9750859141349792,0.8472955226898193,0.02616097405552864,0.5167504410509149,0.21538461538461537,0.8952410125223335,0.9178655635021455,0.9753509098941598,17.0,8.0,a549+INS_COPS4,a549+INS,COPS4,False,True,4
a549+INS_DR1,0.040091336,0.024741389,1.6204157,0.98732597,0.42038453,0.819575020285465,0.34758563434645506,0.9900221722434978,0.9947627201129229,0.9952344938410167,2176,1164,0.1763572096824646,0.28903767466545105,0.6101530194282532,0.839168906211853,0.5886675119400024,0.6123076923076923,-0.03538461538461538,0.8585047746525111,0.7394187900418892,1.1610535006878517,22.0,3.0,a549+INS_DR1,a549+INS,DR1,False,True,4
a549+INS_EIF2B1,0.04027302,0.0037246018,10.812704,0.98769236,0.15656209,0.8354167780396888,0.18385475412922955,0.9905369654718997,0.9991626913425528,0.9913670456819571,2039,1462,,,,,,,,,,,,,a549+INS_EIF2B1,a549+INS,EIF2B1,False,True,4
a549+INS_ELK1,0.041710675,0.0022784732,18.306414,0.98795843,0.13935886,0.8395414399416087,0.13656964125566678,0.9907729359539684,0.9994761663565063,0.9912922081631375,2056,1566,,,,,,,,,,,,,a549+INS_ELK1,a549+INS,ELK1,False,True,4
a549+INS_FOS,0.04278779,0.004073682,10.503469,0.9871675,0.13918665,0.8292501977771065,0.1773655093332873,0.9901117783103445,0.9991021842636426,0.9910015150653241,2028,1439,,,,,,,,,,,,,a549+INS_FOS,a549+INS,FOS,False,True,4
a549+INS_FOXM1,0.04364979,0.0063599506,6.863228,0.98653007,0.1223263,0.8232402837123004,0.17112049146933223,0.9895544133512797,0.9986646157683305,0.9908776156947927,1984,1445,0.13274820148944855,0.19776597619056702,0.6712388396263123,1.0,-1.0,0.9999999999999999,-0.9999999999999999,0.9844326623513325,0.9936534048156449,0.9907203634389768,1.0,1.0,a549+INS_FOXM1,a549+INS,FOXM1,False,True,4
a549+INS_FOXO1,0.042827092,0.0035072295,12.211089,0.987808,0.20271738,0.8210459800618581,0.22328447706380375,0.9906057091590094,0.9992008378306272,0.9913979969329502,2107,1415,,,,,,,,,,,,,a549+INS_FOXO1,a549+INS,FOXO1,False,False,4
a549+INS_FOXO3,0.042600118,0.004743683,8.980389,0.98728925,0.18839136,0.8229745280042123,0.20794873057426624,0.9901830693839022,0.998977294194717,0.991196772076883,2047,1413,,,,,,,,,,,,,a549+INS_FOXO3,a549+INS,FOXO3,False,True,4
a549+INS_FOXO4,0.046155177,0.032040223,1.4405385,0.9849115,0.39687264,0.8051881871881952,0.36548558933900194,0.9879136885273045,0.9939870885586899,0.9938898602393398,2198,1116,0.1876523792743683,0.29225727915763855,0.6420794129371643,0.6053115129470825,0.2932305335998535,0.6451118154818893,0.3707692307692308,0.8943518592438107,0.9458831457220822,0.9455204517478395,22.0,3.0,a549+INS_FOXO4,a549+INS,FOXO4,False,True,4
a549+INS_GRB2,0.04062909,0.003483482,11.663356,0.9876636,0.114102915,0.8379078516152297,0.13320835623118912,0.9905048870817504,0.9992059931746128,0.9912919796795676,1977,1548,0.0006362231215462089,0.2055860012769699,0.0030946810729801655,,,,,,,,1.0,0.0,a549+INS_GRB2,a549+INS,GRB2,False,True,4
a549+INS_GRB10,0.040341705,0.0038326622,10.525765,0.9876499,0.13709524,0.8326368656513438,0.1728387417981265,0.9904861846768209,0.999149462354421,0.9913293476061271,2037,1491,,,,,,,,,,,,,a549+INS_GRB10,a549+INS,GRB10,False,True,4
a549+INS_HSF1,0.041834425,0.0029337609,14.259658,0.98732287,0.09016377,0.834294941843791,0.1472420702045975,0.9902614046470428,0.9993329962309828,0.9909223535916919,2017,1520,,,,,,,,,,,,,a549+INS_HSF1,a549+INS,HSF1,False,True,4
a549+INS_IGF2,0.040756807,0.0026835531,15.187628,0.9879416,0.14344798,0.8352570322761267,0.15634450514183185,0.9907490942453457,0.9993830892251065,0.9913606753277611,2028,1556,,,,,,,,,,,,,a549+INS_IGF2,a549+INS,IGF2,False,True,4
a549+INS_IKBKB,0.050027613,0.022596035,2.2139995,0.9851018,0.37237754,0.7888871773845092,0.36239691323756806,0.9882391608575298,0.9956206354924799,0.9925860570062423,2272,1061,0.14700639247894287,0.21409425139427185,0.6866433620452881,0.6057740449905396,0.23818662762641907,0.703076923076923,0.003076923076923077,0.85799004448084,0.9728489612909319,0.8819355096420326,20.0,5.0,a549+INS_IKBKB,a549+INS,IKBKB,False,True,4
a549+INS_INSR,0.04415163,0.0037598908,11.742796,0.9871589,0.0927314,0.8227689077027851,0.14139185286013958,0.9900947730378724,0.9991545907318838,0.9909325165714596,1999,1478,,,,,,,,,,,,,a549+INS_INSR,a549+INS,INSR,False,True,4
a549+INS_IRS1,0.042046867,0.0038866717,10.818219,0.9871221,0.056976613,0.839192977748671,0.09319254226471546,0.9900908512428224,0.999122997460849,0.9909599256137825,1969,1591,,,,,,,,,,,,,a549+INS_IRS1,a549+INS,IRS1,False,True,4
a549+INS_IRS2,0.04086581,0.0024426444,16.73015,0.9877131,0.08422316,0.8292650485237913,0.09479926927402572,0.9905779649547971,0.9994364229635001,0.9911365467525827,1979,1668,,,,,,,,,,,,,a549+INS_IRS2,a549+INS,IRS2,False,True,4
a549+INS_IRS4,0.04468003,0.007974858,5.602611,0.98627436,0.13745388,0.8250044148503367,0.18478368177547008,0.9893334023222212,0.9983250360801299,0.9909932803115769,2020,1379,,,,,,,,,,,,,a549+INS_IRS4,a549+INS,IRS4,False,True,4
a549+INS_MAPK1,0.04379081,0.008668268,5.051852,0.9870008,0.21724379,0.8254973872983178,0.23348827957266996,0.9899072580330259,0.9980928442240489,0.9917987727911358,2067,1321,0.02193743735551834,0.10716143250465393,0.20471392571926117,0.5676374435424805,0.713051438331604,0.6666666666666667,0.6166666666666666,0.8904309674219849,0.9716681542645353,0.9163941038038448,9.0,0.0,a549+INS_MAPK1,a549+INS,MAPK1,False,True,4
a549+INS_MAPK3,0.041011903,0.003265387,12.559585,0.98770785,0.16582845,0.8368461170628924,0.18178192413044855,0.9905471246665049,0.9992611162954746,0.9912795649837003,2047,1505,,,,,,,,,,,,,a549+INS_MAPK3,a549+INS,MAPK3,False,True,4
a549+INS_MTOR,0.04501386,0.0065592118,6.8626933,0.9870324,0.21329951,0.8068348441407316,0.2090043589821235,0.9899636966692503,0.9985489047851914,0.9914023158256952,2059,1384,0.06361082941293716,0.16843226552009583,0.37766414880752563,1.0,-1.0,0.9999999999999999,-0.9999999999999999,0.9986472940999945,0.9799068942768859,1.0191246739180644,2.0,0.0,a549+INS_MTOR,a549+INS,MTOR,False,True,4
a549+INS_PIK3CA,0.044352252,0.0062590567,7.086092,0.98640925,0.118350595,0.8258020221989429,0.1615582742616439,0.9894716931076333,0.9986640354544655,0.99079536058125,2027,1429,0.04043347015976906,0.1988832801580429,0.2033025175333023,-0.9992274045944214,0.9995652437210083,-1.0,1.0,0.9124671595074177,0.9990410513168269,0.9133430085827836,3.0,0.0,a549+INS_PIK3CA,a549+INS,PIK3CA,False,True,4
a549+INS_POLR2G,0.1032338,0.1412663,0.7307744,0.9691963,0.45141461,0.7932009017073504,0.4417592684924585,0.9741650253860279,0.9793794050465272,0.9946758328451356,2277,968,0.7421588897705078,0.6812196373939514,1.0894560813903809,0.17520937323570251,-0.2798614203929901,0.11739814603958014,-0.4792307692307692,0.7720899948755187,0.8767078874081947,0.8806696118111162,17.0,8.0,a549+INS_POLR2G,a549+INS,POLR2G,False,False,4
a549+INS_POLR2L,0.0629993,0.011935945,5.278116,0.9851351,0.2865042,0.7838092276993981,0.3148872822882078,0.9883895580585618,0.9974931148765843,0.9908735642559809,2226,1144,0.05198182538151741,0.13794256746768951,0.37683671712875366,0.7565263509750366,0.19973918795585632,0.7189844333807303,0.31846153846153846,0.8863975325724198,0.9699579314098169,0.9138515226985736,24.0,1.0,a549+INS_POLR2L,a549+INS,POLR2L,False,True,4
a549+INS_PTEN,0.040704317,0.0040858383,9.962293,0.9875015,0.14732239,0.8428133916691621,0.17172729723206095,0.9903583156743112,0.9990979807356153,0.9912524444750962,1987,1480,,,,,,,,,,,,,a549+INS_PTEN,a549+INS,PTEN,False,True,4
a549+INS_RAD51,0.089769825,0.12953375,0.69302267,0.97235763,0.48291942,0.7850571781658222,0.47551369102934965,0.9769535880655468,0.981867801760028,0.9949950352932724,2377,903,0.3408929407596588,0.5133051872253418,0.6641135811805725,0.10607188940048218,0.260542094707489,0.09723278928727908,0.28615384615384615,0.748788394873229,0.8921317848093017,0.8393248706336439,20.0,5.0,a549+INS_RAD51,a549+INS,RAD51,False,True,4
a549+INS_RPS6KB1,0.040382598,0.0039480943,10.228377,0.98768127,0.1676758,0.8273145912693365,0.18466289372538544,0.990505316486533,0.9991120065045723,0.9913856605045213,2033,1485,,,,,,,,,,,,,a549+INS_RPS6KB1,a549+INS,RPS6KB1,False,True,4
a549+INS_SGK1,0.040988702,0.0051306067,7.9890556,0.9873803,0.15491877,0.8363143790224504,0.19701352446166967,0.9902245409881375,0.9988993192865664,0.9913156630193476,2044,1405,,,,,,,,,,,,,a549+INS_SGK1,a549+INS,SGK1,False,True,4
a549+INS_SHC1,0.04706787,0.011634977,4.0453773,0.985283,0.1458771,0.8134857445792774,0.20513935888175597,0.9884811985402931,0.9976558382381912,0.9908038029285731,2074,1308,0.23143337666988373,0.12360753864049911,1.8723241090774536,0.5748096108436584,-0.4075988829135895,0.5376923076923077,-0.3592307692307692,0.8437396747806276,0.9607115696152707,0.8782445236071363,18.0,7.0,a549+INS_SHC1,a549+INS,SHC1,False,True,4
a549+INS_SMARCE1,0.05751113,0.06677855,0.8612216,0.97969884,0.47449827,0.7789419951871026,0.461105887931111,0.9835373835581231,0.9888430348406657,0.9946344858631709,2401,898,0.5118466019630432,0.4508533477783203,1.1352840662002563,0.6731901168823242,-0.19026735424995422,0.18230769230769234,-0.1346153846153846,0.8348299990226306,0.9121767348640296,0.9152064146287084,18.0,7.0,a549+INS_SMARCE1,a549+INS,SMARCE1,False,True,4
a549+INS_SP1,0.04129359,0.0059507918,6.939176,0.987613,0.2201455,0.8248022462221277,0.23594820174505554,0.9904326527158879,0.9986697439085075,0.991751936771027,2088,1358,0.0004395078867673874,0.29272332787513733,0.0015014447271823883,,,,,,,,1.0,0.0,a549+INS_SP1,a549+INS,SP1,False,True,4
a549+INS_SREBF1,0.042365234,0.004122689,10.276117,0.98714495,0.12807673,0.825699188969638,0.17958845480761054,0.9900955165210312,0.9990980318436323,0.9909893573646734,2033,1491,,,,,,,,,,,,,a549+INS_SREBF1,a549+INS,SREBF1,False,True,4
a549+INS_SREBF2,0.041957594,0.002769836,15.148043,0.98761797,0.13808054,0.8271792418431307,0.16870098510672268,0.9904830391889209,0.9993648915989606,0.9911125030659933,2072,1494,,,,,,,,,,,,,a549+INS_SREBF2,a549+INS,SREBF2,False,True,4
a549+INS_SRF,0.043865748,0.020266272,2.1644704,0.98594266,0.29692277,0.8247875630066447,0.2682311066628316,0.9888704126499551,0.9961685331949816,0.9926738093988782,2053,1289,0.1417555958032608,0.2280435711145401,0.6216163039207458,0.5805030465126038,0.12441905587911606,0.6153846153846153,-0.033846153846153845,0.8153964904578094,0.9340969344655422,0.8729249185732002,21.0,4.0,a549+INS_SRF,a549+INS,SRF,False,True,4
a549+INS_TAF3,0.042615563,0.007870558,5.4145546,0.98686326,0.19635431,0.827077430640396,0.2149377115081241,0.989779598037138,0.9983544811872689,0.9914109834615723,2019,1365,0.2524694800376892,0.34913066029548645,0.7231374979019165,1.0,-1.0,0.9999999999999999,-0.9999999999999999,0.9994145245974716,0.9951176353896988,1.0043179711171435,2.0,0.0,a549+INS_TAF3,a549+INS,TAF3,False,True,4
a549+INS_TAF7,0.042622674,0.0027971875,15.237689,0.98749316,0.1161776,0.8248512968981602,0.1561570697920125,0.9903747883705231,0.9993558362525844,0.9910131631234188,2018,1509,,,,,,,,,,,,,a549+INS_TAF7,a549+INS,TAF7,False,True,4
a549+INS_TAF8,0.048829895,0.028196272,1.7317855,0.98446214,0.28264654,0.8136736644367994,0.27462438364067987,0.987530158874381,0.9947137696924955,0.9927782131533825,2059,1261,0.3013418912887573,0.258163183927536,1.1672534942626953,-0.0034102946519851685,0.3141937851905823,0.02923076923076923,0.2884615384615385,0.7902815735243773,0.9496920087805961,0.8321451230690025,17.0,8.0,a549+INS_TAF8,a549+INS,TAF8,False,True,4
a549+INS_TSC1,0.04263305,0.01915086,2.2261689,0.9864923,0.30667797,0.816820529986839,0.2784510249724354,0.9893639213398271,0.9960821284346542,0.9932553683044342,2055,1291,0.14611874520778656,0.1867208629846573,0.7825517654418945,0.5798118710517883,-0.013163009658455849,0.53,-0.03769230769230769,0.8604092761792758,0.9305644858318293,0.9246100504363843,18.0,7.0,a549+INS_TSC1,a549+INS,TSC1,False,True,4
a549+INS_TSC2,0.043449186,0.003687368,11.783252,0.987252,0.1289712,0.8255844833532288,0.1760470468237213,0.9901784604447691,0.9991557139323284,0.9910151607378314,2041,1432,,,,,,,,,,,,,a549+INS_TSC2,a549+INS,TSC2,False,True,4
a549+INS_TTF1,0.047899682,0.011761376,4.0726256,0.98513854,0.13470864,0.8045353869081048,0.19201320076944747,0.988366392989078,0.9975921524666678,0.9907519726826459,2032,1342,0.34807655215263367,0.22858455777168274,1.5227473974227905,0.4570375680923462,0.1122841089963913,0.3571428571428572,-0.21428571428571433,0.8441739226851298,0.9698452470472124,0.8704212607684565,5.0,2.0,a549+INS_TTF1,a549+INS,TTF1,False,True,4
a549+INS_TTF2,0.06330949,0.07176589,0.88216686,0.97889644,0.42293012,0.7888036010137298,0.41098601191293027,0.9826528038716142,0.9879000457590561,0.9946884890733959,2266,1031,0.32728031277656555,0.5435791611671448,0.6020839810371399,0.47439002990722656,0.07318944483995438,0.4373803879937963,0.10076923076923076,0.8771908353354657,0.9190322417598301,0.954472319334256,22.0,3.0,a549+INS_TTF2,a549+INS,TTF2,False,True,4
a549+INS_XBP1,0.077567,0.068192005,1.1374794,0.97716206,0.26210007,0.8041514967980941,0.2816781429191806,0.9811459713593996,0.9888417954663851,0.9922173353287967,2034,1222,0.28736817836761475,0.35235992074012756,0.8155529499053955,0.22534729540348053,0.2603151202201843,0.17148394066717124,0.2930769230769231,0.8319753786912781,0.9103699698473523,0.9138871077115833,19.0,6.0,a549+INS_XBP1,a549+INS,XBP1,False,True,4
a549+INS_ZNF593,0.0415297,0.0040892386,10.155851,0.9874829,0.19266063,0.8207752838969635,0.1852585318173766,0.9903425201405388,0.9990971807542226,0.9912374283680043,2017,1466,,,,,,,,,,,,,a549+INS_ZNF593,a549+INS,ZNF593,False,True,4
a549+TGFB_CUL1,0.030449957,0.04168423,0.73049104,0.99368584,0.600265,0.8701303013208757,0.5055422145495272,0.9946359598018203,0.9926887177932648,1.0019615837005624,2457,993,0.12475840747356415,0.21449026465415955,0.5816506743431091,0.7607393860816956,0.40196704864501953,0.7489902042762343,0.2792307692307692,0.9362856792234218,0.9356501419203522,1.0006792467340038,25.0,0.0,a549+TGFB_CUL1,a549+TGFB,CUL1,True,False,4
a549+TGFB_MAPK14,0.00344188,0.0033758201,1.0195686,0.9989754,0.3849305,0.9226659153103905,0.3517908135970925,0.9992077863347535,0.999218418274921,0.9999893597436026,2406,1250,0.5302097201347351,0.7015281319618225,0.755792498588562,,,,,,,,1.0,0.0,a549+TGFB_MAPK14,a549+TGFB,MAPK14,True,False,4
a549+TNFA_BIRC3,0.005518317,0.003932592,1.4032265,0.9987196,0.41098648,0.894675629706763,0.3656633983068531,0.9989849806876909,0.9990989643040545,0.9998859135877065,2363,1215,0.8194241523742676,0.9984472990036011,0.8206984400749207,1.0,-1.0,0.9999999999999999,-0.9999999999999999,0.9983116180400378,0.992800991746253,1.0055505850010202,2.0,0.0,a549+TNFA_BIRC3,a549+TNFA,BIRC3,True,False,4
a549+TNFA_CSF1,0.0056726644,0.011511556,0.49278,0.9984007,0.67156947,0.8957783716328923,0.5573344402010564,0.9987379620890374,0.997719299868611,1.001020990794265,2593,922,0.0642966628074646,0.11723066121339798,0.5484628677368164,0.9865300059318542,-0.011237542144954205,0.8792307692307693,0.31153846153846154,0.9794546339639422,0.9514386452779235,1.0294459225774195,25.0,0.0,a549+TNFA_CSF1,a549+TNFA,CSF1,True,False,4
bxpc3+IFNG_CUL1,0.08990079,0.16152915,0.55656075,0.9830663,0.8316202,0.8465793440548984,0.7997832646498443,0.9855274610821544,0.9769653293888328,1.0087640077244888,3142,668,0.24735407531261444,0.48014840483665466,0.5151616930961609,0.3686624765396118,0.7102258205413818,0.40949358105004435,0.6130769230769231,0.5839147674095636,0.5944972030753773,0.98219935163518,25.0,0.0,bxpc3+IFNG_CUL1,bxpc3+IFNG,CUL1,True,False,4
bxpc3+INS_CHUK,0.030924426,0.008815369,3.5080128,0.9922064,0.14995295,0.8626516695948168,0.1768650846979849,0.9940548207799019,0.9979413937187704,0.996105409632939,2531,1740,0.5355362892150879,0.5241492390632629,1.021724820137024,0.33548417687416077,0.1543983668088913,0.5016349390735538,0.18230769230769234,0.5218916816876795,0.567593692995625,0.9194811149737392,13.0,12.0,bxpc3+INS_CHUK,bxpc3+INS,CHUK,False,True,4
bxpc3+INS_COPS4,0.03073584,0.0125168655,2.455554,0.99209785,0.28694052,0.8479344044037006,0.2519846536752911,0.9939433928108348,0.9971275109618182,0.9968067091560717,2600,1676,0.13651910424232483,0.49917879700660706,0.273487389087677,0.769176185131073,0.7206388711929321,0.7823076923076924,0.8892307692307693,0.860079404760344,0.7999277913889546,1.0751963039900703,23.0,2.0,bxpc3+INS_COPS4,bxpc3+INS,COPS4,False,True,4
bxpc3+INS_DR1,0.025937919,0.008775467,2.955731,0.99335057,0.2662539,0.8613560731713077,0.247053721805898,0.9949142812475155,0.9980034375627143,0.9969046636525191,2657,1616,0.11955457925796509,0.337616890668869,0.3541131317615509,0.7195831537246704,0.6994449496269226,0.85,0.5692307692307692,0.7721581153393681,0.6962242660188758,1.1090652150846372,22.0,3.0,bxpc3+INS_DR1,bxpc3+INS,DR1,False,True,4
bxpc3+INS_EIF2B1,0.023510892,0.0047912905,4.9070063,0.9929992,0.0030678846,0.8832432259647987,0.018659167705376626,0.9947059856860554,0.9988672362962574,0.9958340303305656,2318,2116,0.23694460093975067,0.2853739857673645,0.8302950263023376,0.28855568170547485,0.5100812911987305,0.32417582417582413,0.6703296703296703,0.6211578705147802,0.44511519162551794,1.395499147639449,10.0,3.0,bxpc3+INS_EIF2B1,bxpc3+INS,EIF2B1,False,True,4
bxpc3+INS_ELK1,0.021073883,0.0036585801,5.760126,0.9938822,0.121645674,0.8832187921107001,0.08810451973118817,0.9953722050250485,0.9991290567207847,0.9962398734473138,2453,2038,0.0058150035329163074,0.2537345290184021,0.022917667403817177,0.9843469262123108,0.981924295425415,0.7142857142857144,0.8571428571428572,0.9891625662227321,0.9887089750471038,1.0004587711723834,6.0,2.0,bxpc3+INS_ELK1,bxpc3+INS,ELK1,False,True,4
bxpc3+INS_FOS,0.021393515,0.00509247,4.2010098,0.994129,0.2663341,0.8760888228328945,0.2117116283420066,0.9955452687300469,0.9988212725821324,0.9967201300753072,2545,1767,0.032341793179512024,0.0242124255746603,1.3357518911361694,0.08825215697288513,0.11994230002164841,0.43999999999999995,0.23076923076923078,0.49481735193935106,0.5925543643677615,0.8350581511070414,16.0,9.0,bxpc3+INS_FOS,bxpc3+INS,FOS,False,True,4
bxpc3+INS_FOXM1,0.028906338,0.0111783445,2.585923,0.99120337,0.05738523,0.8742053837715543,0.026434311091752285,0.9933030127423147,0.9973612096899706,0.995931065988703,2330,1980,0.32884347438812256,0.46030932664871216,0.7143967151641846,0.6382603049278259,0.33121731877326965,0.7076923076923076,0.5238461538461539,0.8093936630817403,0.8439475906803888,0.959056785065538,17.0,8.0,bxpc3+INS_FOXM1,bxpc3+INS,FOXM1,False,True,4
bxpc3+INS_FOXO1,0.023987954,0.004944346,4.851593,0.9933477,0.13944861,0.8716681382743827,0.07689293076617897,0.9949332575612921,0.9988299114364141,0.9960987813535558,2357,2009,0.032659389078617096,0.17571388185024261,0.18586686253547668,0.8289207816123962,0.8914973139762878,0.5108359133126935,0.7440660474716203,0.8831042612690922,0.9180053911534147,0.9619815632667784,13.0,5.0,bxpc3+INS_FOXO1,bxpc3+INS,FOXO1,False,False,4
bxpc3+INS_FOXO3,0.024280796,0.009488648,2.558931,0.99304825,0.2356334,0.8700105830637346,0.1657073288932652,0.9947153438993651,0.9977554384104927,0.9969530664588802,2431,1880,0.0933334082365036,0.18071980774402618,0.5164536833763123,0.828960657119751,0.7702428102493286,0.6315384615384615,0.7576923076923077,0.8805478028154059,0.7971412763320618,1.1046320507540746,19.0,6.0,bxpc3+INS_FOXO3,bxpc3+INS,FOXO3,False,True,4
bxpc3+INS_FOXO4,0.084422044,0.13690042,0.6166675,0.975327,0.5588863,0.8219596432668327,0.5001881046946851,0.9792421010495971,0.9762274127739539,1.0030881004120515,2840,1231,0.18821939826011658,0.2650999426841736,0.7099941372871399,-0.37720075249671936,0.3080715239048004,-0.47067872433164176,0.22076923076923075,0.031832072836934566,0.03372442692372268,0.9438877318488403,21.0,4.0,bxpc3+INS_FOXO4,bxpc3+INS,FOXO4,False,True,4
bxpc3+INS_GRB2,0.024170624,0.009540859,2.5333803,0.99257576,0.14021748,0.8789900121717357,0.021176689829332546,0.9943890598652714,0.9977272804478408,0.9966541752962083,2292,2110,0.14450064301490784,0.2664189636707306,0.542381227016449,0.9047389030456543,0.6279309988021851,0.6238461538461538,0.6230769230769231,0.9404328618355106,0.9488435959562852,0.9911358055673043,15.0,10.0,bxpc3+INS_GRB2,bxpc3+INS,GRB2,False,True,4
bxpc3+INS_GRB10,0.020150403,0.004580601,4.399074,0.9939922,0.16751066,0.8811106902201381,0.10546527247045195,0.9954638346021528,0.9989099713878006,0.9965501027276162,2462,2007,0.774102509021759,0.935441792011261,0.8275260925292969,0.7097511887550354,0.3768431842327118,0.8857142857142858,0.6,0.8308301255428316,0.8192650339799765,1.014116422748658,5.0,1.0,bxpc3+INS_GRB10,bxpc3+INS,GRB10,False,True,4
bxpc3+INS_HSF1,0.02187341,0.0038155415,5.7327147,0.9941058,0.15959409,0.8818038450521128,0.08369844502432314,0.9955215572608941,0.9990975594034153,0.9964207678130487,2428,2079,0.008272211067378521,0.22865507006645203,0.036177683621644974,0.9266695976257324,0.9754159450531006,0.6166666666666666,0.9,0.9591742934783437,0.9851374266606532,0.9736451661670013,6.0,3.0,bxpc3+INS_HSF1,bxpc3+INS,HSF1,False,True,4
bxpc3+INS_IGF2,0.020342294,0.0045057028,4.514788,0.9938184,0.15723467,0.8832694613986513,0.07000332086938663,0.9953284999992345,0.998933110057121,0.9963915401125502,2411,2050,0.14314119517803192,0.3457868993282318,0.4139578342437744,0.8828907012939453,0.7937692403793335,0.8881118881118882,0.8461538461538463,0.9336119330949921,0.8052528742356719,1.1594021741073024,11.0,1.0,bxpc3+INS_IGF2,bxpc3+INS,IGF2,False,True,4
bxpc3+INS_IKBKB,0.047388,0.008135202,5.8250546,0.9920936,0.19170997,0.8329011850600007,0.18327909456203337,0.993880144840742,0.9980876087308413,0.9957844743755015,2592,1713,0.18358734250068665,0.4992022216320038,0.3677614629268646,0.6575251221656799,0.709246814250946,0.72,0.8292307692307692,0.8164557853023853,0.7798423198985694,1.0469498313563925,23.0,2.0,bxpc3+INS_IKBKB,bxpc3+INS,IKBKB,False,True,4
bxpc3+INS_INSR,0.025562769,0.004556199,5.610547,0.9938178,0.187883,0.8692167359447305,0.12181989360930842,0.995306811418123,0.9989249003102684,0.996378017115179,2423,1936,0.11252693086862564,0.2676149308681488,0.42048075795173645,0.9037190675735474,0.7541525959968567,0.8956043956043955,0.5439560439560439,0.8980624660951465,0.6861431050248283,1.3088559216268008,10.0,3.0,bxpc3+INS_INSR,bxpc3+INS,INSR,False,True,4
bxpc3+INS_IRS1,0.017960487,0.0057734745,3.1108627,0.99437493,0.2807618,0.8808338286149551,0.14913742959028425,0.9957544816749992,0.9986400156578986,0.9971105363918364,2420,1959,0.18317987024784088,0.33043181896209717,0.5543650984764099,0.9084296822547913,0.6798341274261475,0.87203302373581,0.6573787409700722,0.9062583799948496,0.7257754512014555,1.2486759899285942,15.0,3.0,bxpc3+INS_IRS1,bxpc3+INS,IRS1,False,True,4
bxpc3+INS_IRS2,0.018743029,0.0068528564,2.735068,0.99413514,0.27944094,0.8793921052850984,0.19566332478331533,0.9955632185122241,0.9983946006997996,0.997164065004367,2490,1814,0.18408627808094025,0.2508403956890106,0.7338781356811523,0.41208615899086,0.4510774612426758,0.5723076923076923,0.4976923076923077,0.622631089670351,0.7118088283170717,0.8747167285666244,18.0,7.0,bxpc3+INS_IRS2,bxpc3+INS,IRS2,False,True,4
bxpc3+INS_IRS4,0.024006767,0.006363449,3.772603,0.99348253,0.16757959,0.869351407641526,0.1322097316507834,0.9950503852792969,0.9984940951985184,0.9965510963602275,2464,1844,0.11408080160617828,0.21171072125434875,0.5388522744178772,0.9741330146789551,0.648544192314148,0.7209078802330061,0.27615384615384614,0.9799272829933039,0.9567799221286329,1.0241929834952777,16.0,9.0,bxpc3+INS_IRS4,bxpc3+INS,IRS4,False,True,4
bxpc3+INS_MAPK1,0.037464723,0.018702189,2.0032268,0.98929477,0.0865025,0.8722150501231382,0.06419266424012333,0.9918817364901823,0.9955399718876957,0.9963253756746936,2351,1961,0.6589334011077881,0.9502356052398682,0.6934421062469482,0.7271198630332947,0.31405651569366455,0.6030769230769231,0.34615384615384615,0.8909768004624413,0.900284294985101,0.9896616051457238,18.0,7.0,bxpc3+INS_MAPK1,bxpc3+INS,MAPK1,False,True,4
bxpc3+INS_MAPK3,0.019703753,0.0028522408,6.908166,0.9943533,0.1730929,0.8857019040986398,0.07774538549424166,0.9957278809488318,0.9993212168816908,0.9964042233146297,2423,2054,0.032586582005023956,0.022533724084496498,1.4461250305175781,-0.05995965376496315,0.1823394000530243,-0.03571428571428572,0.10714285714285716,0.47383130137451,0.49446811720269634,0.9582646178586137,4.0,3.0,bxpc3+INS_MAPK3,bxpc3+INS,MAPK3,False,True,4
bxpc3+INS_MTOR,0.017418785,0.020608742,0.8452134,0.99452114,0.585499,0.8549927310820363,0.4293047252569249,0.9957770692266152,0.9957191426215641,1.0000581756466975,2754,1491,0.03784568980336189,0.29831624031066895,0.12686432898044586,0.9777623414993286,0.9388386011123657,0.5938461538461539,0.676923076923077,0.9781254204500207,0.9136698659167171,1.0705457812911814,23.0,2.0,bxpc3+INS_MTOR,bxpc3+INS,MTOR,False,True,4
bxpc3+INS_PIK3CA,0.026485868,0.037173245,0.7124981,0.99131525,0.5102423,0.8547266685318738,0.4158995959183173,0.9929373234154485,0.9927946292855196,1.0001437297561042,2719,1513,0.054070934653282166,0.2742297351360321,0.1971738636493683,0.6918553113937378,0.9631861448287964,0.3598808484639717,0.7892307692307692,0.896140024332954,0.8706131659862697,1.029320551703082,24.0,1.0,bxpc3+INS_PIK3CA,bxpc3+INS,PIK3CA,False,True,4
bxpc3+INS_POLR2G,0.025310267,0.015661368,1.6160955,0.9932209,0.4240529,0.8498789819019549,0.3757796017774766,0.9947682643177401,0.996645832717241,0.998116112727445,2791,1458,0.09335429966449738,0.38244959712028503,0.24409569799900055,0.9425791501998901,0.905230700969696,0.6739896903974887,0.47846153846153844,0.9321549557666983,0.9084850872321968,1.0260542180242214,21.0,4.0,bxpc3+INS_POLR2G,bxpc3+INS,POLR2G,False,False,4
bxpc3+INS_POLR2L,0.0375071,0.0190991,1.963815,0.99202126,0.43808013,0.828427737198661,0.4260845736557222,0.993838148702403,0.9960243285330145,0.997805093944009,2921,1323,0.10940034687519073,0.27332377433776855,0.4002591669559479,0.7298482656478882,0.6536867022514343,0.43184628011410026,0.5169230769230769,0.7495318579684612,0.681136332482177,1.1004138558238985,22.0,3.0,bxpc3+INS_POLR2L,bxpc3+INS,POLR2L,False,True,4
bxpc3+INS_PTEN,0.021256642,0.005423659,3.9192438,0.9932723,0.106908046,0.8827246550842982,0.09823884811272918,0.9948993005017946,0.9987441534758659,0.9961503124091488,2356,1942,0.08685357123613358,0.13246776163578033,0.6556581854820251,0.9797652363777161,0.5652981400489807,0.6246153846153846,0.43461538461538457,0.982459593023439,0.9845638865127764,0.9978627151389936,17.0,8.0,bxpc3+INS_PTEN,bxpc3+INS,PTEN,False,True,4
bxpc3+INS_RAD51,0.035365082,0.013960891,2.5331535,0.9916034,0.30475104,0.8325664170055289,0.2606354103761371,0.9935448136519952,0.9969020567918778,0.9966323239910985,2691,1583,0.2220766246318817,0.3364771604537964,0.6600050330162048,0.6726210117340088,0.4424751400947571,0.7161538461538461,0.6192307692307693,0.8111315324146123,0.8623507793337924,0.9406050900090223,17.0,8.0,bxpc3+INS_RAD51,bxpc3+INS,RAD51,False,True,4
bxpc3+INS_RPS6KB1,0.019024912,0.0029952289,6.351739,0.9946301,0.27274668,0.8770616616784643,0.19908709369019295,0.9959118195475799,0.9992871378001419,0.9966222738941757,2497,1902,0.11587385088205338,0.07201408594846725,1.6090441942214966,0.9818224906921387,-0.8251882791519165,0.6,0.0,0.9389381364094339,0.9531251192678779,0.9851152985356829,3.0,2.0,bxpc3+INS_RPS6KB1,bxpc3+INS,RPS6KB1,False,True,4
bxpc3+INS_SGK1,0.01778506,0.0039971215,4.4494667,0.9946962,0.3158334,0.8814214729472729,0.2225021681295062,0.9959810577666741,0.9990668895298511,0.9969112861255675,2509,1864,0.0031127026304602623,0.02308415062725544,0.13484154641628265,0.78411865234375,0.9289074540138245,0.75,0.7333333333333334,0.8971109340746619,0.991306302153181,0.9049785440948769,6.0,3.0,bxpc3+INS_SGK1,bxpc3+INS,SGK1,False,True,4
bxpc3+INS_SHC1,0.030393232,0.006200818,4.9014874,0.993022,0.122392386,0.8667195200888432,0.0993046357953644,0.9946714936901752,0.9985233487399261,0.9961424486922497,2391,1949,0.1391976922750473,0.16501790285110474,0.8435308337211609,0.7365872263908386,0.4080891013145447,0.7899999999999999,0.47307692307692306,0.8005690103398416,0.7586382004579587,1.055271155415811,18.0,7.0,bxpc3+INS_SHC1,bxpc3+INS,SHC1,False,True,4
bxpc3+INS_SMARCE1,0.11296492,0.22946194,0.49230352,0.9646057,0.7000705,0.7947829605358258,0.6386370129639791,0.9701946545192555,0.963410658377295,1.0070416453077102,3058,907,0.21628181636333466,0.3499234914779663,0.6180831789970398,-0.5501260161399841,0.5150372385978699,-0.7485523231294405,0.5638461538461538,0.07417564635624052,0.1114129191341926,0.665772398144409,18.0,7.0,bxpc3+INS_SMARCE1,bxpc3+INS,SMARCE1,False,True,4
bxpc3+INS_SP1,0.022606112,0.004166517,5.425662,0.9946598,0.29592463,0.8738765101589844,0.2196168344773559,0.9959109656161411,0.9990081088274366,0.9968997817095492,2502,1820,0.017738793045282364,0.08331605792045593,0.21290965378284454,0.9673844575881958,0.8893671631813049,0.6710273678697116,0.51,0.9699282976872996,0.936676893456902,1.0354993322272315,17.0,8.0,bxpc3+INS_SP1,bxpc3+INS,SP1,False,True,4
bxpc3+INS_SREBF1,0.023968603,0.006731469,3.5606794,0.99344015,0.19571948,0.8713836568134391,0.08973054730275455,0.9950220033424673,0.9984084318327044,0.996608173186177,2397,2012,0.10530334711074829,0.26217472553253174,0.40165331959724426,0.7651627063751221,0.7304598093032837,0.7834782608695651,0.748695652173913,0.8276143346910977,0.7348437094839323,1.126245382534902,17.0,7.0,bxpc3+INS_SREBF1,bxpc3+INS,SREBF1,False,True,4
bxpc3+INS_SREBF2,0.022432586,0.0035218403,6.3695636,0.99377364,0.13176283,0.8766981997801664,0.10465287051899769,0.9952736134340734,0.9991678068333075,0.9961025631804771,2456,2039,0.12619608640670776,0.19686251878738403,0.6410366296768188,0.3246011435985565,0.719849169254303,0.5833333333333334,0.8833333333333333,0.5860884717879283,0.5170609180868168,1.1334998474773945,9.0,0.0,bxpc3+INS_SREBF2,bxpc3+INS,SREBF2,False,True,4
bxpc3+INS_SRF,0.019220399,0.008708381,2.207115,0.9946716,0.3853969,0.8740947196305571,0.29714444820787916,0.995954814275984,0.9979378704473477,0.9980128460597705,2611,1704,0.13167986273765564,0.2208274006843567,0.5963022112846375,0.797816276550293,0.6165727972984314,0.6876923076923077,0.5284615384615384,0.8596500137100618,0.7769585546828557,1.106429691170541,20.0,5.0,bxpc3+INS_SRF,bxpc3+INS,SRF,False,True,4
bxpc3+INS_TAF3,0.026060034,0.0044610174,5.8417244,0.99314713,0.09644836,0.8767045515354565,0.08070282086144392,0.9947802792417185,0.9989451596725325,0.9958307216462421,2433,1969,0.14790847897529602,0.16188542544841766,0.9136614799499512,0.13661175966262817,0.28669312596321106,0.8406593406593407,0.5164835164835164,0.4145781428560843,0.3845442987431139,1.0781024298400372,10.0,3.0,bxpc3+INS_TAF3,bxpc3+INS,TAF3,False,True,4
bxpc3+INS_TAF7,0.021551376,0.0036876327,5.8442307,0.994261,0.23639336,0.8742951682740595,0.1878410082429089,0.995626913323043,0.9991257564790988,0.9964980953264725,2518,1858,0.08493673801422119,0.14714185893535614,0.5772438645362854,0.6526854038238525,0.49159663915634155,0.8470588235294119,0.4823529411764706,0.7677736092841893,0.7906000104884149,0.9711277499349842,14.0,2.0,bxpc3+INS_TAF7,bxpc3+INS,TAF7,False,True,4
bxpc3+INS_TAF8,0.028383771,0.034500565,0.8227045,0.9903245,0.45436874,0.8531904759616876,0.40115448867946135,0.9923949044794468,0.9929533770582135,0.9994375641478542,2747,1483,0.11855150014162064,0.40810126066207886,0.2904953062534332,0.887410581111908,0.8749250173568726,0.6779973315831486,0.7161538461538461,0.876104973267465,0.6356914310466792,1.3781922021898891,23.0,2.0,bxpc3+INS_TAF8,bxpc3+INS,TAF8,False,True,4
bxpc3+INS_TSC1,0.03418382,0.046517532,0.7348588,0.9881638,0.48095065,0.8470159363366888,0.3906902475118863,0.9906957151701414,0.990333390199941,1.0003658616116409,2703,1519,0.5549858212471008,0.46924757957458496,1.1827143430709839,0.8615096211433411,-0.047259703278541565,0.5456294674729608,0.10153846153846155,0.8931339482149366,0.894126341306985,0.9988900974658708,16.0,9.0,bxpc3+INS_TSC1,bxpc3+INS,TSC1,False,True,4
bxpc3+INS_TSC2,0.023988977,0.016936542,1.4164034,0.9929001,0.4008192,0.8568245084586517,0.3355146217868806,0.9945558029980278,0.996249348225996,0.9983000789601681,2643,1594,0.10350925475358963,0.3139492869377136,0.3297005593776703,0.8708659410476685,0.7930218577384949,0.6204774740792395,0.6169230769230769,0.8595719937629682,0.7104845826465779,1.2098390517652542,18.0,7.0,bxpc3+INS_TSC2,bxpc3+INS,TSC2,False,True,4
bxpc3+INS_TTF1,0.028876062,0.015585736,1.8527236,0.99175125,0.26411283,0.8590925973055281,0.20629642855422717,0.9937002793446992,0.9963882075465706,0.9973023283680865,2541,1734,0.3003724217414856,0.6502349972724915,0.4619444012641907,0.8692329525947571,0.6358392834663391,0.8701673559696158,0.6215384615384615,0.9266433328102839,0.894285124361498,1.0361833240510279,22.0,3.0,bxpc3+INS_TTF1,bxpc3+INS,TTF1,False,True,4
bxpc3+INS_TTF2,0.035501797,0.004859859,7.305108,0.992929,0.17156988,0.8498226638416233,0.18594299749455423,0.9945374794410211,0.9988578045204135,0.9956747346220449,2579,1759,0.16763590276241302,0.2720990478992462,0.616084098815918,0.9693381190299988,0.5553927421569824,0.8630769230769231,0.6007692307692307,0.9755977766623084,0.9854369716598174,0.9900153989747956,22.0,3.0,bxpc3+INS_TTF2,bxpc3+INS,TTF2,False,True,4
bxpc3+INS_XBP1,0.074331455,0.113736756,0.6535394,0.9795089,0.515712,0.8273071627082478,0.4691592416781464,0.9825074769162179,0.981190429749087,1.0013422951622832,2802,1346,0.14397196471691132,0.23275524377822876,0.6185551881790161,-0.4696272015571594,0.3737657964229584,-0.47067872433164176,0.3146153846153846,0.05304542994194328,0.030027521737835294,1.7665603710180633,21.0,4.0,bxpc3+INS_XBP1,bxpc3+INS,XBP1,False,True,4
bxpc3+INS_ZNF593,0.020777436,0.0036423947,5.7043343,0.99471307,0.36161768,0.8709294825251382,0.25919325267174625,0.9959667241866703,0.9991579614707752,0.9968060733065598,2580,1769,0.004931764677166939,0.10301639139652252,0.047873590141534805,0.9601884484291077,0.9840747714042664,0.7420020639834881,0.6470588235294118,0.9530042290964569,0.9928101563415839,0.959905801737758,15.0,3.0,bxpc3+INS_ZNF593,bxpc3+INS,ZNF593,False,True,4
bxpc3+TGFB_MAPK14,0.011962924,0.010091201,1.1854807,0.99631417,0.29864582,0.8893003932828776,0.2984227958846724,0.997179704788159,0.9975594635153208,0.9996193121903495,2243,1284,0.8484135866165161,0.901439368724823,0.9411765336990356,-0.24294565618038177,0.7929338812828064,0.39999999999999997,0.7999999999999999,0.6911064584543005,0.6981269333164614,0.9899438418328742,2.0,2.0,bxpc3+TGFB_MAPK14,bxpc3+TGFB,MAPK14,True,False,4
bxpc3+TGFB_SMAD9,0.009095717,0.0066054026,1.3770118,0.99773157,0.44573832,0.878444444046999,0.37815986086951753,0.998243710754589,0.998431442515218,0.999811973308697,2340,1202,,,,,,,,,,,,,bxpc3+TGFB_SMAD9,bxpc3+TGFB,SMAD9,True,False,4
bxpc3+TNFA_CSF1,0.0036854122,0.0067726662,0.5441597,0.99878156,0.6499157,0.9088720415721523,0.49354259019138397,0.9990627419058701,0.998466766428184,1.00059689065047,2682,1208,0.017896348610520363,0.0804782584309578,0.22237494587898254,0.9813221096992493,0.9646870493888855,0.8470150597448144,0.7453846153846154,0.9671463701181201,0.9602727618739805,1.0071579748140786,24.0,1.0,bxpc3+TNFA_CSF1,bxpc3+TNFA,CSF1,True,False,4
bxpc3+TNFA_IKBKE,0.009616097,0.0057006553,1.6868408,0.9983156,0.43760088,0.8963454963839923,0.3844149740770236,0.9986588554788198,0.9986556883927759,1.0000031713493256,2622,1258,0.03332282602787018,0.10166038572788239,0.32778576016426086,0.7286725640296936,0.7529293894767761,0.5047124540371953,0.7699999999999999,0.8392959888227632,0.8378742606309908,1.0016968276250684,24.0,1.0,bxpc3+TNFA_IKBKE,bxpc3+TNFA,IKBKE,True,False,4
bxpc3+TNFA_TRAF2,0.004872026,0.008554349,0.56953794,0.9986507,0.64132524,0.8956352969235736,0.5356259143740623,0.9989569813577431,0.9980905339029305,1.0008681050720163,2715,1143,0.029965288937091827,0.08805792778730392,0.3402906358242035,0.9275407195091248,0.7877684235572815,0.8892307692307693,0.6607692307692308,0.9689532521177587,0.9729861083046065,0.9958551759861455,25.0,0.0,bxpc3+TNFA_TRAF2,bxpc3+TNFA,TRAF2,True,False,4
hap1+IFNB_MAPK14,0.0030758053,0.0030479352,1.009144,0.99902236,0.37862042,0.9177971651306108,0.316750281647112,0.9992479021069473,0.9992564964423328,0.9999913992699411,2440,1486,0.04356597363948822,0.1089109256863594,0.400014728307724,0.9858906269073486,0.9186568856239319,0.5,0.5,0.9870824035662056,0.9919467640177508,0.9950961476684063,3.0,0.0,hap1+IFNB_MAPK14,hap1+IFNB,MAPK14,True,False,4
hap1+INS_FOXO1,0.0055333963,0.0016853908,3.2831533,0.9986234,0.3519594,0.8796628596531608,0.2931275538055136,0.998849992212252,0.9995830480805031,0.9992666383552034,2547,1559,0.00214825919829309,0.021654555574059486,0.099205881357193,,,,,,,,1.0,0.0,hap1+INS_FOXO1,hap1+INS,FOXO1,True,False,4
hap1+INS_POLR2G,0.111831665,0.19966944,0.56008404,0.9699691,0.7842513,0.7725193076030334,0.782873756814856,0.9740174319391258,0.9668234398005815,1.0074408540819284,3181,581,0.2035140097141266,0.37619686126708984,0.540977418422699,-0.3215240240097046,0.25843602418899536,-0.4281868950517018,0.5976923076923077,0.05069807412027194,0.06515913421581421,0.7780654965787966,23.0,2.0,hap1+INS_POLR2G,hap1+INS,POLR2G,True,False,4
hap1+TGFB_AKT1,0.019258982,0.0023239069,8.28733,0.99363434,0.19994897,0.8777690920061373,0.23336702063186415,0.9950139940540524,0.9994165760469852,0.9955948479358363,2222,1490,,,,,,,,,,,,,hap1+TGFB_AKT1,hap1+TGFB,AKT1,False,True,4
hap1+TGFB_ATF2,0.017533481,0.0056318617,3.1132655,0.9941269,0.37815303,0.8586822089611359,0.3432298879228969,0.9953994721383639,0.9986396027848037,0.9967554554842364,2326,1306,0.1293337345123291,0.16174627840518951,0.7996087074279785,,,,,,,,1.0,0.0,hap1+TGFB_ATF2,hap1+TGFB,ATF2,False,True,4
hap1+TGFB_CHUK,0.019876892,0.0041211043,4.8231955,0.9936031,0.31032223,0.8474945899499463,0.3275830056605382,0.99491712684347,0.9989832372012152,0.9959297511646572,2393,1274,0.0017412344459444284,0.10120262205600739,0.017205428332090378,1.0,1.0,0.9999999999999999,0.9999999999999999,0.9851456353185111,0.9977860704010129,0.9873315177897587,2.0,0.0,hap1+TGFB_CHUK,hap1+TGFB,CHUK,False,True,4
hap1+TGFB_CREBBP,0.049653914,0.05523426,0.8989695,0.9885427,0.33938044,0.8305165340128962,0.3072203848519873,0.9905023841665708,0.9902743733517181,1.0002302501417673,2299,1256,0.15113584697246552,0.24566900730133057,0.6152011156082153,0.680055558681488,0.3877663314342499,0.7329660565234313,0.3715384615384616,0.8679530087451144,0.8653210666060696,1.0030415787164038,20.0,5.0,hap1+TGFB_CREBBP,hap1+TGFB,CREBBP,False,True,4
hap1+TGFB_CUL1,0.090882346,0.11798878,0.7702626,0.9791736,0.4044307,0.7981756137520496,0.401450386488602,0.982119953551724,0.9792250396817073,1.0029563315404575,2397,1090,0.3337417542934418,0.5494088530540466,0.6074560880661011,0.5368597507476807,-0.06286554783582687,0.4723109023741289,0.025384615384615387,0.7974728147245971,0.8213216013609768,0.9709629131915429,21.0,4.0,hap1+TGFB_CUL1,hap1+TGFB,CUL1,False,False,4
hap1+TGFB_EP300,0.020911304,0.0137658175,1.5190747,0.9932113,0.44078368,0.8263411080022621,0.44818026040521053,0.9946467521069805,0.9968370888958012,0.9978027133889581,2553,1040,0.0337495394051075,0.11618013679981232,0.2904931902885437,0.7177962064743042,0.4982666075229645,0.7132997853994711,0.3153846153846154,0.872322686558881,0.9108679778438828,0.9576829000221937,22.0,3.0,hap1+TGFB_EP300,hap1+TGFB,EP300,False,True,4
hap1+TGFB_FOS,0.019072479,0.0036773274,5.1865053,0.99364007,0.2654883,0.862092305216897,0.2720217492325343,0.9950128242004482,0.9990997708964824,0.9959093708005088,2268,1396,0.011312533169984818,0.1851293295621872,0.061106108129024506,1.0,1.0,0.9999999999999999,0.9999999999999999,0.989310761582424,0.9909254730347467,0.9983705016206945,2.0,0.0,hap1+TGFB_FOS,hap1+TGFB,FOS,False,True,4
hap1+TGFB_FOXP2,0.016732171,0.014218112,1.1768209,0.99416375,0.50532436,0.8404636395725547,0.4659967256052375,0.9954007336538897,0.9968527754147275,0.9985433739097194,2527,1066,0.042020902037620544,0.12539614737033844,0.33510521054267883,0.5877488255500793,0.28507423400878906,0.48,0.17923076923076922,0.887992480246274,0.9461068615813478,0.9385752458893069,23.0,2.0,hap1+TGFB_FOXP2,hap1+TGFB,FOXP2,False,True,4
hap1+TGFB_HDAC4,0.019314844,0.014790934,1.305857,0.9936481,0.48795682,0.8251910907123097,0.48429461840084403,0.994988448395229,0.9965831636746322,0.9983998171577342,2600,976,0.09506277740001678,0.23363059759140015,0.4068935215473175,0.975666344165802,0.30441805720329285,0.7607692307692308,0.3538461538461538,0.9781066027041591,0.9463789822202713,1.0335252801255714,25.0,0.0,hap1+TGFB_HDAC4,hap1+TGFB,HDAC4,False,True,4
hap1+TGFB_HDAC5,0.021904131,0.0016514275,13.263756,0.99333155,0.17721853,0.8562586900920429,0.21529964036431148,0.9946227765143419,0.999577492225282,0.9950431899982964,2250,1566,,,,,,,,,,,,,hap1+TGFB_HDAC5,hap1+TGFB,HDAC5,False,True,4
hap1+TGFB_HRAS,0.020586796,0.0013389458,15.375377,0.99354815,0.1944859,0.8771491977116187,0.20999032634054954,0.9948150104846306,0.9996586617559472,0.9951546948407285,2343,1627,,,,,,,,,,,,,hap1+TGFB_HRAS,hap1+TGFB,HRAS,False,True,4
hap1+TGFB_IKBKB,0.020956093,0.025493875,0.82200503,0.99241894,0.5346284,0.8081886740066337,0.5518117505774776,0.9939787343636103,0.9947599348488558,0.9992146844098981,2708,855,0.11462238430976868,0.20892851054668427,0.5486201047897339,0.5651243329048157,0.23046745359897614,0.7322530177003874,0.2907692307692308,0.8418026271212586,0.9310260664096056,0.9041665507471484,22.0,3.0,hap1+TGFB_IKBKB,hap1+TGFB,IKBKB,False,True,4
hap1+TGFB_IRF7,0.018405953,0.0022899082,8.037856,0.9939821,0.29373342,0.8725897501588594,0.2589211271634622,0.9952456092978271,0.9994196967893126,0.9958234888656938,2260,1497,,,,,,,,,,,,,hap1+TGFB_IRF7,hap1+TGFB,IRF7,False,True,4
hap1+TGFB_JUN,0.01856593,0.0022502965,8.250438,0.9939116,0.26717126,0.8745623348225323,0.2586284651882039,0.9952125018574274,0.9994273573391047,0.9957827295293387,2245,1486,,,,,,,,,,,,,hap1+TGFB_JUN,hap1+TGFB,JUN,False,True,4
hap1+TGFB_KRAS,0.020483669,0.0043965247,4.659059,0.99327195,0.22504678,0.8609344568873483,0.2584245089599632,0.994715009961294,0.9989042202429559,0.9958061942308714,2244,1425,0.03874785825610161,0.2046390324831009,0.18934734165668488,1.0,1.0,0.9999999999999999,0.9999999999999999,0.9999330576306691,0.992942873169145,1.0070398656865462,2.0,0.0,hap1+TGFB_KRAS,hap1+TGFB,KRAS,False,True,4
hap1+TGFB_MAP3K7,0.019645924,0.00227694,8.628213,0.9935861,0.18461207,0.8727061147207853,0.21805204068804626,0.9949785903056714,0.9994209418020908,0.9955550746331078,2205,1528,,,,,,,,,,,,,hap1+TGFB_MAP3K7,hap1+TGFB,MAP3K7,False,True,4
hap1+TGFB_MAPK1,0.018109959,0.0043911347,4.1242094,0.994107,0.35837457,0.8591743851232578,0.35375402246327525,0.9953701922370282,0.9989200826405231,0.9964462718637999,2379,1283,1.2475433349609375,1.3799022436141968,0.9040809273719788,,,,,,,,1.0,0.0,hap1+TGFB_MAPK1,hap1+TGFB,MAPK1,False,True,4
hap1+TGFB_MAPK3,0.018893331,0.0027964334,6.756224,0.99375063,0.24909244,0.8702563005683844,0.260207398826624,0.9951040766432451,0.9992977893600121,0.9958033403441702,2244,1455,,,,,,,,,,,,,hap1+TGFB_MAPK3,hap1+TGFB,MAPK3,False,True,4
hap1+TGFB_MAPK14,0.018363949,0.002968298,6.186693,0.9939666,0.29894483,0.8731104876770763,0.270699052033035,0.9952586756601811,0.9992447311019288,0.9960109317390625,2290,1435,,,,,,,,,,,,,hap1+TGFB_MAPK14,hap1+TGFB,MAPK14,False,False,4
hap1+TGFB_MED15,0.026346048,0.012368503,2.130092,0.99186844,0.30330554,0.8283541041997243,0.3454405352274204,0.9935631891274037,0.996960159221705,0.996592672171621,2420,1190,0.1413966566324234,0.21014657616615295,0.6728477478027344,0.7776466608047485,0.48808759450912476,0.6138461538461538,0.3492307692307692,0.8367895709067633,0.9671254121179194,0.8652337746707203,22.0,3.0,hap1+TGFB_MED15,hap1+TGFB,MED15,False,False,4
hap1+TGFB_MYC,0.019729437,0.00200338,9.848075,0.99355936,0.18367824,0.8786235669357145,0.2062434058381021,0.994929307847512,0.9994878366178389,0.995439135321794,2239,1537,,,,,,,,,,,,,hap1+TGFB_MYC,hap1+TGFB,MYC,False,True,4
hap1+TGFB_NFKB1,0.019962437,0.010606323,1.8821261,0.9931799,0.3785795,0.8304330729024002,0.3997383005811727,0.9946376724076136,0.9975862201486108,0.997044317893086,2415,1178,0.09341501444578171,0.14915530383586884,0.6262935996055603,0.952928364276886,-0.2562592327594757,0.7953846153846152,-0.04538461538461538,0.9709192006131284,0.9654509077866422,1.0056639781291652,23.0,2.0,hap1+TGFB_NFKB1,hap1+TGFB,NFKB1,False,True,4
hap1+TGFB_NRAS,0.021433096,0.025039202,0.85598165,0.9922278,0.49981374,0.8239950505020083,0.5144535707431457,0.9938301284646445,0.9948907865719556,0.9989338949343718,2668,916,0.07878753542900085,0.19669228792190552,0.4005624055862427,0.695032000541687,0.29024747014045715,0.47393730440078097,0.16153846153846155,0.9377020970256831,0.9513218925177933,0.9856832943725664,23.0,2.0,hap1+TGFB_NRAS,hap1+TGFB,NRAS,False,True,4
hap1+TGFB_PAK1,0.020256476,0.0016900984,11.985383,0.99354565,0.16963428,0.881601724768666,0.2021209110784022,0.9949321542132928,0.9995676585652268,0.9953624906606245,2236,1590,,,,,,,,,,,,,hap1+TGFB_PAK1,hap1+TGFB,PAK1,False,True,4
hap1+TGFB_PIK3CA,0.023177758,0.01474512,1.5718935,0.9918947,0.30481434,0.8403354776878487,0.3587508712201105,0.9936194926615004,0.9967186408172249,0.996890648946644,2410,1185,0.0630815178155899,0.1281588226556778,0.4922136068344116,0.7090484499931335,0.41082918643951416,0.6266589844714873,0.25076923076923074,0.9181142952245137,0.9580038031764054,0.9583618480222813,22.0,3.0,hap1+TGFB_PIK3CA,hap1+TGFB,PIK3CA,False,True,4
hap1+TGFB_PPP2CA,0.024771936,0.0289273,0.8563515,0.9918066,0.44896537,0.8351519638141564,0.44386927415427274,0.9933652978981624,0.9937260568997993,0.999636963326933,2483,1088,0.12967424094676971,0.2388688027858734,0.5428680777549744,0.7677949666976929,0.4619885981082916,0.515495907673879,0.3392307692307693,0.8811101216267608,0.9219294012266349,0.9557240722060022,21.0,4.0,hap1+TGFB_PPP2CA,hap1+TGFB,PPP2CA,False,True,4
hap1+TGFB_PRKCA,0.02307753,0.0019950022,11.567672,0.99369323,0.28519914,0.8440422156067149,0.25412848743688254,0.9948761757502956,0.9994914797449851,0.9953823478356544,2281,1511,,,,,,,,,,,,,hap1+TGFB_PRKCA,hap1+TGFB,PRKCA,False,False,4
hap1+TGFB_RAF1,0.020763,0.009331445,2.2250574,0.99287957,0.28194046,0.8522693185339584,0.3276349017227971,0.9944263168419405,0.997826339016486,0.9965925712304841,2329,1271,0.026636959984898567,0.08352299779653549,0.3189176619052887,0.8195655345916748,-0.14740046858787537,0.7192307692307691,-0.06538461538461539,0.9383892871494162,0.9745874995324333,0.9628579143479846,24.0,1.0,hap1+TGFB_RAF1,hap1+TGFB,RAF1,False,True,4
hap1+TGFB_RBL1,0.021248547,0.010711473,1.9837184,0.9930215,0.37241325,0.8390895007466713,0.4239551318935191,0.9945103255580915,0.997525976551457,0.9969768697114125,2517,1074,0.10988923907279968,0.15259240567684174,0.7201488018035889,0.9143229126930237,0.1619354784488678,0.6679502612503211,0.15307692307692308,0.920384854763326,0.9371214573913357,0.9821404125409748,21.0,4.0,hap1+TGFB_RBL1,hap1+TGFB,RBL1,False,True,4
hap1+TGFB_RBX1,0.025428945,0.035100564,0.7244597,0.99124706,0.49729353,0.815809330505123,0.4915576205407349,0.9929129409111666,0.9925085049718539,1.0004074886384213,2583,977,0.09701795876026154,0.21075968444347382,0.4603250324726105,0.7682499289512634,0.3272319734096527,0.51477542325908,0.33461538461538465,0.91029692220386,0.9207278057801579,0.9886710453286903,22.0,3.0,hap1+TGFB_RBX1,hap1+TGFB,RBX1,False,True,4
hap1+TGFB_RELA,0.020241667,0.0031369282,6.452703,0.99329525,0.18233693,0.8665874292595291,0.23745360282962988,0.9947428846659193,0.9992144418436649,0.9955249273924673,2229,1453,,,,,,,,,,,,,hap1+TGFB_RELA,hap1+TGFB,RELA,False,True,4
hap1+TGFB_RHOA,0.055894557,0.10434346,0.53567857,0.98285526,0.602939,0.7904898228816274,0.6160353934939389,0.9858291906066907,0.9816878758251224,1.004218565680143,2789,754,0.29640093445777893,0.46633362770080566,0.6355984807014465,0.8922204375267029,0.16601306200027466,0.3137897781382065,0.3715384615384616,0.8416116806152905,0.8016590650102756,1.04983741511674,24.0,1.0,hap1+TGFB_RHOA,hap1+TGFB,RHOA,False,True,4
hap1+TGFB_RPS6KB1,0.019246181,0.0067078797,2.86919,0.99348867,0.29735905,0.8572110640097959,0.2895840000046767,0.9949116021192002,0.9984001176328323,0.9965058943283147,2264,1364,0.02974870428442955,0.08623579144477844,0.34496933221817017,0.6027540564537048,0.1628687083721161,0.7430830039525691,0.3616600790513834,0.8742135684505181,0.9688399340173258,0.9023302382113457,22.0,1.0,hap1+TGFB_RPS6KB1,hap1+TGFB,RPS6KB1,False,True,4
hap1+TGFB_RUNX1,0.019945314,0.0015364471,12.981452,0.99372554,0.21608207,0.8847019124621311,0.20538851990535067,0.9950833929668887,0.9996074709726651,0.9954741454649452,2298,1621,,,,,,,,,,,,,hap1+TGFB_RUNX1,hap1+TGFB,RUNX1,False,True,4
hap1+TGFB_RUNX2,0.021310903,0.0038714372,5.504649,0.99360865,0.30682498,0.8449948474981224,0.30616486675550636,0.9949139734094663,0.9990427311939433,0.9958672860974197,2312,1341,,,,,,,,,,,,,hap1+TGFB_RUNX2,hap1+TGFB,RUNX2,False,True,4
hap1+TGFB_RUNX3,0.018340968,0.002855151,6.423817,0.99397707,0.30421138,0.8775842528959361,0.26456675751867637,0.9952690030376702,0.999276445974287,0.9959896553623762,2284,1465,0.36714303493499756,0.802658200263977,0.45740893483161926,,,,,,,,1.0,0.0,hap1+TGFB_RUNX3,hap1+TGFB,RUNX3,False,True,4
hap1+TGFB_SKP1,0.0844258,0.17942886,0.4705252,0.9731315,0.679269,0.7618546422910228,0.722599256970035,0.9773096394588131,0.9705065463822319,1.0070098373905267,2969,544,0.2792688310146332,0.5535600781440735,0.5044959783554077,0.4039006233215332,0.2919711470603943,0.3604830965329985,0.46384615384615385,0.6747158809154068,0.6740216421664229,1.001029994744312,24.0,1.0,hap1+TGFB_SKP1,hap1+TGFB,SKP1,False,True,4
hap1+TGFB_SMAD1,0.018897437,0.0041843406,4.516228,0.99366975,0.2672719,0.8687322048707495,0.298387091214596,0.9950512053504181,0.9989752925709346,0.9960718876135388,2272,1374,0.06875506043434143,0.08167530596256256,0.8418096303939819,-1.0,1.0,-0.9999999999999999,0.9999999999999999,0.790914065268018,0.9329539118288845,0.8477525580203382,1.0,1.0,hap1+TGFB_SMAD1,hap1+TGFB,SMAD1,False,True,4
hap1+TGFB_SMAD2,0.017867709,0.0032885983,5.4332294,0.9941205,0.33162558,0.8645188587692129,0.2964584243522556,0.9953743073259937,0.9991711775616767,0.9961999802226595,2299,1406,0.010988444089889526,0.0575140006840229,0.19105684757232666,1.0,-1.0,0.9999999999999999,-0.9999999999999999,0.954826258855167,0.999951094374413,0.9548729575145104,2.0,0.0,hap1+TGFB_SMAD2,hap1+TGFB,SMAD2,False,True,4
hap1+TGFB_SMAD3,0.01773534,0.0029559822,5.9998126,0.99422073,0.35218695,0.878236734396244,0.28291664381718895,0.9954601823012532,0.9992471779886073,0.9962101512310728,2300,1466,0.36685845255851746,0.5782796740531921,0.6343962550163269,1.0,-1.0,0.9999999999999999,-0.9999999999999999,0.9994977023336159,0.9972796812361808,1.0022240712802708,2.0,0.0,hap1+TGFB_SMAD3,hap1+TGFB,SMAD3,False,True,4
hap1+TGFB_SMAD4,0.032531053,0.025587395,1.2713703,0.98902214,0.22964296,0.841015181619677,0.3259639227325844,0.9913172880254946,0.9940507251733461,0.997250203557394,2341,1248,0.852433979511261,0.7031255960464478,1.212349534034729,0.3311558961868286,-0.3532615005970001,0.6081938946896386,-0.26384615384615384,0.5897703663831989,0.6648188098745829,0.8871144402404292,14.0,11.0,hap1+TGFB_SMAD4,hap1+TGFB,SMAD4,False,True,4
hap1+TGFB_SMAD5,0.021743583,0.018512243,1.1745515,0.9925686,0.38608122,0.8413149386426046,0.39708950025418427,0.9940889666590338,0.9959411502288225,0.9981402680576427,2411,1170,0.04541021212935448,0.12247440218925476,0.3707730770111084,0.24687030911445618,0.537062406539917,0.3853571700385871,0.4330769230769231,0.7718832192113138,0.9038877440568943,0.8539591606219725,23.0,2.0,hap1+TGFB_SMAD5,hap1+TGFB,SMAD5,False,True,4
hap1+TGFB_SMAD6,0.019615607,0.0028894844,6.7886186,0.99379116,0.29423112,0.8559013646670787,0.27307795901823084,0.9950609625375665,0.9992755666301498,0.995782340494128,2281,1436,0.27030837535858154,0.928928017616272,0.29098957777023315,,,,,,,,1.0,0.0,hap1+TGFB_SMAD6,hap1+TGFB,SMAD6,False,True,4
hap1+TGFB_SMAD7,0.018307626,0.0027979973,6.543118,0.99395156,0.2996412,0.8687159000959832,0.28443022660291023,0.9952502896506926,0.9992988852679409,0.9959485638611888,2288,1439,,,,,,,,,,,,,hap1+TGFB_SMAD7,hap1+TGFB,SMAD7,False,False,4
hap1+TGFB_SMAD9,0.020286141,0.0024130456,8.406862,0.99367464,0.263932,0.8598544569812085,0.25395941323812066,0.9949522482140308,0.9993885897744267,0.9955609443555913,2264,1478,,,,,,,,,,,,,hap1+TGFB_SMAD9,hap1+TGFB,SMAD9,False,False,4
hap1+TGFB_SMURF1,0.02215478,0.0023171906,9.561052,0.9928434,0.041670635,0.8830634512020256,0.13854064877900088,0.9943698702631254,0.9994132933309972,0.9949536161850897,2237,1692,1.5084364414215088,1.1043757200241089,1.3658725023269653,,,,,,,,0.0,1.0,hap1+TGFB_SMURF1,hap1+TGFB,SMURF1,False,True,4
hap1+TGFB_SMURF2,0.020641662,0.0025413136,8.1224375,0.9932239,0.13233295,0.8779100153923289,0.1836039202501046,0.9947104338285332,0.9993516075716277,0.9953558150025172,2175,1582,0.7344784140586853,0.624324381351471,1.1764371395111084,1.0,-1.0,0.9999999999999999,-0.9999999999999999,0.9998054970225496,0.9968906965710057,1.002923891718089,1.0,1.0,hap1+TGFB_SMURF2,hap1+TGFB,SMURF2,False,True,4
hap1+TGFB_SP1,0.020140933,0.010832529,1.8593012,0.9931388,0.3265509,0.8540370328685795,0.3304862680283514,0.9946252078212715,0.9976383406429912,0.9969797343396228,2352,1280,0.02108744904398918,0.07958661764860153,0.26496225595474243,0.8018696904182434,0.40238896012306213,0.7953846153846152,0.38461538461538464,0.9551643241571217,0.9736192588998049,0.9810450188058755,25.0,0.0,hap1+TGFB_SP1,hap1+TGFB,SP1,False,True,4
hap1+TGFB_TGFBR1,0.022729812,0.011790675,1.9277787,0.9926554,0.31023517,0.8708875334281403,0.23932929379636683,0.9941708908499034,0.9969828857092612,0.997179495355773,2356,1573,0.5597511529922485,0.7611602544784546,0.7353919744491577,0.6177123785018921,0.6269657611846924,0.6884615384615385,0.5961538461538461,0.8556057110744474,0.7839668232333854,1.091379999405581,18.0,7.0,hap1+TGFB_TGFBR1,hap1+TGFB,TGFBR1,False,True,4
hap1+TGFB_TGFBR2,0.017555498,0.0026362243,6.6593337,0.99434257,0.35509264,0.8756871718114115,0.25680286802436075,0.9955490262464258,0.9993255091556983,0.9962209681683568,2310,1540,,,,,,,,,,,,,hap1+TGFB_TGFBR2,hap1+TGFB,TGFBR2,False,True,4
hap1+TGFB_TGFBR3,0.018760687,0.004606963,4.072246,0.9937046,0.27318347,0.8681560815171345,0.25354653437761215,0.9950905711572432,0.9988832737745889,0.9962030572370946,2214,1447,1.0999383926391602,1.120798945426941,0.9813877940177917,,,,,,,,1.0,0.0,hap1+TGFB_TGFBR3,hap1+TGFB,TGFBR3,False,True,4
hap1+TGFB_TGIF1,0.017927213,0.005277385,3.396988,0.9940135,0.36629665,0.8610278162213943,0.3550046232486451,0.9953042113177031,0.9986978578864667,0.9966019286594391,2368,1284,0.030365560203790665,0.09536085277795792,0.3184279501438141,0.8063510060310364,0.42393237352371216,0.9285714285714287,0.523809523809524,0.9200258719017599,0.9764003233721691,0.9422629733717107,7.0,1.0,hap1+TGFB_TGIF1,hap1+TGFB,TGIF1,False,True,4
ht29+IFNB_MAPK14,0.006458223,0.008090529,0.79824483,0.9980298,0.42860627,0.8760828473722626,0.30912475136852985,0.9984332677160677,0.9980684182546942,1.0003655555618236,2184,1396,0.11899705976247787,0.1875595599412918,0.6344494223594666,0.7838419675827026,0.515317440032959,0.9199999999999999,0.47846153846153844,0.8592566008596976,0.8384392088830229,1.0248287434033623,23.0,2.0,ht29+IFNB_MAPK14,ht29+IFNB,MAPK14,True,False,4
ht29+IFNG_CUL1,0.017576361,0.025297398,0.6947893,0.9959238,0.6228332,0.8530945219816093,0.4942310169830729,0.9964475346049197,0.9948330188205654,1.0016229012847486,2445,1149,0.06996925175189972,0.12127291411161423,0.5769569873809814,0.6716247797012329,0.4090372323989868,0.6080936143208905,0.2553846153846154,0.9063185656094827,0.9189810166826917,0.9862212049614283,25.0,0.0,ht29+IFNG_CUL1,ht29+IFNG,CUL1,True,False,4
ht29+INS_FOXO1,0.0040337937,0.001120743,3.5992138,0.9986582,0.1257179,0.8773686423211221,0.16688976089562807,0.9989455476361655,0.999707867766241,0.9992374571065658,2420,1912,0.01045503094792366,0.013078897260129452,0.799381673336029,0.030039280652999878,0.9749438166618347,0.7999999999999999,1.0,0.5694618279325608,0.43058497533956974,1.3225306514317399,4.0,0.0,ht29+INS_FOXO1,ht29+INS,FOXO1,True,False,4
ht29+TGFB_CUL1,0.04900522,0.06030762,0.81258756,0.98985904,0.42294893,0.8331473942360382,0.3925298428929579,0.9911798368944352,0.989085902816585,1.0021170396543793,2331,1154,0.2122507244348526,0.3063197135925293,0.692905843257904,0.5831742286682129,0.23272553086280823,0.5790225908256322,0.2907692307692308,0.8550990281447285,0.8718499022281435,0.9807869748673417,24.0,1.0,ht29+TGFB_CUL1,ht29+TGFB,CUL1,True,False,4
ht29+TGFB_MED15,0.016958477,0.012071173,1.404874,0.9948803,0.044701073,0.862583194399123,0.18762789690069662,0.9959519947137819,0.9969450357253928,0.9990039159873159,2192,1426,0.1460864245891571,0.1786821484565735,0.817577064037323,0.7256524562835693,0.31486740708351135,0.7753846153846154,0.37,0.7915164317113026,0.7576318457858622,1.0447243421906232,21.0,4.0,ht29+TGFB_MED15,ht29+TGFB,MED15,True,False,4
ht29+TGFB_SMAD7,0.0038089962,0.003370333,1.1301543,0.9987986,0.4186118,0.8888754850789217,0.3559807298084809,0.9990593368942946,0.999185108712489,0.9998741256078602,2291,1326,0.04004814103245735,0.08777068555355072,0.45628151297569275,0.9735979437828064,0.4238811135292053,0.7999999999999999,0.39999999999999997,0.9896500350088243,0.9854047697386055,1.0043081436183274,4.0,0.0,ht29+TGFB_SMAD7,ht29+TGFB,SMAD7,True,False,4
ht29+TNFA_BIRC3,0.0022477086,0.0014760265,1.5228105,0.99928105,0.26415053,0.8989329303650305,0.2568021841322216,0.9994295436888727,0.9996283596178847,0.9998011101554902,2413,1623,0.739395260810852,1.1021710634231567,0.6708534359931946,1.0,1.0,0.9999999999999999,0.9999999999999999,0.9999730851438327,0.9994826229484969,1.0004907160805747,2.0,0.0,ht29+TNFA_BIRC3,ht29+TNFA,BIRC3,True,False,4
ht29+TNFA_CSF1,0.0026726665,0.0020222564,1.321626,0.9992337,0.22910565,0.9067036776578049,0.21349245911073048,0.99939711608177,0.9995073027050149,0.9998897590613428,2275,1709,0.006295689847320318,0.010730705223977566,0.586698591709137,0.77522212266922,0.23523393273353577,0.7282527177158321,0.1523076923076923,0.9180760727683415,0.9430145891293055,0.9735544745028919,20.0,5.0,ht29+TNFA_CSF1,ht29+TNFA,CSF1,True,False,4
ht29+TNFA_FADD,0.009166048,0.0054783737,1.673133,0.9980138,0.05751651,0.9066908870719355,0.05382625631554126,0.9984406243176849,0.9986325009061376,0.9998078606611756,2056,1945,0.28851959109306335,0.27063995599746704,1.0660642385482788,0.8126137852668762,-0.2372356802225113,0.6369230769230769,-0.14692307692307693,0.8259587344545133,0.8500916093558232,0.9716114420661119,17.0,8.0,ht29+TNFA_FADD,ht29+TNFA,FADD,True,False,4
ht29+TNFA_MAPK14,0.0060898648,0.00542939,1.1216481,0.9981526,0.17639774,0.9181317818797462,0.1737968191616838,0.998562580501193,0.9986238229884222,0.999938673116123,2273,1732,0.027735510841012,0.03476421907544136,0.7978177666664124,0.9421058893203735,0.5869311690330505,0.4026086956521739,0.5043478260869565,0.8169840958275504,0.7039119459539493,1.1606339408267385,18.0,6.0,ht29+TNFA_MAPK14,ht29+TNFA,MAPK14,True,False,4
k562+IFNG_CUL1,0.08372256,0.13591178,0.6160067,0.9826763,0.73974335,0.8149659969157663,0.7351974723767691,0.9848100554733152,0.9767446213377945,1.0082574646016211,2663,594,0.3543679714202881,0.7854356169700623,0.4511738121509552,0.8843359351158142,0.5723693370819092,0.540904966603286,0.5084615384615384,0.9228574070582616,0.9121824479299029,1.0117026578976436,25.0,0.0,k562+IFNG_CUL1,k562+IFNG,CUL1,True,False,4
k562+INS_FOXO1,0.0077867685,0.0049039954,1.5878417,0.99752176,0.3905036,0.9053156564711518,0.3214490202884096,0.9980022468890076,0.9985734662143543,0.9994279646468955,2541,1599,0.04919249936938286,0.0796326994895935,0.6177424788475037,0.6331279873847961,0.8044381737709045,0.4666666666666666,0.9166666666666666,0.837419725749769,0.549591642375631,1.5237126280341347,7.0,2.0,k562+INS_FOXO1,k562+INS,FOXO1,True,False,4
k562+INS_POLR2G,0.045509774,0.073424034,0.6198212,0.9849735,0.5555022,0.8443453603488057,0.5809186920456365,0.9871382588894488,0.984269441220729,1.0029146670094338,2878,987,0.38203921914100647,0.618781328201294,0.617405891418457,0.9406601190567017,0.40155401825904846,0.5507967829780118,0.24615384615384614,0.9092895536953793,0.8731892742315553,1.041343017521137,24.0,1.0,k562+INS_POLR2G,k562+INS,POLR2G,True,False,4
k562+TGFB_CUL1,0.17644154,0.26225308,0.6727911,0.9553372,0.70936894,0.7634701971583088,0.6785570403353477,0.9602665900576114,0.949028470488246,1.0118417096207701,2419,503,2.140050172805786,3.260903835296631,0.6562751531600952,0.8935057520866394,0.31150349974632263,0.8314737052559902,0.27692307692307694,0.907434022020168,0.8817843667275077,1.0290883534121291,25.0,0.0,k562+TGFB_CUL1,k562+TGFB,CUL1,True,False,4
k562+TGFB_MED15,0.023198433,0.06387847,0.36316514,0.9899255,0.7519841,0.8080330968251362,0.6837358858951267,0.9917026724915398,0.9866962199939299,1.0050739552824481,2530,558,0.3351237177848816,0.8672299981117249,0.386430025100708,0.9095670580863953,0.4031912386417389,0.8461538461538461,0.3069230769230769,0.9556304819444151,0.9370909134518306,1.019784172726948,25.0,0.0,k562+TGFB_MED15,k562+TGFB,MED15,True,False,4
k562+TGFB_PRKCA,0.017603815,0.007050547,2.4968014,0.99635255,0.40950972,0.8404516985889622,0.3625760243974284,0.9969487796836277,0.9979018110557597,0.9990449647835354,2164,1097,,,,,,,,,,,,,k562+TGFB_PRKCA,k562+TGFB,PRKCA,True,False,4
k562+TGFB_SMAD7,0.00895193,0.016617132,0.5387169,0.99639297,0.6322743,0.8588235916622918,0.5217207511230605,0.9970777127088842,0.9956174195217945,1.0014667212108352,2327,833,,,,,,,,,,,,,k562+TGFB_SMAD7,k562+TGFB,SMAD7,True,False,4
k562+TGFB_SMAD9,0.015952243,0.006406053,2.4901826,0.9961873,0.36312914,0.8563592137431619,0.32573935675524746,0.9968215183483992,0.9980850704182022,0.9987340236746818,2146,1124,,,,,,,,,,,,,k562+TGFB_SMAD9,k562+TGFB,SMAD9,True,False,4
mcf7+IFNB_MAPK14,0.0039857468,0.0048915367,0.81482506,0.99872637,0.45862752,0.8943333493520224,0.38883712991659714,0.9989859291435716,0.9987841894543962,1.0002019852649906,2535,1423,0.017279241234064102,0.03040475770831108,0.5683071613311768,0.8524044156074524,0.384540319442749,0.7992307692307692,0.2930769230769231,0.9611657464261943,0.9712705627463457,0.9895962909741862,24.0,1.0,mcf7+IFNB_MAPK14,mcf7+IFNB,MAPK14,True,False,4
mcf7+IFNG_CUL1,0.009731981,0.00854422,1.1390134,0.9967738,0.14585267,0.9076793813987851,0.259224538542301,0.9974579223327736,0.9977443325755545,0.9997129422504044,2273,1356,0.7034274935722351,0.5657768845558167,1.2432948350906372,0.8480989933013916,-0.2475448101758957,0.8545454545454544,-0.3696969696969697,0.9272249591516074,0.9281144159224071,0.999041651809798,5.0,5.0,mcf7+IFNG_CUL1,mcf7+IFNG,CUL1,True,False,4
mcf7+TGFB_CUL1,0.006987709,0.010665103,0.6551938,0.99749255,0.5774903,0.8739481730595904,0.48731618454914705,0.9979921785752871,0.9972103533118015,1.0007840123810279,2224,869,0.2710983455181122,0.8982142806053162,0.30181923508644104,0.8432955145835876,-0.8923619389533997,1.0,-1.0,0.9890238423562955,0.9871696613748425,1.0018782799492345,3.0,0.0,mcf7+TGFB_CUL1,mcf7+TGFB,CUL1,True,False,4
mcf7+TGFB_MAPK14,0.0045105396,0.006508165,0.69305855,0.9984423,0.6191968,0.8803960815077048,0.48954045677226815,0.9987573616720575,0.9982130455333862,1.0005452905480519,2240,897,,,,,,,,,,,,,mcf7+TGFB_MAPK14,mcf7+TGFB,MAPK14,True,False,4
mcf7+TGFB_MED15,0.010223229,0.019359356,0.52807695,0.9962604,0.63314706,0.8435304866332044,0.5526143487044495,0.9969709467254662,0.9952958567470157,1.0016830070848735,2299,695,0.08568704128265381,0.25374603271484375,0.3376882076263428,1.0,1.0,0.9999999999999999,0.9999999999999999,0.867984767153082,0.8916612231510759,0.973446803131886,2.0,0.0,mcf7+TGFB_MED15,mcf7+TGFB,MED15,True,False,4
mcf7+TGFB_SMAD7,0.007931093,0.012774031,0.6208763,0.99763465,0.6048876,0.8685475511424309,0.4662841933873563,0.9980487041764222,0.9969238584739298,1.0011283165639293,2101,922,0.7714112401008606,1.1444534063339233,0.6740433573722839,,,,,,,,1.0,0.0,mcf7+TGFB_SMAD7,mcf7+TGFB,SMAD7,True,False,4
mcf7+TNFA_BIRC3,0.0030740658,0.006139624,0.50069284,0.9990078,0.68781173,0.9098882810219968,0.47354394379665715,0.9992210205261018,0.9984006567493486,1.0008216779217916,2667,1188,0.09605181962251663,0.3406084477901459,0.28200069069862366,0.9207651019096375,0.4529336392879486,0.94,0.7069230769230769,0.9696629193723426,0.9724899915921584,0.9970929549463153,25.0,0.0,mcf7+TNFA_BIRC3,mcf7+TNFA,BIRC3,True,False,4
mcf7+TNFA_CSF1,0.0024489672,0.005955267,0.41122708,0.99918187,0.7539931,0.9207723273980637,0.5033830331731527,0.9993485472644068,0.99845003899665,1.0008999030824415,2616,1221,0.034171994775533676,0.2225162535905838,0.15357078611850739,0.9555377960205078,0.9534961581230164,0.913076923076923,0.9161538461538462,0.9736744145406447,0.9623265034033873,1.0117921631557731,25.0,0.0,mcf7+TNFA_CSF1,mcf7+TNFA,CSF1,True,False,4
mcf7+TNFA_IKBKE,0.010190273,0.00469825,2.1689508,0.99729776,0.035658777,0.9051341977024643,0.20585842123537992,0.9978122284331864,0.9987461276551585,0.9990649283175048,2309,1575,0.011226045899093151,0.024599408730864525,0.4563542902469635,0.8347687721252441,-0.11147516965866089,0.7142857142857144,0.03571428571428572,0.9646177318529597,0.952834719553977,1.0123662709357384,7.0,0.0,mcf7+TNFA_IKBKE,mcf7+TNFA,IKBKE,True,False,4
mcf7+TNFA_MAPK14,0.0034842591,0.002409114,1.4462824,0.9988624,0.2864887,0.9249946258572741,0.23235401224154387,0.9991109258938161,0.9993623034828599,0.9997484620060535,2321,1587,,,,,,,,,,,,,mcf7+TNFA_MAPK14,mcf7+TNFA,MAPK14,True,False,4
mcf7+TNFA_TRAF2,0.002646626,0.0033797608,0.7830809,0.99908614,0.5515392,0.9167143388088017,0.4207549648758942,0.9992850946043947,0.9991232463546683,1.0001619902752907,2548,1318,0.007850510999560356,0.022135140374302864,0.35466280579566956,1.0,1.0,0.9999999999999999,0.9999999999999999,0.9759797159855788,0.9796342317171485,0.996269509972958,2.0,0.0,mcf7+TNFA_TRAF2,mcf7+TNFA,TRAF2,True,False,4
a549+IFNB_DRAP1,0.011311433,0.008820386,1.2824193,0.99738944,0.3823876,0.8774980510863809,0.3557940770666547,0.9979455650743158,0.9980184924341874,0.9999269278471046,2275,1172,0.07315527647733688,0.3097519278526306,0.23617376387119293,0.9991066455841064,0.9955776929855347,1.0,0.7999999999999999,0.9979154076320796,0.9951879802914151,1.0027406152351899,4.0,0.0,a549+IFNB_DRAP1,a549+IFNB,DRAP1,True,False,5
a549+IFNB_H1F0,0.015890429,0.00587724,2.703723,0.9980479,0.46572614,0.841587677099896,0.40260251691816007,0.9983891653400733,0.9987326117272887,0.9996561177804925,2335,1082,,,,,,,,,,,,,a549+IFNB_H1F0,a549+IFNB,H1F0,True,False,5
a549+IFNB_IFNAR1,0.011782615,0.015475376,0.76137835,0.9970459,0.5486399,0.8808710181831155,0.40821801294511917,0.9977226478989761,0.9965786120779131,1.0011479634493436,2313,1092,0.06899632513523102,0.31327885389328003,0.2202393263578415,0.8950433731079102,0.9433693885803223,0.9443609022556391,0.875187969924812,0.9583108358760156,0.9173508794940574,1.0446502612005437,20.0,0.0,a549+IFNB_IFNAR1,a549+IFNB,IFNAR1,True,False,5
a549+IFNB_USP18,0.03551805,0.035388853,1.0036508,0.99066615,0.34760857,0.8354821464140149,0.42651792059060406,0.9927408642756048,0.9921718016508007,1.0005735525075974,2415,959,1.3340603113174438,1.1805226802825928,1.130059003829956,0.26218488812446594,0.3306412696838379,0.2907692307692308,0.3484615384615385,0.8000276337538007,0.8086126257761286,0.989383059639852,12.0,13.0,a549+IFNB_USP18,a549+IFNB,USP18,True,False,5
a549+TGFB_CHUK,0.0051362556,0.0098116305,0.52348644,0.99849856,0.6141664,0.8860810322228242,0.5478805067658171,0.9988083501110111,0.9979508192830776,1.0008592916718577,2630,872,0.05028620734810829,0.1132090836763382,0.44418880343437195,0.9394435286521912,0.4536663293838501,0.9013271949764853,0.28076923076923077,0.9813411159047397,0.9709108927751384,1.010742719241504,25.0,0.0,a549+TGFB_CHUK,a549+TGFB,CHUK,True,False,5
a549+TGFB_SMAD5,0.013003174,0.016721176,0.77764714,0.99736065,0.48904106,0.8850642081498814,0.3525255872828116,0.9977099613656688,0.9967872133657082,1.000925722147704,2180,1277,0.0910906195640564,0.14691896736621857,0.6200058460235596,0.7976744771003723,0.5049834251403809,0.7861538461538461,0.4769230769230769,0.9538268001058064,0.9573673244104823,0.9963018120481018,23.0,2.0,a549+TGFB_SMAD5,a549+TGFB,SMAD5,True,False,5
a549+TNFA_CHUK,0.012218989,0.019421177,0.629158,0.9960752,0.5389542,0.8647316644442917,0.508066611447361,0.9969613744732113,0.9958449311307885,1.0011211015967667,2535,960,0.18554463982582092,0.37249645590782166,0.49811115860939026,0.9825209975242615,0.5569761395454407,0.89,0.45615384615384613,0.9817444415687573,0.9645113287032692,1.0178671959080636,25.0,0.0,a549+TNFA_CHUK,a549+TNFA,CHUK,True,False,5
a549+TNFA_MTOR,0.0073632845,0.011732327,0.6276065,0.9978431,0.5535425,0.8863510621951957,0.4402681448106808,0.9983028898537876,0.997524819915571,1.0007800005801184,2375,1149,0.04009006917476654,0.09155067801475525,0.4379003047943115,0.983246922492981,0.4858056306838989,0.9451817832083756,0.5023076923076923,0.9792496700763696,0.9595755940933262,1.02050289326255,25.0,0.0,a549+TNFA_MTOR,a549+TNFA,MTOR,True,False,5
bxpc3+IFNB_H1F0,0.010061866,0.0054532173,1.8451246,0.9982884,0.43123877,0.8935860052811143,0.3501169997544314,0.9986838563821812,0.9988015377415275,0.999882177434756,2673,1421,0.09719312936067581,0.22488944232463837,0.43218183517456055,-0.235343798995018,0.7172659635543823,0.5710784313725491,0.8651960784313727,0.288286851050503,0.20433034366334601,1.4108861458456872,16.0,1.0,bxpc3+IFNB_H1F0,bxpc3+IFNB,H1F0,True,False,5
bxpc3+IFNB_NFE2L3,0.0050407206,0.0058348877,0.86389333,0.99842876,0.4741241,0.9215627174612084,0.3389477552728013,0.9988257258186164,0.9986909089289142,1.00013499360863,2557,1543,0.03320382907986641,0.16509754955768585,0.2011164277791977,0.3016102910041809,0.8487569689750671,0.7333333333333334,0.7473684210526316,0.69526613550397,0.5743628560926641,1.2104998227667425,17.0,2.0,bxpc3+IFNB_NFE2L3,bxpc3+IFNB,NFE2L3,True,False,5
bxpc3+IFNB_USP18,0.04704538,0.03130619,1.5027502,0.9886179,0.035585254,0.8901088253829487,0.22916908372055142,0.9913958551900236,0.9928208908464321,0.9985646598801989,2485,1640,1.8317855596542358,1.3790093660354614,1.3283343315124512,0.7785712480545044,-0.08985176682472229,0.8515384615384616,-0.4646153846153846,0.9150740392063108,0.9219338765508431,0.9925592957163083,12.0,13.0,bxpc3+IFNB_USP18,bxpc3+IFNB,USP18,True,False,5
bxpc3+INS_CHUK,0.013290589,0.008815369,1.5076611,0.99664927,0.28701553,0.8938850392522052,0.2812659123837901,0.9974486683199617,0.9979413937187704,0.9995062581811818,2674,1597,0.5088859796524048,0.5241492390632629,0.9708799123764038,0.3910253047943115,0.21139727532863617,0.5916522517600659,0.2538461538461539,0.5545680346765882,0.567593692995625,0.9770510869310572,15.0,10.0,bxpc3+INS_CHUK,bxpc3+INS,CHUK,True,False,5
bxpc3+INS_GRB10,0.0077330894,0.004580601,1.6882259,0.9976597,0.31021506,0.9123727596597074,0.20725400284177006,0.9982345544427037,0.9989099713878006,0.9993238460277271,2636,1833,0.7416283488273621,0.935441792011261,0.7928107976913452,0.723240852355957,0.4163571298122406,0.8857142857142858,0.6571428571428573,0.8395937565937449,0.8192650339799765,1.0248133653587188,6.0,0.0,bxpc3+INS_GRB10,bxpc3+INS,GRB10,True,False,5
bxpc3+INS_SHC1,0.013863996,0.006200818,2.2358334,0.99712056,0.23412493,0.8949118934771345,0.171302255191872,0.9977868036009006,0.9985233487399261,0.9992623656322559,2503,1837,0.14232787489891052,0.16501790285110474,0.8624995946884155,0.7340214252471924,0.5207203030586243,0.8669230769230768,0.7338461538461539,0.7987572134821006,0.7586382004579587,1.0528829328656581,22.0,3.0,bxpc3+INS_SHC1,bxpc3+INS,SHC1,True,False,5
bxpc3+INS_TAF7,0.009171981,0.0036876327,2.4872274,0.99797857,0.3464427,0.8971246475264415,0.2693140950097306,0.9984430349046696,0.9991257564790988,0.9993166810383959,2645,1731,0.10651405900716782,0.14714185893535614,0.7238868474960327,0.6267568469047546,0.2614469528198242,0.6794117647058824,0.37941176470588234,0.7473370162851325,0.7906000104884149,0.9452782777266149,14.0,2.0,bxpc3+INS_TAF7,bxpc3+INS,TAF7,True,False,5
bxpc3+INS_TAF8,0.02304949,0.034500565,0.6680902,0.99257195,0.48828506,0.8660076595196965,0.4561382118170623,0.9940947443382316,0.9929533770582135,1.0011494671415486,2824,1406,0.21842621266841888,0.40810126066207886,0.535225510597229,0.7218832969665527,0.7970349788665771,0.8393884959349459,0.7276923076923076,0.762238090428885,0.6356914310466792,1.1990693175993328,24.0,1.0,bxpc3+INS_TAF8,bxpc3+INS,TAF8,True,False,5
bxpc3+TGFB_CHUK,0.023310736,0.0322297,0.7232688,0.9921725,0.47295648,0.8359812595543815,0.4072689868920255,0.9938111762198037,0.9929561619441302,1.000861079580794,2300,1048,0.269300252199173,0.5651560425758362,0.4765060245990753,0.9600775837898254,0.4930270314216614,0.8480423867299298,0.4553846153846154,0.9543703410627139,0.9574465765252946,0.9967870421828183,21.0,4.0,bxpc3+TGFB_CHUK,bxpc3+TGFB,CHUK,True,False,5
hap1+INS_CHUK,0.011905858,0.0020333943,5.8551645,0.99688625,0.22760405,0.8769588130280114,0.2641762126746348,0.9975281280197763,0.9994964316684011,0.9980307046766148,2475,1548,0.0860905647277832,0.08017664402723312,1.0737611055374146,0.9400086402893066,-0.013257589191198349,0.6071428571428572,0.28571428571428575,0.8691769838033333,0.7647714434836479,1.1365186176985147,6.0,1.0,hap1+INS_CHUK,hap1+INS,CHUK,True,False,5
hap1+INS_SHC1,0.012321622,0.0032769875,3.7600455,0.9969832,0.32982117,0.8725430113815519,0.29909862591056335,0.9976234387010414,0.9992071406823165,0.9984150413695065,2521,1451,0.006981130689382553,0.019824068993330002,0.35215428471565247,0.7706900238990784,0.5340616703033447,0.424394029105672,0.36076923076923073,0.9033876297462076,0.9675801206862057,0.9336566661844262,23.0,2.0,hap1+INS_SHC1,hap1+INS,SHC1,True,False,5
hap1+INS_TAF7,0.013245489,0.001954247,6.7777967,0.99673605,0.16390099,0.8731711036691647,0.1881510210893047,0.9974089917686962,0.999511198750187,0.9978967649545903,2376,1672,0.008329355157911777,0.017840592190623283,0.4668765962123871,0.9983031749725342,-0.045537322759628296,1.0,0.5,0.9841816708460238,0.898802892215482,1.0949916598733782,3.0,0.0,hap1+INS_TAF7,hap1+INS,TAF7,True,False,5
hap1+INS_TAF8,0.0182035,0.019204218,0.94789076,0.9937171,0.31585705,0.8582151610101233,0.3973893999533403,0.9949303554037113,0.9957748646801923,0.9991519074175946,2655,1248,0.070665143430233,0.08344551175832748,0.8468417525291443,0.5658585429191589,-0.19555366039276123,0.6184711924736962,-0.2069230769230769,0.8783178623336239,0.91719556073558,0.9576124219672666,21.0,4.0,hap1+INS_TAF8,hap1+INS,TAF8,True,False,5
hap1+TGFB_SMAD5,0.015346936,0.018512243,0.82901543,0.9957837,0.4168167,0.8647672914138145,0.3517185757153439,0.9965010465147913,0.9959411502288225,1.0005621780823497,2265,1316,0.056178607046604156,0.12247440218925476,0.45869672298431396,0.7498030662536621,0.6265996694564819,0.8107914857611871,0.6061538461538462,0.8813982136582929,0.9038877440568943,0.9751191112541671,23.0,2.0,hap1+TGFB_SMAD5,hap1+TGFB,SMAD5,True,False,5
ht29+IFNB_DRAP1,0.0065288376,0.005162587,1.2646446,0.99801606,0.35653266,0.8480408496695097,0.3160952788853561,0.99843179358203,0.9987117560457959,0.9997196764110655,2293,1352,0.048371195793151855,0.07008528709411621,0.6901761889457703,0.6720039248466492,0.6249182820320129,0.7762237762237763,0.4685314685314686,0.7646899696283407,0.6722037347654954,1.1375866126288483,11.0,1.0,ht29+IFNB_DRAP1,ht29+IFNB,DRAP1,True,False,5
ht29+IFNB_IFNAR1,0.009190628,0.01568766,0.58585083,0.99704206,0.63849264,0.8586635591496515,0.3259505641519778,0.9976777718365459,0.9960768985799361,1.0016071783803964,2270,1416,0.4187048077583313,1.180104374885559,0.354803204536438,0.9878947138786316,0.17167623341083527,0.9846153846153846,0.2646153846153846,0.9984046824408855,0.9966305473071391,1.001780133208379,25.0,0.0,ht29+IFNB_IFNAR1,ht29+IFNB,IFNAR1,True,False,5
ht29+IFNB_NFE2L3,0.004236512,0.0028036903,1.5110484,0.9986147,0.38480198,0.8627884360041881,0.2930323607042128,0.9989138046790317,0.9993079923985364,0.9996055393106998,2250,1415,,,,,,,,,,,,,ht29+IFNB_NFE2L3,ht29+IFNB,NFE2L3,True,False,5
ht29+IFNB_USP18,0.023607261,0.016674338,1.415784,0.99339366,0.10054802,0.8082944845704254,0.33971963320371557,0.9947551817084246,0.9957778655285712,0.998972979963153,2413,1255,1.049192190170288,0.8419433832168579,1.2461552619934082,0.8498218059539795,-0.06634052842855453,0.8753846153846153,-0.12076923076923077,0.9315499069763721,0.9305200076478337,1.001106799767951,14.0,11.0,ht29+IFNB_USP18,ht29+IFNB,USP18,True,False,5
ht29+INS_CHUK,0.015024652,0.0019184921,7.83149,0.99502033,0.11320677,0.8413341643864882,0.13864952527520738,0.9961030516810532,0.9995082268219494,0.9965931494613872,2341,1900,0.024657607078552246,0.019710849970579147,1.250966191291809,0.5469613075256348,0.14653600752353668,0.7999999999999999,0.1392307692307692,0.6401719392745688,0.6129956597606824,1.0443335594325354,19.0,6.0,ht29+INS_CHUK,ht29+INS,CHUK,False,False,5
ht29+INS_COPS4,0.014926581,0.002587514,5.768696,0.9949432,0.17261297,0.8329695516206046,0.18401862273254704,0.9960287122593843,0.999358127118985,0.9966684467066886,2399,1803,0.018713638186454773,0.029779061675071716,0.6284160017967224,-0.17176271975040436,0.4514085352420807,0.33121754796190944,0.48538461538461536,0.4113079863664014,0.40234930590989526,1.0222659274538737,20.0,5.0,ht29+INS_COPS4,ht29+INS,COPS4,False,True,5
ht29+INS_DR1,0.015054216,0.004069484,3.6992936,0.9949766,0.2157456,0.8473784041389341,0.1990646487564724,0.9960657549022517,0.9989483698377788,0.9971143504283457,2396,1805,0.02460593543946743,0.04403606429696083,0.5587677955627441,0.7645632028579712,0.7328823208808899,0.7532217873512412,0.2169230769230769,0.7779463263320605,0.5923920158258285,1.3132289186030954,16.0,9.0,ht29+INS_DR1,ht29+INS,DR1,False,True,5
ht29+INS_EIF2B1,0.014806067,0.0019865725,7.453071,0.99528575,0.15978198,0.8564450638832565,0.12778981532099526,0.9963087264172501,0.9994878500506184,0.9968192473443201,2278,1950,0.012796461582183838,0.01917410083115101,0.6673825979232788,0.7952801585197449,0.5682368278503418,0.6497307544948862,0.003076923076923077,0.7879664252566229,0.6461404808598723,1.2194970731566162,18.0,7.0,ht29+INS_EIF2B1,ht29+INS,EIF2B1,False,True,5
ht29+INS_ELK1,0.0134015065,0.00096079655,13.948329,0.9955353,0.21517317,0.8528475501696918,0.11762339905233997,0.9965237564676841,0.9997495805735321,0.9967733678827877,2298,2034,0.0020609309431165457,0.0060789636336266994,0.33902668952941895,-0.884881317615509,0.8628681898117065,-1.0,1.0,0.7698458813261713,0.955246288916619,0.805913501322557,2.0,1.0,ht29+INS_ELK1,ht29+INS,ELK1,False,True,5
ht29+INS_FOS,0.014057338,0.0010697962,13.1402025,0.9953097,0.1244871,0.857557421671133,0.12060090262099618,0.9963387032457344,0.9997260500233424,0.9966117250045361,2323,1963,,,,,,,,,,,,,ht29+INS_FOS,ht29+INS,FOS,False,True,5
ht29+INS_FOXM1,0.014299753,0.0019267937,7.421528,0.99528325,0.14991659,0.8501413900111462,0.14325610940250022,0.9962985991576925,0.9995147335701262,0.9967823041477877,2284,1953,0.0052012549713253975,0.008967739529907703,0.5799962282180786,0.5911478996276855,0.4769415855407715,0.5953712330872525,0.04461538461538461,0.7958693091374623,0.9305010809632619,0.8553126110434738,18.0,7.0,ht29+INS_FOXM1,ht29+INS,FOXM1,False,True,5
ht29+INS_FOXO1,0.0143815335,0.001120743,12.832142,0.99517494,0.067517,0.850290671349114,0.10872270045644526,0.9962378826269186,0.999707867766241,0.9965290008699483,2350,1982,0.01127539947628975,0.013078897260129452,0.8621062636375427,0.007954686880111694,0.4671861529350281,0.39999999999999997,0.39999999999999997,0.5077035470220032,0.43058497533956974,1.1791018639738087,3.0,1.0,ht29+INS_FOXO1,ht29+INS,FOXO1,False,True,5
ht29+INS_FOXO3,0.014534094,0.0014448295,10.059383,0.9951956,0.10716692,0.8517811284342306,0.10496054276121516,0.996255733569782,0.9996231230148002,0.9966313409849281,2330,1985,0.0025760934222489595,0.004564619157463312,0.5643610954284668,0.9387179613113403,0.8965954780578613,1.0,1.0,0.9339192737177793,0.973436732361056,0.9594041838266902,3.0,1.0,ht29+INS_FOXO3,ht29+INS,FOXO3,False,True,5
ht29+INS_FOXO4,0.016379721,0.005810317,2.8190753,0.9944279,0.17035745,0.834946663547788,0.17039721624977927,0.9955548372426121,0.9986192140449045,0.9969313860987311,2367,1804,0.022794602438807487,0.024718796834349632,0.9221566319465637,0.16046437621116638,-0.1451471745967865,0.061177380442250094,-0.3046153846153846,0.7853727159166521,0.9163520653659287,0.8570643812572493,18.0,7.0,ht29+INS_FOXO4,ht29+INS,FOXO4,False,True,5
ht29+INS_GRB2,0.013881091,0.0009702983,14.306004,0.99553764,0.19423689,0.856193699258246,0.1560059134058015,0.9965228080917828,0.9997465361380566,0.9967754546480083,2385,1951,0.002140682889148593,0.006025837734341621,0.35525065660476685,-1.0,-1.0,-0.9999999999999999,-0.9999999999999999,0.9424066888672553,0.9910321446113983,0.9509345322363787,2.0,0.0,ht29+INS_GRB2,ht29+INS,GRB2,False,True,5
ht29+INS_GRB10,0.015581232,0.0009279563,16.79091,0.9951758,0.046029277,0.8603442531619091,0.06303968393036666,0.9962400178164901,0.9997584729957828,0.9964806948134687,2281,2082,0.7906715869903564,0.44768956303596497,1.7661157846450806,1.0,-1.0,0.9999999999999999,-0.9999999999999999,0.9999521682430906,0.9997740044224466,1.0001782040939813,1.0,1.0,ht29+INS_GRB10,ht29+INS,GRB10,False,False,5
ht29+INS_HSF1,0.014816655,0.0011532733,12.84748,0.9951581,0.068246536,0.8537772003211133,0.06954545430371276,0.9962236357514926,0.9996998186295897,0.9965227733232339,2232,2059,0.000583978253416717,0.006671656388789415,0.08753122389316559,,,,,,,,1.0,0.0,ht29+INS_HSF1,ht29+INS,HSF1,False,True,5
ht29+INS_IGF2,0.014567047,0.00061103713,23.839872,0.9953137,0.07221971,0.8541337380907075,0.06940097089889209,0.9963532400370997,0.9998406484750456,0.9965120357496318,2321,2101,,,,,,,,,,,,,ht29+INS_IGF2,ht29+INS,IGF2,False,True,5
ht29+INS_IKBKB,0.016748399,0.003285418,5.0977983,0.9947393,0.17320246,0.8293212554172661,0.19181264002121584,0.9958599915136356,0.9992046707951013,0.9966526584800647,2468,1725,0.01651453971862793,0.02004218101501465,0.8239891529083252,0.6187190413475037,0.03865715116262436,0.46195859217510665,0.10769230769230768,0.8665414959305965,0.9185707288067444,0.9433584902670089,19.0,6.0,ht29+INS_IKBKB,ht29+INS,IKBKB,False,True,5
ht29+INS_INSR,0.013650748,0.00088356656,15.449597,0.9954022,0.13004169,0.8538033450888525,0.12598090368131049,0.9964123815528667,0.9997721416096214,0.9966394742192501,2363,1943,,,,,,,,,,,,,ht29+INS_INSR,ht29+INS,INSR,False,True,5
ht29+INS_IRS1,0.01296427,0.0024726163,5.243139,0.9959341,0.35207218,0.8614763384671881,0.2320390522095439,0.996836592377501,0.9993565150932691,0.9974784547078949,2455,1825,0.018719658255577087,0.030458321794867516,0.6145991086959839,0.8784986734390259,0.764448344707489,0.8433744504088589,0.4872180451127819,0.8831304425229298,0.7386911642757784,1.195534054328051,15.0,5.0,ht29+INS_IRS1,ht29+INS,IRS1,False,True,5
ht29+INS_IRS2,0.013606232,0.00059965556,22.690079,0.99560106,0.21071355,0.8550234904538687,0.15696823673935115,0.9965781797981399,0.9998439574118151,0.9967337127064018,2400,2026,,,,,,,,,,,,,ht29+INS_IRS2,ht29+INS,IRS2,False,True,5
ht29+INS_IRS4,0.014508542,0.001437346,10.09398,0.995146,0.07208058,0.8491649770163331,0.07110811613444382,0.9962096830541196,0.9996309139996032,0.9965775058598428,2256,2034,0.02871617302298546,0.03162653371691704,0.9079772233963013,0.13314057886600494,0.3038707673549652,0.4424242424242424,0.5515151515151515,0.41537801164933574,0.31184383337543764,1.3320064955373043,5.0,5.0,ht29+INS_IRS4,ht29+INS,IRS4,False,True,5
ht29+INS_MAPK1,0.017457742,0.006020816,2.899564,0.9940405,0.12757443,0.8493354846201463,0.1014909213510135,0.9953109343009453,0.9984951704373788,0.9968109649092858,2214,1969,0.15619923174381256,0.10874240845441818,1.4364150762557983,0.8367522954940796,-0.42643484473228455,0.6384615384615384,-0.033846153846153845,0.7749411267173107,0.8563286422886741,0.9049576160925292,15.0,10.0,ht29+INS_MAPK1,ht29+INS,MAPK1,False,True,5
ht29+INS_MAPK3,0.013290825,0.0012710731,10.456382,0.9955371,0.2248712,0.8538287973712988,0.15798512804226547,0.9965260620153691,0.9996682979089513,0.9968567214743581,2382,1958,0.039982870221138,0.06531807035207748,0.6121256947517395,0.9049128890037537,0.8322312235832214,0.7857142857142858,0.9523809523809524,0.9501029616457572,0.9049283942961824,1.0499205988388836,7.0,1.0,ht29+INS_MAPK3,ht29+INS,MAPK3,False,True,5
ht29+INS_MTOR,0.016328119,0.004738416,3.4459023,0.9947918,0.15457885,0.8491214459987179,0.12480075930761479,0.9958300154837506,0.9988298142796707,0.9969966867698243,2243,1941,0.03279297798871994,0.024577464908361435,1.3342701196670532,0.5475364327430725,0.30690866708755493,0.5150116999491455,-0.016923076923076923,0.863934978474986,0.7896184162689952,1.0941170579039203,14.0,11.0,ht29+INS_MTOR,ht29+INS,MTOR,False,False,5
ht29+INS_PIK3CA,0.013364319,0.002106319,6.3448696,0.9955276,0.25560096,0.8516229962992528,0.20210461882957134,0.9965037399194744,0.9994521237453463,0.9970499999391434,2364,1857,0.004710468463599682,0.00632843840867281,0.7443334460258484,0.7240627408027649,0.10958001017570496,0.6970150353573229,0.1346153846153846,0.9040654691707576,0.9358350214648645,0.9660521870143544,17.0,8.0,ht29+INS_PIK3CA,ht29+INS,PIK3CA,False,True,5
ht29+INS_POLR2G,0.040655114,0.05065915,0.8025226,0.9857057,0.37354144,0.7856166741205413,0.4184717772935818,0.9879890701045912,0.9901668751042155,0.9978005677079481,2759,1358,0.04201330244541168,0.09826768934726715,0.4275393486022949,-0.5951898097991943,0.7870938181877136,-0.3396831102433787,0.8823076923076922,0.009225349494284218,0.02502335899120023,0.3686695098579062,23.0,2.0,ht29+INS_POLR2G,ht29+INS,POLR2G,False,True,5
ht29+INS_POLR2L,0.024955852,0.02680101,0.9311534,0.9909654,0.40115136,0.7954412384874596,0.40221762441618913,0.9925826181999369,0.9945497323104974,0.9980221058367885,2768,1378,0.05601505935192108,0.06773574650287628,0.8269644975662231,-0.15202416479587555,0.13244017958641052,-0.07324878576047944,0.29846153846153844,0.47807974818882437,0.5106862939214979,0.9361515158703559,18.0,7.0,ht29+INS_POLR2L,ht29+INS,POLR2L,False,True,5
ht29+INS_PTEN,0.019732282,0.0027217118,7.249953,0.99392486,-0.11950806,0.8653847555321175,-0.006589482265380248,0.9952712790396496,0.9992898262663547,0.9959785968784256,2321,2190,0.8251909613609314,0.7864125967025757,1.0493104457855225,0.9991512894630432,-0.6483802795410156,0.7999999999999999,-0.39999999999999997,0.9956526525706059,0.9956025579122864,1.0000503159196623,1.0,3.0,ht29+INS_PTEN,ht29+INS,PTEN,False,True,5
ht29+INS_RAD51,0.02198648,0.0160718,1.3680161,0.9924428,0.24966775,0.8115332203595162,0.2751558455623846,0.9938086512792048,0.9965094388264647,0.9972897521668832,2566,1590,0.03579653427004814,0.04608367010951042,0.7767726182937622,-0.16738656163215637,-0.05705379694700241,0.17975896838068112,0.12384615384615384,0.4173081142125229,0.5013305452345245,0.8324011337017266,16.0,9.0,ht29+INS_RAD51,ht29+INS,RAD51,False,True,5
ht29+INS_RPS6KB1,0.01379848,0.0015957823,8.646843,0.99546576,0.21043496,0.8561993971739771,0.17915890035444335,0.9964682547526197,0.9995834238860204,0.996883532620729,2419,1921,0.004686128813773394,0.005381000228226185,0.8708657622337341,0.7496088743209839,-0.027277644723653793,0.45604395604395603,0.1043956043956044,0.9046302353240209,0.9839514989300168,0.9193849862597367,8.0,5.0,ht29+INS_RPS6KB1,ht29+INS,RPS6KB1,False,True,5
ht29+INS_SGK1,0.0143827945,0.0011239381,12.796785,0.99541914,0.16430637,0.8582471356080799,0.14610072990982506,0.9964231782054261,0.9997065173213099,0.9967156969980736,2328,1973,0.0018371166661381721,0.005408956669270992,0.3396434485912323,0.7044821977615356,0.05488874018192291,0.7,-0.6,0.9233651835482568,0.9264145439015694,0.9967084278054722,5.0,0.0,ht29+INS_SGK1,ht29+INS,SGK1,False,True,5
ht29+INS_SHC1,0.014805146,0.0016003483,9.251203,0.99507725,0.1126829,0.8385503695729852,0.11510522918503514,0.9961447840309967,0.9995951145562575,0.996548271920284,2329,1902,0.006342342123389244,0.009062396362423897,0.6998526453971863,0.5525357127189636,0.2162361890077591,0.37952282223457207,0.026153846153846153,0.788210312365261,0.9434453578585135,0.8354594209402716,17.0,8.0,ht29+INS_SHC1,ht29+INS,SHC1,False,False,5
ht29+INS_SMARCE1,0.043560367,0.056539685,0.7704388,0.9851886,0.38709316,0.7921017628864648,0.42193589357474,0.9875438945684488,0.9893484686266637,0.9981759975221675,2809,1336,0.03361165523529053,0.058576345443725586,0.5738093852996826,,0.33964791893959045,,0.4576923076923077,,,,21.0,4.0,ht29+INS_SMARCE1,ht29+INS,SMARCE1,False,True,5
ht29+INS_SP1,0.0141349025,0.0013066621,10.817565,0.995275,0.13288558,0.8545056682111201,0.13025139195404306,0.9963164948153286,0.9996594978414896,0.9966558582863672,2341,1968,0.0012737828074023128,0.004063925705850124,0.3134365379810333,0.9464794993400574,0.41656798124313354,1.0,0.5428571428571429,0.9564677104540378,0.9484176731218809,1.0084878609501855,6.0,0.0,ht29+INS_SP1,ht29+INS,SP1,False,True,5
ht29+INS_SREBF1,0.013936913,0.00059858605,23.283056,0.9953294,0.08699064,0.8557623119236918,0.11655574524111728,0.9963616479979925,0.9998438061333923,0.9965172978878911,2367,2019,,,,,,,,,,,,,ht29+INS_SREBF1,ht29+INS,SREBF1,False,True,5
ht29+INS_SREBF2,0.014605765,0.0007405728,19.722254,0.9951947,0.05224059,0.8536186575315649,0.06535716290523937,0.9962593554738748,0.9998070044894999,0.9964516661718763,2314,2129,0.003527375403791666,0.00660143606364727,0.5343345403671265,,,,,,,,1.0,0.0,ht29+INS_SREBF2,ht29+INS,SREBF2,False,True,5
ht29+INS_SRF,0.014085175,0.0037379707,3.7681339,0.9952772,0.24598065,0.8501879095427464,0.20075715309573236,0.9963147849801601,0.9990236299380078,0.9972885076221714,2400,1837,0.0074693504720926285,0.019654173403978348,0.38003888726234436,0.8856919407844543,0.8102661371231079,0.5247355654663907,0.30000000000000004,0.8851835500139571,0.9825816770070227,0.900875286734693,20.0,5.0,ht29+INS_SRF,ht29+INS,SRF,False,True,5
ht29+INS_TAF3,0.01396933,0.0019714648,7.0857615,0.99529207,0.19878104,0.8464960535216091,0.15512317944335577,0.9963274073532762,0.999487670407528,0.9968381170195294,2363,1932,0.0018128266092389822,0.003095108550041914,0.5857069492340088,0.039063602685928345,0.20991244912147522,-0.049999999999999996,0.5333333333333333,0.8499702289151028,0.9750996175978943,0.8716752766337442,8.0,1.0,ht29+INS_TAF3,ht29+INS,TAF3,False,True,5
ht29+INS_TAF7,0.014570103,0.0009791153,14.880886,0.99519724,0.09061767,0.8397637598649024,0.1244253350030829,0.9962454449718309,0.9997447305285599,0.996499820954416,2376,1947,0.005313303787261248,0.005460735876113176,0.9730014204978943,1.0,1.0,0.9999999999999999,0.9999999999999999,0.9653589173072159,0.974064925043818,0.9910621894775541,1.0,1.0,ht29+INS_TAF7,ht29+INS,TAF7,False,False,5
ht29+INS_TAF8,0.017010992,0.0050969715,3.3374705,0.99426305,0.100133896,0.8398010889750747,0.14154033923058917,0.9954284202811219,0.9987684585155333,0.9966558432978794,2326,1855,0.024320092052221298,0.027330467477440834,0.88985276222229,0.4095979630947113,0.16541126370429993,0.28131619079993364,0.2069230769230769,0.8651572293894499,0.9332945817842455,0.9269926626333429,17.0,8.0,ht29+INS_TAF8,ht29+INS,TAF8,False,False,5
ht29+INS_TSC1,0.0237961,0.0126033425,1.8880785,0.9919944,0.096115276,0.8418915372712672,0.12850410502618922,0.9936958815693434,0.9967622074003977,0.996923713792228,2321,1865,0.383290559053421,0.31675055623054504,1.2100707292556763,0.7666335701942444,-0.16260379552841187,0.84080885911856,0.3830769230769231,0.8205361319993216,0.8897601215528218,0.9221992671095559,18.0,7.0,ht29+INS_TSC1,ht29+INS,TSC1,False,True,5
ht29+INS_TSC2,0.015371786,0.0020464098,7.5115876,0.99485457,0.08002174,0.8456288107833165,0.106514578904291,0.9959791530419797,0.999465865053166,0.9965114246187879,2353,2009,0.41813045740127563,0.19567541778087616,2.136857271194458,0.965552806854248,-0.6169073581695557,0.5714285714285715,0.14285714285714288,0.9657175451614337,0.9534851808610558,1.012829107935722,4.0,3.0,ht29+INS_TSC2,ht29+INS,TSC2,False,True,5
ht29+INS_TTF1,0.014976126,0.003554013,4.2138634,0.99493563,0.16032058,0.8472408023151025,0.1628168906684484,0.9960012648595508,0.9991199448231055,0.996878573008462,2349,1845,0.02013368345797062,0.02132512256503105,0.9441297650337219,0.7523276805877686,0.08345401287078857,0.6136672717193152,0.06,0.8962208671323739,0.9332574224396527,0.9603147487319623,16.0,9.0,ht29+INS_TTF1,ht29+INS,TTF1,False,True,5
ht29+INS_TTF2,0.022869455,0.017086308,1.3384666,0.9924767,0.23026839,0.819405567219381,0.23775372881514736,0.9938511501696181,0.9965299392852762,0.9973118829549874,2505,1658,0.03440109267830849,0.03737148642539978,0.920517086982727,-0.135555699467659,0.2055426388978958,0.06915833864627882,0.03846153846153846,0.4711281674526091,0.4405192240152468,1.0694837858796893,17.0,8.0,ht29+INS_TTF2,ht29+INS,TTF2,False,True,5
ht29+INS_XBP1,0.016355958,0.0057938616,2.8229804,0.99444026,0.17732334,0.8423408989834157,0.1791409291275629,0.9955693389219705,0.9986116997780512,0.9969534095617377,2367,1807,0.03898420184850693,0.05444697290658951,0.7160031199455261,0.9681094288825989,0.569692850112915,0.1739130563515537,-0.03846153846153846,0.9569345566214568,0.9791029504568042,0.977358464883591,16.0,9.0,ht29+INS_XBP1,ht29+INS,XBP1,False,True,5
ht29+INS_ZNF593,0.014530414,0.0007581984,19.164396,0.9951478,0.072868474,0.8526864129886688,0.10486434760627926,0.9962135079691506,0.9998023203057377,0.9964104780878188,2380,1976,,,,,,,,,,,,,ht29+INS_ZNF593,ht29+INS,ZNF593,False,False,5
ht29+TGFB_CHUK,0.0056712846,0.008985933,0.6311292,0.9982008,0.55520475,0.8618729934714975,0.4900061733216751,0.9985646457899137,0.9979715247804787,1.0005943265861874,2547,1032,0.038373254239559174,0.10756086558103561,0.3567585051059723,0.7483917474746704,0.41047239303588867,0.6492307692307692,0.3861538461538461,0.9435486041521486,0.962289288830465,0.9805248952723008,25.0,0.0,ht29+TGFB_CHUK,ht29+TGFB,CHUK,True,False,5
ht29+TNFA_CHUK,0.013329356,0.013367465,0.9971491,0.99558544,0.2277098,0.8667877557760635,0.19111731756787698,0.9965405111225812,0.9966501551812177,0.99988998741628,2299,1654,0.5198378562927246,0.6308653354644775,0.8240076303482056,0.8589326739311218,0.30317795276641846,0.8046153846153845,0.39692307692307693,0.9626313215084104,0.9663187844829957,0.9961840098383701,18.0,7.0,ht29+TNFA_CHUK,ht29+TNFA,CHUK,True,False,5
ht29+TNFA_MTOR,0.00745392,0.0063645556,1.171161,0.9978432,0.2028594,0.8613192613444189,0.16034488776904854,0.9982382975935988,0.9984932874112346,0.999744625406249,2158,1769,0.02823837846517563,0.02993132546544075,0.9434389472007751,0.6618231534957886,0.020082302391529083,0.5293325737463268,0.10538461538461538,0.9200080933863215,0.9420285690928127,0.9766244077632409,15.0,10.0,ht29+TNFA_MTOR,ht29+TNFA,MTOR,True,False,5
k562+IFNB_H1F0,0.012271472,0.007811171,1.5710157,0.9974518,0.5217224,0.8597969844848169,0.4447816474595114,0.9979349807333706,0.9978797736958185,1.0000553243376682,2544,1096,,,,,,,,,,,,,k562+IFNB_H1F0,k562+IFNB,H1F0,True,False,5
k562+IFNB_NFE2L3,0.010732341,0.01770691,0.6061103,0.9964898,0.56845385,0.8829288833064455,0.48741309646682573,0.9971532497248498,0.9957224551913094,1.0014369411135409,2498,1050,0.11353570967912674,0.2633558213710785,0.4311114549636841,0.9782766103744507,0.599090576171875,0.8684615384615384,0.5830769230769232,0.9689582556549922,0.9536377905374176,1.0160652873340315,25.0,0.0,k562+IFNB_NFE2L3,k562+IFNB,NFE2L3,True,False,5
k562+IFNB_USP18,0.021796858,0.017203955,1.2669679,0.99336237,0.30412826,0.8580750394582439,0.45970357334345624,0.9947319919172091,0.9951104062426436,0.99961972629061,2589,1047,0.565996527671814,0.5910643935203552,0.9575886130332947,0.8202130794525146,0.647975504398346,0.673076923076923,0.5946153846153845,0.9140771117383862,0.8536545859349282,1.0707810006517835,16.0,9.0,k562+IFNB_USP18,k562+IFNB,USP18,True,False,5
k562+INS_CHUK,0.010457732,0.005479564,1.9084971,0.9963496,0.28933817,0.8847843876028917,0.26484695836731487,0.9971395991936729,0.9984005988208617,0.9987369802976099,2470,1555,0.09809617698192596,0.1815892606973648,0.5402091145515442,0.5291948318481445,0.5517673492431641,0.6453980801806889,0.7707509881422926,0.7159621634484578,0.702976269978994,1.0184727337522386,19.0,3.0,k562+INS_CHUK,k562+INS,CHUK,True,False,5
k562+INS_MTOR,0.08301742,0.08512345,0.97525907,0.9783434,0.16346693,0.8359068407916822,0.1341904648241991,0.9808799857550747,0.9802992686492211,1.0005923875743106,2120,1739,0.5106754302978516,0.616407036781311,0.8284711241722107,0.8683779835700989,-0.017840832471847534,0.4498988904200722,0.10999999999999999,0.8953324485389956,0.8941019401804422,1.0013762506301072,19.0,6.0,k562+INS_MTOR,k562+INS,MTOR,True,False,5
k562+INS_TAF8,0.015168867,0.021931503,0.6916474,0.9946679,0.49323875,0.8766287309958708,0.39100445296076175,0.9955175322442747,0.9945308839177065,1.0009920740949558,2540,1348,0.09281416982412338,0.1913030594587326,0.4851682484149933,0.5455892086029053,0.6716467142105103,0.44726726109185877,0.4084615384615385,0.8607407162201559,0.9282544482572263,0.9272680759420807,21.0,4.0,k562+INS_TAF8,k562+INS,TAF8,True,False,5
k562+TGFB_AKT1,0.014185397,0.006645346,2.1346364,0.99468285,0.3159005,0.8758302424576248,0.2799473754101331,0.9958047823212667,0.9980429612890911,0.9977574322402579,2027,1245,,,,,,,,,,,,,k562+TGFB_AKT1,k562+TGFB,AKT1,False,True,5
k562+TGFB_ATF2,0.027561853,0.03216686,0.85684,0.99083805,0.41012025,0.8506357964253962,0.34511770815392956,0.9922178819424713,0.9924252436889839,0.9997910555501976,2027,1109,0.3221660256385803,0.7120470404624939,0.4524504840373993,0.938224196434021,0.5894505977630615,0.9393939393939393,0.6363636363636362,0.9363054201747555,0.9416758172980139,0.9942969788279497,9.0,1.0,k562+TGFB_ATF2,k562+TGFB,ATF2,False,True,5
k562+TGFB_CHUK,0.021579502,0.022733994,0.9492174,0.9913831,0.3794705,0.8485237399146598,0.3894711689119462,0.9929448626596334,0.9943032326947201,0.9986338473109403,2112,1023,0.41030940413475037,0.8008306622505188,0.5123547911643982,0.8687960505485535,0.18712933361530304,0.7714285714285715,0.08571428571428573,0.9588722958862667,0.9785898690448347,0.9798510348591554,6.0,0.0,k562+TGFB_CHUK,k562+TGFB,CHUK,False,False,5
k562+TGFB_CREBBP,0.021133294,0.012346749,1.7116485,0.9918374,0.19397438,0.8655161346344366,0.2617420589338584,0.9935764017355377,0.9962904717613608,0.9972758245684867,2039,1224,0.9335119128227234,0.534694254398346,1.7458797693252563,-0.03959491848945618,-0.46863704919815063,0.5,-0.5,0.6908155620457189,0.8100094156172958,0.8528488048737791,1.0,2.0,k562+TGFB_CREBBP,k562+TGFB,CREBBP,False,True,5
k562+TGFB_CUL1,0.15665066,0.26225308,0.59732634,0.95041835,0.6755744,0.746181486737104,0.6160177858438475,0.9562595435707659,0.949028470488246,1.007619448001175,2307,615,1.8889390230178833,3.260903835296631,0.5792685747146606,0.8605169057846069,0.3279528319835663,0.8114660085075814,0.25076923076923074,0.9040654593201907,0.8817843667275077,1.025268187363508,25.0,0.0,k562+TGFB_CUL1,k562+TGFB,CUL1,False,True,5
k562+TGFB_EP300,0.07699038,0.10392719,0.74081075,0.9778625,0.45400292,0.8102956029337561,0.4515362769715484,0.980634068147517,0.979406643655218,1.0012532327611319,2178,898,0.6009400486946106,1.0579864978790283,0.5680035352706909,0.746356189250946,0.5664665699005127,0.5438461538461539,0.09153846153846153,0.865126551399863,0.8880737661853786,0.9741606883805579,20.0,5.0,k562+TGFB_EP300,k562+TGFB,EP300,False,True,5
k562+TGFB_FOS,0.0155593045,0.012324972,1.2624211,0.9942213,0.389324,0.8654442279138764,0.3173564456362069,0.9953031531693222,0.9966469070026819,0.9986517252761051,2019,1172,,,,,,,,,,,,,k562+TGFB_FOS,k562+TGFB,FOS,False,True,5
k562+TGFB_FOXP2,0.02037632,0.020671116,0.98573875,0.9920988,0.3810549,0.8467270240001725,0.36203146370615313,0.9935105259157543,0.9945528931711161,0.9989519237614017,2108,1046,0.24396386742591858,0.5565394759178162,0.4383586049079895,0.8592451214790344,0.38154545426368713,0.8095238095238096,0.19047619047619052,0.9599832591848132,0.9728534238009456,0.9867707053279942,8.0,0.0,k562+TGFB_FOXP2,k562+TGFB,FOXP2,False,True,5
k562+TGFB_HDAC4,0.0635736,0.083673075,0.7597856,0.9806684,0.42435706,0.8219558768944238,0.438587524000433,0.9832367898989265,0.9826107172279707,1.000637152292336,2149,938,0.5894915461540222,0.8512494564056396,0.6925015449523926,0.9282881617546082,0.29397398233413696,0.7228639555340025,0.10692307692307691,0.8976644881381306,0.8885147624500268,1.0102977756530167,22.0,3.0,k562+TGFB_HDAC4,k562+TGFB,HDAC4,False,True,5
k562+TGFB_HDAC5,0.013665486,0.005902291,2.3152852,0.9948226,0.34418646,0.8706324874831053,0.3286733243133448,0.9959254480794317,0.9982357244762807,0.9976856404352178,2126,1166,,,,,,,,,,,,,k562+TGFB_HDAC5,k562+TGFB,HDAC5,False,True,5
k562+TGFB_HRAS,0.014250363,0.0046326392,3.076079,0.9948569,0.29116964,0.8805157799510529,0.30369017510224433,0.9959380156814217,0.998612591934049,0.9973217078632591,2150,1232,,,,,,,,,,,,,k562+TGFB_HRAS,k562+TGFB,HRAS,False,True,5
k562+TGFB_IKBKB,0.07379831,0.1122156,0.6576475,0.97672224,0.53352654,0.8013058530143305,0.5341472768122638,0.9796135232667567,0.9772392879087832,1.0024295332651372,2271,777,0.6620122790336609,1.1294993162155151,0.5861112475395203,0.6976298689842224,0.2796439230442047,0.508559347741747,0.2892307692307692,0.8951626707061745,0.9011249582734732,0.9933835063466423,21.0,4.0,k562+TGFB_IKBKB,k562+TGFB,IKBKB,False,True,5
k562+TGFB_IRF7,0.0170011,0.008612652,1.973968,0.9934035,0.22243896,0.8719931428923345,0.2526163777363758,0.9947846966158097,0.9974573080259337,0.9973205756390583,2011,1236,,,,,,,,,,,,,k562+TGFB_IRF7,k562+TGFB,IRF7,False,True,5
k562+TGFB_JUN,0.0155345565,0.009580327,1.6215059,0.99395764,0.31762412,0.8707282520143159,0.28381792169947834,0.9952177808575257,0.9971541536542474,0.9980581008566974,2047,1186,0.12050054222345352,0.4953914284706116,0.24324309825897217,,,,,,,,1.0,0.0,k562+TGFB_JUN,k562+TGFB,JUN,False,True,5
k562+TGFB_KRAS,0.0137824705,0.008280939,1.6643608,0.9945792,0.36455885,0.8684620968501302,0.3317750705996529,0.9957103893833552,0.9976000622654442,0.9981057811105206,2100,1139,,,,,,,,,,,,,k562+TGFB_KRAS,k562+TGFB,KRAS,False,True,5
k562+TGFB_MAP3K7,0.016992193,0.009744312,1.7438064,0.9937999,0.27347338,0.8668173582119358,0.2548187530738605,0.9950026303837323,0.9972555446200916,0.9977408857253157,1966,1264,,,,,,,,,,,,,k562+TGFB_MAP3K7,k562+TGFB,MAP3K7,False,True,5
k562+TGFB_MAPK1,0.040675517,0.048815437,0.8332511,0.98683757,0.39391336,0.8392611027054644,0.30788807827467074,0.9886998526080416,0.9883689542264377,1.0003347923669486,1952,1152,0.5811057090759277,1.1767840385437012,0.4938082993030548,0.9663828611373901,0.2513861060142517,0.8761538461538461,0.26692307692307693,0.9764001836920192,0.9503769793873339,1.027381980907683,25.0,0.0,k562+TGFB_MAPK1,k562+TGFB,MAPK1,False,True,5
k562+TGFB_MAPK3,0.014589613,0.0075925463,1.9215705,0.9943415,0.30270916,0.87671718113907,0.2845076147085082,0.9955218929338947,0.9977845085200363,0.9977323604778173,2023,1220,,,,,,,,,,,,,k562+TGFB_MAPK3,k562+TGFB,MAPK3,False,True,5
k562+TGFB_MAPK14,0.02776745,0.026141247,1.0622083,0.99064887,0.30974835,0.8608386819943509,0.2733566151405631,0.9921877363988829,0.9932873703228557,0.9988929347570227,1951,1204,0.1966402530670166,0.6456106901168823,0.3045802414417267,0.731138288974762,0.8462883830070496,0.7912087912087913,0.7032967032967032,0.9162882597737854,0.966484556390441,0.9480630121973959,12.0,1.0,k562+TGFB_MAPK14,k562+TGFB,MAPK14,False,True,5
k562+TGFB_MED15,0.047131114,0.06387847,0.73782474,0.98554564,0.4588539,0.823346537458344,0.4194579109068943,0.9877156374584751,0.9866962199939299,1.0010331624302276,2122,966,0.48951777815818787,0.8672299981117249,0.5644612908363342,0.8243634104728699,0.46479690074920654,0.6246153846153846,0.41615384615384615,0.9205787636842241,0.9370909134518306,0.9823793513195181,20.0,5.0,k562+TGFB_MED15,k562+TGFB,MED15,False,True,5
k562+TGFB_MYC,0.016496163,0.008018281,2.0573192,0.99360216,0.2261054,0.8704594716250992,0.24502662429364613,0.9949329334944795,0.9976305490630233,0.9972959773825317,1986,1255,,,,,,,,,,,,,k562+TGFB_MYC,k562+TGFB,MYC,False,True,5
k562+TGFB_NFKB1,0.034409285,0.044571802,0.77199674,0.9879259,0.42599744,0.843540179041304,0.40634327173896984,0.9897573322368122,0.9897898423422711,0.9999671545371874,2137,982,0.3742009997367859,0.6873440742492676,0.5444158315658569,0.8577207922935486,0.026565302163362503,0.8676923076923077,-0.009999999999999998,0.9555934140085885,0.9646411410141477,0.9906206291429297,23.0,2.0,k562+TGFB_NFKB1,k562+TGFB,NFKB1,False,True,5
k562+TGFB_NRAS,0.056396887,0.083247475,0.6774606,0.9818212,0.50831366,0.8200446669764414,0.48985020162303045,0.9840640104630425,0.982230771386337,1.001866403629483,2231,849,0.5465714931488037,0.9247742295265198,0.5910323858261108,0.7570971250534058,0.2616184651851654,0.81,0.22538461538461538,0.9532405287619744,0.9633889283691918,0.9894659370599199,21.0,4.0,k562+TGFB_NRAS,k562+TGFB,NRAS,False,True,5
k562+TGFB_PAK1,0.0142282285,0.005493189,2.590158,0.9945934,0.2816001,0.8835379525413988,0.3025520081372978,0.9957704799636558,0.9983461075810199,0.9974201055147048,2107,1220,,,,,,,,,,,,,k562+TGFB_PAK1,k562+TGFB,PAK1,False,True,5
k562+TGFB_PIK3CA,0.015537721,0.0090496205,1.7169473,0.9938648,0.3036565,0.8711679525901682,0.30411904744594803,0.9951563385500096,0.9973809323726573,0.9977695645159812,2065,1170,,,,,,,,,,,,,k562+TGFB_PIK3CA,k562+TGFB,PIK3CA,False,True,5
k562+TGFB_PPP2CA,0.022461485,0.021419706,1.0486364,0.99177337,0.3435576,0.8575549195352462,0.3234436248307083,0.9932534927449967,0.994470671135936,0.9987760540091656,2058,1108,,,,,,,,,,,,,k562+TGFB_PPP2CA,k562+TGFB,PPP2CA,False,True,5
k562+TGFB_PRKCA,0.014731134,0.007050547,2.0893605,0.99427116,0.28344643,0.8738060174402743,0.3102765444335412,0.9954776576413276,0.9979018110557597,0.99757074955915,2107,1154,,,,,,,,,,,,,k562+TGFB_PRKCA,k562+TGFB,PRKCA,False,True,5
k562+TGFB_RAF1,0.0363893,0.040797144,0.891957,0.9886111,0.35668588,0.8434252106548106,0.32975499603628916,0.9902027248429757,0.9907935086680929,0.999403726588892,2015,1115,0.31949543952941895,0.5682325959205627,0.562261700630188,0.6607630252838135,0.7354481816291809,0.7038461538461539,0.27692307692307694,0.917462823297612,0.96097647916166,0.9547193330871027,20.0,5.0,k562+TGFB_RAF1,k562+TGFB,RAF1,False,True,5
k562+TGFB_RBL1,0.044403844,0.059767652,0.7429411,0.98604965,0.4503438,0.8308449363047046,0.42220037990366455,0.987861125873508,0.9871919198741573,1.000677888448921,2125,958,0.3838864862918854,0.7485164403915405,0.5128631591796875,0.9208442568778992,0.6902920603752136,0.7192307692307691,0.4338461538461538,0.9168539020456552,0.9005784511207083,1.018072218921842,22.0,3.0,k562+TGFB_RBL1,k562+TGFB,RBL1,False,True,5
k562+TGFB_RBX1,0.06207608,0.08117007,0.7647657,0.9817575,0.42745447,0.8089407418165175,0.42347595220694495,0.9839349484538528,0.9828117613237963,1.0011428303712437,2112,945,0.4473270773887634,0.8234735131263733,0.5432197451591492,0.6388463973999023,0.7130306959152222,0.4684615384615385,0.4761538461538461,0.8984151447063756,0.9464884859030225,0.9492087416670671,22.0,3.0,k562+TGFB_RBX1,k562+TGFB,RBX1,False,True,5
k562+TGFB_RELA,0.013515042,0.007251283,1.8638139,0.9947127,0.35326302,0.8746425200452363,0.33355104123155854,0.9958315855746743,0.9978579833944339,0.9979692522849131,2136,1115,,,,,,,,,,,,,k562+TGFB_RELA,k562+TGFB,RELA,False,True,5
k562+TGFB_RHOA,0.07101571,0.104959436,0.67660147,0.9764259,0.50325197,0.8072872196108118,0.5038216653547313,0.979487762111052,0.977995814185384,1.0015255156556173,2234,776,0.6021950244903564,1.0173934698104858,0.5918998122215271,0.5915090441703796,0.3009178340435028,0.5543373828259135,0.2630769230769231,0.9129887025665859,0.9365721288794391,0.9748194233143906,22.0,3.0,k562+TGFB_RHOA,k562+TGFB,RHOA,False,True,5
k562+TGFB_RPS6KB1,0.014586737,0.008369934,1.7427542,0.99433315,0.32791638,0.8734713062866597,0.30152187525472707,0.9955062010375101,0.9976036132331159,0.9978975495198856,2043,1194,,,,,,,,,,,,,k562+TGFB_RPS6KB1,k562+TGFB,RPS6KB1,False,True,5
k562+TGFB_RUNX1,0.014398931,0.004751577,3.0303478,0.99463606,0.28007394,0.8890911725059918,0.3141621668052678,0.9958201155468881,0.9985891681065581,0.9972270352532259,2175,1216,,,,,,,,,,,,,k562+TGFB_RUNX1,k562+TGFB,RUNX1,False,True,5
k562+TGFB_RUNX2,0.023042679,0.0304654,0.7563557,0.9915745,0.47724766,0.8461287254554692,0.4145528211056554,0.9929059425965977,0.9927702798044081,1.0001366507387957,2164,968,0.25460129976272583,0.4890318810939789,0.5206230878829956,0.9494543671607971,0.5237444639205933,0.8999999999999998,0.7999999999999999,0.9819163147788931,0.9709882215063692,1.01125460951068,5.0,0.0,k562+TGFB_RUNX2,k562+TGFB,RUNX2,False,True,5
k562+TGFB_RUNX3,0.015811313,0.0073148897,2.1615245,0.9940057,0.25497705,0.8729407749509075,0.2679988183752523,0.9952669846381393,0.9978420142704866,0.9974194014728576,2045,1237,,,,,,,,,,,,,k562+TGFB_RUNX3,k562+TGFB,RUNX3,False,True,5
k562+TGFB_SKP1,0.064937964,0.13376443,0.4854651,0.9744748,0.6680441,0.7758340081719087,0.6398374260222202,0.9780837714591345,0.9743187341173212,1.0038642768633863,2473,586,0.5693116784095764,1.1620906591415405,0.48990297317504883,0.7561858892440796,0.35199928283691406,0.6907692307692308,0.2915384615384616,0.9208237601721279,0.9177850106681461,1.0033109600490964,23.0,2.0,k562+TGFB_SKP1,k562+TGFB,SKP1,False,True,5
k562+TGFB_SMAD1,0.015189865,0.0087114535,1.7436659,0.9941117,0.30303192,0.8651261809139149,0.28054161699194613,0.9953136201953687,0.9975318944543575,0.9977762372598601,1991,1237,,,,,,,,,,,,,k562+TGFB_SMAD1,k562+TGFB,SMAD1,False,True,5
k562+TGFB_SMAD2,0.016356718,0.006264997,2.61081,0.9937149,0.1723291,0.8791237295852619,0.25131345056368276,0.9950781944660442,0.9981138801571663,0.9969585778221578,2059,1253,,,,,,,,,,,,,k562+TGFB_SMAD2,k562+TGFB,SMAD2,False,True,5
k562+TGFB_SMAD3,0.01648919,0.008609743,1.915178,0.9940536,0.27998972,0.8740367392269885,0.28229393474786996,0.9952633298773897,0.9975337188192773,0.9977239977967112,2003,1227,,,,,,,,,,,,,k562+TGFB_SMAD3,k562+TGFB,SMAD3,False,False,5
k562+TGFB_SMAD4,0.033521887,0.03190988,1.0505176,0.9890797,0.27282518,0.8461529750953005,0.24303072849894372,0.990798630249503,0.9921310323567044,0.998657030106158,1884,1243,0.400666743516922,0.5790255665779114,0.691967248916626,0.7962732911109924,0.20497652888298035,0.7069230769230769,0.15153846153846154,0.9594833246950131,0.9763149118504527,0.9827600839123332,21.0,4.0,k562+TGFB_SMAD4,k562+TGFB,SMAD4,False,True,5
k562+TGFB_SMAD5,0.0685511,0.06802724,1.0077007,0.9828755,0.22062247,0.8315872842567591,0.18280452366557384,0.9849574679577694,0.985864905535549,0.9990795517999633,1758,1331,0.9143543839454651,0.9892749190330505,0.9242672324180603,0.9263138771057129,-0.3471527397632599,0.8576923076923076,-0.43461538461538457,0.9422991698283741,0.9358105585950199,1.0069336802986022,17.0,8.0,k562+TGFB_SMAD5,k562+TGFB,SMAD5,False,False,5
k562+TGFB_SMAD6,0.014174313,0.011615865,1.2202547,0.99446654,0.419592,0.8678461840761776,0.36387308028814447,0.99554332891993,0.9967503791616606,0.9987890145146011,2092,1081,,,,,,,,,,,,,k562+TGFB_SMAD6,k562+TGFB,SMAD6,False,True,5
k562+TGFB_SMAD7,0.018375179,0.016617132,1.1057972,0.99306554,0.3679003,0.8601176729420047,0.3280834936237915,0.9942803467045757,0.9956174195217945,0.9986570415593361,2034,1126,,,,,,,,,,,,,k562+TGFB_SMAD7,k562+TGFB,SMAD7,False,True,5
k562+TGFB_SMAD9,0.015525799,0.006406053,2.423614,0.9939481,0.21942212,0.8760709394177434,0.2728630705445863,0.9952475761998586,0.9980850704182022,0.9971570617551121,2063,1207,,,,,,,,,,,,,k562+TGFB_SMAD9,k562+TGFB,SMAD9,False,True,5
k562+TGFB_SMURF1,0.014252774,0.006277228,2.2705524,0.9945261,0.29495043,0.8834199813817059,0.3210576344720861,0.9957228605468368,0.998116970551571,0.9976013733105739,2201,1192,1.814368486404419,1.9439544677734375,0.93333899974823,,,,,,,,1.0,0.0,k562+TGFB_SMURF1,k562+TGFB,SMURF1,False,True,5
k562+TGFB_SMURF2,0.015199478,0.007566202,2.0088649,0.994188,0.28480035,0.8761632773909227,0.2665485418716128,0.9953967526327139,0.9977628338515282,0.9976286135957972,1995,1259,0.875533938407898,0.9210851788520813,0.9505460858345032,,,,,,,,1.0,0.0,k562+TGFB_SMURF2,k562+TGFB,SMURF2,False,True,5
k562+TGFB_SP1,0.03685737,0.043620776,0.8449499,0.98843217,0.39322644,0.8406519316571054,0.3462144584228104,0.9899684612419508,0.9896950765880999,1.0002762311951612,2026,1088,0.36695531010627747,0.6844653487205505,0.5361196398735046,0.610953152179718,0.5028682947158813,0.6823076923076923,0.35230769230769227,0.9120670011669844,0.9747698322306269,0.9356742186818034,21.0,4.0,k562+TGFB_SP1,k562+TGFB,SP1,False,True,5
k562+TGFB_TGFBR1,0.015178986,0.007594637,1.9986453,0.9942391,0.28403735,0.8753750450024381,0.279577619447988,0.9954459375756743,0.9977637648997179,0.997676977852291,2029,1241,3.154873847961426,3.146038770675659,1.0028083324432373,,,,,,,,0.0,1.0,k562+TGFB_TGFBR1,k562+TGFB,TGFBR1,False,True,5
k562+TGFB_TGFBR2,0.013289932,0.005259336,2.526922,0.99508977,0.34650153,0.8833337437123086,0.30855444770619755,0.9961605408666452,0.9984161822520621,0.9977407804225198,2114,1219,,,,,,,,,,,,,k562+TGFB_TGFBR2,k562+TGFB,TGFBR2,False,True,5
k562+TGFB_TGFBR3,0.023693202,0.016731655,1.4160705,0.9918821,0.227812,0.8594365220891409,0.2215108536381023,0.9933347278096174,0.9953980383039135,0.997927150330925,1860,1323,0.8384233117103577,1.1966623067855835,0.7006348371505737,-1.0,1.0,-0.9999999999999999,0.9999999999999999,0.9818157722886263,0.9977951983263591,0.9839852646469579,1.0,1.0,k562+TGFB_TGFBR3,k562+TGFB,TGFBR3,False,True,5
k562+TGFB_TGIF1,0.022067558,0.019512182,1.1309631,0.9919419,0.31270203,0.8549392413667237,0.2915744951210462,0.9933684696181749,0.9950131920496172,0.9983470345472965,1972,1160,,,,,,,,,,,,,k562+TGFB_TGIF1,k562+TGFB,TGIF1,False,True,5
k562+TNFA_CHUK,0.006009023,0.009732083,0.6174447,0.9977237,0.5855142,0.8955546936981776,0.3811448655466516,0.9981823122263841,0.9973712635896466,1.0008131862891443,2491,1376,0.07163533568382263,0.2299797087907791,0.3114854693412781,0.9874542951583862,0.8908360600471497,0.9146153846153846,0.7,0.9782366987736891,0.983434940827986,0.9947141983282389,22.0,3.0,k562+TNFA_CHUK,k562+TNFA,CHUK,True,False,5
k562+TNFA_MTOR,0.058450196,0.057943903,1.0087377,0.9876782,0.16083892,0.8536358509040501,0.08357872423950519,0.9888360281092832,0.987966653800631,1.0008799632106082,1939,1864,0.19209152460098267,0.21747085452079773,0.8832978010177612,0.1599704921245575,0.5729223489761353,0.10854506680542529,0.4015384615384615,0.8396648947989147,0.8011055327626507,1.048132687216989,14.0,11.0,k562+TNFA_MTOR,k562+TNFA,MTOR,True,False,5
mcf7+IFNB_ADAR,0.061729003,0.0054984745,11.226569,0.98798996,0.17849764,0.723148391240069,0.1658693052764646,0.990484981661652,0.9985897416273041,0.9918837940870046,2301,1676,0.04861456900835037,0.11391077190637589,0.4267776310443878,0.5712613463401794,0.6405331492424011,0.44307692307692315,0.5846153846153846,0.7242490802038846,0.7594182095447338,0.9536893783967428,21.0,4.0,mcf7+IFNB_ADAR,mcf7+IFNB,ADAR,False,True,5
mcf7+IFNB_AKT1,0.040330768,0.0050639138,7.9643474,0.9887024,0.18946321,0.7767624891063564,0.19844789704932408,0.9910972692808421,0.9987744242456849,0.9923134245546577,2315,1647,0.028899643570184708,0.03265013545751572,0.8851308822631836,0.7417522668838501,-0.08394643664360046,0.44277746539391144,-0.2353846153846154,0.8466936439213468,0.9695033344114736,0.873327211850512,21.0,4.0,mcf7+IFNB_AKT1,mcf7+IFNB,AKT1,False,True,5
mcf7+IFNB_BATF2,0.042499077,0.004346857,9.776967,0.99055123,0.29357412,0.7539777917034062,0.18907977257688915,0.9925766844842309,0.9988613661844918,0.9937081541913393,2275,1742,0.00637977896258235,0.017252370715141296,0.3697914481163025,0.49384090304374695,0.18766404688358307,0.5363636363636364,0.2545454545454546,0.6434571409861304,0.9480004954341176,0.6787519037017721,10.0,1.0,mcf7+IFNB_BATF2,mcf7+IFNB,BATF2,False,True,5
mcf7+IFNB_BRD9,0.051326483,0.0037362885,13.737291,0.9876071,0.047643404,0.7380370756310921,0.1114885586768537,0.9902326381058442,0.9990562032979964,0.9911680992890844,2235,1729,0.025605512782931328,0.024091072380542755,1.0628631114959717,0.5742543339729309,-0.362415611743927,-0.14285714285714288,-0.3142857142857143,0.7637456373026573,0.9694684216779101,0.7877983647789192,5.0,1.0,mcf7+IFNB_BRD9,mcf7+IFNB,BRD9,False,True,5
mcf7+IFNB_CEBPB,0.04843304,0.0126232235,3.8368201,0.99038637,0.33557862,0.7373695609270471,0.18761321240423226,0.9924105831268051,0.9966805429454333,0.9957158190266167,2294,1672,0.07575258612632751,0.439320832490921,0.1724311262369156,0.9788612723350525,0.9220644235610962,0.913076923076923,0.8876923076923076,0.9854648319046815,0.8929566191816515,1.1035976560740532,24.0,1.0,mcf7+IFNB_CEBPB,mcf7+IFNB,CEBPB,False,True,5
mcf7+IFNB_CEBPG,0.050629146,0.0052578365,9.629273,0.98780364,0.11041184,0.7424349523725137,0.17724011599508568,0.9903823451693334,0.9986561279497863,0.9917150833516251,2322,1645,0.02037443406879902,0.037982963025569916,0.5364097952842712,0.6549021005630493,0.48585373163223267,0.549407114624506,0.2682100508187465,0.8092441761271071,0.9768560179717789,0.828417045336241,16.0,6.0,mcf7+IFNB_CEBPG,mcf7+IFNB,CEBPG,False,True,5
mcf7+IFNB_CRKL,0.048111964,0.0049610627,9.697915,0.989056,0.23993598,0.7526321281397994,0.23542885687438578,0.9913745058512607,0.9987473911864535,0.9926178677408767,2410,1561,0.11129297316074371,0.08448446542024612,1.3173187971115112,0.6932365298271179,0.44497770071029663,0.425974025974026,0.24805194805194808,0.7892946912528377,0.9793048124639595,0.8059744843558454,11.0,10.0,mcf7+IFNB_CRKL,mcf7+IFNB,CRKL,False,True,5
mcf7+IFNB_DRAP1,0.053623732,0.0057440638,9.335505,0.9888106,0.18028268,0.7352828716223069,0.13791831076946864,0.9911538029158156,0.998492512894007,0.9926502103086171,2266,1760,0.05946139991283417,0.03877345100045204,1.5335596799850464,0.6832608580589294,-0.0021030306816101074,0.4421052631578948,0.05964912280701754,0.8494592877056486,0.9798010503997375,0.8669711951820094,11.0,8.0,mcf7+IFNB_DRAP1,mcf7+IFNB,DRAP1,False,False,5
mcf7+IFNB_DTX3L,0.048410475,0.0026452667,18.300793,0.9892738,0.11858707,0.7438942908585853,0.10933466027209272,0.9915431338459467,0.9993058132837014,0.9922319280699002,2283,1809,0.32553616166114807,0.16909505426883698,1.9251666069030762,-0.06902913004159927,-0.9998056888580322,-0.5,-1.0,0.8710129550048289,0.9950199678425891,0.8753723373947628,0.0,3.0,mcf7+IFNB_DTX3L,mcf7+IFNB,DTX3L,False,True,5
mcf7+IFNB_ELK1,0.046169672,0.0038629996,11.951767,0.99026847,0.22416121,0.7534440554689356,0.12931171300658936,0.9923535204185271,0.998987778059583,0.9933590202134983,2311,1832,0.014011993072926998,0.033569302409887314,0.4174049496650696,0.9961209297180176,0.9956176280975342,0.5,0.5,0.9884201587057722,0.7444714333398439,1.3276804380142926,2.0,1.0,mcf7+IFNB_ELK1,mcf7+IFNB,ELK1,False,True,5
mcf7+IFNB_ETS1,0.044377845,0.003433426,12.925238,0.9888705,0.0841199,0.7638978066845347,0.09154052963208287,0.9912654236570898,0.9991048370490647,0.9921535627681183,2217,1778,0.031299274414777756,0.06346751749515533,0.49315422773361206,0.9232004284858704,0.3372042179107666,0.4685314685314686,0.4895104895104896,0.9436886277119634,0.9863214510279924,0.9567759341829228,9.0,3.0,mcf7+IFNB_ETS1,mcf7+IFNB,ETS1,False,True,5
mcf7+IFNB_ETS2,0.0392368,0.0047438457,8.271095,0.9910349,0.3322916,0.7644408184892683,0.1863634970719136,0.9929724745048184,0.9987552333642628,0.994210033984037,2296,1755,0.016985537484288216,0.039862338453531265,0.42610490322113037,0.9293506145477295,0.8076766133308411,-0.27272727272727276,0.5524475524475525,0.9181400222851028,0.7987088419879246,1.1495303094428293,8.0,4.0,mcf7+IFNB_ETS2,mcf7+IFNB,ETS2,False,True,5
mcf7+IFNB_FOS,0.046379115,0.0037332817,12.423149,0.9895874,0.21756408,0.7530935902919361,0.16071384987846798,0.9918042970381188,0.9990303832218169,0.9927669004816506,2284,1715,0.12113852053880692,0.08338523656129837,1.4527573585510254,0.02811991423368454,-0.8718492984771729,0.7999999999999999,-0.19999999999999998,0.5227901440688344,0.6983185770232128,0.7486413239890887,2.0,2.0,mcf7+IFNB_FOS,mcf7+IFNB,FOS,False,True,5
mcf7+IFNB_H1F0,0.07071525,0.0024685266,28.646744,0.9873884,0.11416905,0.7009303121269689,0.1570168178731245,0.9898946492101671,0.9993633684316229,0.9905252488528614,2330,1696,0.003686552634462714,0.027420060709118843,0.13444727659225464,0.9468622207641602,0.043891340494155884,1.0,-0.5,0.9487232292969977,0.978494527340711,0.9695743847187129,3.0,0.0,mcf7+IFNB_H1F0,mcf7+IFNB,H1F0,False,False,5
mcf7+IFNB_HERC5,0.046124626,0.0054182825,8.512776,0.98831534,0.11795873,0.7526331248629281,0.13103681511102183,0.9908031873245534,0.9985958622597023,0.9921963676902135,2270,1727,0.08455014228820801,0.06799870729446411,1.2434080839157104,0.753619372844696,-0.10394715517759323,0.6304347826086957,0.2223320158102767,0.7138950323584314,0.7739608761821067,0.9223916277009042,13.0,10.0,mcf7+IFNB_HERC5,mcf7+IFNB,HERC5,False,True,5
mcf7+IFNB_HERC6,0.046014734,0.004637408,9.922511,0.9901292,0.26961333,0.737425086346119,0.17208978705478362,0.992209368609152,0.998784722168329,0.99341664583645,2287,1731,0.027257626876235008,0.1197870671749115,0.22755067050457,0.9936041235923767,0.8638861775398254,0.5384615384615385,0.49650349650349657,0.9938459328222063,0.9887372058923716,1.0051669208960574,12.0,0.0,mcf7+IFNB_HERC6,mcf7+IFNB,HERC6,False,True,5
mcf7+IFNB_HES4,0.0556167,0.0050966525,10.912397,0.98619103,-0.031023402,0.7454336341312848,0.1295681712689393,0.9891120950057695,0.9987109551687146,0.990388750505572,2289,1685,0.0374528206884861,0.033206239342689514,1.1278849840164185,0.7340657711029053,-0.2255765050649643,0.3853846153846154,-0.15076923076923077,0.7501123792645515,0.9797971729657328,0.7655792443185441,20.0,5.0,mcf7+IFNB_HES4,mcf7+IFNB,HES4,False,True,5
mcf7+IFNB_ID1,0.07768671,0.03153135,2.4637928,0.9822742,0.24242002,0.718055496840316,0.23100357688492804,0.9859111011440165,0.9917198437982214,0.9941427584710236,2355,1559,1.323330044746399,1.5311552286148071,0.8642690181732178,0.7392838597297668,0.5698466300964355,0.7661538461538462,0.6153846153846153,0.9279679106311407,0.8970019434651295,1.0345216277306928,15.0,10.0,mcf7+IFNB_ID1,mcf7+IFNB,ID1,False,True,5
mcf7+IFNB_ID2,0.05472118,0.005204003,10.515209,0.98672175,0.052719675,0.7383868594605634,0.15612170482598337,0.9895108163937589,0.9987018070567025,0.9907970621480794,2340,1632,0.05774688348174095,0.042135488241910934,1.37050461769104,0.9096218943595886,-0.38646191358566284,0.8038461538461538,-0.04384615384615385,0.9397146077952575,0.9808781161284988,0.9580340231305061,19.0,6.0,mcf7+IFNB_ID2,mcf7+IFNB,ID2,False,True,5
mcf7+IFNB_ID3,0.054952394,0.0064753876,8.486348,0.99003786,0.3332876,0.7257386937528787,0.2606462069339435,0.9920963763070326,0.9983259306421631,0.9937599994711913,2379,1585,0.07366912066936493,0.11124028265476227,0.6622521877288818,0.5542716383934021,0.5677799582481384,0.7253846153846153,0.4553846153846154,0.7530952165505087,0.9795692633332155,0.7688024162660275,22.0,3.0,mcf7+IFNB_ID3,mcf7+IFNB,ID3,False,True,5
mcf7+IFNB_IFI16,0.0559979,0.038555827,1.452385,0.9836931,0.5062216,0.7191229341519147,0.4884275841549344,0.9867851893497327,0.9920018552620937,0.9947412740362439,2692,1168,0.15881948173046112,0.20355525612831116,0.7802278399467468,0.6405657529830933,-0.2746938169002533,0.49546651766046484,-0.37846153846153846,0.8252646476823167,0.8722465932338932,0.9461368540547819,22.0,3.0,mcf7+IFNB_IFI16,mcf7+IFNB,IFI16,False,True,5
mcf7+IFNB_IFNAR1,0.03967399,0.014335757,2.767485,0.9914601,0.49042496,0.7622973393315949,0.27181502290477494,0.9932746967844133,0.9962817763156138,0.9969816977458715,2354,1585,0.2091786414384842,0.2615026831626892,0.7999101281166077,0.8616623282432556,0.46320194005966187,0.7884615384615384,0.42692307692307696,0.9003303304815746,0.8722389952326598,1.0322060070719743,20.0,5.0,mcf7+IFNB_IFNAR1,mcf7+IFNB,IFNAR1,False,False,5
mcf7+IFNB_IFNAR2,0.04544939,0.008833571,5.1450753,0.98855704,0.35569736,0.7622104003451112,0.24247053264059548,0.9909567467217418,0.9979051360868231,0.9930370241480783,2374,1550,0.060454703867435455,0.08391377329826355,0.7204384207725525,0.7365349531173706,0.24757277965545654,0.5507692307692308,0.2930769230769231,0.8762564805256735,0.9687516964430639,0.9045212346393795,18.0,7.0,mcf7+IFNB_IFNAR2,mcf7+IFNB,IFNAR2,False,True,5
mcf7+IFNB_IRF1,0.045203384,0.0040295133,11.218076,0.9891444,0.15505445,0.7600712173415078,0.1201087772979172,0.9914852484847415,0.9989429469624908,0.992534409997662,2269,1846,0.6380866765975952,0.18287290632724762,3.4892356395721436,-0.20574218034744263,-0.7262851595878601,0.28571428571428575,-0.8214285714285715,0.33969303180127497,0.945941032124091,0.35910592760576343,2.0,5.0,mcf7+IFNB_IRF1,mcf7+IFNB,IRF1,False,True,5
mcf7+IFNB_IRF3,0.0622345,0.008326984,7.4738345,0.9858942,0.12679107,0.7395912684380634,0.2051595247343565,0.9888332580897793,0.99791850413832,0.9908958036043378,2357,1564,0.3675041198730469,0.18377317488193512,1.999770164489746,0.5931728482246399,-0.45551854372024536,0.7338461538461539,0.02923076923076923,0.63988049657945,0.8437217563480663,0.7584022715605733,21.0,4.0,mcf7+IFNB_IRF3,mcf7+IFNB,IRF3,False,True,5
mcf7+IFNB_IRF7,0.04913044,0.0074307234,6.611798,0.986271,0.057406045,0.7604030121571934,0.1630926279709546,0.9891506001922916,0.9981833776215264,0.9909507835616757,2301,1627,0.057333268225193024,0.08458375185728073,0.6778283715248108,0.8282202482223511,0.18790237605571747,0.72,-0.003076923076923077,0.9157099862263339,0.9663847211346731,0.9475625661291087,20.0,5.0,mcf7+IFNB_IRF7,mcf7+IFNB,IRF7,False,True,5
mcf7+IFNB_IRF9,0.04558537,0.022908168,1.9899179,0.985903,0.37193614,0.7595646662799171,0.3907363270281742,0.9885920015428289,0.9950213429640554,0.9935384889312281,2538,1333,0.1101364865899086,0.1217142790555954,0.9048773050308228,0.5969396233558655,-0.04077892377972603,0.5773362773985932,0.07461538461538461,0.8097273465360554,0.9331567659896652,0.8677291705400582,19.0,6.0,mcf7+IFNB_IRF9,mcf7+IFNB,IRF9,False,True,5
mcf7+IFNB_JAK1,0.04013013,0.0024891167,16.122238,0.9889923,0.1564438,0.7833105871026078,0.15374306662255,0.9913755432133191,0.9993602255948071,0.9920102059527779,2266,1767,0.4113302528858185,0.02314816042780876,17.76945686340332,0.7454973459243774,-0.7005026340484619,0.7999999999999999,-0.7999999999999999,0.884503475804448,0.9619955457045637,0.9194465398035074,1.0,3.0,mcf7+IFNB_JAK1,mcf7+IFNB,JAK1,False,True,5
mcf7+IFNB_JUN,0.043997165,0.00382434,11.504512,0.98971766,0.21070875,0.7550372581404771,0.17086873912145417,0.9919228090710709,0.9990016809764742,0.992914054059965,2265,1759,0.010601663962006569,0.01861073262989521,0.5696532130241394,-0.4653990864753723,0.050439029932022095,-0.39999999999999997,0.39999999999999997,0.04078565400120737,0.9801143650624313,0.04161315807121081,4.0,0.0,mcf7+IFNB_JUN,mcf7+IFNB,JUN,False,True,5
mcf7+IFNB_MAP3K14,0.04952809,0.004481052,11.052781,0.9882598,0.11161995,0.7570819427387188,0.13895524510816526,0.9907545439696277,0.9988533512854021,0.9918918955366649,2290,1707,0.10770446807146072,0.08478382229804993,1.270342230796814,0.5837358236312866,0.5161359906196594,0.5261538461538462,0.43538461538461537,0.7395356619886017,0.9786586781142514,0.7556624986083924,20.0,5.0,mcf7+IFNB_MAP3K14,mcf7+IFNB,MAP3K14,False,True,5
mcf7+IFNB_MAPK8,0.043740153,0.005468508,7.9985533,0.99045414,0.31012264,0.7568033836064433,0.20424705163180332,0.9924974657504395,0.9985731861443436,0.9939155982974432,2342,1687,0.023397808894515038,0.05955486372113228,0.3928782343864441,0.8442544341087341,0.7848489284515381,0.6333333333333333,0.4473684210526316,0.8928936774883404,0.6904718834429394,1.29316442696559,16.0,3.0,mcf7+IFNB_MAPK8,mcf7+IFNB,MAPK8,False,True,5
mcf7+IFNB_MAPK14,0.04485938,0.0048915367,9.170815,0.988441,0.1621472,0.7595086211288213,0.19014531104194102,0.9909018927075264,0.9987841894543962,0.9921081082078645,2340,1618,0.02239871770143509,0.03040475770831108,0.7366846203804016,0.1967492401599884,0.37509557604789734,0.16384615384615386,0.3384615384615385,0.7646103908112221,0.9712705627463457,0.7872269789060884,16.0,9.0,mcf7+IFNB_MAPK14,mcf7+IFNB,MAPK14,False,True,5
mcf7+IFNB_MEF2A,0.042763095,0.004270757,10.013001,0.98939884,0.19572562,0.7559033575103514,0.13601163202251237,0.991671040745982,0.9989004443255255,0.9927626385385934,2232,1768,0.0074208881705999374,0.016505636274814606,0.44959720969200134,0.5588585138320923,0.44910377264022827,0.3852941176470588,0.5147058823529412,0.8014422397958557,0.9136287505586909,0.8772077709964444,13.0,3.0,mcf7+IFNB_MEF2A,mcf7+IFNB,MEF2A,False,True,5
mcf7+IFNB_MYC,0.04513726,0.004750155,9.502272,0.98895687,0.16443771,0.75723777613216,0.19583732407932958,0.9913219030924494,0.9987704286427989,0.9925423046810957,2305,1693,0.11103089898824692,0.028441859409213066,3.90378475189209,0.20541822910308838,0.1956547051668167,0.4466403162055336,-0.07806324110671936,0.44297556280636485,0.9680479547791668,0.45759671369526045,18.0,5.0,mcf7+IFNB_MYC,mcf7+IFNB,MYC,False,True,5
mcf7+IFNB_NFE2L3,0.04568296,0.002521724,18.115765,0.98925173,0.154798,0.7587138399734897,0.16149668777098555,0.9915519845267321,0.9993546813135707,0.9921922647356965,2316,1718,0.005276714917272329,0.027768313884735107,0.19002647697925568,,,,,,,,1.0,0.0,mcf7+IFNB_NFE2L3,mcf7+IFNB,NFE2L3,False,False,5
mcf7+IFNB_NFKB1,0.048208077,0.012914182,3.7329564,0.98679376,0.3307913,0.7387936989204067,0.34668247459633544,0.9895011438353958,0.9971993335219458,0.9922801896995245,2515,1371,0.03759007528424263,0.09777174144983292,0.3844676911830902,0.5939330458641052,0.6506805419921875,0.5161538461538462,0.19307692307692306,0.7732213762471295,0.9678483697743713,0.7989075565911073,21.0,4.0,mcf7+IFNB_NFKB1,mcf7+IFNB,NFKB1,False,True,5
mcf7+IFNB_PARP12,0.047349706,0.0031266115,15.144096,0.9889443,0.12786439,0.7435957489897174,0.11821923418751175,0.9913001260735036,0.9991917164765886,0.9921020257944964,2273,1785,0.024717014282941818,0.2730662226676941,0.09051655977964401,0.9885958433151245,0.8795879483222961,0.6,0.7,0.9892356865809343,0.9897022658650384,0.9995285660140464,5.0,0.0,mcf7+IFNB_PARP12,mcf7+IFNB,PARP12,False,True,5
mcf7+IFNB_POU2F1,0.052916333,0.043361027,1.2203662,0.9815953,0.46490985,0.7316483026893373,0.4967440520092637,0.9850352523630644,0.9913385627883596,0.9936416168381812,2702,1151,0.17521898448467255,0.250619113445282,0.6991445422172546,0.8214944005012512,0.36646389961242676,0.362831885264414,0.2792307692307692,0.8433603404671617,0.8747380453252268,0.9641290269404037,22.0,3.0,mcf7+IFNB_POU2F1,mcf7+IFNB,POU2F1,False,True,5
mcf7+IFNB_RAP1GAP,0.05041699,0.002433321,20.719418,0.9892833,0.14843324,0.736177396044983,0.11115358840180152,0.991551752504252,0.9993636731634431,0.9921831052408951,2255,1790,0.0019766490440815687,0.015362647362053394,0.12866590917110443,,,,,,,,1.0,0.0,mcf7+IFNB_RAP1GAP,mcf7+IFNB,RAP1GAP,False,True,5
mcf7+IFNB_RAPGEF1,0.045798607,0.0057498184,7.9652267,0.9882123,0.15173043,0.7509946119315127,0.18468037013711666,0.9907041470399742,0.9985602412052279,0.9921325786456592,2329,1632,0.19071251153945923,0.09290091693401337,2.052859306335449,0.4998627007007599,0.25323376059532166,0.6615384615384615,0.33461538461538465,0.7688243386343824,0.9809196970239494,0.7837790809654944,19.0,6.0,mcf7+IFNB_RAPGEF1,mcf7+IFNB,RAPGEF1,False,True,5
mcf7+IFNB_RNF114,0.043261353,0.0036064729,11.995475,0.9892451,0.19417858,0.7469339026610228,0.1638426998977631,0.9915353184022121,0.9990819154188625,0.992446468202273,2278,1730,0.019537635147571564,0.029642770066857338,0.6591028571128845,-0.14393258094787598,0.6817251443862915,-0.054945054945054944,0.8131868131868131,0.5773329764248896,0.9612681985859355,0.6005951068330043,10.0,3.0,mcf7+IFNB_RNF114,mcf7+IFNB,RNF114,False,True,5
mcf7+IFNB_SMARCA5,0.07626137,0.005159332,14.781249,0.98728603,0.15942301,0.6941606242680335,0.16824142899652075,0.989768775781963,0.9986471831108094,0.9911095655412656,2313,1695,0.016571344807744026,0.05157605558633804,0.3212991952896118,0.7940492630004883,0.7092024087905884,0.5558823529411765,0.6294117647058822,0.8649696199868343,0.8696106781599927,0.9946630621153613,15.0,1.0,mcf7+IFNB_SMARCA5,mcf7+IFNB,SMARCA5,False,True,5
mcf7+IFNB_SOCS1,0.041999936,0.0041928575,10.017019,0.9884979,0.11275312,0.7698312514930618,0.17197207481520316,0.9909526060716929,0.9989352958575,0.9920088019525283,2357,1642,0.017560448497533798,0.026442352682352066,0.664103090763092,0.3111652433872223,0.36568471789360046,0.28921568627450983,0.33333333333333337,0.6820434746763206,0.9426772114150729,0.7235175163007183,14.0,3.0,mcf7+IFNB_SOCS1,mcf7+IFNB,SOCS1,False,True,5
mcf7+IFNB_SP100,0.04279772,0.005926568,7.2213326,0.9887968,0.19954637,0.7505290689749032,0.19482490920195164,0.9911652190322283,0.9985101073508789,0.9926441522578704,2334,1630,0.14373670518398285,0.09357895702123642,1.5359939336776733,0.5675123333930969,0.18239378929138184,0.7223076923076923,0.18384615384615385,0.7180848357511996,0.9753046239406252,0.7362672319237515,22.0,3.0,mcf7+IFNB_SP100,mcf7+IFNB,SP100,False,True,5
mcf7+IFNB_SP110,0.05103588,0.004568677,11.170823,0.989053,0.22631761,0.7353560345469355,0.21071411568014545,0.9913370034624055,0.998833905721886,0.9924943454396832,2356,1600,0.02417825162410736,0.0280161015689373,0.8630127310752869,0.3057110905647278,0.4350947141647339,0.42000000000000004,0.4415384615384615,0.6943272585200077,0.9699621423088244,0.7158292352186897,20.0,5.0,mcf7+IFNB_SP110,mcf7+IFNB,SP110,False,True,5
mcf7+IFNB_STAT1,0.044476002,0.004102779,10.840458,0.9888035,0.12981337,0.7741833474475698,0.1560456721479802,0.9912225416487865,0.9989225310471044,0.9922917051533051,2282,1758,0.3604874610900879,0.35736945271492004,1.0087249279022217,0.888714075088501,0.29251375794410706,0.6333333333333333,0.38333333333333336,0.9459571178605845,0.9245436956374062,1.0231610710496655,5.0,4.0,mcf7+IFNB_STAT1,mcf7+IFNB,STAT1,False,True,5
mcf7+IFNB_STAT2,0.04271267,0.021048492,2.0292509,0.99013585,0.4693632,0.7539158889367021,0.23788960592763445,0.9921879083821954,0.994608484411159,0.9975663026538562,2329,1575,0.15831148624420166,0.8155523538589478,0.19411566853523254,0.889858067035675,0.7489537000656128,0.8853846153846154,0.783076923076923,0.9585090022526498,0.9862466139655699,0.9718755823136459,24.0,1.0,mcf7+IFNB_STAT2,mcf7+IFNB,STAT2,False,True,5
mcf7+IFNB_STAT3,0.04477721,0.0032959103,13.585689,0.9890593,0.1266182,0.7670220003233237,0.13467108109723955,0.9914156993236319,0.9991377702922197,0.9922712650865663,2276,1762,,,,,,,,,,,,,mcf7+IFNB_STAT3,mcf7+IFNB,STAT3,False,True,5
mcf7+IFNB_STAT4,0.049765855,0.00444431,11.197657,0.9895301,0.25687778,0.7486372094003848,0.22482763903385153,0.991742917846402,0.9988580674269025,0.9928767161095976,2381,1604,0.019645702093839645,0.032555025070905685,0.6034614443778992,0.4361315369606018,0.6413455605506897,0.41554447092849117,0.45692307692307693,0.6686509513620807,0.9576177701096044,0.6982440930325992,17.0,8.0,mcf7+IFNB_STAT4,mcf7+IFNB,STAT4,False,True,5
mcf7+IFNB_STAT5A,0.044307362,0.0036986207,11.979428,0.9894247,0.18818004,0.7618442475120424,0.1354343591513109,0.9916929092041862,0.9990381021531761,0.9926477349230632,2276,1773,0.011919998563826084,0.028565268963575363,0.4172899127006531,0.4902394711971283,0.5811402797698975,0.5868131868131868,0.3010989010989011,0.7778684366087738,0.9909833269117369,0.7849460384292173,11.0,3.0,mcf7+IFNB_STAT5A,mcf7+IFNB,STAT5A,False,True,5
mcf7+IFNB_STAT6,0.05156599,0.007132732,7.2294865,0.98707575,0.10787117,0.7591613690546618,0.18526339005620954,0.9898136300617819,0.9981719976608134,0.9916263253040367,2325,1621,0.077965147793293,0.05531831085681915,1.4093912839889526,0.03828316554427147,0.02087956853210926,0.4061538461538462,0.22538461538461538,0.3037688346840859,0.5417022839420395,0.5607671292679804,19.0,6.0,mcf7+IFNB_STAT6,mcf7+IFNB,STAT6,False,True,5
mcf7+IFNB_TRAFD1,0.042976055,0.0047854865,8.980498,0.98838437,0.08836043,0.7696370406907463,0.1070255857718076,0.9908647507383547,0.9987680648600037,0.9920869374985906,2233,1760,0.020665107294917107,0.028816869482398033,0.7171183824539185,0.3591686189174652,0.6992478966712952,0.3333333333333333,0.13725490196078433,0.6380137853313588,0.9736284480273611,0.6552949296253813,13.0,5.0,mcf7+IFNB_TRAFD1,mcf7+IFNB,TRAFD1,False,True,5
mcf7+IFNB_TRIM21,0.056597304,0.007672685,7.3764663,0.9889799,0.31798506,0.7204848983296003,0.2858047141345824,0.991243091293145,0.9980652064314313,0.9931646598896292,2466,1449,0.09912821650505066,0.16335062682628632,0.6068431735038757,0.88277268409729,0.7514561414718628,0.6415384615384615,0.4815384615384616,0.9053125021034003,0.8630150792860671,1.049011221046478,21.0,4.0,mcf7+IFNB_TRIM21,mcf7+IFNB,TRIM21,False,True,5
mcf7+IFNB_TRIM22,0.05012615,0.0057457676,8.724012,0.98907363,0.2763834,0.7375463920875206,0.23422147754127132,0.9913589520218185,0.998557013341442,0.9927915369643874,2400,1538,0.04426740109920502,0.12481144070625305,0.35467422008514404,0.9313607811927795,0.6869139075279236,0.42815926931661463,0.5215384615384615,0.946274334093719,0.9858062654324733,0.9598988840658143,21.0,4.0,mcf7+IFNB_TRIM22,mcf7+IFNB,TRIM22,False,True,5
mcf7+IFNB_TYK2,0.035350103,0.010670727,3.3128111,0.9916479,0.47861052,0.7732147573898982,0.2059446441748739,0.9934384016507165,0.997238551630628,0.9961893270434664,2290,1688,0.11166439205408096,0.3180586099624634,0.3510811924934387,0.8448716998100281,0.7147630453109741,0.83,0.5830769230769232,0.9076238887036324,0.9665744701996437,0.9390108229489703,21.0,4.0,mcf7+IFNB_TYK2,mcf7+IFNB,TYK2,False,True,5
mcf7+IFNB_UBA7,0.04646312,0.007186165,6.465635,0.987378,0.14466807,0.7517464031243818,0.20406914819131225,0.9900298347974802,0.9982569144199714,0.99175855483328,2332,1599,0.074154332280159,0.09810331463813782,0.7558799982070923,0.659674882888794,0.28340160846710205,0.45307692307692304,0.2569230769230769,0.860057334646722,0.9781031976814297,0.8793114435015317,19.0,6.0,mcf7+IFNB_UBA7,mcf7+IFNB,UBA7,False,True,5
mcf7+IFNB_UBE2L6,0.058173615,0.009091094,6.3989673,0.9857341,0.114500195,0.7391203523024793,0.221615616343244,0.9886842667351059,0.997771294970296,0.9908926742220414,2393,1502,0.05078083649277687,0.11029527336359024,0.460408091545105,0.7661200761795044,0.4400787353515625,0.6276923076923077,0.30999999999999994,0.8947581982356566,0.9840125111820383,0.9092955506844466,22.0,3.0,mcf7+IFNB_UBE2L6,mcf7+IFNB,UBE2L6,False,True,5
mcf7+IFNB_USP18,0.079813704,0.0060479585,13.196801,0.98481363,-0.06420786,0.7048306074624656,0.14189231432679816,0.9878459010776061,0.9984124861768364,0.9894166136286092,2325,1728,0.036941807717084885,0.04856284707784653,0.7607010006904602,0.2684306502342224,0.2537205219268799,0.8333333333333335,0.11904761904761905,0.584597587648922,0.5688461008769797,1.0276902430159203,7.0,1.0,mcf7+IFNB_USP18,mcf7+IFNB,USP18,False,False,5
mcf7+IFNB_VAV1,0.05095643,0.0043090456,11.825457,0.9874698,0.010613119,0.7463691595409571,0.09435187120855246,0.9901445925200928,0.9988799681733984,0.99125482947738,2242,1791,0.1972595900297165,0.07839012145996094,2.516383171081543,0.4580172896385193,-0.11892374604940414,0.5980392156862745,-0.03431372549019608,0.5756740946862065,0.791272320713987,0.7275296754558023,14.0,3.0,mcf7+IFNB_VAV1,mcf7+IFNB,VAV1,False,True,5
mcf7+IFNB_ZBP1,0.050970692,0.0032525142,15.671166,0.9894441,0.18497926,0.740357001638096,0.12219318408706342,0.9916657082983855,0.9991466453549789,0.9925126735986433,2271,1804,0.018616894260048866,0.012221473269164562,1.5232937335968018,0.9793163537979126,-0.9728805422782898,1.0,-1.0,0.1973161836861509,0.996775541890718,0.1979544796132084,2.0,1.0,mcf7+IFNB_ZBP1,mcf7+IFNB,ZBP1,False,True,5
mcf7+IFNB_ZNFX1,0.049501624,0.005677659,8.718668,0.9880396,0.15750861,0.7476119314204273,0.1615407543745004,0.9905589365330237,0.9985657990196145,0.9919816375701512,2301,1658,0.10723192244768143,0.12596599757671356,0.8512767553329468,0.8960925340652466,0.6000269055366516,0.37,0.19615384615384615,0.9045845416762595,0.9837508856627527,0.9195260251957396,19.0,6.0,mcf7+IFNB_ZNFX1,mcf7+IFNB,ZNFX1,False,True,5
mcf7+INS_MTOR,0.008129422,0.003880227,2.0950892,0.99735904,0.35005143,0.8304851264369765,0.197054028383409,0.9979141774227994,0.9989694468338558,0.9989436419558166,2198,1696,0.015686899423599243,0.17493820190429688,0.08967109024524689,0.8651284575462341,0.944473147392273,0.8333333333333335,0.6904761904761906,0.9323712023825723,0.9872110935709462,0.9444496809795698,7.0,1.0,mcf7+INS_MTOR,mcf7+INS,MTOR,True,False,5
mcf7+INS_SHC1,0.012378827,0.0055227433,2.2414272,0.9965732,0.2779286,0.811065591227408,0.21736059393603743,0.9972758023004052,0.9985489325031507,0.9987250197148035,2278,1616,0.02966384030878544,0.09595984220504761,0.30912765860557556,0.8424227833747864,0.8047497272491455,0.8210784313725491,0.38480392156862747,0.9399092557391133,0.9800373874606219,0.9590544889052808,13.0,4.0,mcf7+INS_SHC1,mcf7+INS,SHC1,True,False,5
mcf7+INS_TAF8,0.014246226,0.007968656,1.7877829,0.99577457,0.24708907,0.8146173837654387,0.2625290779073659,0.9966463993625596,0.9979129520024755,0.9987307984755841,2317,1529,0.08089147508144379,0.14123059809207916,0.5727616548538208,0.7463593482971191,0.5482255220413208,0.9038461538461539,0.676923076923077,0.7818840623518049,0.6884223221860122,1.1357622162352534,20.0,5.0,mcf7+INS_TAF8,mcf7+INS,TAF8,True,False,5
mcf7+INS_ZNF593,0.010584733,0.0032978242,3.2096112,0.99696684,0.23097101,0.8228660352465494,0.13065522475469574,0.9975839690207604,0.9991163786453632,0.9984662351079856,2213,1818,0.00686150835826993,0.44318145513534546,0.01548239029943943,-1.0,1.0,-0.9999999999999999,0.9999999999999999,0.9488398777700344,0.9967377179749382,0.9519453921115604,2.0,0.0,mcf7+INS_ZNF593,mcf7+INS,ZNF593,True,False,5
mcf7+TGFB_CHUK,0.018626843,0.044101868,0.4223595,0.99354196,0.7308693,0.8022753810180498,0.6642804936959328,0.9946540635908431,0.9918383806514808,1.0028388525734533,2416,547,0.42651504278182983,0.8619049787521362,0.49485158920288086,0.9787419438362122,0.1355481594800949,0.9723076923076923,0.09846153846153846,0.9816331439985387,0.959934560277846,1.0226042322243427,25.0,0.0,mcf7+TGFB_CHUK,mcf7+TGFB,CHUK,True,False,5
mcf7+TGFB_SMAD3,0.006568817,0.0045221034,1.4526021,0.99826765,0.4856386,0.8610980794498169,0.38397394838359067,0.9985445397014059,0.9988062996299546,0.9997379272350948,2221,1161,,,,,,,,,,,,,mcf7+TGFB_SMAD3,mcf7+TGFB,SMAD3,True,False,5
mcf7+TNFA_CHUK,0.008421443,0.013851206,0.60799354,0.9970759,0.56009513,0.8807302430642872,0.4592777669339412,0.9976708150080558,0.9965437312323652,1.0011309927907497,2595,1196,0.07877860218286514,0.18601937592029572,0.4234967529773712,0.9708267450332642,0.7104775905609131,0.9055587780514923,0.5538461538461539,0.968175878791229,0.9606066373839415,1.0078796472069995,25.0,0.0,mcf7+TNFA_CHUK,mcf7+TNFA,CHUK,True,False,5
mcf7+TNFA_MTOR,0.006099405,0.008683646,0.7024014,0.99795866,0.5029943,0.8977711483960518,0.31686405408669616,0.9983663697267294,0.9978157625335253,1.0005518124827033,2382,1428,0.057334087789058685,0.27988511323928833,0.20484864711761475,0.966330349445343,0.9265352487564087,0.9607692307692307,0.9323076923076923,0.9757462640723745,0.9650437814686589,1.0110901523943587,25.0,0.0,mcf7+TNFA_MTOR,mcf7+TNFA,MTOR,True,False,5
a549+IFNB_ADAR,0.04792802,0.029053777,1.6496313,0.98451346,0.31775528,0.829000325835811,0.3432862964466726,0.987932679400288,0.9945885476322507,0.9933079178844277,2226,1105,0.2912601828575134,0.30168843269348145,0.9654337167739868,0.2862752676010132,0.3109493553638458,0.7138461538461538,-0.10461538461538461,0.7808518799909814,0.9500276258162178,0.8219254459259658,19.0,6.0,a549+IFNB_ADAR,a549+IFNB,ADAR,False,False,6
a549+IFNB_AKT1,0.04224708,0.006320477,6.6841598,0.9872222,0.17624806,0.8561393413617162,0.22923681345656674,0.990223537926291,0.998657728250143,0.9915544734844937,2067,1343,,,,,,,,,,,,,a549+IFNB_AKT1,a549+IFNB,AKT1,False,True,6
a549+IFNB_BATF2,0.044597138,0.006192891,7.201344,0.98646325,0.10573584,0.8442054701670105,0.16201739414381497,0.9896502020832382,0.998678651785106,0.990959604788057,1971,1465,0.15412838757038116,0.1649920642375946,0.9341563582420349,,,,,,,,1.0,0.0,a549+IFNB_BATF2,a549+IFNB,BATF2,False,True,6
a549+IFNB_BRD9,0.044034466,0.0054325303,8.1057005,0.9867573,0.15707621,0.8314912854151635,0.2122921010202456,0.9898361311824752,0.9988310658859694,0.9909945385053521,2074,1383,,,,,,,,,,,,,a549+IFNB_BRD9,a549+IFNB,BRD9,False,False,6
a549+IFNB_CEBPB,0.055692278,0.021038009,2.6472218,0.98257554,0.09610456,0.8355276192370903,0.18523399948397598,0.986513312152304,0.9958052285567518,0.9906689419396654,2030,1341,0.17670562863349915,0.493488073348999,0.35807478427886963,0.8791576027870178,0.4599587023258209,0.8207692307692308,0.42538461538461536,0.9468440999119714,0.9735909380270524,0.972527642698398,25.0,0.0,a549+IFNB_CEBPB,a549+IFNB,CEBPB,False,True,6
a549+IFNB_CEBPG,0.04466264,0.0060059126,7.436445,0.98654073,0.13585286,0.8427854232844414,0.2151433848052301,0.9896852132333398,0.9986979284940113,0.9909755342396052,2092,1343,,,,,,,,,,,,,a549+IFNB_CEBPG,a549+IFNB,CEBPG,False,True,6
a549+IFNB_CRKL,0.092902176,0.058476813,1.5887011,0.9765916,0.05541956,0.8291259378701833,0.11138731966035559,0.9811487987340228,0.9904900000687815,0.9905691109106503,1834,1457,0.5043917894363403,0.49849140644073486,1.0118365287780762,0.4149935245513916,0.01350424811244011,0.34615384615384615,-0.15153846153846154,0.8525971125034458,0.9496443532935952,0.8978067521240282,17.0,8.0,a549+IFNB_CRKL,a549+IFNB,CRKL,False,False,6
a549+IFNB_DRAP1,0.04372454,0.008820386,4.9572144,0.9869028,0.20675564,0.8353452920363064,0.2305508902420399,0.9899615892733982,0.9980184924341874,0.9919271003274316,2097,1350,0.20859375596046448,0.3097519278526306,0.6734219789505005,0.9565591812133789,0.6769282221794128,1.0,0.19999999999999998,0.9796116313015744,0.9951879802914151,0.9843483348891738,3.0,1.0,a549+IFNB_DRAP1,a549+IFNB,DRAP1,False,True,6
a549+IFNB_DTX3L,0.043844517,0.007910435,5.542618,0.9866277,0.16033684,0.8420788575376308,0.21529858823366807,0.9897353452738352,0.9983538129274229,0.9913673213424045,2023,1375,,,,,,,,,,,,,a549+IFNB_DTX3L,a549+IFNB,DTX3L,False,True,6
a549+IFNB_ELK1,0.04184866,0.004457332,9.388723,0.9873817,0.16423473,0.8474939777435984,0.2027685527170308,0.9903768683881097,0.9990037213350891,0.9913645437321792,2064,1434,,,,,,,,,,,,,a549+IFNB_ELK1,a549+IFNB,ELK1,False,True,6
a549+IFNB_ETS1,0.04187946,0.006631622,6.3151155,0.9872071,0.18565518,0.8488187141023045,0.24054657614374625,0.9902015940278536,0.9986002093481846,0.9915896118970243,2085,1347,,,,,,,,,,,,,a549+IFNB_ETS1,a549+IFNB,ETS1,False,True,6
a549+IFNB_ETS2,0.043738607,0.009732508,4.4940734,0.9866268,0.18037218,0.8498539029829156,0.22014207789001808,0.989745354127515,0.9979515815962238,0.9917769282397619,2029,1384,0.8680245280265808,0.38734501600265503,2.240959644317627,0.4713970124721527,0.15742050111293793,0.6071428571428572,-0.14285714285714288,0.8610292055847146,0.9843090649162244,0.8747549283801402,4.0,3.0,a549+IFNB_ETS2,a549+IFNB,ETS2,False,True,6
a549+IFNB_FOS,0.041451916,0.009269104,4.472052,0.9872689,0.23741315,0.8447655657274479,0.2490132739458926,0.9902098999536975,0.9981178429670807,0.9920771449292245,2083,1314,,,,,,,,,,,,,a549+IFNB_FOS,a549+IFNB,FOS,False,True,6
a549+IFNB_H1F0,0.04253505,0.00587724,7.2372494,0.9870963,0.19695781,0.8385776273584823,0.25815700378001327,0.9901020561511624,0.9987326117272887,0.9913584922783287,2133,1284,,,,,,,,,,,,,a549+IFNB_H1F0,a549+IFNB,H1F0,False,True,6
a549+IFNB_HERC5,0.04448775,0.0115868915,3.8394895,0.9865253,0.1953429,0.8405629469920018,0.21595288124265966,0.9896024655868538,0.9976780095887826,0.9919056610205759,2028,1341,0.3174741268157959,0.8001903295516968,0.39674827456474304,0.9704674482345581,0.8826931715011597,0.39999999999999997,0.7999999999999999,0.9540447263448728,0.9827062653231823,0.9708340732223951,3.0,1.0,a549+IFNB_HERC5,a549+IFNB,HERC5,False,True,6
a549+IFNB_HERC6,0.049446534,0.0127033815,3.8923914,0.984904,0.0922008,0.8412562985646791,0.16952701610437115,0.9883622074092187,0.9975288596184895,0.9908106395911426,1998,1368,0.5373499989509583,0.8144915103912354,0.6597367525100708,0.999814510345459,-0.3685886561870575,1.0,-0.5,0.9925650323484575,0.9760997413291597,1.0168684513704276,3.0,0.0,a549+IFNB_HERC6,a549+IFNB,HERC6,False,True,6
a549+IFNB_HES4,0.048316192,0.014868246,3.2496228,0.9851411,0.14463912,0.8347785129675908,0.19696765070616304,0.9884958552133679,0.9971553387798006,0.9913158128631904,1993,1378,0.16254186630249023,0.3244127035140991,0.5010342001914978,,,,,,,,1.0,0.0,a549+IFNB_HES4,a549+IFNB,HES4,False,True,6
a549+IFNB_ID1,0.06243432,0.058335517,1.0702626,0.9806584,0.339907,0.8119812117420039,0.37376673217047224,0.9845027648220614,0.9905565899828864,0.9938884610712352,2238,1027,0.35437920689582825,0.40738770365715027,0.8698819279670715,0.6822537183761597,0.029738493263721466,0.4534258464425212,0.0015384615384615385,0.8785302140520457,0.9334124069438595,0.9412026318875417,17.0,8.0,a549+IFNB_ID1,a549+IFNB,ID1,False,True,6
a549+IFNB_ID2,0.042714037,0.0068749893,6.2129607,0.9869778,0.19696102,0.8408782097537019,0.2537657638365729,0.9900074943178377,0.9985345481013022,0.991460431890235,2122,1293,,,,,,,,,,,,,a549+IFNB_ID2,a549+IFNB,ID2,False,True,6
a549+IFNB_ID3,0.04473357,0.010309965,4.338867,0.9862435,0.22309178,0.8217570833233971,0.27290843635662304,0.9893949064619676,0.9979436141133277,0.9914336766822687,2169,1206,,,,,,,,,,,,,a549+IFNB_ID3,a549+IFNB,ID3,False,True,6
a549+IFNB_IFI16,0.0692963,0.10110833,0.68536687,0.97582775,0.50046736,0.7799277299142775,0.5380993730138096,0.9803794535328675,0.9851010106701539,0.9952070324909378,2494,776,0.3317120373249054,0.710066020488739,0.46715661883354187,0.8848029971122742,0.19127461314201355,0.6217776527967053,0.06846153846153846,0.9399152973531079,0.9488887231368016,0.9905432264448989,24.0,1.0,a549+IFNB_IFI16,a549+IFNB,IFI16,False,True,6
a549+IFNB_IFNAR1,0.034723785,0.015475376,2.2438087,0.9894328,0.47741532,0.8450881294936767,0.38104053179012737,0.991896957584654,0.9965786120779131,0.995302272759499,2233,1172,0.07959412038326263,0.31327885389328003,0.25406795740127563,0.8031569719314575,0.8133348822593689,0.7804511278195487,0.6090225563909774,0.9255750624580227,0.9173508794940574,1.0089651442515661,19.0,1.0,a549+IFNB_IFNAR1,a549+IFNB,IFNAR1,False,True,6
a549+IFNB_IFNAR2,0.037281364,0.019985542,1.8654168,0.9890423,0.47322983,0.8396213482166469,0.36299599435952334,0.9916044992129988,0.9954966549339214,0.9960902372683703,2244,1207,0.17967426776885986,0.6044317483901978,0.29726147651672363,0.884983241558075,0.7773615121841431,0.8476923076923076,0.666923076923077,0.9448989016511876,0.9163378210967493,1.0311687239104177,24.0,1.0,a549+IFNB_IFNAR2,a549+IFNB,IFNAR2,False,True,6
a549+IFNB_IRF1,0.04155977,0.0054065282,7.6869607,0.9875289,0.20130281,0.8525950257103121,0.2568172987512299,0.9904891380834079,0.9987806267650128,0.9916983885555926,2123,1379,3.3601772785186768,0.37405627965927124,8.98307991027832,,,,,,,,0.0,1.0,a549+IFNB_IRF1,a549+IFNB,IRF1,False,True,6
a549+IFNB_IRF3,0.051461127,0.026077613,1.9733833,0.9837052,0.22396648,0.8371235245227303,0.2934632538295651,0.9871927325886914,0.9951163782192666,0.9920374683765588,2158,1157,0.351279079914093,0.2743452191352844,1.2804272174835205,0.6869620084762573,-0.07804778218269348,0.6738461538461539,-0.06461538461538462,0.8862804042374598,0.968704552339531,0.9149130166643611,16.0,9.0,a549+IFNB_IRF3,a549+IFNB,IRF3,False,True,6
a549+IFNB_IRF7,0.047867488,0.013443615,3.5606112,0.98541063,0.14008975,0.8428840337853621,0.18498243588288787,0.988718423557735,0.997441551273722,0.991254497363933,1966,1411,,,,,,,,,,,,,a549+IFNB_IRF7,a549+IFNB,IRF7,False,True,6
a549+IFNB_IRF9,0.041267063,0.026219934,1.5738813,0.98678875,0.39783436,0.8294293366480927,0.357572103199347,0.9896468938203726,0.9952301818913991,0.9943899530253236,2193,1134,0.09208789467811584,0.3311404883861542,0.2780931293964386,0.5724204182624817,0.5037329196929932,0.66,0.4238461538461538,0.8744411518235083,0.9652368958626436,0.9059342380836053,25.0,0.0,a549+IFNB_IRF9,a549+IFNB,IRF9,False,True,6
a549+IFNB_JAK1,0.037967157,0.00907807,4.182294,0.988536,0.36100465,0.8576201876290002,0.32227581167900926,0.9912485902595386,0.997972978685865,0.9932619534096193,2181,1277,0.06424849480390549,0.2223934382200241,0.2888956367969513,0.8896377682685852,0.38246721029281616,0.65,0.3666666666666667,0.9608872823273907,0.9740757530050193,0.9864605287248531,9.0,0.0,a549+IFNB_JAK1,a549+IFNB,JAK1,False,True,6
a549+IFNB_JUN,0.04320486,0.011432304,3.7791908,0.98670715,0.21822605,0.8420890265241956,0.2269443626265483,0.9897825011134262,0.9976312044238486,0.9921326605707416,2011,1375,0.09638545662164688,0.19791392982006073,0.48700693249702454,0.9923998117446899,-0.968539834022522,0.5,-1.0,0.9934045732888092,0.8993001289567235,1.104641866827325,3.0,0.0,a549+IFNB_JUN,a549+IFNB,JUN,False,True,6
a549+IFNB_MAP3K14,0.047662165,0.013940192,3.4190466,0.98522663,0.14859988,0.8449737115929502,0.20536289902216426,0.988605075546274,0.9972197071348459,0.9913613504356799,1994,1358,0.18045741319656372,0.3163096010684967,0.5705087780952454,0.6858689785003662,0.6528319716453552,0.5549450549450549,0.7307692307692307,0.8543657269037757,0.9667722625159956,0.8837300779402946,12.0,1.0,a549+IFNB_MAP3K14,a549+IFNB,MAP3K14,False,True,6
a549+IFNB_MAPK8,0.04052154,0.0075293444,5.381815,0.9875768,0.2460011,0.8490646181329979,0.2665712286134709,0.990475152925647,0.9984148523967696,0.9920476949515897,2100,1315,,,,,,,,,,,,,a549+IFNB_MAPK8,a549+IFNB,MAPK8,False,True,6
a549+IFNB_MAPK14,0.044407573,0.008519141,5.212682,0.98649335,0.14938018,0.8425724577439566,0.20980199697828206,0.9896493340501773,0.9981543412133154,0.9914792664701536,2038,1380,0.07053779065608978,0.22298957407474518,0.3163277506828308,-0.279829740524292,0.9481431841850281,0.5,0.5,0.5970748753071607,0.9659210863208751,0.6181404296508077,3.0,0.0,a549+IFNB_MAPK14,a549+IFNB,MAPK14,False,True,6
a549+IFNB_MEF2A,0.042518508,0.007905917,5.3780613,0.98712033,0.1936588,0.8493430708206686,0.21413607547764413,0.9901273322939879,0.9983505335695957,0.9917632124197843,2003,1387,1.7889498472213745,2.01810622215271,0.8864498138427734,,,,,,,,1.0,0.0,a549+IFNB_MEF2A,a549+IFNB,MEF2A,False,True,6
a549+IFNB_MYC,0.045829732,0.008824172,5.193658,0.9860395,0.108056575,0.8482495774212052,0.18952967740409735,0.9892627920703477,0.9981558734466879,0.9910904883566614,2015,1368,0.04537937790155411,0.1860947459936142,0.2438509315252304,,,,,,,,1.0,0.0,a549+IFNB_MYC,a549+IFNB,MYC,False,True,6
a549+IFNB_NFE2L3,0.044691626,0.010874292,4.1098423,0.9862355,0.17180751,0.8414328063695464,0.21115861818864204,0.9893932220716095,0.997853705903887,0.9915213184235121,2012,1357,0.2587471306324005,0.30102577805519104,0.8595514297485352,0.9982496500015259,-0.7957031726837158,1.0,-1.0,0.981505479464908,0.9721146886135853,1.0096601676338373,3.0,0.0,a549+IFNB_NFE2L3,a549+IFNB,NFE2L3,False,True,6
a549+IFNB_NFKB1,0.05235354,0.023609543,2.2174735,0.9834837,0.18167633,0.8258836970855656,0.26023634170228893,0.987112099029841,0.995590190426528,0.9914843562359179,2131,1213,0.21433518826961517,0.3070290684700012,0.6980941295623779,0.876166820526123,-0.01943710632622242,0.5092307692307693,0.11923076923076922,0.9320448009732772,0.941406123131255,0.9900560215958224,20.0,5.0,a549+IFNB_NFKB1,a549+IFNB,NFKB1,False,True,6
a549+IFNB_PARP12,0.042282823,0.0065611526,6.44442,0.98722345,0.19444916,0.8482493565197066,0.25473687560586644,0.9902211063576225,0.9985779382554676,0.9916312672474573,2113,1334,1.8082664012908936,1.6266875267028809,1.1116249561309814,,,,,,,,0.0,1.0,a549+IFNB_PARP12,a549+IFNB,PARP12,False,True,6
a549+IFNB_POU2F1,0.07250222,0.09800915,0.7397495,0.97730243,0.46042407,0.7859816648049871,0.48712167486664304,0.9816459181439982,0.9859968134406816,0.995587313024369,2408,854,0.24890652298927307,0.4980526864528656,0.4997594356536865,0.47718530893325806,0.24718838930130005,0.30707384613242056,0.16999999999999998,0.8425546510851825,0.8933959507446758,0.9430920863060601,20.0,5.0,a549+IFNB_POU2F1,a549+IFNB,POU2F1,False,True,6
a549+IFNB_RAP1GAP,0.04126889,0.005687607,7.255932,0.98750603,0.22684076,0.840380112520522,0.25807046338471795,0.9904256702692104,0.998777032540617,0.9916384117782895,2135,1307,,,,,,,,,,,,,a549+IFNB_RAP1GAP,a549+IFNB,RAP1GAP,False,True,6
a549+IFNB_RAPGEF1,0.051713977,0.018991668,2.7229824,0.9844215,0.13506937,0.8349006779278739,0.19427561762993378,0.9878551161482821,0.9963845126674661,0.991439653657051,1968,1378,0.19397372007369995,0.2748781442642212,0.7056716680526733,0.6816169023513794,0.46949630975723267,0.5776923076923076,0.20923076923076922,0.8880100590238234,0.966567223416761,0.9187256069834,18.0,7.0,a549+IFNB_RAPGEF1,a549+IFNB,RAPGEF1,False,True,6
a549+IFNB_RNF114,0.042817544,0.005039391,8.496571,0.98704106,0.16227861,0.8408088873140498,0.23052768206295332,0.9900728011140693,0.9988991074486728,0.9911639661415383,2103,1339,,,,,,,,,,,,,a549+IFNB_RNF114,a549+IFNB,RNF114,False,False,6
a549+IFNB_SMARCA5,0.049797386,0.017284395,2.8810604,0.9848909,0.28016478,0.7996870126531158,0.3381973696773013,0.9882797062634675,0.996631790468342,0.9916196891522499,2251,1104,0.176213338971138,0.24230244755744934,0.7272453904151917,0.9328033924102783,-0.45190101861953735,0.7947022019021013,-0.2588235294117647,0.9599093378865452,0.9493587684341691,1.0111133638864238,13.0,3.0,a549+IFNB_SMARCA5,a549+IFNB,SMARCA5,False,True,6
a549+IFNB_SOCS1,0.043327928,0.007722949,5.6102824,0.9869295,0.18276224,0.8509984303076654,0.21536861995564313,0.9899818084981674,0.9983672159256242,0.9916008786209167,2051,1365,,,,,,,,,,,,,a549+IFNB_SOCS1,a549+IFNB,SOCS1,False,True,6
a549+IFNB_SP100,0.04370925,0.010438798,4.1871915,0.9866322,0.19909404,0.8411101215302272,0.2304206858613404,0.989703740247595,0.997888492641422,0.991797928872632,2062,1325,2.227895975112915,1.5444457530975342,1.442521333694458,,,,,,,,0.0,1.0,a549+IFNB_SP100,a549+IFNB,SP100,False,True,6
a549+IFNB_SP110,0.051863447,0.02344023,2.2125826,0.9836374,0.1890951,0.824830852558525,0.2712307625853591,0.9872540924967992,0.9958228098390263,0.9913953393539838,2158,1190,0.32874104380607605,0.2976236045360565,1.104552984237671,0.785420298576355,-0.12894250452518463,0.8143873972536148,-0.07846153846153846,0.8836432874890501,0.93293210622624,0.9471678395370422,21.0,4.0,a549+IFNB_SP110,a549+IFNB,SP110,False,True,6
a549+IFNB_STAT1,0.040823676,0.007620528,5.3570666,0.98754513,0.26911816,0.8509037244829726,0.2809557170383321,0.9904476985342817,0.998359669363203,0.9920750295993348,2147,1266,,,,,,,,,,,,,a549+IFNB_STAT1,a549+IFNB,STAT1,False,True,6
a549+IFNB_STAT2,0.04097062,0.028591223,1.4329789,0.9870478,0.4419183,0.8357907458844044,0.3636609803707524,0.9899814268873686,0.9939957973246276,0.9959613808749858,2235,1132,0.30263552069664,0.9724242687225342,0.3112175762653351,0.8844161033630371,0.6246849298477173,0.8361538461538461,0.5707692307692307,0.9623539716462868,0.9659666042804539,0.9962600853713176,21.0,4.0,a549+IFNB_STAT2,a549+IFNB,STAT2,False,True,6
a549+IFNB_STAT3,0.0438166,0.012539981,3.494152,0.98654675,0.22842795,0.8507467487346616,0.2103990343874638,0.9896680688349366,0.9973311226766284,0.9923164396784032,2036,1372,0.08554425835609436,0.27648448944091797,0.3093998432159424,0.69976806640625,0.7507943511009216,0.3181818181818182,0.8272727272727273,0.8827570474861203,0.962590432355813,0.9170640158199879,10.0,1.0,a549+IFNB_STAT3,a549+IFNB,STAT3,False,True,6
a549+IFNB_STAT4,0.044645358,0.007907583,5.6458917,0.98657554,0.21126418,0.8306759657784369,0.25792582209613163,0.9896781286030222,0.9983762817674661,0.9912877005160367,2131,1271,,,,,,,,,,,,,a549+IFNB_STAT4,a549+IFNB,STAT4,False,True,6
a549+IFNB_STAT5A,0.043126088,0.0041692453,10.34386,0.9874735,0.20024371,0.8424039589961737,0.2461167429181351,0.9904160033942507,0.9990702270656932,0.9913377223772745,2133,1361,,,,,,,,,,,,,a549+IFNB_STAT5A,a549+IFNB,STAT5A,False,False,6
a549+IFNB_STAT6,0.04411463,0.01196592,3.6866894,0.9871881,0.27146968,0.8404379944618853,0.2621231783415365,0.990183404591754,0.99729696132363,0.9928671629336615,2128,1322,0.32628971338272095,0.4073278307914734,0.8010494112968445,0.5196385383605957,0.4764987826347351,0.6483516483516483,0.3681318681318681,0.8055035126916689,0.749267639200178,1.075054453908514,11.0,2.0,a549+IFNB_STAT6,a549+IFNB,STAT6,False,True,6
a549+IFNB_TRAFD1,0.05254132,0.011456944,4.5859804,0.98452866,0.017552577,0.8525741316624329,0.1265527583201918,0.9881003984003096,0.9976495803874316,0.990428320549773,1942,1453,,,,,,,,,,,,,a549+IFNB_TRAFD1,a549+IFNB,TRAFD1,False,True,6
a549+IFNB_TRIM21,0.0637235,0.04670505,1.3643813,0.98113966,0.2413861,0.8179714727958806,0.28038989988644514,0.9849308234006887,0.9920252359196524,0.9928485564055365,2106,1182,0.41608870029449463,0.3881382346153259,1.0720115900039673,0.523421585559845,0.0008129337802529335,0.7212925696034613,0.06230769230769231,0.8337272088207375,0.947435954044415,0.8799826576790994,22.0,3.0,a549+IFNB_TRIM21,a549+IFNB,TRIM21,False,True,6
a549+IFNB_TRIM22,0.044672668,0.013626947,3.2782595,0.9859569,0.23035076,0.824638732589405,0.2666519550441564,0.9891636370226137,0.9973448927088455,0.9917969643740682,2125,1245,0.33292877674102783,0.6185975074768066,0.5381993651390076,0.9800498485565186,0.3895418345928192,0.7999999999999999,0.4666666666666666,0.987678145528123,0.9891773601789985,0.9984843823653585,9.0,0.0,a549+IFNB_TRIM22,a549+IFNB,TRIM22,False,True,6
a549+IFNB_TYK2,0.037265535,0.02048252,1.8193824,0.9887457,0.44732594,0.851787632343051,0.3514895886022503,0.9914027845152502,0.9953797639630703,0.9960045606794478,2224,1236,0.15904873609542847,0.5873467326164246,0.2707918882369995,0.8777241110801697,0.7621268033981323,0.8053846153846154,0.7300000000000001,0.9432807786244238,0.9330441493104953,1.0109712164440379,24.0,1.0,a549+IFNB_TYK2,a549+IFNB,TYK2,False,True,6
a549+IFNB_UBA7,0.042366803,0.011335678,3.737474,0.9870464,0.24039328,0.8395337568537091,0.25258677423549736,0.9900153806725387,0.9977118437174376,0.9922858858563589,2071,1306,,,,,,,,,,,,,a549+IFNB_UBA7,a549+IFNB,UBA7,False,True,6
a549+IFNB_UBE2L6,0.043220412,0.012129664,3.5631993,0.9864807,0.24471374,0.8275863002420688,0.29949885981447066,0.9895619753601528,0.9976311547911655,0.9919116605448215,2163,1204,,,,,,,,,,,,,a549+IFNB_UBE2L6,a549+IFNB,UBE2L6,False,True,6
a549+IFNB_USP18,0.06557287,0.035388853,1.8529245,0.9795066,0.1513845,0.8241377499499272,0.20574039186494122,0.9841822204404141,0.9921718016508007,0.9919473812931457,2074,1300,1.1274117231369019,1.1805226802825928,0.9550106525421143,0.36249834299087524,0.31799861788749695,0.3815384615384615,0.23153846153846153,0.8182268862316663,0.8086126257761286,1.0118898223315642,14.0,11.0,a549+IFNB_USP18,a549+IFNB,USP18,False,True,6
a549+IFNB_VAV1,0.039802954,0.0048508,8.2054405,0.98805475,0.2740115,0.8463548146877203,0.3055982000090537,0.9908562127033411,0.998935057571576,0.9919125424550875,2193,1283,,,,,,,,,,,,,a549+IFNB_VAV1,a549+IFNB,VAV1,False,True,6
a549+IFNB_ZBP1,0.04662948,0.010831115,4.3051414,0.9855067,0.16020039,0.8292344320885582,0.23672557412698553,0.9888468168623247,0.9978212531917512,0.9910059679519555,2100,1306,0.1791638880968094,0.39396774768829346,0.4547679126262665,0.9252548217773438,-0.7449014782905579,0.7999999999999999,-0.6000000000000001,0.9730630074376403,0.9964722704356275,0.9765078630961267,4.0,0.0,a549+IFNB_ZBP1,a549+IFNB,ZBP1,False,True,6
a549+IFNB_ZNFX1,0.044479612,0.014768872,3.0117135,0.9861523,0.23608816,0.835413026787469,0.26362439804184185,0.9892820009607022,0.9971809189525063,0.9920787513663002,2122,1242,0.40897688269615173,0.7734979391098022,0.5287368893623352,0.984724760055542,-0.042982254177331924,0.7999999999999999,-0.39999999999999997,0.9898361974505038,0.9833221410496561,1.0066245395368543,4.0,0.0,a549+IFNB_ZNFX1,a549+IFNB,ZNFX1,False,True,6
a549+IFNG_IFNGR1,0.021911243,0.024619833,0.8899834,0.9938333,0.4210996,0.8960239394311318,0.30190961350936907,0.9952141812242936,0.9942776109136741,1.0009419605755367,2116,1173,0.5029314160346985,0.9565063714981079,0.5258004069328308,0.8247315883636475,0.8482423424720764,0.7961538461538461,0.6476923076923076,0.9605516584175078,0.9523491763176722,1.008612893572871,23.0,2.0,a549+IFNG_IFNGR1,a549+IFNG,IFNGR1,True,False,6
a549+IFNG_KIN,0.013011557,0.027670087,0.4702391,0.99649715,0.7054759,0.828279054037475,0.6548167214461322,0.9972600128420158,0.994955850330852,1.002315843974783,2572,625,0.1289488673210144,0.38000422716140747,0.3393353521823883,0.6049612164497375,0.43016257882118225,0.8774764540082641,0.5307692307692308,0.809238871918823,0.7881824432942984,1.026715170838514,24.0,1.0,a549+IFNG_KIN,a549+IFNG,KIN,True,False,6
a549+IFNG_PRDM1,0.0065717353,0.005970198,1.1007566,0.99800324,0.43412644,0.9016403360831163,0.3894540381213044,0.9984543265719947,0.9986319818367289,0.9998221013667044,2250,1091,1.4597232341766357,2.041809320449829,0.7149165272712708,,,,,,,,1.0,0.0,a549+IFNG_PRDM1,a549+IFNG,PRDM1,True,False,6
a549+INS_MTOR,0.005214318,0.0065592118,0.7949611,0.99847716,0.4990089,0.8908855630625632,0.38656952877428985,0.9988194701972931,0.9985489047851914,1.0002709585988279,2236,1207,0.030920274555683136,0.16843226552009583,0.18357691168785095,1.0,1.0,0.9999999999999999,0.9999999999999999,0.9726185819665946,0.9799068942768859,0.9925622399915149,2.0,0.0,a549+INS_MTOR,a549+INS,MTOR,True,False,6
a549+TNFA_TNFRSF1A,0.05608606,0.06463382,0.867751,0.9838822,0.37652916,0.8684463820277594,0.3467351523936452,0.9873512886650274,0.985714644051603,1.0016603634969825,2218,1273,2.129401445388794,2.203436851501465,0.9664000272750854,0.3928430378437042,0.013453217223286629,0.40461538461538454,-0.2915384615384616,0.8805285296811844,0.8804999464045726,1.0000324625534942,13.0,12.0,a549+TNFA_TNFRSF1A,a549+TNFA,TNFRSF1A,True,False,6
bxpc3+IFNB_ADAR,0.06446726,0.05173739,1.2460477,0.9793093,0.25076407,0.8340593632376386,0.32258948529953124,0.9842916034141884,0.9881996062296489,0.9960453305275329,2501,1531,1.6785115003585815,1.7587848901748657,0.9543586373329163,0.6516077518463135,0.4012831747531891,0.5846153846153846,0.33615384615384614,0.8828233958713054,0.872548185249069,1.0117760953445836,16.0,9.0,bxpc3+IFNB_ADAR,bxpc3+IFNB,ADAR,False,False,6
bxpc3+IFNB_AKT1,0.03403006,0.0031139415,10.928291,0.99016815,0.15400067,0.8476760663144781,0.1239085693720159,0.9925367948220046,0.9992865703911501,0.9932454055031447,2317,1885,0.019408371299505234,0.400846391916275,0.048418477177619934,0.4105531573295593,0.951262354850769,0.49999999999999994,0.9999999999999999,0.6561229498995313,0.6019201400525495,1.0900498359171864,4.0,1.0,bxpc3+IFNB_AKT1,bxpc3+IFNB,AKT1,False,True,6
bxpc3+IFNB_BATF2,0.033046685,0.0068717645,4.809054,0.9898162,0.21590272,0.8432715094598574,0.22118422726534046,0.992295616300919,0.9984777136180737,0.9938084774123267,2353,1710,0.12627221643924713,0.22086888551712036,0.5717066526412964,0.9540399312973022,0.5205005407333374,0.6476923076923076,0.1623076923076923,0.9655255746242825,0.9214981639872228,1.047778077437027,19.0,6.0,bxpc3+IFNB_BATF2,bxpc3+IFNB,BATF2,False,True,6
bxpc3+IFNB_BRD9,0.040188115,0.0054656216,7.35289,0.9893303,0.20065406,0.832699327718269,0.18615980772612742,0.9917619070855093,0.9987694315320866,0.9929838416902408,2359,1778,0.2711820900440216,0.3901720643043518,0.6950320601463318,0.5731160640716553,0.6838033199310303,0.4021978021978022,0.6967032967032967,0.686161777779723,0.43396528258353406,1.5811444032913937,12.0,2.0,bxpc3+IFNB_BRD9,bxpc3+IFNB,BRD9,False,False,6
bxpc3+IFNB_CEBPB,0.03554965,0.012821782,2.7725983,0.98956937,0.30969492,0.8388624002081053,0.30472159318834713,0.992082664585743,0.997202050492051,0.9948662501207434,2518,1515,0.3504273593425751,0.2928478419780731,1.1966192722320557,0.4308026432991028,0.19953225553035736,0.6953846153846154,0.41692307692307695,0.6398305531207693,0.7010805217846579,0.9126349017542639,21.0,4.0,bxpc3+IFNB_CEBPB,bxpc3+IFNB,CEBPB,False,True,6
bxpc3+IFNB_CEBPG,0.03959332,0.004195257,9.437638,0.98976344,0.19326141,0.8360683759592861,0.15370970885095853,0.9921213101715848,0.9990472162639055,0.993067488723685,2358,1806,0.01519616786390543,0.2509053945541382,0.06056533008813858,0.672519862651825,0.9352923035621643,0.5333333333333333,0.75,0.8367392546162878,0.7009779202586003,1.1936741949127347,9.0,0.0,bxpc3+IFNB_CEBPG,bxpc3+IFNB,CEBPG,False,True,6
bxpc3+IFNB_CRKL,0.03153805,0.010490103,3.0064578,0.9899364,0.2751336,0.8489350621341556,0.24060807760426584,0.9923919136797017,0.9978395044725645,0.9945406142285955,2359,1684,0.037945374846458435,0.16461528837680817,0.230509415268898,0.7412146925926208,0.9052639603614807,0.5750579071181042,0.653076923076923,0.8648142833692356,0.7959807068907268,1.0864764382887968,22.0,3.0,bxpc3+IFNB_CRKL,bxpc3+IFNB,CRKL,False,False,6
bxpc3+IFNB_DRAP1,0.035803214,0.006022291,5.9451156,0.98972285,0.23208249,0.8383259140615705,0.21361645367895996,0.9921610189384303,0.9986767490589606,0.993475636509341,2446,1618,0.02084665559232235,0.1532391756772995,0.13603998720645905,0.7984620928764343,0.8908907175064087,0.5197153394849473,0.7,0.8928373444017056,0.8299943478598371,1.0757149692692618,24.0,1.0,bxpc3+IFNB_DRAP1,bxpc3+IFNB,DRAP1,False,True,6
bxpc3+IFNB_DTX3L,0.03999635,0.0037161347,10.76289,0.98964727,0.1285088,0.8382266758570004,0.11572471298582279,0.9920318276296927,0.9991481400541053,0.9928776203056062,2312,1895,0.34511280059814453,0.7774150967597961,0.4439234733581543,0.8670915365219116,0.6002296209335327,0.942857142857143,0.6571428571428573,0.8953866661928912,0.8418388008775242,1.0636082172258505,5.0,1.0,bxpc3+IFNB_DTX3L,bxpc3+IFNB,DTX3L,False,True,6
bxpc3+IFNB_ELK1,0.035405107,0.003020989,11.7197075,0.9896941,0.104330346,0.8441340603423211,0.11310774901212994,0.9921422338572551,0.9993123825617127,0.9928249175837518,2290,1882,0.011723603121936321,0.6419723629951477,0.018261849880218506,-0.013017654418945312,0.9730236530303955,0.5,1.0,0.6484837396038015,0.5293258162759653,1.2251126237638725,3.0,0.0,bxpc3+IFNB_ELK1,bxpc3+IFNB,ELK1,False,True,6
bxpc3+IFNB_ETS1,0.039150946,0.012408826,3.1550887,0.98789513,0.13321008,0.8453276113330678,0.14299066913782976,0.9908649036035574,0.9971779190092154,0.9936691183335362,2232,1837,0.2537797689437866,0.39191731810569763,0.6475339531898499,0.6713889241218567,0.30684927105903625,0.6685901258511017,0.3892307692307692,0.7857182038568284,0.8262095724410857,0.9509914071019256,20.0,5.0,bxpc3+IFNB_ETS1,bxpc3+IFNB,ETS1,False,True,6
bxpc3+IFNB_ETS2,0.03573184,0.0033943504,10.526856,0.9893862,0.059032917,0.8489642548205002,0.09347322848768465,0.9919155220462288,0.9992233501808214,0.9926864918306101,2255,1970,0.010885823518037796,0.6379043459892273,0.017064977437257767,-0.8983733057975769,0.9994381070137024,-1.0,1.0,0.7562969805209007,0.29679409552240377,2.5482211133267336,2.0,1.0,bxpc3+IFNB_ETS2,bxpc3+IFNB,ETS2,False,True,6
bxpc3+IFNB_FOS,0.03085202,0.022416279,1.3763222,0.9898732,0.41895545,0.839379031292917,0.3939220072961211,0.9922284063645895,0.9956514648943858,0.9965619911681048,2583,1413,0.05052388086915016,0.1749199479818344,0.28884002566337585,0.2054165154695511,0.8239976167678833,0.24004616716403193,0.6676923076923077,0.7805181820422764,0.853373876287103,0.9146262895205904,23.0,2.0,bxpc3+IFNB_FOS,bxpc3+IFNB,FOS,False,True,6
bxpc3+IFNB_H1F0,0.034618117,0.0054532173,6.3482003,0.9901371,0.29308885,0.8357833756452108,0.24613359665864226,0.9924431031118597,0.9988015377415275,0.9936339358827527,2422,1672,0.0988519936800003,0.22488944232463837,0.4395581781864166,-0.14586110413074493,0.7108572721481323,0.24754901960784317,0.7058823529411765,0.2703985025442157,0.20433034366334601,1.3233399293338604,16.0,1.0,bxpc3+IFNB_H1F0,bxpc3+IFNB,H1F0,False,True,6
bxpc3+IFNB_HERC5,0.031790014,0.006531297,4.8673353,0.99051934,0.29956716,0.8415227647934335,0.22837732325917298,0.9928037717607154,0.9985411213148425,0.9942542681201028,2376,1711,0.02855544723570347,0.2462894767522812,0.11594261974096298,0.9272279143333435,0.9387605786323547,0.5535680040850031,0.7338461538461539,0.9328409502226213,0.9356224916727316,0.9970270686362643,20.0,5.0,bxpc3+IFNB_HERC5,bxpc3+IFNB,HERC5,False,True,6
bxpc3+IFNB_HERC6,0.037583504,0.0064328234,5.8424587,0.98932666,0.19245726,0.8362620275469194,0.21132957369628186,0.991827165998888,0.9985503730050077,0.9932670327027298,2372,1749,0.29090335965156555,0.43246138095855713,0.672668993473053,0.7421572208404541,0.47242799401283264,0.5459236326109391,0.4262125902992776,0.786636568969563,0.7970392335316024,0.9869483657461299,12.0,6.0,bxpc3+IFNB_HERC6,bxpc3+IFNB,HERC6,False,True,6
bxpc3+IFNB_HES4,0.03548592,0.0043753576,8.110404,0.9896246,0.16893041,0.8404043505095364,0.1825413030411125,0.9920756842308017,0.99902712534903,0.9930417894150775,2359,1733,0.06534948199987411,0.30409181118011475,0.21490049362182617,0.9344351887702942,0.8986977338790894,0.08333333333333334,0.6166666666666666,0.9506725841728885,0.6314756650654296,1.5054777828602242,8.0,1.0,bxpc3+IFNB_HES4,bxpc3+IFNB,HES4,False,True,6
bxpc3+IFNB_ID1,0.21904722,0.3427199,0.6391435,0.94544375,0.5650718,0.7803680695175338,0.5977211628169465,0.9534357207136613,0.9464347650587912,1.0073971877548635,2747,912,0.44531887769699097,0.9163256287574768,0.4859832227230072,,0.39203742146492004,,0.3715384615384616,,,,23.0,2.0,bxpc3+IFNB_ID1,bxpc3+IFNB,ID1,False,True,6
bxpc3+IFNB_ID2,0.042130284,0.004580922,9.1969,0.988907,0.08356113,0.8362359570671677,0.15247599360653866,0.9914348596018512,0.9989502103573081,0.9924767514161003,2374,1827,0.8892998099327087,0.8824751377105713,1.0077335834503174,0.9837668538093567,0.6443219780921936,0.8857142857142858,0.6,0.9893342068483217,0.7512930566679235,1.3168419407949008,4.0,2.0,bxpc3+IFNB_ID2,bxpc3+IFNB,ID2,False,True,6
bxpc3+IFNB_ID3,0.042775493,0.0053453287,8.002406,0.98949337,0.22862473,0.8235601273049936,0.23576827208771184,0.9918961365180247,0.9988054441402091,0.9930824289527855,2427,1643,0.01134046446532011,0.09413637965917587,0.12046846002340317,0.08991212397813797,0.922931969165802,0.2930769230769231,0.4584615384615385,0.6692569828347142,0.764935448165188,0.8749195562057258,22.0,3.0,bxpc3+IFNB_ID3,bxpc3+IFNB,ID3,False,True,6
bxpc3+IFNB_IFI16,0.05205069,0.019645523,2.6494937,0.9880065,0.3610105,0.8039050203362271,0.3836848802154219,0.990777099492091,0.9958048615238216,0.994951056953029,2705,1294,0.42121338844299316,0.7588773965835571,0.5550479888916016,0.8867252469062805,0.4188278913497925,0.677444388572867,0.5915384615384616,0.9107256655804238,0.8933278660133374,1.0194752679603825,22.0,3.0,bxpc3+IFNB_IFI16,bxpc3+IFNB,IFI16,False,True,6
bxpc3+IFNB_IFNAR1,0.025100634,0.012713591,1.974315,0.9925673,0.5599209,0.8453842455550198,0.34565892344194027,0.9943635292783441,0.9971494097163264,0.9972061554559063,2504,1582,0.1342587023973465,0.23187857866287231,0.5790043473243713,0.8075147271156311,0.5116599798202515,0.5353846153846153,0.5438461538461539,0.8682230915050501,0.9235056151897373,0.9401384000536595,20.0,5.0,bxpc3+IFNB_IFNAR1,bxpc3+IFNB,IFNAR1,False,True,6
bxpc3+IFNB_IFNAR2,0.028036958,0.015229923,1.8409127,0.9923731,0.5514667,0.8446169578510994,0.23393875626552002,0.9941277779057538,0.9965106567114105,0.9976087773978048,2414,1847,0.25831639766693115,0.41943976283073425,0.6158605217933655,0.8058927059173584,0.5351996421813965,0.86,0.5661538461538461,0.8800259728781551,0.9261246037352915,0.9502241591777078,22.0,3.0,bxpc3+IFNB_IFNAR2,bxpc3+IFNB,IFNAR2,False,True,6
bxpc3+IFNB_IRF1,0.03167249,0.005184771,6.1087537,0.99024814,0.24075663,0.8500470222360703,0.20947332178687303,0.9926184742801635,0.998840575608784,0.993770676241473,2341,1792,0.02055441588163376,0.1764736771583557,0.11647298187017441,0.911221981048584,0.9215226769447327,0.7912087912087913,0.35714285714285715,0.9471059486053516,0.7911102010174624,1.197185862838401,11.0,2.0,bxpc3+IFNB_IRF1,bxpc3+IFNB,IRF1,False,True,6
bxpc3+IFNB_IRF3,0.07062534,0.10202441,0.69223964,0.98113215,0.47469598,0.8215770791660842,0.464895855502658,0.9845558823151241,0.9836796871770158,1.000890732165694,2623,1266,0.1950468122959137,0.32625094056129456,0.5978429317474365,0.33050060272216797,0.44142961502075195,0.4843374928644445,0.3469230769230769,0.696698595682509,0.6977719809502124,0.9984616962317093,23.0,2.0,bxpc3+IFNB_IRF3,bxpc3+IFNB,IRF3,False,True,6
bxpc3+IFNB_IRF7,0.03425517,0.0030935588,11.073062,0.98972726,0.13068467,0.8523986226364316,0.13680799301599575,0.9921670515652309,0.9992914436417187,0.9928705563108552,2379,1948,0.28491368889808655,0.45404869318008423,0.6274958848953247,0.89690101146698,0.7129471302032471,0.642857142857143,0.5714285714285715,0.9322897626136527,0.697489833439933,1.3366356295341477,4.0,3.0,bxpc3+IFNB_IRF7,bxpc3+IFNB,IRF7,False,True,6
bxpc3+IFNB_IRF9,0.024386121,0.028268192,0.86267,0.9920999,0.5964804,0.8380300048204137,0.4105083045736872,0.9939834743117266,0.9940094838781244,0.9999738336838636,2594,1409,0.29992160201072693,0.8534684181213379,0.3514150083065033,0.8478466272354126,0.45028460025787354,0.8623076923076922,0.5207692307692308,0.9422796413854916,0.979106307510015,0.9623874692236657,23.0,2.0,bxpc3+IFNB_IRF9,bxpc3+IFNB,IRF9,False,True,6
bxpc3+IFNB_JAK1,0.02881037,0.0082152635,3.506932,0.99112654,0.395222,0.8490261444310626,0.2653340370586484,0.9933084993506944,0.9981499257967271,0.9951495999539666,2359,1732,0.17377370595932007,0.26333490014076233,0.659896194934845,0.8504993319511414,0.5666666030883789,0.6661538461538461,0.6384615384615384,0.8703743664038346,0.7117874825227556,1.222800888994292,22.0,3.0,bxpc3+IFNB_JAK1,bxpc3+IFNB,JAK1,False,True,6
bxpc3+IFNB_JUN,0.038166884,0.0050121937,7.614806,0.9887479,0.04449501,0.8464202441901152,0.09295985073218094,0.9914553536318695,0.998857001096045,0.9925898827799639,2276,1876,0.578542172908783,0.47221803665161133,1.2251590490341187,0.9228702187538147,0.44934335350990295,0.3545454545454546,0.19090909090909092,0.930294489370702,0.8109727452526283,1.1471340989158687,6.0,5.0,bxpc3+IFNB_JUN,bxpc3+IFNB,JUN,False,True,6
bxpc3+IFNB_MAP3K14,0.038601555,0.004111392,9.388926,0.98944175,0.12009473,0.8403343187366784,0.14618448570437656,0.991930141045497,0.9990610354839967,0.9928624036117623,2332,1823,0.013398470357060432,0.2670261859893799,0.05017661675810814,0.10379421710968018,0.9610850811004639,0.2142857142857143,0.8571428571428572,0.7553576644936437,0.6790731494786292,1.1123362263308207,8.0,0.0,bxpc3+IFNB_MAP3K14,bxpc3+IFNB,MAP3K14,False,True,6
bxpc3+IFNB_MAPK8,0.038162846,0.0051569394,7.40029,0.98894715,0.09186864,0.8392369449323791,0.13151242493333204,0.9916117511719624,0.9988478561229494,0.9927555483984578,2286,1823,0.019578533247113228,0.1480235904455185,0.13226629793643951,0.6427066922187805,0.9531188011169434,0.4241758241758242,0.432967032967033,0.9073576919963252,0.8139527038746206,1.1147548102943492,13.0,1.0,bxpc3+IFNB_MAPK8,bxpc3+IFNB,MAPK8,False,True,6
bxpc3+IFNB_MAPK14,0.032540753,0.010838707,3.0022726,0.9900399,0.3055367,0.8397819351024474,0.2806949522832561,0.9924672526173766,0.9976410336463581,0.9948139853369187,2436,1606,0.15182532370090485,0.25585392117500305,0.5934062600135803,0.40139561891555786,0.5510205030441284,0.6424312486601496,0.5499999999999999,0.6082781941566396,0.4910674078271565,1.238685737357545,21.0,4.0,bxpc3+IFNB_MAPK14,bxpc3+IFNB,MAPK14,False,True,6
bxpc3+IFNB_MEF2A,0.033299092,0.025812963,1.2900144,0.9896668,0.39008155,0.8375670367816005,0.3089752852812165,0.9920317162455283,0.9951074040859768,0.9969091900755441,2354,1639,0.20596690475940704,0.28585919737815857,0.7205187082290649,0.9288226962089539,0.424738347530365,0.5593383446418307,0.1423076923076923,0.9202033038912466,0.882738053485421,1.0424420928245894,19.0,6.0,bxpc3+IFNB_MEF2A,bxpc3+IFNB,MEF2A,False,True,6
bxpc3+IFNB_MYC,0.033694893,0.0040889895,8.2403965,0.99009955,0.19494867,0.8446624364886179,0.16478471796175173,0.992474841918818,0.9990741110600775,0.9933946150058305,2303,1833,0.015565486624836922,0.46511903405189514,0.03346559777855873,0.9974820613861084,0.9773716330528259,1.0,0.7999999999999999,0.9933808723291994,0.6292371395160934,1.5787066750273926,4.0,0.0,bxpc3+IFNB_MYC,bxpc3+IFNB,MYC,False,True,6
bxpc3+IFNB_NFE2L3,0.03567045,0.0058348877,6.1133056,0.98952687,0.17994535,0.8451504123432411,0.18055848633199342,0.9920277396339892,0.9986909089289142,0.9933280965758753,2352,1748,0.06558554619550705,0.16509754955768585,0.3972533047199249,0.28174012899398804,0.6707463264465332,0.5666666666666667,0.32280701754385965,0.5820358434165595,0.5743628560926641,1.0133591287154151,17.0,2.0,bxpc3+IFNB_NFE2L3,bxpc3+IFNB,NFE2L3,False,True,6
bxpc3+IFNB_NFKB1,0.03526784,0.017404156,2.0264034,0.98934555,0.3881623,0.8307290652730858,0.3849452546567672,0.9918796731741745,0.9965234200598923,0.9953400524340525,2634,1378,0.2323116809129715,0.25464490056037903,0.9122965931892395,0.9755664467811584,0.11895038187503815,0.5235622331894991,0.11846153846153845,0.9790976972722999,0.9329681363050469,1.0494438761327325,21.0,4.0,bxpc3+IFNB_NFKB1,bxpc3+IFNB,NFKB1,False,True,6
bxpc3+IFNB_PARP12,0.033137865,0.0051855897,6.3903756,0.98987514,0.21958622,0.8455263511104943,0.22264000429919562,0.9923007796574582,0.9988584206518659,0.9934348643823535,2374,1716,0.1708258092403412,0.2343801110982895,0.7288408875465393,0.9353582262992859,0.49109798669815063,0.2558441558441559,0.18961038961038962,0.9461077361357246,0.9349310887990561,1.011954514584626,19.0,2.0,bxpc3+IFNB_PARP12,bxpc3+IFNB,PARP12,False,True,6
bxpc3+IFNB_POU2F1,0.05606394,0.010536231,5.321062,0.98799866,0.28360054,0.8019190199244532,0.2948521761189637,0.9906837037526408,0.9977440993238811,0.9929236408654035,2585,1467,0.044325534254312515,0.18837466835975647,0.23530517518520355,0.8231395483016968,0.7373307347297668,0.7838461538461537,0.4976923076923077,0.9155504877600361,0.8932369702521796,1.0249805127317524,23.0,2.0,bxpc3+IFNB_POU2F1,bxpc3+IFNB,POU2F1,False,True,6
bxpc3+IFNB_RAP1GAP,0.040795807,0.0025620111,15.923352,0.98965085,0.097709,0.8357245721371254,0.07739193400490318,0.9919842491021865,0.9994142432352354,0.9925656511468187,2252,2013,0.42928245663642883,1.1067994832992554,0.3878592848777771,1.0,1.0,0.9999999999999999,0.9999999999999999,0.9959647661989806,0.3357878269552904,2.9660538180605087,1.0,1.0,bxpc3+IFNB_RAP1GAP,bxpc3+IFNB,RAP1GAP,False,True,6
bxpc3+IFNB_RAPGEF1,0.03354423,0.008158307,4.1116657,0.9895601,0.20960833,0.8471736246142206,0.21466084627905282,0.9921052275675973,0.9982111375856583,0.9938831477748995,2336,1694,0.02178233675658703,0.15685422718524933,0.13886994123458862,0.9019215703010559,0.9281318187713623,0.5123076923076924,0.7138461538461538,0.9322714992846725,0.8345865849967056,1.1170458716255935,20.0,5.0,bxpc3+IFNB_RAPGEF1,bxpc3+IFNB,RAPGEF1,False,True,6
bxpc3+IFNB_RNF114,0.037619404,0.0045867097,8.201828,0.98928356,0.14873664,0.8393634958358995,0.1663624099749386,0.9917788464256974,0.9989746473873907,0.9927968132319349,2345,1742,0.020172592252492905,0.30613306164741516,0.06589484959840775,-0.3509698510169983,0.9795962572097778,-0.21428571428571433,0.8928571428571429,0.5181042220378594,0.6195279602511808,0.8362886831254553,5.0,2.0,bxpc3+IFNB_RNF114,bxpc3+IFNB,RNF114,False,False,6
bxpc3+IFNB_SMARCA5,0.051927745,0.011976477,4.3358116,0.9882846,0.307135,0.8092291847759314,0.33550741300337206,0.990927279821192,0.997422964391091,0.9934875325696311,2596,1432,0.14356352388858795,0.21789537370204926,0.6588644981384277,0.26324042677879333,0.30793797969818115,0.5647239958282033,0.4438461538461538,0.48103005451485437,0.5566178742243151,0.8642015946491164,23.0,2.0,bxpc3+IFNB_SMARCA5,bxpc3+IFNB,SMARCA5,False,True,6
bxpc3+IFNB_SOCS1,0.03725419,0.0038603547,9.650457,0.98922753,0.09509986,0.8423687383495096,0.13438925876200902,0.9917579486327195,0.9991168126477179,0.992634630984242,2270,1926,0.014385649934411049,0.21527099609375,0.06682576984167099,0.1913401186466217,0.9522521495819092,0.12727272727272726,0.8303030303030302,0.6623822841127479,0.6442257209996073,1.0281835426952033,8.0,2.0,bxpc3+IFNB_SOCS1,bxpc3+IFNB,SOCS1,False,True,6
bxpc3+IFNB_SP100,0.035782337,0.004771125,7.499769,0.9896698,0.1779611,0.8432632364281255,0.1500218259365074,0.9920761356727003,0.9989089266098141,0.993159745843594,2317,1887,0.008817131631076336,0.39077743887901306,0.02256305143237114,0.052476316690444946,0.9762121438980103,0.39999999999999997,0.9999999999999999,0.669982315467189,0.6130945862934436,1.092787851084559,5.0,0.0,bxpc3+IFNB_SP100,bxpc3+IFNB,SP100,False,True,6
bxpc3+IFNB_SP110,0.03878404,0.0108242035,3.5830848,0.98933315,0.29281372,0.8291301924559571,0.2695320696145201,0.9918486920195488,0.9976208742906465,0.994214052231814,2481,1600,0.10831271857023239,0.22223688662052155,0.48737508058547974,0.9705818295478821,0.47960540652275085,0.8392307692307692,0.586923076923077,0.9758324711436906,0.8918747418933923,1.0941362338303935,23.0,2.0,bxpc3+IFNB_SP110,bxpc3+IFNB,SP110,False,True,6
bxpc3+IFNB_STAT1,0.035637595,0.0072096586,4.943035,0.990428,0.30718386,0.8447872424392718,0.2159711137983394,0.9927095144636424,0.998356977155428,0.9943432431274466,2407,1730,0.09715993702411652,0.23154763877391815,0.41961100697517395,0.9390266537666321,0.7133044600486755,0.6047430830039526,0.7233201581027668,0.9475675260845053,0.9184201999213741,1.0317363731390343,22.0,1.0,bxpc3+IFNB_STAT1,bxpc3+IFNB,STAT1,False,True,6
bxpc3+IFNB_STAT2,0.03759988,0.03303445,1.1382021,0.9907743,0.5446979,0.8293332382812256,0.22708648716625615,0.9929491724871954,0.9924757379755351,1.0004770237634484,2387,1746,0.15520095825195312,1.4902215003967285,0.10414623469114304,0.9544503688812256,0.7282076478004456,0.9253846153846155,0.7153846153846154,0.9938010205961473,0.9913517703694978,1.0024706166870883,25.0,0.0,bxpc3+IFNB_STAT2,bxpc3+IFNB,STAT2,False,True,6
bxpc3+IFNB_STAT3,0.037938148,0.004377873,8.665886,0.98923326,0.091775805,0.8460881838115537,0.11965147060176813,0.9918316954796387,0.9990030065541137,0.9928215320400174,2262,1845,0.243880033493042,0.3485139012336731,0.6997713446617126,0.042015399783849716,0.4351074695587158,0.13333333333333333,0.48333333333333334,0.37138139400243797,0.5543769485221169,0.6699077135015863,6.0,3.0,bxpc3+IFNB_STAT3,bxpc3+IFNB,STAT3,False,True,6
bxpc3+IFNB_STAT4,0.048436888,0.003618493,13.385928,0.98878646,0.0959277,0.8293727909333076,0.14208997430226158,0.9913094918246079,0.9991790420227338,0.9921239839236472,2322,1812,0.01509927213191986,0.2911442220211029,0.051861830055713654,0.15254391729831696,0.9523362517356873,0.14285714285714288,1.0,0.5787778387250126,0.6061398210390357,0.9548586293718179,7.0,0.0,bxpc3+IFNB_STAT4,bxpc3+IFNB,STAT4,False,True,6
bxpc3+IFNB_STAT5A,0.041025605,0.002070215,19.817074,0.9899883,0.15384355,0.8385202683868967,0.1280225022111889,0.9922692144187872,0.9995254960557579,0.9927402735942157,2316,1962,0.004701131954789162,0.657759964466095,0.007147184573113918,0.1701560914516449,0.9888018369674683,0.5,1.0,0.77722689148959,0.5672662420290164,1.3701271711667162,3.0,0.0,bxpc3+IFNB_STAT5A,bxpc3+IFNB,STAT5A,False,False,6
bxpc3+IFNB_STAT6,0.037696935,0.022126708,1.7036848,0.98857373,0.3708372,0.8305959503048056,0.3556089721939686,0.9913100069532739,0.9953108704271876,0.9959802875736739,2540,1469,0.27518394589424133,0.5155828595161438,0.5337337255477905,0.869262158870697,0.29969656467437744,0.7976923076923076,0.5738461538461538,0.9194238083170672,0.9410987199005993,0.9769685038081642,22.0,3.0,bxpc3+IFNB_STAT6,bxpc3+IFNB,STAT6,False,True,6
bxpc3+IFNB_TRAFD1,0.03289945,0.0036587594,8.991969,0.99015814,0.19065687,0.8482286409127797,0.19032272769492614,0.9925303776355856,0.9991816060482526,0.9933433238037953,2334,1796,0.0053708516061306,0.4677940905094147,0.011481230147182941,0.05368773639202118,0.9871104955673218,0.19999999999999998,1.0,0.7944041417276615,0.6851704581487734,1.1594255594060796,4.0,0.0,bxpc3+IFNB_TRAFD1,bxpc3+IFNB,TRAFD1,False,True,6
bxpc3+IFNB_TRIM21,0.055321593,0.08290018,0.66732776,0.9836889,0.49268973,0.8167899842581111,0.5004251107104849,0.9870125387956608,0.9874577737586056,0.9995491098710478,2719,1208,0.13125073909759521,0.3128907084465027,0.4194779098033905,0.42155563831329346,0.7365834712982178,0.21834938600784465,0.4692307692307692,0.713544518250906,0.7082009135617936,1.0075453230669211,23.0,2.0,bxpc3+IFNB_TRIM21,bxpc3+IFNB,TRIM21,False,True,6
bxpc3+IFNB_TRIM22,0.04089136,0.005221395,7.8315015,0.9896353,0.2176307,0.8290823685660162,0.1922873645640131,0.9919977618389723,0.9988167556806876,0.9931729280641991,2385,1768,0.22001826763153076,0.707119345664978,0.3111473023891449,0.9617345333099365,0.7627689242362976,0.4666666666666666,0.9030303030303028,0.9622368730602383,0.9035621785671614,1.0649370855541136,10.0,0.0,bxpc3+IFNB_TRIM22,bxpc3+IFNB,TRIM22,False,True,6
bxpc3+IFNB_TYK2,0.02931889,0.023141654,1.2669314,0.99158454,0.53351426,0.8486202203747392,0.2231434761070322,0.993579954723018,0.994691680224809,0.9988823416100758,2369,1850,0.23657241463661194,1.1658350229263306,0.20292100310325623,0.8650914430618286,0.7219235301017761,0.816923076923077,0.5561538461538461,0.9701229151251911,0.9730356538158158,0.997006544745609,24.0,1.0,bxpc3+IFNB_TYK2,bxpc3+IFNB,TYK2,False,True,6
bxpc3+IFNB_UBA7,0.03658382,0.0069075907,5.2961764,0.9895474,0.21250397,0.8372060770179859,0.22436284508645393,0.9920288263988181,0.998444844381406,0.993573988569631,2376,1710,0.1375245898962021,0.2728806734085083,0.5039733648300171,0.029720831662416458,0.662362277507782,0.37538461538461537,0.6153846153846153,0.3912163204017831,0.36935013339958256,1.0592017844990043,18.0,7.0,bxpc3+IFNB_UBA7,bxpc3+IFNB,UBA7,False,True,6
bxpc3+IFNB_UBE2L6,0.043966893,0.0032866688,13.377342,0.9894974,0.16765875,0.8267849679304141,0.14253603689222008,0.9918149464607586,0.9992483918917268,0.992560963328752,2358,1838,0.06866072118282318,0.4472877085208893,0.15350459516048431,-0.4724222719669342,0.9042156934738159,-0.09999999999999999,0.8999999999999998,0.12391176297476436,0.23992678591159744,0.5164565619631167,4.0,1.0,bxpc3+IFNB_UBE2L6,bxpc3+IFNB,UBE2L6,False,True,6
bxpc3+IFNB_USP18,0.082307346,0.03130619,2.629108,0.978157,-0.03702604,0.8207911668304325,0.1728779253318776,0.9832850711659409,0.9928208908464321,0.9903952266028957,2372,1753,2.2993292808532715,1.3790093660354614,1.6673775911331177,0.6370397806167603,-0.030676767230033875,0.7446153846153846,-0.09999999999999999,0.8472743735891921,0.9219338765508431,0.9190185924819592,14.0,11.0,bxpc3+IFNB_USP18,bxpc3+IFNB,USP18,False,True,6
bxpc3+IFNB_VAV1,0.037516844,0.0029065844,12.9075365,0.9896777,0.14397219,0.8468566272007255,0.14612137325359015,0.9920553126960834,0.9993403491348708,0.9927101548085253,2363,1831,0.0070573920384049416,0.895639955997467,0.007879720069468021,1.0,1.0,0.9999999999999999,0.9999999999999999,0.8437428311691171,0.6368135009859381,1.3249449483448503,2.0,0.0,bxpc3+IFNB_VAV1,bxpc3+IFNB,VAV1,False,True,6
bxpc3+IFNB_ZBP1,0.04442788,0.004176657,10.637186,0.98945963,0.18196906,0.8261153915330791,0.18335326749222305,0.991863434358852,0.9990600667638728,0.9927965968769706,2360,1749,0.003103905823081732,0.40391412377357483,0.007684568874537945,0.4023810625076294,0.9915510416030884,0.3,0.9999999999999999,0.8469825103212881,0.5994248961595079,1.4129918789624394,5.0,0.0,bxpc3+IFNB_ZBP1,bxpc3+IFNB,ZBP1,False,True,6
bxpc3+IFNB_ZNFX1,0.04142735,0.0077396254,5.35263,0.98856896,0.17299862,0.8332259362438406,0.2457770891245904,0.9912579512593968,0.9982895692715835,0.9929563342855345,2469,1603,0.16448979079723358,0.35896095633506775,0.4582386612892151,0.9813115000724792,0.6028408408164978,0.6620504065533637,0.7992307692307692,0.9822210053318534,0.957024591428259,1.026327864643469,25.0,0.0,bxpc3+IFNB_ZNFX1,bxpc3+IFNB,ZNFX1,False,True,6
bxpc3+IFNG_GUK1,0.013123114,0.008867057,1.4799852,0.99663806,0.34212407,0.920904526633743,0.36851960180587207,0.9974114517253468,0.9980490239700694,0.9993611814355707,2658,1314,0.08558592945337296,0.16464146971702576,0.5198321342468262,0.6977109909057617,0.7038933634757996,0.5928063198714314,0.7269230769230769,0.8199065373570035,0.8061205030889853,1.0171017040444836,23.0,2.0,bxpc3+IFNG_GUK1,bxpc3+IFNG,GUK1,True,False,6
bxpc3+IFNG_IFNGR1,0.023776002,0.03156092,0.7533368,0.99270445,0.4802541,0.9045129928241807,0.39799514926523527,0.9944377554723987,0.9930105695111399,1.0014372313901567,2631,1290,0.665615975856781,1.2055752277374268,0.5521148443222046,0.9115267395973206,0.7333282828330994,0.9446153846153846,0.38461538461538464,0.984375085403472,0.9810939848514215,1.0033443284768964,23.0,2.0,bxpc3+IFNG_IFNGR1,bxpc3+IFNG,IFNGR1,True,False,6
bxpc3+IFNG_KIN,0.18249553,0.34424934,0.53012604,0.9431405,0.75551605,0.7543823821693859,0.7702867764585836,0.9522442218283592,0.9383403575635303,1.0148175064119924,2679,344,0.9810431599617004,1.8601170778274536,0.5274093747138977,0.7702136635780334,0.3903786838054657,0.6107990436290099,0.4107692307692308,0.7082253580180752,0.6334418542844384,1.118058987147471,25.0,0.0,bxpc3+IFNG_KIN,bxpc3+IFNG,KIN,True,False,6
bxpc3+IFNG_MAFB,0.008807966,0.008626614,1.0210223,0.9973937,0.4583333,0.9143886323237463,0.410014159134508,0.9980181491866514,0.9981258553671013,0.9998920915835706,2601,1342,0.014731401577591896,0.05488567799329758,0.268401563167572,0.9226298928260803,0.7494986057281494,0.5715384615384614,0.6230769230769231,0.9516948478853459,0.954027578252018,0.9975548606561813,23.0,2.0,bxpc3+IFNG_MAFB,bxpc3+IFNG,MAFB,True,False,6
bxpc3+INS_MTOR,0.015678242,0.020608742,0.76075685,0.99602544,0.4776654,0.8922713009526639,0.2972038938255322,0.9968587312095003,0.9957191426215641,1.0011444879777402,2474,1771,0.1454416811466217,0.29831624031066895,0.48754194378852844,0.9224480390548706,0.8205934166908264,0.6846153846153846,0.7146153846153845,0.9387209052365307,0.9136698659167171,1.0274180426150743,22.0,3.0,bxpc3+INS_MTOR,bxpc3+INS,MTOR,True,False,6
bxpc3+TNFA_BATF,0.0031896248,0.004888845,0.6524291,0.99899274,0.6073034,0.9097035333639191,0.3997455471120788,0.9992281122039477,0.9988596513396216,1.0003688815178708,2498,1400,0.013790859840810299,0.03133828938007355,0.4400642216205597,0.9038946628570557,0.7688585519790649,0.8575851393188855,0.6346749226006192,0.9630380905666804,0.9660648529982817,0.9968669158988577,16.0,2.0,bxpc3+TNFA_BATF,bxpc3+TNFA,BATF,True,False,6
bxpc3+TNFA_TNFRSF1A,0.13109829,0.1511702,0.8672231,0.9781455,0.44746906,0.8368579680760836,0.32579722391227417,0.9811644798395726,0.9755872853106257,1.0057167560636782,2311,1450,0.34561780095100403,0.524260938167572,0.6592476963996887,0.5989611148834229,0.653352677822113,0.530280020474853,0.4053846153846154,0.7677748769488842,0.7909234634413246,0.9707322041102178,25.0,0.0,bxpc3+TNFA_TNFRSF1A,bxpc3+TNFA,TNFRSF1A,True,False,6
bxpc3+TNFA_TNFRSF1B,0.0038382004,0.00240061,1.5988438,0.9987853,0.37327236,0.9252331679577555,0.3006118600551288,0.9990449178454781,0.9994206604060414,0.999624039630709,2473,1509,0.0224345363676548,0.05970701575279236,0.37574371695518494,1.0,1.0,0.9999999999999999,0.9999999999999999,0.999383409139305,0.99988379881162,0.999499552175053,2.0,0.0,bxpc3+TNFA_TNFRSF1B,bxpc3+TNFA,TNFRSF1B,True,False,6
hap1+IFNB_ADAR,0.02495006,0.02761989,0.90333664,0.99226445,0.23963432,0.8826416120808744,0.26529758299715406,0.9939536366589649,0.9936630157552365,1.0002924743088153,2353,1456,0.2787162661552429,0.322719931602478,0.8636475205421448,0.3922345042228699,0.31194135546684265,0.6907692307692308,0.46384615384615385,0.659734651366503,0.6440684959242297,1.0243237412502106,21.0,4.0,hap1+IFNB_ADAR,hap1+IFNB,ADAR,True,False,6
hap1+IFNB_BRD9,0.0031153273,0.0027590063,1.1291482,0.99898744,0.3993054,0.906969024726809,0.35548195123658965,0.9992185455160371,0.9993380419563791,0.9998804244056314,2488,1411,,,,,,,,,,,,,hap1+IFNB_BRD9,hap1+IFNB,BRD9,True,False,6
hap1+IFNB_CRKL,0.018401278,0.016935097,1.0865765,0.9960047,0.17818299,0.8839814746647033,0.1250229310466636,0.9966255043879306,0.996263561418512,1.0003633004191212,1968,1842,0.12985341250896454,0.1652163714170456,0.7859597206115723,0.9421654343605042,0.36222636699676514,0.7762180050643293,0.30999999999999994,0.910901138961237,0.9147567521014539,0.9957850946370612,17.0,8.0,hap1+IFNB_CRKL,hap1+IFNB,CRKL,True,False,6
hap1+INS_MTOR,0.031237429,0.03296989,0.94745326,0.9936775,0.27480143,0.8543934625251957,0.18535296241666024,0.9944911448586786,0.9934008481193731,1.0010975395696204,2170,1721,0.11785482615232468,0.13492923974990845,0.8734565377235413,0.46867266297340393,0.062002986669540405,0.5162790057328213,0.26615384615384613,0.851182268956686,0.8805194690402555,0.9666819404736772,19.0,6.0,hap1+INS_MTOR,hap1+INS,MTOR,True,False,6
hap1+TNFA_ARID5B,0.019417893,0.007657112,2.535929,0.9936881,0.16169564,0.8787624065024436,0.17207641646428487,0.9950126294361561,0.9982083550110403,0.9967985385427385,2089,1564,0.05184035003185272,0.06876429170370102,0.7538847327232361,0.7355183959007263,-0.0769650787115097,0.71,-0.09307692307692307,0.9488007833551069,0.9705711915858474,0.9775694885450195,19.0,6.0,hap1+TNFA_ARID5B,hap1+TNFA,ARID5B,False,True,6
hap1+TNFA_BATF,0.018497905,0.0043501863,4.2522097,0.994216,0.14561656,0.8911659439428266,0.166038202724905,0.9954877256629395,0.9989292869549312,0.9965547498337117,2104,1632,0.09815851598978043,0.10024812072515488,0.9791556596755981,0.9942590594291687,-0.8745326399803162,1.0,-0.5,0.9932267496960988,0.9843948984598038,1.0089718579912528,2.0,1.0,hap1+TNFA_BATF,hap1+TNFA,BATF,False,False,6
hap1+TNFA_BIRC2,0.017036881,0.0043619215,3.9058204,0.9942736,0.17048635,0.8841797011893973,0.222585059228682,0.9955416373927135,0.9989284462268647,0.9966095581250651,2216,1458,,,,,,,,,,,,,hap1+TNFA_BIRC2,hap1+TNFA,BIRC2,False,True,6
hap1+TNFA_BIRC3,0.016097894,0.0050715813,3.1741369,0.99462247,0.24882351,0.8838132844593546,0.26634937212984805,0.9958014182066665,0.9987726943477653,0.9970250727138279,2248,1440,0.05495600029826164,0.05564993619918823,0.9875303506851196,0.7474117279052734,-0.1318056881427765,0.8909090909090909,0.11515151515151514,0.92309251237558,0.9488693019067294,0.9728342043742467,7.0,3.0,hap1+TNFA_BIRC3,hap1+TNFA,BIRC3,False,True,6
hap1+TNFA_CASP3,0.018774448,0.013249736,1.4169676,0.993505,0.36528847,0.8503133065918603,0.4088286473983185,0.9948733159620575,0.9970998954969829,0.9977669443703877,2521,1160,0.058614641427993774,0.15327495336532593,0.3824149966239929,0.6876024603843689,0.7426573038101196,0.81,0.363076923076923,0.8409994847086503,0.9501530308986115,0.8851200357833635,23.0,2.0,hap1+TNFA_CASP3,hap1+TNFA,CASP3,False,True,6
hap1+TNFA_CASP7,0.017917585,0.0029497878,6.0741944,0.9942689,0.14655232,0.8761024106672296,0.21966491406987904,0.9955207541279729,0.9992625681981018,0.9962554245608577,2265,1463,0.02781367488205433,0.19653047621250153,0.14152346551418304,1.0,1.0,0.9999999999999999,0.9999999999999999,0.8602499338979833,0.9692289084875598,0.8875611595617453,2.0,0.0,hap1+TNFA_CASP7,hap1+TNFA,CASP7,False,True,6
hap1+TNFA_CASP8,0.025448518,0.02443921,1.0412987,0.9910233,0.3359829,0.8371356342245518,0.43630196002486066,0.9927554566096386,0.9948269493010794,0.9979177356495056,2611,1000,0.1223902702331543,0.18553891777992249,0.6596474051475525,0.5991578102111816,0.15123075246810913,0.6100204001710833,0.15846153846153843,0.9040796604437067,0.9251692523253529,0.9772046122062111,20.0,5.0,hap1+TNFA_CASP8,hap1+TNFA,CASP8,False,True,6
hap1+TNFA_CASP10,0.03950463,0.06170773,0.6401893,0.985876,0.49070862,0.8060457988846822,0.5790540891108948,0.9882784502283793,0.9881962335963135,1.0000831986899674,2790,793,0.3119703233242035,0.34210827946662903,0.9119052290916443,0.5448708534240723,-0.4145863354206085,0.45384860195363175,-0.05846153846153846,0.8382338526125359,0.8675821565154783,0.9661723057781458,21.0,4.0,hap1+TNFA_CASP10,hap1+TNFA,CASP10,False,True,6
hap1+TNFA_CEBPB,0.020465601,0.010022389,2.0419884,0.99345016,0.19945547,0.8765522420863189,0.2184366762861024,0.9948154590330474,0.9976466114418726,0.9971621690723397,2165,1493,0.12979082763195038,0.1219109520316124,1.0646363496780396,0.8767358064651489,-0.2515074908733368,0.8316664306549557,0.07692307692307691,0.9313603860936668,0.9613878962304618,0.9687664986687153,21.0,4.0,hap1+TNFA_CEBPB,hap1+TNFA,CEBPB,False,True,6
hap1+TNFA_CHUK,0.01931968,0.007969343,2.42425,0.9936845,0.18147425,0.8869394212967799,0.21912643193141226,0.9950412935554139,0.9980656481393463,0.9969697839119396,2181,1498,0.156776562333107,0.1589018851518631,0.9866249561309814,0.869945764541626,-0.07009442150592804,0.8753846153846153,0.1623076923076923,0.9504518367097581,0.9888937997235717,0.9611262978647864,20.0,5.0,hap1+TNFA_CHUK,hap1+TNFA,CHUK,False,True,6
hap1+TNFA_CREB1,0.01715374,0.0055664117,3.0816514,0.9942744,0.20722404,0.8857488353074013,0.24936366699000467,0.9955508173158637,0.9985879095897046,0.9969586130127605,2233,1475,0.06752289831638336,0.06275758892297745,1.0759320259094238,0.758102297782898,-0.0969269648194313,0.7358537412684669,0.3626482213438736,0.7178499818830558,0.7519993221202119,0.9545886023661906,19.0,4.0,hap1+TNFA_CREB1,hap1+TNFA,CREB1,False,True,6
hap1+TNFA_CSF1,0.024788886,0.016018342,1.5475314,0.9917222,0.17265251,0.8620399275742082,0.23439989980972484,0.9933635067494271,0.9962821025282605,0.9970705126876946,2218,1419,0.11952181905508041,0.22314254939556122,0.5356298685073853,0.8922197818756104,0.7011063694953918,0.7271689798628138,0.546923076923077,0.8752659553062417,0.9105615142819444,0.961237589748633,19.0,6.0,hap1+TNFA_CSF1,hap1+TNFA,CSF1,False,True,6
hap1+TNFA_CSF2,0.01663394,0.0020609433,8.071033,0.99450636,0.10238948,0.8944588212402876,0.22998689628576724,0.9957366118948752,0.9994750941376193,0.9962595543754197,2317,1510,,,,,,,,,,,,,hap1+TNFA_CSF2,hap1+TNFA,CSF2,False,True,6
hap1+TNFA_DNM1L,0.040629506,0.05488751,0.7402322,0.98805606,0.43235618,0.8385076301485115,0.4679527149511355,0.9899575278155146,0.9899774600914556,0.9999798659295343,2571,1028,0.1486162543296814,0.2848144471645355,0.5218002796173096,0.6063173413276672,0.74895840883255,0.5250846599691832,0.4876923076923077,0.8630037857773195,0.9043764877709733,0.954252789017519,19.0,6.0,hap1+TNFA_DNM1L,hap1+TNFA,DNM1L,False,True,6
hap1+TNFA_FADD,0.016241912,0.0022704955,7.1534657,0.9946743,0.16105124,0.8923075939792376,0.18988011978208197,0.9958734863059733,0.9994291225454296,0.9964423327685303,2186,1597,,,,,,,,,,,,,hap1+TNFA_FADD,hap1+TNFA,FADD,False,True,6
hap1+TNFA_FOS,0.017655116,0.003997208,4.4168615,0.9941658,0.11748446,0.8899720867791572,0.18851358124987114,0.9954523664043341,0.9990296447825959,0.9964192470194012,2158,1547,,,,,,,,,,,,,hap1+TNFA_FOS,hap1+TNFA,FOS,False,True,6
hap1+TNFA_ID2,0.015720459,0.0020293277,7.746634,0.9947827,0.19165164,0.8971651126445648,0.2465375087659372,0.9959417974039616,0.9994868273395245,0.9964531499179441,2302,1484,,,,,,,,,,,,,hap1+TNFA_ID2,hap1+TNFA,ID2,False,True,6
hap1+TNFA_IKBKB,0.03202101,0.040454026,0.7915407,0.98973095,0.40658033,0.836830868991724,0.45549623711072446,0.9914826171293524,0.9920070371922061,0.9994713544932725,2557,1051,0.3238896131515503,0.3147011399269104,1.0291974544525146,0.8922907114028931,-0.2684544026851654,0.4914914165603527,0.24615384615384614,0.875429730748978,0.8661522450607868,1.0107111489245637,21.0,4.0,hap1+TNFA_IKBKB,hap1+TNFA,IKBKB,False,True,6
hap1+TNFA_IKBKE,0.016655516,0.0031648309,5.2626877,0.9944878,0.1571087,0.8932568413223052,0.20565830477650204,0.9957215296571553,0.9992128366738648,0.9965059425894375,2200,1521,0.14075791835784912,0.11887253820896149,1.1841078996658325,-1.0,1.0,-0.9999999999999999,0.9999999999999999,0.9243991279535507,0.9063291829380943,1.0199375076469215,0.0,2.0,hap1+TNFA_IKBKE,hap1+TNFA,IKBKE,False,True,6
hap1+TNFA_IKBKG,0.016753111,0.0061907843,2.7061372,0.99434686,0.2533049,0.8757939755671776,0.2600258440309725,0.9955837050474501,0.998505983316575,0.9970733492658517,2309,1366,0.025738589465618134,0.06293825805187225,0.4089498221874237,0.6562612652778625,0.5912710428237915,0.7276923076923076,0.3776923076923077,0.9189415508963682,0.9828282812810987,0.9349970573685006,22.0,3.0,hap1+TNFA_IKBKG,hap1+TNFA,IKBKG,False,True,6
hap1+TNFA_IRF1,0.017334986,0.0023888275,7.2566924,0.9944914,0.12583262,0.8931425360516678,0.18258003933288375,0.995737822811292,0.9993963705904887,0.996339242479903,2170,1624,,,,,,,,,,,,,hap1+TNFA_IRF1,hap1+TNFA,IRF1,False,True,6
hap1+TNFA_ITCH,0.017902419,0.009811502,1.824636,0.9939052,0.2887264,0.8681551983771054,0.31518717461887275,0.9951880391845749,0.9977158657758343,0.9974663862949661,2348,1299,0.13225364685058594,0.1486075222492218,0.8899526000022888,0.9532792568206787,0.06908536702394485,0.6638461538461539,-0.008461538461538461,0.9517598055305218,0.9607275242238288,0.9906657002457049,21.0,4.0,hap1+TNFA_ITCH,hap1+TNFA,ITCH,False,True,6
hap1+TNFA_JUN,0.019791339,0.0028259696,7.00338,0.993556,-0.07046472,0.8940291674505799,0.11078498848934686,0.9950110134811376,0.9992852878176846,0.9957226686025955,2107,1659,0.008924461901187897,0.06902869790792465,0.1292862594127655,,,,,,,,1.0,0.0,hap1+TNFA_JUN,hap1+TNFA,JUN,False,True,6
hap1+TNFA_JUNB,0.015779208,0.004847706,3.2549846,0.99485147,0.27294648,0.8914764552055269,0.22483576149372722,0.9959768252540179,0.9988362820014035,0.99713721177443,2202,1508,0.024263551458716393,0.050150129944086075,0.48381832242012024,0.6977208852767944,0.4888370633125305,0.6000000000000001,-0.19999999999999998,0.9553478198690546,0.9675317973047566,0.9874071555377892,4.0,0.0,hap1+TNFA_JUNB,hap1+TNFA,JUNB,False,True,6
hap1+TNFA_KLF6,0.01693854,0.0037835625,4.476876,0.994386,0.1651299,0.8945022050134466,0.20128867410556298,0.9956420297413676,0.9990686899723891,0.9965701455110998,2169,1570,0.806920051574707,0.8719178438186646,0.9254541993141174,,,,,,,,1.0,0.0,hap1+TNFA_KLF6,hap1+TNFA,KLF6,False,True,6
hap1+TNFA_MAP2K3,0.018072208,0.0023702935,7.62446,0.9941381,0.03209473,0.9026710532899402,0.13695973684375162,0.995467995660538,0.9993977581393811,0.9960678694275247,2138,1647,,,,,,,,,,,,,hap1+TNFA_MAP2K3,hap1+TNFA,MAP2K3,False,True,6
hap1+TNFA_MAP3K7,0.017124835,0.0035687783,4.798515,0.99468267,0.20822287,0.8973066549334258,0.1932001392668829,0.9958651919242948,0.9991030898391353,0.9967591953745616,2162,1568,0.015180252492427826,0.048974327743053436,0.3099634647369385,1.0,-1.0,0.9999999999999999,-0.9999999999999999,0.9988582317582302,0.9970371318790164,1.001826511592183,2.0,0.0,hap1+TNFA_MAP3K7,hap1+TNFA,MAP3K7,False,True,6
hap1+TNFA_MAP3K14,0.017533315,0.004442087,3.9470897,0.994262,0.14333783,0.8857274606911673,0.1692331052948042,0.9955132066242697,0.9989179611363059,0.9965915574206282,2095,1601,0.06997095048427582,0.12904508411884308,0.542220950126648,0.9695469737052917,-0.15374769270420074,0.6,-0.09999999999999999,0.9893114798602308,0.9743613095042807,1.015343559119313,5.0,0.0,hap1+TNFA_MAP3K14,hap1+TNFA,MAP3K14,False,True,6
hap1+TNFA_MAPK8,0.017921677,0.0025524953,7.021238,0.9941196,0.030847933,0.8937688697587101,0.1407243256606159,0.9954411976696684,0.9993580699997043,0.9960806116970297,2119,1618,,,,,,,,,,,,,hap1+TNFA_MAPK8,hap1+TNFA,MAPK8,False,True,6
hap1+TNFA_MAPK9,0.01607579,0.0035909999,4.476689,0.9947364,0.2177016,0.8920569183292427,0.23385012585410128,0.9959101584292976,0.9991094172890893,0.9967978893958659,2204,1513,,,,,,,,,,,,,hap1+TNFA_MAPK9,hap1+TNFA,MAPK9,False,True,6
hap1+TNFA_MAPK14,0.013389344,0.004007342,3.3412035,0.99570465,0.41979676,0.8972380772458972,0.2916108845202661,0.9966623388142992,0.99901183531717,0.9976481795111818,2242,1457,0.0294143445789814,0.14924435317516327,0.19708849489688873,0.8234106302261353,0.9824429750442505,0.0,0.9999999999999999,0.8687990550312461,0.9773269139763514,0.8889543944885863,4.0,1.0,hap1+TNFA_MAPK14,hap1+TNFA,MAPK14,False,True,6
hap1+TNFA_MMP9,0.016561223,0.0021406517,7.736533,0.9945382,0.13206345,0.8982130293574863,0.20239095925262102,0.995771563551124,0.9994585262424984,0.9963110398335029,2262,1580,,,,,,,,,,,,,hap1+TNFA_MMP9,hap1+TNFA,MMP9,False,True,6
hap1+TNFA_MTF1,0.012766123,0.0050503053,2.5277922,0.9957497,0.44939202,0.8955653743839167,0.3171782188251661,0.9967098108646212,0.9987155647287238,0.9979916665615925,2397,1440,0.03750938922166824,0.19832541048526764,0.1891305297613144,0.6306975483894348,0.8835901021957397,0.28571428571428575,0.8928571428571429,0.8954933380032416,0.7100919456955767,1.2610949095135187,7.0,0.0,hap1+TNFA_MTF1,hap1+TNFA,MTF1,False,True,6
hap1+TNFA_MTOR,0.12425379,0.11968367,1.038185,0.9773729,0.16214001,0.8086716304428417,0.03166640313433556,0.9799946475922625,0.9793361774199826,1.0006723637780999,1725,1815,0.41014939546585083,0.5822904109954834,0.7043725848197937,0.5946393013000488,0.25801926851272583,0.5520839639916226,0.26,0.8198976253670227,0.822910749155239,0.9963384561554101,21.0,4.0,hap1+TNFA_MTOR,hap1+TNFA,MTOR,False,False,6
hap1+TNFA_MYC,0.017382994,0.002500446,6.951957,0.9943522,0.09929736,0.8987077453129444,0.18560494137112313,0.9956304500698179,0.9993703308341432,0.9962577628643391,2223,1593,,,,,,,,,,,,,hap1+TNFA_MYC,hap1+TNFA,MYC,False,True,6
hap1+TNFA_NFAT5,0.032554135,0.03470874,0.9379233,0.98955095,0.3201679,0.8440069109860503,0.379623824758701,0.9913220666613823,0.992793161769515,0.9985182259862561,2411,1188,0.4054384231567383,0.37294650077819824,1.0871222019195557,0.926271915435791,-0.3610247075557709,0.6089709977191585,0.07538461538461538,0.908418826540377,0.9034213182410453,1.005531758215604,18.0,7.0,hap1+TNFA_NFAT5,hap1+TNFA,NFAT5,False,True,6
hap1+TNFA_NFKB1,0.022259353,0.016476147,1.3510047,0.9926455,0.26436555,0.8629256058552931,0.2991728493228811,0.9940779544367501,0.9964012225262446,0.9976683407878563,2319,1312,0.16707435250282288,0.24678565561771393,0.6770018935203552,0.9270703196525574,0.4310069978237152,0.8393922063332013,0.4338461538461538,0.950402388995526,0.9673256145613596,0.9825051406567916,18.0,7.0,hap1+TNFA_NFKB1,hap1+TNFA,NFKB1,False,True,6
hap1+TNFA_NFKBIA,0.0164264,0.002662624,6.1692524,0.99463725,0.17408705,0.8966908755409059,0.20700506149031625,0.9958449050031069,0.9993204666605259,0.9965220749765754,2255,1569,0.4803873300552368,1.5113685131072998,0.3178492486476898,,,,,,,,1.0,0.0,hap1+TNFA_NFKBIA,hap1+TNFA,NFKBIA,False,True,6
hap1+TNFA_NFKBIE,0.03832889,0.01655509,2.315233,0.9874562,-0.17283244,0.8928268963826114,0.11773256186286164,0.990283008082772,0.9957872535597773,0.9944724684340671,2151,1652,1.7407292127609253,1.0984188318252563,1.5847591161727905,0.49327659606933594,-0.28865280747413635,0.606923076923077,-0.026153846153846153,0.798551475048637,0.879206655476849,0.9082636830308484,14.0,11.0,hap1+TNFA_NFKBIE,hap1+TNFA,NFKBIE,False,True,6
hap1+TNFA_NKX3-1,0.017535033,0.0033945267,5.1656785,0.99414504,0.10168837,0.8952397832253552,0.19042938922633107,0.9954535294422214,0.9991517005347113,0.9962986890874422,2233,1506,0.08516925573348999,0.03915713354945183,2.1750636100769043,-0.7550110220909119,-0.4410935640335083,-1.0,-0.5,0.8875645008556475,0.9549489605093304,0.9294365851576583,0.0,3.0,hap1+TNFA_NKX3-1,hap1+TNFA,NKX3-1,False,True,6
hap1+TNFA_PDCD5,0.058817983,0.07113441,0.826857,0.98465395,0.34595644,0.8258967312791087,0.38535576679536176,0.9870159806413983,0.987644870147121,0.9993632432823459,2432,1170,0.24677929282188416,0.41215887665748596,0.598747968673706,0.7039780616760254,0.6519586443901062,0.6884918747164457,0.15461538461538463,0.8506004140651015,0.8969065803458991,0.9483712492521358,20.0,5.0,hap1+TNFA_PDCD5,hap1+TNFA,PDCD5,False,True,6
hap1+TNFA_PIK3CA,0.027679626,0.018081171,1.5308536,0.99125916,0.13875198,0.8647311611287917,0.21884723692819988,0.9929351439005973,0.9960756315822272,0.9968471393315371,2165,1467,0.1290311962366104,0.1399189829826355,0.9221850633621216,0.8303776979446411,0.07878343760967255,0.6694883142736803,0.11538461538461539,0.9390755344080393,0.947043752351803,0.9915862198298904,15.0,10.0,hap1+TNFA_PIK3CA,hap1+TNFA,PIK3CA,False,True,6
hap1+TNFA_PTGS2,0.016927734,0.005968776,2.8360476,0.99426925,0.22802152,0.8820551399834395,0.23898788194959023,0.9955248268866527,0.9985836560926725,0.9969368322950641,2184,1502,0.033273980021476746,0.08344102650880814,0.3987724184989929,0.5913903713226318,0.6762438416481018,0.6642156862745099,0.4338235294117647,0.8916370593738646,0.9905573146300997,0.9001367676607643,14.0,3.0,hap1+TNFA_PTGS2,hap1+TNFA,PTGS2,False,True,6
hap1+TNFA_RELB,0.01725234,0.0025785603,6.6906877,0.9942455,0.06568108,0.8909280243534118,0.15821027179896668,0.995538399226693,0.9993529357396966,0.9961829936385985,2166,1616,,,,,,,,,,,,,hap1+TNFA_RELB,hap1+TNFA,RELB,False,True,6
hap1+TNFA_REPIN1,0.016297089,0.0024020604,6.784629,0.99466205,0.17206177,0.8905192883261253,0.24293753585085576,0.99584947769307,0.999391369451098,0.9964559512256211,2326,1495,,,,,,,,,,,,,hap1+TNFA_REPIN1,hap1+TNFA,REPIN1,False,True,6
hap1+TNFA_SOX4,0.018937748,0.0063597173,2.9777656,0.9944125,0.3288725,0.8486642762822951,0.3298507488729363,0.9956136478751261,0.9984610510400542,0.9971482080728515,2407,1304,0.06886104494333267,0.10630005598068237,0.6477987766265869,0.9168264269828796,0.10277080535888672,0.7084615384615385,0.07076923076923076,0.94948376479563,0.96028395744509,0.988753126025145,21.0,4.0,hap1+TNFA_SOX4,hap1+TNFA,SOX4,False,True,6
hap1+TNFA_SOX9,0.019809794,0.019676136,1.0067929,0.9931012,0.41288307,0.8448166368996286,0.43144092056227407,0.9944489722393182,0.9958046125616203,0.9986386482797917,2531,1095,0.0994754210114479,0.2112465500831604,0.47089725732803345,0.7636074423789978,0.6558049321174622,0.5947297667237071,0.4238461538461538,0.8612829479732548,0.9587682748727826,0.8983223272459,20.0,5.0,hap1+TNFA_SOX9,hap1+TNFA,SOX9,False,True,6
hap1+TNFA_TNFRSF1A,0.029829804,0.024721386,1.2066396,0.9920168,0.27795154,0.8551163644018517,0.16641140263404428,0.9933281203681418,0.9947429683632912,0.9985776747962568,1983,1611,0.15017051994800568,0.3117919862270355,0.4816368818283081,0.9411686658859253,0.8233312368392944,0.9030025770408785,0.22692307692307692,0.8916533957701754,0.9267596397015817,0.9621193646901687,16.0,9.0,hap1+TNFA_TNFRSF1A,hap1+TNFA,TNFRSF1A,False,False,6
hap1+TNFA_TNFRSF1B,0.01715118,0.0024325429,7.0507207,0.99447435,0.12517764,0.8987460974269731,0.19799453819046203,0.9957233152610426,0.9993852185157173,0.9963358440901164,2225,1575,,,,,,,,,,,,,hap1+TNFA_TNFRSF1B,hap1+TNFA,TNFRSF1B,False,False,6
hap1+TNFA_TRAF1,0.020497687,0.0077491472,2.645154,0.99325967,0.10351845,0.874502681107433,0.15106614580655994,0.9946818294805284,0.9981588927716225,0.9965165232546902,2083,1587,0.11528730392456055,0.1062401607632637,1.0851575136184692,0.9250380396842957,0.06999941915273666,0.7653846153846153,0.05461538461538461,0.9405817230691386,0.9575671287187791,0.9822619165380426,17.0,8.0,hap1+TNFA_TRAF1,hap1+TNFA,TRAF1,False,True,6
hap1+TNFA_TRAF2,0.018340038,0.0048038955,3.817743,0.9938706,0.099636406,0.8877129486769945,0.17154438163777297,0.9952203973386747,0.9988292094506994,0.9963869577722809,2136,1548,0.03157183900475502,0.09309716522693634,0.3391278088092804,0.8623775243759155,0.6318641901016235,0.7,0.7,0.9770235979164238,0.9304439079243729,1.0500617926511664,5.0,0.0,hap1+TNFA_TRAF2,hap1+TNFA,TRAF2,False,True,6
hap1+TNFA_TRAF3,0.018327793,0.003719098,4.928021,0.99388206,0.05928772,0.8901948858906072,0.2008893633211803,0.9952545782736857,0.9990599909705025,0.9961910068151962,2235,1518,0.5391609072685242,0.4159201979637146,1.2963085174560547,0.9139045476913452,-0.13279946148395538,0.7500000000000002,0.07142857142857144,0.9463749517599105,0.955019394805575,0.9909484110032925,5.0,2.0,hap1+TNFA_TRAF3,hap1+TNFA,TRAF3,False,True,6
hap1+TNFA_ZFP36L1,0.017650591,0.0033682315,5.240314,0.99417305,0.11104317,0.8895092693320765,0.20575973054885174,0.9954731290352481,0.9991568906343538,0.996313129966239,2256,1516,0.0002625927736517042,0.24859197437763214,0.0010563203832134604,,,,,,,,1.0,0.0,hap1+TNFA_ZFP36L1,hap1+TNFA,ZFP36L1,False,True,6
hap1+TNFA_ZNF22,0.017058868,0.003238958,5.2667766,0.9943378,0.14550239,0.8849915292443186,0.20527666542364012,0.9955966310260068,0.9991932417969015,0.9964004852910867,2221,1520,,,,,,,,,,,,,hap1+TNFA_ZNF22,hap1+TNFA,ZNF22,False,True,6
hap1+TNFA_ZNF267,0.019511878,0.019031277,1.0252533,0.9933412,0.40507495,0.8493795883252893,0.4047679031004015,0.9946025520715244,0.9958416623359532,0.9987557155808061,2460,1160,0.07994016259908676,0.15407723188400269,0.5188317894935608,0.5775449872016907,0.547768235206604,0.5552164936313028,0.40461538461538454,0.8653170634325995,0.9069812975233277,0.954062741751677,21.0,4.0,hap1+TNFA_ZNF267,hap1+TNFA,ZNF267,False,True,6
ht29+IFNB_ADAR,0.010920677,0.017638635,0.61913395,0.9965109,0.5253502,0.8365778692529183,0.49398924437291025,0.9971375189905836,0.9962063991833987,1.0009346655551983,2539,1009,0.07066931575536728,0.1262892335653305,0.5595830678939819,0.8709452152252197,0.15495769679546356,0.727939694202891,0.09,0.9371517412556388,0.9134003059639244,1.0260033143591398,24.0,1.0,ht29+IFNB_ADAR,ht29+IFNB,ADAR,True,False,6
ht29+IFNB_BRD9,0.004495729,0.0027527635,1.6331694,0.99866796,0.41851068,0.8500267144287172,0.3692460183290985,0.9989356541729144,0.9993466411559458,0.9995887443194325,2405,1260,,,,,,,,,,,,,ht29+IFNB_BRD9,ht29+IFNB,BRD9,True,False,6
ht29+IFNB_CRKL,0.006995096,0.007964262,0.8783106,0.9978557,0.3860528,0.8599221561025283,0.30489915115959054,0.9982635548585834,0.9982159941417603,1.0000476457170615,2151,1408,0.02224002592265606,0.04953667148947716,0.4489608407020569,0.7462267279624939,0.6125388741493225,0.7093671991193508,0.5615384615384615,0.9418509086961057,0.956757200258929,0.9844199849671482,23.0,2.0,ht29+IFNB_CRKL,ht29+IFNB,CRKL,True,False,6
ht29+INS_MTOR,0.006931115,0.004738416,1.4627494,0.9978579,0.2009111,0.8692505798081938,0.1711042291177494,0.9982274282707709,0.9988298142796707,0.9993969082617601,2292,1892,0.024623410776257515,0.024577464908361435,1.0018694400787354,0.38257670402526855,0.32785487174987793,0.4049269868060546,0.06923076923076923,0.8286185418427977,0.7896184162689952,1.0493911043236313,15.0,10.0,ht29+INS_MTOR,ht29+INS,MTOR,True,False,6
ht29+TNFA_MTOR,0.007181897,0.0063645556,1.1284208,0.9979299,0.13253048,0.8814085855329122,0.13652498986527034,0.9983081659519465,0.9984932874112346,0.999814599194985,2125,1802,0.025053739547729492,0.02993132546544075,0.8370407819747925,0.7732232213020325,0.13711228966712952,0.6828236325579434,0.2069230769230769,0.940824240882085,0.9420285690928127,0.9987215587188747,18.0,7.0,ht29+TNFA_MTOR,ht29+TNFA,MTOR,True,False,6
ht29+TNFA_TNFRSF1B,0.0020500459,0.00090929854,2.2545354,0.9993349,0.22053173,0.9063429214393964,0.21308467118733423,0.9994807731473309,0.9997705652861589,0.9997101413575372,2362,1721,0.007930838502943516,0.013827424496412277,0.5735586285591125,,,,,,,,1.0,0.0,ht29+TNFA_TNFRSF1B,ht29+TNFA,TNFRSF1B,True,False,6
k562+IFNB_BRD9,0.010172043,0.0072639845,1.4003392,0.99725205,0.49167442,0.8753696650797828,0.4331081353739695,0.9977340270142688,0.9979814545039358,0.9997520720564993,2500,1135,0.05210268497467041,0.19881796836853027,0.2620622515678406,-1.0,-1.0,-0.9999999999999999,-0.9999999999999999,0.9744457206031251,0.9911130790582239,0.9831831919008308,2.0,0.0,k562+IFNB_BRD9,k562+IFNB,BRD9,True,False,6
k562+IFNB_RNF114,0.00715685,0.007969666,0.8980112,0.99766654,0.576612,0.8862852509689797,0.496372213140579,0.998134614194535,0.9978776658738753,1.0002574948106837,2572,1050,0.010413171723484993,0.17802269756793976,0.05849350616335869,,,,,,,,1.0,0.0,k562+IFNB_RNF114,k562+IFNB,RNF114,True,False,6
k562+IFNG_GUK1,0.0086847,0.018956954,0.45812744,0.9968158,0.67613286,0.8715093645821574,0.550711169774203,0.9974318045038684,0.995551965767117,1.0018882376826035,2471,944,0.07185400277376175,0.2304968237876892,0.3117353320121765,0.7474862933158875,0.3545125424861908,0.7423076923076923,0.22615384615384618,0.950423761913318,0.972043040158113,0.9777589290271772,25.0,0.0,k562+IFNG_GUK1,k562+IFNG,GUK1,True,False,6
k562+IFNG_MAFB,0.006439425,0.007931303,0.8119,0.99756396,0.55016816,0.8872694361763253,0.43918899538760736,0.998064529218508,0.997771276592875,1.0002939076645243,2327,1130,0.09245613217353821,0.19877904653549194,0.4651201069355011,,,,,,,,1.0,0.0,k562+IFNG_MAFB,k562+IFNG,MAFB,True,False,6
k562+IFNG_PRDM1,0.0066482336,0.005017401,1.3250353,0.9976003,0.48003703,0.8911766762877629,0.3771836042559347,0.9980646085779217,0.99856285551947,0.9995010359750572,2297,1208,,,,,,,,,,,,,k562+IFNG_PRDM1,k562+IFNG,PRDM1,True,False,6
k562+INS_MTOR,0.08390975,0.08512345,0.9857419,0.9781104,0.13281545,0.8369338927466564,0.1431908847517971,0.9806552956379839,0.9802992686492211,1.0003631819385659,2101,1758,0.5573577284812927,0.616407036781311,0.9042040109634399,0.8737307786941528,-0.2257584184408188,0.49762729444724507,0.009999999999999998,0.8986750558946648,0.8941019401804422,1.0051147587413798,20.0,5.0,k562+INS_MTOR,k562+INS,MTOR,True,False,6
k562+TNFA_BATF,0.0058778343,0.0028526653,2.060471,0.9978569,0.17025173,0.9118520757229971,0.19582741920184607,0.9983300974101543,0.9991875234236129,0.9991418767815268,2263,1661,0.02357935905456543,0.03240341320633888,0.7276813387870789,,,,,,,,1.0,0.0,k562+TNFA_BATF,k562+TNFA,BATF,True,False,6
k562+TNFA_TNFRSF1B,0.0040398436,0.0018777286,2.1514523,0.998499,0.35988706,0.9145520226066616,0.29703408706932805,0.9988379965973202,0.999462568743029,0.9993750920092043,2414,1578,,,,,,,,,,,,,k562+TNFA_TNFRSF1B,k562+TNFA,TNFRSF1B,True,False,6
mcf7+IFNB_CRKL,0.0044964952,0.0049610627,0.9063573,0.99868834,0.4608304,0.890585147494126,0.33307988148263695,0.9989483778740454,0.9987473911864535,1.0002012387610377,2417,1554,0.05768208205699921,0.08448446542024612,0.6827536821365356,0.9803804159164429,0.6116467118263245,0.7168831168831169,0.5922077922077922,0.9755990978848569,0.9793048124639595,0.9962159742993819,16.0,5.0,mcf7+IFNB_CRKL,mcf7+IFNB,CRKL,True,False,6
mcf7+IFNB_RNF114,0.0030828705,0.0036064729,0.85481596,0.9990145,0.51816916,0.8764159579950301,0.3845044849987,0.9992256173261214,0.9990819154188625,1.000143833958999,2540,1468,0.011012219823896885,0.029642770066857338,0.37149766087532043,0.7012616395950317,0.6366758346557617,0.6648351648351648,0.6868131868131868,0.9275686985219038,0.9612681985859355,0.9649426662469381,12.0,1.0,mcf7+IFNB_RNF114,mcf7+IFNB,RNF114,True,False,6
mcf7+IFNB_STAT5A,0.0034007644,0.0036986207,0.9194683,0.9989526,0.5243306,0.8922212039262402,0.3936893559113923,0.9991775549308468,0.9990381021531761,1.0001395870461498,2655,1394,0.007516381796449423,0.028565268963575363,0.2631300985813141,0.971876323223114,0.8725062012672424,0.767032967032967,0.6087912087912088,0.9891258033612025,0.9909833269117369,0.998125575375397,14.0,0.0,mcf7+IFNB_STAT5A,mcf7+IFNB,STAT5A,True,False,6
mcf7+IFNG_GUK1,0.003805252,0.0036968002,1.0293367,0.99874973,0.40554374,0.8955769340211505,0.36360468988232303,0.9990154165784476,0.9990273667638738,0.9999880381801102,2382,1251,0.011253133416175842,0.04998072236776352,0.2251494824886322,,,,,,,,1.0,0.0,mcf7+IFNG_GUK1,mcf7+IFNG,GUK1,True,False,6
mcf7+IFNG_IFNGR1,0.008057422,0.011333881,0.7109147,0.9972378,0.52021134,0.8887462039457995,0.36861452754050733,0.9978215922901617,0.9970597981282049,1.000764040595546,2304,1235,0.35998156666755676,0.6762932538986206,0.5322862267494202,0.9937356114387512,0.5588585138320923,0.9915384615384615,0.5823076923076923,0.9883278065581679,0.9808739602458357,1.0075991886974591,25.0,0.0,mcf7+IFNG_IFNGR1,mcf7+IFNG,IFNGR1,True,False,6
mcf7+IFNG_KIN,0.008884765,0.004210547,2.1101213,0.9985693,0.4390391,0.8361996206300847,0.37210475562504114,0.9988014863861827,0.998936392525589,0.999864950220639,2355,1202,,,,,,,,,,,,,mcf7+IFNG_KIN,mcf7+IFNG,KIN,True,False,6
mcf7+INS_MTOR,0.0055150026,0.003880227,1.4213092,0.9981897,0.40796614,0.8689452132625745,0.24781332961215505,0.9985695411246625,0.9989694468338558,0.999599681741558,2265,1629,0.007962662726640701,0.17493820190429688,0.045517005026340485,0.9464399814605713,0.9764070510864258,0.8333333333333335,0.9047619047619048,0.9663302440340721,0.9872110935709462,0.9788486477989791,8.0,0.0,mcf7+INS_MTOR,mcf7+INS,MTOR,True,False,6
mcf7+TNFA_BATF,0.0028831467,0.003554573,0.8111092,0.99911857,0.5415898,0.9228098373522673,0.31620172187057044,0.9993130452110532,0.999059791140018,1.000253492406842,2479,1469,0.03000199794769287,0.14925220608711243,0.201015442609787,0.9860666394233704,0.9469264149665833,0.9805194805194805,0.9012987012987014,0.9856904531969318,0.9805422813884187,1.0052503312771208,21.0,0.0,mcf7+TNFA_BATF,mcf7+TNFA,BATF,True,False,6
mcf7+TNFA_MTOR,0.0070230896,0.008683646,0.80877197,0.997998,0.44857973,0.9023234903545015,0.2348607689591328,0.9983833377733652,0.9978157625335253,1.000568817672712,2210,1600,0.0738699734210968,0.27988511323928833,0.2639296352863312,0.9694271087646484,0.9183778166770935,0.966923076923077,0.9292307692307692,0.973338355478677,0.9650437814686589,1.0085950235308443,25.0,0.0,mcf7+TNFA_MTOR,mcf7+TNFA,MTOR,True,False,6
a549+IFNB_CEBPG,0.0052484716,0.0060059126,0.87388414,0.99849975,0.52471364,0.9004023822306694,0.4540650555273316,0.9988405354805169,0.9986979284940113,1.000142792913089,2415,1020,,,,,,,,,,,,,a549+IFNB_CEBPG,a549+IFNB,CEBPG,True,False,7
a549+IFNB_CRKL,0.039577868,0.058476813,0.676813,0.992424,0.6235033,0.8566639808852423,0.5421417484685559,0.9936227633869957,0.9904900000687815,1.0031628419448926,2405,886,0.27095791697502136,0.49849140644073486,0.5435558557510376,0.8865724802017212,0.4102761447429657,0.7276923076923076,0.27692307692307694,0.9547481539331112,0.9496443532935952,1.0053744337254413,25.0,0.0,a549+IFNB_CRKL,a549+IFNB,CRKL,True,False,7
a549+IFNB_FOS,0.0048150844,0.009269104,0.5194768,0.99852157,0.6468768,0.8889293841247925,0.5435856548801012,0.9988605150873587,0.9981178429670807,1.0007440725817207,2518,879,,,,,,,,,,,,,a549+IFNB_FOS,a549+IFNB,FOS,True,False,7
a549+IFNB_IFI16,0.06740131,0.10110833,0.6666247,0.9875445,0.685642,0.839101038197813,0.6426994820926706,0.98926531236341,0.9851010106701539,1.0042272839517474,2559,711,0.4482683539390564,0.710066020488739,0.6313051581382751,0.9683798551559448,0.020799018442630768,0.8649481209696742,0.020769230769230772,0.9700613878670739,0.9488887231368016,1.022313116611061,25.0,0.0,a549+IFNB_IFI16,a549+IFNB,IFI16,True,False,7
a549+IFNB_MYC,0.007145155,0.008824172,0.8097252,0.9985466,0.6016097,0.878429453672171,0.4996334509226592,0.9988769067823956,0.9981558734466879,1.0007223654690505,2465,918,0.01607070118188858,0.1860947459936142,0.08635763078927994,,,,,,,,1.0,0.0,a549+IFNB_MYC,a549+IFNB,MYC,True,False,7
a549+IFNG_IFI16,0.16082129,0.2048523,0.78505975,0.97058356,0.53689456,0.7962602411041628,0.5215204767179132,0.9745220801954081,0.968742603711167,1.0059659567588959,2134,744,1.0186587572097778,1.3901755809783936,0.7327554821968079,0.5149086713790894,-0.17949119210243225,0.3308680767474044,-0.12538461538461537,0.8154123242114948,0.8055821701393014,1.0122025467253,22.0,3.0,a549+IFNG_IFI16,a549+IFNG,IFI16,True,False,7
a549+IFNG_MYC,0.00907753,0.0064537902,1.4065425,0.9982506,0.5277457,0.8695309034136255,0.45566740180312615,0.998621274857461,0.9985926618751796,1.000028653307173,2311,962,,,,,,,,,,,,,a549+IFNG_MYC,a549+IFNG,MYC,True,False,7
a549+IFNG_PTGES3,0.020593608,0.03986528,0.51658005,0.99486005,0.7036947,0.8568205581352418,0.5985299275719814,0.9957518820897419,0.9929859377759125,1.0027854818568978,2399,767,0.2525882422924042,0.49276110529899597,0.5125977396965027,0.9341590404510498,-0.059887297451496124,0.81,-0.016923076923076923,0.9554145016078354,0.9319646719412938,1.025161715215766,25.0,0.0,a549+IFNG_PTGES3,a549+IFNG,PTGES3,True,False,7
a549+IFNG_SP110,0.014323139,0.029603632,0.48383045,0.99632573,0.6962775,0.8631665767085709,0.5900349468363664,0.9969937014872472,0.9946415469656071,1.0023648263324771,2420,754,0.15750235319137573,0.32467028498649597,0.48511478304862976,0.955703854560852,0.0982460305094719,0.8415384615384615,0.1523076923076923,0.9617947976765605,0.942782262572025,1.0201664115451927,25.0,0.0,a549+IFNG_SP110,a549+IFNG,SP110,True,False,7
a549+INS_FOS,0.0048821694,0.004073682,1.1984661,0.9986026,0.4966343,0.8775947748343721,0.40069112200107193,0.998905822832802,0.9991021842636426,0.9998034621143529,2343,1124,,,,,,,,,,,,,a549+INS_FOS,a549+INS,FOS,True,False,7
a549+TGFB_CHUK,0.0050955215,0.0098116305,0.51933485,0.99846447,0.6181679,0.8833388325280731,0.5374696170430563,0.9987753350874792,0.9979508192830776,1.0008262088556568,2599,903,0.052049413323402405,0.1132090836763382,0.4597635865211487,0.9096463322639465,0.45841965079307556,0.8882477563810092,0.2953846153846154,0.9733649307919512,0.9709108927751384,1.0025275625549925,23.0,2.0,a549+TGFB_CHUK,a549+TGFB,CHUK,True,False,7
a549+TGFB_MAPK1,0.0071186554,0.011608931,0.6132051,0.9978548,0.580125,0.8901705096492197,0.46795428253094734,0.998295958386788,0.9975178211472628,1.0007800735215238,2423,1109,0.16518062353134155,0.26181262731552124,0.6309115886688232,0.9907009601593018,0.4130420982837677,0.9569230769230769,0.5707692307692307,0.9885540641331988,0.9832558854077448,1.0053884027587152,25.0,0.0,a549+TGFB_MAPK1,a549+TGFB,MAPK1,True,False,7
a549+TGFB_PAK1,0.0020582874,0.0018209348,1.1303465,0.99938726,0.4779176,0.9194840639606288,0.3999212300964685,0.9995227453093016,0.9995806324736042,0.9999420885495157,2499,1209,,,,,,,,,,,,,a549+TGFB_PAK1,a549+TGFB,PAK1,True,False,7
a549+TGFB_RUNX2,0.004781106,0.005282064,0.9051587,0.9990889,0.54907495,0.8929534959073435,0.4893608152793805,0.9992936022172839,0.9988792646917708,1.000414802409219,2534,995,,,,,,,,,,,,,a549+TGFB_RUNX2,a549+TGFB,RUNX2,True,False,7
a549+TNFA_BIRC3,0.005256662,0.003932592,1.3366915,0.99869543,0.38681287,0.8948803739395944,0.3554606610767315,0.9989888426709088,0.9990989643040545,0.9998897790538473,2349,1229,1.058202862739563,0.9984472990036011,1.0598485469818115,1.0,-1.0,0.9999999999999999,-0.9999999999999999,0.9983924179099792,0.992800991746253,1.0056319707677683,1.0,1.0,a549+TNFA_BIRC3,a549+TNFA,BIRC3,True,False,7
a549+TNFA_CASP8,0.013614679,0.034243684,0.39758217,0.9954694,0.70300186,0.8360404126700608,0.6938832395322613,0.9963357939472727,0.9938126715498423,1.0025388309785743,2845,633,0.09723316133022308,0.30045029520988464,0.32362478971481323,0.9255678057670593,0.8321322798728943,0.8378534488513807,0.5092307692307693,0.9626831825109625,0.9655443353976885,0.9970367462354305,25.0,0.0,a549+TNFA_CASP8,a549+TNFA,CASP8,True,False,7
a549+TNFA_CHUK,0.011899664,0.019421177,0.6127159,0.99616176,0.56013066,0.871355399164225,0.5056080650652239,0.9970251095942936,0.9958449311307885,1.0011851026466188,2509,986,0.1926630735397339,0.37249645590782166,0.517221212387085,0.9856159687042236,0.5231670141220093,0.9015384615384615,0.3869230769230769,0.9835773749058382,0.9645113287032692,1.0197675710333047,25.0,0.0,a549+TNFA_CHUK,a549+TNFA,CHUK,True,False,7
a549+TNFA_CSF2,0.0046872864,0.0027307696,1.7164708,0.99887216,0.4045924,0.8962995696732579,0.3615329262086368,0.9991198253918615,0.9993805178149007,0.9997391459825441,2355,1276,0.23886500298976898,0.3398832380771637,0.7027854919433594,,,,,,,,1.0,0.0,a549+TNFA_CSF2,a549+TNFA,CSF2,True,False,7
a549+TNFA_MYC,0.006361047,0.0039690775,1.6026512,0.9987683,0.419218,0.8871596487403274,0.380047563255211,0.9990331476713152,0.9990935803857351,0.999939512458486,2373,1196,,,,,,,,,,,,,a549+TNFA_MYC,a549+TNFA,MYC,True,False,7
bxpc3+IFNG_IFI16,0.027031261,0.066137455,0.40871337,0.9927805,0.7941934,0.8675084020509747,0.7272567078027616,0.9940451195492839,0.9891949881932608,1.004903109512192,3061,834,0.3232579529285431,0.6073335409164429,0.5322576761245728,0.9733337759971619,0.7521378993988037,0.8404850351669699,0.7307692307692306,0.9473208402948838,0.8940396272125029,1.0595960307134313,25.0,0.0,bxpc3+IFNG_IFI16,bxpc3+IFNG,IFI16,True,False,7
bxpc3+IFNG_MYC,0.020290488,0.006148088,3.3002925,0.9976997,0.45535988,0.8993838611202327,0.415090517471087,0.9981213633121446,0.9986725909523073,0.9994480396827182,2694,1253,0.01062307320535183,0.034608393907547,0.30695077776908875,-0.04836152866482735,0.5509747266769409,0.4720138575485051,0.3861538461538461,0.6461224704072522,0.6656699530355702,0.9706348731241691,25.0,0.0,bxpc3+IFNG_MYC,bxpc3+IFNG,MYC,True,False,7
bxpc3+IFNG_PPARG,0.07344719,0.11958193,0.61419976,0.98573774,0.7274939,0.8491427115664177,0.6780151873204507,0.9876193922319902,0.9810356081902598,1.0067110551204923,2938,932,0.1927240937948227,0.3280488848686218,0.5874859094619751,0.24704204499721527,0.6162539720535278,0.2615957924008911,0.643076923076923,0.7921344400805425,0.7853800086357287,1.0086002080146486,24.0,1.0,bxpc3+IFNG_PPARG,bxpc3+IFNG,PPARG,True,False,7
bxpc3+IFNG_SP110,0.0230534,0.060776055,0.37931716,0.9929646,0.77544355,0.8671320945339177,0.7350787079489025,0.9942106071089883,0.9892482242991583,1.0050163171264177,3113,766,0.13623614609241486,0.3060329556465149,0.44516822695732117,0.7502692937850952,0.4861684739589691,0.5233728197301585,0.45,0.9234265913893762,0.9158692669851469,1.0082515318251768,25.0,0.0,bxpc3+IFNG_SP110,bxpc3+IFNG,SP110,True,False,7
bxpc3+INS_CHUK,0.010991764,0.008815369,1.2468865,0.9967823,0.32322377,0.8966661512398579,0.2916389444435471,0.9975462622258576,0.9979413937187704,0.9996040534089479,2618,1653,0.499250590801239,0.5241492390632629,0.9524970054626465,0.40231531858444214,0.23620034754276276,0.4808617130689742,0.24846153846153846,0.5661739655002601,0.567593692995625,0.9974986905018766,14.0,11.0,bxpc3+INS_CHUK,bxpc3+INS,CHUK,True,False,7
bxpc3+INS_FOS,0.0067582014,0.00509247,1.3270969,0.9979311,0.40644085,0.9061225851044313,0.26206895332453944,0.9984290164113144,0.9988212725821324,0.9996072809204355,2517,1795,0.014379389584064484,0.0242124255746603,0.5938847064971924,0.20549947023391724,0.38326215744018555,0.6123076923076923,0.4692307692307692,0.5911162219424205,0.5925543643677615,0.9975729780897395,19.0,6.0,bxpc3+INS_FOS,bxpc3+INS,FOS,True,False,7
bxpc3+TGFB_FOS,0.021349387,0.021575378,0.9895255,0.9937401,0.32635152,0.8467468550697695,0.2806470007351048,0.9949654695583167,0.9953291172792618,0.999634645752212,2073,1279,0.2421737164258957,0.2931840717792511,0.8260125517845154,0.07298482954502106,0.017446368932724,0.11180339887498948,-0.09999999999999999,0.5444939519356895,0.6647300878341705,0.8191203646426846,4.0,1.0,bxpc3+TGFB_FOS,bxpc3+TGFB,FOS,True,False,7
bxpc3+TGFB_PAK1,0.011838557,0.005270057,2.2463813,0.9962697,0.2665822,0.8695289342438693,0.25666335552167224,0.9971576728290372,0.9987286843094763,0.9984269887256465,2204,1393,,,,,,,,,,,,,bxpc3+TGFB_PAK1,bxpc3+TGFB,PAK1,True,False,7
bxpc3+TGFB_RUNX2,0.01480845,0.012667557,1.169006,0.99524724,0.36082706,0.8533130476128544,0.3608539033847301,0.9963192828648681,0.9971444547827771,0.9991724650185326,2297,1115,,,,,,,,,,,,,bxpc3+TGFB_RUNX2,bxpc3+TGFB,RUNX2,True,False,7
bxpc3+TGFB_SMAD6,0.012318871,0.006327861,1.946767,0.99623096,0.31137037,0.8663202530706908,0.31512183342562694,0.99711810505327,0.9984901774398112,0.9986258528951589,2219,1280,,,,,,,,,,,,,bxpc3+TGFB_SMAD6,bxpc3+TGFB,SMAD6,True,False,7
hap1+IFNB_CEBPG,0.0035054833,0.0029637706,1.1827782,0.9988538,0.2978658,0.9196405814277697,0.28978519821540233,0.9991178782783686,0.9992760062815423,0.9998417574301998,2411,1565,0.005829351954162121,0.03487232327461243,0.1671627014875412,1.0,1.0,0.9999999999999999,0.9999999999999999,0.9880749326452335,0.960047399135763,1.0291939059828723,2.0,0.0,hap1+IFNB_CEBPG,hap1+IFNB,CEBPG,True,False,7
hap1+IFNB_FOS,0.002866001,0.003389147,0.8456408,0.999071,0.44829458,0.9154000504644489,0.34754937200962066,0.9992740006705377,0.9991945794411591,1.0000794852484318,2423,1450,0.0678192526102066,0.13762116432189941,0.4927966892719269,0.998994767665863,0.8121618032455444,0.8999999999999998,0.39999999999999997,0.9989616552746031,0.9924110061183087,1.0066007421480707,5.0,0.0,hap1+IFNB_FOS,hap1+IFNB,FOS,True,False,7
hap1+IFNB_IFI16,0.016320605,0.021498028,0.75916755,0.9958817,0.45180103,0.8787512452500286,0.4004822471028636,0.9964742924303117,0.9956473405077463,1.00083056709833,2438,1352,0.1255214512348175,0.2065477967262268,0.6077113747596741,0.9349250793457031,0.7960405349731445,0.6887264842240733,0.4392307692307692,0.9605560611580688,0.9665710712778405,0.9937769603306877,22.0,3.0,hap1+IFNB_IFI16,hap1+IFNB,IFI16,True,False,7
hap1+IFNB_MYC,0.005860867,0.0017536837,3.342032,0.99918497,0.2938218,0.9071980655318201,0.30944240455032773,0.9993544665087469,0.9995672324108686,0.9997871419798261,2556,1465,,,,,,,,,,,,,hap1+IFNB_MYC,hap1+IFNB,MYC,True,False,7
hap1+IFNG_IFI16,0.05584452,0.11018525,0.5068239,0.98831046,0.7972021,0.8192164846588552,0.743865302018625,0.9899474912661879,0.9830246900668841,1.0070423472261238,2519,517,0.5861082077026367,1.1920320987701416,0.4916882812976837,0.863152801990509,0.4621770679950714,0.7861538461538461,0.3276923076923077,0.9462497523549754,0.9467267551732634,0.999496155764394,24.0,1.0,hap1+IFNG_IFI16,hap1+IFNG,IFI16,True,False,7
hap1+IFNG_PTGES3,0.009431906,0.031875383,0.2958994,0.99675995,0.81312406,0.8583774017397893,0.7146128701311169,0.9973549514383049,0.9940291149866897,1.0033458139218183,2560,569,0.06592857837677002,0.3726928234100342,0.17689789831638336,0.9739912748336792,0.9144701957702637,0.9646153846153847,0.8676923076923077,0.9770861190573393,0.9699632090516942,1.0073434847210432,25.0,0.0,hap1+IFNG_PTGES3,hap1+IFNG,PTGES3,True,False,7
hap1+INS_CHUK,0.00934117,0.0020333943,4.59388,0.9978797,0.24632642,0.8678286831158736,0.29154248489145695,0.9983119694728093,0.9994964316684011,0.998814941046248,2499,1524,0.09716321527957916,0.08017664402723312,1.2118643522262573,0.940150797367096,-0.5540412068367004,0.42857142857142866,-0.14285714285714288,0.8149021227817227,0.7647714434836479,1.0655498838577473,6.0,1.0,hap1+INS_CHUK,hap1+INS,CHUK,True,False,7
hap1+INS_FOS,0.005804628,0.0016967171,3.4210937,0.99821883,0.29478973,0.8853319139892332,0.25731184013060365,0.9986044191411283,0.9995782915732528,0.9990257167043997,2455,1576,0.09421821683645248,0.06863296777009964,1.3727836608886719,0.9970811009407043,-0.9014816284179688,1.0,-1.0,0.9981595822815209,0.9955263744304025,1.0026450407731538,1.0,2.0,hap1+INS_FOS,hap1+INS,FOS,True,False,7
hap1+INS_MAPK1,0.0075395308,0.0028850115,2.6133451,0.9977219,0.18238139,0.8867023039598749,0.221212462193479,0.9982243297854441,0.9992890920118718,0.9989344802870969,2403,1620,0.20879988372325897,0.24995580315589905,0.8353472352027893,0.9989732503890991,0.3901349902153015,0.6363636363636362,0.7575757575757575,0.9981209653744888,0.9961047611501029,1.0020240885326739,8.0,2.0,hap1+INS_MAPK1,hap1+INS,MAPK1,True,False,7
hap1+TGFB_CHUK,0.010642917,0.0041211043,2.58254,0.99759656,0.46997058,0.8734052832655033,0.42444128699508565,0.9980800560850701,0.9989832372012152,0.9990958996282305,2525,1142,0.007791331969201565,0.10120262205600739,0.07698745280504227,1.0,1.0,0.9999999999999999,0.9999999999999999,0.9998864345172234,0.9977860704010129,1.0021050244922405,2.0,0.0,hap1+TGFB_CHUK,hap1+TGFB,CHUK,True,False,7
hap1+TGFB_MAPK1,0.009057309,0.0043911347,2.0626352,0.9972813,0.3700214,0.8782370192776353,0.37076884120271064,0.9978783196159143,0.9989200826405231,0.9989571107411765,2407,1255,1.144105076789856,1.3799022436141968,0.829120397567749,,,,,,,,1.0,0.0,hap1+TGFB_MAPK1,hap1+TGFB,MAPK1,True,False,7
hap1+TGFB_MYC,0.015890816,0.00200338,7.9320025,0.997162,0.2644974,0.8700981421356306,0.24283899391642774,0.9976435880227409,0.9994878366178389,0.9981548063642888,2327,1449,,,,,,,,,,,,,hap1+TGFB_MYC,hap1+TGFB,MYC,True,False,7
hap1+TGFB_RUNX2,0.012603882,0.0038714372,3.255608,0.99746644,0.42964345,0.8682834015012957,0.38368678027270653,0.9979753258443889,0.9990427311939433,0.9989315718775325,2446,1207,,,,,,,,,,,,,hap1+TGFB_RUNX2,hap1+TGFB,RUNX2,True,False,7
hap1+TGFB_SMAD6,0.009186179,0.0028894844,3.1791759,0.99737984,0.3556142,0.8795369514826387,0.3383461870415944,0.9979131592268713,0.9992755666301498,0.9986366049078204,2387,1330,0.36865943670272827,0.928928017616272,0.39686545729637146,,,,,,,,1.0,0.0,hap1+TGFB_SMAD6,hap1+TGFB,SMAD6,True,False,7
hap1+TNFA_CASP8,0.013983731,0.02443921,0.57218426,0.9954325,0.58507377,0.8346374369757936,0.5941154293469892,0.9962965083407003,0.9948269493010794,1.001477200673598,2783,828,0.06950902193784714,0.18553891777992249,0.3746331036090851,0.6876471638679504,0.3342897593975067,0.7179204077818877,0.2538461538461539,0.9238475886199656,0.9251692523253529,0.9985714357647908,25.0,0.0,hap1+TNFA_CASP8,hap1+TNFA,CASP8,True,False,7
hap1+TNFA_CHUK,0.009035723,0.007969343,1.1338103,0.9973927,0.4508046,0.8718561197757735,0.4052904040953514,0.9979565948758716,0.9980656481393463,0.9998907353803049,2487,1192,0.06389806419610977,0.1589018851518631,0.40212276577949524,0.9431594014167786,0.5467615127563477,0.9415384615384615,0.5923076923076923,0.9798840781402914,0.9888937997235717,0.990889090834831,23.0,2.0,hap1+TNFA_CHUK,hap1+TNFA,CHUK,True,False,7
hap1+TNFA_CSF2,0.010795591,0.0020609433,5.2381797,0.997603,0.2430932,0.8829948744916237,0.24158085900805776,0.9980584548821334,0.9994750941376193,0.9985826167517379,2299,1528,,,,,,,,,,,,,hap1+TNFA_CSF2,hap1+TNFA,CSF2,True,False,7
hap1+TNFA_MYC,0.011565215,0.002500446,4.625261,0.997718,0.31122386,0.8803923918773141,0.2918526970505593,0.9981453958919059,0.9993703308341432,0.9987742932680272,2369,1447,,,,,,,,,,,,,hap1+TNFA_MYC,hap1+TNFA,MYC,True,False,7
hap1+TNFA_TRAF2,0.007936172,0.0048038955,1.6520284,0.99755824,0.3555174,0.8802935907899515,0.333775057416407,0.9980913618447622,0.9988292094506994,0.9992612875164685,2363,1321,0.014348196797072887,0.09309716522693634,0.15412066876888275,0.7690858244895935,0.948976457118988,0.7,0.8999999999999998,0.9626695467373176,0.9304439079243729,1.034634692686455,5.0,0.0,hap1+TNFA_TRAF2,hap1+TNFA,TRAF2,True,False,7
ht29+IFNB_CEBPG,0.0050338195,0.0026794397,1.8786836,0.9984204,0.27587238,0.8586674361993138,0.25967703868459063,0.998740798027989,0.9993419535190956,0.9993984486601512,2279,1405,,,,,,,,,,,,,ht29+IFNB_CEBPG,ht29+IFNB,CEBPG,True,False,7
ht29+IFNB_FOS,0.0043956093,0.0037946969,1.1583558,0.99854726,0.40196985,0.8508693204541218,0.3537474134949598,0.9988586650855301,0.999113014814632,0.9997454244661711,2368,1268,0.02427900955080986,0.051608242094516754,0.4704482853412628,0.9632181525230408,-0.18813760578632355,0.8999999999999998,-0.3,0.9719120154371075,0.9550054109517906,1.0177031504653646,5.0,0.0,ht29+IFNB_FOS,ht29+IFNB,FOS,True,False,7
ht29+IFNB_SP110,0.006266027,0.005401315,1.1600928,0.99793285,0.31534803,0.8495749983676295,0.2874381343394383,0.9983735349966167,0.9987019835192373,0.9996711245916793,2287,1336,0.028506923466920853,0.07530877739191055,0.37853386998176575,0.943785548210144,0.7254800200462341,0.7946153846153846,0.19230769230769232,0.9392925007235714,0.9630553514273422,0.9753255608116896,23.0,2.0,ht29+IFNB_SP110,ht29+IFNB,SP110,True,False,7
ht29+IFNG_PPARG,0.031107675,0.03889121,0.7998639,0.9925456,0.42746502,0.8374011595910332,0.39886630228962483,0.9934999951764679,0.992446223818524,1.0010617918962796,2351,1238,0.11050770431756973,0.15304306149482727,0.7220693230628967,0.5657668113708496,0.24515172839164734,0.5647967243436605,0.29923076923076924,0.8323183939396044,0.8398091243275576,0.9910804370053122,22.0,3.0,ht29+IFNG_PPARG,ht29+IFNG,PPARG,True,False,7
ht29+IFNG_PTGES3,0.005600537,0.007958247,0.70374,0.9981605,0.46439722,0.8643061739700449,0.37764207277720885,0.9984943232449414,0.998130838197701,1.0003641657319162,2394,1235,0.04211403802037239,0.08670193701982498,0.4857335388660431,0.9669254422187805,0.7820208668708801,0.7123076923076922,0.6153846153846153,0.9589594496902356,0.9590814508712265,0.999872793722702,23.0,2.0,ht29+IFNG_PTGES3,ht29+IFNG,PTGES3,True,False,7
ht29+IFNG_SP110,0.021135507,0.030517329,0.69257396,0.9948429,0.5486094,0.841910366190075,0.5111446849890864,0.9955804422285515,0.9943121632265454,1.0012755340313755,2551,1036,0.08217684924602509,0.13170494139194489,0.6239466071128845,0.5753833055496216,0.04527668654918671,0.6199999999999999,-0.025384615384615387,0.9179770883097643,0.9228451265255053,0.9947249673040274,24.0,1.0,ht29+IFNG_SP110,ht29+IFNG,SP110,True,False,7
ht29+INS_CHUK,0.0053964923,0.0019184921,2.8128822,0.99839115,0.12599479,0.8691326566219214,0.18579553271965427,0.9987379672564635,0.9995082268219494,0.9992293614551477,2456,1785,0.01548533234745264,0.019710849970579147,0.7856248021125793,0.6480980515480042,0.3306378126144409,0.8607692307692307,0.10615384615384615,0.6809470511023467,0.6129956597606824,1.1108513417014942,22.0,3.0,ht29+INS_CHUK,ht29+INS,CHUK,True,False,7
ht29+TGFB_AKT1,0.019252088,0.0017782823,10.826227,0.99387574,0.077224664,0.8425586659686032,0.1253630531178707,0.9952045863375204,0.9995513673656389,0.9956512679887832,2111,1614,,,,,,,,,,,,,ht29+TGFB_AKT1,ht29+TGFB,AKT1,False,True,7
ht29+TGFB_ATF2,0.020169608,0.005345672,3.7730727,0.9935666,0.22595565,0.8280148076582169,0.26188994041997954,0.9949439481633857,0.9987438732771495,0.9961952956954867,2213,1366,0.02491198666393757,0.05771699175238609,0.43162310123443604,0.3852367699146271,-0.09405388683080673,0.16666666666666669,-0.2833333333333333,0.8217268170176626,0.9098892068661598,0.9031064560572752,8.0,1.0,ht29+TGFB_ATF2,ht29+TGFB,ATF2,False,True,7
ht29+TGFB_CHUK,0.02027035,0.008985933,2.255787,0.99334323,0.31007457,0.8138059256182641,0.30975417129950644,0.9947457892202595,0.9979715247804787,0.9967677078151816,2297,1282,0.04710574075579643,0.10756086558103561,0.4379449784755707,0.720162034034729,0.08070764690637589,0.5653846153846154,0.010769230769230769,0.9204948833779453,0.962289288830465,0.9565677328661578,23.0,2.0,ht29+TGFB_CHUK,ht29+TGFB,CHUK,False,False,7
ht29+TGFB_CREBBP,0.023902364,0.005522122,4.3284745,0.99251664,0.055863142,0.8297493809228959,0.1424713721512627,0.9941250445348709,0.9986099772240086,0.9955088244745911,2097,1532,0.04408784210681915,0.07452208548784256,0.5916077494621277,0.8194549083709717,0.6783128976821899,0.7142857142857143,0.33516483516483514,0.8527739134287259,0.6625592717226592,1.2870907552338784,11.0,2.0,ht29+TGFB_CREBBP,ht29+TGFB,CREBBP,False,True,7
ht29+TGFB_CUL1,0.037034553,0.06030762,0.6140941,0.98611605,0.5341317,0.7695784392210492,0.5309154831646385,0.988587469115475,0.989085902816585,0.9994960663177075,2605,880,0.16402770578861237,0.3063197135925293,0.5354787707328796,0.4166118800640106,0.12836451828479767,0.38459493825408214,0.003076923076923077,0.8026661575781862,0.8718499022281435,0.9206471842536795,22.0,3.0,ht29+TGFB_CUL1,ht29+TGFB,CUL1,False,True,7
ht29+TGFB_EP300,0.024607327,0.017877262,1.3764595,0.99169356,0.33002305,0.8094333342700311,0.34643469987132003,0.9933415330364943,0.9960777803229439,0.9972529782909498,2384,1168,0.11029870063066483,0.14182926714420319,0.7776864767074585,0.8453347086906433,-0.0720113217830658,0.7751490814671864,0.08307692307692309,0.9530934107088744,0.9691399968949613,0.9834424476984762,20.0,5.0,ht29+TGFB_EP300,ht29+TGFB,EP300,False,True,7
ht29+TGFB_FOS,0.018689983,0.004037839,4.6287093,0.99386436,0.2057212,0.8364248221665951,0.2191657074828116,0.9951903775193385,0.9990281233618701,0.996158520713494,2183,1443,0.039720017462968826,0.08118953555822372,0.489225834608078,0.8263851404190063,0.07481575012207031,0.6,0.09999999999999999,0.9594367209178315,0.9440187518153558,1.0163322699605561,4.0,1.0,ht29+TGFB_FOS,ht29+TGFB,FOS,False,False,7
ht29+TGFB_FOXP2,0.019220414,0.0047203223,4.0718436,0.99376905,0.23187341,0.8269805347083841,0.24541156568786746,0.9951046005958035,0.9988809203218221,0.9962194495367858,2225,1394,0.06554188579320908,0.4751262962818146,0.1379462331533432,0.9929920434951782,0.9950515031814575,1.0,1.0,0.9854083655487419,0.9928525218196042,0.9925022537514239,3.0,0.0,ht29+TGFB_FOXP2,ht29+TGFB,FOXP2,False,True,7
ht29+TGFB_HDAC4,0.021604866,0.009226598,2.3415854,0.9928537,0.24332,0.8183655039889588,0.2759834898484317,0.9943440200990065,0.9978842237094504,0.9964522902293376,2266,1307,0.13801048696041107,0.1676207184791565,0.8233498334884644,0.9646323919296265,0.1445886641740799,0.46307692307692305,0.04769230769230769,0.9638927257770238,0.9737419514583213,0.989885178854062,18.0,7.0,ht29+TGFB_HDAC4,ht29+TGFB,HDAC4,False,True,7
ht29+TGFB_HDAC5,0.02034256,0.0014558163,13.973302,0.99383587,0.11681779,0.8230900437719102,0.1507520742245302,0.9951093152896262,0.9996320965317544,0.9954755541985695,2147,1629,,,,,,,,,,,,,ht29+TGFB_HDAC5,ht29+TGFB,HDAC5,False,True,7
ht29+TGFB_HRAS,0.020072835,0.001290935,15.5490675,0.99407697,0.16802573,0.828391087613353,0.18259068473184548,0.995304904781989,0.999673789147568,0.9956296899918679,2215,1630,,,,,,,,,,,,,ht29+TGFB_HRAS,ht29+TGFB,HRAS,False,True,7
ht29+TGFB_IKBKB,0.024809944,0.023096396,1.0741911,0.9914018,0.40509477,0.8034345431599774,0.41707337667456873,0.9930757310334649,0.9951763070289352,0.997889242357727,2459,1092,0.05701807886362076,0.1487562209367752,0.3832987844944,0.17410330474376678,0.37593862414360046,0.095183220999531,0.4146153846153846,0.7706712692275623,0.918326491379739,0.839212716241767,22.0,3.0,ht29+TGFB_IKBKB,ht29+TGFB,IKBKB,False,True,7
ht29+TGFB_IRF7,0.019772694,0.0021547212,9.176451,0.99392736,0.15781051,0.8312394845632693,0.18991785143830606,0.9952308893321321,0.9994649135626279,0.9957637089876388,2158,1529,,,,,,,,,,,,,ht29+TGFB_IRF7,ht29+TGFB,IRF7,False,True,7
ht29+TGFB_JUN,0.020595059,0.0033398566,6.16645,0.9934083,0.09449735,0.8336510205749758,0.14817948557471386,0.9948349249083898,0.9991790104841586,0.9956523450450947,2090,1574,0.08192675560712814,0.11452484130859375,0.7153623104095459,1.0,-1.0,0.9999999999999999,-0.9999999999999999,0.9108449342712247,0.9959188179151468,0.9145774915449278,1.0,1.0,ht29+TGFB_JUN,ht29+TGFB,JUN,False,True,7
ht29+TGFB_KRAS,0.02078977,0.002040427,10.188931,0.9938754,0.13997167,0.8314377423610764,0.17808958788999918,0.9951507131147938,0.9994843203472354,0.9956641568614741,2242,1558,,,,,,,,,,,,,ht29+TGFB_KRAS,ht29+TGFB,KRAS,False,True,7
ht29+TGFB_MAP3K7,0.019346656,0.002175338,8.893632,0.99378455,0.07879147,0.8411753808188525,0.11913416245769173,0.9951423176590334,0.9994563542807033,0.9956836167950779,2067,1623,,,,,,,,,,,,,ht29+TGFB_MAP3K7,ht29+TGFB,MAP3K7,False,True,7
ht29+TGFB_MAPK1,0.023113666,0.012585021,1.8366014,0.9922539,0.24788994,0.8321114796271178,0.2817912630099497,0.9938804408291871,0.9970555447339698,0.9968155195349424,2218,1338,0.17983728647232056,0.23209938406944275,0.7748287916183472,0.7253869771957397,0.332274854183197,0.8153846153846154,0.17615384615384613,0.8003529091567365,0.7723942245692361,1.0361974283314883,19.0,6.0,ht29+TGFB_MAPK1,ht29+TGFB,MAPK1,False,False,7
ht29+TGFB_MAPK3,0.018411927,0.0026456334,6.9593644,0.99417406,0.20743641,0.8369496402988309,0.20399144981148454,0.9954407534905156,0.9993462881999194,0.9960919105263916,2159,1506,,,,,,,,,,,,,ht29+TGFB_MAPK3,ht29+TGFB,MAPK3,False,True,7
ht29+TGFB_MAPK14,0.022908917,0.0034465226,6.6469655,0.99269104,-0.04376221,0.831429357672044,0.08267003550297229,0.9942741772589645,0.9991389710585458,0.9951310138624387,2023,1645,,,,,,,,,,,,,ht29+TGFB_MAPK14,ht29+TGFB,MAPK14,False,True,7
ht29+TGFB_MED15,0.034102593,0.012071173,2.8251266,0.9898912,0.021925505,0.8080382540110695,0.11855278184460456,0.992012579238199,0.9969450357253928,0.9950524288597266,2048,1570,0.16873203217983246,0.1786821484565735,0.9443138837814331,0.6653069853782654,0.02757886052131653,0.6707692307692308,0.026153846153846153,0.7538781062574222,0.7576318457858622,0.9950454306411232,20.0,5.0,ht29+TGFB_MED15,ht29+TGFB,MED15,False,True,7
ht29+TGFB_MYC,0.024138412,0.0019865055,12.151193,0.99341357,0.07952514,0.8126823870710842,0.1428195370325741,0.9947593956166826,0.9994995977621485,0.9952574246592204,2119,1596,,,,,,,,,,,,,ht29+TGFB_MYC,ht29+TGFB,MYC,False,False,7
ht29+TGFB_NFKB1,0.023948595,0.0067146104,3.5666397,0.992721,0.1780836,0.8136688762163924,0.23584656115228084,0.9942636797089819,0.9984004839831476,0.9958565682403699,2234,1357,0.03996093571186066,0.07332880795001984,0.5449554920196533,0.8753789067268372,0.199583038687706,0.576923076923077,0.24615384615384614,0.934038159906007,0.9604096552496528,0.9725414095958972,21.0,4.0,ht29+TGFB_NFKB1,ht29+TGFB,NFKB1,False,True,7
ht29+TGFB_NRAS,0.02200679,0.01414518,1.5557802,0.99252284,0.32918465,0.8106290002047265,0.33726879391412956,0.9940433339223937,0.996947222202577,0.9970872196486313,2333,1209,0.07897968590259552,0.17222678661346436,0.45857957005500793,0.8538413047790527,0.5316921472549438,0.6347374612510459,0.4776923076923077,0.8960744907582392,0.9349961115067776,0.9583724250084689,21.0,4.0,ht29+TGFB_NRAS,ht29+TGFB,NRAS,False,True,7
ht29+TGFB_PAK1,0.018542062,0.0015078518,12.297007,0.99411005,0.14209208,0.8353144310533125,0.15992946862111995,0.9953704892043737,0.9996192397749188,0.9957496310580198,2117,1624,,,,,,,,,,,,,ht29+TGFB_PAK1,ht29+TGFB,PAK1,False,False,7
ht29+TGFB_PIK3CA,0.021604273,0.0042352905,5.1010137,0.99308956,0.09194413,0.8236091227077981,0.1530261917554718,0.9945741259196527,0.9989687087586048,0.9956008803875217,2110,1506,,,,,,,,,,,,,ht29+TGFB_PIK3CA,ht29+TGFB,PIK3CA,False,True,7
ht29+TGFB_PPP2CA,0.021014038,0.008006253,2.6247032,0.9929414,0.19685686,0.8247747889541303,0.21251667735008478,0.9944324840574607,0.998182410320186,0.9962432454990642,2151,1435,0.0437394343316555,0.07315342128276825,0.5979137420654297,0.4776228070259094,0.02263648249208927,0.48,0.10769230769230768,0.8642423448128745,0.971950021396546,0.8891839351688972,20.0,5.0,ht29+TGFB_PPP2CA,ht29+TGFB,PPP2CA,False,True,7
ht29+TGFB_PRKCA,0.018601777,0.0017563713,10.591027,0.9940793,0.1490131,0.8380551357322346,0.18253646764598724,0.9953489927426195,0.9995584769124493,0.9957886564247521,2174,1557,,,,,,,,,,,,,ht29+TGFB_PRKCA,ht29+TGFB,PRKCA,False,True,7
ht29+TGFB_RAF1,0.020422209,0.0052562105,3.8853483,0.9936043,0.23908564,0.824954378901244,0.26884033390370904,0.9949717643341237,0.998765898455701,0.9962011777460126,2261,1343,0.060650452971458435,0.07243108004331589,0.8373540043830872,0.8744948506355286,-0.20766852796077728,0.8730769230769231,-0.05538461538461539,0.9527661364358189,0.9686131406411477,0.9836394907931568,17.0,8.0,ht29+TGFB_RAF1,ht29+TGFB,RAF1,False,True,7
ht29+TGFB_RBL1,0.023131397,0.0062969956,3.673402,0.99326646,0.2610684,0.8089140329298672,0.26559093504658227,0.9946911720128044,0.9985210353420942,0.9961644640485939,2240,1337,0.08515762537717819,0.12872561812400818,0.6615437269210815,0.9809843897819519,0.12289083749055862,0.793614171249035,0.20230769230769227,0.9816094464283216,0.9736412873180832,1.0081838755340653,19.0,6.0,ht29+TGFB_RBL1,ht29+TGFB,RBL1,False,True,7
ht29+TGFB_RBX1,0.021785764,0.010755194,2.025604,0.9930506,0.3615024,0.7937778695315213,0.3631279595466668,0.9944981237667545,0.9976671247091551,0.9968235888865994,2375,1200,0.04988584667444229,0.10290016978979111,0.48479849100112915,0.6480593085289001,0.463878870010376,0.6004620716895868,0.42076923076923073,0.8960497204067293,0.954190038063583,0.9390684084536842,20.0,5.0,ht29+TGFB_RBX1,ht29+TGFB,RBX1,False,True,7
ht29+TGFB_RELA,0.019495267,0.0038534515,5.0591702,0.9936459,0.15794787,0.835629420721022,0.1884609080874714,0.9950208055533243,0.9990656318816669,0.995951390780279,2135,1485,0.3243813216686249,0.17072133719921112,1.900063157081604,1.0,-1.0,0.9999999999999999,-0.9999999999999999,0.9222162734623097,0.9999359020425622,0.9222753894309674,1.0,1.0,ht29+TGFB_RELA,ht29+TGFB,RELA,False,True,7
ht29+TGFB_RHOA,0.032827403,0.020104244,1.6328593,0.989681,0.2820593,0.7820707027980205,0.3031660768029705,0.991807747223684,0.9953710945716696,0.9964200815480593,2320,1230,0.3297361433506012,0.4616391360759735,0.7142724990844727,0.7527438998222351,0.3010024130344391,0.8276923076923076,0.10999999999999999,0.8394496180047605,0.8221199870168854,1.0210791992185433,21.0,4.0,ht29+TGFB_RHOA,ht29+TGFB,RHOA,False,True,7
ht29+TGFB_RPS6KB1,0.019804403,0.0020331882,9.740565,0.9937777,0.10301112,0.827709708271912,0.1396658806116544,0.995103108031239,0.9994868302543405,0.9956140270282642,2105,1633,,,,,,,,,,,,,ht29+TGFB_RPS6KB1,ht29+TGFB,RPS6KB1,False,True,7
ht29+TGFB_RUNX1,0.018538868,0.0012552034,14.769613,0.99401176,0.088388905,0.8447216339857144,0.1389572615766751,0.9953034992782609,0.9996829629257975,0.9956191474597915,2170,1709,,,,,,,,,,,,,ht29+TGFB_RUNX1,ht29+TGFB,RUNX1,False,True,7
ht29+TGFB_RUNX2,0.021011975,0.003860535,5.4427624,0.9938876,0.26447093,0.8218313939193904,0.2829488875083896,0.9951839998855515,0.9990790028919216,0.9961014064001988,2291,1320,,,,,,,,,,,,,ht29+TGFB_RUNX2,ht29+TGFB,RUNX2,False,False,7
ht29+TGFB_RUNX3,0.01899823,0.0022553063,8.423791,0.99390453,0.13896894,0.8394617307352941,0.1732660089808248,0.9952252613861451,0.9994399438799327,0.9957829557247574,2108,1570,,,,,,,,,,,,,ht29+TGFB_RUNX3,ht29+TGFB,RUNX3,False,True,7
ht29+TGFB_SKP1,0.029402908,0.034236334,0.85882175,0.99036986,0.543913,0.7678565981922832,0.5369249511699213,0.9922200451938027,0.993155432391377,0.9990581663583896,2658,850,0.07635381072759628,0.19363757967948914,0.3943129777908325,0.4744686484336853,0.17766273021697998,0.5438094676745859,0.08461538461538462,0.8363487983942524,0.897607849199052,0.9317529911759774,22.0,3.0,ht29+TGFB_SKP1,ht29+TGFB,SKP1,False,True,7
ht29+TGFB_SMAD1,0.019391397,0.0032243035,6.0141354,0.99387723,0.17490202,0.8374878083264671,0.20887267475041085,0.9952012765913991,0.9992103123167726,0.9959877958864555,2181,1469,0.025172334164381027,0.06774556636810303,0.37157168984413147,1.0,1.0,0.9999999999999999,0.9999999999999999,0.9976271919502481,0.9999783319497815,0.9976488090547431,2.0,0.0,ht29+TGFB_SMAD1,ht29+TGFB,SMAD1,False,True,7
ht29+TGFB_SMAD2,0.019700622,0.0017905142,11.002773,0.99391377,0.113864,0.8344934038235748,0.16085415566590475,0.9952030938606856,0.9995491467511083,0.995651986793697,2157,1631,,,,,,,,,,,,,ht29+TGFB_SMAD2,ht29+TGFB,SMAD2,False,True,7
ht29+TGFB_SMAD3,0.01786225,0.0019331009,9.240206,0.99424523,0.18608607,0.8484509856009413,0.18462749962288233,0.9954873141256576,0.9995118683741139,0.9959734802799262,2209,1607,,,,,,,,,,,,,ht29+TGFB_SMAD3,ht29+TGFB,SMAD3,False,True,7
ht29+TGFB_SMAD4,0.018572843,0.004741443,3.9171288,0.9939668,0.24260253,0.8333050464527538,0.25885977606836097,0.995263704569189,0.998871872962796,0.9963877565368773,2209,1392,,,,,,,,,,,,,ht29+TGFB_SMAD4,ht29+TGFB,SMAD4,False,True,7
ht29+TGFB_SMAD5,0.021023007,0.009912322,2.1208963,0.99295163,0.23500793,0.8287949458392058,0.27099068868085463,0.9943908599811235,0.9977647834229271,0.9966185182140535,2222,1341,0.04739474877715111,0.08920463919639587,0.5313036441802979,0.6259937286376953,0.22205542027950287,0.5592307692307692,0.11384615384615385,0.9109177149499685,0.9670672902490082,0.9419382954369372,22.0,3.0,ht29+TGFB_SMAD5,ht29+TGFB,SMAD5,False,True,7
ht29+TGFB_SMAD6,0.020913683,0.0022181144,9.428586,0.99380046,0.11234278,0.8316952997835,0.15041749118176026,0.9951137637560844,0.99944072075972,0.9956706216649382,2135,1609,,,,,,,,,,,,,ht29+TGFB_SMAD6,ht29+TGFB,SMAD6,False,False,7
ht29+TGFB_SMAD7,0.018293494,0.003370333,5.4278,0.99420077,0.25786692,0.8318182392145357,0.25876567478511875,0.9954522738894188,0.999185108712489,0.9962641208415524,2221,1396,0.02246459573507309,0.08777068555355072,0.25594645738601685,0.9431149363517761,-0.29999804496765137,1.0,-0.39999999999999997,0.9874481157137354,0.9854047697386055,1.0020736108022614,4.0,0.0,ht29+TGFB_SMAD7,ht29+TGFB,SMAD7,False,True,7
ht29+TGFB_SMAD9,0.019538037,0.0020014779,9.761806,0.99399495,0.13801616,0.8394196330481494,0.15177374490361478,0.9952831329756738,0.9994960385099566,0.9957849702530454,2142,1587,,,,,,,,,,,,,ht29+TGFB_SMAD9,ht29+TGFB,SMAD9,False,True,7
ht29+TGFB_SMURF1,0.019611018,0.0021721001,9.028598,0.9937382,0.07685027,0.8455391097511167,0.14739022533876484,0.99508233733059,0.9994538289443927,0.9956261194992672,2183,1663,1.4955185651779175,1.7311965227127075,0.8638641238212585,,,,,,,,1.0,0.0,ht29+TGFB_SMURF1,ht29+TGFB,SMURF1,False,True,7
ht29+TGFB_SMURF2,0.01841662,0.0022237792,8.281677,0.993986,0.14654343,0.8422684979069665,0.18186311020123594,0.9952984169586504,0.9994439830548153,0.9958521276165034,2153,1540,0.8020802736282349,1.1199040412902832,0.7162044644355774,,,,,,,,1.0,0.0,ht29+TGFB_SMURF2,ht29+TGFB,SMURF2,False,True,7
ht29+TGFB_SP1,0.02141017,0.003964613,5.400317,0.9932576,0.10451587,0.8266619518924548,0.1484166164243004,0.9947058634759771,0.9990119336128469,0.9956896709719,2054,1566,0.012807010672986507,0.03549739345908165,0.36078736186027527,0.8772943019866943,0.3897418975830078,0.7500000000000002,0.5714285714285715,0.956811838944014,0.9559713042255784,1.0008792468086858,6.0,1.0,ht29+TGFB_SP1,ht29+TGFB,SP1,False,True,7
ht29+TGFB_TGFBR1,0.019186713,0.004153443,4.6194715,0.99380004,0.20101285,0.8411950653308266,0.1737396003020044,0.9951468556918683,0.9989700098119424,0.996172904008606,2142,1560,0.04260692745447159,0.09180586785078049,0.46409809589385986,0.6333390474319458,0.6559813022613525,0.6666666666666669,0.5000000000000001,0.8230724867341986,0.8215052900763876,1.0019077134094478,7.0,1.0,ht29+TGFB_TGFBR1,ht29+TGFB,TGFBR1,False,True,7
ht29+TGFB_TGFBR2,0.018587677,0.0028357948,6.554662,0.99398464,0.17312044,0.8398139680749411,0.15708056577409432,0.9952921887570539,0.9992883479047184,0.9960009949520141,2165,1614,,,,,,,,,,,,,ht29+TGFB_TGFBR2,ht29+TGFB,TGFBR2,False,True,7
ht29+TGFB_TGFBR3,0.018778272,0.0047772233,3.930792,0.9938277,0.22267038,0.8385545942624305,0.23468541915248334,0.995159928327514,0.9988789427375926,0.9962768116826188,2157,1449,0.05932130664587021,0.14591406285762787,0.4065496325492859,0.9707314372062683,0.6990475058555603,0.6969696969696969,0.8303030303030302,0.9823890994413536,0.9850235506808724,0.9973254941593043,9.0,1.0,ht29+TGFB_TGFBR3,ht29+TGFB,TGFBR3,False,True,7
ht29+TGFB_TGIF1,0.018933076,0.006763777,2.799187,0.9937422,0.26040313,0.8333258297365581,0.22340853172058484,0.9950925221294511,0.9983551600298374,0.9967319867407819,2152,1472,0.05283565819263458,0.08916042000055313,0.5925909280776978,0.7982317805290222,0.21253660321235657,0.7092307692307692,0.08307692307692309,0.9146905270859563,0.97744470790132,0.9357977179598183,21.0,4.0,ht29+TGFB_TGIF1,ht29+TGFB,TGIF1,False,True,7
ht29+TNFA_BIRC3,0.004084966,0.0014760265,2.7675426,0.99874943,0.18841302,0.866375344723539,0.1782971540548763,0.9990241486973609,0.9996283596178847,0.9993955644468163,2324,1712,0.6341263055801392,1.1021710634231567,0.5753428936004639,1.0,1.0,0.9999999999999999,0.9999999999999999,0.9999994285161542,0.9994826229484969,1.0005170730894077,2.0,0.0,ht29+TNFA_BIRC3,ht29+TNFA,BIRC3,True,False,7
ht29+TNFA_CASP3,0.0061051496,0.0026468704,2.306554,0.9984405,0.26108694,0.8343487435087489,0.2456268905248994,0.9987769613492702,0.9993606349177693,0.9994159530122506,2411,1550,0.009746752679347992,0.020305505022406578,0.4800054430961609,0.771100640296936,0.3107371926307678,0.4095459258190514,0.4230769230769231,0.9195606256078159,0.955712004418665,0.9621733548980176,21.0,4.0,ht29+TNFA_CASP3,ht29+TNFA,CASP3,True,False,7
ht29+TNFA_CASP8,0.007304739,0.007243245,1.0084898,0.99774885,0.35531428,0.8312772260607262,0.34043537803002943,0.9981795775391075,0.9983870880185752,0.9997921542836861,2529,1389,0.024613775312900543,0.036613594740629196,0.6722578406333923,0.5235347747802734,0.10896319895982742,0.4371536227526471,0.07153846153846154,0.8426154829579914,0.9222948052073703,0.913607534381088,18.0,7.0,ht29+TNFA_CASP8,ht29+TNFA,CASP8,True,False,7
ht29+TNFA_CSF2,0.0039252182,0.0006699033,5.8593802,0.99885577,0.18547979,0.8671610585554442,0.17873883869396134,0.9991073543403879,0.9998308178527829,0.9992764140697836,2325,1785,,,,,,,,,,,,,ht29+TNFA_CSF2,ht29+TNFA,CSF2,True,False,7
ht29+TNFA_FOS,0.0037651816,0.0016058884,2.3446097,0.99877965,0.21122314,0.875599342363496,0.21703986036159867,0.9990421695503944,0.9996060063066785,0.9994359410080303,2315,1682,0.006358950864523649,0.009355217218399048,0.6797224283218384,0.7176080346107483,0.1566280871629715,0.6137775268210052,0.08752117447769624,0.9179110095857012,0.9543176497853652,0.9618506058146864,17.0,5.0,ht29+TNFA_FOS,ht29+TNFA,FOS,True,False,7
ht29+TNFA_MYC,0.0049859053,0.0010359699,4.8127894,0.9988209,0.17306258,0.8577527101754527,0.19315449410909344,0.999072201183996,0.9997377583873739,0.9993342682140449,2318,1740,,,,,,,,,,,,,ht29+TNFA_MYC,ht29+TNFA,MYC,True,False,7
k562+IFNB_CRKL,0.0076466124,0.009276114,0.82433355,0.99720645,0.49867624,0.8917995474464989,0.4229503969824636,0.9978146476251093,0.9975167719237028,1.0002986172361112,2405,1171,0.0716356635093689,0.3904237747192383,0.18348181247711182,,,,,,,,1.0,0.0,k562+IFNB_CRKL,k562+IFNB,CRKL,True,False,7
k562+IFNB_FOS,0.0072971415,0.012678007,0.5755748,0.9972817,0.60976964,0.8859547430778035,0.48923002461532106,0.9978630595944136,0.9967036671892829,1.0011632267877575,2480,1103,0.10208994895219803,0.3351411819458008,0.3046177327632904,0.9704683423042297,0.8523720502853394,0.8391608391608393,0.6503496503496504,0.9721032908872542,0.9622833237022862,1.0102048606092295,12.0,0.0,k562+IFNB_FOS,k562+IFNB,FOS,True,False,7
k562+IFNB_IFI16,0.043514732,0.06743488,0.64528525,0.99002177,0.5827,0.8555313806066678,0.5366797782520134,0.9914449060135431,0.9873969895467172,1.0040995835613031,2575,905,0.33426955342292786,0.6501938104629517,0.5141075849533081,0.9559853672981262,0.5124551057815552,0.7946153846153846,0.5238461538461539,0.9607556640766027,0.9462920721999039,1.0152844901712792,24.0,1.0,k562+IFNB_IFI16,k562+IFNB,IFI16,True,False,7
k562+IFNB_MYC,0.007420543,0.01285894,0.5770727,0.9973408,0.63712084,0.8756470145835583,0.5616077851974169,0.9979109588500237,0.9966975850645606,1.0012173941260072,2658,913,0.044171880930662155,0.20138072967529297,0.2193451225757599,0.9166200160980225,0.8153665065765381,0.8670470338856229,0.8017543859649122,0.9644551328382494,0.9615458700154466,1.003025610023946,19.0,0.0,k562+IFNB_MYC,k562+IFNB,MYC,True,False,7
k562+IFNG_ATF3,0.0284138,0.005416668,5.2456236,0.98926944,0.18906713,0.8640416301695287,0.19368004935631675,0.9915633323110539,0.9984371988185403,0.9931153741911656,2054,1453,0.3556227385997772,0.4831066131591797,0.7361164689064026,,,,,,,,1.0,0.0,k562+IFNG_ATF3,k562+IFNG,ATF3,False,True,7
k562+IFNG_ATF5,0.033251483,0.012981145,2.5615215,0.9871941,0.20983118,0.8341783470901234,0.2662707878849196,0.9897189994336248,0.9966002302222124,0.9930952948033603,2133,1283,0.2569904923439026,0.25877419114112854,0.9931071400642395,0.5689587593078613,-0.32126468420028687,0.6606060606060605,0.0303030303030303,0.9042441629713972,0.9616880637937365,0.9402676366848826,8.0,2.0,k562+IFNG_ATF5,k562+IFNG,ATF5,False,True,7
k562+IFNG_BATF2,0.031194702,0.0069966707,4.4585066,0.9883144,0.14495763,0.8523814803708906,0.2180020862845065,0.9907785112232593,0.9980134684953733,0.9927506416491337,2096,1400,,,,,,,,,,,,,k562+IFNG_BATF2,k562+IFNG,BATF2,False,True,7
k562+IFNG_CEBPB,0.033839207,0.018784206,1.8014712,0.986649,0.2637908,0.8388181733466027,0.2872391688378947,0.9891894451722737,0.9952666313390003,0.9938939114651613,2120,1246,0.29722797870635986,0.4352550804615021,0.6828822493553162,0.65739905834198,0.3955470323562622,0.8453846153846154,0.43461538461538457,0.8313788865238996,0.9591532694640476,0.8667841866279147,24.0,1.0,k562+IFNG_CEBPB,k562+IFNG,CEBPB,False,True,7
k562+IFNG_CEBPE,0.029140258,0.009365204,3.1115456,0.9888034,0.2484386,0.8479319541276386,0.27929343040109533,0.9910781959845728,0.9974909629981532,0.993571102645075,2122,1316,,,,,,,,,,,,,k562+IFNG_CEBPE,k562+IFNG,CEBPE,False,True,7
k562+IFNG_CLK1,0.052423365,0.06886548,0.76124305,0.9772412,0.44999105,0.7851960547860656,0.5167674201782513,0.9809383271395414,0.9863023282941704,0.9945615041141532,2458,864,0.24680835008621216,0.45769622921943665,0.5392405390739441,0.43984106183052063,0.41820797324180603,0.6832083219283986,0.5261538461538462,0.8565359335514791,0.910872318789215,0.9403468695700808,23.0,2.0,k562+IFNG_CLK1,k562+IFNG,CLK1,False,True,7
k562+IFNG_CUL1,0.07037402,0.13591178,0.5177919,0.9705136,0.6137407,0.7622966623887941,0.6021505700578675,0.9749166938870755,0.9767446213377945,0.9981285513011422,2518,739,0.40984004735946655,0.7854356169700623,0.5217996835708618,0.7908445000648499,0.25169774889945984,0.4373438021788846,-0.02923076923076923,0.8962785333030029,0.9121824479299029,0.9825649850389118,23.0,2.0,k562+IFNG_CUL1,k562+IFNG,CUL1,False,True,7
k562+IFNG_EHF,0.04348946,0.021277808,2.043888,0.98325145,0.084380016,0.8455713777810004,0.16956291640815793,0.9864329195276222,0.9943867674008663,0.9920012533010331,1959,1415,0.44557979702949524,0.5859698057174683,0.7604142427444458,0.9086053371429443,0.1292416751384735,0.7730769230769231,0.10769230769230768,0.9427199595880001,0.9504379651583783,0.9918795272776251,19.0,6.0,k562+IFNG_EHF,k562+IFNG,EHF,False,True,7
k562+IFNG_ETV7,0.030735886,0.0064875353,4.737683,0.988461,0.13102683,0.8630233278795889,0.16369342007631416,0.9908654165821172,0.9981700692544709,0.9926819558135924,1990,1483,,,,,,,,,,,,,k562+IFNG_ETV7,k562+IFNG,ETV7,False,True,7
k562+IFNG_FBXO6,0.03546348,0.013027468,2.722208,0.9870217,0.23784935,0.817559015074715,0.2997231560632791,0.9896136400070678,0.9965650255743108,0.9930246542986625,2194,1192,0.12508653104305267,0.2823821008205414,0.44296905398368835,0.7377519607543945,0.30428677797317505,0.7882663212584018,0.28120300751879695,0.9117853150870954,0.9416843991799411,0.9682493581513264,18.0,2.0,k562+IFNG_FBXO6,k562+IFNG,FBXO6,False,True,7
k562+IFNG_FMNL2,0.034333978,0.021487826,1.5978339,0.98640984,0.28816524,0.8345374153844142,0.32138464671570327,0.9888900077118304,0.9947995427841082,0.9940595719859913,2170,1201,0.22805874049663544,0.2551901340484619,0.8936816453933716,0.8857179880142212,-0.028456617146730423,0.5912241936635931,-0.002307692307692308,0.9341998550551663,0.9517324549437637,0.981578226320302,17.0,8.0,k562+IFNG_FMNL2,k562+IFNG,FMNL2,False,True,7
k562+IFNG_FOXN3,0.030359177,0.0067324373,4.509389,0.9886087,0.16219859,0.8539921587326095,0.1939516676825956,0.9909955928954216,0.998082339910282,0.9928996369022045,2084,1411,,,,,,,,,,,,,k562+IFNG_FOXN3,k562+IFNG,FOXN3,False,True,7
k562+IFNG_GUK1,0.03797117,0.018956954,2.0030205,0.9855057,0.16507983,0.8424231497476461,0.21687862545158795,0.9882438651747264,0.995551965767117,0.992659247489146,2006,1409,0.22820740938186646,0.2304968237876892,0.9900674819946289,0.6628918647766113,-0.2272139936685562,0.5830769230769232,-0.09769230769230769,0.917630579631234,0.972043040158113,0.9440225810186056,18.0,7.0,k562+IFNG_GUK1,k562+IFNG,GUK1,False,True,7
k562+IFNG_HLA-DQB1,0.031989057,0.011637826,2.748714,0.98759425,0.19468167,0.8448005558532675,0.2495158420435767,0.9900488805828098,0.9969632156220499,0.993064603657492,2089,1309,0.27042022347450256,0.2938481867313385,0.9202718734741211,0.7955914735794067,-0.06260105222463608,0.7999999999999999,-0.19999999999999998,0.9333826736341184,0.9133314185560918,1.0219539749434288,4.0,1.0,k562+IFNG_HLA-DQB1,k562+IFNG,HLA-DQB1,False,True,7
k562+IFNG_HLX,0.04664562,0.04702695,0.9918912,0.9815923,0.34671006,0.8090414076868757,0.39454699655271064,0.9846782929461063,0.9900085074520375,0.994615991210369,2263,1079,0.29831215739250183,0.4679250717163086,0.6375212073326111,0.8467167615890503,0.5086044669151306,0.630505878176039,0.37538461538461537,0.8926466488114412,0.935142518341412,0.9545567988873584,20.0,5.0,k562+IFNG_HLX,k562+IFNG,HLX,False,True,7
k562+IFNG_IFI16,0.09392909,0.113375485,0.828478,0.97336483,0.3853984,0.7915208084056072,0.35025304417826314,0.9765668976923506,0.9788365379865952,0.9976812877266381,2097,1190,0.7207738757133484,0.6790351271629333,1.0614677667617798,0.34200602769851685,-0.1625547707080841,0.29788109243982774,-0.15461538461538463,0.8408698079438324,0.8573150262628322,0.9808177649811096,17.0,8.0,k562+IFNG_IFI16,k562+IFNG,IFI16,False,False,7
k562+IFNG_IFNGR1,0.027131427,0.016116947,1.6834098,0.98966783,0.4140426,0.8606434274383175,0.2551339511548125,0.9916414839894035,0.9956789706509457,0.995944991527839,2044,1372,0.1548997163772583,0.7054866552352905,0.21956434845924377,0.8709505200386047,0.8211157917976379,0.793076923076923,0.7707692307692308,0.9221230680612224,0.9556159006474015,0.9649515746195844,24.0,1.0,k562+IFNG_IFNGR1,k562+IFNG,IFNGR1,False,True,7
k562+IFNG_IFNGR2,0.024372317,0.009196804,2.6500854,0.9907338,0.42778555,0.8685157880586379,0.2743451259253981,0.9926792548131708,0.9973740991371776,0.995292795022381,2138,1335,0.20272323489189148,0.5995736122131348,0.33811232447624207,0.5178399682044983,0.865325927734375,0.5912087912087912,0.8373626373626375,0.8179789213535873,0.9738189575287681,0.8399702172869468,12.0,2.0,k562+IFNG_IFNGR2,k562+IFNG,IFNGR2,False,True,7
k562+IFNG_IRF1,0.03118743,0.0044811484,6.959696,0.9887507,0.07823868,0.8611479962239442,0.1452998329510687,0.9911765738348038,0.998697562568073,0.9924692028746626,2023,1538,,,,,,,,,,,,,k562+IFNG_IRF1,k562+IFNG,IRF1,False,True,7
k562+IFNG_IRF2,0.037256755,0.03198603,1.164782,0.9858032,0.35885602,0.8349515215078744,0.35166203705432814,0.9882596856029965,0.9929830594053891,0.9952432483538832,2152,1187,0.1679154336452484,0.30713602900505066,0.5467135906219482,0.8113961219787598,0.1373947113752365,0.5615384615384615,0.15153846153846154,0.884045802048239,0.9008389050472296,0.9813583728401359,23.0,2.0,k562+IFNG_IRF2,k562+IFNG,IRF2,False,True,7
k562+IFNG_IRF5,0.031217378,0.0070661698,4.4178643,0.98834014,0.15527259,0.8464163449400449,0.22188406303675445,0.9907673702713858,0.9980350296815712,0.9927180317383207,2079,1392,0.11641782522201538,0.16461944580078125,0.7071936130523682,,,,,,,,1.0,0.0,k562+IFNG_IRF5,k562+IFNG,IRF5,False,True,7
k562+IFNG_IRF7,0.029193267,0.0075482773,3.8675404,0.988894,0.2055677,0.8574241628922357,0.20956707453432205,0.9911794397073976,0.9979010869536723,0.9932642149265575,2017,1412,,,,,,,,,,,,,k562+IFNG_IRF7,k562+IFNG,IRF7,False,True,7
k562+IFNG_IRF9,0.05179901,0.053231493,0.9730896,0.981875,0.34516641,0.8224686171580892,0.3604837851999486,0.9846422770388211,0.9891407203151905,0.9954521705719122,2161,1175,0.39753738045692444,0.6369394659996033,0.6241368055343628,0.8637791275978088,0.2820341885089874,0.7076923076923076,0.2569230769230769,0.9319317145859182,0.9521121083776664,0.9788046033506136,22.0,3.0,k562+IFNG_IRF9,k562+IFNG,IRF9,False,True,7
k562+IFNG_JAK1,0.02709152,0.008145434,3.3259764,0.9897367,0.3140512,0.8613530161637666,0.2114071290463196,0.9918992591302027,0.9976684301703819,0.9942173462989162,2079,1424,0.27524933218955994,0.4923899471759796,0.5590068101882935,0.04103650525212288,0.8772317171096802,0.03571428571428572,0.642857142857143,0.77003237079809,0.9849236713019156,0.7818193360915239,6.0,1.0,k562+IFNG_JAK1,k562+IFNG,JAK1,False,True,7
k562+IFNG_JAK2,0.026927996,0.010624135,2.534606,0.9897405,0.34448493,0.8610824515840396,0.21736448205303718,0.9918494750563501,0.9970117140567816,0.9948222885171263,2028,1432,0.20967386662960052,0.5051947832107544,0.4150356948375702,0.8212717175483704,0.7554771304130554,0.6210526315789473,0.44912280701754387,0.911928566242393,0.97687057241561,0.9335203577556563,17.0,2.0,k562+IFNG_JAK2,k562+IFNG,JAK2,False,True,7
k562+IFNG_JUN,0.036818687,0.012465339,2.953685,0.98587495,0.06293594,0.8500286663428116,0.14498451926051112,0.9886486876947571,0.9966676417364227,0.9919542345854685,1945,1468,0.2895466685295105,0.29071199893951416,0.9959914684295654,0.8915282487869263,-0.04730121046304703,0.7294117647058823,-0.07058823529411765,0.941792919082458,0.9568796638205708,0.9842333939067371,11.0,5.0,k562+IFNG_JUN,k562+IFNG,JUN,False,True,7
k562+IFNG_KIN,0.079481244,0.13391177,0.5935344,0.9692686,0.5555947,0.7682456130883626,0.5565464716585412,0.9735758625546214,0.9752807440512818,0.9982519069436576,2395,763,0.44539302587509155,0.8024668097496033,0.5550298690795898,0.3756127655506134,0.5017930269241333,0.3740501597547829,0.12846153846153846,0.8057902855885987,0.8574978809663728,0.9396994482137946,24.0,1.0,k562+IFNG_KIN,k562+IFNG,KIN,False,True,7
k562+IFNG_KLF4,0.039389875,0.020219505,1.9481127,0.98463756,0.15038405,0.8410720805064891,0.24011649936252702,0.9874895583106732,0.9949608605565651,0.992490858141181,2081,1302,0.24672996997833252,0.28652775287628174,0.8611032366752625,0.8191574811935425,0.22823981940746307,0.8484615384615384,0.3392307692307693,0.9396854046984918,0.9636354890728133,0.9751461163002977,18.0,7.0,k562+IFNG_KLF4,k562+IFNG,KLF4,False,True,7
k562+IFNG_MAFB,0.031921413,0.007931303,4.0247374,0.98792124,0.12374629,0.8526057397019129,0.18780333820898168,0.9904022445864749,0.997771276592875,0.9926145077742031,2018,1439,0.18168874084949493,0.19877904653549194,0.9140235781669617,,,,,,,,1.0,0.0,k562+IFNG_MAFB,k562+IFNG,MAFB,False,True,7
k562+IFNG_MAFF,0.030534133,0.009320925,3.2758694,0.988288,0.21228456,0.846008346415958,0.2707240836375171,0.9906846419517553,0.9975073000658935,0.9931602925475458,2147,1290,0.26306653022766113,0.35362666845321655,0.7439103126525879,,,,,,,,1.0,0.0,k562+IFNG_MAFF,k562+IFNG,MAFF,False,True,7
k562+IFNG_MCRS1,0.09699938,0.18028788,0.53802496,0.9630445,0.6089791,0.7536730934120303,0.5975344683536183,0.9681312630127707,0.9689398574494782,0.9991654854215246,2532,728,0.49956485629081726,0.9826363921165466,0.5083923935890198,0.11295776814222336,0.5644516944885254,0.18668153095515366,0.32692307692307687,0.7473254917942459,0.8813958118006513,0.847888635036164,21.0,4.0,k562+IFNG_MCRS1,k562+IFNG,MCRS1,False,True,7
k562+IFNG_MYC,0.034310084,0.0067002885,5.1206875,0.98835945,0.17137569,0.8372743675037111,0.2412578695102371,0.9907871866254544,0.9981066823997784,0.9926666198078892,2156,1298,,,,,,,,,,,,,k562+IFNG_MYC,k562+IFNG,MYC,False,False,7
k562+IFNG_NFKB1,0.031369023,0.02135927,1.4686373,0.98740005,0.38580078,0.8223816608621511,0.40131324411093916,0.9897705223822227,0.9949754476894727,0.9947687902054902,2273,1087,0.1559687852859497,0.27814534306526184,0.5607456564903259,0.8660277128219604,0.13390526175498962,0.7984615384615384,0.1576923076923077,0.9544583966559472,0.9627347438519899,0.9914032943664958,22.0,3.0,k562+IFNG_NFKB1,k562+IFNG,NFKB1,False,True,7
k562+IFNG_PARP12,0.03529693,0.005953952,5.928319,0.9872967,-0.010238707,0.8539861816346297,0.10445820323168833,0.9900167289639124,0.9982666866836987,0.9917357176896354,2007,1571,0.3777656853199005,0.843485951423645,0.447862446308136,0.9519100785255432,0.9059661626815796,1.0,0.39999999999999997,0.8993295300871725,0.8195531203789834,1.0973413531404754,3.0,1.0,k562+IFNG_PARP12,k562+IFNG,PARP12,False,True,7
k562+IFNG_PIK3CA,0.034007758,0.0108627835,3.130667,0.98694813,0.12642007,0.8389482611515636,0.19971254715962183,0.9895776006533342,0.9970230830221054,0.9925322868692238,2022,1407,,,,,,,,,,,,,k562+IFNG_PIK3CA,k562+IFNG,PIK3CA,False,True,7
k562+IFNG_PLEK,0.030830426,0.012532371,2.4600632,0.9881957,0.24172239,0.851087078947287,0.25548633539176047,0.9904834574857371,0.9968297557954467,0.9936335183888592,2070,1326,0.14461040496826172,0.2766323983669281,0.5227529406547546,0.5199862122535706,0.5454705953598022,0.42857142857142866,0.3571428571428572,0.9492296336743851,0.9655072841738788,0.9831408309742361,7.0,0.0,k562+IFNG_PLEK,k562+IFNG,PLEK,False,True,7
k562+IFNG_PPARG,0.093813,0.095180966,0.9856278,0.9758622,0.27900425,0.8131076229954859,0.239471902875697,0.9788364453476561,0.9824149843475488,0.9963574059263058,1924,1359,0.5065145492553711,0.6493979096412659,0.7799756526947021,0.8037375807762146,0.22557684779167175,0.7652086428247534,0.09999999999999999,0.8759736883412778,0.8944674209095371,0.9793243083694942,17.0,8.0,k562+IFNG_PPARG,k562+IFNG,PPARG,False,False,7
k562+IFNG_PRDM1,0.030201528,0.005017401,6.0193567,0.9886267,0.10697296,0.8650106923812211,0.15422264630267785,0.9910325499367415,0.99856285551947,0.9924588567048079,2006,1499,,,,,,,,,,,,,k562+IFNG_PRDM1,k562+IFNG,PRDM1,False,True,7
k562+IFNG_PTGES3,0.03833892,0.01725506,2.2218943,0.9857224,0.13000971,0.84044174005404,0.1632944968211889,0.9883699664067459,0.9956443054238395,0.9926938375708412,1905,1464,0.19451114535331726,0.2735441327095032,0.7110777497291565,0.6752332448959351,0.3082139790058136,0.7853846153846153,0.16923076923076924,0.8824836889994565,0.9551704271490586,0.9239018126152067,17.0,8.0,k562+IFNG_PTGES3,k562+IFNG,PTGES3,False,False,7
k562+IFNG_PTPN11,0.028447885,0.0057889465,4.914173,0.98936653,0.20602378,0.8541466625492166,0.22267160760202162,0.9916238258462332,0.9983267389925151,0.9932858523322271,2068,1438,,,,,,,,,,,,,k562+IFNG_PTPN11,k562+IFNG,PTPN11,False,True,7
k562+IFNG_RARRES3,0.05002936,0.05856609,0.8542377,0.98251367,0.4167171,0.8187131860032323,0.38673806399170624,0.9851076028956453,0.9880228149671535,0.9970494486287697,2198,1130,0.2707616686820984,0.5416459441184998,0.49988681077957153,0.9623525142669678,0.5837504267692566,0.6924408668193228,0.3376923076923077,0.937321636475292,0.9129858207861498,1.0266551956614038,23.0,2.0,k562+IFNG_RARRES3,k562+IFNG,RARRES3,False,True,7
k562+IFNG_RFX5,0.033375606,0.012722651,2.6233218,0.98691595,0.18308568,0.8390439911704641,0.2739147993772188,0.9895141885312888,0.9967757399304826,0.9927149597363794,2156,1262,0.11952785402536392,0.24902455508708954,0.47998419404029846,0.8066606521606445,0.2172583043575287,0.7692307692307694,0.20979020979020982,0.9151297704439968,0.9479076982305764,0.9654207600088438,12.0,0.0,k562+IFNG_RFX5,k562+IFNG,RFX5,False,True,7
k562+IFNG_RNF14,0.029606933,0.007943409,3.7272327,0.988749,0.21435396,0.8520658050590283,0.2392138012519431,0.9910683656969639,0.9978262056315317,0.9932274379080968,2077,1368,,,,,,,,,,,,,k562+IFNG_RNF14,k562+IFNG,RNF14,False,True,7
k562+IFNG_RUNX1,0.030545533,0.004110067,7.4318814,0.98859656,0.077750355,0.8681712373457966,0.14087665657537127,0.991053758680661,0.9988029209863086,0.9922415502169383,1994,1517,,,,,,,,,,,,,k562+IFNG_RUNX1,k562+IFNG,RUNX1,False,True,7
k562+IFNG_SOX2,0.15075633,0.24632378,0.6120251,0.9434646,0.57432294,0.7147502365835103,0.564288416292257,0.950327609187036,0.9472834797287163,1.0032135358881076,2356,713,1.157267451286316,2.1168735027313232,0.546687126159668,0.7411534190177917,0.34921252727508545,0.5646646383882684,0.28769230769230764,0.5961268948898558,0.5056503714347154,1.178930993758445,22.0,3.0,k562+IFNG_SOX2,k562+IFNG,SOX2,False,True,7
k562+IFNG_SP100,0.029494012,0.008154491,3.616904,0.98883104,0.21505111,0.8510321760195413,0.2327360684216508,0.9911351058604779,0.9977108459819123,0.9934091724592181,2125,1344,1.1989442110061646,1.4874160289764404,0.806058406829834,1.0,1.0,0.9999999999999999,0.9999999999999999,0.9999130511262732,0.9987780305907871,1.001136409192756,2.0,0.0,k562+IFNG_SP100,k562+IFNG,SP100,False,True,7
k562+IFNG_SP110,0.04122893,0.03570418,1.1547368,0.98453856,0.32361838,0.8289694923687619,0.32870038736988527,0.9871404900833713,0.9923657400112097,0.9947345522752737,2142,1210,0.30476951599121094,0.49324318766593933,0.6178889274597168,0.8696288466453552,0.4633927345275879,0.8186189803286217,0.3823076923076923,0.8691715446475323,0.9142466212710131,0.9506970268472898,21.0,4.0,k562+IFNG_SP110,k562+IFNG,SP110,False,False,7
k562+IFNG_SRC,0.03463885,0.017480211,1.9816035,0.9867389,0.2199373,0.845342599249799,0.2541336855003241,0.9892329345221236,0.9958233237430263,0.9933819694078552,2067,1317,0.16225484013557434,0.3329390287399292,0.4873410165309906,0.9227842688560486,0.37486618757247925,0.39999999999999997,0.6000000000000001,0.9780831869235619,0.9777376306141441,1.0003534243733676,4.0,0.0,k562+IFNG_SRC,k562+IFNG,SRC,False,True,7
k562+IFNG_STAT1,0.02946736,0.00892338,3.3022645,0.9892763,0.2791272,0.8543851083146137,0.16508162177395005,0.9915385111538404,0.997424844096287,0.9940984696969526,2037,1476,0.15956717729568481,0.7375702857971191,0.21634165942668915,0.9302889704704285,0.9009337425231934,0.8166666666666667,0.9500000000000001,0.9674082911368601,0.9859714546079954,0.9811727171366075,9.0,0.0,k562+IFNG_STAT1,k562+IFNG,STAT1,False,True,7
k562+IFNG_STAT2,0.035511054,0.018467652,1.9228787,0.9859771,0.25323072,0.8325218472015773,0.3125056312763752,0.9886944613700537,0.9953029831227611,0.9933602914240514,2176,1218,0.31663188338279724,0.43148910999298096,0.7338119745254517,0.8645284175872803,0.2789769470691681,0.9215384615384615,0.16384615384615386,0.9345542572648174,0.9710836825333825,0.9623828245437444,20.0,5.0,k562+IFNG_STAT2,k562+IFNG,STAT2,False,True,7
k562+IFNG_STAT3,0.03504398,0.009393782,3.7305508,0.9868938,0.060743056,0.8599577762077013,0.17177090904682724,0.9896292088520219,0.9972725057554178,0.9923357990325761,2002,1464,0.3692382574081421,0.3504643142223358,1.053568720817566,-0.21739208698272705,-0.061885807663202286,0.261904761904762,0.09523809523809526,0.5743624088805719,0.6154156324322763,0.9332918739983062,5.0,3.0,k562+IFNG_STAT3,k562+IFNG,STAT3,False,True,7
k562+IFNG_TAPBPL,0.047635674,0.05716011,0.8333727,0.98010486,0.42407027,0.8002506243304016,0.47739616235771154,0.9833962544620395,0.9884599207660429,0.994877216366973,2402,917,0.39012593030929565,0.600471019744873,0.649699866771698,0.37784531712532043,-0.16403695940971375,0.24615384615384614,-0.24461538461538462,0.8947416502496921,0.9506068789891957,0.9412320382123612,21.0,4.0,k562+IFNG_TAPBPL,k562+IFNG,TAPBPL,False,True,7
k562+IFNG_TBX21,0.032086253,0.0060214736,5.328638,0.98804665,0.066591375,0.8581105208311525,0.1363829323536818,0.9906058038958773,0.9982447189030201,0.9923476529727727,2042,1496,0.2519424557685852,0.33639800548553467,0.7489416003227234,0.6607070565223694,0.769063413143158,0.7999999999999999,0.7999999999999999,0.8586750774017052,0.8181717691430566,1.0495046514512123,3.0,1.0,k562+IFNG_TBX21,k562+IFNG,TBX21,False,True,7
k562+IFNG_TRAFD1,0.029938415,0.0060587586,4.9413447,0.98873687,0.1519022,0.8592029187792438,0.2025459502980171,0.9910997893423619,0.9982845734061595,0.9928028697876368,2087,1396,,,,,,,,,,,,,k562+IFNG_TRAFD1,k562+IFNG,TRAFD1,False,True,7
k562+IFNG_TSC22D1,0.03078094,0.009161916,3.359662,0.98821414,0.1852817,0.8443703314475282,0.21629176960343585,0.9905832502027948,0.997520527019033,0.9930454796384297,2047,1362,,,,,,,,,,,,,k562+IFNG_TSC22D1,k562+IFNG,TSC22D1,False,True,7
k562+IFNG_ZC3H3,0.03683373,0.03448216,1.0681968,0.9866022,0.39671087,0.8290160919047691,0.3491271393960684,0.9889123537044655,0.9922488394062887,0.9966374506380682,2134,1217,0.3001590967178345,0.3591894805431366,0.8356567025184631,0.5369463562965393,-0.1266382485628128,0.546923076923077,-0.12384615384615384,0.9185370858807629,0.9635977526560653,0.9532370570073488,18.0,7.0,k562+IFNG_ZC3H3,k562+IFNG,ZC3H3,False,True,7
k562+IFNG_ZFP36,0.035152186,0.015403745,2.2820544,0.986223,0.19104818,0.839255529605147,0.27691112378296756,0.988885898395861,0.996075459838098,0.9927821116651087,2156,1233,0.2075507491827011,0.2528170943260193,0.8209521770477295,0.8427538275718689,0.03904988616704941,0.8599661208356861,-0.11236589497459064,0.9449354135370497,0.9590084465274129,0.9853254337421928,15.0,7.0,k562+IFNG_ZFP36,k562+IFNG,ZFP36,False,True,7
k562+IFNG_ZNF267,0.04895699,0.05704184,0.85826457,0.98254573,0.41010097,0.8185070660599655,0.40817969850687674,0.9853343518435573,0.989454409473595,0.9958360308564095,2256,1080,0.21744637191295624,0.37856021523475647,0.5744036436080933,0.49767547845840454,0.30539175868034363,0.5261538461538462,-0.006153846153846154,0.8818363800256035,0.9347010077805102,0.9434422052454654,24.0,1.0,k562+IFNG_ZNF267,k562+IFNG,ZNF267,False,True,7
k562+IFNG_ZNFX1,0.03227076,0.012064014,2.6749604,0.98752356,0.21930401,0.8384222368620728,0.28283062047301616,0.9900315529726855,0.9968392466952597,0.993170720610025,2144,1264,0.34428152441978455,0.49504104256629944,0.6954605579376221,0.9311619997024536,0.515942394733429,0.7619047619047621,0.2380952380952381,0.9541506367654472,0.9840581377235889,0.9696079938657625,7.0,1.0,k562+IFNG_ZNFX1,k562+IFNG,ZNFX1,False,True,7
k562+INS_MAPK1,0.016569808,0.011989249,1.3820555,0.9937407,0.16437072,0.8964106522864856,0.19041709607742419,0.9951334759882571,0.996483909846161,0.9986448011407305,2328,1711,0.42296236753463745,0.43873515725135803,0.9640493988990784,0.797782838344574,0.24138380587100983,0.6038461538461538,0.3423076923076923,0.8586638875998792,0.8579091796331972,1.0008797061327688,14.0,11.0,k562+INS_MAPK1,k562+INS,MAPK1,True,False,7
k562+TGFB_MAPK1,0.024901086,0.048815437,0.5101068,0.99049485,0.65748954,0.8336027930481043,0.5481777948959928,0.9919304294589641,0.9883689542264377,1.0036033863845044,2309,795,0.5768291354179382,1.1767840385437012,0.49017417430877686,0.9707549214363098,0.22630152106285095,0.9223076923076923,0.30846153846153845,0.9765264849954315,0.9503769793873339,1.0275148769122702,25.0,0.0,k562+TGFB_MAPK1,k562+TGFB,MAPK1,True,False,7
k562+TGFB_MYC,0.0200108,0.008018281,2.495647,0.9956244,0.35108274,0.8394517177037012,0.34009106694622937,0.9964566527583998,0.9976305490630233,0.9988233155994211,2163,1078,,,,,,,,,,,,,k562+TGFB_MYC,k562+TGFB,MYC,True,False,7
k562+TGFB_SMAD6,0.009563399,0.011615865,0.8233049,0.996478,0.56204236,0.8554378810080615,0.47350652653090963,0.9971971185367563,0.9967503791616606,1.0004481958416422,2275,898,,,,,,,,,,,,,k562+TGFB_SMAD6,k562+TGFB,SMAD6,True,False,7
k562+TNFA_CASP3,0.008247112,0.006487861,1.2711605,0.9970952,0.38417983,0.8689929938085309,0.34889677432781585,0.9977187502050768,0.998258218290572,0.9994595906393648,2503,1367,0.020306382328271866,0.04854019731283188,0.41834157705307007,0.8158035278320312,0.43486788868904114,0.7742063258642051,0.4130769230769231,0.9420963017653177,0.9645545730199245,0.9767164327630605,22.0,3.0,k562+TNFA_CASP3,k562+TNFA,CASP3,True,False,7
k562+TNFA_CASP8,0.011699191,0.018677277,0.62638634,0.99549466,0.5191591,0.8618629983385643,0.4993557801680648,0.9962785727690877,0.9954261552694208,1.000856334239516,2724,1117,0.05950825288891792,0.11574261635541916,0.5141429901123047,0.4719575047492981,0.3428627550601959,0.44726726109185877,0.40461538461538454,0.8885505621671814,0.903935692454667,0.9829798398095038,24.0,1.0,k562+TNFA_CASP8,k562+TNFA,CASP8,True,False,7
k562+TNFA_CHUK,0.006352335,0.009732083,0.652721,0.99761486,0.5852275,0.883365933380345,0.38072190859439115,0.9981085095511336,0.9973712635896466,1.0007391890947746,2474,1393,0.06927495449781418,0.2299797087907791,0.301222026348114,0.9885829091072083,0.8992419838905334,0.9199999999999999,0.7184615384615384,0.9793175004035422,0.983434940827986,0.9958132050697962,22.0,3.0,k562+TNFA_CHUK,k562+TNFA,CHUK,True,False,7
mcf7+IFNB_CEBPG,0.004524731,0.0052578365,0.860569,0.99846303,0.44366586,0.8779240638539124,0.3933017068802058,0.9987890514385614,0.9986561279497863,1.0001331023613182,2567,1400,0.013269573450088501,0.037982963025569916,0.34935593605041504,0.8994681239128113,0.7149466276168823,0.7097684923771881,0.37323546019198195,0.9490229586743217,0.9768560179717789,0.9715075110503529,20.0,2.0,mcf7+IFNB_CEBPG,mcf7+IFNB,CEBPG,True,False,7
mcf7+IFNB_IFI16,0.028042853,0.038555827,0.7273311,0.99291325,0.5244268,0.8431185170677576,0.4413681530728212,0.9938422859334689,0.9920018552620937,1.0018552693844398,2562,1298,0.13378605246543884,0.20355525612831116,0.6572468280792236,0.7409552931785583,0.222062885761261,0.7348969470832927,0.20461538461538462,0.9042346058560281,0.8722465932338932,1.0366731299041685,22.0,3.0,mcf7+IFNB_IFI16,mcf7+IFNB,IFI16,True,False,7
mcf7+IFNB_SP110,0.0040520844,0.004568677,0.8869273,0.9986252,0.44873884,0.8767571058263924,0.39224076506125277,0.9989154606608616,0.998833905721886,1.0000816501507492,2580,1376,0.009354458190500736,0.0280161015689373,0.3338957726955414,0.8036821484565735,0.6784288883209229,0.7730769230769231,0.6292307692307691,0.9538032641494063,0.9699621423088244,0.9833407125344555,24.0,1.0,mcf7+IFNB_SP110,mcf7+IFNB,SP110,True,False,7
mcf7+IFNG_MYC,0.0052446527,0.0043836106,1.196423,0.99869514,0.46065226,0.8631911299327738,0.3741371092196455,0.9989656607540492,0.9988878898510198,1.0000778574891331,2335,1218,,,,,,,,,,,,,mcf7+IFNG_MYC,mcf7+IFNG,MYC,True,False,7
mcf7+IFNG_PPARG,0.0128988065,0.017559292,0.7345858,0.9961136,0.44826543,0.8563310552250066,0.40820195498572737,0.9967297260354882,0.9961614057981427,1.00057051019447,2279,1162,0.11338911950588226,0.20510080456733704,0.5528457760810852,0.8972002267837524,0.8557505011558533,0.7966916862126764,0.6230769230769231,0.9456727253595195,0.9586769244979578,0.9864352642625164,21.0,4.0,mcf7+IFNG_PPARG,mcf7+IFNG,PPARG,True,False,7
mcf7+INS_CHUK,0.009383539,0.009292554,1.0097911,0.9968523,0.39003646,0.8313944830392666,0.2920360912835028,0.997499175052856,0.9975692862101894,0.9999297180072577,2346,1496,0.11888980120420456,0.274613618850708,0.43293482065200806,0.6648182272911072,0.5736141204833984,0.8261538461538462,0.6138461538461538,0.8224889828337428,0.8312100524095286,0.9895079835109009,20.0,5.0,mcf7+INS_CHUK,mcf7+INS,CHUK,True,False,7
mcf7+TGFB_AKT1,0.037934788,0.0051850462,7.3161907,0.9871905,0.27600655,0.800987077394783,0.24424214407809977,0.9898762542051139,0.9985893898572723,0.9912745561482446,2019,1269,,,,,,,,,,,,,mcf7+TGFB_AKT1,mcf7+TGFB,AKT1,False,True,7
mcf7+TGFB_ATF2,0.04632139,0.013185707,3.513,0.98316836,0.17881426,0.7789204070041168,0.19962767863855307,0.9864174161492015,0.9966897363417497,0.9896935627828859,1825,1188,1.0406838655471802,0.5524833798408508,1.8836473226547241,1.0,-1.0,0.9999999999999999,-0.9999999999999999,0.9980525088308164,0.9794343478553683,1.0190090954194282,1.0,1.0,mcf7+TGFB_ATF2,mcf7+TGFB,ATF2,False,True,7
mcf7+TGFB_CHUK,0.060344163,0.044101868,1.3682904,0.97773945,0.27000782,0.7717027992989154,0.25222344228709037,0.981641786247142,0.9918383806514808,0.989719500068508,1834,1129,0.6418464183807373,0.8619049787521362,0.7446835041046143,0.948808491230011,0.2848984897136688,0.8276923076923076,0.2692307692307692,0.9677387599843376,0.959934560277846,1.0081299288820613,18.0,7.0,mcf7+TGFB_CHUK,mcf7+TGFB,CHUK,False,False,7
mcf7+TGFB_CREBBP,0.038167145,0.006616119,5.7688117,0.9873364,0.32297403,0.7977874015396829,0.2554196796716864,0.9899478247484147,0.9981755502102575,0.9917572360291637,1946,1212,,,,,,,,,,,,,mcf7+TGFB_CREBBP,mcf7+TGFB,CREBBP,False,True,7
mcf7+TGFB_CUL1,0.05498472,0.010665103,5.1555734,0.9830424,0.23173915,0.7403777226864398,0.2416287652448338,0.9863841466406832,0.9972103533118015,0.9891435075506749,1912,1181,0.5363429188728333,0.8982142806053162,0.5971213579177856,0.5704902410507202,-0.9908008575439453,0.5,-1.0,0.9131802551740106,0.9871696613748425,0.925048946401183,2.0,1.0,mcf7+TGFB_CUL1,mcf7+TGFB,CUL1,False,True,7
mcf7+TGFB_EP300,0.04868021,0.03474926,1.4008992,0.9811383,0.36218238,0.7783468479392082,0.2714969252169872,0.9845072187898328,0.9923833380023094,0.9920634306211434,1885,1068,0.42562010884284973,0.6860092282295227,0.6204291582107544,0.7626197934150696,0.44881367683410645,0.6176923076923077,0.5938461538461539,0.916954425792255,0.9575957255768422,0.9575590213081773,20.0,5.0,mcf7+TGFB_EP300,mcf7+TGFB,EP300,False,True,7
mcf7+TGFB_FOS,0.04086892,0.00927025,4.4086103,0.98515195,0.22739236,0.7993122723847044,0.24018073884647997,0.98808518231536,0.9976985171252849,0.990364489227042,1861,1184,,,,,,,,,,,,,mcf7+TGFB_FOS,mcf7+TGFB,FOS,False,False,7
mcf7+TGFB_FOXP2,0.05589015,0.026088983,2.1422894,0.9790863,0.14918122,0.7847400847460552,0.21593526817834913,0.9829811028580175,0.9946076653731992,0.9883104032675848,1804,1145,0.9877757430076599,0.41101592779159546,2.403254270553589,-1.0,1.0,-0.9999999999999999,0.9999999999999999,0.8935418157182022,0.990776061216528,0.9018605219640285,1.0,1.0,mcf7+TGFB_FOXP2,mcf7+TGFB,FOXP2,False,True,7
mcf7+TGFB_HDAC4,0.09476408,0.08669995,1.093012,0.968457,0.24334583,0.773480725925393,0.2666111416905489,0.9734526681959627,0.9850209028466165,0.9882558485640023,1811,1024,0.7903798818588257,0.9949539303779602,0.7943884134292603,0.7275299429893494,0.11857923120260239,0.5461538461538461,0.20076923076923076,0.8975981626273221,0.915624234044109,0.9803128065569324,19.0,6.0,mcf7+TGFB_HDAC4,mcf7+TGFB,HDAC4,False,True,7
mcf7+TGFB_HDAC5,0.037979692,0.0053714155,7.0707045,0.9874271,0.3234225,0.7849920023021945,0.2532436478905336,0.9900201420450254,0.998520728203183,0.9914868205355594,1954,1241,0.054076630622148514,0.5524735450744629,0.09788094460964203,,,,,,,,1.0,0.0,mcf7+TGFB_HDAC5,mcf7+TGFB,HDAC5,False,True,7
mcf7+TGFB_HRAS,0.03668948,0.0053494545,6.858546,0.9883584,0.3993352,0.7941634992750025,0.2961894296142559,0.9907758413360731,0.9985394091617862,0.9922250761918049,2019,1245,,,,,,,,,,,,,mcf7+TGFB_HRAS,mcf7+TGFB,HRAS,False,True,7
mcf7+TGFB_IKBKB,0.08492555,0.10447431,0.81288445,0.969324,0.42888814,0.7572003854196595,0.3376222869926218,0.9737789553250055,0.9802685689713119,0.9933797595355764,1910,942,0.6784848570823669,1.2097983360290527,0.5608247518539429,0.7660755515098572,0.3025822043418884,0.7323957988302812,0.24846153846153846,0.8348674884452919,0.8618120450935558,0.9687349964511822,22.0,3.0,mcf7+TGFB_IKBKB,mcf7+TGFB,IKBKB,False,True,7
mcf7+TGFB_IRF7,0.04018745,0.008788495,4.572734,0.98628783,0.28946447,0.7843445931772781,0.20857392022670634,0.9890528884351548,0.997598751198946,0.991433567099477,1860,1258,0.4784999489784241,0.7395650744438171,0.6470018029212952,1.0,-1.0,0.9999999999999999,-0.9999999999999999,0.9897529548671937,0.9958325939562176,0.9938949185576756,1.0,1.0,mcf7+TGFB_IRF7,mcf7+TGFB,IRF7,False,True,7
mcf7+TGFB_JUN,0.036041588,0.006992911,5.154018,0.987589,0.35427752,0.7988782656888912,0.259746622039823,0.9901446169393097,0.998073298403174,0.9920560128433958,1947,1230,,,,,,,,,,,,,mcf7+TGFB_JUN,mcf7+TGFB,JUN,False,True,7
mcf7+TGFB_KRAS,0.03912427,0.004952499,7.8999043,0.9877004,0.32362247,0.7871955330839759,0.2645967738281695,0.9902525212998455,0.9986612020017837,0.9915800466814139,2000,1287,,,,,,,,,,,,,mcf7+TGFB_KRAS,mcf7+TGFB,KRAS,False,True,7
mcf7+TGFB_MAP3K7,0.043745387,0.008851665,4.942052,0.98434883,0.13588753,0.8120692611516,0.18396207747222812,0.987444800173516,0.9976690585392692,0.9897518538053861,1853,1208,,,,,,,,,,,,,mcf7+TGFB_MAP3K7,mcf7+TGFB,MAP3K7,False,True,7
mcf7+TGFB_MAPK1,0.041358203,0.016212331,2.5510337,0.9848517,0.31168208,0.7938898883094034,0.21265924503397737,0.9877175510962037,0.9959687866603105,0.9917153673140954,1845,1187,0.3254638910293579,0.6062630414962769,0.5368360877037048,0.7651978135108948,0.5738015174865723,0.532967032967033,0.5384615384615384,0.9284111542620411,0.9749259603626107,0.9522888834724752,10.0,3.0,mcf7+TGFB_MAPK1,mcf7+TGFB,MAPK1,False,False,7
mcf7+TGFB_MAPK3,0.043620262,0.009933642,4.3911653,0.98432034,0.1716317,0.7894782548245293,0.19233564324980676,0.9874122860456992,0.9974156173126717,0.9899707493111805,1812,1230,,,,,,,,,,,,,mcf7+TGFB_MAPK3,mcf7+TGFB,MAPK3,False,True,7
mcf7+TGFB_MAPK14,0.036358863,0.006508165,5.5866537,0.98742956,0.3373102,0.7960305262170183,0.28910939467814456,0.9900021737508615,0.9982130455333862,0.9917744294975255,1982,1155,,,,,,,,,,,,,mcf7+TGFB_MAPK14,mcf7+TGFB,MAPK14,False,True,7
mcf7+TGFB_MED15,0.050978724,0.019359356,2.6332862,0.98102343,0.18199953,0.7710390332168011,0.2120880602818447,0.9846387145401073,0.9952958567470157,0.9892924881233408,1829,1165,0.042662303894758224,0.25374603271484375,0.16812993586063385,1.0,-1.0,0.9999999999999999,-0.9999999999999999,0.9679650576547082,0.8916612231510759,1.0855749162602129,2.0,0.0,mcf7+TGFB_MED15,mcf7+TGFB,MED15,False,True,7
mcf7+TGFB_MYC,0.041802354,0.0048456565,8.626768,0.9873263,0.3064146,0.7796431235753769,0.24744947929229164,0.9899227649012776,0.9986707056984001,0.9912404151366343,1937,1281,,,,,,,,,,,,,mcf7+TGFB_MYC,mcf7+TGFB,MYC,False,False,7
mcf7+TGFB_NFKB1,0.05093421,0.00873243,5.832765,0.98245585,0.055084176,0.7704815048697627,0.17264050675453696,0.9859722795624077,0.9976817816210579,0.9882632896837864,1828,1249,0.7162346243858337,0.6583118438720703,1.0879868268966675,,,,,,,,0.0,1.0,mcf7+TGFB_NFKB1,mcf7+TGFB,NFKB1,False,True,7
mcf7+TGFB_NRAS,0.062594146,0.05622776,1.113225,0.9767895,0.3434469,0.7763966508566684,0.30027434680200077,0.9805531450473973,0.9892362941476838,0.9912223710839807,1905,979,0.42339709401130676,0.8682571649551392,0.4876402020454407,0.8877789974212646,0.30616042017936707,0.4476923076923077,0.30846153846153845,0.9373721391041193,0.9292552054855934,1.0087348809784544,22.0,3.0,mcf7+TGFB_NRAS,mcf7+TGFB,NRAS,False,True,7
mcf7+TGFB_PAK1,0.039055604,0.0052856877,7.388935,0.9865418,0.2265361,0.793774107276958,0.20725084546855632,0.9893228249272843,0.9985435480668178,0.9907658277324161,1908,1292,,,,,,,,,,,,,mcf7+TGFB_PAK1,mcf7+TGFB,PAK1,False,False,7
mcf7+TGFB_PIK3CA,0.041007366,0.009055788,4.5283046,0.98552203,0.26152226,0.786839892033566,0.2576160272864101,0.9884032123556071,0.9976267461818937,0.9907545243132396,1932,1135,,,,,,,,,,,,,mcf7+TGFB_PIK3CA,mcf7+TGFB,PIK3CA,False,True,7
mcf7+TGFB_PPP2CA,0.043034334,0.008945733,4.810599,0.9846685,0.19532856,0.7901754989357564,0.22064884096986886,0.987689368940178,0.9976947235694898,0.9899715269681739,1870,1185,,,,,,,,,,,,,mcf7+TGFB_PPP2CA,mcf7+TGFB,PPP2CA,False,True,7
mcf7+TGFB_PRKCA,0.03816739,0.0050308704,7.5866375,0.9869851,0.2809743,0.7920245817522118,0.2531994576058482,0.9896728425853886,0.9986128236305316,0.9910476003976786,1955,1225,,,,,,,,,,,,,mcf7+TGFB_PRKCA,mcf7+TGFB,PRKCA,False,True,7
mcf7+TGFB_RAF1,0.042719025,0.015395108,2.7748442,0.98438567,0.28479964,0.7854893840750709,0.22433361930504145,0.9873131040915208,0.996229812496497,0.9910495467078712,1850,1127,0.4024851322174072,0.4300311207771301,0.9359441995620728,0.22785133123397827,0.7728925347328186,0.8999999999999998,0.8999999999999998,0.7388987214374371,0.9558435760122498,0.7730330987002078,4.0,1.0,mcf7+TGFB_RAF1,mcf7+TGFB,RAF1,False,True,7
mcf7+TGFB_RBL1,0.051513415,0.019587459,2.629918,0.9808228,0.21209607,0.7740679184876463,0.25187165606024586,0.9844458002111225,0.9954245577175873,0.9889707789291053,1896,1082,,,,,,,,,,,,,mcf7+TGFB_RBL1,mcf7+TGFB,RBL1,False,True,7
mcf7+TGFB_RBX1,0.046366926,0.008583567,5.401825,0.98485786,0.23784181,0.7701106834813053,0.22111718552333598,0.9878876613034305,0.9977088583484977,0.99015624952822,1886,1183,,,,,,,,,,,,,mcf7+TGFB_RBX1,mcf7+TGFB,RBX1,False,True,7
mcf7+TGFB_RELA,0.04108163,0.007846214,5.235854,0.9852743,0.20286128,0.7878692445533106,0.19995569923776924,0.9882124062236882,0.9979554126642908,0.9902370323193186,1843,1225,0.026554929092526436,0.5779908895492554,0.04594350978732109,,,,,,,,1.0,0.0,mcf7+TGFB_RELA,mcf7+TGFB,RELA,False,True,7
mcf7+TGFB_RHOA,0.05330288,0.044089727,1.2089638,0.97843814,0.404257,0.7573435303880047,0.3760201842380638,0.9821913464065809,0.9909410927284519,0.9911702659360109,1990,895,0.30912116169929504,0.7941415905952454,0.3892519474029541,0.8464556336402893,0.5344133377075195,0.5953846153846154,0.6176923076923077,0.927022260299189,0.9371122834056526,0.9892328557792516,22.0,3.0,mcf7+TGFB_RHOA,mcf7+TGFB,RHOA,False,True,7
mcf7+TGFB_RPS6KB1,0.037301976,0.005798299,6.433262,0.9870898,0.30256402,0.7958009279682278,0.26424840114189346,0.9897362195407035,0.9984063220444801,0.9913160580894335,1952,1207,,,,,,,,,,,,,mcf7+TGFB_RPS6KB1,mcf7+TGFB,RPS6KB1,False,True,7
mcf7+TGFB_RUNX1,0.037071,0.0043996465,8.425904,0.9871532,0.27352643,0.8105297883878605,0.26848438207745634,0.9898534840943556,0.9988041041262713,0.991038663142313,2059,1266,,,,,,,,,,,,,mcf7+TGFB_RUNX1,mcf7+TGFB,RUNX1,False,True,7
mcf7+TGFB_RUNX2,0.041315753,0.01365184,3.026387,0.98563313,0.3399065,0.7848794563975007,0.2608727457981776,0.9883921538293471,0.9964722841418426,0.9918912643722408,1884,1120,,,,,,,,,,,,,mcf7+TGFB_RUNX2,mcf7+TGFB,RUNX2,False,False,7
mcf7+TGFB_RUNX3,0.03551516,0.0064420076,5.5130577,0.9878379,0.36951935,0.7966954862714691,0.25908684355028233,0.9903304511495548,0.9982253417763938,0.9920910737321198,1934,1221,0.007554158102720976,0.5394865870475769,0.014002494513988495,,,,,,,,1.0,0.0,mcf7+TGFB_RUNX3,mcf7+TGFB,RUNX3,False,True,7
mcf7+TGFB_SKP1,0.06401752,0.09503253,0.673638,0.972072,0.54510784,0.7320775419928789,0.46431771658884347,0.9769219830008216,0.9845610446770808,0.9922411497818657,2068,784,0.5500423312187195,1.1006015539169312,0.49976518750190735,0.7675750851631165,0.4948810338973999,0.7315384615384616,0.48615384615384616,0.860103843730743,0.9114780299671386,0.943636396547871,20.0,5.0,mcf7+TGFB_SKP1,mcf7+TGFB,SKP1,False,True,7
mcf7+TGFB_SMAD1,0.04594797,0.010781303,4.26182,0.98338807,0.12630087,0.7921457154665982,0.16263863624919586,0.9866182995105021,0.9972513387428735,0.9893376535891389,1785,1233,,,,,,,,,,,,,mcf7+TGFB_SMAD1,mcf7+TGFB,SMAD1,False,True,7
mcf7+TGFB_SMAD2,0.036322508,0.005573409,6.517108,0.98789847,0.35823998,0.7976334122262805,0.27794093065061826,0.9904191347607691,0.9984731804234394,0.9919336384586168,1964,1210,,,,,,,,,,,,,mcf7+TGFB_SMAD2,mcf7+TGFB,SMAD2,False,True,7
mcf7+TGFB_SMAD3,0.03537093,0.0045221034,7.8217874,0.9880379,0.3560635,0.8046411425891866,0.307023310143874,0.9905625102986164,0.9988062996299546,0.9917463582935026,2129,1253,,,,,,,,,,,,,mcf7+TGFB_SMAD3,mcf7+TGFB,SMAD3,False,True,7
mcf7+TGFB_SMAD4,0.04017743,0.02948165,1.3627945,0.9852253,0.43055278,0.7962991006363522,0.2701985624775664,0.9879962024777246,0.992493023651978,0.9954691659617849,1871,1115,0.4371379017829895,1.0516241788864136,0.41567882895469666,0.7383949160575867,0.7217804193496704,0.6038461538461538,0.7707692307692308,0.923963410682456,0.882434871296273,1.0470613081339122,21.0,4.0,mcf7+TGFB_SMAD4,mcf7+TGFB,SMAD4,False,True,7
mcf7+TGFB_SMAD5,0.061220642,0.0435031,1.4072709,0.9790778,0.25925028,0.7832291136534761,0.2166881907372434,0.982593039332708,0.992186041512065,0.9903314481579105,1794,1157,0.6143607497215271,0.8169490098953247,0.7520184516906738,0.7524026036262512,0.47156694531440735,0.7076923076923076,0.4792307692307692,0.9007216467842375,0.9695750252930637,0.9289860230382743,19.0,6.0,mcf7+TGFB_SMAD5,mcf7+TGFB,SMAD5,False,True,7
mcf7+TGFB_SMAD6,0.042629316,0.006382366,6.679234,0.98536927,0.18226409,0.7986478986645508,0.2164332796477803,0.9883635141971848,0.998255918193199,0.9900903126986524,1885,1215,,,,,,,,,,,,,mcf7+TGFB_SMAD6,mcf7+TGFB,SMAD6,False,False,7
mcf7+TGFB_SMAD7,0.043340307,0.012774031,3.3928452,0.9841162,0.21553862,0.7976722925186188,0.2250554055049717,0.9871728824093715,0.9969238584739298,0.9902189359982969,1854,1169,1.7249939441680908,1.1444534063339233,1.507264494895935,,,,,,,,0.0,1.0,mcf7+TGFB_SMAD7,mcf7+TGFB,SMAD7,False,True,7
mcf7+TGFB_SMAD9,0.06015944,0.03042243,1.9774699,0.9796377,0.18599832,0.7879757014526956,0.21351826645427469,0.9839079788773685,0.9916624875505048,0.9921802944343587,1896,1284,1.6793103218078613,1.6994843482971191,0.9881293177604675,-0.06578948348760605,0.2592024803161621,-0.02923076923076923,0.33307692307692305,0.6509631097536077,0.6424721640563688,1.0132160522622953,15.0,10.0,mcf7+TGFB_SMAD9,mcf7+TGFB,SMAD9,False,True,7
mcf7+TGFB_SMURF1,0.042217832,0.00488804,8.636966,0.9853858,0.093243085,0.8031547280580501,0.1951435769629967,0.9884737460580351,0.9986785635522312,0.9897816796448516,1996,1353,0.4987492561340332,1.1212396621704102,0.44481948018074036,,,,,,,,1.0,0.0,mcf7+TGFB_SMURF1,mcf7+TGFB,SMURF1,False,True,7
mcf7+TGFB_SMURF2,0.039540254,0.005518644,7.1648493,0.9860821,0.19392076,0.8067400174553208,0.21144825187395544,0.9889545722503501,0.9984817810150132,0.9904583048526152,1911,1255,,,,,,,,,,,,,mcf7+TGFB_SMURF2,mcf7+TGFB,SMURF2,False,True,7
mcf7+TGFB_SP1,0.04133843,0.010976355,3.7661345,0.98507106,0.24013321,0.789412329158352,0.20695836461706352,0.9879446164819785,0.9972186120604392,0.9907001378972472,1822,1192,,,,,,,,,,,,,mcf7+TGFB_SP1,mcf7+TGFB,SP1,False,True,7
mcf7+TGFB_TGFBR1,0.023568777,0.02017687,1.1681087,0.99200666,0.65387326,0.8025043001877536,0.37070480438089737,0.9935814675516199,0.9944271397154074,0.9991495886123648,1999,1072,0.21514853835105896,0.6812558174133301,0.3158116638660431,0.9146232604980469,0.857317328453064,0.8223076923076923,0.8446153846153847,0.9603359645582666,0.8979239697519589,1.0695069926951035,25.0,0.0,mcf7+TGFB_TGFBR1,mcf7+TGFB,TGFBR1,False,True,7
mcf7+TGFB_TGFBR2,0.024619639,0.014243214,1.728517,0.9915859,0.62619734,0.805815371373759,0.36830988280718974,0.9932917466994747,0.9960683807927349,0.997212406149214,2029,1097,0.054666731506586075,0.48141226172447205,0.1135549247264862,0.8433626890182495,0.9309138655662537,0.5333333333333333,0.9,0.9599362903068449,0.8067485385896537,1.1898828995525568,9.0,0.0,mcf7+TGFB_TGFBR2,mcf7+TGFB,TGFBR2,False,True,7
mcf7+TGFB_TGFBR3,0.04149436,0.014202324,2.9216597,0.9849576,0.28300178,0.7906284592741699,0.20105284309681357,0.9878194729537723,0.9963804375326141,0.9914079359084551,1786,1230,0.1409485638141632,0.4895833134651184,0.28789496421813965,-0.04542538523674011,0.8996485471725464,-0.39999999999999997,0.8999999999999998,0.8922361956852658,0.9879819548411369,0.9030895668825585,5.0,0.0,mcf7+TGFB_TGFBR3,mcf7+TGFB,TGFBR3,False,True,7
mcf7+TGFB_TGIF1,0.04128639,0.012497228,3.303644,0.98510885,0.2558985,0.8001836126111189,0.19575017871667996,0.9879704980717509,0.9967901086192197,0.9911519882960256,1823,1213,0.13742676377296448,0.8444137573242188,0.16274812817573547,1.0,1.0,0.9999999999999999,0.9999999999999999,0.997067557748285,0.998244071831811,0.9988214164083469,2.0,0.0,mcf7+TGFB_TGIF1,mcf7+TGFB,TGIF1,False,True,7
mcf7+TNFA_BIRC3,0.0034363007,0.006139624,0.5596924,0.9988923,0.65127766,0.8992306185858909,0.45554251079084296,0.9991307649524038,0.9984006567493486,1.0007312777672166,2628,1227,0.10932202637195587,0.3406084477901459,0.32096099853515625,0.901388943195343,0.32002297043800354,0.933076923076923,0.6023076923076923,0.9619490168489598,0.9724899915921584,0.9891608398705051,25.0,0.0,mcf7+TNFA_BIRC3,mcf7+TNFA,BIRC3,True,False,7
mcf7+TNFA_CASP3,0.01288548,0.011746705,1.0969442,0.9958824,0.31859916,0.8522714201520157,0.3753692445215055,0.9967535697121058,0.9971329929742957,0.999619485800928,2612,1181,0.11888660490512848,0.2264769971370697,0.5249390006065369,0.9453524947166443,0.761713981628418,0.8232352527740837,0.45461538461538464,0.969099581485275,0.962154754338757,1.0072179938987995,24.0,1.0,mcf7+TNFA_CASP3,mcf7+TNFA,CASP3,True,False,7
mcf7+TNFA_CASP8,0.009899707,0.014789386,0.6693792,0.99698186,0.5408554,0.8470664337636652,0.4996544567060088,0.9975938429213314,0.9964078371029143,1.001190281503471,2756,1041,0.09571065753698349,0.23504075407981873,0.40720877051353455,0.9092194437980652,0.5463792681694031,0.7682246727989932,0.5953846153846154,0.9360313517023114,0.946376658241926,0.9890685104609058,25.0,0.0,mcf7+TNFA_CASP8,mcf7+TNFA,CASP8,True,False,7
mcf7+TNFA_CHUK,0.008327379,0.013851206,0.6012024,0.9970595,0.5685641,0.8777161700117986,0.4818985867055714,0.9976596440118911,0.9965437312323652,1.0011197830507106,2650,1141,0.08296417444944382,0.18601937592029572,0.4459974765777588,0.9738648533821106,0.7303338646888733,0.8763223858968986,0.5715384615384614,0.9680283804695661,0.9606066373839415,1.0077261001504596,24.0,1.0,mcf7+TNFA_CHUK,mcf7+TNFA,CHUK,True,False,7
mcf7+TNFA_CSF2,0.0028657059,0.003127483,0.91629785,0.99921167,0.6447674,0.9067044256126006,0.4224062908952046,0.9993666994275701,0.999170223345173,1.0001966392490553,2609,1340,0.01040738821029663,0.17134493589401245,0.06073939800262451,0.8947588205337524,0.8952546119689941,0.9761904761904763,0.9523809523809524,0.9659093543514227,0.9849623863469411,0.9806560816335506,8.0,0.0,mcf7+TNFA_CSF2,mcf7+TNFA,CSF2,True,False,7
mcf7+TNFA_FOS,0.0039287657,0.0029305783,1.3406111,0.99864405,0.32640892,0.9024267582847163,0.3258793999945886,0.9989373834637911,0.9992426569922433,0.9996944950995476,2422,1450,0.022390300408005714,0.049071054905653,0.45628324151039124,0.9928748607635498,-0.6763178110122681,0.5,-0.5,0.9871269686871926,0.9997681484318668,0.9873558886982929,3.0,0.0,mcf7+TNFA_FOS,mcf7+TNFA,FOS,True,False,7
mcf7+TNFA_MYC,0.0035612273,0.0042111,0.8456763,0.9991507,0.6314573,0.8939707687042984,0.4146235386517024,0.9993234539144324,0.998899959160982,1.0004239611280055,2543,1346,0.011465422809123993,0.15679392218589783,0.07312415540218353,0.9479564428329468,0.9476981163024902,0.9456521739130436,0.9575098814229249,0.9764421436477588,0.9861352149086189,0.9901706468704109,23.0,0.0,mcf7+TNFA_MYC,mcf7+TNFA,MYC,True,False,7
a549+IFNB_ELK1,0.010526069,0.004457332,2.361518,0.9985217,0.4108318,0.9058288083991392,0.3678605767441987,0.9987873467342993,0.9990037213350891,0.9997834096148304,2352,1146,,,,,,,,,,,,,a549+IFNB_ELK1,a549+IFNB,ELK1,True,False,8
a549+IFNB_MAPK8,0.006170911,0.0075293444,0.81958145,0.99863064,0.58989394,0.9020856751204986,0.5259586353823922,0.9989397289186571,0.9984148523967696,1.0005257098495957,2535,880,,,,,,,,,,,,,a549+IFNB_MAPK8,a549+IFNB,MAPK8,True,False,8
a549+INS_HSF1,0.004252667,0.0029337609,1.4495616,0.9988649,0.44397244,0.9151338345878891,0.3992064655706937,0.9990990228218551,0.9993329962309828,0.9997658704255638,2411,1126,,,,,,,,,,,,,a549+INS_HSF1,a549+INS,HSF1,True,False,8
a549+TGFB_AKT1,0.1101141,0.002042514,53.91106,0.9672534,0.021647308,0.8175790511510196,0.0669911589037676,0.9747373804462367,0.9995311375868332,0.975194612545582,1971,1697,,,,,,,,,,,,,a549+TGFB_AKT1,a549+TGFB,AKT1,False,True,8
a549+TGFB_ATF2,0.11724895,0.0071075684,16.496353,0.96510905,0.06590442,0.8069515484430233,0.18033105397800397,0.9728545098768855,0.9984968729813211,0.9743190351434228,2116,1392,0.06462286412715912,0.18499958515167236,0.34931355714797974,-0.009821049869060516,0.7103157639503479,0.09999999999999999,0.09999999999999999,0.6714510621667313,0.9894040634958807,0.678641908740783,4.0,1.0,a549+TGFB_ATF2,a549+TGFB,ATF2,False,True,8
a549+TGFB_CHUK,0.11699741,0.0098116305,11.92436,0.9648186,0.09669711,0.7894402534573371,0.20805870500550855,0.9725181122997862,0.9979508192830776,0.9745150697891485,2175,1327,0.13823576271533966,0.1132090836763382,1.2210659980773926,0.6090222597122192,0.0810086652636528,0.7124447140829921,0.2884615384615385,0.8460028052433133,0.9709108927751384,0.8713495868041995,21.0,4.0,a549+TGFB_CHUK,a549+TGFB,CHUK,False,False,8
a549+TGFB_CREBBP,0.1150241,0.003800361,30.266624,0.96765804,0.1518214,0.797304540795626,0.12415153651150326,0.9748757744837299,0.9991349974289212,0.975719774597409,2021,1649,,,,,,,,,,,,,a549+TGFB_CREBBP,a549+TGFB,CREBBP,False,True,8
a549+TGFB_CUL1,0.12336389,0.04168423,2.959486,0.95759916,0.25497407,0.7656499241975675,0.3981045453057162,0.9663585042935694,0.9926887177932648,0.9734758610350411,2424,1026,0.28905051946640015,0.21449026465415955,1.3476160764694214,0.5797990560531616,-0.3173179030418396,0.6131948565055559,-0.20384615384615384,0.8407546875883745,0.9356501419203522,0.8985780581006358,18.0,7.0,a549+TGFB_CUL1,a549+TGFB,CUL1,False,True,8
a549+TGFB_EP300,0.11628113,0.019583946,5.937574,0.9626703,0.1864225,0.790724504162574,0.3157309769783283,0.9706949938978788,0.9964030929155294,0.9741990975334819,2317,1172,0.5841745138168335,0.23744899034500122,2.4602105617523193,0.6107302904129028,-0.10608922690153122,0.5715384615384614,0.07615384615384616,0.8111713564825904,0.9736644069472736,0.8331118511622017,17.0,8.0,a549+TGFB_EP300,a549+TGFB,EP300,False,True,8
a549+TGFB_FOS,0.11467852,0.0041634943,27.543816,0.9658936,-0.0024664812,0.8073929003522959,0.10620166994479965,0.9735637247031141,0.9990759906999538,0.9744641386297695,2034,1529,0.00019652936316560954,1.3537551164627075,0.00014517350064124912,,,,,,,,1.0,0.0,a549+TGFB_FOS,a549+TGFB,FOS,False,True,8
a549+TGFB_FOXP2,0.12020287,0.00593173,20.264387,0.9656342,0.10295388,0.7887308782550227,0.23414068621735248,0.9731866308231416,0.9987501757384059,0.9744044651643097,2190,1322,0.013487613759934902,0.0914907157421112,0.14742057025432587,,,,,,,,1.0,0.0,a549+TGFB_FOXP2,a549+TGFB,FOXP2,False,True,8
a549+TGFB_HDAC4,0.11700127,0.016508982,7.0871286,0.9624114,0.044435047,0.8027529091520571,0.16757505184014088,0.9705598566295567,0.9966626808349666,0.9738097706402111,2096,1393,0.3662135601043701,0.23073352873325348,1.587170958518982,0.7390202879905701,0.009644048288464546,0.41846153846153844,0.1815384615384615,0.823856638408499,0.9590197106580665,0.8590612155856313,19.0,6.0,a549+TGFB_HDAC4,a549+TGFB,HDAC4,False,False,8
a549+TGFB_HDAC5,0.11251848,0.0016330989,68.89876,0.9673985,0.028440487,0.8071950015261811,0.10880641270842673,0.9747464609948727,0.9996222152206734,0.9751148445412359,2073,1641,,,,,,,,,,,,,a549+TGFB_HDAC5,a549+TGFB,HDAC5,False,True,8
a549+TGFB_HRAS,0.1227804,0.0018494648,66.386986,0.9673009,0.0614897,0.7967000523769829,0.11575645777567505,0.9745661966969231,0.9995720983378946,0.9749833937116175,2171,1690,,,,,,,,,,,,,a549+TGFB_HRAS,a549+TGFB,HRAS,False,True,8
a549+TGFB_IKBKB,0.1195229,0.03365536,3.5513778,0.9605751,0.25238442,0.7752250915938438,0.36918501776146545,0.9687597275993327,0.9937908311897342,0.9748125029887476,2389,1060,0.4386080503463745,0.2608118951320648,1.6817026138305664,0.37225914001464844,-0.2825298607349396,0.48692307692307696,-0.23384615384615384,0.7185217332751314,0.955231908791406,0.7521961176780947,20.0,5.0,a549+TGFB_IKBKB,a549+TGFB,IKBKB,False,True,8
a549+TGFB_IRF7,0.1139625,0.0027493015,41.45144,0.96673894,0.0539048,0.8044483310187301,0.14721695437816432,0.9742236662516678,0.9993825850369159,0.9748255381253028,2078,1547,,,,,,,,,,,,,a549+TGFB_IRF7,a549+TGFB,IRF7,False,True,8
a549+TGFB_JUN,0.11588448,0.0066060075,17.542288,0.96457845,-0.009478008,0.808931802507975,0.11437109899473757,0.9725424744544904,0.9985718854654375,0.9739333628456656,1996,1553,0.14771829545497894,0.04915587604045868,3.0050995349884033,0.9668605327606201,-0.992586076259613,0.7999999999999999,-1.0,0.9863667940509856,0.9856585900852861,1.0007185083890338,2.0,2.0,a549+TGFB_JUN,a549+TGFB,JUN,False,True,8
a549+TGFB_KRAS,0.12669437,0.011814985,10.723193,0.9621308,-0.016397543,0.8035238622306061,0.08176578627013045,0.9706352462367902,0.9973137306814932,0.9732496569294471,2036,1578,0.24470672011375427,0.3545069396495819,0.6902734041213989,0.9466899037361145,0.42010024189949036,0.6606060606060605,0.32121212121212117,0.9588236811648521,0.9590988676379576,0.9997130780961265,9.0,1.0,a549+TGFB_KRAS,a549+TGFB,KRAS,False,True,8
a549+TGFB_MAP3K7,0.11182346,0.0023504153,47.576042,0.9666897,-0.02435278,0.8153359469191348,0.0568068306155358,0.974286383259798,0.999461760048652,0.9748110655202772,1966,1675,,,,,,,,,,,,,a549+TGFB_MAP3K7,a549+TGFB,MAP3K7,False,True,8
a549+TGFB_MAPK1,0.118400656,0.011608931,10.1991005,0.96373534,0.06349825,0.8016897118251644,0.1521786006564677,0.9717742028157801,0.9975178211472628,0.9741923223969327,2088,1444,0.20374810695648193,0.26181262731552124,0.778221070766449,0.9402262568473816,0.08234307914972305,0.6538461538461537,0.057692307692307696,0.9616960157203547,0.9832558854077448,0.9780729818073253,16.0,9.0,a549+TGFB_MAPK1,a549+TGFB,MAPK1,False,True,8
a549+TGFB_MAPK3,0.1108552,0.003035262,36.52245,0.96690816,0.040763684,0.8171798992637899,0.11945553458842087,0.9744156281596581,0.9993202009557705,0.9750784855822057,2039,1573,,,,,,,,,,,,,a549+TGFB_MAPK3,a549+TGFB,MAPK3,False,True,8
a549+TGFB_MAPK14,0.10954631,0.0033758201,32.45028,0.96792686,0.0963216,0.8122275298071087,0.1328979530053514,0.9752128368361672,0.999218418274921,0.9759756415617341,2087,1569,1.8471535440767184e-05,0.7015281319618225,2.6330426408094354e-05,,,,,,,,1.0,0.0,a549+TGFB_MAPK14,a549+TGFB,MAPK14,False,True,8
a549+TGFB_MED15,0.13266619,0.010628768,12.481802,0.96392775,0.019494593,0.7827657944157033,0.05876112981052614,0.9718735371412339,0.9975383015848124,0.9742719007352357,2034,1673,0.40028274059295654,0.3774113655090332,1.0606006383895874,0.5869474411010742,0.2827307879924774,0.34615384615384615,-0.010989010989010988,0.7630283949209323,0.7973641952683957,0.9569383720121696,7.0,6.0,a549+TGFB_MED15,a549+TGFB,MED15,False,True,8
a549+TGFB_MYC,0.11320589,0.002565681,44.123135,0.9665217,-0.017606502,0.8155100340638313,0.10064420028608623,0.974123997463081,0.9994184938982976,0.9746907861024726,2081,1558,0.21125413477420807,0.14718392491340637,1.4353071451187134,,,,,,,,0.0,1.0,a549+TGFB_MYC,a549+TGFB,MYC,False,True,8
a549+TGFB_NFKB1,0.120339125,0.006140868,19.596436,0.96531117,0.06670473,0.78756247877241,0.16320997832726541,0.9729624314986818,0.9986681406584808,0.9742600087924607,2118,1421,0.04001734405755997,0.07692132890224457,0.5202372670173645,-0.28830549120903015,0.9036601781845093,0.0,0.7,0.8449133319177711,0.9905776950000896,0.8529500877946729,3.0,2.0,a549+TGFB_NFKB1,a549+TGFB,NFKB1,False,True,8
a549+TGFB_NRAS,0.11504919,0.027607772,4.1672754,0.9623763,0.24163213,0.7926225513831582,0.35420422776041444,0.9702910795378024,0.9949096295311526,0.9752554912902475,2365,1102,0.2581303119659424,0.274667888879776,0.939790666103363,0.8154730200767517,-0.061885859817266464,0.5138461538461538,0.15923076923076923,0.9051769976401742,0.9597388377099645,0.9431492840281629,20.0,5.0,a549+TGFB_NRAS,a549+TGFB,NRAS,False,True,8
a549+TGFB_PAK1,0.11171537,0.0018209348,61.35056,0.9667561,-0.05253744,0.8153055928589994,0.06771786335210994,0.9743370851973365,0.9995806324736042,0.9747458619583306,2045,1663,,,,,,,,,,,,,a549+TGFB_PAK1,a549+TGFB,PAK1,False,True,8
a549+TGFB_PIK3CA,0.11392738,0.004719337,24.140547,0.96626997,0.056957263,0.8013366964456667,0.1503758215795244,0.9738052718498018,0.9989547403053224,0.9748242163125089,2054,1515,0.1811227649450302,0.11734256893396378,1.5435384511947632,,,,,,,,0.0,1.0,a549+TGFB_PIK3CA,a549+TGFB,PIK3CA,False,True,8
a549+TGFB_PPP2CA,0.116664015,0.004704786,24.79688,0.9653835,-0.0026027123,0.8090248561764979,0.15589207510765343,0.9731019224684171,0.9989692813907093,0.9741059516001522,2116,1431,,,,,,,,,,,,,a549+TGFB_PPP2CA,a549+TGFB,PPP2CA,False,True,8
a549+TGFB_PRKCA,0.11421276,0.0021869973,52.22355,0.9664749,-0.03863167,0.8115860282514025,0.0422317059762939,0.9740453169238894,0.9995007440034824,0.9745318577976924,1963,1689,,,,,,,,,,,,,a549+TGFB_PRKCA,a549+TGFB,PRKCA,False,True,8
a549+TGFB_RAF1,0.115698144,0.00784151,14.754575,0.9652226,0.087468624,0.7993290536672004,0.20337920540493834,0.9729207306273586,0.9983804469336844,0.9744989834441169,2149,1372,0.08315619081258774,0.0911610871553421,0.9121895432472229,0.6982057094573975,0.44018280506134033,0.6452192031293627,0.4464285714285714,0.8798694359098674,0.9461826105835938,0.9299150354995162,9.0,6.0,a549+TGFB_RAF1,a549+TGFB,RAF1,False,True,8
a549+TGFB_RBL1,0.11919962,0.01245326,9.57176,0.96457106,0.15669823,0.7894929254069094,0.2807249174639897,0.9722604782104828,0.9974840106832212,0.9747128453162255,2278,1193,0.3007740080356598,0.1798163205385208,1.6726735830307007,0.5781766772270203,0.1421235352754593,0.4423486168164952,0.10384615384615385,0.7628027840774362,0.9425192263877887,0.8093233142849329,19.0,6.0,a549+TGFB_RBL1,a549+TGFB,RBL1,False,True,8
a549+TGFB_RBX1,0.1198651,0.0045360955,26.42473,0.96622914,0.0976349,0.7893140601777172,0.19548403438674528,0.9736649850531006,0.9990015629697023,0.974638099823103,2157,1417,,,,,,,,,,,,,a549+TGFB_RBX1,a549+TGFB,RBX1,False,True,8
a549+TGFB_RELA,0.11222562,0.005923785,18.94492,0.96653366,0.095549986,0.805537499237854,0.1689337689105161,0.9740362330434367,0.9986952576913559,0.9753087596461382,2085,1493,0.02763223834335804,0.08914115279912949,0.30998295545578003,-0.9415066242218018,0.9998210668563843,-1.0,1.0,0.5746436048541467,0.9934818864315258,0.5784137715063948,2.0,1.0,a549+TGFB_RELA,a549+TGFB,RELA,False,True,8
a549+TGFB_RHOA,0.12928434,0.021739487,5.946982,0.9617121,0.19975102,0.7695038416841143,0.33427710605404354,0.9697883662017722,0.9956629064222772,0.9740127506472245,2363,1104,0.15988273918628693,0.26014670729637146,0.6145868301391602,0.6443688273429871,0.48684096336364746,0.25120215890723213,0.4038461538461539,0.8216705265519534,0.9546564994406809,0.8606975671703466,16.0,9.0,a549+TGFB_RHOA,a549+TGFB,RHOA,False,True,8
a549+TGFB_RPS6KB1,0.11365625,0.002501941,45.42723,0.96608377,-0.07096611,0.8088268167588673,0.03427515141989169,0.9737666824432107,0.9994288799553013,0.9743231379172891,1934,1731,,,,,,,,,,,,,a549+TGFB_RPS6KB1,a549+TGFB,RPS6KB1,False,True,8
a549+TGFB_RUNX1,0.10741809,0.0014894567,72.11897,0.967657,0.0076645045,0.82192768243713,0.06571838345065585,0.9751120744315157,0.9996550449270049,0.975448560360858,2034,1753,,,,,,,,,,,,,a549+TGFB_RUNX1,a549+TGFB,RUNX1,False,True,8
a549+TGFB_RUNX2,0.11984039,0.005282064,22.688175,0.9661652,0.12122275,0.7920757196141563,0.22637247120871562,0.9736240883707663,0.9988792646917708,0.9747164875538811,2187,1342,,,,,,,,,,,,,a549+TGFB_RUNX2,a549+TGFB,RUNX2,False,True,8
a549+TGFB_RUNX3,0.11247443,0.0031525518,35.677265,0.9668329,0.039674167,0.8088827812523176,0.12108817462773694,0.9743289645227051,0.9992950108061468,0.9750163405065926,2055,1561,,,,,,,,,,,,,a549+TGFB_RUNX3,a549+TGFB,RUNX3,False,True,8
a549+TGFB_SKP1,0.1223005,0.0138545055,8.827489,0.96363074,0.17644966,0.7738411623978875,0.3166523858342935,0.971433869954331,0.9972999637096569,0.9740638777734316,2327,1150,0.3144415616989136,0.12715797126293182,2.47284197807312,0.7892566919326782,-0.4562031626701355,0.7482208255353239,-0.1853846153846154,0.8483718041361646,0.9662065672976945,0.87804392233527,21.0,4.0,a549+TGFB_SKP1,a549+TGFB,SKP1,False,False,8
a549+TGFB_SMAD1,0.11687373,0.0035645722,32.78759,0.96595645,0.0056861937,0.8003788084646122,0.11427803139269399,0.9735909505869246,0.9992069479847042,0.9743636716603659,2024,1540,,,,,,,,,,,,,a549+TGFB_SMAD1,a549+TGFB,SMAD1,False,True,8
a549+TGFB_SMAD2,0.12237084,0.0034055542,35.932724,0.9662743,-0.005713291,0.7949668936218544,0.06589570529685299,0.9738198192508002,0.9992134937739143,0.9745863374730808,2044,1727,0.1222507655620575,0.20981258153915405,0.5826665163040161,0.9663193821907043,0.9648151993751526,0.5,1.0,0.9707343282969065,0.9321382890439567,1.041405915524118,3.0,0.0,a549+TGFB_SMAD2,a549+TGFB,SMAD2,False,False,8
a549+TGFB_SMAD3,0.101359956,0.003183625,31.837908,0.97087955,0.3514399,0.8105852393942473,0.24580087905399717,0.9774766608089251,0.9992628852617559,0.9781977047540159,2180,1492,,,,,,,,,,,,,a549+TGFB_SMAD3,a549+TGFB,SMAD3,False,True,8
a549+TGFB_SMAD4,0.06785512,0.04388422,1.5462304,0.9815616,0.64561236,0.8064496030492151,0.3847563240509316,0.9856828810037142,0.9897943271855429,0.9958461610974074,2272,1248,1.1795517206192017,1.772468090057373,0.6654854416847229,0.7744855880737305,0.8977140784263611,0.7838461538461537,0.7761538461538461,0.936697413548333,0.8963342351085282,1.0450313921512968,23.0,2.0,a549+TGFB_SMAD4,a549+TGFB,SMAD4,False,True,8
a549+TGFB_SMAD5,0.11370993,0.016721176,6.8003545,0.96410376,0.17646581,0.8031447619075053,0.30146023315336434,0.971817076409454,0.9967872133657082,0.9749493807490356,2264,1193,0.10572876036167145,0.14691896736621857,0.7196399569511414,0.6226912140846252,0.1955038160085678,0.7615384615384616,0.10230769230769231,0.8968254574377592,0.9573673244104823,0.9367621335833631,19.0,6.0,a549+TGFB_SMAD5,a549+TGFB,SMAD5,False,True,8
a549+TGFB_SMAD6,0.120434634,0.00256247,46.99943,0.9663957,0.029740427,0.7919699000013009,0.10391222457822509,0.9738829577435343,0.9994175171375103,0.9744505584942007,2070,1579,,,,,,,,,,,,,a549+TGFB_SMAD6,a549+TGFB,SMAD6,False,True,8
a549+TGFB_SMAD7,0.1191613,0.0037740464,31.573883,0.96558315,-0.0030563157,0.797462618154754,0.14145752941379036,0.9732515907125643,0.9991714459632517,0.9740586509398301,2101,1465,,,,,,,,,,,,,a549+TGFB_SMAD7,a549+TGFB,SMAD7,False,True,8
a549+TGFB_SMAD9,0.12503383,0.0026270007,47.595657,0.9656816,-0.002856749,0.7879587266404022,0.10458892922215891,0.9732978220725484,0.9994069652746013,0.9738753639815999,2028,1584,,,,,,,,,,,,,a549+TGFB_SMAD9,a549+TGFB,SMAD9,False,False,8
a549+TGFB_SMURF1,0.11594892,0.0028656526,40.461613,0.9652431,-0.17553246,0.8172313882366011,-0.0034540652340342352,0.9732224470114613,0.9993370885524814,0.9738680352804212,1991,1852,1.7541300058364868,2.4476888179779053,0.7166474461555481,,,,,,,,1.0,0.0,a549+TGFB_SMURF1,a549+TGFB,SMURF1,False,True,8
a549+TGFB_SMURF2,0.11091335,0.0031135578,35.622704,0.96652603,-0.030657308,0.8197567243691212,0.07219346832357801,0.9741526201923655,0.9992853235102903,0.9748493220838682,1977,1660,1.735596776008606,2.0716753005981445,0.8377745151519775,,,,,,,,1.0,0.0,a549+TGFB_SMURF2,a549+TGFB,SMURF2,False,True,8
a549+TGFB_SP1,0.116390735,0.005939328,19.596617,0.96474975,-0.013700075,0.8035312618535242,0.10374047550811706,0.9726335272090096,0.9987179398998302,0.9738821025950162,2026,1533,,,,,,,,,,,,,a549+TGFB_SP1,a549+TGFB,SP1,False,True,8
a549+TGFB_TGFBR1,0.07614681,0.072534926,1.0497952,0.9756011,0.5891758,0.8143475830068375,0.38680102202114797,0.9810421085249249,0.9832726205141249,0.9977315426640948,2202,1281,1.057144284248352,1.9352126121520996,0.5462677478790283,0.7405985593795776,0.7460556626319885,0.6984615384615384,0.8115384615384615,0.9457004776760728,0.8864812080749999,1.0668026226181015,24.0,1.0,a549+TGFB_TGFBR1,a549+TGFB,TGFBR1,False,True,8
a549+TGFB_TGFBR2,0.07814123,0.032741755,2.3865924,0.9770839,0.5369568,0.8202180697244726,0.339445643741445,0.982348216164551,0.9923950895292243,0.9898761355525859,2218,1350,0.5051248073577881,1.2316672801971436,0.4101146459579468,0.9009788632392883,0.7481850385665894,0.8807692307692306,0.7661538461538462,0.953839473339269,0.9203371774875104,1.0364021976632725,24.0,1.0,a549+TGFB_TGFBR2,a549+TGFB,TGFBR2,False,True,8
a549+TGFB_TGFBR3,0.11361193,0.0066635087,17.049866,0.9648142,0.0015426218,0.8075581799753474,0.11518770608813031,0.9726830472468608,0.9985959663755177,0.9740506471073482,1994,1538,0.813460648059845,0.48935678601264954,1.6623058319091797,1.0,-1.0,0.9999999999999999,-0.9999999999999999,0.9803086294157145,0.9897090906871561,0.9905017935473193,0.0,2.0,a549+TGFB_TGFBR3,a549+TGFB,TGFBR3,False,True,8
a549+TGFB_TGIF1,0.1243829,0.0060426984,20.584,0.96421313,-0.05220664,0.7972005423716584,0.10219529285783789,0.9721910197482374,0.9986268748441777,0.9735277952537926,2036,1538,0.026358570903539658,0.10490474104881287,0.25126194953918457,0.5092521905899048,0.6380457282066345,0.3681318681318681,0.47802197802197804,0.8002625242351015,0.9872110345485268,0.8106296386780959,11.0,2.0,a549+TGFB_TGIF1,a549+TGFB,TGIF1,False,True,8
a549+TNFA_CASP3,0.009000168,0.016569002,0.54319316,0.99782354,0.6499406,0.8459224850694276,0.6292004955080198,0.9983043223789798,0.9968170977034002,1.0014919734814,2798,705,0.042064934968948364,0.15520542860031128,0.27102747559547424,0.9508756995201111,0.8281357288360596,0.8669878895306763,0.48384615384615387,0.9637528284410292,0.9655000206463809,0.9981903757970072,25.0,0.0,a549+TNFA_CASP3,a549+TNFA,CASP3,True,False,8
a549+TNFA_CHUK,0.0120597165,0.019421177,0.620957,0.99610907,0.55256647,0.8816192612986092,0.5257582948493322,0.9969829787469694,0.9958449311307885,1.0011427960123156,2582,913,0.19833822548389435,0.37249645590782166,0.5324566960334778,0.9853700995445251,0.5199457406997681,0.9315384615384614,0.45307692307692304,0.9832524397726348,0.9645113287032692,1.0194306800880835,25.0,0.0,a549+TNFA_CHUK,a549+TNFA,CHUK,True,False,8
a549+TNFA_JUNB,0.006812423,0.00772416,0.88196295,0.99821967,0.3764924,0.9063265329852286,0.2992779448962868,0.998620995060986,0.9983226877790315,1.0002988084770648,2187,1379,0.036323755979537964,0.11031074076890945,0.32928577065467834,0.9714958071708679,0.8681814074516296,0.8070175438596491,0.6508771929824562,0.9563664778539317,0.9621182571741436,0.9940217543141676,18.0,1.0,a549+TNFA_JUNB,a549+TNFA,JUNB,True,False,8
a549+TNFA_MAP3K14,0.004299801,0.005012167,0.8578726,0.9987358,0.44804168,0.9105347406211921,0.3915191529060758,0.9990324694659428,0.9988626173111967,1.0001700455616243,2380,1182,0.01709938235580921,0.056698236614465714,0.3015857934951782,0.9394092559814453,0.7726190686225891,0.4285714285714286,0.48571428571428577,0.9389926466789213,0.946981390687346,0.9915639904997223,6.0,0.0,a549+TNFA_MAP3K14,a549+TNFA,MAP3K14,True,False,8
a549+TNFA_ZFP36L1,0.04170147,0.047045384,0.8864094,0.9923266,0.35413116,0.8688455585755633,0.274693857336795,0.9935502972799115,0.9919352060824965,1.0016282224761368,2066,1420,0.2932341396808624,0.4153601825237274,0.7059755921363831,0.9499752521514893,0.34703919291496277,0.8705520453400709,0.2369230769230769,0.921140330209261,0.8940269870980391,1.0303272088007436,23.0,2.0,a549+TNFA_ZFP36L1,a549+TNFA,ZFP36L1,True,False,8
bxpc3+IFNB_ELK1,0.0038334378,0.003020989,1.2689347,0.999079,0.47701517,0.9427279604843517,0.3540971929773069,0.9992867556194571,0.9993123825617127,0.9999743554240867,2668,1504,0.0009429265628568828,0.6419723629951477,0.0014687961665913463,0.9837846755981445,0.9993353486061096,1.0,1.0,0.9871324199175996,0.5293258162759653,1.8648862185912272,3.0,0.0,bxpc3+IFNB_ELK1,bxpc3+IFNB,ELK1,True,False,8
bxpc3+IFNB_MAP3K14,0.0050892783,0.004111392,1.237848,0.99868155,0.37527117,0.9386601508215013,0.32079602066683166,0.999005326357176,0.9990610354839967,0.9999442385151236,2601,1554,0.0067230649292469025,0.2670261859893799,0.025177549570798874,0.871117889881134,0.9988383054733276,0.9761904761904763,0.9761904761904763,0.9791016573081385,0.6790731494786292,1.4418206021838174,8.0,0.0,bxpc3+IFNB_MAP3K14,bxpc3+IFNB,MAP3K14,True,False,8
bxpc3+INS_CHUK,0.0120303305,0.008815369,1.3646996,0.9967607,0.3059506,0.888874913456933,0.3085569081842475,0.997524440944177,0.9979413937187704,0.9995821871131734,2745,1526,0.4984056353569031,0.5241492390632629,0.950884997844696,0.40932416915893555,0.24106894433498383,0.6370455974737771,0.22538461538461538,0.5671665301387488,0.567593692995625,0.999247414370266,18.0,7.0,bxpc3+INS_CHUK,bxpc3+INS,CHUK,True,False,8
bxpc3+INS_ELK1,0.0071218857,0.0036585801,1.9466256,0.9980064,0.3195864,0.9050741885124401,0.20221870674750692,0.9984499120235625,0.9991290567207847,0.9993202632906591,2592,1899,0.0023829226847738028,0.2537345290184021,0.009391400963068008,0.9952926635742188,0.9951688051223755,0.5952380952380953,0.9523809523809524,0.9970111126536891,0.9887089750471038,1.0083969477531949,7.0,1.0,bxpc3+INS_ELK1,bxpc3+INS,ELK1,True,False,8
bxpc3+INS_MTOR,0.013493985,0.020608742,0.65476996,0.9963602,0.5591364,0.88811442371408,0.3774220980284129,0.9971421537130514,0.9957191426215641,1.001429128988864,2648,1597,0.11720430105924606,0.29831624031066895,0.39288610219955444,0.9409623742103577,0.9154031872749329,0.6384615384615384,0.6284615384615384,0.9504756442200166,0.9136698659167171,1.040283454315713,23.0,2.0,bxpc3+INS_MTOR,bxpc3+INS,MTOR,True,False,8
bxpc3+TGFB_CHUK,0.018297106,0.0322297,0.5677095,0.99382794,0.58839256,0.8319478613515894,0.4805174754294102,0.9951310292537896,0.9929561619441302,1.0021902953957214,2386,962,0.2599800229072571,0.5651560425758362,0.46001458168029785,0.968131422996521,0.4453108310699463,0.8945693779797506,0.4623076923076923,0.9635277323630157,0.9574465765252946,1.0063514309694337,23.0,2.0,bxpc3+TGFB_CHUK,bxpc3+TGFB,CHUK,True,False,8
bxpc3+TGFB_HDAC4,0.047054052,0.052128844,0.90264904,0.98705685,0.24583802,0.8311568737883818,0.26791919793104235,0.9894616117636075,0.989181677244143,1.0002829960622042,2092,1215,0.6028828024864197,0.8231502771377563,0.7324091792106628,0.8686061501502991,0.1647825688123703,0.5838628980995793,0.08384615384615385,0.8271974532141128,0.8006031617542321,1.0332178196768658,21.0,4.0,bxpc3+TGFB_HDAC4,bxpc3+TGFB,HDAC4,True,False,8
bxpc3+TNFA_ARID5B,0.048315547,0.010233599,4.7212667,0.9852017,0.29394698,0.8438425842160198,0.17332938343607587,0.9885668836677922,0.9976551589705113,0.9908903640491397,2170,1674,0.10229448974132538,0.09227845072746277,1.108541488647461,0.6460118293762207,0.23605413734912872,0.6694902042157398,-0.04692307692307692,0.8304638832759618,0.9677806220123838,0.8581117087766355,18.0,7.0,bxpc3+TNFA_ARID5B,bxpc3+TNFA,ARID5B,False,True,8
bxpc3+TNFA_BATF,0.049639396,0.004888845,10.153604,0.98481226,0.23211738,0.8512520364111644,0.14241611446733657,0.9883794908020976,0.9988596513396216,0.9895078747815386,2153,1745,0.058140337467193604,0.03133828938007355,1.855249285697937,0.6631229519844055,0.06202748417854309,0.7378740970072238,-0.2507739938080495,0.8795801962573714,0.9660648529982817,0.9104773799890388,11.0,7.0,bxpc3+TNFA_BATF,bxpc3+TNFA,BATF,False,True,8
bxpc3+TNFA_BIRC2,0.061179742,0.021485096,2.8475435,0.98135877,0.1474086,0.8392466245526043,0.09312815833615062,0.9853755538437168,0.9956144643576957,0.9897159885874254,2066,1748,0.12668882310390472,0.1634393334388733,0.7751427888870239,0.5810619592666626,0.4803541302680969,0.5750579071181042,0.2869230769230769,0.8605702631094246,0.9686839276435605,0.8883911857636213,16.0,9.0,bxpc3+TNFA_BIRC2,bxpc3+TNFA,BIRC2,False,True,8
bxpc3+TNFA_BIRC3,0.046530407,0.0056744204,8.200028,0.98508614,0.26881534,0.842630937079633,0.17676677313150982,0.9885699610010982,0.9986833159166677,0.9898733114347797,2161,1701,0.05264173820614815,0.12534727156162262,0.4199671745300293,0.5946869850158691,0.6879035830497742,0.6766917293233082,0.5398496240601504,0.77562729707135,0.957816893934116,0.8097866115991706,16.0,4.0,bxpc3+TNFA_BIRC3,bxpc3+TNFA,BIRC3,False,True,8
bxpc3+TNFA_CASP3,0.079517335,0.060327113,1.3181027,0.97566164,0.22233748,0.8072727220276975,0.2385258146091087,0.9803758915863358,0.9896012728141371,0.9906776784941201,2365,1449,0.10546763241291046,0.16858695447444916,0.6255978345870972,0.2828637957572937,0.545686662197113,0.2513616464520637,0.5453846153846154,0.8126168687363506,0.850820196872571,0.9550982354713164,21.0,4.0,bxpc3+TNFA_CASP3,bxpc3+TNFA,CASP3,False,False,8
bxpc3+TNFA_CASP7,0.042068776,0.005196386,8.095776,0.98610985,0.37099087,0.8219671400423638,0.24430158878697064,0.989347775768026,0.9987688912985772,0.9905672717556291,2297,1602,0.025635002180933952,0.05381658300757408,0.4763402044773102,0.6918836236000061,0.6533359885215759,0.17857142857142855,0.38928571428571423,0.8261852985026429,0.9708437878758481,0.8509971519829056,12.0,3.0,bxpc3+TNFA_CASP7,bxpc3+TNFA,CASP7,False,True,8
bxpc3+TNFA_CASP8,0.05511637,0.030814838,1.7886308,0.98144007,0.28154674,0.8159863898812905,0.23157893806517138,0.9853076934144966,0.9935910792151693,0.9916631842073143,2340,1474,0.22747080028057098,0.3096022307872772,0.7347195148468018,0.38991880416870117,0.44149619340896606,0.2535590799461812,0.23615384615384616,0.8258581787483934,0.9452836519909841,0.8736617596305053,17.0,8.0,bxpc3+TNFA_CASP8,bxpc3+TNFA,CASP8,False,True,8
bxpc3+TNFA_CASP10,0.17650945,0.1966876,0.8974102,0.9549111,0.28251934,0.7868325825001046,0.29357888475597405,0.962120970922822,0.9700637759952179,0.991812079505549,2368,1297,0.25885656476020813,0.4455474019050598,0.5809854865074158,-0.19060704112052917,0.5406802296638489,-0.254762332682534,0.3230769230769231,0.07163091879809524,0.044904809259662115,1.5951725434104256,20.0,5.0,bxpc3+TNFA_CASP10,bxpc3+TNFA,CASP10,False,True,8
bxpc3+TNFA_CEBPB,0.05989023,0.020080157,2.9825578,0.98176163,0.16884373,0.839301994500247,0.10662926996468815,0.9857277473878916,0.9955278667599883,0.9901558563056685,2052,1769,0.1145382821559906,0.263923317193985,0.43398317694664,0.7794907093048096,0.8210376501083374,0.6325510279689256,0.536923076923077,0.8638687928144941,0.9127977666930428,0.9463966985197472,18.0,7.0,bxpc3+TNFA_CEBPB,bxpc3+TNFA,CEBPB,False,True,8
bxpc3+TNFA_CHUK,0.03434306,0.022967719,1.4952753,0.9887824,0.5604495,0.8327767178666565,0.3269713847075452,0.9912732518458867,0.9946518411772532,0.9966032442795584,2355,1477,0.07356789708137512,0.8199788928031921,0.089719258248806,0.9489290714263916,0.8774226903915405,0.8799999999999999,0.9053846153846155,0.9681190077607601,0.9568435703331026,1.011783992469879,25.0,0.0,bxpc3+TNFA_CHUK,bxpc3+TNFA,CHUK,False,False,8
bxpc3+TNFA_CREB1,0.05255946,0.004950891,10.616162,0.98350424,0.10259862,0.8518134102973035,0.09196047099676136,0.9874233987752293,0.9987989227856787,0.9886107966769501,2103,1813,0.15867824852466583,0.3458355665206909,0.4588257074356079,0.9008972644805908,0.7144701480865479,0.7999999999999999,0.19999999999999998,0.9470174216571399,0.9949948885823583,0.9517811925711744,3.0,1.0,bxpc3+TNFA_CREB1,bxpc3+TNFA,CREB1,False,True,8
bxpc3+TNFA_CSF1,0.04822486,0.0067726662,7.120513,0.9843167,0.2046104,0.8349587412323068,0.14435361495505772,0.9879720681559745,0.998466766428184,0.9894891861951979,2143,1747,0.09466215968132019,0.0804782584309578,1.176245093345642,0.4000317454338074,0.5871415138244629,0.6874771913488392,0.25076923076923074,0.5984464041201831,0.9602727618739805,0.6232046017345216,19.0,6.0,bxpc3+TNFA_CSF1,bxpc3+TNFA,CSF1,False,True,8
bxpc3+TNFA_CSF2,0.049023166,0.0024684663,19.859768,0.9846457,0.2353464,0.8488139912485237,0.18093067701792248,0.9882967963972781,0.9994061701648168,0.9888840252349986,2234,1725,0.04980206862092018,0.09732556343078613,0.5117059350013733,1.0,-1.0,0.9999999999999999,-0.9999999999999999,0.9992774998059232,0.9777876962439178,1.0219779852462416,2.0,0.0,bxpc3+TNFA_CSF2,bxpc3+TNFA,CSF2,False,True,8
bxpc3+TNFA_DNM1L,0.06877219,0.034577843,1.9889092,0.9776755,0.12728803,0.8188870869183918,0.16995364185256845,0.9822107228352535,0.99307281260941,0.9890621416312715,2234,1578,0.27316343784332275,0.3028377592563629,0.9020124673843384,0.7639559507369995,0.14702945947647095,0.3802604248449395,0.07846153846153846,0.8807412994889284,0.8918010623906095,0.9875983968083266,16.0,9.0,bxpc3+TNFA_DNM1L,bxpc3+TNFA,DNM1L,False,True,8
bxpc3+TNFA_FADD,0.07438472,0.016275013,4.570486,0.9781358,-0.087251425,0.8392349921984059,-0.016121527377999108,0.9830309603321244,0.9963951666428785,0.9865874436587427,1908,1939,0.2613169550895691,0.1311192363500595,1.9929718971252441,0.6065303683280945,-0.054804202169179916,0.7195383505918446,-0.4653846153846154,0.662614736654592,0.6976729024891314,0.9497498531052874,10.0,15.0,bxpc3+TNFA_FADD,bxpc3+TNFA,FADD,False,True,8
bxpc3+TNFA_FOS,0.055669874,0.011474423,4.8516493,0.9832778,0.15054074,0.8484762872904456,0.12923732062748988,0.9870023941076537,0.9975925124110949,0.9893843245897608,2084,1749,0.0688268169760704,0.11607225239276886,0.592965304851532,0.6401507258415222,0.6249542832374573,0.6297364994351285,0.06615384615384615,0.8878317688549247,0.967612875557073,0.9175485271873662,19.0,6.0,bxpc3+TNFA_FOS,bxpc3+TNFA,FOS,False,True,8
bxpc3+TNFA_ID2,0.042924915,0.002966414,14.4703045,0.98601675,0.38537577,0.8385578520176709,0.2775848353502797,0.9893216747485465,0.9992743858721851,0.9900400618044946,2367,1583,0.34009963274002075,0.31599700450897217,1.0762748718261719,,,,,,,,0.0,1.0,bxpc3+TNFA_ID2,bxpc3+TNFA,ID2,False,True,8
bxpc3+TNFA_IKBKB,0.0875614,0.0918786,0.9530119,0.97559583,0.3700046,0.8152242359428638,0.263886585686695,0.9798231807505495,0.9838690392902671,0.9958878078502844,2311,1486,0.2889109253883362,0.5326868891716003,0.5423653721809387,0.0048745982348918915,0.39047402143478394,-0.050086834401293356,0.09923076923076923,0.5560567460881699,0.801547285309124,0.6937291863869536,20.0,5.0,bxpc3+TNFA_IKBKB,bxpc3+TNFA,IKBKB,False,True,8
bxpc3+TNFA_IKBKE,0.05486268,0.0057006553,9.623925,0.98228,0.007173395,0.8421143015448876,0.05737033657862836,0.986435084901521,0.9986556883927759,0.9877629460951426,2078,1802,0.11714888364076614,0.10166038572788239,1.1523553133010864,0.5880398154258728,0.0997912660241127,0.4473937378393736,0.18923076923076923,0.7571577706085431,0.8378742606309908,0.9036651514253925,17.0,8.0,bxpc3+TNFA_IKBKE,bxpc3+TNFA,IKBKE,False,True,8
bxpc3+TNFA_IKBKG,0.048891746,0.010759724,4.543959,0.98351574,0.21212715,0.8306259637526207,0.19803317340305077,0.9872608753610012,0.9977391407055693,0.9894979910909797,2247,1597,0.04142050817608833,0.08046292513608932,0.5147775411605835,0.1550270915031433,0.9117177128791809,0.5196306389621423,0.07615384615384616,0.616127439638426,0.9667251181953406,0.6373346756403703,18.0,7.0,bxpc3+TNFA_IKBKG,bxpc3+TNFA,IKBKG,False,True,8
bxpc3+TNFA_IRF1,0.055264954,0.0023828922,23.192385,0.98331773,0.06821043,0.8611310464796477,0.08061688841689063,0.987331611077117,0.9994148339417309,0.9879097023035397,2159,1811,,,,,,,,,,,,,bxpc3+TNFA_IRF1,bxpc3+TNFA,IRF1,False,True,8
bxpc3+TNFA_ITCH,0.088830225,0.04737595,1.8750067,0.9735668,0.03993349,0.8284222644602386,0.1088692509650678,0.9786926872552151,0.990874214288559,0.9877062831410037,2142,1658,0.3982751965522766,0.33866727352142334,1.1760073900222778,0.9442198872566223,0.2576368451118469,0.11864420863706289,0.048461538461538466,0.8902370871944032,0.9340272621102045,0.9531168128681082,14.0,11.0,bxpc3+TNFA_ITCH,bxpc3+TNFA,ITCH,False,True,8
bxpc3+TNFA_JUN,0.07206482,0.012884885,5.592973,0.9779045,-0.11370754,0.8547638594161234,-0.017891455965509197,0.9831250216332471,0.996828065581443,0.9862533525877374,1945,1946,0.5966964960098267,0.44302067160606384,1.3468818664550781,0.6007898449897766,-0.023887524381279945,0.44846153846153847,-0.12384615384615384,0.7236261989861361,0.8036260706773949,0.9004513733311004,13.0,12.0,bxpc3+TNFA_JUN,bxpc3+TNFA,JUN,False,True,8
bxpc3+TNFA_JUNB,0.057835005,0.0061450014,9.4117155,0.9828038,0.065872826,0.8550248564397195,0.050006071373189,0.9868471531553025,0.9985455324710696,0.9882845809876917,2000,1860,0.03233368322253227,0.03694663196802139,0.8751456141471863,0.6277226805686951,0.3924832344055176,0.31999999999999995,0.2553846153846154,0.8458073719488554,0.9646929183304407,0.8767633263159678,14.0,11.0,bxpc3+TNFA_JUNB,bxpc3+TNFA,JUNB,False,False,8
bxpc3+TNFA_KLF6,0.04946234,0.002717062,18.204348,0.9840888,0.11799923,0.8489943772613618,0.14814564701916919,0.9878831778523596,0.9993448394282454,0.9885308242723869,2213,1712,0.1506126970052719,0.22172324359416962,0.6792824268341064,1.0,-1.0,0.9999999999999999,-0.9999999999999999,0.9845569273652759,0.9996623545809139,0.9848894707833921,2.0,0.0,bxpc3+TNFA_KLF6,bxpc3+TNFA,KLF6,False,True,8
bxpc3+TNFA_MAP2K3,0.03949408,0.0084671145,4.664408,0.9877142,0.48920044,0.862111091917387,0.2955173335541008,0.9906489969976265,0.9979126149485045,0.9927211883665257,2361,1559,0.07777610421180725,0.12904790043830872,0.6026917695999146,0.8177279829978943,0.5839415788650513,0.7103896103896103,0.612987012987013,0.845398918147692,0.7803053496728055,1.0834206359115457,17.0,4.0,bxpc3+TNFA_MAP2K3,bxpc3+TNFA,MAP2K3,False,True,8
bxpc3+TNFA_MAP3K7,0.048707,0.00518495,9.393919,0.98531747,0.29550606,0.8531070353263819,0.19465439423698025,0.9887461893165517,0.9988028941275355,0.9899312418194698,2170,1715,0.06338619440793991,0.04472501575946808,1.4172425270080566,0.6332881450653076,-0.31632664799690247,0.6785920494829365,-0.13999999999999999,0.8607180077241047,0.9672861934242505,0.8898276576006031,16.0,9.0,bxpc3+TNFA_MAP3K7,bxpc3+TNFA,MAP3K7,False,True,8
bxpc3+TNFA_MAP3K14,0.048246656,0.0029150068,16.55113,0.9845251,0.20982611,0.8541199868280589,0.1825881509684688,0.988219935971291,0.9992894289290476,0.9889226357876917,2272,1688,0.2508732080459595,0.3205103874206543,0.7827303409576416,0.3019025921821594,0.4368894100189209,0.5,0.5,0.7566769428210282,0.8466418265751491,0.89373914572819,1.0,2.0,bxpc3+TNFA_MAP3K14,bxpc3+TNFA,MAP3K14,False,False,8
bxpc3+TNFA_MAPK8,0.052296363,0.00611247,8.555684,0.98353267,0.120464206,0.8549281989101254,0.1019931420346696,0.9873821772363961,0.9986233678479086,0.9887433130713355,2074,1797,0.05709230899810791,0.07214171439409256,0.7913910746574402,0.5388529300689697,0.26167258620262146,0.562031170235017,0.2907692307692308,0.7768870964720038,0.9713454928525497,0.7998051179406,17.0,8.0,bxpc3+TNFA_MAPK8,bxpc3+TNFA,MAPK8,False,False,8
bxpc3+TNFA_MAPK9,0.067349106,0.00504315,13.354571,0.97884285,-0.33759078,0.8577283555722597,-0.09165489792425267,0.9838940475358475,0.9987659339992302,0.9851097379705042,1982,2009,0.6626023650169373,0.6964379549026489,0.9514161944389343,0.8549647331237793,0.061023518443107605,1.0,-0.39999999999999997,0.8623075097066857,0.946079337975767,0.9114536964222052,2.0,2.0,bxpc3+TNFA_MAPK9,bxpc3+TNFA,MAPK9,False,True,8
bxpc3+TNFA_MAPK14,0.036342207,0.010713305,3.3922498,0.98881084,0.5533756,0.8542796761228285,0.3103171722576381,0.9914695904735207,0.9973713626093775,0.9940826733580796,2333,1569,0.1225348487496376,0.21793146431446075,0.5622632503509521,0.7610455751419067,0.6936530470848083,0.7246153846153846,0.66,0.8364650083307863,0.7706650228801369,1.0853807860706342,19.0,6.0,bxpc3+TNFA_MAPK14,bxpc3+TNFA,MAPK14,False,True,8
bxpc3+TNFA_MMP9,0.048437756,0.0026309635,18.410654,0.9848174,0.23698206,0.8499528432659428,0.182015771167739,0.9884489753495624,0.9993530626903703,0.989088853831645,2245,1736,0.2358265221118927,0.2064387947320938,1.1423556804656982,,,,,,,,0.0,1.0,bxpc3+TNFA_MMP9,bxpc3+TNFA,MMP9,False,True,8
bxpc3+TNFA_MTF1,0.055144086,0.0049370085,11.169535,0.9829619,0.039466742,0.8536750086618816,0.07221719462152762,0.987002732625003,0.9988240543523069,0.988164760674522,2067,1821,0.03593817725777626,0.03227989003062248,1.1133302450180054,0.6899606585502625,0.1740812361240387,0.5384615384615385,0.1076923076923077,0.8704484225956145,0.950646417388088,0.9156384610244276,9.0,5.0,bxpc3+TNFA_MTF1,bxpc3+TNFA,MTF1,False,True,8
bxpc3+TNFA_MTOR,0.0617375,0.008414605,7.336946,0.98138857,-0.023621842,0.8548933007786422,0.010827049729828645,0.9856792872423029,0.9980981988562181,0.9875574250828758,1982,1881,0.059728652238845825,0.1154727041721344,0.5172534584999084,0.8129335641860962,0.6200721263885498,0.6869230769230769,0.2353846153846154,0.9101314781358584,0.9857432741782036,0.9232946366229265,18.0,7.0,bxpc3+TNFA_MTOR,bxpc3+TNFA,MTOR,False,False,8
bxpc3+TNFA_MYC,0.054108907,0.0019914962,27.169977,0.98351955,0.033748426,0.860232050920163,0.08365033311642359,0.9874778613606435,0.999516298816878,0.9879557367193669,2152,1809,,,,,,,,,,,,,bxpc3+TNFA_MYC,bxpc3+TNFA,MYC,False,True,8
bxpc3+TNFA_NFAT5,0.06979176,0.027077906,2.577443,0.9780725,0.055662736,0.8233409988743786,0.10139086143102298,0.982697818066333,0.9944752170782675,0.9881571719338206,2093,1714,0.32558098435401917,0.29623711109161377,1.0990554094314575,0.8884970545768738,0.06674396991729736,0.5853325482232651,-0.033846153846153845,0.8770425117274802,0.9085401139244422,0.9653316328974094,13.0,12.0,bxpc3+TNFA_NFAT5,bxpc3+TNFA,NFAT5,False,True,8
bxpc3+TNFA_NFKB1,0.040379975,0.009129016,4.423256,0.98651654,0.40644607,0.8338612266960215,0.28433119604291024,0.9896429144619245,0.9979251439833189,0.9917005503154926,2343,1508,0.039729855954647064,0.1728445589542389,0.2298588752746582,0.8793460726737976,0.8110623955726624,0.7921480407289548,0.6630769230769231,0.9265349169261713,0.9781378281492967,0.9472437219601642,23.0,2.0,bxpc3+TNFA_NFKB1,bxpc3+TNFA,NFKB1,False,True,8
bxpc3+TNFA_NFKBIA,0.046387073,0.003105933,14.934988,0.9849216,0.24534787,0.8427470959455365,0.1974376406136698,0.9884956476967547,0.9992386579954708,0.9892488043644476,2282,1694,0.06290309876203537,0.38027694821357727,0.16541391611099243,0.9999485015869141,0.999951183795929,0.5,0.5,0.9994417227767335,0.997945317464662,1.0014994862803437,3.0,0.0,bxpc3+TNFA_NFKBIA,bxpc3+TNFA,NFKBIA,False,True,8
bxpc3+TNFA_NFKBIE,0.047157094,0.0025457307,18.523993,0.9848423,0.22453071,0.8455042026070156,0.1881055672919545,0.9884542265951887,0.9993752403099982,0.9890721590106415,2301,1660,0.022943444550037384,0.2773905396461487,0.08271170407533646,1.0,1.0,0.9999999999999999,0.9999999999999999,0.9999455002787401,0.6837948954528493,1.4623471262044405,2.0,0.0,bxpc3+TNFA_NFKBIE,bxpc3+TNFA,NFKBIE,False,True,8
bxpc3+TNFA_NKX3-1,0.044844005,0.0027494777,16.310009,0.9854138,0.29409003,0.8401809048684208,0.21211076774180213,0.9888757628217858,0.999322910157405,0.989545774214289,2271,1710,0.4614414572715759,0.24435435235500336,1.888411045074463,,,,,,,,0.0,1.0,bxpc3+TNFA_NKX3-1,bxpc3+TNFA,NKX3-1,False,True,8
bxpc3+TNFA_PDCD5,0.053185496,0.014257288,3.7304077,0.98200005,0.14674917,0.8197700885878946,0.17635776655001345,0.9860803187506678,0.9969506011549014,0.989096468379034,2268,1591,0.09956254810094833,0.1202382817864418,0.8280436992645264,0.5011442303657532,0.3011173605918884,0.5066359008894712,0.3538461538461538,0.8118771815728091,0.9707079752792114,0.8363763379396191,17.0,8.0,bxpc3+TNFA_PDCD5,bxpc3+TNFA,PDCD5,False,True,8
bxpc3+TNFA_PIK3CA,0.06736559,0.010741623,6.2714534,0.9778883,-0.20921978,0.8346086605083783,-0.002770676418700771,0.9829877442542152,0.9975615279197666,0.9853905917002008,2015,1848,0.12695753574371338,0.11107759177684784,1.1429625749588013,0.8198111057281494,0.09335662424564362,0.5415384615384615,-0.022307692307692306,0.9058581214862984,0.9699913122025927,0.9338827163609694,14.0,11.0,bxpc3+TNFA_PIK3CA,bxpc3+TNFA,PIK3CA,False,True,8
bxpc3+TNFA_PTGS2,0.047807936,0.0069120973,6.91656,0.984619,0.24540785,0.8403126398172132,0.17688244327761826,0.9882116513827562,0.9983940818830718,0.9898011910476168,2194,1688,0.22577913105487823,0.26666030287742615,0.8466919660568237,0.8780405521392822,0.33636754751205444,0.5043478260869565,0.15304347826086956,0.8967304414557469,0.8847279316556735,1.0135663285521141,18.0,6.0,bxpc3+TNFA_PTGS2,bxpc3+TNFA,PTGS2,False,True,8
bxpc3+TNFA_RELB,0.050284013,0.0033971719,14.801728,0.984444,0.18460545,0.8540028424799447,0.1601755392170487,0.9881483956750537,0.9991879131484757,0.9889515101932769,2207,1719,0.12273760139942169,0.3518821597099304,0.3488031327724457,1.0,1.0,0.9999999999999999,0.9999999999999999,0.9477970263842693,0.9984899986838416,0.94923036548549,2.0,0.0,bxpc3+TNFA_RELB,bxpc3+TNFA,RELB,False,True,8
bxpc3+TNFA_REPIN1,0.048140943,0.0019159252,25.126734,0.9845711,0.18730026,0.843329334155302,0.1721284702771331,0.98823708635963,0.9995290709523977,0.9887026951782321,2302,1734,,,,,,,,,,,,,bxpc3+TNFA_REPIN1,bxpc3+TNFA,REPIN1,False,True,8
bxpc3+TNFA_SOX4,0.04770975,0.01595413,2.9904325,0.9837662,0.31046808,0.8017504736339989,0.2495039380346099,0.9873810346103141,0.9965625414745617,0.990786823222693,2389,1432,0.08937454968690872,0.10343340784311295,0.864078164100647,0.5061115026473999,0.061935875564813614,0.5121396789812822,0.06461538461538462,0.7805344216534625,0.9326975057530069,0.8368569840050161,19.0,6.0,bxpc3+TNFA_SOX4,bxpc3+TNFA,SOX4,False,True,8
bxpc3+TNFA_SOX9,0.0573473,0.03937696,1.4563669,0.98124325,0.3232904,0.8244807787124744,0.2559201340647786,0.9850070709513947,0.9920816250265382,0.9928689798332327,2359,1444,0.14744339883327484,0.2574704587459564,0.5726613998413086,0.7557556629180908,0.5567506551742554,0.4727832362894154,0.18076923076923077,0.7701915365023546,0.8744918272892179,0.8807303996079904,21.0,4.0,bxpc3+TNFA_SOX9,bxpc3+TNFA,SOX9,False,True,8
bxpc3+TNFA_TNFRSF1A,0.14487925,0.1511702,0.95838505,0.9714179,0.34362066,0.8149123600058032,0.15689273419460467,0.9756940889433746,0.9755872853106257,1.0001094762450855,2078,1683,0.3330478370189667,0.524260938167572,0.6352711319923401,0.33608773350715637,0.5614616870880127,0.3045298200650314,0.19846153846153847,0.6915907033271967,0.7909234634413246,0.8744091372862692,20.0,5.0,bxpc3+TNFA_TNFRSF1A,bxpc3+TNFA,TNFRSF1A,False,True,8
bxpc3+TNFA_TNFRSF1B,0.049999576,0.00240061,20.827864,0.9842107,0.16329218,0.8528419693641318,0.11509435946660192,0.9879916436581204,0.9994206604060414,0.9885643581319625,2184,1798,0.08873424679040909,0.05970701575279236,1.4861611127853394,1.0,-1.0,0.9999999999999999,-0.9999999999999999,0.9748728767625136,0.99988379881162,0.9749861713142743,1.0,1.0,bxpc3+TNFA_TNFRSF1B,bxpc3+TNFA,TNFRSF1B,False,True,8
bxpc3+TNFA_TRAF1,0.047273543,0.0064717773,7.304569,0.9846334,0.24194402,0.8456651773872859,0.18807103829761757,0.9882111553766303,0.9984825753305293,0.9897129702533879,2195,1675,0.04523112252354622,0.08349230140447617,0.5417400598526001,0.8083602786064148,0.580592155456543,0.6039623116146315,0.25230769230769234,0.8814677768479549,0.9644968466941247,0.9139146279941118,20.0,5.0,bxpc3+TNFA_TRAF1,bxpc3+TNFA,TRAF1,False,True,8
bxpc3+TNFA_TRAF2,0.053321302,0.008554349,6.233239,0.9829777,0.11514029,0.8463033130327592,0.12133257034016111,0.9868716740389826,0.9980905339029305,0.9887596771205938,2143,1715,0.08150698989629745,0.08805792778730392,0.9256064891815186,0.6245996356010437,0.512689471244812,0.7846153846153846,0.12461538461538461,0.8672294080466008,0.9729861083046065,0.891307081000074,18.0,7.0,bxpc3+TNFA_TRAF2,bxpc3+TNFA,TRAF2,False,True,8
bxpc3+TNFA_TRAF3,0.052467242,0.0037421745,14.020523,0.9828384,0.0048794607,0.8415167123274455,0.050967259988625495,0.9868968781138099,0.9991054761447963,0.9877804713091003,2080,1849,0.03337353840470314,0.2516207993030548,0.1326342523097992,0.9955323338508606,0.9593111872673035,0.8999999999999998,0.8999999999999998,0.9958881885827229,0.9829095977851496,1.0132042568582285,5.0,0.0,bxpc3+TNFA_TRAF3,bxpc3+TNFA,TRAF3,False,True,8
bxpc3+TNFA_ZFP36L1,0.058840454,0.0070054163,8.39928,0.9820672,0.004982436,0.8545073205607082,0.05659477831330531,0.9862735450590017,0.9984414578731514,0.9878130933784847,2071,1833,0.04274136945605278,0.06783020496368408,0.6301229596138,0.9126697182655334,0.5181723833084106,0.5304866418576923,0.6199999999999999,0.9308487978850544,0.9618681814693313,0.9677508995703629,18.0,7.0,bxpc3+TNFA_ZFP36L1,bxpc3+TNFA,ZFP36L1,False,False,8
bxpc3+TNFA_ZNF22,0.053471245,0.0038156284,14.013745,0.9823451,-0.064480565,0.8275089643793666,0.029407690137510586,0.9865021099855676,0.9991012066886316,0.9873895691260131,2069,1839,0.0141289746388793,0.047950368374586105,0.2946583032608032,0.3535621762275696,0.39980706572532654,0.3142857142857143,-0.028571428571428574,0.8234427045776067,0.8592578418484837,0.9583185214884632,6.0,0.0,bxpc3+TNFA_ZNF22,bxpc3+TNFA,ZNF22,False,True,8
bxpc3+TNFA_ZNF267,0.046195123,0.014491296,3.187784,0.98458636,0.29883212,0.8294914258251972,0.23538859673162948,0.9880713432862311,0.9967880190005749,0.9912552362707133,2263,1583,0.150824636220932,0.17367859184741974,0.8684123754501343,0.6450759768486023,0.32233238220214844,0.7339873188284822,0.23384615384615384,0.7261383311559669,0.6533230095514727,1.111453784024053,19.0,6.0,bxpc3+TNFA_ZNF267,bxpc3+TNFA,ZNF267,False,True,8
hap1+IFNB_ELK1,0.0046861186,0.0058952486,0.79489756,0.99847716,0.38031375,0.9086489941299125,0.38528404154564794,0.9988013311640078,0.9986098428785583,1.0001917548548265,2541,1312,0.02679511159658432,0.05903825908899307,0.4538601338863373,0.9756486415863037,0.5959709882736206,0.9484221440020139,0.6884615384615385,0.9776868524956508,0.9661322847306083,1.011959612516483,25.0,0.0,hap1+IFNB_ELK1,hap1+IFNB,ELK1,True,False,8
hap1+IFNB_MAP3K14,0.002432826,0.0029297213,0.83039504,0.99921346,0.44392398,0.9180831326787561,0.3941901154293324,0.999387492631407,0.9993029794098834,1.0000845721700675,2535,1364,0.02063729055225849,0.04898139461874962,0.42132917046546936,,,,,,,,1.0,0.0,hap1+IFNB_MAP3K14,hap1+IFNB,MAP3K14,True,False,8
hap1+IFNB_MAPK8,0.0020530173,0.0024386852,0.84185416,0.99934334,0.46931928,0.9257200941549567,0.38969446276933445,0.9994948177846478,0.9994084866230099,1.000086382257899,2586,1365,,,,,,,,,,,,,hap1+IFNB_MAPK8,hap1+IFNB,MAPK8,True,False,8
hap1+INS_CHUK,0.010313803,0.0020333943,5.0722103,0.9968252,0.1658783,0.869190579043318,0.2399714534226609,0.9975259946506956,0.9994964316684011,0.9980285702326958,2463,1560,0.08613399416208267,0.08017664402723312,1.0743027925491333,0.9551355838775635,-0.229142963886261,0.8928571428571429,0.07142857142857144,0.8477258884173196,0.7647714434836479,1.1084695900199957,6.0,1.0,hap1+INS_CHUK,hap1+INS,CHUK,False,False,8
hap1+INS_COPS4,0.041797664,0.05493769,0.76081944,0.988455,0.39311972,0.8259232120330817,0.4228425773319675,0.9900845789183683,0.9895111900564257,1.0005794667788546,2690,1199,0.11867788434028625,0.17812421917915344,0.6662647128105164,-0.08087479323148727,0.28335142135620117,-0.18675892885598477,0.32846153846153847,0.7593414542294183,0.7709505338592905,0.9849418618704907,22.0,3.0,hap1+INS_COPS4,hap1+INS,COPS4,False,True,8
hap1+INS_DR1,0.0363039,0.040073384,0.90593547,0.9892106,0.24947676,0.8350998644515837,0.3159039787044658,0.9908513741291349,0.9916254775063884,0.9992193591282063,2489,1407,0.12896636128425598,0.16233108937740326,0.7944649457931519,0.4376460313796997,0.23441290855407715,0.405408427199491,0.1623076923076923,0.8677999000055118,0.8796364444250108,0.9865438221727657,18.0,7.0,hap1+INS_DR1,hap1+INS,DR1,False,True,8
hap1+INS_EIF2B1,0.015243946,0.010045725,1.517456,0.9958702,0.21868774,0.8664356734690302,0.11916699241494869,0.9965788027200567,0.9976692366779937,0.9989070185610134,2044,1879,0.047899745404720306,0.08517728000879288,0.5623535513877869,0.8890738487243652,0.7278493642807007,0.7459586505989866,0.38461538461538464,0.879348784305184,0.9227749503268892,0.9529395916021327,19.0,6.0,hap1+INS_EIF2B1,hap1+INS,EIF2B1,False,True,8
hap1+INS_ELK1,0.010249477,0.0030284915,3.3843505,0.99666524,0.12156214,0.8757546124756802,0.1875154385546979,0.9974116639152734,0.9992313612179387,0.9981789029315019,2295,1708,0.0089875478297472,0.013468737713992596,0.6672895550727844,0.27598753571510315,0.44525811076164246,0.4776923076923077,0.3446153846153846,0.8382551214925997,0.9543832483357667,0.8783212854524964,19.0,6.0,hap1+INS_ELK1,hap1+INS,ELK1,False,False,8
hap1+INS_FOS,0.008575164,0.0016967171,5.0539737,0.997141,0.18541929,0.8842479565812671,0.18323470868868896,0.9977868300121872,0.9995782915732528,0.9982077826457735,2277,1754,0.13748478889465332,0.06863296777009964,2.0031888484954834,0.9981127381324768,-0.9439612030982971,1.0,-1.0,0.9993863418500536,0.9955263744304025,1.0038773130665268,1.0,2.0,hap1+INS_FOS,hap1+INS,FOS,False,True,8
hap1+INS_FOXM1,0.013437288,0.009619333,1.3969043,0.9958972,0.25082737,0.8657259866416659,0.19925963602603755,0.9967022547270734,0.9977160896756996,0.9989838442427488,2216,1718,0.03062378615140915,0.06295304745435715,0.48645439743995667,0.7676167488098145,0.7712925672531128,0.7546153846153847,0.3923076923076923,0.9272032996401953,0.9634617399231176,0.9623664969967405,23.0,2.0,hap1+INS_FOXM1,hap1+INS,FOXM1,False,True,8
hap1+INS_FOXO1,0.009659025,0.0016853908,5.7310295,0.9968137,0.09861362,0.8746740210440255,0.1640066303582583,0.9975267941950527,0.9995830480805031,0.9979428883979186,2334,1772,0.0017893814947456121,0.021654555574059486,0.08263302594423294,,,,,,,,1.0,0.0,hap1+INS_FOXO1,hap1+INS,FOXO1,False,True,8
hap1+INS_FOXO3,0.009512982,0.0023767687,4.0024853,0.99683976,0.1459075,0.8763966297851035,0.17564119340250342,0.9975527452292822,0.9994026843097836,0.9981489552614329,2271,1753,0.7702316641807556,0.6519811749458313,1.1813709735870361,1.0,-1.0,0.9999999999999999,-0.9999999999999999,0.9998638386498069,0.9995304830307999,1.0003335122086483,1.0,1.0,hap1+INS_FOXO3,hap1+INS,FOXO3,False,True,8
hap1+INS_FOXO4,0.03804802,0.04513863,0.8429148,0.98868555,0.30472067,0.8297533322872572,0.35671673508223856,0.9904208435041421,0.9906591842609307,0.9997594119546104,2572,1332,0.12941256165504456,0.16083022952079773,0.8046532273292542,0.3996410071849823,0.12116871774196625,0.2973408899378367,-0.02923076923076923,0.7527997851860863,0.7884335827458155,0.954804312830473,18.0,7.0,hap1+INS_FOXO4,hap1+INS,FOXO4,False,True,8
hap1+INS_GRB2,0.009012232,0.0016474344,5.4704647,0.99714255,0.18096074,0.8876101005504815,0.16063585688584575,0.9977909831648248,0.9995848138738741,0.9982054242079796,2248,1813,,,,,,,,,,,,,hap1+INS_GRB2,hap1+INS,GRB2,False,True,8
hap1+INS_GRB10,0.0095329,0.0019351471,4.9261885,0.9970249,0.16321945,0.8857439026228534,0.1621364881571355,0.9977033670794311,0.9995057250067633,0.9981967507716677,2295,1839,,,,,,,,,,,,,hap1+INS_GRB10,hap1+INS,GRB10,False,True,8
hap1+INS_HSF1,0.009809624,0.0033656182,2.9146576,0.99694157,0.20771089,0.885353038836824,0.16315973810298945,0.9976081819533688,0.999178369998418,0.9984285207804771,2181,1800,0.029029948636889458,0.03144006431102753,0.9233425259590149,0.9840795993804932,-0.2374802678823471,0.6292307692307691,0.15076923076923077,0.9826723424922604,0.9625083778172014,1.0209493913401433,19.0,6.0,hap1+INS_HSF1,hap1+INS,HSF1,False,False,8
hap1+INS_IGF2,0.009055817,0.0014113183,6.4165654,0.9970946,0.15384454,0.8850057348538949,0.16495739904308876,0.9977587156146647,0.9996396656399394,0.9981183719594894,2340,1852,0.00013356936688069254,0.13609760999679565,0.0009814233053475618,,,,,,,,1.0,0.0,hap1+INS_IGF2,hap1+INS,IGF2,False,True,8
hap1+INS_IKBKB,0.014832558,0.007597308,1.952344,0.99546283,0.22481036,0.8405633080410425,0.2907335930931545,0.9964323406428687,0.9982243282536587,0.9982048247472339,2535,1397,0.03487806394696236,0.05752537399530411,0.6063074469566345,0.9276366233825684,-0.21326109766960144,0.5042508627833668,-0.21384615384615382,0.9471457465782217,0.9346793446728714,1.0133376242626966,24.0,1.0,hap1+INS_IKBKB,hap1+INS,IKBKB,False,True,8
hap1+INS_INSR,0.009196793,0.0013737115,6.69485,0.9969686,0.13058925,0.8750743024968086,0.15184763134940446,0.9976529489407608,0.9996551987236918,0.997997059600663,2300,1777,,,,,,,,,,,,,hap1+INS_INSR,hap1+INS,INSR,False,True,8
hap1+INS_IRS1,0.0108742565,0.0045408416,2.3947668,0.99643457,0.17100678,0.8852096013045935,0.17422964053156004,0.9972443562741193,0.9988418148959616,0.9984006890800736,2279,1769,0.06061171740293503,0.0819280594587326,0.7398163676261902,0.9596390724182129,0.525177001953125,0.8021978021978022,0.5120879120879122,0.9200253078138404,0.8751488272032691,1.0512786845112778,9.0,5.0,hap1+INS_IRS1,hap1+INS,IRS1,False,True,8
hap1+INS_IRS2,0.008482928,0.0011960749,7.0923057,0.9972348,0.20224917,0.8814038689636204,0.1729620262446384,0.9978653850875643,0.9996973617638103,0.9981674687297226,2312,1833,,,,,,,,,,,,,hap1+INS_IRS2,hap1+INS,IRS2,False,True,8
hap1+INS_IRS4,0.009522169,0.0018647324,5.1064534,0.9968225,0.08444688,0.8792083254853006,0.12145159792960779,0.9975407446913022,0.9995346042524645,0.9980052120730192,2236,1812,0.007172704674303532,0.010892659425735474,0.6584897637367249,1.0,-1.0,0.9999999999999999,-0.9999999999999999,0.9999621855589561,0.9991901599632615,1.0007726513196677,2.0,0.0,hap1+INS_IRS4,hap1+INS,IRS4,False,True,8
hap1+INS_MAPK1,0.010714531,0.0028850115,3.7138608,0.9964348,0.0643395,0.8789433662582793,0.12522453070407316,0.9972361356060756,0.9992890920118718,0.9979455830928136,2232,1791,0.23147901892662048,0.24995580315589905,0.9260798096656799,0.9992104172706604,0.2695923447608948,0.6606060606060605,0.8303030303030302,0.9965342922177608,0.9961047611501029,1.000431210736471,7.0,3.0,hap1+INS_MAPK1,hap1+INS,MAPK1,False,True,8
hap1+INS_MAPK3,0.007920597,0.0016074488,4.9274335,0.99736863,0.2617408,0.8913360135678731,0.22184241999249024,0.9979659278287633,0.9995948212525102,0.9983704463157322,2318,1719,,,,,,,,,,,,,hap1+INS_MAPK3,hap1+INS,MAPK3,False,True,8
hap1+INS_MTOR,0.034204584,0.03296989,1.0374491,0.9919229,0.21865177,0.8482483198075941,0.16700672138885966,0.993005012164951,0.9934008481193731,0.9996015345112987,2153,1738,0.12050065398216248,0.13492923974990845,0.8930655121803284,0.48684069514274597,0.09340408444404602,0.5933529158159655,0.19153846153846155,0.8537570301245467,0.8805194690402555,0.9696060793012571,18.0,7.0,hap1+INS_MTOR,hap1+INS,MTOR,False,False,8
hap1+INS_PIK3CA,0.009808806,0.005199541,1.8864753,0.9969157,0.34566528,0.8623072865661767,0.3266967932710235,0.9975753895112156,0.9987748108868529,0.9987991073037051,2497,1447,0.023006850853562355,0.036338094621896744,0.6331331133842468,0.43845194578170776,-0.12525218725204468,0.49624928788718137,0.004615384615384616,0.8700710603933834,0.936182081457482,0.9293823046034222,22.0,3.0,hap1+INS_PIK3CA,hap1+INS,PIK3CA,False,True,8
hap1+INS_POLR2G,0.116659544,0.19966944,0.5842634,0.96487653,0.6367776,0.7611238165292176,0.636402733084524,0.9697600004691347,0.9668234398005815,1.00303732879,2948,814,0.24089716374874115,0.37619686126708984,0.6403486728668213,-0.3158562183380127,0.09832238405942917,-0.4069409804117319,0.13307692307692306,0.04729870406704573,0.06515913421581421,0.7258952200068716,20.0,5.0,hap1+INS_POLR2G,hap1+INS,POLR2G,False,True,8
hap1+INS_POLR2L,0.043761816,0.078682706,0.5561809,0.9850949,0.5696416,0.7998437429005322,0.5812887362014405,0.9873204933932812,0.9858747682892565,1.0014664388931807,2908,920,0.10451633483171463,0.19554521143436432,0.5344868302345276,0.14352622628211975,0.1753627508878708,0.2795196811602285,0.30153846153846153,0.556754766967726,0.6456086887365525,0.8623718619049063,24.0,1.0,hap1+INS_POLR2L,hap1+INS,POLR2L,False,True,8
hap1+INS_PTEN,0.010271526,0.0019186242,5.3535895,0.996733,0.03702657,0.8925614371555194,0.11775338106770028,0.9974785296010824,0.9995146421737522,0.9979628987042735,2312,1854,2.795889139175415,2.629000186920166,1.063480019569397,,,,,,,,0.0,1.0,hap1+INS_PTEN,hap1+INS,PTEN,False,True,8
hap1+INS_RAD51,0.03288877,0.054184027,0.60698277,0.9883299,0.50602806,0.7993999845665182,0.5558242762515802,0.9901881506244338,0.989321245188364,1.0008762628320034,2941,952,0.11024683713912964,0.20130959153175354,0.5476481914520264,0.1624068170785904,0.20949043333530426,0.377474013696364,0.47846153846153844,0.7008798118199171,0.8035182026631169,0.8722637639035142,23.0,2.0,hap1+INS_RAD51,hap1+INS,RAD51,False,True,8
hap1+INS_RPS6KB1,0.011149559,0.006057129,1.8407334,0.99655896,0.23164542,0.8771328307286118,0.20085567237251334,0.9972538608837371,0.9985939722232684,0.9986580017736862,2240,1704,0.026242585852742195,0.047016702592372894,0.5581545233726501,0.8179929256439209,0.508834183216095,0.5281785056349613,-0.11846153846153845,0.8973558557189466,0.962315615090416,0.9324964093351369,22.0,3.0,hap1+INS_RPS6KB1,hap1+INS,RPS6KB1,False,True,8
hap1+INS_SGK1,0.009612048,0.0020412307,4.7089477,0.99683505,0.09654019,0.8824531672087543,0.11723645634561418,0.9975508166734856,0.9994935642986335,0.9980562679995731,2253,1825,,,,,,,,,,,,,hap1+INS_SGK1,hap1+INS,SGK1,False,True,8
hap1+INS_SHC1,0.0098288385,0.0032769875,2.999352,0.99680567,0.22067106,0.8710547747532514,0.21551084086679598,0.9975133579455595,0.9992071406823165,0.9983048732662174,2390,1582,0.019278068095445633,0.019824068993330002,0.9724577069282532,0.6826257109642029,0.1010773703455925,0.5151981912715274,0.1523076923076923,0.8596685941043828,0.9675801206862057,0.8884727742181264,23.0,2.0,hap1+INS_SHC1,hap1+INS,SHC1,False,True,8
hap1+INS_SMARCE1,0.034832064,0.057674974,0.6039372,0.98717153,0.5208098,0.791808966300852,0.5414045419142066,0.9895269415273543,0.9882114654246268,1.0013311686301496,2932,955,0.1975114941596985,0.30917707085609436,0.6388297080993652,0.9177719950675964,0.45183616876602173,0.48484381039295954,0.09307692307692307,0.8831145808258859,0.8524239670758776,1.0360039310664717,20.0,5.0,hap1+INS_SMARCE1,hap1+INS,SMARCE1,False,True,8
hap1+INS_SP1,0.011898136,0.004434052,2.683355,0.9960387,0.052071795,0.8708170593866208,0.13065588830714323,0.9969126274803846,0.9989241476626884,0.9979863133882483,2207,1776,0.01158951036632061,0.022964952513575554,0.5046607851982117,0.7400625944137573,0.29845109581947327,0.7243700845671027,0.1946153846153846,0.9257322581235624,0.925158536611529,1.000620133187264,21.0,4.0,hap1+INS_SP1,hap1+INS,SP1,False,True,8
hap1+INS_SREBF1,0.008505785,0.0012541199,6.7822742,0.9971816,0.16607079,0.8874538423696489,0.1784271709555694,0.9978185512043217,0.9996818040128908,0.9981361541231524,2331,1776,0.021345579996705055,0.015932433307170868,1.3397564888000488,,,,,,,,0.0,1.0,hap1+INS_SREBF1,hap1+INS,SREBF1,False,True,8
hap1+INS_SREBF2,0.009950572,0.0026148346,3.8054307,0.99672294,0.115522504,0.8866178953690513,0.1836655184182584,0.9974667604763704,0.9993332170041411,0.9981322981203746,2337,1751,8.778822666499764e-05,0.011266212910413742,0.0077921682968735695,,,,,,,,1.0,0.0,hap1+INS_SREBF2,hap1+INS,SREBF2,False,True,8
hap1+INS_SRF,0.020139068,0.017460577,1.1534022,0.9943342,0.21242267,0.8579330248597055,0.2166178567500727,0.9952148325575482,0.9962323153382842,0.998978669166749,2257,1653,0.0679774060845375,0.07560024410486221,0.8991691470146179,-0.09647781401872635,-0.092969611287117,0.07082373153261792,-0.0015384615384615385,0.7403741081111117,0.8894168290830864,0.8324264663109364,21.0,4.0,hap1+INS_SRF,hap1+INS,SRF,False,True,8
hap1+INS_TAF3,0.023862433,0.021461831,1.1118544,0.9934255,0.20356292,0.8560417503046402,0.19085997550262732,0.9944404618594801,0.9953114732880758,0.9991248855740422,2259,1648,0.05657307803630829,0.0680900439620018,0.8308568000793457,0.5881187319755554,0.4456466734409332,0.6154293624226954,0.4807692307692307,0.8729861581618309,0.8291369543098537,1.0528853570258194,16.0,9.0,hap1+INS_TAF3,hap1+INS,TAF3,False,True,8
hap1+INS_TAF7,0.009401918,0.001954247,4.8110185,0.99687004,0.12162131,0.8772340904486017,0.14748097475592017,0.9975743478330571,0.999511198750187,0.9980622018847295,2237,1811,0.012594569474458694,0.017840592190623283,0.7059502005577087,0.9796843528747559,-0.08527779579162598,1.0,0.5,0.9906681179741427,0.898802892215482,1.1022084225076532,2.0,1.0,hap1+INS_TAF7,hap1+INS,TAF7,False,True,8
hap1+INS_TAF8,0.022191651,0.019204218,1.1555613,0.9932451,0.1613001,0.8549065121983968,0.22725794479811887,0.9944404064034643,0.9957748646801923,0.9986598795329539,2339,1564,0.09930799156427383,0.08344551175832748,1.1900938749313354,0.590313196182251,-0.3542434573173523,0.6539446025158283,-0.3646153846153847,0.8826167996457428,0.91719556073558,0.9622994674526059,18.0,7.0,hap1+INS_TAF8,hap1+INS,TAF8,False,True,8
hap1+INS_TSC1,0.015057979,0.0066324347,2.2703547,0.9951457,0.07636191,0.8631940769921065,0.13306496371424975,0.9962195476950423,0.9983179154034704,0.9978980967124285,2254,1747,0.11644302308559418,0.09969166666269302,1.1680316925048828,0.8860090374946594,-0.26652899384498596,0.8497788193354912,-0.06,0.8914589335452878,0.9126064347889958,0.9768273590481558,17.0,8.0,hap1+INS_TSC1,hap1+INS,TSC1,False,True,8
hap1+INS_TSC2,0.01581048,0.0053756647,2.941121,0.99522007,-0.0045567313,0.8707113448212722,0.10711737520092685,0.9962414368965906,0.9986284124777618,0.9976097459762349,2245,1841,0.5612248182296753,0.28813260793685913,1.9478003978729248,0.9674713611602783,-0.7262236475944519,0.8666666666666667,-0.8833333333333333,0.9781850821037049,0.9813192331361352,0.9968061860742156,4.0,5.0,hap1+INS_TSC2,hap1+INS,TSC2,False,True,8
hap1+INS_TTF1,0.012027937,0.0056509096,2.1284957,0.99597275,0.1623092,0.8604160382664305,0.20670992856230347,0.9968451997567189,0.9986712239918117,0.9981715461593116,2374,1575,0.03703147545456886,0.05184537544846535,0.7142676711082458,0.9639487862586975,0.3242727220058441,0.8570879173741396,0.3030769230769231,0.9703518128245185,0.9697550656088166,1.0006153586991857,18.0,7.0,hap1+INS_TTF1,hap1+INS,TTF1,False,True,8
hap1+INS_TTF2,0.09680244,0.12500964,0.7743598,0.97748816,0.4396479,0.8018652153480699,0.4472608446255028,0.9804124117409462,0.978030921688762,1.0024349844154947,2661,1179,0.231535866856575,0.3177134096622467,0.7287569642066956,,0.4540417790412903,,0.3146153846153846,,,,20.0,5.0,hap1+INS_TTF2,hap1+INS,TTF2,False,True,8
hap1+INS_XBP1,0.018621707,0.018260114,1.0198023,0.9937321,0.26898438,0.8386865642943577,0.31802078127377054,0.9949110757104823,0.9959932634532792,0.9989134587727584,2527,1386,0.10560707747936249,0.13302062451839447,0.7939150333404541,0.6521918773651123,0.08778242766857147,0.6397437448275272,0.21307692307692308,0.8615982250919909,0.8941749758207247,0.9635678121065365,20.0,5.0,hap1+INS_XBP1,hap1+INS,XBP1,False,True,8
hap1+INS_ZNF593,0.00950949,0.0022760644,4.178041,0.99694467,0.19021907,0.8765885142927188,0.21679037681182092,0.9976201977665488,0.9994195408728638,0.9981996118419463,2335,1724,0.003392124082893133,0.017650917172431946,0.19217835366725922,0.7947137355804443,0.8889154195785522,0.8214285714285715,0.7857142857142859,0.926418027363636,0.9528688764691788,0.9722408300252648,7.0,0.0,hap1+INS_ZNF593,hap1+INS,ZNF593,False,True,8
hap1+TGFB_SKP1,0.10550986,0.17942886,0.5880317,0.9739175,0.7373352,0.7916265752829005,0.7435258154795704,0.977295655984619,0.9705065463822319,1.0069954289620147,2910,603,0.28272953629493713,0.5535600781440735,0.5107476711273193,0.49676513671875,0.5251864790916443,0.5113934114791109,0.33999999999999997,0.6864293548517137,0.6740216421664229,1.0184084781690546,24.0,1.0,hap1+TGFB_SKP1,hap1+TGFB,SKP1,True,False,8
hap1+TNFA_MAP3K14,0.00501365,0.004442087,1.1286699,0.9983481,0.4290765,0.8866106846209729,0.3380828136457419,0.9987064570678273,0.9989179611363059,0.9997882668280006,2300,1396,0.03207175061106682,0.12904508411884308,0.24853135645389557,0.9835634827613831,0.9646354913711548,0.6,0.9999999999999999,0.9747808645012723,0.9743613095042807,1.0004305948860028,5.0,0.0,hap1+TNFA_MAP3K14,hap1+TNFA,MAP3K14,True,False,8
hap1+TNFA_MAPK8,0.0050619124,0.0025524953,1.9831231,0.99833566,0.31176388,0.8920516805786585,0.27350204130440714,0.9987043247679754,0.9993580699997043,0.9993458348400298,2273,1464,,,,,,,,,,,,,hap1+TNFA_MAPK8,hap1+TNFA,MAPK8,True,False,8
hap1+TNFA_ZFP36L1,0.0069840774,0.0033682315,2.0735147,0.9981226,0.2683334,0.8968868181413835,0.23449097432353183,0.9985432945818724,0.9991568906343538,0.9993858861824074,2217,1555,0.020641503855586052,0.24859197437763214,0.08303366601467133,,,,,,,,1.0,0.0,hap1+TNFA_ZFP36L1,hap1+TNFA,ZFP36L1,True,False,8
ht29+IFNB_ELK1,0.003952274,0.0030145447,1.3110683,0.9989395,0.43554646,0.8669912292212705,0.36848132829296054,0.9991590359313602,0.9992635658599884,0.9998953930352317,2435,1242,0.01201451476663351,0.03767969086766243,0.31885915994644165,,,,,,,,1.0,0.0,ht29+IFNB_ELK1,ht29+IFNB,ELK1,True,False,8
ht29+IFNB_MAP3K14,0.0037366431,0.0028705369,1.3017228,0.9988984,0.41272938,0.8818404346102509,0.36991115496322197,0.9991344533454228,0.9993007511186542,0.9998335858618687,2410,1235,,,,,,,,,,,,,ht29+IFNB_MAP3K14,ht29+IFNB,MAP3K14,True,False,8
ht29+IFNB_MAPK8,0.003565651,0.0031999145,1.1142957,0.99897027,0.46490422,0.8847309421235189,0.4164149655445897,0.9991897882387534,0.9992277879932264,0.9999619708789831,2523,1152,,,,,,,,,,,,,ht29+IFNB_MAPK8,ht29+IFNB,MAPK8,True,False,8
ht29+INS_HSF1,0.0040924996,0.0011532733,3.548595,0.9986393,0.18364519,0.8758138144529146,0.16082560741557378,0.9989378681013842,0.9996998186295897,0.9992378206797616,2389,1902,0.001815897529013455,0.006671656388789415,0.2721809148788452,,,,,,,,1.0,0.0,ht29+INS_HSF1,ht29+INS,HSF1,True,False,8
ht29+TGFB_CHUK,0.0056819553,0.008985933,0.63231665,0.99811584,0.5393833,0.8635686924339964,0.46921469013390693,0.9984932620735889,0.9979715247804787,1.0005227977754425,2518,1061,0.04397760331630707,0.10756086558103561,0.40886250138282776,0.8009034991264343,0.45850473642349243,0.7123076923076922,0.4576923076923077,0.954480164758843,0.962289288830465,0.9918848477663998,25.0,0.0,ht29+TGFB_CHUK,ht29+TGFB,CHUK,True,False,8
ht29+TGFB_HDAC4,0.008789572,0.009226598,0.9526341,0.9976752,0.32605547,0.8686776762613517,0.27253853881669055,0.9980812785838805,0.9978842237094504,1.0001974726824496,2115,1458,0.15302713215351105,0.1676207184791565,0.9129368662834167,0.990945041179657,-0.31562522053718567,0.5753846153846153,-0.06923076923076923,0.9823586156893572,0.9737419514583213,1.0088490222878157,17.0,8.0,ht29+TGFB_HDAC4,ht29+TGFB,HDAC4,True,False,8
ht29+TGFB_SKP1,0.016081184,0.034236334,0.46971104,0.9947424,0.66708374,0.8308046292094257,0.6359080470814442,0.9955641036178486,0.993155432391377,1.002425271158888,2761,747,0.08960362523794174,0.19363757967948914,0.4627388119697571,0.7296078205108643,0.37617629766464233,0.6273835855820826,0.3392307692307693,0.9117087232975865,0.897607849199052,1.0157093925940117,25.0,0.0,ht29+TGFB_SKP1,ht29+TGFB,SKP1,True,False,8
ht29+TGFB_SMAD2,0.0043007387,0.0017905142,2.4019573,0.9987694,0.28544044,0.8889765457166022,0.2668630728223107,0.9990142464448379,0.9995491467511083,0.9994648584234113,2301,1487,,,,,,,,,,,,,ht29+TGFB_SMAD2,ht29+TGFB,SMAD2,True,False,8
ht29+TGFB_SMAD9,0.0050169663,0.0020014779,2.506631,0.99877954,0.30103466,0.8829168217775935,0.2758618819140301,0.9990271607371204,0.9994960385099566,0.9995308858116785,2282,1447,,,,,,,,,,,,,ht29+TGFB_SMAD9,ht29+TGFB,SMAD9,True,False,8
ht29+TNFA_CASP3,0.004232771,0.0026468704,1.5991607,0.99896413,0.34697872,0.846327860254846,0.34143535984614726,0.9991740310516174,0.9993606349177693,0.9998132767495217,2590,1371,0.006240800488740206,0.020305505022406578,0.3073452413082123,0.8542647361755371,0.4623819589614868,0.5950733095077569,0.6038461538461538,0.9481896468556349,0.955712004418665,0.99212905401601,23.0,2.0,ht29+TNFA_CASP3,ht29+TNFA,CASP3,True,False,8
ht29+TNFA_CHUK,0.011739937,0.013367465,0.8782471,0.9961018,0.31686077,0.8935347602624248,0.2505341398839094,0.9969449531041805,0.9966501551812177,1.0002957887694397,2387,1566,0.4970986843109131,0.6308653354644775,0.7879632115364075,0.8742998838424683,0.4872404932975769,0.8207692307692308,0.4792307692307692,0.9664659725387272,0.9663187844829957,1.0001523183219607,22.0,3.0,ht29+TNFA_CHUK,ht29+TNFA,CHUK,True,False,8
ht29+TNFA_JUNB,0.0026852626,0.00175439,1.5305961,0.999228,0.20883724,0.9066988183382064,0.18592508876907893,0.9993825365946326,0.9995603860766159,0.9998220722985218,2206,1780,0.008388837799429893,0.010531824082136154,0.7965227961540222,0.7702649235725403,0.25377771258354187,0.7963624973438185,0.287012987012987,0.9433468018363205,0.9758601719678548,0.9666823474658567,14.0,7.0,ht29+TNFA_JUNB,ht29+TNFA,JUNB,True,False,8
ht29+TNFA_MAP3K14,0.0018573677,0.0010510272,1.7671927,0.9994118,0.27245522,0.9091794698245889,0.25400273443831317,0.9995414913451719,0.9997369066945031,0.9998045332246688,2407,1630,,,,,,,,,,,,,ht29+TNFA_MAP3K14,ht29+TNFA,MAP3K14,True,False,8
ht29+TNFA_MTOR,0.007553012,0.0063645556,1.1867305,0.9980428,0.10353143,0.8860581222447826,0.10271582015800443,0.9983881127388755,0.9984932874112346,0.9998946666205121,2050,1877,0.028072291985154152,0.02993132546544075,0.9378900527954102,0.6975823044776917,0.2989034950733185,0.6274283632123975,0.2684615384615385,0.923242637467057,0.9420285690928127,0.9800580022282691,15.0,10.0,ht29+TNFA_MTOR,ht29+TNFA,MTOR,True,False,8
ht29+TNFA_ZFP36L1,0.005967218,0.0052076783,1.14585,0.9982711,0.18224262,0.9021657627396429,0.15261837585827656,0.9986520248934148,0.9986906840690226,0.999961290140957,2193,1818,0.015326837077736855,0.018513290211558342,0.8278829455375671,0.7172274589538574,0.291327565908432,0.5789070229622681,0.39692307692307693,0.6671866973828461,0.617325735880035,1.080769290189613,18.0,7.0,ht29+TNFA_ZFP36L1,ht29+TNFA,ZFP36L1,True,False,8
k562+IFNB_ELK1,0.012826537,0.007964444,1.6104748,0.996271,0.2731134,0.9018615002962315,0.3279745624652739,0.996961831394136,0.9977173486982923,0.9992427541676587,2383,1296,0.5689334273338318,0.5255213379859924,1.082607626914978,0.590083658695221,0.6861547827720642,0.49999999999999994,0.6,0.9063634698681546,0.866119114622931,1.0464651507694114,2.0,3.0,k562+IFNB_ELK1,k562+IFNB,ELK1,True,False,8
k562+IFNB_MAP3K14,0.0052239737,0.011681188,0.44721255,0.99799144,0.6895324,0.8937977807291843,0.6010586120420754,0.99842281564806,0.9970005417701523,1.001426552763334,2714,859,0.09888122975826263,0.2916402518749237,0.3390520513057709,0.7949491143226624,0.8215627670288086,0.7619047619047621,0.8095238095238096,0.969615752635169,0.9575924426660637,1.0125557694833418,8.0,0.0,k562+IFNB_MAP3K14,k562+IFNB,MAP3K14,True,False,8
k562+INS_CHUK,0.009224649,0.005479564,1.6834639,0.9970584,0.2846656,0.894961364248998,0.2883720266471723,0.9976910496607716,0.9984005988208617,0.9992893141681524,2540,1485,0.07965708523988724,0.1815892606973648,0.43866628408432007,0.6576268672943115,0.7418981194496155,0.8260869565217391,0.7922077922077924,0.7812737980100061,0.702976269978994,1.1113800442130881,19.0,3.0,k562+INS_CHUK,k562+INS,CHUK,True,False,8
k562+INS_HSF1,0.0060490356,0.0045244326,1.336971,0.9977759,0.38681054,0.9090362825237251,0.3088321726510833,0.9982717529357369,0.9986771058699218,0.9995941101164707,2500,1577,0.14745774865150452,0.2563154101371765,0.575298011302948,0.7036709189414978,0.8047136068344116,0.7857142857142858,0.9047619047619048,0.8602668127518109,0.7220589636331212,1.1914079820064574,6.0,2.0,k562+INS_HSF1,k562+INS,HSF1,True,False,8
mcf7+IFNB_ELK1,0.003205204,0.0038629996,0.82971895,0.9990536,0.5577228,0.9031136373258019,0.4251918063510107,0.9992323820826586,0.998987778059583,1.000244851867508,2718,1425,0.01171612087637186,0.033569302409887314,0.34901294112205505,0.9992692470550537,0.9988605380058289,1.0,1.0,0.9541085119016917,0.7444714333398439,1.2815918370720754,3.0,0.0,mcf7+IFNB_ELK1,mcf7+IFNB,ELK1,True,False,8
mcf7+INS_ELK1,0.0050693434,0.0036148545,1.4023644,0.9983382,0.41397214,0.8755961318862793,0.3018917263160243,0.9986746069680903,0.999031423068919,0.9996428379602589,2408,1576,0.01387422252446413,0.18171976506710052,0.07634954899549484,0.2540353238582611,0.9404450058937073,0.5,1.0,0.8952450565380108,0.9109973699119344,0.982708716957716,3.0,0.0,mcf7+INS_ELK1,mcf7+INS,ELK1,True,False,8
mcf7+INS_HSF1,0.004431924,0.0041386606,1.0708594,0.9986911,0.5304011,0.8829590586507042,0.3323110227589264,0.9989674382045703,0.9988934492223466,1.000074070945486,2482,1528,0.06508567929267883,0.5078027248382568,0.1281711906194687,0.975956916809082,0.9375083446502686,0.8571428571428572,0.9761904761904763,0.9859710413578341,0.9523578661104435,1.0352946895736488,8.0,0.0,mcf7+INS_HSF1,mcf7+INS,HSF1,True,False,8
mcf7+INS_MTOR,0.004860782,0.003880227,1.2527056,0.9984687,0.4455743,0.876995056440481,0.28029119313366935,0.9987907501445744,0.9989694468338558,0.9998211189643009,2296,1598,0.008306986652314663,0.17493820190429688,0.04748526215553284,0.9458725452423096,0.9721119403839111,0.9047619047619048,0.6904761904761906,0.967646589005297,0.9872110935709462,0.9801820454682287,8.0,0.0,mcf7+INS_MTOR,mcf7+INS,MTOR,True,False,8
mcf7+TGFB_CHUK,0.024361677,0.044101868,0.5523956,0.99371046,0.68713516,0.8367365833747801,0.6263410872310535,0.9947447092064108,0.9918383806514808,1.0029302440918055,2371,592,0.5001199841499329,0.8619049787521362,0.580249547958374,0.9819686412811279,0.10642777383327484,0.9623076923076924,0.13846153846153847,0.9808174585962915,0.959934560277846,1.0217545020073047,24.0,1.0,mcf7+TGFB_CHUK,mcf7+TGFB,CHUK,True,False,8
mcf7+TGFB_SKP1,0.05611538,0.09503253,0.59048605,0.98695964,0.7050979,0.7926761185243489,0.6820318233926045,0.9890916267926463,0.9845610446770808,1.0046016264202808,2388,464,0.6538441181182861,1.1006015539169312,0.5940788388252258,0.942794680595398,0.07696466147899628,0.8553846153846153,0.12230769230769231,0.9325359918842078,0.9114780299671386,1.0231030932449665,24.0,1.0,mcf7+TGFB_SKP1,mcf7+TGFB,SKP1,True,False,8
mcf7+TGFB_SMAD2,0.0063878815,0.005573409,1.1461354,0.99840266,0.5174525,0.8822680535807857,0.4092695904465467,0.9986514297435848,0.9984731804234394,1.0001785218908632,2163,1011,,,,,,,,,,,,,mcf7+TGFB_SMAD2,mcf7+TGFB,SMAD2,True,False,8
mcf7+TNFA_JUNB,0.0060174605,0.007233425,0.8318964,0.99858946,0.49426675,0.9032600560359839,0.23323386500248272,0.9988328307708922,0.9981720187275551,1.0006620222075344,2180,1645,0.038397617638111115,0.16862644255161285,0.22770816087722778,0.9613025784492493,0.9667250514030457,0.8515384615384616,0.9346153846153846,0.9511170429119779,0.9569792792910362,0.9938742285168376,24.0,1.0,mcf7+TNFA_JUNB,mcf7+TNFA,JUNB,True,False,8
mcf7+TNFA_MAP3K14,0.0021489663,0.0040281806,0.5334831,0.99926174,0.6891569,0.9182022288096385,0.46090562215999925,0.9994230482902742,0.9989400552986577,1.0004835054806889,2593,1317,0.012498823925852776,0.12553605437278748,0.09956362098455429,0.9492161273956299,0.9351828098297119,0.9752321981424149,0.9669762641898865,0.9747412277053985,0.9821125641153484,0.9924944077906286,18.0,0.0,mcf7+TNFA_MAP3K14,mcf7+TNFA,MAP3K14,True,False,8
mcf7+TNFA_MTOR,0.0068596154,0.008683646,0.78994644,0.9982072,0.48502544,0.9078881514874102,0.25220978447058295,0.9985536536599522,0.9978157625335253,1.0007395063839775,2256,1554,0.05032084509730339,0.27988511323928833,0.17979107797145844,0.9705865979194641,0.9318857789039612,0.9630769230769232,0.9415384615384615,0.9766946648431492,0.9650437814686589,1.0120729065335867,25.0,0.0,mcf7+TNFA_MTOR,mcf7+TNFA,MTOR,True,False,8
mcf7+TNFA_ZFP36L1,0.0033000358,0.004739144,0.69633585,0.999115,0.6027744,0.9224121021599484,0.3716811387429223,0.999303433988212,0.9987446309959443,1.0005595053779768,2464,1458,0.03084016777575016,0.16276060044765472,0.18948177993297577,0.9494726657867432,0.9340388178825378,0.9253846153846155,0.9069230769230769,0.9736755301740516,0.9729223206353552,1.0007741723287884,25.0,0.0,mcf7+TNFA_ZFP36L1,mcf7+TNFA,ZFP36L1,True,False,8
a549+IFNG_HLA-DQB1,0.008010816,0.014686876,0.54544044,0.9974916,0.62149316,0.8674029243332109,0.5216758432159216,0.9980421158505705,0.9970591524952992,1.0009858626269177,2351,867,0.10219135135412216,0.306059330701828,0.33389392495155334,0.756257951259613,0.6560929417610168,0.7999999999999999,0.6,0.986344258922402,0.990312528881183,0.9959929114869784,5.0,0.0,a549+IFNG_HLA-DQB1,a549+IFNG,HLA-DQB1,True,False,9
a549+IFNG_IRF5,0.009719689,0.0068549463,1.4179089,0.99821717,0.55032456,0.8649813187495601,0.45043674681712775,0.9985914377054618,0.9985107837498981,1.0000807742458833,2276,986,,,,,,,,,,,,,a549+IFNG_IRF5,a549+IFNG,IRF5,True,False,9
a549+TNFA_ARID5B,0.0041205324,0.007547392,0.54595447,0.99876344,0.61495465,0.8944080058748456,0.49477036333968627,0.9990449989357247,0.9984199861749328,1.0006260018523732,2475,1048,0.023398172110319138,0.07342071086168289,0.31868627667427063,0.9555113911628723,0.7562633156776428,0.8878646576886683,0.3626373626373627,0.9491847359257085,0.938366063126347,1.01152926690818,14.0,0.0,a549+TNFA_ARID5B,a549+TNFA,ARID5B,True,False,9
a549+TNFA_CASP3,0.0071100267,0.016569002,0.4291162,0.9979248,0.69236076,0.8447646554474797,0.6351981463293075,0.99838206990174,0.9968170977034002,1.0015699692570939,2769,734,0.03694353625178337,0.15520542860031128,0.23802992701530457,0.9565126299858093,0.8668421506881714,0.8535133885832635,0.563076923076923,0.9662036259675497,0.9655000206463809,1.0007287470803965,25.0,0.0,a549+TNFA_CASP3,a549+TNFA,CASP3,True,False,9
a549+TNFA_CSF2,0.006085346,0.0027307696,2.2284362,0.9987048,0.38522017,0.8837849370396292,0.35550148099252643,0.9989583996299167,0.9993805178149007,0.9995776201582287,2380,1251,0.23199281096458435,0.3398832380771637,0.682566225528717,,,,,,,,1.0,0.0,a549+TNFA_CSF2,a549+TNFA,CSF2,True,False,9
a549+TNFA_IKBKE,0.003934494,0.004405506,0.89308566,0.9988779,0.5161207,0.894205928220379,0.4313779856711114,0.9991338026662562,0.9990155553938147,1.000118363795041,2452,1123,,,,,,,,,,,,,a549+TNFA_IKBKE,a549+TNFA,IKBKE,True,False,9
a549+TNFA_MAPK9,0.003607143,0.0035465409,1.0170877,0.99898976,0.4366434,0.9062626957334966,0.32262053305885563,0.9992277171413794,0.999222380657557,1.0000053406368048,2256,1335,,,,,,,,,,,,,a549+TNFA_MAPK9,a549+TNFA,MAPK9,True,False,9
bxpc3+IFNG_PLEK,0.010433054,0.009920498,1.0516663,0.9978918,0.5659288,0.8966928337344368,0.5068347433246108,0.9983756789823831,0.9979137504261759,1.000462894269179,2808,1125,0.04601261764764786,0.19538718461990356,0.23549455404281616,0.8772785663604736,0.9429630041122437,0.8697826665991605,0.6646153846153847,0.8993540619672158,0.7943729387547815,1.1321559661599214,25.0,0.0,bxpc3+IFNG_PLEK,bxpc3+IFNG,PLEK,True,False,9
bxpc3+IFNG_SOX2,0.06518135,0.14173254,0.4598898,0.9849761,0.8547426,0.8357754927438296,0.8068498316248393,0.9872249812972524,0.978619595083419,1.0087933925062065,3193,607,0.23264195024967194,0.5469309091567993,0.42535895109176636,0.9034011960029602,0.8009352684020996,0.4886720552032558,0.6007692307692307,0.7332400890350663,0.685443872267874,1.069730314473529,25.0,0.0,bxpc3+IFNG_SOX2,bxpc3+IFNG,SOX2,True,False,9
bxpc3+IFNG_TAPBPL,0.3057905,0.364997,0.8377891,0.95330226,0.5058642,0.78936748446339,0.4973386960499071,0.9588649466102476,0.9487229831481769,1.0106901209754782,2598,1057,0.7858861684799194,1.1906111240386963,0.6600695848464966,,0.6378752589225769,,0.48461538461538467,,,,25.0,0.0,bxpc3+IFNG_TAPBPL,bxpc3+IFNG,TAPBPL,True,False,9
bxpc3+TGFB_RELA,0.012163531,0.0070946715,1.7144601,0.9969829,0.42363912,0.8563816194805153,0.32784155583992963,0.9976776904139375,0.9982961694187112,0.9993804654132512,2212,1268,0.04177660867571831,0.8946701288223267,0.04669498652219772,,,,,,,,1.0,0.0,bxpc3+TGFB_RELA,bxpc3+TGFB,RELA,True,False,9
bxpc3+TNFA_CASP3,0.02014749,0.060327113,0.33397073,0.9927982,0.7829627,0.8381848089558869,0.7700379633041969,0.9940856463917206,0.9896012728141371,1.0045314953615927,3201,613,0.060921020805835724,0.16858695447444916,0.36136260628700256,0.2941373586654663,0.38888275623321533,0.35864543083915407,0.35,0.8169320590353871,0.850820196872571,0.9601700359702916,25.0,0.0,bxpc3+TNFA_CASP3,bxpc3+TNFA,CASP3,True,False,9
bxpc3+TNFA_IKBKE,0.007159848,0.0057006553,1.2559693,0.99823546,0.4493548,0.8955733273479218,0.38231198304895064,0.9986156107404317,0.9986556883927759,0.9999598683982779,2579,1301,0.03670203313231468,0.10166038572788239,0.3610258996486664,0.7125404477119446,0.7134370803833008,0.49971149222127803,0.7438461538461538,0.8304948433656871,0.8378742606309908,0.9911926912998302,23.0,2.0,bxpc3+TNFA_IKBKE,bxpc3+TNFA,IKBKE,True,False,9
bxpc3+TNFA_MAPK9,0.009114992,0.00504315,1.8074006,0.9971051,0.04476022,0.9139728025826673,0.17966004038498365,0.9977560201772796,0.9987659339992302,0.9989888383378208,2376,1615,0.847500205039978,0.6964379549026489,1.216907024383545,0.9888916015625,-0.7516576051712036,1.0,-0.19999999999999998,0.9571520643367506,0.946079337975767,1.0117038031764596,2.0,2.0,bxpc3+TNFA_MAPK9,bxpc3+TNFA,MAPK9,True,False,9
hap1+IFNG_HLA-DQB1,0.011584107,0.014089438,0.8221837,0.9974186,0.65033257,0.8469153546836085,0.5758575176775299,0.9979424229982976,0.9968878311948297,1.0010578841174176,2451,737,,,,,,,,,,,,,hap1+IFNG_HLA-DQB1,hap1+IFNG,HLA-DQB1,True,False,9
hap1+IFNG_IRF5,0.02529906,0.0050313408,5.0282936,0.9970967,0.38316423,0.8419891721480263,0.327174205916188,0.9974816036194716,0.9987442592842385,0.998735756773539,2156,1144,,,,,,,,,,,,,hap1+IFNG_IRF5,hap1+IFNG,IRF5,True,False,9
hap1+IFNG_PLEK,0.009990684,0.012126861,0.8238475,0.99783283,0.697134,0.8569022198788695,0.6190586453438557,0.9982459314019765,0.9975387162289391,1.0007089601250876,2510,724,0.12236718088388443,0.6611617803573608,0.18507902324199677,1.0,1.0,0.9999999999999999,0.9999999999999999,0.9953907270419583,0.9892607548377016,1.0061965181316248,2.0,0.0,hap1+IFNG_PLEK,hap1+IFNG,PLEK,True,False,9
hap1+IFNG_SOX2,0.17444736,0.29819247,0.58501595,0.9565839,0.8083716,0.7478867519605176,0.7877930904525814,0.9627218807716037,0.9506188431408522,1.0127317459758771,2350,313,1.5655096769332886,2.7157628536224365,0.5764530301094055,0.7577847242355347,0.4432680010795593,0.6774044554626448,0.4761538461538461,0.652761863668554,0.5925385198359453,1.1016361667917938,25.0,0.0,hap1+IFNG_SOX2,hap1+IFNG,SOX2,True,False,9
hap1+IFNG_TAPBPL,0.038547214,0.07124562,0.5410468,0.9919641,0.7519802,0.8407019228320796,0.6306033312060287,0.9930923134518863,0.9879864354348444,1.005167963682411,2360,733,0.24842405319213867,0.6445503830909729,0.3854222297668457,0.9122616648674011,0.7728924751281738,0.8790152114900849,0.7107692307692308,0.9656887747607398,0.961005860652273,1.0048729298126113,25.0,0.0,hap1+IFNG_TAPBPL,hap1+IFNG,TAPBPL,True,False,9
hap1+TNFA_ARID5B,0.005775429,0.007657112,0.7542568,0.998193,0.5506308,0.8804453070096533,0.4829005393853078,0.9985798314699563,0.9982083550110403,1.0003721432074288,2573,1080,0.0266086645424366,0.06876429170370102,0.3869546949863434,0.8036912679672241,0.3274722695350647,0.7376923076923076,0.20076923076923076,0.9632245111077071,0.9705711915858474,0.9924305599199413,25.0,0.0,hap1+TNFA_ARID5B,hap1+TNFA,ARID5B,True,False,9
hap1+TNFA_IKBKE,0.0073918654,0.0031648309,2.3356273,0.99816597,0.37461656,0.8881853783753131,0.3450552601910398,0.998522048059492,0.9992128366738648,0.999308667193796,2423,1298,0.05412949621677399,0.11887253820896149,0.45535746216773987,-1.0,1.0,-0.9999999999999999,0.9999999999999999,0.8965047299144471,0.9063291829380943,0.9891601713719526,2.0,0.0,hap1+TNFA_IKBKE,hap1+TNFA,IKBKE,True,False,9
hap1+TNFA_MAPK9,0.0045946967,0.0035909999,1.2795035,0.99851906,0.4715367,0.896548280827561,0.36515841755975,0.9988410882203399,0.9991094172890893,0.9997314317490096,2389,1328,,,,,,,,,,,,,hap1+TNFA_MAPK9,hap1+TNFA,MAPK9,True,False,9
ht29+IFNG_HLA-DQB1,0.003237585,0.0029978019,1.0799863,0.9989689,0.47523707,0.8794863452718525,0.3975892818801652,0.9991856144399832,0.9992630741963522,0.9999224831194415,2462,1226,0.022097505629062653,0.05395447462797165,0.40955835580825806,0.9270622730255127,0.271585077047348,0.7999999999999999,0.6000000000000001,0.9756881910380476,0.9502705744004137,1.0267477677646406,4.0,0.0,ht29+IFNG_HLA-DQB1,ht29+IFNG,HLA-DQB1,True,False,9
ht29+IFNG_IRF5,0.0057371994,0.0016164436,3.5492728,0.99885505,0.25752425,0.8727882444631117,0.24071384275400287,0.9990390328689115,0.9995883301017507,0.9994504765448959,2276,1462,,,,,,,,,,,,,ht29+IFNG_IRF5,ht29+IFNG,IRF5,True,False,9
ht29+IFNG_PLEK,0.0028182843,0.002159922,1.3048084,0.9992056,0.4625681,0.8836351574821162,0.37502500076169454,0.999362293941774,0.9994565246959644,0.9999057180058742,2421,1293,,,,,,,,,,,,,ht29+IFNG_PLEK,ht29+IFNG,PLEK,True,False,9
ht29+IFNG_ZC3H3,0.0045863977,0.002950635,1.5543765,0.9986993,0.17936024,0.8934768080064764,0.1642434286823681,0.9989747751365421,0.9992519037875713,0.999722663874866,2097,1608,0.00698509719222784,0.015267081558704376,0.45752668380737305,0.5372870564460754,-0.062408894300460815,0.0,0.19999999999999998,0.89019580743757,0.8744632387899127,1.0179911149489007,4.0,0.0,ht29+IFNG_ZC3H3,ht29+IFNG,ZC3H3,True,False,9
ht29+TNFA_ARID5B,0.027534246,0.0018880573,14.583374,0.99121475,0.0913731,0.8081642389372383,0.12434468115896181,0.9931229835693948,0.9995317207845512,0.9935882603004074,2185,1768,0.008743714541196823,0.008731906302273273,1.001352310180664,0.21451298892498016,0.15643680095672607,0.3222208049463411,0.19999999999999998,0.5841864728841493,0.9234703460505506,0.6325990600375716,19.0,6.0,ht29+TNFA_ARID5B,ht29+TNFA,ARID5B,False,False,9
ht29+TNFA_BATF,0.025935395,0.001267947,20.454636,0.9915204,0.07212347,0.8227400126100977,0.13791347370594073,0.993382885228183,0.9996821754857165,0.9936987070370912,2232,1779,,,,,,,,,,,,,ht29+TNFA_BATF,ht29+TNFA,BATF,False,True,9
ht29+TNFA_BIRC2,0.02670377,0.000990222,26.967459,0.991581,0.11337839,0.8096570614016569,0.11905108265896246,0.9934168826804549,0.9997498633258585,0.9936654348475371,2271,1794,,,,,,,,,,,,,ht29+TNFA_BIRC2,ht29+TNFA,BIRC2,False,True,9
ht29+TNFA_BIRC3,0.02659299,0.0014760265,18.016607,0.99158216,0.13517691,0.8130000648632093,0.11261614344286502,0.9934189141936478,0.9996283596178847,0.9937882460371468,2225,1811,0.013465958647429943,1.1021710634231567,0.012217666953802109,1.0,1.0,0.9999999999999999,0.9999999999999999,0.9999934738553146,0.9994826229484969,1.0005111153461685,2.0,0.0,ht29+TNFA_BIRC3,ht29+TNFA,BIRC3,False,True,9
ht29+TNFA_CASP3,0.032325536,0.0026468704,12.212738,0.99088156,0.19860308,0.7800109632692594,0.20250093865657284,0.9928141605170893,0.9993606349177693,0.9934493373343461,2360,1601,0.01831994019448757,0.020305505022406578,0.9022154211997986,0.5300615429878235,0.1462855339050293,0.2894535114811341,0.3123076923076923,0.7783409236693797,0.955712004418665,0.8144094874510072,18.0,7.0,ht29+TNFA_CASP3,ht29+TNFA,CASP3,False,False,9
ht29+TNFA_CASP7,0.0292872,0.00085788337,34.13891,0.99129564,0.12586983,0.8009168248711457,0.1453523612195961,0.9931585983044742,0.9997847912272142,0.9933723807554559,2322,1730,,,,,,,,,,,,,ht29+TNFA_CASP7,ht29+TNFA,CASP7,False,True,9
ht29+TNFA_CASP8,0.031004993,0.007243245,4.280539,0.9903314,0.2508827,0.7910256958912282,0.2734671878928583,0.9923452399901809,0.9983870880185752,0.993948391259361,2434,1484,0.07216473668813705,0.036613594740629196,1.9709819555282593,0.08357569575309753,-0.13261602818965912,0.10774369324027257,-0.2815384615384615,0.5348137360918034,0.9222948052073703,0.5798728704446676,16.0,9.0,ht29+TNFA_CASP8,ht29+TNFA,CASP8,False,True,9
ht29+TNFA_CASP10,0.036333002,0.01627737,2.2321177,0.9882314,0.27801695,0.7807495338448844,0.335934247933883,0.9905739081571202,0.9964962915867014,0.994056793307127,2601,1311,0.04881225526332855,0.07165802270174026,0.681183397769928,0.3527933955192566,0.3336624503135681,0.32213500491140384,0.2069230769230769,0.7701498182034465,0.8901969141118371,0.8651454593861816,19.0,6.0,ht29+TNFA_CASP10,ht29+TNFA,CASP10,False,True,9
ht29+TNFA_CEBPB,0.031476233,0.007706795,4.0842185,0.9897952,0.08430508,0.8153479967088734,0.14819821406078768,0.9920038577020783,0.9980526826843859,0.9939393730538969,2224,1732,0.05735506862401962,0.08509690314531326,0.6739971041679382,0.8473559617996216,0.543650209903717,0.5781881237941346,0.3446153846153846,0.8448382509756527,0.775240850425565,1.089775197620046,17.0,8.0,ht29+TNFA_CEBPB,ht29+TNFA,CEBPB,False,True,9
ht29+TNFA_CHUK,0.02537982,0.013367465,1.8986263,0.99170566,0.39304012,0.8131280836278193,0.1898455110687704,0.9934991936184531,0.9966501551812177,0.9968384477277368,2255,1698,0.33335888385772705,0.6308653354644775,0.5284152626991272,0.602281391620636,0.5832217335700989,0.5576923076923077,0.6046153846153847,0.9012070070347398,0.9663187844829957,0.9326187398053197,21.0,4.0,ht29+TNFA_CHUK,ht29+TNFA,CHUK,False,True,9
ht29+TNFA_CREB1,0.02660205,0.0024734351,10.755103,0.99150586,0.1541053,0.8163404477702733,0.13724124446465744,0.993365907044287,0.9993764183353565,0.993985738325624,2244,1811,0.0024521222803741693,0.0034576302859932184,0.7091915607452393,0.25196951627731323,-0.17527416348457336,0.14285714285714288,-0.21428571428571433,0.666814239592212,0.9559380583126692,0.6975496307461688,6.0,1.0,ht29+TNFA_CREB1,ht29+TNFA,CREB1,False,True,9
ht29+TNFA_CSF1,0.0283045,0.0020222564,13.996494,0.99119514,0.11856474,0.8039399797334656,0.17076070034339808,0.9930988677998005,0.9995073027050149,0.9935884061198244,2294,1690,0.02231382206082344,0.010730705223977566,2.079436779022217,0.6135575771331787,-0.34769153594970703,0.44187849891002917,-0.24615384615384614,0.7772922209514589,0.9430145891293055,0.8242631979523671,18.0,7.0,ht29+TNFA_CSF1,ht29+TNFA,CSF1,False,True,9
ht29+TNFA_CSF2,0.02956272,0.0006699033,44.12983,0.9912976,0.07699771,0.7984457885113517,0.1043434900730794,0.9931652601389811,0.9998308178527829,0.9933333144020139,2260,1850,,,,,,,,,,,,,ht29+TNFA_CSF2,ht29+TNFA,CSF2,False,False,9
ht29+TNFA_DNM1L,0.031012826,0.0070525496,4.3973923,0.9900814,0.18556324,0.7988184255255578,0.2551131317413481,0.9921313503362528,0.9984284395365766,0.9936929989662088,2435,1475,0.033067408949136734,0.03742830455303192,0.8834866881370544,0.2302168905735016,-0.2731991708278656,0.12230769230769231,0.013846153846153848,0.7146164683241965,0.9466031011785055,0.7549272418762526,20.0,5.0,ht29+TNFA_DNM1L,ht29+TNFA,DNM1L,False,True,9
ht29+TNFA_FADD,0.026640195,0.0054783737,4.8627925,0.9911921,0.18593642,0.8160766814167127,0.19507848020635402,0.9931211636237652,0.9986325009061376,0.9944811156482775,2241,1760,0.23861603438854218,0.27063995599746704,0.8816733360290527,0.8154566884040833,0.45305895805358887,0.5784615384615384,0.18461538461538463,0.8495560198622272,0.8500916093558232,0.9993699626161445,17.0,8.0,ht29+TNFA_FADD,ht29+TNFA,FADD,False,True,9
ht29+TNFA_FOS,0.025620127,0.0016058884,15.953866,0.9916918,0.17067522,0.8148312084852736,0.1769612291005114,0.9935077233868145,0.9996060063066785,0.9938993134481096,2302,1695,0.011317070573568344,0.009355217218399048,1.2097069025039673,0.28699225187301636,0.27413031458854675,0.29983060417843027,0.2298136645962733,0.7377422972390871,0.9543176497853652,0.7730573749788786,12.0,10.0,ht29+TNFA_FOS,ht29+TNFA,FOS,False,True,9
ht29+TNFA_ID2,0.02840619,0.0014756161,19.250393,0.9912784,0.074888214,0.8070750506727431,0.12753488449147293,0.993165951667606,0.9996264835189894,0.9935370541318189,2246,1794,0.00956052541732788,0.008551282808184624,1.1180223226547241,0.4364891052246094,-0.14721839129924774,0.5,0.03571428571428572,0.5694356319691697,0.9590769052123144,0.5937330248225627,4.0,3.0,ht29+TNFA_ID2,ht29+TNFA,ID2,False,True,9
ht29+TNFA_IKBKB,0.031068902,0.0144249145,2.1538363,0.98941535,0.2798349,0.7983387320428635,0.28396428947058067,0.9915362066946146,0.9969411345798165,0.9945784884405638,2429,1480,0.05571593716740608,0.06050102785229683,0.9209089279174805,0.2876625955104828,0.045552387833595276,0.17821406358479397,0.03923076923076923,0.8215080554631121,0.9507405221081554,0.8640717802177134,19.0,6.0,ht29+TNFA_IKBKB,ht29+TNFA,IKBKB,False,True,9
ht29+TNFA_IKBKE,0.027786832,0.001294589,21.463825,0.99134785,0.10106535,0.8105422269307673,0.1362495482359748,0.9932272280108936,0.9996780223012147,0.9935471280288111,2270,1749,,,,,,,,,,,,,ht29+TNFA_IKBKE,ht29+TNFA,IKBKE,False,False,9
ht29+TNFA_IKBKG,0.024302948,0.0030984923,7.8434753,0.9924115,0.34915337,0.8155831967657406,0.211605214381335,0.9940563721920668,0.9992320591131524,0.99482033540269,2316,1654,0.007896270602941513,0.009672841057181358,0.8163341879844666,0.22126568853855133,0.40293827652931213,0.3474929375995636,0.4076923076923077,0.6668314016288319,0.920999089493921,0.724030467820819,20.0,5.0,ht29+TNFA_IKBKG,ht29+TNFA,IKBKG,False,True,9
ht29+TNFA_IRF1,0.026048679,0.00075180596,34.64814,0.99159074,0.06503812,0.8193469742078824,0.1016283648910845,0.9934449775319012,0.9998101449762368,0.9936336238671725,2257,1870,,,,,,,,,,,,,ht29+TNFA_IRF1,ht29+TNFA,IRF1,False,True,9
ht29+TNFA_ITCH,0.02967889,0.0039243307,7.5627904,0.99056816,0.10331667,0.8040062633275262,0.1817959226604438,0.9925796659673367,0.999070331398147,0.993503294786337,2318,1622,0.03339682146906853,0.026989562436938286,1.2373976707458496,0.5399327874183655,-0.3644515872001648,0.48768307356457086,-0.07846153846153846,0.7760246437240246,0.8946079789415656,0.8674465933583109,18.0,7.0,ht29+TNFA_ITCH,ht29+TNFA,ITCH,False,True,9
ht29+TNFA_JUN,0.02319111,0.0034565993,6.709227,0.9924471,0.325916,0.8208253978929584,0.16847946129665312,0.9941044653867009,0.9991370078391227,0.9949631107516417,2252,1757,0.011978196911513805,0.006238811649382114,1.9199484586715698,0.13584411144256592,0.16357801854610443,0.16911764705882354,0.18627450980392157,0.6298824538141714,0.9745054134235137,0.6463611644817293,11.0,6.0,ht29+TNFA_JUN,ht29+TNFA,JUN,False,True,9
ht29+TNFA_JUNB,0.02510591,0.00175439,14.310336,0.9918938,0.19320317,0.8201846710479842,0.14739961044837543,0.9936661883587224,0.9995603860766159,0.9941032099711066,2235,1751,0.010137426666915417,0.010531824082136154,0.9625518321990967,0.355930894613266,0.21183745563030243,0.35531018437770695,0.35844155844155845,0.7830404968292373,0.9758601719678548,0.8024105495054786,13.0,8.0,ht29+TNFA_JUNB,ht29+TNFA,JUNB,False,True,9
ht29+TNFA_KLF6,0.026223624,0.0012825689,20.446173,0.99148947,0.09231265,0.8222991167292135,0.10485431104918745,0.9933551044372719,0.9996779725350788,0.9936750951091052,2217,1821,0.04871978238224983,0.05320974439382553,0.9156176447868347,,,,,,,,1.0,0.0,ht29+TNFA_KLF6,ht29+TNFA,KLF6,False,True,9
ht29+TNFA_MAP2K3,0.025460813,0.0030084485,8.463104,0.99178606,0.1931223,0.8204212104417051,0.15723082914709452,0.99360336103485,0.9992377767378645,0.994361286338264,2217,1837,0.055825088173151016,0.07160636782646179,0.7796106934547424,0.9915313124656677,0.37844574451446533,0.6666666666666667,0.06666666666666667,0.9910386058104098,0.9931305974289762,0.9978935382476563,5.0,4.0,ht29+TNFA_MAP2K3,ht29+TNFA,MAP2K3,False,True,9
ht29+TNFA_MAP3K7,0.02182817,0.002580197,8.459886,0.9928068,0.3879844,0.8237470876320315,0.23186801526233275,0.9943655275828537,0.999374950922971,0.9949874435661101,2262,1691,0.02268582582473755,0.013993632979691029,1.6211533546447754,0.6758729219436646,-0.13511969149112701,0.22042430126207177,-0.16923076923076924,0.8339984247799288,0.9268728445860774,0.8997981003018548,12.0,13.0,ht29+TNFA_MAP3K7,ht29+TNFA,MAP3K7,False,True,9
ht29+TNFA_MAP3K14,0.026364433,0.0010510272,25.084444,0.9915892,0.102241024,0.8190218171441394,0.13284879100688177,0.9934371992950332,0.9997369066945031,0.9936986347535182,2260,1777,,,,,,,,,,,,,ht29+TNFA_MAP3K14,ht29+TNFA,MAP3K14,False,True,9
ht29+TNFA_MAPK8,0.02506014,0.0012903264,19.42155,0.99186885,0.19097345,0.8230524173316707,0.12563379645642442,0.9936569827293048,0.9996815951899477,0.9939734686627915,2220,1813,,,,,,,,,,,,,ht29+TNFA_MAPK8,ht29+TNFA,MAPK8,False,True,9
ht29+TNFA_MAPK9,0.026488373,0.0009946963,26.629608,0.991419,0.03437448,0.8199936619705059,0.09805901850522497,0.9933087891697938,0.9997505576700254,0.9935566242491082,2188,1866,,,,,,,,,,,,,ht29+TNFA_MAPK9,ht29+TNFA,MAPK9,False,False,9
ht29+TNFA_MAPK14,0.02537997,0.00542939,4.674553,0.9919311,0.26891023,0.8191460750286377,0.16712608814425162,0.993708095607127,0.9986238229884222,0.995077498385143,2248,1757,0.019759515300393105,0.03476421907544136,0.5683865547180176,0.8247098922729492,0.6698012948036194,0.32434782608695645,0.2252173913043478,0.8361514121409785,0.7039119459539493,1.1878636482121592,17.0,7.0,ht29+TNFA_MAPK14,ht29+TNFA,MAPK14,False,True,9
ht29+TNFA_MMP9,0.027308619,0.00073220977,37.29617,0.99127424,-0.016112518,0.8159831769701779,0.0633358792671118,0.9931866334330367,0.999814751565948,0.9933706537910847,2199,1933,0.14452065527439117,0.14398683607578278,1.0037074089050293,,,,,,,,0.0,1.0,ht29+TNFA_MMP9,ht29+TNFA,MMP9,False,True,9
ht29+TNFA_MTF1,0.03306002,0.003766964,8.776304,0.9892377,-0.1701375,0.8108368307512949,0.013168968302531094,0.9916072573533207,0.9990452227004739,0.9925549262654517,2096,1972,0.19307886064052582,0.18094339966773987,1.0670677423477173,0.6165642142295837,-0.4980579614639282,0.7142857142857144,-0.07142857142857144,0.7232160677768696,0.7680172265264187,0.9416664663211067,6.0,1.0,ht29+TNFA_MTF1,ht29+TNFA,MTF1,False,True,9
ht29+TNFA_MTOR,0.028916558,0.0063645556,4.5433745,0.9905836,0.19800496,0.7965438451050387,0.20771538524511934,0.9925816874477719,0.9984932874112346,0.9940794795137887,2308,1619,0.03222169354557991,0.02993132546544075,1.0765208005905151,0.4754975438117981,-0.18871954083442688,0.5647239958282033,-0.11153846153846154,0.7398416022030994,0.9420285690928127,0.7853706633500273,18.0,7.0,ht29+TNFA_MTOR,ht29+TNFA,MTOR,False,True,9
ht29+TNFA_MYC,0.02612077,0.0010359699,25.21383,0.99158335,0.09104285,0.8175228109094375,0.13621921186691655,0.9934348834254165,0.9997377583873739,0.9936954717283818,2254,1804,,,,,,,,,,,,,ht29+TNFA_MYC,ht29+TNFA,MYC,False,True,9
ht29+TNFA_NFAT5,0.028273651,0.0049455934,5.716938,0.9908107,0.17978369,0.8036351721809006,0.19462589750420595,0.9927543592813445,0.9988582470402717,0.9938891351430358,2291,1636,0.04370848089456558,0.043892454355955124,0.9958085417747498,0.7526469230651855,-0.2992834448814392,0.44726726109185877,0.1576923076923077,0.8616908528767042,0.9654852344853576,0.8924951124043031,20.0,5.0,ht29+TNFA_NFAT5,ht29+TNFA,NFAT5,False,True,9
ht29+TNFA_NFKB1,0.025858985,0.0056719016,4.5591383,0.99202293,0.34183878,0.8046035200628071,0.23010754251746365,0.9937359810415002,0.998605138904818,0.9951240408509635,2363,1596,0.20066596567630768,0.09458627551794052,2.1215124130249023,0.4940403401851654,-0.6313918232917786,0.5679107769356047,-0.23846153846153845,0.5596566249403108,0.8236293583434557,0.679500577864215,20.0,5.0,ht29+TNFA_NFKB1,ht29+TNFA,NFKB1,False,True,9
ht29+TNFA_NFKBIA,0.027222928,0.001443402,18.860252,0.99134576,0.06443308,0.8158386201417218,0.12711318078640965,0.9932359732009565,0.9996342755884167,0.9935993567410502,2277,1834,0.0898905023932457,1.0433582067489624,0.08615497499704361,,,,,,,,1.0,0.0,ht29+TNFA_NFKBIA,ht29+TNFA,NFKBIA,False,True,9
ht29+TNFA_NFKBIE,0.027842266,0.0013421467,20.744577,0.99126375,0.057694376,0.8116005432159586,0.1398450340886196,0.993166481537605,0.9996600258376164,0.9935042473119094,2284,1808,0.0009998560417443514,0.010646958835422993,0.09391001611948013,0.1351308375597,0.837293267250061,-0.5,0.5,0.9645686676878559,0.999244598470017,0.9652978551645365,3.0,0.0,ht29+TNFA_NFKBIE,ht29+TNFA,NFKBIE,False,True,9
ht29+TNFA_NKX3-1,0.027243115,0.0008464327,32.185802,0.9913819,0.027633589,0.819269624009636,0.09100531489396992,0.9932711901238347,0.9997855713619854,0.9934842215923597,2236,1834,0.08947394043207169,0.022588064894080162,3.961115837097168,,,,,,,,0.0,1.0,ht29+TNFA_NKX3-1,ht29+TNFA,NKX3-1,False,True,9
ht29+TNFA_PDCD5,0.035343178,0.0020885307,16.922508,0.9898093,-0.048045732,0.7825437775051562,0.07315091711892688,0.991974124013522,0.9994742743131855,0.9924959046046309,2175,1828,0.013295164331793785,0.008239971473813057,1.6134964227676392,-0.08339188247919083,0.5203294157981873,-0.1607142857142857,0.5714285714285713,0.6117227766670762,0.970275172912265,0.6304631858517006,9.0,6.0,ht29+TNFA_PDCD5,ht29+TNFA,PDCD5,False,True,9
ht29+TNFA_PIK3CA,0.027065506,0.0024546348,11.026286,0.99132925,0.1411578,0.8136505579167168,0.1585421379455147,0.9932138828205446,0.9993849043911525,0.9938251803249245,2251,1724,0.02953258901834488,0.02327628619968891,1.2687844038009644,0.24758455157279968,0.0627102330327034,0.6539511175554822,0.18769230769230769,0.44417560331008443,0.48581040186841606,0.9142982562781589,15.0,10.0,ht29+TNFA_PIK3CA,ht29+TNFA,PIK3CA,False,True,9
ht29+TNFA_PTGS2,0.026673727,0.0009105137,29.29525,0.9914097,0.030208316,0.8211748590126369,0.10680453949999005,0.9932920264309218,0.9997698327536224,0.9935207023552021,2257,1802,,,,,,,,,,,,,ht29+TNFA_PTGS2,ht29+TNFA,PTGS2,False,True,9
ht29+TNFA_RELB,0.023302687,0.0015688969,14.852912,0.99255216,0.38250655,0.8114643131696085,0.18511017562437004,0.9941809293480944,0.9996074973369202,0.9945713012324509,2258,1766,0.0008217274444177747,0.006569981575012207,0.12507301568984985,0.5971531271934509,0.8643183708190918,0.7999999999999999,0.7999999999999999,0.9378216417018251,0.9099562568905415,1.0306227740072955,4.0,0.0,ht29+TNFA_RELB,ht29+TNFA,RELB,False,True,9
ht29+TNFA_REPIN1,0.02717618,0.0007457367,36.44206,0.9914598,0.08498876,0.8081241293240692,0.12452709960240321,0.993315764006472,0.9998114574893228,0.9935030815718372,2280,1838,,,,,,,,,,,,,ht29+TNFA_REPIN1,ht29+TNFA,REPIN1,False,True,9
ht29+TNFA_SOX4,0.030337885,0.0026904384,11.276186,0.9908419,0.119207636,0.7977585555847274,0.14533024003917994,0.9928090182640293,0.9993482366358583,0.9934565168255641,2301,1692,0.02055511064827442,0.010662526823580265,1.9277898073196411,0.8101682662963867,-0.6851397752761841,0.41416486483204823,0.02846153846153846,0.8828360007458544,0.9663054715212586,0.9136199957100545,18.0,7.0,ht29+TNFA_SOX4,ht29+TNFA,SOX4,False,True,9
ht29+TNFA_SOX9,0.029796954,0.0073569426,4.050182,0.99022233,0.1460407,0.8046747250948906,0.19128917992723823,0.9922617797016936,0.9982544407377071,0.9939968601275794,2284,1639,0.05537373945116997,0.03647715970873833,1.5180386304855347,0.23012952506542206,-0.31218886375427246,0.14027000989404567,-0.30846153846153845,0.7813932801604763,0.8838932718951074,0.884035782380302,15.0,10.0,ht29+TNFA_SOX9,ht29+TNFA,SOX9,False,True,9
ht29+TNFA_TNFRSF1A,0.015189121,0.016244441,0.935035,0.99543786,0.69711006,0.8093009714849062,0.38726831390190136,0.9964078756134905,0.996008146689581,1.0004013309783037,2474,1455,0.10227254033088684,0.5481963157653809,0.18656188249588013,0.8852965235710144,0.9269487261772156,0.8367977845212573,0.9261538461538461,0.949188486065997,0.8885825035916571,1.068205239501532,22.0,3.0,ht29+TNFA_TNFRSF1A,ht29+TNFA,TNFRSF1A,False,True,9
ht29+TNFA_TNFRSF1B,0.026095148,0.00090929854,28.698109,0.99166393,0.11242992,0.8197595689625649,0.12640577234195274,0.9934965706720758,0.9997705652861589,0.9937245655834173,2223,1860,0.006919474340975285,0.013827424496412277,0.5004166960716248,,,,,,,,1.0,0.0,ht29+TNFA_TNFRSF1B,ht29+TNFA,TNFRSF1B,False,True,9
ht29+TNFA_TRAF1,0.027456135,0.0017301105,15.869584,0.9912361,0.072085366,0.8132319855679699,0.12791398964084708,0.9931463945217469,0.9995795535566331,0.9935641350285767,2206,1785,0.03055804781615734,0.015441235154867172,1.978989839553833,0.8697080612182617,-0.44936978816986084,0.3054668865700917,-0.13615384615384615,0.9075444946002491,0.9557249209599014,0.9495875588226147,16.0,9.0,ht29+TNFA_TRAF1,ht29+TNFA,TRAF1,False,True,9
ht29+TNFA_TRAF2,0.033851434,0.0040305755,8.39866,0.9890441,-0.18333492,0.8123142647892554,0.02237838353358593,0.9914339232004059,0.9989816226137048,0.9924446063446579,2061,1923,0.044081687927246094,0.02743854746222496,1.6065605878829956,0.2574360966682434,0.3331795036792755,0.5307692307692308,0.30000000000000004,0.5180122199800161,0.5459451849459394,0.9488355869121015,11.0,14.0,ht29+TNFA_TRAF2,ht29+TNFA,TRAF2,False,True,9
ht29+TNFA_TRAF3,0.03579512,0.0029463577,12.148938,0.9890657,-0.25401717,0.8091797263431821,-0.016493958936971104,0.9914479096624703,0.9992557449612117,0.9921863493523928,2082,1999,0.0593988336622715,0.12967996299266815,0.4580417275428772,0.9855918288230896,0.7998396754264832,0.6713286713286714,0.27272727272727276,0.9870691822239491,0.9919178097063711,0.9951118656858704,10.0,2.0,ht29+TNFA_TRAF3,ht29+TNFA,TRAF3,False,True,9
ht29+TNFA_ZFP36L1,0.023504725,0.0052076783,4.513475,0.9923929,0.34790367,0.8162970763201486,0.19862718921758926,0.9940616889008849,0.9986906840690226,0.995364936068816,2279,1732,0.009232931770384312,0.018513290211558342,0.49871912598609924,0.8882614970207214,0.8186782598495483,0.47421107200100693,0.3476923076923077,0.8830189368705841,0.617325735880035,1.4303938513300234,18.0,7.0,ht29+TNFA_ZFP36L1,ht29+TNFA,ZFP36L1,False,True,9
ht29+TNFA_ZNF22,0.027093334,0.0008176598,33.135216,0.99130034,0.028757358,0.813556633478755,0.07139647076897472,0.9932012703458176,0.9997942711565985,0.9934056425396859,2175,1916,,,,,,,,,,,,,ht29+TNFA_ZNF22,ht29+TNFA,ZNF22,False,True,9
ht29+TNFA_ZNF267,0.029198218,0.0028671774,10.183611,0.990769,0.08916791,0.806493043574251,0.14335457171244842,0.9927550609538408,0.9993081045076297,0.993442419285674,2285,1661,0.047785691916942596,0.02876322530210018,1.6613467931747437,0.2825792133808136,-0.37193480134010315,0.5321585550464338,-0.3246153846153846,0.46199549164847165,0.6380571909505431,0.724065958664639,16.0,9.0,ht29+TNFA_ZNF267,ht29+TNFA,ZNF267,False,True,9
k562+IFNG_HLA-DQB1,0.006918104,0.011637826,0.5944498,0.99734646,0.6076611,0.8730966298074446,0.5290146490824397,0.9978790335390939,0.9969632156220499,1.0009186075300407,2474,924,0.059473395347595215,0.2938481867313385,0.2023949772119522,0.9242827892303467,0.9466102123260498,0.9999999999999999,0.8999999999999998,0.9341223309269914,0.9133314185560918,1.0227638203925673,5.0,0.0,k562+IFNG_HLA-DQB1,k562+IFNG,HLA-DQB1,True,False,9
k562+IFNG_PLEK,0.0061600716,0.012532371,0.4915328,0.9976231,0.6677637,0.8728121617219904,0.5804991814606926,0.998099052523392,0.9968297557954467,1.0012733335061135,2533,863,0.05417466536164284,0.2766323983669281,0.19583630561828613,0.6742769479751587,0.33396482467651367,0.6785714285714287,0.14285714285714288,0.9616805721613124,0.9655072841738788,0.9960365788272217,7.0,0.0,k562+IFNG_PLEK,k562+IFNG,PLEK,True,False,9
k562+IFNG_PPARG,0.05672544,0.095180966,0.5959746,0.9870205,0.73357344,0.8259473725650548,0.6746327410942657,0.9885896110917121,0.9824149843475488,1.0062851512268658,2607,676,0.33621853590011597,0.6493979096412659,0.5177388787269592,0.9196576476097107,0.5183547735214233,0.8491949572811288,0.6546153846153845,0.9122219037955955,0.8944674209095371,1.0198492225328954,25.0,0.0,k562+IFNG_PPARG,k562+IFNG,PPARG,True,False,9
k562+IFNG_SOX2,0.1796685,0.24632378,0.72939974,0.9515964,0.658172,0.735141812811907,0.6884298910557085,0.9569004757647334,0.9472834797287163,1.010152183841284,2499,570,1.564192295074463,2.1168735027313232,0.738916277885437,0.7293425798416138,0.2448555827140808,0.5646646383882684,0.30923076923076925,0.5459460959095905,0.5056503714347154,1.079690882774478,25.0,0.0,k562+IFNG_SOX2,k562+IFNG,SOX2,True,False,9
k562+IFNG_TAPBPL,0.04469373,0.05716011,0.7819042,0.9911003,0.47227204,0.8511946108919876,0.35870397374193,0.9921072222537815,0.9884599207660429,1.0036898830302718,2082,1237,0.3739391565322876,0.600471019744873,0.6227430701255798,0.7392957210540771,0.16692671179771423,0.6884615384615385,0.09538461538461537,0.9519694532681136,0.9506068789891957,1.0014333730472966,25.0,0.0,k562+IFNG_TAPBPL,k562+IFNG,TAPBPL,True,False,9
k562+IFNG_ZC3H3,0.021260811,0.03448216,0.6165742,0.9940913,0.5983778,0.8608220686306416,0.4685714439050908,0.9950650428900562,0.9922488394062887,1.0028382028498541,2292,1059,0.17868080735206604,0.3591894805431366,0.49745556712150574,0.8204348087310791,0.33062946796417236,0.8123076923076924,0.19,0.9680243192434289,0.9635977526560653,1.0045937908999498,24.0,1.0,k562+IFNG_ZC3H3,k562+IFNG,ZC3H3,True,False,9
k562+TNFA_ARID5B,0.015946802,0.0053742332,2.9672701,0.9939971,0.28682452,0.8826850426052412,0.2476575882561374,0.9953026804016893,0.998525871577633,0.9967720504118225,2338,1555,0.013470884412527084,0.036499809473752975,0.3690672516822815,0.6264606714248657,0.6081137657165527,0.3140878528837838,0.30846153846153845,0.8625993350096118,0.9270026242660823,0.9305252352360284,23.0,2.0,k562+TNFA_ARID5B,k562+TNFA,ARID5B,False,False,9
k562+TNFA_BATF,0.017467385,0.0028526653,6.123181,0.9934366,0.060318023,0.8946175925819485,0.1299622475324179,0.9948955747775007,0.9991875234236129,0.9957045614106486,2165,1759,0.014507862739264965,0.03240341320633888,0.44772636890411377,,,,,,,,1.0,0.0,k562+TNFA_BATF,k562+TNFA,BATF,False,True,9
k562+TNFA_BIRC2,0.016844867,0.007664244,2.197851,0.99358666,0.29139394,0.8774949276134257,0.2767151895121749,0.9949517837047352,0.9979413492853951,0.9970042672519777,2359,1507,0.04891830310225487,0.0781288743019104,0.6261232495307922,0.908411979675293,0.46702513098716736,0.7500000000000001,0.43538461538461537,0.9362255022676552,0.957811243678349,0.9774634704351595,22.0,3.0,k562+TNFA_BIRC2,k562+TNFA,BIRC2,False,True,9
k562+TNFA_BIRC3,0.016604116,0.0035021508,4.74112,0.99401724,0.23168072,0.8894457651220506,0.19875327950161395,0.9953193809165591,0.9990097600921559,0.9963059628413877,2265,1638,0.08878171443939209,0.4786960184574127,0.1854657530784607,0.7239441871643066,0.9950474500656128,1.0,0.7999999999999999,0.8230379865922884,0.9979970049220076,0.8246898362752181,4.0,0.0,k562+TNFA_BIRC3,k562+TNFA,BIRC3,False,True,9
k562+TNFA_CASP3,0.020830618,0.006487861,3.2107067,0.993142,0.2983349,0.8464934669377788,0.3294807215619506,0.9945837569955172,0.998258218290572,0.9963191274284252,2487,1383,0.022242015227675438,0.04854019731283188,0.4582184851169586,0.8469923734664917,0.19601206481456757,0.8381139589290774,0.24384615384615385,0.9515463615102268,0.9645545730199245,0.986513763063742,22.0,3.0,k562+TNFA_CASP3,k562+TNFA,CASP3,False,False,9
k562+TNFA_CASP7,0.018958678,0.001850404,10.245697,0.9938643,0.19948295,0.8689635579677712,0.23029169067359265,0.995118341560059,0.9994710172291033,0.9956450206218971,2405,1582,,,,,,,,,,,,,k562+TNFA_CASP7,k562+TNFA,CASP7,False,True,9
k562+TNFA_CASP8,0.02029529,0.018677277,1.08663,0.992096,0.43412817,0.835180406948792,0.44580611680051263,0.9936724078069523,0.9954261552694208,0.9982381943118686,2692,1149,0.044790249317884445,0.11574261635541916,0.3869814872741699,0.35791248083114624,0.3084201514720917,0.34872989548126,0.39307692307692305,0.8496955453473082,0.903935692454667,0.9399955687554854,24.0,1.0,k562+TNFA_CASP8,k562+TNFA,CASP8,False,True,9
k562+TNFA_CASP10,0.035327815,0.058147706,0.607553,0.98580396,0.51716065,0.8139762074562498,0.5617130618258843,0.9881125493687661,0.9877120159354177,1.000405516412564,2854,949,0.09936042875051498,0.21848522126674652,0.4547695517539978,0.45638182759284973,0.31216850876808167,0.425865257225235,-0.009230769230769232,0.8160403562262607,0.8605493685901926,0.9482783742705553,23.0,2.0,k562+TNFA_CASP10,k562+TNFA,CASP10,False,True,9
k562+TNFA_CEBPB,0.013931691,0.0063831266,2.182581,0.9946674,0.41253024,0.8799951489394486,0.3269351285044729,0.9958237849749975,0.9982910767209634,0.9975284846238733,2390,1505,0.05480147525668144,0.11589204519987106,0.47286659479141235,0.6426055431365967,0.8750857710838318,0.7589921279080689,0.586923076923077,0.7251666427205468,0.9649205439405296,0.7515299029276762,25.0,0.0,k562+TNFA_CEBPB,k562+TNFA,CEBPB,False,True,9
k562+TNFA_CHUK,0.010920915,0.009732083,1.1221559,0.995794,0.59206474,0.8747956883256501,0.35012108592917773,0.9966938888356717,0.9973712635896466,0.9993208399131764,2417,1450,0.0784611776471138,0.2299797087907791,0.3411656618118286,0.826418399810791,0.9430696368217468,0.8738461538461537,0.7515384615384615,0.8734676774201248,0.983434940827986,0.8881804389467023,23.0,2.0,k562+TNFA_CHUK,k562+TNFA,CHUK,False,True,9
k562+TNFA_CREB1,0.018773623,0.0033191626,5.656132,0.9930284,0.030531185,0.8896967441889186,0.1188254612259143,0.9945588712235498,0.9990515797829764,0.9955030264199146,2171,1751,0.022527482360601425,0.02601727284491062,0.8658664226531982,0.642925500869751,-0.23818176984786987,0.5868368683374969,-0.28571428571428575,0.9446518478129307,0.9893469804951005,0.9548236022716692,6.0,2.0,k562+TNFA_CREB1,k562+TNFA,CREB1,False,True,9
k562+TNFA_CSF1,0.016361509,0.004967581,3.293657,0.99419737,0.33274955,0.8726265575387345,0.3242921410558536,0.9954477061966498,0.9986393652259155,0.9968039923716169,2480,1401,0.019542086869478226,0.030512087047100067,0.6404703259468079,0.6296794414520264,-0.17906047403812408,0.49124180596853595,0.007692307692307692,0.8461033441825059,0.9117821536556303,0.9279665551581627,21.0,4.0,k562+TNFA_CSF1,k562+TNFA,CSF1,False,True,9
k562+TNFA_CSF2,0.021224573,0.0019747585,10.747933,0.9933858,0.1225322,0.8665932898742378,0.16028525402154437,0.9947208037073918,0.9994365875958994,0.9952815576825628,2289,1741,,,,,,,,,,,,,k562+TNFA_CSF2,k562+TNFA,CSF2,False,False,9
k562+TNFA_DNM1L,0.018200794,0.019382711,0.93902206,0.9927575,0.4587711,0.8551917792430231,0.4370404532315224,0.9941751118859525,0.995314493752963,0.9988552544204252,2607,1214,0.10190002620220184,0.15491242706775665,0.6577911376953125,0.8541293740272522,0.11085173487663269,0.5301019524872371,0.43615384615384617,0.9428240935504002,0.9328344607209857,1.0107089020078583,20.0,5.0,k562+TNFA_DNM1L,k562+TNFA,DNM1L,False,True,9
k562+TNFA_FADD,0.015075377,0.0019336524,7.796322,0.9943929,0.24414152,0.8903473249731721,0.18529378144757147,0.9956070392253583,0.9994444524322018,0.9961604537425718,2273,1754,,,,,,,,,,,,,k562+TNFA_FADD,k562+TNFA,FADD,False,True,9
k562+TNFA_FOS,0.017384397,0.0037057824,4.6911545,0.9934027,0.11388001,0.8908956318259016,0.15255605371016576,0.9948567437183168,0.9989640303583334,0.9958884539230674,2210,1688,0.04198469594120979,0.047343309968709946,0.8868137001991272,0.25931811332702637,-0.9890282154083252,0.5,-1.0,0.8878358387071965,0.9761621385240716,0.9095167735654838,2.0,1.0,k562+TNFA_FOS,k562+TNFA,FOS,False,True,9
k562+TNFA_ID2,0.01689756,0.002054121,8.226174,0.9944596,0.31422126,0.8861788483317735,0.28580987293584775,0.9956039315468482,0.9994125636973481,0.9961891292056508,2435,1541,,,,,,,,,,,,,k562+TNFA_ID2,k562+TNFA,ID2,False,True,9
k562+TNFA_IKBKB,0.033948645,0.057531975,0.59008306,0.9882842,0.5691169,0.8375032288093827,0.4787189401633187,0.9899796582310495,0.9869795241843967,1.0030397125504016,2632,1182,0.10519979149103165,0.19263818860054016,0.546100378036499,0.4846104383468628,0.36366385221481323,0.5323598993873853,0.2323076923076923,0.8570485248698031,0.880167530706306,0.9737334029830086,21.0,4.0,k562+TNFA_IKBKB,k562+TNFA,IKBKB,False,True,9
k562+TNFA_IKBKE,0.020123523,0.0027366776,7.3532677,0.9927765,-0.027844647,0.8841985093577823,0.10315873748971337,0.994329314255076,0.9992119841767112,0.9951134794228291,2211,1722,,,,,,,,,,,,,k562+TNFA_IKBKE,k562+TNFA,IKBKE,False,False,9
k562+TNFA_IKBKG,0.011309896,0.009582185,1.1803044,0.99560946,0.57456833,0.8765706752892257,0.3796307230781966,0.9965377011770618,0.9975206994239372,0.9990145585475638,2449,1411,0.0615692175924778,0.09416213631629944,0.6538638472557068,0.3305276036262512,0.9153111577033997,0.6615384615384615,0.16846153846153847,0.5714367564099729,0.9619075494533752,0.5940661935075822,20.0,5.0,k562+TNFA_IKBKG,k562+TNFA,IKBKG,False,True,9
k562+TNFA_IRF1,0.017076407,0.0015082634,11.321899,0.9937534,0.045180265,0.9015301752331263,0.1438126770121898,0.995111644930987,0.999563690440145,0.9955460111729373,2296,1766,,,,,,,,,,,,,k562+TNFA_IRF1,k562+TNFA,IRF1,False,True,9
k562+TNFA_ITCH,0.020001754,0.013409773,1.4915804,0.99218166,0.29456365,0.8603402234103164,0.3261762692052784,0.9937745289344901,0.9965928223810141,0.9971720712980948,2470,1381,0.0941576212644577,0.11919209361076355,0.7899653315544128,0.9814580082893372,-0.08476704359054565,0.5115384615384615,-0.12615384615384617,0.9658279753508685,0.952874217891915,1.0135944043985277,23.0,2.0,k562+TNFA_ITCH,k562+TNFA,ITCH,False,True,9
k562+TNFA_JUN,0.014140067,0.0033305308,4.2455893,0.994702,0.32850552,0.8985633389198189,0.24002658763586773,0.9958734457483841,0.9990439959865529,0.9968264158026015,2315,1630,0.0167958065867424,0.03135932236909866,0.5355921387672424,0.8014708757400513,-0.37339791655540466,0.7999999999999999,-0.19999999999999998,0.9695405838706679,0.9866118072700585,0.9826971223397108,4.0,0.0,k562+TNFA_JUN,k562+TNFA,JUN,False,True,9
k562+TNFA_JUNB,0.014655273,0.003485418,4.204739,0.9944499,0.28317034,0.8897158720725751,0.23728592392494863,0.9956752797077767,0.9990295721438515,0.9966424493032007,2290,1622,0.08498787879943848,0.12323015928268433,0.689667820930481,0.9841259121894836,-0.2343357503414154,0.8285714285714287,-0.4285714285714286,0.9926256253972349,0.9923696980386603,1.0002578951766468,6.0,0.0,k562+TNFA_JUNB,k562+TNFA,JUNB,False,True,9
k562+TNFA_KLF6,0.0160712,0.0022283767,7.212066,0.9939847,0.16454303,0.8925634958019044,0.169963361096408,0.9953115732229408,0.9993581821472697,0.9959507922218297,2246,1733,,,,,,,,,,,,,k562+TNFA_KLF6,k562+TNFA,KLF6,False,True,9
k562+TNFA_MAP2K3,0.026577972,0.009842381,2.70036,0.989993,-0.07339501,0.8839901382698049,0.04840919605963715,0.9921793319154137,0.9971943412385732,0.9949708806841698,2015,1871,0.06470721960067749,0.09945957362651825,0.6505881547927856,0.7995220422744751,0.4885927140712738,0.7238461538461537,0.37846153846153846,0.7782086261724102,0.7024424079244453,1.1078611105952962,19.0,6.0,k562+TNFA_MAP2K3,k562+TNFA,MAP2K3,False,True,9
k562+TNFA_MAP3K7,0.013694345,0.00472624,2.8975136,0.99491704,0.38141066,0.8925338050522977,0.2626051720881832,0.9960261469011052,0.9986917210863882,0.9973309339318611,2272,1622,0.019216185435652733,0.043361060321331024,0.4431668817996979,0.736405611038208,0.16080544888973236,0.6642857142857141,0.25357142857142856,0.9332842791075915,0.9716686707466955,0.9604964194125896,13.0,2.0,k562+TNFA_MAP3K7,k562+TNFA,MAP3K7,False,True,9
k562+TNFA_MAP3K14,0.016975112,0.0023883749,7.1073904,0.99374354,0.10471326,0.8919194278957489,0.16808428792008911,0.9951158591363569,0.9993094835028833,0.9958034778657093,2228,1726,,,,,,,,,,,,,k562+TNFA_MAP3K14,k562+TNFA,MAP3K14,False,True,9
k562+TNFA_MAPK8,0.0150228515,0.0021421951,7.0128307,0.9943604,0.22300887,0.8944609975322747,0.20790992292434454,0.9956105326286807,0.9993877586658082,0.9962204599722433,2261,1684,,,,,,,,,,,,,k562+TNFA_MAPK8,k562+TNFA,MAPK8,False,True,9
k562+TNFA_MAPK9,0.01600851,0.0023865905,6.7076902,0.99398357,0.15126887,0.8983139647894439,0.19696708420595302,0.9953172281160263,0.9993159138143862,0.9959985769834316,2261,1701,,,,,,,,,,,,,k562+TNFA_MAPK9,k562+TNFA,MAPK9,False,False,9
k562+TNFA_MAPK14,0.024516935,0.008343038,2.9386098,0.99066174,-0.05349483,0.8812707314545019,0.08464244949092603,0.9927073652382411,0.9976280326431979,0.995067633181959,2107,1779,0.03384223207831383,0.07152697443962097,0.4731394350528717,0.8938382267951965,0.6546427607536316,0.8007692307692308,0.0015384615384615385,0.9393842854146789,0.9736458313104311,0.9648110793535267,24.0,1.0,k562+TNFA_MAPK14,k562+TNFA,MAPK14,False,True,9
k562+TNFA_MMP9,0.017070951,0.0016336407,10.449636,0.9938869,0.10764134,0.8952869562642115,0.17416532229685558,0.9952004103963219,0.9995275716701536,0.9956707934863654,2299,1719,,,,,,,,,,,,,k562+TNFA_MMP9,k562+TNFA,MMP9,False,True,9
k562+TNFA_MTF1,0.019835604,0.0043305247,4.5804157,0.9926446,0.014777668,0.8958177672705943,0.10917851381739249,0.9942693055756308,0.9987493087059801,0.9955143867522133,2176,1783,0.1607476770877838,0.18110835552215576,0.8875773549079895,0.6123793721199036,0.2647673785686493,0.7857142857142859,-0.14285714285714288,0.7621649074641924,0.7676659153993721,0.9928341120468819,3.0,4.0,k562+TNFA_MTF1,k562+TNFA,MTF1,False,True,9
k562+TNFA_MTOR,0.038553044,0.057943903,0.66535115,0.9861802,0.48036128,0.8328261469189604,0.4904394184667027,0.9882146522456071,0.987966653800631,1.0002510190440357,2680,1123,0.11337891221046448,0.21747085452079773,0.521352231502533,0.033656321465969086,0.38567233085632324,0.11085453631192371,0.39692307692307693,0.7797501738229045,0.8011055327626507,0.9733426395569866,23.0,2.0,k562+TNFA_MTOR,k562+TNFA,MTOR,False,True,9
k562+TNFA_MYC,0.015395418,0.003023844,5.09134,0.9942024,0.23352651,0.8902840052145299,0.2110074009636048,0.995482890718792,0.9991498763773854,0.9963298942978518,2276,1663,,,,,,,,,,,,,k562+TNFA_MYC,k562+TNFA,MYC,False,True,9
k562+TNFA_NFAT5,0.025016446,0.029877942,0.8372881,0.9912197,0.42501593,0.8558475833500866,0.37130460489788847,0.9926682440145459,0.9930137900122156,0.9996520229616697,2453,1368,0.10076133906841278,0.13086861371994019,0.7699427604675293,0.31165772676467896,0.05544238165020943,0.39322819378603513,0.07461538461538461,0.83408559055964,0.8925036431923105,0.9345458664754348,19.0,6.0,k562+TNFA_NFAT5,k562+TNFA,NFAT5,False,True,9
k562+TNFA_NFKB1,0.016011672,0.0069519943,2.3031769,0.99406064,0.3705467,0.8705123811188389,0.342312860602123,0.9953357347415612,0.9981514601509398,0.9971790599705652,2501,1371,0.03938641399145126,0.11166871339082718,0.3527076840400696,0.9327194094657898,0.8171910643577576,0.6023132567703116,0.4584615384615385,0.9248383870383483,0.97417030833358,0.9493600647923471,21.0,4.0,k562+TNFA_NFKB1,k562+TNFA,NFKB1,False,True,9
k562+TNFA_NFKBIA,0.017792206,0.0019473005,9.136857,0.9936961,0.095391184,0.888064571463165,0.16319122014755857,0.9950385320871263,0.9994369371411784,0.995599116972169,2302,1731,0.05257079377770424,0.7268015146255493,0.07233170419931412,,,,,,,,1.0,0.0,k562+TNFA_NFKBIA,k562+TNFA,NFKBIA,False,True,9
k562+TNFA_NFKBIE,0.01925117,0.002567199,7.4989004,0.9930333,0.0074576195,0.8854090316425385,0.16667217259937409,0.9945386257621356,0.9992613068220607,0.9952738277488752,2301,1661,,,,,,,,,,,,,k562+TNFA_NFKBIE,k562+TNFA,NFKBIE,False,True,9
k562+TNFA_NKX3-1,0.016612,0.0021943066,7.5705013,0.9937888,0.12153873,0.8945956976350748,0.1615203702020062,0.995150450632512,0.9993724996660542,0.9957752999657754,2245,1705,,,,,,,,,,,,,k562+TNFA_NKX3-1,k562+TNFA,NKX3-1,False,True,9
k562+TNFA_PDCD5,0.020246552,0.005403442,3.7469733,0.9931747,0.23550452,0.8613507756877747,0.24818978001687333,0.9946234221593028,0.9985141217489168,0.996103510701682,2416,1470,0.015541625209152699,0.048923954367637634,0.3176690340042114,0.7185900807380676,0.5710579752922058,0.6523076923076921,0.3976923076923076,0.8972306071526285,0.9654460683566115,0.9293430638543074,23.0,2.0,k562+TNFA_PDCD5,k562+TNFA,PDCD5,False,True,9
k562+TNFA_PIK3CA,0.016827393,0.0033510854,5.021476,0.9937007,0.17790523,0.8821442972786643,0.19951235737551076,0.9950730269542397,0.999055717080882,0.9960135455324962,2275,1648,0.14903521537780762,0.045302849262952805,3.2897536754608154,1.0,-1.0,0.9999999999999999,-0.9999999999999999,0.8831408910940104,0.9962395571079112,0.8864744275541248,1.0,1.0,k562+TNFA_PIK3CA,k562+TNFA,PIK3CA,False,True,9
k562+TNFA_PTGS2,0.016468069,0.002716778,6.0616174,0.9938055,0.15227798,0.8894397655242057,0.1723296777332928,0.9951650472571896,0.9992285914254323,0.995933318758978,2279,1694,,,,,,,,,,,,,k562+TNFA_PTGS2,k562+TNFA,PTGS2,False,True,9
k562+TNFA_RELB,0.01504931,0.002522144,5.966872,0.99439013,0.2740516,0.8900113396461217,0.23308176055305505,0.9956201758112943,0.9992926382675819,0.9963249379454507,2295,1651,,,,,,,,,,,,,k562+TNFA_RELB,k562+TNFA,RELB,False,True,9
k562+TNFA_REPIN1,0.0168066,0.001581104,10.629662,0.99428385,0.2385183,0.8887489157297384,0.21435679109144418,0.9954858632758862,0.9995471143327557,0.9959369088273737,2336,1660,,,,,,,,,,,,,k562+TNFA_REPIN1,k562+TNFA,REPIN1,False,True,9
k562+TNFA_SOX4,0.017413916,0.006780959,2.5680609,0.9938302,0.3435344,0.8671258196097391,0.33744545494912703,0.9951467179051178,0.9981839804767052,0.9969572116653916,2504,1362,0.021008409559726715,0.08580360561609268,0.24484297633171082,0.9403006434440613,0.710658073425293,0.4350836779848079,0.7007692307692307,0.9666935678301289,0.9620856412928936,1.0047895180423263,25.0,0.0,k562+TNFA_SOX4,k562+TNFA,SOX4,False,True,9
k562+TNFA_SOX9,0.018852599,0.013613249,1.3848714,0.9926561,0.3264243,0.8663835131809948,0.33295345261594855,0.9941367839428226,0.9965578422468657,0.9975705792464745,2410,1419,0.07344111055135727,0.12080785632133484,0.6079166531562805,0.8455451130867004,0.3946138024330139,0.850097917105123,-0.023076923076923078,0.9165821346911965,0.9443502418359981,0.9705955418713982,22.0,3.0,k562+TNFA_SOX9,k562+TNFA,SOX9,False,True,9
k562+TNFA_TNFRSF1A,0.011866049,0.019037234,0.6233074,0.9953684,0.64855057,0.8615751042269308,0.4089245840088619,0.9962793038461862,0.9950361889171678,1.0012493162991098,2508,1325,0.09312660247087479,0.6261208057403564,0.14873583614826202,0.7743433117866516,0.9245854616165161,0.6523076923076921,0.826923076923077,0.8804993058196734,0.9540105536011982,0.922945037133987,23.0,2.0,k562+TNFA_TNFRSF1A,k562+TNFA,TNFRSF1A,False,True,9
k562+TNFA_TNFRSF1B,0.014449956,0.0018777286,7.695444,0.99463105,0.30190933,0.8911861171883335,0.236701376272487,0.9958014585107159,0.999462568743029,0.9963369211145972,2338,1654,,,,,,,,,,,,,k562+TNFA_TNFRSF1B,k562+TNFA,TNFRSF1B,False,True,9
k562+TNFA_TRAF1,0.016254678,0.005174484,3.1413138,0.99380636,0.23937762,0.8787352340623482,0.21199536463054217,0.9951488652292076,0.9985978449195851,0.9965461775148782,2247,1636,0.03477654978632927,0.0629279613494873,0.5526406764984131,0.8669728636741638,0.36957424879074097,0.8486247512241256,0.3538461538461538,0.9375378525392479,0.9637034690118383,0.9728488925131502,20.0,5.0,k562+TNFA_TRAF1,k562+TNFA,TRAF1,False,True,9
k562+TNFA_TRAF2,0.017927632,0.0090418,1.9827503,0.993124,0.25137147,0.8827120101128185,0.249132429335668,0.9945749369777697,0.9975666062592908,0.9970010330510767,2305,1542,0.07459259778261185,0.1295526623725891,0.5757704973220825,0.1430826187133789,0.3344314396381378,0.48470860677352606,0.18461538461538463,0.6062647919860605,0.7125525595520428,0.8508351894310763,21.0,4.0,k562+TNFA_TRAF2,k562+TNFA,TRAF2,False,True,9
k562+TNFA_TRAF3,0.026504394,0.0052930433,5.0074015,0.9908223,-0.15904199,0.8765923945572,0.05612118714693181,0.9927760289357379,0.9984671741200285,0.9943001178888967,2164,1801,0.7260509729385376,0.28074678778648376,2.586141586303711,0.49531012773513794,-0.32969292998313904,0.13480392156862747,-0.44117647058823534,0.6243250064427045,0.8760325247309475,0.7126733184186866,9.0,8.0,k562+TNFA_TRAF3,k562+TNFA,TRAF3,False,True,9
k562+TNFA_ZFP36L1,0.016647777,0.002882634,5.775196,0.9937493,0.15751508,0.8901727471617896,0.1608764320086211,0.9951214768497664,0.9991877652757396,0.9959304061085545,2239,1707,0.04450264945626259,0.5123387575149536,0.08686176687479019,,,,,,,,1.0,0.0,k562+TNFA_ZFP36L1,k562+TNFA,ZFP36L1,False,True,9
k562+TNFA_ZNF22,0.017621972,0.0020459965,8.612905,0.9936025,0.08279437,0.8897835601307026,0.15122471965123552,0.994988949061926,0.9994118054024352,0.9955745406281965,2214,1757,,,,,,,,,,,,,k562+TNFA_ZNF22,k562+TNFA,ZNF22,False,True,9
k562+TNFA_ZNF267,0.018365549,0.01077567,1.7043532,0.9930495,0.3278819,0.8620230098925561,0.3385073515365708,0.9944844078159228,0.9971799847999236,0.9972967999507715,2475,1378,0.07319219410419464,0.10280901193618774,0.7119238972663879,0.9406293630599976,0.06819320470094681,0.610043157119234,0.17076923076923078,0.9482751341680116,0.9460571290832694,1.0023444726714246,22.0,3.0,k562+TNFA_ZNF267,k562+TNFA,ZNF267,False,True,9
mcf7+IFNG_ATF3,0.028248765,0.0030079188,9.391465,0.99153805,0.17434035,0.831642198937563,0.1681684048401329,0.9933520377035225,0.9992163631766203,0.9941310754214888,2014,1560,,,,,,,,,,,,,mcf7+IFNG_ATF3,mcf7+IFNG,ATF3,False,True,9
mcf7+IFNG_ATF5,0.028793192,0.0039634528,7.2646737,0.9902738,0.025833994,0.8052768404646411,0.12478425145133455,0.9923173819916388,0.9989889550796074,0.9933216748252868,2000,1580,0.009973069652915001,0.1231091171503067,0.08100999891757965,1.0,1.0,0.9999999999999999,0.9999999999999999,0.9957684161820084,0.9833439277780259,1.012634936824247,2.0,0.0,mcf7+IFNG_ATF5,mcf7+IFNG,ATF5,False,True,9
mcf7+IFNG_BATF2,0.026909722,0.0030223094,8.903695,0.9914274,0.16037762,0.8203288276323246,0.1510884858924585,0.9932567325116971,0.9992069246440819,0.9940450851714181,2065,1578,,,,,,,,,,,,,mcf7+IFNG_BATF2,mcf7+IFNG,BATF2,False,True,9
mcf7+IFNG_CEBPB,0.029329566,0.007190151,4.0791306,0.9903702,0.13318631,0.8082302106609566,0.1499980011893887,0.9923919829593019,0.9981446374626416,0.9942366523974286,1992,1553,0.1293860226869583,0.14063654839992523,0.920002818107605,0.6290910840034485,-0.0022161193192005157,0.5780219780219781,0.1076923076923077,0.7908194939791114,0.7659448646013229,1.0324757440481513,10.0,4.0,mcf7+IFNG_CEBPB,mcf7+IFNG,CEBPB,False,True,9
mcf7+IFNG_CEBPE,0.028601287,0.0033493782,8.539283,0.99061793,0.044200663,0.8142208362053851,0.13617171075094361,0.9926033644924291,0.9991295557869786,0.9934681230709775,2029,1541,,,,,,,,,,,,,mcf7+IFNG_CEBPE,mcf7+IFNG,CEBPE,False,True,9
mcf7+IFNG_CLK1,0.046968102,0.051639583,0.90953684,0.98391354,0.35468072,0.7659582161649262,0.40382342358414813,0.9867888112603681,0.9906042584209416,0.9961483638616137,2402,997,0.3336619436740875,0.33485743403434753,0.9964298605918884,0.4362359046936035,-0.3295038938522339,0.4653846153846154,-0.09,0.8597935726723241,0.955730020785409,0.8996197189304096,18.0,7.0,mcf7+IFNG_CLK1,mcf7+IFNG,CLK1,False,True,9
mcf7+IFNG_CUL1,0.031429905,0.00854422,3.6784992,0.9902843,0.23243842,0.7490951014858601,0.21054252931770862,0.9921387189230384,0.9977443325755545,0.9943817133613319,2145,1484,0.2984234392642975,0.5657768845558167,0.5274578332901001,0.9548587203025818,0.8652149438858032,0.7818181818181817,0.8303030303030302,0.9772474723703952,0.9281144159224071,1.0529385769740007,8.0,2.0,mcf7+IFNG_CUL1,mcf7+IFNG,CUL1,False,True,9
mcf7+IFNG_EHF,0.030805139,0.0046869474,6.572538,0.9900428,0.0070890444,0.8197653861431591,0.07462501490725303,0.9921506974742226,0.9988021636900848,0.9933405568613425,1928,1623,0.379462331533432,0.2719675302505493,1.3952486515045166,1.0,-1.0,0.9999999999999999,-0.9999999999999999,0.9997358297543314,0.9970243193661847,1.002719603058299,0.0,2.0,mcf7+IFNG_EHF,mcf7+IFNG,EHF,False,True,9
mcf7+IFNG_ETV7,0.03022157,0.002265238,13.3414545,0.99082553,0.030996822,0.8262506313909316,0.11969554516995143,0.9928066643306005,0.9994025488071103,0.9934001724486468,2075,1649,,,,,,,,,,,,,mcf7+IFNG_ETV7,mcf7+IFNG,ETV7,False,True,9
mcf7+IFNG_FBXO6,0.03009527,0.005812271,5.1778846,0.9896594,0.051721342,0.7902774616840866,0.11421208755716279,0.9917959321215154,0.9985531553993165,0.9932329859043919,2007,1514,0.016569871455430984,0.11902613937854767,0.13921204209327698,0.41785040497779846,0.8557857871055603,0.7999999999999999,0.7999999999999999,0.9042476601709203,0.9871073906512426,0.916058038603423,4.0,0.0,mcf7+IFNG_FBXO6,mcf7+IFNG,FBXO6,False,True,9
mcf7+IFNG_FMNL2,0.029483557,0.0044626687,6.60671,0.9900379,0.016593339,0.8027265528899961,0.10374820440103479,0.9921249603889064,0.9988703691013668,0.9932469628481132,1956,1587,0.4174432158470154,0.17024457454681396,2.4520206451416016,-1.0,1.0,-0.9999999999999999,0.9999999999999999,0.9804742979131356,0.9999136928450012,0.9805589271644478,0.0,2.0,mcf7+IFNG_FMNL2,mcf7+IFNG,FMNL2,False,True,9
mcf7+IFNG_FOXN3,0.02924007,0.002728201,10.717711,0.9910828,0.09559037,0.8270261518928845,0.14607405277332794,0.9929883930883062,0.9992896812453022,0.9936942327382553,2033,1595,,,,,,,,,,,,,mcf7+IFNG_FOXN3,mcf7+IFNG,FOXN3,False,True,9
mcf7+IFNG_GUK1,0.027946368,0.0036968002,7.55961,0.9908468,0.099916086,0.8200340533501327,0.163923564268908,0.9927879234844564,0.9990273667638738,0.993754482122318,2090,1543,0.000836157298181206,0.04998072236776352,0.016729597002267838,,,,,,,,1.0,0.0,mcf7+IFNG_GUK1,mcf7+IFNG,GUK1,False,True,9
mcf7+IFNG_HLA-DQB1,0.026941456,0.006363287,4.2338896,0.990988,0.19816095,0.8067050314824449,0.18083893728291578,0.9928692860156009,0.9984589691444399,0.9944016897022532,1996,1522,0.2527666687965393,0.26194334030151367,0.9649669528007507,0.992341160774231,-0.7075923681259155,0.8999999999999998,-0.49999999999999994,0.9649660917977396,0.9949783321753736,0.9698362874777217,4.0,1.0,mcf7+IFNG_HLA-DQB1,mcf7+IFNG,HLA-DQB1,False,False,9
mcf7+IFNG_HLX,0.028205987,0.014485443,1.9471953,0.990015,0.29903352,0.7792577612605504,0.29706811139717776,0.9920176883614146,0.9966339894147983,0.9953681079489429,2240,1212,0.15011143684387207,0.27125346660614014,0.5533991456031799,0.8016933798789978,0.4091998040676117,0.7269230769230769,0.45307692307692304,0.8879479182422645,0.9677415973691282,0.917546502760873,22.0,3.0,mcf7+IFNG_HLX,mcf7+IFNG,HLX,False,True,9
mcf7+IFNG_IFI16,0.038807202,0.037989076,1.0215359,0.9854731,0.36787385,0.7548429763585709,0.4059406829115472,0.9881800424309181,0.9924861338019234,0.9956613082799354,2362,1004,0.12246496975421906,0.28105849027633667,0.43572771549224854,0.5048192143440247,0.11270874738693237,0.33,0.12692307692307694,0.8592402655026323,0.9419018300528016,0.9122397240214138,23.0,2.0,mcf7+IFNG_IFI16,mcf7+IFNG,IFI16,False,True,9
mcf7+IFNG_IFNGR1,0.024496092,0.011333881,2.1613154,0.9923616,0.42946583,0.8256898982270117,0.1723001603903286,0.9939766998224493,0.9970597981282049,0.9969078100315111,2009,1530,0.10431232303380966,0.6762932538986206,0.15424126386642456,0.9453513026237488,0.8679682016372681,0.9023076923076924,0.823076923076923,0.9720946638373098,0.9808739602458357,0.9910495162841049,24.0,1.0,mcf7+IFNG_IFNGR1,mcf7+IFNG,IFNGR1,False,True,9
mcf7+IFNG_IFNGR2,0.026191387,0.006527069,4.0127335,0.9917619,0.34680793,0.8305456152031824,0.16319173178079183,0.9935106945385461,0.998277574452547,0.9952248953237129,2145,1584,0.017308473587036133,0.10014890879392624,0.17282737791538239,-0.07762491703033447,0.9078372120857239,0.19999999999999998,1.0,0.7758933058213436,0.8461490972105623,0.9169699623614493,4.0,0.0,mcf7+IFNG_IFNGR2,mcf7+IFNG,IFNGR2,False,True,9
mcf7+IFNG_IRF1,0.026222873,0.0025115884,10.440753,0.9916646,0.19163461,0.8279057677209946,0.17790700833451267,0.9934409842017963,0.9993378758422843,0.9940992012981417,2146,1579,,,,,,,,,,,,,mcf7+IFNG_IRF1,mcf7+IFNG,IRF1,False,True,9
mcf7+IFNG_IRF2,0.035461627,0.016682856,2.125633,0.98844254,0.13521919,0.8126751437081732,0.1846357589990133,0.9907095761480027,0.99632740353687,0.9943614645457662,2018,1413,0.2862612307071686,0.2391563355922699,1.1969627141952515,0.844080924987793,-0.12460107356309891,0.8178496015877114,0.09461538461538462,0.9320717374637928,0.9545298833205258,0.9764720348213638,16.0,9.0,mcf7+IFNG_IRF2,mcf7+IFNG,IRF2,False,True,9
mcf7+IFNG_IRF5,0.027327307,0.0027855672,9.81032,0.9908488,0.09310874,0.7919149709312316,0.14504667392915027,0.9927353404413009,0.9992702611439689,0.9934603070292647,2064,1574,,,,,,,,,,,,,mcf7+IFNG_IRF5,mcf7+IFNG,IRF5,False,False,9
mcf7+IFNG_IRF7,0.030122796,0.0033289383,9.04877,0.9901404,-0.029924117,0.8237660294902698,0.07936538545802964,0.9922320764117919,0.999133682264193,0.9930924099798528,1979,1602,,,,,,,,,,,,,mcf7+IFNG_IRF7,mcf7+IFNG,IRF7,False,True,9
mcf7+IFNG_IRF9,0.039836153,0.028891787,1.3788054,0.9877925,0.24015558,0.804973101896611,0.21232418605950604,0.9900366762332969,0.994010220058829,0.9960025121016393,2043,1375,0.13148616254329681,0.20524419844150543,0.6406328082084656,0.41708022356033325,-0.02067345380783081,0.35230769230769227,0.019999999999999997,0.8682835165127205,0.9486869131923097,0.9152477012579064,21.0,4.0,mcf7+IFNG_IRF9,mcf7+IFNG,IRF9,False,True,9
mcf7+IFNG_JAK1,0.028548583,0.0035295892,8.088359,0.9910674,0.1772398,0.8273994985198938,0.12968082369826148,0.992977049409469,0.9990779995957576,0.9938934195440624,2034,1617,,,,,,,,,,,,,mcf7+IFNG_JAK1,mcf7+IFNG,JAK1,False,True,9
mcf7+IFNG_JAK2,0.027696582,0.0044164793,6.27119,0.99134564,0.22950014,0.8293537226320862,0.17107800124886488,0.9932007551932146,0.9988376024803575,0.9943565928303608,2111,1582,0.7220210433006287,0.1981937736272812,3.643005609512329,,,,,,,,0.0,1.0,mcf7+IFNG_JAK2,mcf7+IFNG,JAK2,False,True,9
mcf7+IFNG_JUN,0.029622424,0.0037530125,7.8929725,0.99059844,0.03790771,0.8278105348062138,0.12560733170280142,0.9925981347375968,0.9990330019537738,0.9935589042568239,1996,1547,,,,,,,,,,,,,mcf7+IFNG_JUN,mcf7+IFNG,JUN,False,True,9
mcf7+IFNG_KIN,0.035631623,0.004210547,8.462469,0.9901003,0.23090234,0.7247290826900662,0.2218617568996686,0.9919038594069095,0.998936392525589,0.9929599790624313,2146,1411,,,,,,,,,,,,,mcf7+IFNG_KIN,mcf7+IFNG,KIN,False,True,9
mcf7+IFNG_KLF4,0.030219082,0.006275579,4.815346,0.9897549,0.04339974,0.8018693397468701,0.13121181286847952,0.9918954830946223,0.9984509789471842,0.9934343337922565,1988,1517,0.2942858040332794,0.28866758942604065,1.0194625854492188,0.9963259100914001,0.5711799263954163,1.0,0.5,0.9781459486668409,0.9832673033624215,0.9947914929357791,1.0,2.0,mcf7+IFNG_KLF4,mcf7+IFNG,KLF4,False,True,9
mcf7+IFNG_MAFB,0.038261607,0.008091853,4.728411,0.9893298,-0.015011173,0.8236513760946343,0.019623261999104382,0.9915151066264627,0.998040325372397,0.9934619688402876,1755,1727,0.07047089189291,0.0781853049993515,0.9013316631317139,0.18284375965595245,0.11856408417224884,0.0,-0.19999999999999998,0.872558454612601,0.9852879296465928,0.8855872769349502,2.0,2.0,mcf7+IFNG_MAFB,mcf7+IFNG,MAFB,False,True,9
mcf7+IFNG_MAFF,0.029694699,0.0028352598,10.473361,0.99084,0.039336737,0.8273877582129602,0.10240164256479502,0.992804719974578,0.9992621105050254,0.993537841110393,1992,1601,,,,,,,,,,,,,mcf7+IFNG_MAFF,mcf7+IFNG,MAFF,False,True,9
mcf7+IFNG_MCRS1,0.03612551,0.021597445,1.6726753,0.98732436,0.35995102,0.7312872752623178,0.3998434839753907,0.9897820026650229,0.9953355833710563,0.9944203936854903,2424,1001,0.19707080721855164,0.2491271048784256,0.7910452485084534,0.8616477251052856,-0.13258551061153412,0.662819785294274,0.003846153846153846,0.9092791628193266,0.8979262792725333,1.0126434472504702,21.0,4.0,mcf7+IFNG_MCRS1,mcf7+IFNG,MCRS1,False,True,9
mcf7+IFNG_MYC,0.030102119,0.0043836106,6.866969,0.9906443,0.06389704,0.8231700092703029,0.11800936089165,0.9926247792118612,0.9988878898510198,0.993729916337165,1960,1593,,,,,,,,,,,,,mcf7+IFNG_MYC,mcf7+IFNG,MYC,False,True,9
mcf7+IFNG_NFKB1,0.027696716,0.0036187482,7.653673,0.99063766,0.09539483,0.791243152111985,0.1462356575604266,0.99257120347074,0.9990649856712016,0.9935001403376189,2048,1531,0.11520703136920929,0.16896313428878784,0.6818471550941467,-1.0,1.0,-0.9999999999999999,0.9999999999999999,0.9752944765097739,0.9994465576764434,0.9758345446475704,1.0,1.0,mcf7+IFNG_NFKB1,mcf7+IFNG,NFKB1,False,True,9
mcf7+IFNG_PARP12,0.028054958,0.0025537198,10.985919,0.9910017,0.092769966,0.8230470076285034,0.14596770289232092,0.9929223109586618,0.9993262852224974,0.9935917083753983,2081,1601,,,,,,,,,,,,,mcf7+IFNG_PARP12,mcf7+IFNG,PARP12,False,True,9
mcf7+IFNG_PIK3CA,0.027868597,0.006516979,4.276306,0.9907483,0.16109167,0.8072308104929068,0.18714678176952604,0.9926701860162195,0.9984133716431081,0.9942476875911258,2034,1452,0.06742692738771439,0.11980022490024567,0.5628280639648438,0.284590482711792,0.6855220198631287,-0.09999999999999999,0.8999999999999998,0.7884119633410944,0.9597548746141283,0.8214722156613972,3.0,2.0,mcf7+IFNG_PIK3CA,mcf7+IFNG,PIK3CA,False,True,9
mcf7+IFNG_PLEK,0.029353058,0.004495941,6.5287905,0.9902756,0.04110461,0.8106025002681103,0.1250328003783671,0.9923248667045423,0.9988439313387549,0.9934733901566833,1994,1540,0.04061266779899597,0.09428836405277252,0.43072831630706787,1.0,1.0,0.9999999999999999,0.9999999999999999,0.918461931199738,0.9857685042853278,0.9317217249354234,1.0,1.0,mcf7+IFNG_PLEK,mcf7+IFNG,PLEK,False,False,9
mcf7+IFNG_PPARG,0.039028604,0.017559292,2.2226753,0.98773277,0.07265786,0.8101167094533418,0.13531487276677862,0.990121046881114,0.9961614057981427,0.9939363652497769,1956,1485,0.18210405111312866,0.20510080456733704,0.8878758549690247,0.6862958073616028,0.15332862734794617,0.5612617914941067,0.2453846153846154,0.900186527704364,0.9586769244979578,0.9389884169536842,18.0,7.0,mcf7+IFNG_PPARG,mcf7+IFNG,PPARG,False,False,9
mcf7+IFNG_PRDM1,0.032063592,0.0025112017,12.768227,0.9905913,0.009028458,0.8346824218878961,0.10987104223279283,0.9926218382380373,0.99933805803378,0.9932793315117439,2016,1609,,,,,,,,,,,,,mcf7+IFNG_PRDM1,mcf7+IFNG,PRDM1,False,True,9
mcf7+IFNG_PTGES3,0.05718082,0.044658605,1.2803986,0.98361194,0.1465932,0.797621882985232,0.19388004443385018,0.9865182449475353,0.9918111215282593,0.9946634228374366,2051,1359,0.39704883098602295,0.423857718706131,0.9367502927780151,0.9307317733764648,-0.3441271185874939,0.7492307692307693,-0.10846153846153846,0.9259294602163651,0.9294100011489195,0.9962551070805653,18.0,7.0,mcf7+IFNG_PTGES3,mcf7+IFNG,PTGES3,False,True,9
mcf7+IFNG_PTPN11,0.029712591,0.0020955775,14.178713,0.99094534,0.047851842,0.8288826579276309,0.1127639359051875,0.9928982346102592,0.9994487071864386,0.9934459142034214,2099,1666,,,,,,,,,,,,,mcf7+IFNG_PTPN11,mcf7+IFNG,PTPN11,False,True,9
mcf7+IFNG_RARRES3,0.03905616,0.023926929,1.6323098,0.9874034,0.1689536,0.7951823993240063,0.20107953087669775,0.9898359695208249,0.9952368062202999,0.9945733149480411,2080,1347,0.23672333359718323,0.23504245281219482,1.0071513652801514,0.6394244432449341,-0.11841055750846863,0.7584615384615384,-0.05538461538461539,0.8387188943951294,0.9382435993505474,0.893924450937572,18.0,7.0,mcf7+IFNG_RARRES3,mcf7+IFNG,RARRES3,False,True,9
mcf7+IFNG_RFX5,0.03186355,0.009266234,3.4386733,0.98990405,0.10380316,0.8129222857784316,0.1397042916367684,0.99198656196751,0.997882117632687,0.9940919317412329,1974,1500,0.045575451105833054,0.22424988448619843,0.20323511958122253,0.7792267799377441,0.8719601035118103,0.6205533596837945,0.6905702992659515,0.9035480713592404,0.9790177215923128,0.9229128864896076,20.0,2.0,mcf7+IFNG_RFX5,mcf7+IFNG,RFX5,False,True,9
mcf7+IFNG_RNF14,0.030414509,0.0048289266,6.2983994,0.990644,0.08350012,0.8167668766784411,0.1317462389693362,0.9926208308292394,0.9987808909977267,0.9938324208802856,1988,1550,,,,,,,,,,,,,mcf7+IFNG_RNF14,mcf7+IFNG,RNF14,False,True,9
mcf7+IFNG_RUNX1,0.030847803,0.0020583747,14.9864855,0.9912009,0.10782139,0.8354652360821582,0.16168186210305668,0.9931103539016316,0.9994589316167516,0.9936479854106157,2155,1587,,,,,,,,,,,,,mcf7+IFNG_RUNX1,mcf7+IFNG,RUNX1,False,True,9
mcf7+IFNG_SOX2,0.08412312,0.071655594,1.1739924,0.9787514,0.11606291,0.7900153701595144,0.15117368079227547,0.9821700113538391,0.9868866054753322,0.9952207334709732,1973,1384,1.0148155689239502,0.7630620002746582,1.3299254179000854,0.9065154790878296,-0.45034271478652954,0.6376430311832617,-0.41692307692307695,0.8860580060505222,0.8917373261667644,0.9936311737216884,16.0,9.0,mcf7+IFNG_SOX2,mcf7+IFNG,SOX2,False,False,9
mcf7+IFNG_SP100,0.02914826,0.0030985158,9.407168,0.9905777,0.031820603,0.8141506908159353,0.12008813273682305,0.9925757263124364,0.9991906882023842,0.9933796802071398,2018,1596,1.2841577529907227,0.9605883955955505,1.3368449211120605,,,,,,,,0.0,1.0,mcf7+IFNG_SP100,mcf7+IFNG,SP100,False,True,9
mcf7+IFNG_SP110,0.02714989,0.006021821,4.5085845,0.9907152,0.16953042,0.7927059404838163,0.1635062714113735,0.9926415166057908,0.9985418123318317,0.9940910879713065,2012,1487,0.05332471430301666,0.1498691737651825,0.35580843687057495,0.8290362358093262,0.7413724660873413,0.3714285714285715,1.0,0.930865395176335,0.9893794540449138,0.940857818878941,5.0,1.0,mcf7+IFNG_SP110,mcf7+IFNG,SP110,False,True,9
mcf7+IFNG_SRC,0.027580133,0.002347682,11.747815,0.9910628,0.07691817,0.8205237155979191,0.13407727130823388,0.9929581987917129,0.9993809042266761,0.9935733158320319,2067,1599,,,,,,,,,,,,,mcf7+IFNG_SRC,mcf7+IFNG,SRC,False,True,9
mcf7+IFNG_STAT1,0.030462189,0.0037584282,8.105034,0.9901169,0.028917432,0.8202400030612698,0.10468383068840227,0.9922165945105657,0.99901314366683,0.9931967370005584,2022,1587,,,,,,,,,,,,,mcf7+IFNG_STAT1,mcf7+IFNG,STAT1,False,True,9
mcf7+IFNG_STAT2,0.031906024,0.008609884,3.7057436,0.989064,0.07667834,0.8064482748009869,0.14985332890848022,0.991314948573438,0.9979496195774412,0.9933516974465981,2009,1458,0.10566792637109756,0.10233111679553986,1.032607913017273,0.684572160243988,0.05906249210238457,0.7015384615384616,-0.11307692307692309,0.9108395189157525,0.9678011584957337,0.9411432409643761,18.0,7.0,mcf7+IFNG_STAT2,mcf7+IFNG,STAT2,False,True,9
mcf7+IFNG_STAT3,0.029432053,0.0036207645,8.128685,0.99071586,0.05787798,0.8256753741363141,0.1096913649468602,0.9926910734209314,0.9990648970065399,0.9936202106542767,1962,1615,0.01227619033306837,0.13127535581588745,0.0935148149728775,,,,,,,,1.0,0.0,mcf7+IFNG_STAT3,mcf7+IFNG,STAT3,False,True,9
mcf7+IFNG_TAPBPL,0.05296718,0.022097409,2.396986,0.9881108,0.016418438,0.8224536627963022,0.0031085204359878106,0.9902746445518112,0.9956563638622589,0.9945948024782654,1710,1736,0.28362151980400085,0.2642868459224701,1.0731579065322876,0.8771927356719971,-0.4570426642894745,0.7461538461538462,-0.3776923076923077,0.9438253383852422,0.951454650710975,0.9919814230557055,13.0,12.0,mcf7+IFNG_TAPBPL,mcf7+IFNG,TAPBPL,False,False,9
mcf7+IFNG_TBX21,0.029655319,0.0027173264,10.913418,0.99105006,0.08027976,0.8302301121810356,0.12063349589478285,0.9929730200147607,0.9992905533579814,0.9936779815219993,1973,1616,,,,,,,,,,,,,mcf7+IFNG_TBX21,mcf7+IFNG,TBX21,False,True,9
mcf7+IFNG_TRAFD1,0.029360263,0.002709466,10.836181,0.9907578,0.029156124,0.8191720296944976,0.10134153402926895,0.9927359828891167,0.9992902324465034,0.9934410951447605,1976,1637,0.09166788309812546,0.0862758532166481,1.0624974966049194,,,,,,,,0.0,1.0,mcf7+IFNG_TRAFD1,mcf7+IFNG,TRAFD1,False,True,9
mcf7+IFNG_TSC22D1,0.028705707,0.0056919525,5.043209,0.9905404,0.10778122,0.8133971972313947,0.1362213954173007,0.992526200180056,0.9985986487570394,0.9939190298479356,1961,1528,,,,,,,,,,,,,mcf7+IFNG_TSC22D1,mcf7+IFNG,TSC22D1,False,True,9
mcf7+IFNG_ZC3H3,0.034886,0.0052213906,6.6813617,0.99024534,0.020411253,0.822837175900548,0.06323007292286469,0.9922977671130405,0.9987094385193261,0.9935800432448185,1851,1669,,,,,,,,,,,,,mcf7+IFNG_ZC3H3,mcf7+IFNG,ZC3H3,False,False,9
mcf7+IFNG_ZFP36,0.028037805,0.0049656243,5.646381,0.99070394,0.11811486,0.7988073732688405,0.1495052816901543,0.9926490530407135,0.9987819637338382,0.9938596100892757,1997,1525,0.1660757064819336,0.16190654039382935,1.0257503986358643,1.0,-1.0,0.9999999999999999,-0.9999999999999999,0.9996652002756176,0.9920854944091106,1.0076401740668746,1.0,1.0,mcf7+IFNG_ZFP36,mcf7+IFNG,ZFP36,False,True,9
mcf7+IFNG_ZNF267,0.031484094,0.009741378,3.2319958,0.9892515,0.09266925,0.7957282409862061,0.16072284055031705,0.991457553729692,0.9976873052063908,0.9937558076120754,2042,1433,0.15877993404865265,0.13067090511322021,1.2151131629943848,0.9576157927513123,-0.40003734827041626,0.6512791041806186,-0.19846153846153847,0.960803554323773,0.9593270359025381,1.0015391189510736,20.0,5.0,mcf7+IFNG_ZNF267,mcf7+IFNG,ZNF267,False,True,9
mcf7+IFNG_ZNFX1,0.027255991,0.0043813423,6.2209225,0.99092114,0.1304232,0.8053322295444411,0.16583019378886227,0.9928247773860386,0.9988888287335357,0.9939292029572645,2062,1468,0.36141374707221985,0.3823418617248535,0.9452633261680603,0.999815821647644,-0.6501947045326233,1.0,-0.5,0.9994749683485493,0.9937799306277155,1.0057306829664356,2.0,1.0,mcf7+IFNG_ZNFX1,mcf7+IFNG,ZNFX1,False,True,9
mcf7+TGFB_RBL1,0.00961315,0.019587459,0.49078086,0.9964479,0.65528053,0.8322502371458724,0.574841017326038,0.9970922189091169,0.9954245577175873,1.00167532655147,2299,679,,,,,,,,,,,,,mcf7+TGFB_RBL1,mcf7+TGFB,RBL1,True,False,9
mcf7+TGFB_RELA,0.005457839,0.007846214,0.6956016,0.9982197,0.6230707,0.8453148116116009,0.5045937357069807,0.9985696423138939,0.9979554126642908,1.0006154880687137,2233,835,0.1401931345462799,0.5779908895492554,0.2425525039434433,,,,,,,,1.0,0.0,mcf7+TGFB_RELA,mcf7+TGFB,RELA,True,False,9
mcf7+TNFA_ARID5B,0.003889134,0.008507069,0.45716494,0.99866116,0.7029118,0.8963126837998693,0.45261705201568336,0.998927457987798,0.9978287769032413,1.0011010717569866,2572,1246,0.052341192960739136,0.2629472315311432,0.19905588030815125,0.9651924967765808,0.8652889728546143,0.9044047099401267,0.8523076923076923,0.9759326908627408,0.9727485605661406,1.0032733333419142,25.0,0.0,mcf7+TNFA_ARID5B,mcf7+TNFA,ARID5B,True,False,9
mcf7+TNFA_CASP3,0.01318372,0.011746705,1.1223335,0.99609506,0.35441232,0.849249676421753,0.39087886242745207,0.9969139636117289,0.9971329929742957,0.9997803408731734,2600,1193,0.10538352280855179,0.2264769971370697,0.46531668305397034,0.9475303888320923,0.8418226838111877,0.7601461960194345,0.4946153846153846,0.9701718508444513,0.962154754338757,1.0083324397344002,25.0,0.0,mcf7+TNFA_CASP3,mcf7+TNFA,CASP3,True,False,9
mcf7+TNFA_IKBKE,0.009743918,0.00469825,2.0739462,0.99723756,0.003202186,0.9006476551538773,0.2062499185274194,0.9977865241140172,0.9987461276551585,0.9990391917279378,2340,1544,0.010342719033360481,0.024599408730864525,0.42044582962989807,0.8862519264221191,-0.28477296233177185,0.8928571428571429,-0.07142857142857144,0.974435042924221,0.952834719553977,1.0226695385117317,7.0,0.0,mcf7+TNFA_IKBKE,mcf7+TNFA,IKBKE,True,False,9
mcf7+TNFA_MAPK9,0.0016611591,0.0030152022,0.55092794,0.9994357,0.6988367,0.9192384427987043,0.4307374405528707,0.9995595046449184,0.9992059907819125,1.000353794779322,2618,1324,0.01394638605415821,0.13647598028182983,0.1021893098950386,0.9802486896514893,0.9515206813812256,0.945054945054945,0.9065934065934067,0.987866697662543,0.9850185578009839,1.002891458073559,13.0,0.0,mcf7+TNFA_MAPK9,mcf7+TNFA,MAPK9,True,False,9
